Date,Open,High,Low,Close,Volume
2010-12-08,2035314.5196926033,2112744.9633765607,2020230.6670268972,2093638.75,3
2010-12-09,2047381.2696793003,2097157.975400875,2045872.8846574344,2069504.25,6
2010-12-10,2091125.3250427768,2126823.7857492054,2043862.57424835,2056935.25,5
2010-12-13,1992073.9429158366,2030789.160887699,1967436.9860246514,2019224.875,1
2010-12-14,2010677.528704857,2039839.643399751,1981012.6189290164,2018722.25,1
2010-12-15,2057940.2986911621,2101180.676332853,2023247.4375600384,2093638.75,1
2010-12-16,2107716.7914239103,2199225.4879981354,2107716.7914239103,2157493.5,1
2010-12-17,2142912.374504315,2200733.8017844646,2133359.2691275952,2155482.25,0
2010-12-20,2125817.610663507,2166544.0123815164,2106711.3975118482,2121795.25,1
2010-12-21,2108722.6955597545,2156488.231105338,2107717.1053377423,2128834.5,0
2010-12-22,2126319.9767576316,2175593.8849444957,2126319.9767576316,2174085.5,0
2010-12-23,2173583.1351843155,2188666.9876144635,2113247.7254637238,2141404.25,0
2010-12-27,2139895.682819383,2208275.8080222583,2139895.682819383,2168555.0,0
2010-12-28,2084588.719875092,2123303.946944649,2047381.8782757777,2052912.625,1
2010-12-29,2039839.625,2057437.4526743898,2021236.2071727877,2039839.625,0
2010-12-30,2033805.917394999,2082577.0358096627,2021738.8365501335,2071012.75,0
2010-12-31,2052409.8622461616,2059951.7897164437,2013191.8394006933,2030286.875,0
2011-01-03,1995593.6192796612,2098666.607929782,1995593.6192796612,2076543.625,1
2011-01-04,2120789.2713204953,2261571.8687528656,2113750.141448877,2193191.75,1
2011-01-05,2243974.2545820293,2300790.093875726,2225873.633214126,2249505.0,1
2011-01-06,2246991.3965242347,2378723.7182716834,2246991.3965242347,2365148.25,1
2011-01-07,2394813.323841904,2394813.323841904,2288220.750956226,2366154.0,1
2011-01-10,2355091.905240642,2401851.842727273,2342019.2345454544,2350566.75,0
2011-01-11,2281683.6594654787,2315873.7187082404,2254532.730066815,2257549.5,0
2011-01-12,2245985.627081945,2315371.3482678216,2245985.627081945,2264086.25,0
2011-01-13,2250007.6482830383,2441572.5452653486,2249504.8532778355,2415930.0,1
2011-01-14,2459673.1840368076,2537606.410432087,2459673.1840368076,2513472.25,1
2011-01-18,2449617.713694663,2461182.0009309063,2406377.3353330577,2430511.5,1
2011-01-19,2378220.796770262,2503416.7752894578,2377718.0016758074,2475260.25,1
2011-01-20,2575819.2007620744,2643696.5367181315,2530064.8483768804,2540120.75,2
2011-01-21,2553193.55125969,2598445.110852713,2513975.5329457363,2594422.75,1
2011-01-24,2602467.195214584,2674366.887818078,2545148.559153057,2647718.75,2
2011-01-25,2711573.7735150834,2738221.9118418586,2658277.496861533,2683417.25,2
2011-01-26,2686936.931406473,2691964.8822511705,2467215.479493181,2470232.25,3
2011-01-27,2482299.01049323,2634143.106334623,2481796.215473888,2599450.25,3
2011-01-28,2637160.2261716435,2641685.3819458177,2448612.068914376,2542634.75,3
2011-01-31,2555204.630922207,2622579.172548255,2525539.7208032752,2578836.0,1
2011-02-01,2511461.2057911064,2564757.4796277145,2407382.6332988623,2431014.0,2
2011-02-02,2425986.3307434493,2510455.906611822,2419449.994515539,2475260.25,1
2011-02-03,2450622.919344404,2505427.5763424626,2320399.009596722,2331460.5,2
2011-02-04,2301293.2696109693,2379729.3085140307,2294254.1379145407,2365148.25,1
2011-02-07,2326935.4662563666,2373192.610356536,2316376.7703204583,2369170.25,1
2011-02-08,2295259.220660147,2310343.0709602134,2256544.0048899753,2262074.75,1
2011-02-09,2266599.9426353243,2355091.8658615486,2239951.806663791,2331460.5,1
2011-02-10,2385762.787484117,2433528.3227445995,2351572.7201397712,2374198.5,1
2011-02-11,2364646.128841731,2411908.883702697,2314366.602393895,2404869.75,0
2011-02-14,2357102.773206978,2360622.3379280637,2317381.9713547276,2334477.0,1
2011-02-15,2277662.1198568875,2282187.2763864044,2228890.988372093,2248500.0,1
2011-02-16,2226879.4508938673,2286712.0665308894,2213303.9834804256,2221851.5,2
2011-02-17,2190678.332852527,2212298.522963305,2175594.479286868,2178611.25,1
2011-02-18,2144924.265219443,2154980.1689476166,2084086.0476639925,2130846.0,1
2011-02-22,2043861.6136521942,2170063.154864175,2035314.0989087531,2165538.0,1
2011-02-23,2133862.374005305,2149951.816976127,2050901.1836870026,2085091.25,2
2011-02-24,2065985.2095146293,2221851.7013495127,2064979.6192447268,2216823.75,3
2011-02-25,2178108.4632875416,2178108.4632875416,2122801.0,2122801.0,1
2011-02-28,2100175.6390246884,2121795.8335370324,2056935.25,2056935.25,1
2011-03-01,2021738.852149521,2027772.3926185074,1971962.1432803834,1994085.125,1
2011-03-02,1965425.86787614,2015705.3733219353,1965425.86787614,1985034.875,0
2011-03-03,2037828.6286601871,2093136.092058317,2033303.4725639764,2043359.375,1
2011-03-04,2032800.3716620915,2032800.3716620915,1988051.6125530323,2014699.75,1
2011-03-07,1886989.9861795122,2054923.547432898,1886989.9861795122,2041850.875,0
2011-03-08,2056431.8913280116,2131851.153846154,2053415.120827286,2078554.875,1
2011-03-09,2061962.8747327155,2135873.760513186,2051404.176764077,2116264.75,0
2011-03-10,2213806.6978241564,2281181.2373445826,2201236.8210479575,2264589.0,1
2011-03-11,2307829.2138908086,2318890.7046763417,2152968.3428933425,2182633.25,1
2011-03-14,2186153.1634946116,2237438.2653061226,2171572.105136437,2192689.5,0
2011-03-15,2398835.1126977154,2411907.7836115994,2274644.739015817,2288723.0,1
2011-03-16,2294254.175415527,2429003.270092573,2250008.2040290344,2389785.25,2
2011-03-17,2343527.6645271718,2393807.1681643133,2326432.633290543,2350064.0,0
2011-03-18,2287214.0524336286,2310845.4132743366,2236431.7663716814,2272633.0,1
2011-03-21,2182633.206255825,2219840.0381523767,2157996.25,2157996.25,0
2011-03-22,2180119.4712373796,2198220.094153557,2118275.676273773,2141404.25,0
2011-03-23,2122801.017217457,2130845.7392154387,1980509.9968781534,1993079.875,1
2011-03-24,2008666.0099887275,2021738.6798910322,1920174.0906500502,2007157.625,1
2011-03-25,2003135.3290640395,2058442.7804187192,1969950.8582512315,2041347.75,1
2011-03-28,2087102.4945846228,2115259.0206498452,2043862.1152701739,2112242.25,1
2011-03-29,2114755.9255547603,2139895.677403961,2053917.7260796945,2107214.0,0
2011-03-30,2053415.1500744785,2096152.7327768123,2021739.05936569,2025258.625,1
2011-03-31,1985537.7583102493,2001627.2007680687,1964420.3650843618,1996599.25,0
2011-04-01,2010174.654023418,2040845.1527466367,1988554.4663988538,2018219.375,1
2011-04-04,1993079.9443056944,2018722.4965659343,1957884.2843406594,2013191.75,0
2011-04-05,2013191.6554819113,2022241.9676194421,1818609.9445249932,1820621.125,1
2011-04-06,1787939.5378640776,1837716.2572815532,1769838.912621359,1812576.5,1
2011-04-07,1823134.605107379,1837715.659588381,1776374.671771751,1826151.375,1
2011-04-08,1762296.8778735632,1781905.8873563218,1737157.1221264368,1749727.0,1
2011-04-11,1756765.8584558824,1877436.6672794118,1756263.0634191178,1846263.375,1
2011-04-12,1869894.8354760022,1935760.9885944093,1847771.852749209,1906598.875,1
2011-04-13,1869895.0335908853,1938777.9643792564,1862855.9019774753,1919671.75,1
2011-04-14,1907604.4846308725,1924196.7218456378,1853302.6173825504,1872911.625,1
2011-04-15,1874923.1420090715,1906096.4417689436,1858330.901814301,1884476.25,1
2011-04-18,1886487.016749542,1997604.722160429,1886487.016749542,1921179.875,1
2011-04-19,1918163.37647929,1936264.000739645,1866375.479289941,1869392.25,1
2011-04-20,1821626.5718331968,1842743.96515834,1780900.1704204204,1841738.375,1
2011-04-21,1804531.4694622012,1832687.9928085047,1790956.002848805,1809056.625,1
2011-04-25,1796989.760659428,1908610.2774099577,1796989.760659428,1898554.375,1
2011-04-26,1918162.92009514,1976989.9349447158,1918162.92009514,1955369.75,1
2011-04-27,1927213.141815235,1996096.0534846028,1852799.48541329,1861347.0,1
2011-04-28,1841235.7646312132,1890509.687332977,1806040.1055585248,1881459.375,1
2011-04-29,1875928.2887764934,1884978.5994701348,1810062.1387283239,1826654.375,0
2011-05-02,1871905.794615186,1978498.3351627067,1830676.6044034092,1946822.25,1
2011-05-03,1973973.5132985185,2113247.752520039,1958889.660675249,2070007.375,2
2011-05-04,2061460.3086194303,2152969.034514244,2025761.8496165085,2064979.875,2
2011-05-05,2133862.3593573207,2279170.140190088,2089616.3914912876,2221851.5,3
2011-05-06,2157493.9206457483,2230902.010231924,2098666.8899499774,2211293.0,2
2011-05-09,2159504.8645857917,2202242.446306349,2126320.389367477,2130342.75,1
2011-05-10,2118275.3546227296,2165538.08506055,2111236.224557522,2159001.75,1
2011-05-11,2176097.285495515,2334477.7487420696,2153471.5050317217,2298276.5,2
2011-05-12,2357103.9413034096,2415930.9807941304,2276656.707811826,2329953.0,2
2011-05-13,2322410.487627443,2437550.561597281,2272633.774426508,2367159.25,1
2011-05-16,2361628.6239004503,2395818.691267968,2258052.8315812056,2343528.0,2
2011-05-17,2377215.3340625684,2415427.7632903084,2287717.8024502294,2298276.5,1
2011-05-18,2265091.5249445676,2290734.0705099776,2220845.563968958,2267605.5,2
2011-05-19,2265091.6211680467,2292745.3479525624,2229895.968896845,2246991.0,2
2011-05-20,2246990.8499662085,2330454.8197792294,2175091.1651272806,2231907.0,1
2011-05-23,2264086.0496343896,2297270.5220474186,2193191.949479282,2269114.0,1
2011-05-24,2223359.2588850176,2224364.848780488,2140900.887456446,2164532.25,1
2011-05-25,2151962.665566816,2175091.236271506,2095146.8288357295,2133359.25,1
2011-05-26,2129336.5,2180621.5821723733,2122297.3710743804,2129336.5,1
2011-05-27,2100677.998416951,2100677.998416951,2052409.6671943497,2064476.75,2
2011-05-31,2029280.6645802653,2098163.58109352,2024755.5094808543,2048386.875,2
2011-06-01,2056431.8693800285,2127325.9753904403,2032297.7056318033,2124812.0,1
2011-06-02,2118275.3300885987,2212800.7898694333,2078554.5251806946,2156487.75,1
2011-06-03,2185147.8766821343,2203248.503364269,2131851.5870069605,2167047.25,2
2011-06-06,2189169.6540398514,2308332.0812349464,2157996.3608495733,2296265.0,2
2011-06-07,2257046.730576714,2326432.439825898,2238443.31577802,2310343.0,1
2011-06-08,2360622.2557351408,2461181.2442648592,2330957.354118874,2410901.75,2
2011-06-09,2388276.8455469087,2421964.118947255,2293751.361975789,2325930.25,1
2011-06-10,2378220.660859587,2448611.970060505,2373192.7102023787,2409896.75,1
2011-06-13,2433024.8485246566,2520008.377930477,2390287.2762732417,2487829.5,2
2011-06-14,2460175.582654978,2460678.3775829677,2374700.4448966812,2408890.5,2
2011-06-15,2441070.0654909243,2483807.646452145,2348052.9775165017,2437550.5,2
2011-06-16,2450623.5402717604,2614031.962632926,2441573.2276486806,2553193.75,3
2011-06-17,2551685.1235364163,2569282.951974598,2463695.9813455055,2533584.5,1
2011-06-20,2533081.755412991,2533081.755412991,2466712.8011226943,2507942.0,1
2011-06-21,2461684.367390837,2511963.868358787,2324924.1247580126,2337494.0,1
2011-06-22,2333471.7280092593,2336488.498181217,2219337.2565035275,2280678.25,2
2011-06-23,2394813.214539007,2454645.835267569,2337997.3646034813,2339505.75,2
2011-06-24,2348052.993663124,2470734.99161897,2348052.993663124,2459673.5,2
2011-06-27,2494869.4580783355,2530065.11750306,2436042.4273255817,2464701.75,2
2011-06-28,2437549.956302521,2480790.3226890755,2377717.356302521,2393304.0,2
2011-06-29,2356600.3552775946,2364142.280886548,2236935.1356155365,2291237.0,1
2011-06-30,2269114.3439849624,2320399.4454887216,2256041.6710526315,2273639.5,2
2011-07-01,2309337.6219473006,2401349.1143958867,2308834.826906598,2347047.25,2
2011-07-05,2232912.4425629294,2272130.4498855835,2171571.456750572,2197214.0,1
2011-07-06,2162521.527431861,2176096.9938909775,2116767.1775140977,2139895.75,1
2011-07-07,2111236.987730061,2131348.795186409,2080566.4813591316,2130846.0,1
2011-07-08,2105705.2080679405,2153470.727353149,2082073.8458952582,2131347.75,1
2011-07-11,2118275.437139229,2202242.206187947,2090118.9157815748,2177605.25,2
2011-07-12,2182130.513530135,2182130.513530135,2013694.1720479704,2043861.875,2
2011-07-13,1982521.1062384595,1986040.6719862833,1858833.5099577948,1906096.25,3
2011-07-14,1858833.4713141443,1941291.867120344,1854308.315446731,1930230.375,3
2011-07-15,1918666.445009366,1925705.5776692536,1875928.8538600483,1878945.625,1
2011-07-18,1838218.5048382638,1840732.4798175285,1796989.3151783247,1818609.5,2
2011-07-19,1806542.6564928973,1896040.1774658267,1802017.5009380863,1875928.375,3
2011-07-20,1899056.7977608875,1913637.8533963298,1823134.749452205,1835704.625,2
2011-07-21,1825648.4479308005,1870397.198100407,1809056.2147218452,1852799.375,1
2011-07-22,1831179.273561301,1844251.9427300526,1794978.0358632193,1808553.5,1
2011-07-25,1769336.0235849055,1845760.8816652994,1754252.1700164068,1838721.75,1
2011-07-26,1842743.574726402,1863358.1686046512,1820117.8009575922,1837715.625,2
2011-07-27,1812575.9749999999,1951850.19,1797492.125,1948330.625,2
2011-07-28,1970957.0,2032800.8038265307,1959392.711479592,1970957.0,3
2011-07-29,1988052.049779574,2060957.34750796,1986040.8691525839,2052912.625,2
2011-08-01,2052912.3363681717,2063471.0331753555,1957884.0651035171,2015705.5,3
2011-08-02,1964420.2114241407,1996096.298785216,1902576.4218144224,1945314.0,3
2011-08-03,1899559.8011559926,1911124.0879285145,1855816.6294512355,1892017.875,1
2011-08-04,1863861.3615954146,2166041.204681156,1862855.7714353953,2105203.0,3
2011-08-05,2085593.1969447709,2259057.4334312575,2011179.55346651,2139392.25,6
2011-08-08,2066487.7197609004,2147437.7253281763,1941291.7484177216,2144923.75,5
2011-08-09,2060956.9936619718,2179616.63028169,1963414.75,1963414.75,4
2011-08-10,1963917.27,2024755.4649999999,1776877.53,1835201.75,2
2011-08-11,1878442.2906172154,1943805.64655411,1794978.3130362579,1816598.5,3
2011-08-12,1859838.8253252914,1912632.303740851,1842240.9991867715,1854810.875,1
2011-08-15,1864866.9852096497,1889503.944572085,1745201.7540206776,1750732.5,3
2011-08-16,1751235.097734309,1800509.0109062763,1732631.6815367294,1786430.75,1
2011-08-17,1782408.7567954222,1782408.7567954222,1710509.052360515,1757269.0,1
2011-08-18,1736654.240525588,1842241.209405256,1736654.240525588,1817604.25,2
2011-08-19,1770341.2565559442,1770341.2565559442,1694419.208916084,1725592.5,2
2011-08-22,1673804.871044304,1686877.5435126582,1568217.901107595,1588832.5,2
2011-08-23,1651681.7645753182,1736151.3342704943,1618497.290766499,1698944.5,3
2011-08-24,1734643.0906205925,1845258.0123413259,1715034.0817700988,1782408.625,7
2011-08-25,1836207.5430076069,1864364.0661205384,1692408.1571094207,1718553.5,3
2011-08-26,1697938.9747692307,1795481.2196923078,1631067.2295384614,1634084.0,1
2011-08-29,1619000.0362756953,1697938.8579201936,1618497.2412333738,1663246.0,4
2011-08-30,1624530.9429509223,1654698.6484839013,1593357.6472335106,1608441.5,2
2011-08-31,1608944.1643323996,1660732.0546218487,1583804.4117647058,1615480.5,1
2011-09-01,1618497.2120960075,1639111.808460076,1560675.783269962,1586821.125,1
2011-09-02,1542072.31102034,1543580.696065355,1490284.424474825,1507882.25,4
2011-09-06,1494306.965151515,1534027.7761363636,1427435.2200757575,1493301.375,9
2011-09-07,1575257.254867931,1590843.9050118523,1484251.329834067,1484754.125,4
2011-09-08,1431457.4650702989,1456094.4217926187,1416876.4090509666,1430451.875,3
2011-09-09,1455088.9285591766,1485256.6326758147,1418384.8885506003,1465647.625,3
2011-09-12,1516932.8626257707,1619503.0661311261,1474698.0729470951,1549111.75,7
2011-09-13,1573245.4776771006,1599390.8163920923,1510898.9007413508,1525982.75,3
2011-09-14,1542575.1620722434,1590843.4852661598,1531513.6713403042,1586821.125,3
2011-09-15,1609949.8009883903,1673301.979290869,1597882.719406966,1602407.875,4
2011-09-16,1601402.2511385817,1601402.2511385817,1530005.3532856214,1545592.0,4
2011-09-19,1540564.2098329049,1576765.4575835473,1505871.3474052055,1564698.375,5
2011-09-20,1559670.3464519463,1576262.5841801586,1422407.2888821908,1459614.125,8
2011-09-21,1468161.617549669,1518441.125,1403301.0529387419,1518441.125,8
2011-09-22,1676318.913218391,1784419.8629310345,1673302.1425287356,1749727.0,6
2011-09-23,1873917.7088442473,2011180.7983302895,1842241.6112705453,1927214.0,4
2011-09-26,1968442.329821718,2021235.8022690436,1848777.1256077795,1861347.0,4
2011-09-27,1723078.510876841,1897548.3805220884,1707994.6604752343,1877939.375,5
2011-09-28,1861347.062638581,2045370.0299334812,1824140.2331855136,2040844.875,6
2011-09-29,1967436.6740715355,2077045.9751059322,1944810.9009222335,2017213.375,7
2011-09-30,2050398.148602719,2063470.8194864048,1895537.278134441,1997101.875,3
2011-10-03,1917660.5557531894,2051404.055446516,1882464.897939156,2049392.875,7
2011-10-04,2106711.271235078,2349561.281737833,2104700.091023875,2190175.25,8
2011-10-05,2190677.9852811396,2220342.8925869893,1983526.4291792738,1994085.125,5
2011-10-06,1991068.0792682928,2046878.3208841463,1894531.4451219512,1896542.625,3
2011-10-07,1860341.7994436014,2029783.7417172485,1857325.0289580172,1988051.75,3
2011-10-10,1893526.4467737544,1928219.3105091206,1846263.7048734005,1846766.5,3
2011-10-11,1879447.3780737706,1914643.0218579236,1830173.4767759563,1840229.375,2
2011-10-12,1793972.7285357045,1842241.0530702975,1779391.6721658795,1809559.375,5
2011-10-13,1841738.4234400108,1917157.687299143,1840230.038162828,1877436.875,4
2011-10-14,1835704.5865713067,1848777.2568673498,1766318.875,1766318.875,3
2011-10-17,1770844.5457018497,1857828.1079978235,1765313.7989662676,1848275.0,3
2011-10-18,1906598.5879120878,1999112.8653846153,1811570.3355082418,1830173.75,5
2011-10-19,1858833.296894219,2049895.415590406,1857324.9117466174,2043861.875,3
2011-10-20,2084085.5509987895,2158499.2208535112,2027772.5035411625,2076543.625,5
2011-10-21,1992074.0275418435,2048387.0742568073,1963917.5041843615,2012688.625,2
2011-10-24,1967940.0335051548,1970454.0090206186,1842241.2577319588,1853302.75,2
2011-10-25,1846263.5388349514,1925202.366611936,1710508.8668617932,1760788.375,3
2011-10-26,1715536.793218859,1806542.7016516298,1688385.8592112921,1727603.875,6
2011-10-27,1678329.9525431427,1715033.9928474114,1629056.0354223433,1660732.125,2
2011-10-28,1682855.333558702,1689894.4655186129,1565704.0659401845,1580285.125,2
2011-10-31,1622016.9026442308,1673302.0,1621514.1075721155,1673302.0,1
2011-11-01,1790453.2345291479,1828665.6596412554,1644139.869955157,1681849.5,4
2011-11-02,1630564.5755395682,1661235.0778855176,1559167.6684391617,1607436.0,4
2011-11-03,1547603.4054054054,1595368.942609276,1506374.2048715383,1506877.0,4
2011-11-04,1540061.2967978267,1593860.3691965754,1520955.0841702337,1526988.625,2
2011-11-07,1500340.421496312,1500340.421496312,1430451.9099051633,1431457.5,2
2011-11-08,1438999.7421016484,1464642.2951579671,1412854.3938873627,1464139.5,3
2011-11-09,1497826.450081169,1550619.9301948054,1442016.1996753248,1548608.75,5
2011-11-10,1533524.9740498245,1620508.5217582243,1524474.6627275632,1574251.375,6
2011-11-11,1542575.2445017183,1545592.014862543,1450563.7484965636,1463133.625,2
2011-11-14,1474195.1005642216,1533022.121971457,1461625.2241951544,1514921.5,2
2011-11-15,1521457.876707764,1553636.7610796401,1495312.5331556147,1508888.0,3
2011-11-16,1547603.089406643,1563692.5302321832,1501848.7420590133,1559167.375,2
2011-11-17,1595871.5765610996,1697938.9773304453,1582798.9045413805,1682855.125,4
2011-11-18,1667268.4127906978,1748721.2122093025,1646151.0203488374,1729615.0,4
2011-11-21,1788944.8893718452,1861347.3806786316,1783916.9385866516,1792967.25,5
2011-11-22,1756263.300334108,1778386.2849360835,1695425.092678675,1730620.75,4
2011-11-23,1777380.4809415494,1845760.606940998,1765313.3998828232,1823637.625,3
2011-11-25,1857828.358682514,1871906.625,1804029.269540693,1871906.625,2
2011-11-28,1750229.7449730954,1801012.0501274425,1727101.1703483432,1775369.5,3
2011-11-29,1769335.912006579,1778889.0186641878,1719056.4032823227,1757771.625,3
2011-11-30,1621514.0889303482,1624028.0642620232,1508887.9940713102,1515927.125,5
2011-12-01,1514418.5499669092,1571234.3853408338,1471680.9746856387,1519446.5,5
2011-12-02,1486765.0555513708,1676318.801220247,1478720.334249774,1668776.875,2
2011-12-05,1674307.649072438,1735648.6500294462,1566206.7047629564,1707492.125,3
2011-12-06,1748721.11296354,1772855.2743845435,1565200.9271579932,1613469.25,7
2011-12-07,1602910.6845070422,1665760.0683098591,1583804.471830986,1606430.25,3
2011-12-08,1674307.546389528,1768833.017476985,1667771.2106228422,1747715.625,4
2011-12-09,1730620.6909454654,1763805.1667160639,1674307.6411529342,1696430.625,4
2011-12-12,1827660.515620819,1924699.9872892697,1827660.515620819,1878945.625,4
2011-12-13,1864451.8951030928,2080520.209826031,1788536.0007409793,2059815.875,4
2011-12-14,2173955.6665079743,2332688.937395858,2147411.6412758864,2230229.0,7
2011-12-15,2160683.551369863,2340652.0339041096,2142633.6150684934,2325256.5,4
2011-12-16,2222796.2813784764,2274822.561668682,2123521.644498186,2195190.5,3
2011-12-19,2214302.192324855,2395332.4123159307,2208993.388219545,2379406.0,4
2011-12-20,2207931.8638465386,2211648.0271182205,2091669.0414896277,2124052.75,8
2011-12-21,2100163.2781786514,2187227.6810151776,2075742.7749440158,2133608.75,3
2011-12-22,2173424.748603352,2264205.3133349526,2167585.063152781,2185635.0,4
2011-12-23,2157497.8345341613,2177140.408322981,2133077.3373913043,2136793.5,1
2011-12-27,2176610.069031183,2257834.786241371,2161745.414901214,2230229.0,1
2011-12-28,2246154.921336207,2474433.488146552,2236068.1939655175,2463285.0,3
2011-12-29,2551411.525074422,2594943.7233798946,2317293.2390657202,2318355.0,4
2011-12-30,2238722.6428403757,2311984.137910798,2181918.4401408453,2261550.5,2
2012-01-03,2087421.8753737428,2089545.3971187822,1929219.5053683065,1953109.125,2
2012-01-04,1974344.0572252374,2004604.2377204883,1882501.7550203528,1956294.125,2
2012-01-05,2012037.2454458945,2067248.821574225,1902144.9737289287,1952578.625,3
2012-01-06,1919663.5427055703,2017345.5371352786,1902675.3697612733,2001419.125,2
2012-01-09,1978061.141821112,2018408.0679559496,1935590.6932581253,1976468.5,1
2012-01-10,1841624.366770274,1885687.4461712348,1815080.3430347554,1878786.0,2
2012-01-11,1882502.1243345477,1960010.6720369852,1878785.9610885403,1894712.375,1
2012-01-12,1847995.108424225,1893119.9530711824,1778449.7596153845,1849587.75,2
2012-01-13,1919663.8804979254,1999826.8356846473,1914355.0755186724,1919133.0,2
2012-01-17,1866575.6845238097,2043889.7569444445,1865513.9236111112,2006728.125,2
2012-01-18,2029556.4371847624,2035927.0040814972,1966912.5293668702,1999827.125,2
2012-01-19,2010975.3444222112,2189882.0738494247,1988147.482803902,2122460.25,3
2012-01-20,2141041.123244734,2177140.99837011,2053976.7185305916,2117151.5,3
2012-01-23,2082644.5167410714,2088484.203125,1993456.5792410714,2021593.25,3
2012-01-24,2076804.2084770822,2169708.2822203054,2074680.686791523,2154312.75,2
2012-01-25,2192536.4769948027,2226512.829180679,1706780.8168373585,1736510.125,6
2012-01-26,1653161.8829164028,1702533.7695930968,1583616.537167511,1676520.625,5
2012-01-27,1677582.1739130435,1678643.9347826086,1535837.097826087,1562912.0,5
2012-01-30,1617592.6847826086,1661655.7608695652,1574060.4891304348,1611753.0,3
2012-01-31,1521503.2284795514,1666964.458278364,1502922.4144541556,1609629.375,5
2012-02-01,1556541.4242122718,1611752.9890547262,1551232.6199004974,1600604.5,2
2012-02-02,1556541.7235970723,1589987.1971941444,1485934.6126699199,1523096.25,6
2012-02-03,1577245.6325431035,1641482.1594827587,1564504.5032327587,1601135.25,5
2012-02-06,1640420.4444990177,1652099.8133595285,1576714.7961689588,1621308.75,3
2012-02-07,1636173.494607212,1704126.1900354153,1586270.733902125,1648914.625,5
2012-02-08,1634581.1955803712,1696163.3387071406,1597950.4380308273,1687669.25,3
2012-02-09,1626087.0059803,1706249.9631801124,1602197.3829737336,1697755.875,2
2012-02-10,1777387.8859832636,1818265.6838389123,1746596.8174686194,1776326.125,3
2012-02-13,1752436.4693703703,1812425.9637777777,1738102.6963703702,1791721.625,3
2012-02-14,1796499.4705544382,1907453.4863185864,1773140.730393565,1847994.875,4
2012-02-15,1779511.6883522726,1873477.5501775567,1779511.6883522726,1868699.625,4
2012-02-16,1933997.5581843404,1961072.4622379777,1704126.3139642416,1722176.25,5
2012-02-17,1689261.6456855794,1809240.6312056738,1688730.7652186763,1796499.5,2
2012-02-21,1716867.1949221285,1745003.8558160285,1634049.8534231018,1636173.375,5
2012-02-22,1649976.3624401914,1675989.5032894737,1531059.1471291867,1553356.125,4
2012-02-23,1526812.1795184927,1549109.158496162,1475847.656140963,1521503.375,5
2012-02-24,1521503.3787622591,1593703.1203922895,1508762.2478863713,1569813.5,4
2012-02-27,1586270.8197616683,1634050.0613207547,1559195.9162115194,1603789.875,3
2012-02-28,1562912.045373981,1587332.5460829493,1489119.6627968806,1497613.75,4
2012-02-29,1486465.2222938144,1685545.3859938788,1453019.7547922037,1647852.875,9
2012-03-01,1633519.257879538,1663248.565140264,1558665.109240924,1608567.875,4
2012-03-02,1649445.6483249844,1720052.7520350658,1638297.1582654978,1695632.25,5
2012-03-05,1738102.585394582,1842155.1531213194,1730670.2591283864,1802870.0,6
2012-03-06,1915947.7170124482,2004073.87966805,1910108.0315352697,1919133.0,6
2012-03-07,1909046.1962042982,1979122.4192017864,1878255.1285235838,1902144.75,2
2012-03-08,1838969.7934027778,1906922.4878472222,1787474.3921440972,1834722.75,5
2012-03-09,1863921.4777705253,1899490.4720771685,1768893.8661154627,1829945.125,5
2012-03-12,1865514.037696769,1941429.9475973488,1842686.1766777134,1922318.25,3
2012-03-13,1943553.2231973435,1990801.5807129305,1874538.7683992954,1958417.875,4
2012-03-14,2045482.141778319,2228104.995858709,2042827.7398294762,2179264.0,7
2012-03-15,2162806.848122867,2203153.7603607997,2072557.1760117018,2177671.5,4
2012-03-16,2199968.0664259926,2220141.518772563,2156435.8797833933,2205807.75,2
2012-03-19,2185104.0284023667,2248809.6852071006,2125645.4153846153,2242970.0,4
2012-03-20,2337466.2785714287,2405949.8465786316,2195190.338835534,2211116.75,8
2012-03-21,2156436.389206576,2229697.891350965,2128299.725339528,2228105.25,3
2012-03-22,2358701.9242219217,2401172.361750113,2309860.9210645016,2353924.0,4
2012-03-23,2306145.332854062,2343306.9749580636,2169709.018272226,2215364.75,4
2012-03-26,2070434.2270194986,2151658.9543871866,2055569.5710306405,2096447.375,2
2012-03-27,2081582.5366682855,2197845.3715395825,2066717.8819815444,2186166.0,3
2012-03-28,2226512.857438016,2352862.4187327824,2211648.203168044,2312515.5,3
2012-03-29,2330034.4597389097,2438864.9596811463,2290218.4231746765,2297650.75,2
2012-03-30,2218549.4018942104,2326849.0137598286,2215894.9996426017,2228105.25,2
2012-04-02,2233944.5711417818,2241907.776599749,2063001.0939774152,2115558.25,6
2012-04-03,2108126.3350125942,2367726.8834440117,2108126.3350125942,2318355.0,5
2012-04-04,2464347.3371266006,2708021.492176387,2461692.9345661453,2612463.0,6
2012-04-05,2569461.708711076,2727664.1031730394,2548226.4879779266,2693687.75,4
2012-04-09,2625203.857629155,2659180.2068482176,2534423.299559471,2651217.0,2
2012-04-10,2652279.2959650583,2729256.9776934274,2528053.244072379,2552473.75,4
2012-04-11,2530707.469955788,2659711.4379019295,2520620.7399517684,2641661.5,2
2012-04-12,2638476.028484576,2638476.028484576,2328441.8231254225,2357640.25,5
2012-04-13,2392146.782975958,2487174.362681395,2371442.4499675115,2451074.5,3
2012-04-16,2469655.8658436215,2622549.4362139916,2415506.0596707817,2580079.0,3
2012-04-17,2551411.347425302,2606622.9121635943,2408604.511707989,2505224.75,3
2012-04-18,2576363.064504523,2618833.504471628,2483458.97707648,2582202.75,3
2012-04-19,2531768.5805954826,2611931.519507187,2478680.5415811087,2585387.5,3
2012-04-20,2565214.3235820895,2668205.130447761,2511064.517910448,2667674.25,2
2012-04-23,2793492.21848191,3001066.421717643,2793492.21848191,2846580.25,7
2012-04-24,2795085.307181597,2892767.3008228913,2770133.928371049,2838617.5,2
2012-04-25,2773319.98986418,2840741.819633083,2601314.691871072,2618833.75,4
2012-04-26,2614055.1957843537,2684131.411430888,2590165.576813944,2619364.0,2
2012-04-27,2520620.282686254,2572646.564847849,2477618.967838405,2529645.25,1
2012-04-30,2605561.2066217046,2701119.6860821582,2568399.575720417,2597598.0,2
2012-05-01,2584325.7607891494,2633697.637484587,2507878.983970407,2583264.0,2
2012-05-02,2650686.18046875,2775973.97109375,2646439.13671875,2718108.0,2
2012-05-03,2822691.1703648483,3116268.0402560956,2814197.0837133834,3026549.25,3
2012-05-04,3029203.14668435,3052031.000751547,2860914.0829796637,3002128.25,2
2012-05-07,2996289.660800552,3191122.812025535,2930460.476190476,3076983.5,3
2012-05-08,3265976.50815047,3482575.7304075235,3248988.3338557994,3387017.25,4
2012-05-09,3582382.0761303194,3649273.027759309,3041945.657413564,3193777.5,8
2012-05-10,3067957.64427736,3248456.969256474,3007968.1627401835,3177319.0,3
2012-05-11,3279248.734731303,3335522.065778983,3124231.6341093928,3329151.5,4
2012-05-14,3522391.4019607846,3658827.662745098,3352509.6764705884,3655111.5,6
2012-05-15,3668914.8115749154,4112199.9899376784,3562738.720949104,4088841.25,5
2012-05-16,4070791.349289847,4175905.6799053126,3676347.1692530247,4036815.0,7
2012-05-17,3834018.8467103257,3847821.739262869,3291458.993298812,3485761.25,6
2012-05-18,3262260.3236780716,3451253.7614696734,3114144.6800155523,3413561.25,5
2012-05-21,3399758.376844298,3404005.420413123,3039290.5539402883,3058402.25,4
2012-05-22,3079106.42641129,3238370.5519153224,2908693.8121219757,3159800.25,7
2012-05-23,3258544.4947916665,3442229.1469907407,2748368.336516204,2752084.5,11
2012-05-24,2677230.0756178894,2875779.3614162416,2590696.5633581798,2706428.5,6
2012-05-25,2689441.2976357443,2744652.883690643,2614056.2474454017,2649625.25,3
2012-05-29,2558843.765467352,2871001.469636398,2553004.080525414,2788715.0,6
2012-05-30,2923558.841192256,3049908.39706728,2657587.717270462,2769603.5,7
2012-05-31,2760578.7439613524,2976116.238201412,2662365.8463396505,2857199.0,4
2012-06-01,2649093.3570935847,2654402.1614164175,2254118.3154748217,2308799.0,10
2012-06-04,2254648.972134913,2408073.401837524,2189350.685444874,2195721.25,5
2012-06-05,2221203.828347229,2259427.2211868563,2156967.293158411,2164930.5,6
2012-06-06,2048667.494128554,2251463.809950556,2004073.5398640297,2147411.25,13
2012-06-07,2147941.7954035876,2448950.9397421526,2144756.5134529145,2367726.25,12
2012-06-08,2474434.645799954,2514781.5741588464,2273230.8846417945,2319417.5,9
2012-06-11,2277477.19841793,2442050.1428257525,2267390.469567128,2416037.0,7
2012-06-12,2348614.975124378,2366664.909381663,2218549.2723880596,2240846.25,7
2012-06-13,2197845.9279450104,2266329.532946196,2142634.3394169235,2239785.5,8
2012-06-14,2196783.777405457,2324195.112972714,2188289.68836764,2218019.0,12
2012-06-15,2201030.153451158,2273760.7687485074,2192536.066993074,2222796.25,9
2012-06-18,2306145.1089808275,2332689.136478305,2081051.75580222,2104410.5,10
2012-06-19,2100694.2259036144,2171832.2158634537,2086891.3323293172,2115028.0,7
2012-06-20,2188819.9339691857,2267921.1151870876,2026901.4086573734,2170770.0,16
2012-06-21,2306144.5886840434,2510002.673871583,2289156.414918415,2505224.75,11
2012-06-22,2518496.898367347,2636883.240765306,2419222.2525,2601314.25,10
2012-06-25,2626265.4875108604,2667674.161055604,2393208.9787141616,2444173.5,6
2012-06-26,2504163.2131879544,2648562.703115265,2438334.0339563866,2556189.5,5
2012-06-27,2525398.323601721,2693687.427781192,2510002.7904118006,2591227.5,6
2012-06-28,2691033.232018897,2882681.0909178555,2639537.8239490935,2753146.25,7
2012-06-29,2454791.323787134,2596005.530562086,2404888.5589869632,2483989.75,7
2012-07-02,2520620.1717344755,2546102.431263383,2434086.665417559,2479211.5,3
2012-07-03,2358701.5265352996,2362948.56957205,2195721.25,2195721.25,6
2012-07-05,2266328.704892436,2309860.903018737,2204215.6904927134,2294996.25,5
2012-07-06,2403827.0805283342,2523275.2018001704,2357109.5930975713,2491953.25,6
2012-07-09,2517434.9893014473,2602906.7382001258,2485582.1636249213,2530707.0,4
2012-07-10,2457445.590309633,2798801.7178899082,2429839.807052752,2777566.5,8
2012-07-11,2830123.2423312883,3029734.2607361963,2829061.481595092,2942139.0,8
2012-07-12,3107774.155441333,3255358.9205955337,2917718.954271535,2995227.5,11
2012-07-13,2910286.841578655,2984610.110061145,2822160.6803779877,2865162.0,7
2012-07-16,2846581.437603382,2945325.217423268,2835963.826870061,2888521.0,4
2012-07-17,2910817.2437311043,3129539.969322426,2887989.3864485146,2985140.5,6
2012-07-18,3076983.2915666783,3139096.3083219063,3013277.633356188,3097156.75,4
2012-07-19,3009030.1304040942,3054154.9647520734,2938423.0366596086,3008499.25,3
2012-07-20,3059463.8117316943,3064772.6158471406,2946386.2840726883,2979831.75,6
2012-07-23,3136442.0682309866,3231469.67998003,3119453.891828923,3190061.0,7
2012-07-24,3105651.1040419163,3261729.98003992,3088662.9270625417,3191653.75,5
2012-07-25,2999474.4565217393,3085477.086956522,2739873.9239130435,2893829.25,5
2012-07-26,2873125.337822014,2929398.6722287275,2692625.9633099143,2720231.75,5
2012-07-27,2679354.1134592327,2798271.3556654677,2636352.789268585,2656526.25,6
2012-07-30,2682007.8881510687,2697403.4203672963,2543448.098205022,2558312.75,5
2012-07-31,2548757.213885062,2709614.00118087,2508410.296939579,2697403.75,4
2012-08-01,2750491.64968815,3035043.574844075,2662896.374220374,2808888.5,10
2012-08-02,2873655.9460185184,2970276.1902777776,2689971.305833333,2866754.5,6
2012-08-03,2747836.822517592,2797739.5777951526,2662365.082095387,2715984.0,4
2012-08-06,2675638.2050209204,2692095.503504184,2446297.7874476984,2537609.25,6
2012-08-07,2479742.6878131125,2514249.9185362663,2436741.369527336,2437272.25,4
2012-08-08,2465939.879205057,2488767.7403042642,2327380.071137776,2477619.25,5
2012-08-09,2475495.602340803,2522213.0831484357,2354454.856611937,2392678.25,4
2012-08-10,2392147.0280172415,2411789.6023706896,2324725.21875,2340120.75,4
2012-08-13,2314108.5401639347,2455322.7800546447,2264736.644262295,2428778.75,4
2012-08-14,2456383.944420601,2489829.4141630903,2378875.3954935623,2473903.0,3
2012-08-15,2468063.56843303,2516373.6963589075,2434618.095253576,2449482.75,3
2012-08-16,2413382.027154236,2425061.394641564,2193066.685916003,2199437.25,7
2012-08-17,2184573.9114719126,2278539.788101446,2158029.8785257167,2239785.5,4
2012-08-20,2248809.532866119,2309329.902730788,2174486.2716288064,2196783.25,4
2012-08-21,2087421.8967668023,2125114.408127546,1965319.395175662,2085298.375,10
2012-08-22,2072025.786372951,2142101.9851434426,1938243.9523565576,1943021.875,7
2012-08-23,1883564.135692812,1954702.1272888766,1858081.8700464608,1942491.875,11
2012-08-24,1964257.3432343234,1988677.8399339933,1903206.1014851485,1930281.0,6
2012-08-27,1930281.2292942745,2019469.1408788282,1912231.2948069242,1993456.0,6
2012-08-28,1982307.876422334,2018938.6325747552,1944615.3592220163,2006197.5,8
2012-08-29,1996641.0799117421,2088483.384305449,1995579.3191673062,2075211.375,6
2012-08-30,2067779.113095238,2143695.0086466167,2046013.0171679198,2118212.75,7
2012-08-31,2068841.1090120447,2128299.7192787495,1838969.874677373,1851180.125,13
2012-09-04,1842686.2990793202,1924972.7803116147,1835253.9717422095,1874008.25,7
2012-09-05,1877193.557522124,1929219.8495575222,1849587.7699115046,1859674.5,5
2012-09-06,1792783.2339219616,1824105.1796730412,1714743.8097624923,1721114.375,10
2012-09-07,1599542.8769379845,1617592.8131530166,1551232.7535389282,1575122.375,15
2012-09-10,1587332.6038007026,1676520.5226764611,1582023.799105717,1662186.75,9
2012-09-11,1627148.786716975,1658470.7372606297,1582023.9427134048,1635642.875,10
2012-09-12,1601666.2286465177,1741818.6596583442,1592110.3810775294,1616000.0,13
2012-09-13,1640420.7378472222,1689792.6241319445,1375511.3695023148,1376042.25,29
2012-09-14,1341004.0012562815,1341004.0012562815,1250754.325795645,1267742.5,25
2012-09-17,1255001.5917721519,1318707.2563291139,1244383.9810126582,1258186.875,19
2012-09-18,1273051.3721030043,1301718.9175965665,1236951.5,1236951.5,16
2012-09-19,1223148.4609271523,1263495.3719646798,1192357.397240618,1202444.125,19
2012-09-20,1240667.7517286085,1275174.984874676,1226333.977960242,1228457.5,15
2012-09-21,1182801.8175586024,1233235.4677686864,1170060.6848739495,1200320.875,21
2012-09-24,1252877.7062169851,1320299.5149837465,1236951.2946972775,1306496.625,22
2012-09-25,1264026.3251829033,1379227.380438968,1244914.629380054,1378696.5,21
2012-09-26,1431253.6064037485,1479032.8440062476,1331448.0878563062,1359584.75,24
2012-09-27,1308089.5456874466,1343658.5390157984,1238544.2005230573,1243322.125,17
2012-09-28,1260841.0217207929,1290570.3258118937,1229519.0763390975,1258717.5,14
2012-10-01,1223148.6769230769,1257125.029059829,1194481.1298076923,1242260.375,15
2012-10-02,1234297.138935811,1290039.5903716218,1223679.5291385136,1257125.0,22
2012-10-03,1259248.2309390048,1333040.601976324,1258717.3505718298,1322953.875,14
2012-10-04,1269335.3241145606,1279952.934521207,1211469.3473983386,1214123.75,20
2012-10-05,1228988.4150552487,1266150.05179558,1184925.3314917127,1249161.875,16
2012-10-08,1284730.5974188177,1303311.4118442964,1258717.4572231474,1275174.75,14
2012-10-09,1268804.2441747573,1367017.125,1251285.1897572814,1367017.125,24
2012-10-10,1370733.338293651,1386128.8715277778,1288977.7480158731,1337818.75,23
2012-10-11,1305965.9231077293,1331979.0654785743,1280483.661193432,1325608.5,12
2012-10-12,1320830.6299542682,1400993.5821741614,1312867.4227801068,1393030.375,18
2012-10-15,1422759.6817835364,1459921.3152629572,1389845.0921303353,1393030.375,17
2012-10-16,1366486.0355699272,1367016.9159256264,1311805.358932902,1313398.0,20
2012-10-17,1312867.114033264,1342596.4138253639,1256062.9162162163,1276767.25,21
2012-10-18,1317645.2442769934,1391437.625,1305434.9942293018,1391437.625,26
2012-10-19,1403117.0501835393,1452488.9327666152,1353214.287142581,1373918.625,27
2012-10-22,1382943.7040775132,1387190.7480823577,1314991.0,1314991.0,16
2012-10-23,1408956.5400111398,1431253.5161529891,1389313.9657909395,1429660.875,20
2012-10-24,1397277.5061728396,1511416.816137566,1384005.4933862432,1505046.25,16
2012-10-25,1395153.7881553397,1418512.5273786408,1354806.8749514562,1367017.125,23
2012-10-26,1359584.9892151274,1413734.801358799,1344720.3349011783,1396746.625,25
2012-10-31,1330917.2213037068,1339411.308077085,1252877.799073294,1260310.125,24
2012-11-01,1287385.3092264303,1322954.305398872,1285261.7870668815,1317645.5,15
2012-11-02,1372325.8886648745,1494428.3855286739,1369140.6061379928,1481156.375,30
2012-11-05,1468415.3508909855,1522565.1577568136,1449303.654350105,1519379.875,11
2012-11-06,1476378.6735854289,1525750.5601886094,1424883.2649778107,1435500.875,14
2012-11-07,1410018.5625240477,1499206.4836475567,1360115.797133513,1379758.375,13
2012-11-08,1402055.3301775148,1445587.528994083,1316052.6934911243,1345782.0,16
2012-11-09,1345781.7823724006,1406833.0269376182,1332509.7726843099,1404178.625,14
2012-11-12,1404709.7248358862,1465230.0984682713,1384005.386487965,1455674.25,15
2012-11-13,1507700.6636074833,1527874.1231909636,1451427.3289798799,1503984.5,17
2012-11-14,1513540.081164808,1718990.804213135,1512478.3203221809,1713682.0,19
2012-11-15,1721114.3998567334,1902144.6313037248,1717398.236747851,1852772.75,34
2012-11-16,1853303.6371887967,1925503.377852697,1755090.7546680497,1791190.625,24
2012-11-19,1664841.3968253967,1704657.4378846777,1630865.0417881438,1638828.25,11
2012-11-20,1663779.3041009463,1709435.022082019,1642544.0864353313,1682891.0,14
2012-11-21,1684483.6594172996,1718990.8884945526,1598481.0269478376,1608036.875,9
2012-11-23,1580431.4338565022,1623432.7593997929,1513540.483011383,1539022.75,7
2012-11-26,1551763.2425456739,1622901.2085056878,1537429.473285074,1540083.875,13
2012-11-27,1583616.373317847,1658470.5163409165,1563973.7967798782,1656877.875,14
2012-11-28,1756683.4830069125,1783227.506624424,1611222.2335829493,1612814.875,18
2012-11-29,1588925.2763616738,1646791.2486715377,1554948.9256476255,1598481.125,11
2012-11-30,1625556.025378666,1696694.0095069287,1575653.2603931678,1647322.125,13
2012-12-03,1649445.4955882353,1760399.5054298642,1635642.6044117648,1759868.625,9
2012-12-04,1825166.894821265,1842155.0683623587,1699879.1149556981,1737571.625,16
2012-12-05,1733855.5951071628,1896305.0170614775,1733324.71464326,1882502.125,15
2012-12-06,1886749.313768945,1895243.4018444382,1783758.495853589,1856489.125,10
2012-12-07,1812956.7609141518,1842686.0665104014,1777918.6507471434,1811895.0,7
2012-12-10,1765177.125915192,1789597.6214917633,1722175.8184868821,1740225.75,7
2012-12-11,1757744.8055806258,1773140.3354392298,1717928.7800842358,1764646.25,8
2012-12-12,1717398.5353100393,1729608.7876476378,1578307.8347687006,1618123.875,20
2012-12-13,1720052.538883806,1780572.9059926807,1689792.3553293687,1740756.875,12
2012-12-14,1762522.8275544646,1785881.5638232587,1697755.4224455354,1730139.125,10
2012-12-17,1742880.4399245689,1771017.1025246305,1702533.5275169334,1724299.625,8
2012-12-18,1720052.5102941177,1847994.687757353,1714743.70625,1804993.375,14
2012-12-19,1832068.6380938753,1863921.468660561,1803931.9710933028,1854896.5,13
2012-12-20,1914885.5516051818,2000888.1741058857,1874538.6422838639,1885156.25,16
2012-12-21,1941429.6265179329,1941429.6265179329,1828882.9815024005,1879847.5,13
2012-12-24,1850649.174,1939837.0860000001,1850649.174,1858081.5,3
2012-12-26,1835784.4127789047,1878785.7249348015,1811363.9145175312,1832068.25,6
2012-12-27,1867637.5953646295,1879847.8468408622,1730670.4266312371,1798092.25,14
2012-12-28,1798622.9977011494,1850118.4022988505,1757745.2022988505,1847464.0,7
2012-12-31,1837377.1847826086,1843216.8695652173,1643605.8260869565,1672804.25,10
2013-01-02,1574591.6339973216,1609098.8680532307,1543269.683085035,1585740.125,7
2013-01-03,1622901.8153823267,1793845.349747099,1593703.3855995238,1784289.5,20
2013-01-04,1827821.4942942944,1860736.0840840843,1767301.1195195196,1767832.0,14
2013-01-07,1811364.122859589,1867106.5709546234,1797561.2309503425,1860205.125,11
2013-01-08,1858081.6256830601,1924972.5642076505,1835253.7657103827,1845871.375,11
2013-01-09,1839500.504032258,1904267.9099462365,1831537.2983870967,1876131.25,7
2013-01-10,1809771.5658315565,1812425.9682455072,1721114.5252056045,1742880.625,10
2013-01-11,1757214.3209736124,1803931.801410373,1735979.1025932666,1750312.875,9
2013-01-14,1712089.3441543784,1767300.9075007522,1704126.1379024975,1764115.625,7
2013-01-15,1730139.260822843,1785350.8236106848,1679174.741326374,1729077.5,8
2013-01-16,1754028.913253012,1775795.0105421687,1740756.9027108434,1762523.0,7
2013-01-17,1796499.6155218554,1841624.458110318,1737571.8799063335,1785351.125,10
2013-01-18,1759337.9329650642,1799684.8499552105,1758807.0524783519,1777918.75,5
2013-01-22,1781104.144221735,1802870.2455371125,1681298.6064829314,1695101.5,7
2013-01-23,1709434.9136178864,1831537.4074477353,1703595.2291303717,1828352.125,8
2013-01-24,1864451.7576963906,2008320.330115446,1849056.2278065288,2000357.125,14
2013-01-25,2032741.6836472603,2177672.077910959,2018407.908390411,2170239.75,13
2013-01-28,2172363.149893441,2256242.2744494434,2148473.5258110347,2241908.5,8
2013-01-29,2142103.0584707647,2184573.503248376,2092731.1664167915,2124584.0,8
2013-01-30,2018407.534889435,2170770.228869779,1984962.0654791154,2160683.5,12
2013-01-31,2179794.937305947,2248278.509374254,2168646.448829711,2222796.25,6
2013-02-01,2111842.6948345033,2227043.7669257773,2093261.8767552658,2117151.5,8
2013-02-04,2146880.611630847,2154843.818647282,2019469.2993678888,2099632.25,7
2013-02-05,2063532.5157232704,2139448.427672956,2049729.6226415094,2110250.0,8
2013-02-06,2116620.4600307457,2117682.2209838587,2058754.4880860876,2072026.5,7
2013-02-07,2128830.863970588,2147942.5625,2012037.150735294,2057692.875,8
2013-02-08,2057692.618601115,2102286.576279777,2035926.5202103395,2094854.25,6
2013-02-11,2160683.126493072,2244031.3453774485,2160683.126493072,2222265.25,9
2013-02-12,2235537.5108695654,2279600.586956522,2146880.4782608696,2161214.25,8
2013-02-13,2175017.831084253,2270576.339650317,2130954.741023234,2262082.25,8
2013-02-14,2234475.75,2239784.554347826,2134670.2282608696,2234475.75,11
2013-02-15,2328972.939517865,2487175.3411536803,2327380.2978906585,2466471.0,18
2013-02-19,2501509.307692308,2614055.9913151367,2500978.4271091814,2567338.5,12
2013-02-20,2701650.9713809267,2961782.426672075,2674045.184288805,2944794.25,18
2013-02-21,2914002.5255875667,2939484.7848749054,2651747.6070887037,2800925.0,16
2013-02-22,2777566.7970770095,2876841.4513303353,2717046.419617763,2833309.25,9
2013-02-25,2710675.9578668238,2749961.116676488,2593882.2424867414,2702712.75,9
2013-02-26,2648563.054816936,2776505.2669257517,2541856.0646348945,2595475.0,12
2013-02-27,2662896.535113175,2768010.872025537,2655995.088750242,2744121.25,7
2013-02-28,2782344.399864499,2964967.272131888,2782344.399864499,2938423.25,8
2013-03-01,2899668.924293286,3016462.6195229683,2837025.033215548,3004783.25,8
2013-03-04,3009561.2146901796,3293051.3696812815,2989918.638408025,3281372.0,11
2013-03-05,3156615.3570967745,3291459.0,3084415.6112903226,3291459.0,9
2013-03-06,3289866.6757380073,3383301.649907749,2868878.4114391143,2877372.5,14
2013-03-07,2846050.2916220557,2997882.1109475372,2726071.3015256957,2975054.25,8
2013-03-08,3070081.848291367,3134849.267535971,2825345.94442446,2951695.5,12
2013-03-11,2926213.0744186044,3020178.9151610015,2887989.6815742394,2967621.75,4
2013-03-12,2827468.8483939627,2858259.9098297213,2677229.7038022447,2743589.75,10
2013-03-13,2743590.457642233,3001067.503299447,2721824.3568753344,2976647.0,10
2013-03-14,3014339.0519492463,3046191.877436558,2833308.827096359,2886927.75,9
2013-03-15,2880026.7848869534,2918781.062361008,2812604.9596923646,2864631.25,6
2013-03-18,2760047.973169133,2853482.9497565087,2690502.621277393,2834371.25,6
2013-03-19,2835963.600264101,2882150.203263535,2741466.8722882476,2814197.5,7
2013-03-20,2807295.7391304346,2865692.586956522,2778097.315217391,2832778.0,4
2013-03-21,2765886.499490316,2790306.994495413,2581140.1459734966,2603968.0,13
2013-03-22,2660242.0109303254,2699527.165352366,2586980.506737872,2659180.25,9
2013-03-25,2727132.8149788217,2825345.696187909,2670328.6080092415,2757393.0,8
2013-03-26,2800925.0985545334,2908162.9434954007,2772257.555847569,2828000.0,6
2013-03-27,2866753.814229249,2887989.0276679844,2676167.773616601,2686254.5,9
2013-03-28,2736688.9477925375,2786060.833756593,2707490.520609494,2717577.25,5
2013-04-01,2720762.817636501,2859322.641129794,2715984.8926884565,2809950.75,5
2013-04-02,2916126.2983154543,3177319.478503185,2910817.493840094,3167232.75,10
2013-04-03,3201209.2154255323,3653519.3732269504,3067427.3377659577,3592999.0,21
2013-04-04,3646618.539195087,3765004.903184096,3230939.063843543,3284558.0,19
2013-04-05,3164578.5820031925,3393388.0718276137,3072736.257781325,3325966.25,9
2013-04-08,3334459.884576846,3485229.9223446893,3262260.1481809774,3443821.25,9
2013-04-09,3390202.4807793116,3440105.242005941,2960189.325528569,3038228.75,14
2013-04-10,3151837.333516225,3387017.380467158,3099811.0477347546,3386486.5,15
2013-04-11,3374807.1848564954,3521861.0766616315,3288273.6672960725,3514428.75,9
2013-04-12,3768720.839086717,4145115.130523889,3745362.096035609,4144584.25,27
2013-04-15,4883038.586518415,5364016.294649062,4880915.064628214,5347559.0,45
2013-04-16,4713687.802781289,5572121.542740446,4665377.678887485,5459044.0,23
2013-04-17,5438339.729757171,6350923.290422202,5240321.307344107,6274476.5,23
2013-04-18,6094506.100810585,6228818.82237026,5473907.003959751,5697938.5,19
2013-04-19,5403302.236762849,5911354.923005926,5244038.071796366,5464353.5,11
2013-04-22,5112379.275949367,5521157.265822785,5044957.45164557,5242445.0,10
2013-04-23,5450549.158582976,5778102.370898716,5405424.323823109,5582207.5,10
2013-04-24,5271111.748566749,5289692.563472563,4361182.698607699,4537435.0,16
2013-04-25,4216782.9626035355,4418517.511991593,4011332.2504635924,4294291.5,15
2013-04-26,4303848.321130985,4898965.3765137205,4248105.867236974,4778455.5,15
2013-04-29,4540621.027681058,4682366.124651811,4423827.314821263,4574066.5,7
2013-04-30,4685020.804471989,4994524.16186657,4368616.0,4368616.0,11
2013-05-01,4752442.716336296,4907459.838004101,4488064.200615174,4660069.5,13
2013-05-02,4573535.1676261425,4800221.124280393,4512483.914663054,4703070.0,6
2013-05-03,4697229.617175963,4760935.2629785305,4372861.7039645575,4673340.0,8
2013-05-06,4623438.667293876,4722182.44868286,4592647.595677956,4655291.5,4
2013-05-07,4921261.503157895,5145293.040842106,4860741.135157895,5043364.0,11
2013-05-08,4836852.2354999995,4876668.273,4193955.9499999997,4247044.0,17
2013-05-09,4473198.565368068,4498680.826362332,3999653.2152246656,4442407.5,16
2013-05-10,4778455.966638965,4910645.227353674,4467359.955479045,4471607.0,16
2013-05-13,4678117.460349017,4823047.790203225,4613350.060194389,4806590.5,8
2013-05-14,4899496.494301236,5020006.376651044,4602734.273008096,4983906.5,10
2013-05-15,5229170.8071622765,5685727.852254617,5124587.3910190305,5662900.0,16
2013-05-16,5887464.535467374,6105125.532720902,5343842.922814661,5605567.0,13
2013-05-17,5826942.70754717,6302611.5,5803053.091854785,6302611.5,15
2013-05-20,6332342.595457336,6375343.915899324,5005672.227747084,5188826.0,17
2013-05-21,5558850.204832034,5748905.440562133,5250408.607180672,5515318.0,12
2013-05-22,5228110.113586193,5524341.373068432,4696698.839855509,5290754.0,19
2013-05-23,4967447.998769231,5270580.713025641,4940903.97825641,5176084.0,9
2013-05-24,5242975.320821115,5470192.153274682,4990276.2267839685,5430907.0,11
2013-05-28,5404893.663975394,5649629.54248366,5069908.112264513,5523280.0,11
2013-05-29,5374101.95589544,5447894.3269187985,4772614.5,4772614.5,13
2013-05-30,4426480.7752,4480630.576,3968330.99,3981603.0,22
2013-05-31,4153078.13567998,4334108.385490394,4061235.8095298284,4200326.5,14
2013-06-03,4062296.54581949,4127594.830599391,3737928.6433762456,3835079.75,12
2013-06-04,4018766.2934198454,4186524.5693406737,3975764.9631996327,4050088.25,11
2013-06-05,4005493.088029576,4151485.2151612043,3809067.3169797496,3984788.75,11
2013-06-06,3980011.0145409224,4076100.3827724694,3769251.46101648,3833488.0,14
2013-06-07,4132903.965804067,4419048.504990758,4088840.8920517564,4308094.5,15
2013-06-10,4333046.556156969,4474791.646881535,4146176.6238159672,4315527.5,10
2013-06-11,4601671.746704225,4737046.261633803,4459395.785915493,4711564.0,12
2013-06-12,4698290.99516519,4743946.704270749,4353218.775181306,4611757.5,9
2013-06-13,4699885.791983373,4792259.01324228,4459396.888361045,4470014.5,8
2013-06-14,4384542.474629901,4719528.102610464,4379233.669115154,4697762.0,7
2013-06-17,4724835.781640536,4778454.7045557825,4565571.654169506,4672809.5,4
2013-06-18,4777924.457034939,5116095.332493967,4698292.382751023,5059822.0,10
2013-06-19,5033808.776499904,5597072.973068814,4894718.088940004,5539207.0,12
2013-06-20,6372157.745647892,7027795.070972824,6227227.389523434,6739527.0,20
2013-06-21,6526113.434538805,7286865.126696465,6410381.495327103,6532484.0,19
2013-06-24,6934360.055643308,7581503.288519529,6877024.970203905,7394102.5,16
2013-06-25,7326151.232294617,7733867.474787535,7113799.022662889,7496033.0,11
2013-06-26,8325798.043874472,8839159.435727218,8210596.986964393,8796689.0,15
2013-06-27,8434098.780796982,8610881.993109277,7867649.26867321,8166535.0,16
2013-06-28,8469136.214899713,8508952.250511667,6154497.344658207,6484705.0,20
2013-07-01,6039296.392599119,6484705.119162995,5790313.445330396,6025493.5,14
2013-07-02,6227228.086275427,7073982.459473151,6105125.57477983,6811727.5,14
2013-07-03,6587695.803753704,6848358.116562396,6324909.969048402,6449136.0,9
2013-07-05,7137688.04588903,7591590.855798671,7069735.344522441,7109020.5,12
2013-07-08,6867469.195171878,7533193.249805886,6797923.859320957,7520983.0,9
2013-07-09,7159983.994322345,7432325.641025642,6808010.287179488,7246517.5,10
2013-07-10,7128662.070441177,7527353.254154412,6856851.303382353,7219973.5,13
2013-07-11,6034517.527482942,6304204.771607279,5601850.0,5601850.0,12
2013-07-12,5867820.906418312,6202806.429982047,5770138.915394973,5914007.5,10
2013-07-15,5983023.601657555,6155559.7747310875,5839685.85787339,6021247.0,7
2013-07-16,5886403.415219451,5886403.415219451,5043896.0,5043896.0,15
2013-07-17,5028499.677982541,5494612.718234723,4835259.192046557,5473377.5,19
2013-07-18,5307742.826854784,5606097.644687589,5234481.323543526,5531243.5,12
2013-07-19,5321545.203811193,5419227.198773409,4821986.740444639,4847469.0,12
2013-07-22,4216784.365987037,4308626.704563867,3769252.0456386716,3931701.5,32
2013-07-23,3956651.723694002,4096273.2725107903,3566985.5,3566985.5,28
2013-07-24,3643963.0906249997,4283143.096614583,3609986.7447916665,4077161.5,46
2013-07-25,4151485.67742807,4175906.181412941,3731559.184992571,3930108.5,24
2013-07-26,4100520.5605827146,4215190.736797871,3789424.6195545592,3789955.5,30
2013-07-29,3766065.940600788,3941256.4904172895,3739521.9179013185,3905687.5,17
2013-07-30,3941256.3693621564,4102644.022417934,3875427.195089405,3978418.0,17
2013-07-31,4003369.930385577,4300132.135807343,3729966.4674299248,4034161.0,41
2013-08-01,3985319.942771446,4424889.0,3966739.125134973,4424889.0,29
2013-08-02,4421172.393464789,4730144.8157746475,4220499.583098591,4711564.0,22
2013-08-05,4670154.834683236,4826764.551203817,4442938.025629646,4784825.0,21
2013-08-06,5025844.594546843,5579021.954588864,5016819.6280202465,5558848.5,28
2013-08-07,5656531.959828577,5680421.583309786,5261556.851605915,5636358.5,19
2013-08-08,5333223.679363058,5402769.001082803,4128125.356433121,4167410.5,35
2013-08-09,4228993.920866249,4404715.360460365,3720941.2994415695,3897724.5,33
2013-08-12,3467180.1770276832,3467180.1770276832,3192184.107252712,3279248.5,45
2013-08-13,3357288.0962230214,3606271.0369454436,3270223.6990407673,3542034.5,44
2013-08-14,3439574.3117736457,3461340.409440372,2969214.25,2969214.25,51
2013-08-15,3135379.7220892273,3146528.2107725786,2433555.815451578,2439395.5,94
2013-08-16,2352862.166255144,2653340.502469136,2306144.686419753,2580079.0,78
2013-08-19,2561498.128537966,2747306.2829396836,2523274.736775327,2719700.5,104
2013-08-20,2701119.8947368423,2722355.1140350876,2367726.951754386,2420815.0,40
2013-08-21,2516373.6802325584,2752084.6325581395,2487706.131976744,2739343.5,54
2013-08-22,2615117.6609672196,2709614.4014569,2476026.9530554432,2623611.75,40
2013-08-23,2641661.6321634827,2642723.393269658,2352862.6112838737,2390024.25,51
2013-08-26,2352862.108794198,2445235.305303717,2244562.4990933817,2342244.5,43
2013-08-27,2153250.9375,2663957.890625,2134139.2427884615,2650155.0,72
2013-08-28,2559905.4079191396,2919842.3358679526,2420814.7366468846,2862507.25,75
2013-08-29,2952756.794920394,3109897.393858984,2686254.833206975,2800925.0,92
2013-08-30,2950634.392219388,3005845.9749453356,2768011.4647412538,2913472.75,53
2013-09-03,2760578.048780488,2877371.7354596625,2675637.1857410884,2829592.5,41
2013-09-04,2944263.063212928,2993104.0660646386,2792431.25,2792431.25,36
2013-09-05,2864631.038448276,3117330.144137931,2834901.731896552,3079106.75,48
2013-09-06,2945324.903442029,2998412.9514492755,2837025.2855072464,2930460.25,33
2013-09-09,2924089.676192146,3066365.644460028,2872063.3892882187,3028142.25,25
2013-09-10,3217135.538123627,3432673.0015688734,3210764.9727016003,3383832.0,45
2013-09-11,3356226.405649808,3535664.008482714,3294644.269766325,3316941.25,38
2013-09-12,3642902.07800441,3876489.5035832413,3595122.8318632855,3852069.0,51
2013-09-13,3925330.2338963645,3955059.540509591,3658828.2353277984,3708731.0,42
2013-09-16,3637591.8958624545,3814905.9199748393,3529292.3122728546,3797917.75,37
2013-09-17,3689619.3350118482,3790486.626184834,3568578.5856042653,3584505.0,29
2013-09-18,3684310.386734694,3755448.368265306,2452667.7214285713,2601314.25,98
2013-09-19,2542917.3602310847,2955942.3510995153,2531237.9903093553,2848704.5,60
2013-09-20,2989918.7143753925,3418870.1208411804,2988856.953468299,3382770.25,71
2013-09-23,3437981.612002377,3737398.1699346406,3220320.639037433,3573887.0,47
2013-09-24,3728904.545079552,3839327.6865055985,3498502.413450206,3603616.75,50
2013-09-25,3549466.901173564,3572825.6423718347,3220321.002470661,3437982.0,38
2013-09-26,3425240.440356083,3710854.103857567,3323311.400593472,3578134.0,41
2013-09-27,3442229.243146603,3660952.0143027413,3350917.7949940404,3563270.0,30
2013-09-30,3673693.0945390486,3710854.729888432,3478329.0687022903,3616358.0,26
2013-10-01,3881797.5649315068,3933823.8452054793,3783053.8084931504,3875427.0,35
2013-10-02,3773498.2905498757,3859500.924633877,3576010.7604310587,3842512.75,36
2013-10-03,3822339.0040376848,3958244.3908479135,3703421.7905787346,3944441.5,24
2013-10-04,3930639.5125467167,4066544.9305926324,3871180.8921516286,3977357.0,21
2013-10-07,3878613.0329424907,3921083.474036851,3774560.452261307,3803228.0,15
2013-10-08,3792610.2126627523,4252352.716045443,3770313.2321291803,4158917.75,29
2013-10-09,4244919.595324676,4512483.311688311,3970985.314285714,4087779.0,38
2013-10-10,4147238.609375,4335170.312872023,4006024.3914930555,4281020.5,27
2013-10-11,4472137.059562587,4622907.11237785,4379763.858189856,4563448.5,30
2013-10-14,4429666.411516854,4631400.979634832,4385072.454353932,4535842.5,18
2013-10-15,4620784.733043256,4654761.091374456,4131312.8208344,4148301.0,28
2013-10-16,4200326.438243145,4416925.678233438,4172720.6527541857,4375517.0,25
2013-10-17,3907281.1544011543,3928516.378066378,3434797.427849928,3679002.5,44
2013-10-18,3685372.6416619397,3788363.4645490637,3572825.9692285876,3743769.5,19
2013-10-21,3714039.7992700734,3724657.408759124,3478328.868613139,3491070.0,19
2013-10-22,3260668.2472977685,3287212.274058577,3011154.3957461645,3045130.75,34
2013-10-23,3113083.2249123924,3363658.81873208,3047254.0434851865,3332867.75,29
2013-10-24,3072735.425466954,3085476.5536997127,2901791.955010776,2955941.75,33
2013-10-25,3004783.00018423,3079106.254605748,2844457.1227892414,2881618.75,32
2013-10-28,2861445.884868421,2969745.5064849625,2692625.8864661655,2824284.25,32
2013-10-29,2866754.734651405,3079106.9372181757,2829593.09920222,3061057.0,37
2013-10-30,2881618.9024972455,3270223.3676092546,2823222.0566470805,2891174.75,50
2013-10-31,3160861.971761068,3268099.8149414062,3079106.3883463545,3261729.25,37
2013-11-01,3442229.7313497826,3686434.8017416545,3416747.4631349784,3657767.25,36
2013-11-04,3521860.907622534,3561146.060948441,3312694.010184596,3336052.75,25
2013-11-05,3412499.810540873,3571763.9585126,3375338.1760141365,3454970.25,27
2013-11-06,3350917.402609803,3387017.2732336093,3282964.7049649907,3336052.75,18
2013-11-07,3476205.256166419,3601493.0448737,3285088.2903417535,3572825.5,34
2013-11-08,3718287.0706095356,3873304.1786360894,3515490.7169583584,3518676.0,34
2013-11-11,3629098.989409985,3762880.8714069594,3503811.1951588504,3509120.0,16
2013-11-12,3624851.209677419,3791547.647849462,3509119.2876344086,3752262.5,30
2013-11-13,3654580.816341183,3754386.3354394026,3595122.2092188396,3697051.25,17
2013-11-14,3522922.858797746,3583443.2334063873,3370029.2808390735,3391264.5,33
2013-11-15,3347731.5186488912,3548404.292840024,3323311.0223187534,3544157.25,20
2013-11-18,3578134.7322946177,3793672.2250708216,3563270.0776203964,3748016.5,21
2013-11-19,3731028.5222095675,3822339.9772209567,3653519.9615603643,3728905.0,11
2013-11-20,3877550.746478873,4237487.685979513,3773498.179897567,4146176.25,36
2013-11-21,4254475.868634686,4482754.459040591,4247043.542435424,4316058.0,29
2013-11-22,4257660.941666666,4479568.955833334,4136620.206666667,4459395.5,23
2013-11-25,4719526.607903454,4923384.6751064835,4385071.966398486,4487001.0,33
2013-11-26,4644142.064367311,4868173.608853252,4566633.520540422,4833135.5,25
2013-11-27,4696168.778213166,4894718.079937304,4627154.315047022,4741824.5,17
2013-11-29,4543274.249761108,4597424.0480172,4358527.879240325,4444530.5,12
2013-12-02,4722711.895977246,5249345.236895571,4677056.182954084,5225986.5,32
2013-12-03,5349150.879186834,5502044.433494676,5159095.697095837,5483994.5,22
2013-12-04,5308804.463336876,5469130.358129649,4841629.67056323,4995585.0,29
2013-12-05,5400116.046068308,5445771.765687053,5120872.923749007,5347028.0,20
2013-12-06,5100699.673347887,5388436.894721175,5010449.9913673345,5350213.5,23
2013-12-09,5270581.831803628,5424537.183457844,4970103.455816436,4974350.5,21
2013-12-10,4495495.766240039,4512483.941077035,4268278.927795218,4396752.0,27
2013-12-11,4395689.881734559,4872420.49934297,4386134.034165571,4848000.0,21
2013-12-12,5219615.820851064,5340656.545744681,4969040.285106383,4990275.5,30
2013-12-13,4827827.418729817,4990276.856835307,4687674.96232508,4931880.0,20
2013-12-16,4820394.811912226,4937188.518808777,4597425.007836991,4741824.5,19
2013-12-17,4884099.343257443,4984966.612302977,4756688.056042031,4850123.0,17
2013-12-18,4773676.7676262,5108131.434397163,4529471.772841051,5090081.5,34
2013-12-19,5385250.032656312,5442585.107925129,5248282.908403027,5332162.0,22
2013-12-20,5247223.094148089,5338534.544187898,5126182.334792994,5334287.5,16
2013-12-23,5338532.098498498,5401175.971571571,5246158.92972973,5303494.0,10
2013-12-24,5256778.39646076,5264210.723016048,4782171.257858871,4829950.5,11
2013-12-26,4639896.505244365,4879854.5396116935,4537967.428698951,4757752.0,15
2013-12-27,4671747.9357798165,4812962.134747706,4629277.5,4629277.5,10
2013-12-30,4775801.054237288,5036994.26440678,4695107.216949153,5011512.0,12
2013-12-31,5114501.419296254,5122995.505107832,4635647.3316685585,4677056.0,20
2014-01-02,4372332.385980824,4388258.803122571,4047433.476289194,4097336.25,30
2014-01-03,4016641.5051356833,4201387.902675628,3981603.395257418,4186523.25,17
2014-01-06,4088841.1194673185,4159979.0979155945,3958244.5321667525,4126002.75,18
2014-01-07,4268278.955745342,4347911.025815218,4097335.445328675,4102644.25,20
2014-01-08,4289513.869693979,4371269.455824285,4207758.283563673,4302255.0,20
2014-01-09,4339417.238756769,4512484.283023311,4316058.496585825,4509299.0,15
2014-01-10,4252352.911197165,4314996.811761618,4016641.9633105802,4044247.75,28
2014-01-13,4012394.8135311143,4115385.630390738,3668384.25,3668384.25,28
2014-01-14,3775621.850283248,3975232.9042352308,3622728.2770434315,3935947.75,31
2014-01-15,4042122.868619247,4077160.970711297,3785176.7866108785,3806412.0,26
2014-01-16,3700237.7236652235,3789425.663059163,3646087.9033189034,3679002.5,17
2014-01-17,3543096.3097014925,3567516.8116862494,3312694.182280089,3343485.25,39
2014-01-21,3467711.3209979907,3503811.1939048893,3131133.094189551,3170418.25,46
2014-01-22,3247926.6660424466,3461340.611735331,3242617.861423221,3401882.0,34
2014-01-23,3227753.4575008466,3227753.4575008466,3026018.8664070438,3135380.25,31
2014-01-24,3031327.3980886335,3373214.4111129907,2967621.7434878214,3138565.25,32
2014-01-27,3230938.1536042946,3474081.3797546015,3189529.481901841,3461340.25,33
2014-01-28,3409314.243005856,3508058.006506181,3190591.498048146,3263853.0,24
2014-01-29,3099280.2269326686,3263853.174919843,2976115.9561809762,2980363.0,39
2014-01-30,3253235.136820926,3267038.027414487,3129009.1214788733,3166170.75,32
2014-01-31,3075921.3545136573,3307385.232761492,3068489.0281479014,3187406.25,30
2014-02-03,3104588.6782665793,3248988.151674327,2973992.0956992777,3234123.5,26
2014-02-04,3292520.639274822,3311632.3359878007,3132194.7390715014,3133256.5,21
2014-02-05,3052562.0136186774,3290396.410505837,3039820.885214008,3274470.0,22
2014-02-06,3216073.2804425065,3339237.52624354,3174664.6115956074,3287211.25,18
2014-02-07,3264914.9358745995,3268100.2187388674,2979301.239045244,2980363.0,36
2014-02-10,2868878.5517716534,2868878.5517716534,2668205.6997047244,2696873.25,41
2014-02-11,2599191.1879164814,2614055.843402932,2348615.5668591736,2390024.25,57
2014-02-12,2387900.205589431,2634228.7283536587,2383653.162093496,2611931.75,50
2014-02-13,2605561.3227906977,2633167.1069767443,2270044.8688372094,2282786.0,67
2014-02-14,2132015.8368759267,2228636.076495304,2061939.619130005,2147942.25,70
2014-02-18,2096977.620156014,2212709.5495722196,2086360.0119526926,2109718.75,46
2014-02-19,2164930.638465095,2333750.6343042073,2096977.9357374017,2296589.0,61
2014-02-20,2274292.3123061014,2292342.2512926576,2019469.6442605997,2053446.0,64
2014-02-21,2035395.3709175738,2130953.83903577,2000357.2659409018,2048136.5,43
2014-02-24,1985493.3705357143,2030087.3392857143,1970628.7142857143,2021593.25,26
2014-02-25,2035396.028506559,2118213.3942986885,2010975.52320888,2104410.5,41
2014-02-26,2167054.4444037145,2244563.0061094817,2118213.4329178883,2172363.25,57
2014-02-27,2153251.0541324313,2213771.4239971,2074680.7493958434,2196783.25,44
2014-02-28,2170239.760057471,2255180.650862069,2147942.776221264,2216957.25,42
2014-03-03,2020530.5607734807,2134138.952787544,2003542.3900050228,2113965.5,49
2014-03-04,2195722.1302851522,2224389.682276303,2119275.324975418,2159622.25,32
2014-03-05,2150065.8173076925,2182980.405128205,2058754.3801282053,2070433.75,38
2014-03-06,2017345.7180851065,2049198.545212766,1976998.8037234042,1996110.5,33
2014-03-07,2094854.453,2157498.352,2084236.8429999999,2123522.0,53
2014-03-10,2130954.5554469954,2204216.072300928,2108657.5720566683,2173425.0,27
2014-03-11,2108657.151139742,2185103.936075322,2092730.7376114964,2142633.5,26
2014-03-12,2036457.2626633986,2065124.8049428104,1945145.8316993464,1949392.875,68
2014-03-13,1966381.0888429752,1983369.2623966942,1792252.3099173554,1798622.875,66
2014-03-14,1725361.26497006,1833660.8643712576,1715805.417964072,1773140.5,53
2014-03-17,1810302.520856127,1948331.4520650986,1792252.5836980306,1940899.125,58
2014-03-18,2038580.9133858266,2065124.935695538,1934528.3459317584,2022654.5,50
2014-03-19,2079989.9346443713,2261551.0774846915,2054507.668982572,2254118.75,73
2014-03-20,2317824.4711992443,2333750.8876298396,2167054.3956562793,2248810.0,44
2014-03-21,2147942.5519203413,2299774.378378378,2126707.3314366997,2239254.0,33
2014-03-24,2346491.3007109994,2557781.6938519445,2315700.2383939773,2538670.0,59
2014-03-25,2474964.7484069667,2540793.9266142733,2416567.896771453,2499385.25,35
2014-03-26,2490890.845337377,2807295.5648218347,2457976.260424564,2800925.0,53
2014-03-27,2816852.0417981073,2882681.226340694,2662896.690851735,2692626.0,43
2014-03-28,2731910.6373210633,2792431.0051124743,2510002.6220858893,2596005.25,48
2014-03-31,2639537.1975619197,2798801.3084365325,2569460.98877709,2743589.75,41
2014-04-01,2711737.8446261683,2788184.643691589,2655464.506425234,2726602.5,27
2014-04-02,2577955.0142857144,2585387.339285714,2452667.25,2526990.5,39
2014-04-03,2576893.271443299,2662895.8898969074,2569460.9463917525,2574769.75,31
2014-04-04,2395332.4494949495,2558843.618476431,2390023.645307239,2522743.75,32
2014-04-07,2543979.0985617596,2580078.9689086294,2401703.1389593906,2510002.75,36
2014-04-08,2388961.599817685,2449481.9603463993,2315700.110756609,2329503.0,34
2014-04-09,2400641.268773321,2432494.0940998136,2198906.708372202,2276415.25,43
2014-04-10,2226512.231100796,2415505.639367816,2210585.820291777,2401702.75,41
2014-04-11,2391085.353689567,2537608.3460559794,2339059.0737913484,2503632.0,28
2014-04-14,2401703.5726514487,2463285.715539947,2324195.013498683,2418691.75,30
2014-04-15,2624672.8584437086,2707490.205918874,2552473.119619205,2565214.25,37
2014-04-16,2568399.585887097,2678822.7181451614,2548226.129032258,2633167.0,24
2014-04-17,2633166.682316119,2722354.586071987,2581140.4051251956,2713860.5,20
2014-04-21,2713861.0306677017,2893298.634025621,2655464.177503882,2735096.25,24
2014-04-22,2720231.505668016,2796678.2927125506,2622549.5,2622549.5,22
2014-04-23,2626796.622527945,2643784.7979363715,2409135.6251074807,2469656.0,28
2014-04-24,2571584.9781353134,2605561.327970297,2449482.470915842,2573708.5,23
2014-04-25,2517434.9079063605,2543978.9284452293,2399579.4567137808,2403826.5,20
2014-04-28,2457977.1605648533,2577956.1753138076,2444174.2650627615,2537609.25,22
2014-04-29,2570522.745553145,2570522.745553145,2401702.788286334,2447358.5,20
2014-04-30,2521681.955645161,2558843.584465195,2431432.2856536503,2501508.5,22
2014-05-01,2583264.8330269605,2622549.9948937907,2534423.820976307,2599191.25,18
2014-05-02,2570522.9960578186,2596005.256241787,2412320.630749014,2424000.0,26
2014-05-05,2342245.4017264275,2438865.678950863,2327380.743691899,2398518.75,15
2014-05-06,2397456.3754363004,2447359.1432155324,2392147.570353403,2433556.25,10
2014-05-07,2468594.6731792144,2636352.9348404254,2463285.867430442,2594944.25,27
2014-05-08,2582202.413114754,2608746.4346311474,2524867.3266393445,2590696.5,12
2014-05-09,2570523.1618066886,2675637.491843393,2536546.8127039154,2603437.75,15
2014-05-12,2510003.43687291,2568400.30194398,2482397.64611204,2539732.75,22
2014-05-13,2550350.281710311,2600253.0557487723,2488768.13502455,2594944.25,22
2014-05-14,2508940.880686605,2531237.858466723,2473902.7727464195,2520620.25,20
2014-05-15,2583264.4727932285,2665020.068520758,2537608.750503829,2634229.0,27
2014-05-16,2669267.1263736263,2732972.785714286,2649093.6675824174,2705367.0,15
2014-05-19,2636351.8361493126,2753145.5139489197,2620425.425540275,2702181.0,14
2014-05-20,2751022.8756355103,2759516.964020336,2665020.2307391474,2714923.0,12
2014-05-21,2753146.538263283,2773319.9992069784,2677761.5,2677761.5,14
2014-05-22,2631042.8098702324,2709613.0955564296,2627857.528018089,2700057.25,12
2014-05-23,2695811.631123639,2741467.3617807156,2675638.16874028,2730849.75,12
2014-05-27,2844457.4916171846,3055747.9137268597,2839148.687041565,3039821.5,24
2014-05-28,3093970.530948419,3247925.8250415972,3050438.3443427617,3190590.75,21
2014-05-29,3252173.5434782607,3252173.5434782607,3027080.2391304346,3125824.0,19
2014-05-30,3160862.3142201835,3243679.667431193,3009030.5,3009030.5,17
2014-06-02,3087600.9122085045,3149183.048696845,2994165.9465020574,3096095.0,14
2014-06-03,3091848.125086866,3211827.1216990966,3039821.8345205,3055748.25,12
2014-06-04,3050438.9137396696,3116268.0862603304,3036636.022727273,3083353.5,14
2014-06-05,3002659.3729241877,3037697.4773465707,2887989.21299639,2941077.25,14
2014-06-06,2948510.349169075,3059995.2561416184,2929398.650830925,2938954.5,12
2014-06-09,2948509.838277087,2988856.75,2892236.5140319713,2988856.75,8
2014-06-10,2926213.070208729,2940015.9620493357,2792431.1954459203,2797740.0,15
2014-06-11,2760578.8369304556,2779690.536570743,2656526.25,2656526.25,18
2014-06-12,2627858.4211956523,2636352.509021739,2442050.25,2442050.25,31
2014-06-13,2459038.4281949936,2546102.8285024157,2416567.9890206414,2417629.75,23
2014-06-16,2390023.6537294015,2471779.2385082394,2370911.9585862965,2448420.5,16
2014-06-17,2524867.689427313,2546102.90969163,2403826.9339207048,2410197.5,22
2014-06-18,2418691.5210124166,2439926.740687679,2216956.9340974214,2223327.5,37
2014-06-19,2115027.707692308,2118212.9903846155,1862328.614102564,1863390.375,72
2014-06-20,1904798.6645394007,1961071.9807158713,1869760.5620144284,1913292.75,28
2014-06-23,1907984.527478134,1943022.640670554,1815611.3199708455,1820920.125,30
2014-06-24,1797560.7074382384,1982307.0530343715,1765707.8892320085,1976998.25,41
2014-06-25,1985492.7134146343,1987616.2350332595,1868699.024390244,1915416.5,30
2014-06-26,1953640.351673284,1990801.9887975042,1868699.4668179238,1871884.75,30
2014-06-27,1878255.316364152,1926034.564095292,1831537.829693704,1871884.75,24
2014-06-30,1917540.1717247595,1938775.3895733173,1752967.2333984375,1766770.125,36
2014-07-01,1758275.8994117647,1826228.5911764707,1729608.3575735295,1804993.375,30
2014-07-02,1816672.9431133212,1818796.4649638336,1720052.698915009,1761461.375,30
2014-07-03,1815611.1206896552,1863390.360707804,1755090.75,1755090.75,23
2014-07-07,1813487.736720554,1853834.6535796765,1801808.3660508082,1838970.0,25
2014-07-08,1785881.920694864,1877193.3625377642,1756152.6140483383,1757214.375,30
2014-07-09,1725361.3204456095,1732793.646133683,1605382.3486238532,1620247.0,51
2014-07-10,1537429.61125,1717928.9440625,1508762.0701562501,1698817.25,60
2014-07-11,1689261.526010101,1697755.6128787878,1569282.548989899,1576714.875,41
2014-07-14,1716867.4138576777,1730670.3058676654,1646791.192883895,1700941.0,43
2014-07-15,1685014.8304030874,1863390.6914665524,1645729.6705260149,1857020.125,50
2014-07-16,1819858.0795936931,1819858.0795936931,1713681.995603396,1750843.625,38
2014-07-17,1726423.343069307,1739164.4747524753,1597950.2652640264,1608567.875,59
2014-07-18,1665902.6374755383,1704126.0249510764,1614938.1208414873,1627679.25,32
2014-07-21,1594764.9434640524,1695632.233496732,1594764.9434640524,1624494.25,24
2014-07-22,1643606.0338822037,1695632.3230683976,1626617.8578214059,1676520.625,24
2014-07-23,1688199.809680451,1703064.4620927316,1629802.9609179196,1694570.375,22
2014-07-24,1730670.2703106334,1803931.7725507766,1730670.2703106334,1777387.75,29
2014-07-25,1776325.869625407,1786943.477931596,1627679.3533387622,1629802.875,35
2014-07-28,1660593.7460159364,1672273.1137948208,1599011.625,1599011.625,22
2014-07-29,1592641.3149350649,1656346.9675324676,1574591.3800324674,1635111.75,23
2014-07-30,1661655.7823343847,1738102.5659305993,1657408.7388012619,1682891.0,34
2014-07-31,1741287.9314420805,1809240.6312056738,1722176.2346335698,1796499.5,35
2014-08-01,1727485.0484241126,1791190.7047888616,1688199.8936658506,1734917.375,25
2014-08-04,1751905.6588340274,1828352.4512195121,1725361.6337001785,1784820.25,22
2014-08-05,1808178.7944646098,1858081.5562613432,1730670.2495462797,1755090.75,30
2014-08-06,1666964.4378650226,1677582.0457495132,1619185.202384815,1636173.375,39
2014-08-07,1658470.683018253,1693508.7960397652,1600073.827982399,1628741.375,32
2014-08-08,1611753.2535971224,1645729.60676913,1566097.5290222368,1623432.625,28
2014-08-11,1640420.543478261,1646791.108695652,1587332.5,1587332.5,26
2014-08-12,1561850.3293370944,1568220.894922426,1481156.4985895627,1505577.0,66
2014-08-13,1499206.4126760564,1529997.4792253522,1474785.9116197184,1507700.5,35
2014-08-14,1508762.1903661876,1576714.8857802874,1480094.6469883642,1551232.625,39
2014-08-15,1635111.7335766423,1644667.5813702722,1569282.5598871931,1600073.625,48
2014-08-18,1625555.6277796496,1645729.0810309974,1575652.875,1575652.875,22
2014-08-19,1586270.9887181164,1636173.757439503,1568221.0510954873,1623432.625,26
2014-08-20,1621308.7775878906,1651038.0806477866,1576714.8229980469,1630864.625,31
2014-08-21,1699879.2532874618,1764646.6701834863,1688199.883027523,1735979.125,47
2014-08-22,1729608.4565217393,1778449.4565217393,1709435.0,1733855.5,28
2014-08-25,1751905.716153399,1828352.511040093,1749782.1940732133,1827290.75,24
2014-08-26,1749782.0522063393,1773140.7931945308,1704126.331183965,1708373.375,33
2014-08-27,1709435.118680641,1733855.6203760789,1682891.0950986436,1722176.25,20
2014-08-28,1666964.5049743261,1693508.5257541721,1651038.0925064185,1654223.375,19
2014-08-29,1676520.5089579225,1686076.3573307034,1604320.76569691,1614938.375,23
2014-09-02,1704126.3107014387,1775264.293764988,1699879.2669364507,1771017.25,42
2014-09-03,1748720.4842908438,1778449.7942848594,1729608.7850089767,1774202.75,22
2014-09-04,1751905.274390244,1973813.275813008,1737040.6235772357,1958948.625,44
2014-09-05,1929219.8495575222,2012037.2123893807,1911169.9115044249,1919664.0,30
2014-09-08,1953640.1105527638,2124583.620226131,1952578.3496231157,2112904.25,41
2014-09-09,2115027.6236842102,2159621.579605263,2001419.2121710526,2017345.625,31
2014-09-10,2093792.360059761,2167053.857445219,2044951.361802789,2132015.75,36
2014-09-11,2179795.0708926753,2220141.9840412005,2073618.9836597152,2087421.875,40
2014-09-12,2146880.3714146814,2210586.0204180847,2106533.460379193,2184042.0,37
2014-09-15,2152189.228923002,2224388.966252437,2145818.6638645222,2178733.25,28
2014-09-16,2173424.6312039313,2247747.8965601963,2090607.2783783784,2160683.5,30
2014-09-17,2144757.149122807,2321009.4692982454,2135201.3004385964,2299774.25,43
2014-09-18,2329503.369005329,2413382.4784635883,2300835.82526643,2391085.5,35
2014-09-19,2400641.4899958316,2594943.7423926634,2397456.207169654,2547164.5,40
2014-09-22,2588573.4605055293,2756331.7077409164,2585388.177330174,2688379.0,39
2014-09-23,2587511.2608784894,2684131.500821018,2530176.1734400657,2586449.5,38
2014-09-24,2629982.1417851504,2694749.566350711,2558844.1508688787,2688379.0,31
2014-09-25,2761640.0331252515,2815789.837696335,2628919.9238824,2636352.25,34
2014-09-26,2687317.415387567,2784999.439178818,2675638.042977744,2766949.5,26
2014-09-29,2712799.5279947915,2854013.75,2690502.5455729165,2854013.75,19
2014-09-30,2882681.145613108,3033451.209214235,2809419.6358350953,3013277.75,29
2014-10-01,2954880.8649751595,2993104.2610007096,2804110.802874379,2992042.5,28
2014-10-02,2914533.914835165,3061056.931318681,2866754.6703296704,2898607.5,26
2014-10-03,3045130.0932038836,3286149.8042071196,3043006.5715210354,3280841.0,36
2014-10-06,3167232.4593347264,3240493.954371299,3007968.3396900035,3048315.25,24
2014-10-07,3001598.4530905075,3366844.25,2987795.559602649,3366844.25,27
2014-10-08,3225629.562042311,3506996.195992677,2505755.6834825063,2609808.25,44
2014-10-09,2620426.345623836,3038760.211173184,2614055.779143389,2850828.5,37
2014-10-10,2900730.830538085,3087600.752271139,2708552.1042103427,3038759.75,44
2014-10-13,2884803.986734694,2941077.307050093,2616178.5142857144,2861445.25,29
2014-10-14,2820037.5728968405,2845519.8401218117,2635291.1355157974,2789246.5,20
2014-10-15,2729787.217365967,2851889.7183372183,2570523.0856643356,2732972.5,31
2014-10-16,2805172.2832568805,2843395.6754587153,2638475.8228211007,2777566.5,27
2014-10-17,2766948.845805778,3053624.282631396,2760578.2805429865,3050439.0,30
2014-10-20,2935768.7369109946,3002659.670157068,2820036.8047868363,2839148.5,19
2014-10-21,2735096.404744255,2896484.080800593,2676699.5482765012,2864631.25,20
2014-10-22,2919842.694256757,3142812.5,2882681.0599662163,3142812.5,33
2014-10-23,3217135.673275862,3316941.202413793,3009030.527413793,3079106.75,33
2014-10-24,3084415.93973747,3208641.9861916127,3045130.7797476985,3114145.25,20
2014-10-27,3177850.576451613,3291459.0,3151306.5522580645,3291459.0,16
2014-10-28,3191653.28615596,3290397.0504981102,3079106.6300240466,3090786.0,19
2014-10-29,3190591.5526717557,3509119.8274809164,3081230.178320611,3477267.0,40
2014-10-30,3589813.9409999996,4266155.698,3578134.57,4247044.0,47
2014-10-31,4870297.973968254,5096453.079365079,4531596.196402117,5016821.0,54
2014-11-03,4726958.043488883,4900025.015880772,4267215.718055217,4345786.0,27
2014-11-04,4420110.858731557,4884100.396388461,4388258.030059458,4821456.5,23
2014-11-05,5282261.357540234,5468069.545996424,4730145.597556129,5343843.5,50
2014-11-06,5043364.753182935,5110255.6962251505,4303317.335715882,4753504.0,37
2014-11-07,4471075.507667355,4471075.507667355,3538849.362872309,3600431.5,45
2014-11-10,3761819.340270812,4324552.68781344,3759695.818204614,4234303.0,38
2014-11-11,4017703.815154994,4051680.168771527,3450723.4141791044,3699175.5,33
2014-11-12,3567516.6483675237,3943380.0095348167,3407190.7513724356,3674754.5,30
2014-11-13,3540973.3004416227,3931701.3887662156,3499564.6171680926,3846760.5,31
2014-11-14,4050617.550352467,4118570.2432024167,3068488.786505539,3162985.5,59
2014-11-17,3244741.4538981845,3342423.461018156,2913472.038447846,2982486.5,33
2014-11-18,2821099.529576588,2893299.291718555,2526991.6749688666,2557782.75,46
2014-11-19,2585387.650985663,2997350.857795699,2572646.520878136,2962312.75,69
2014-11-20,2745713.6196116502,2882680.772330097,2632105.206116505,2734034.25,28
2014-11-21,2511064.4976028767,2787122.3282061527,2486643.997203356,2657587.5,41
2014-11-24,2703243.0889911777,2839148.476026084,2624672.7871116227,2768010.5,32
2014-11-25,2744652.472222222,2762702.4111111113,2426124.138888889,2436741.75,41
2014-11-26,2460099.59587889,2557781.5824222034,2460099.59587889,2524867.0,23
2014-11-28,2844457.1185344825,3288273.1228448274,2844457.1185344825,3202270.5,37
2014-12-01,2869939.8321888414,2933645.4888412016,2410197.3433476393,2473903.0,41
2014-12-02,2706428.567480977,2771195.9831798156,2498323.428514217,2651217.0,43
2014-12-03,2547164.401172357,2627858.2296380093,2351800.3954134104,2581140.75,44
2014-12-04,2479211.2813511323,2654401.800161812,2398517.4666262134,2624672.5,39
2014-12-05,2793493.009517527,2878433.883999246,2689440.438277422,2816851.75,44
2014-12-08,2713860.8889739662,3051500.8587289434,2612993.602411945,2773319.5,41
2014-12-09,2496199.9296700847,2533361.5619705752,2212709.7632634863,2381529.75,47
2014-12-10,2388962.309356966,2588573.3823165703,2232883.438478978,2575832.25,52
2014-12-11,2682008.12027833,2728725.6013916503,2413382.6038767397,2670328.75,52
2014-12-12,2689440.572099136,2851890.0026286147,2611932.020277882,2827469.5,45
2014-12-15,2945324.755531318,3422055.4026955436,2784998.85860081,3407190.75,47
2014-12-16,3080168.3579104478,3563269.5653731343,3021771.5086567164,3556899.0,30
2014-12-17,3453908.133508772,3520799.06877193,2932583.5428070175,3026018.5,33
2014-12-18,2805172.576938611,2960189.683764136,2581141.0047455574,2628920.25,33
2014-12-19,2636352.5143137253,2707490.5,2502570.6307843137,2707490.5,31
2014-12-22,2709614.02247191,3169356.527068437,2665020.0612870273,3118392.0,48
2014-12-23,3104588.7299536117,3258544.053429424,2800925.1264082175,3204394.25,32
2014-12-24,3188468.2797511723,3291459.0966462316,2847642.9990984495,2944263.25,19
2014-12-26,2658648.9405320813,2816851.293622848,2601313.859546166,2713860.5,25
2014-12-29,2749960.352022059,2929397.9193933825,2743589.7875,2887989.25,26
2014-12-30,2728725.5602040817,2740404.9303061226,2473902.9397959183,2601314.25,42
2014-12-31,2674575.830291971,2758454.9452554747,2537608.6678832117,2618302.5,34
2015-01-02,2761640.284906915,2807296.006648936,2385776.901263298,2395332.75,57
2015-01-05,2335874.2607852644,2453729.734852157,2189351.2389723705,2190413.0,49
2015-01-06,2138386.6920435033,2164930.7175157415,1776326.1846021751,1854896.5,64
2015-01-07,1969566.3306781044,2023716.132761438,1794375.7945261437,1949392.875,59
2015-01-08,1926034.1044270832,2086359.986328125,1811363.9372395833,2038580.75,62
2015-01-09,1934528.6402180498,1934528.6402180498,1752967.5,1752967.5,60
2015-01-12,1709435.249321574,1733855.7528833107,1490712.4782903665,1565035.75,60
2015-01-13,1475847.6224893488,1809240.538648813,1469477.0572124163,1744473.125,80
2015-01-14,1625555.8961617046,1928157.7448920023,1611753.004816112,1818796.375,72
2015-01-15,1582023.9949442118,1617062.1102684797,1462044.9939853556,1522565.375,80
2015-01-16,1457798.0712607673,1463106.877055599,1328263.2098668753,1355869.0,113
2015-01-20,1270927.8405511812,1283668.971784777,1190234.0094050744,1213592.75,80
2015-01-21,1177493.1333746898,1351621.9646401985,1175369.6110421836,1283669.25,81
2015-01-22,1234828.1959763071,1320830.847630719,1210407.6899509802,1299595.625,88
2015-01-23,1336757.104683973,1440809.6831264107,1319768.9286117381,1411080.375,92
2015-01-26,1493897.2772943038,1539552.9865506329,1337818.457278481,1342065.5,73
2015-01-27,1304903.8986899564,1311274.4628820962,1201913.1109170306,1215716.0,94
2015-01-28,1267742.620879121,1387721.6126373627,1231642.7472527472,1352683.5,91
2015-01-29,1451427.3196935724,1513009.4590807175,1394092.2244020926,1420636.25,97
2015-01-30,1407894.871387283,1476909.325867052,1277298.2882947975,1285792.375,79
2015-02-02,1361177.3169907017,1366486.120879121,1217839.6120033811,1256063.0,78
2015-02-03,1304904.0351808176,1377103.7702437106,1258186.5595518867,1350559.75,93
2015-02-04,1300657.087520938,1348436.3274706868,1238013.1951423786,1267742.5,80
2015-02-05,1300657.0421006945,1322954.0199652778,1223148.5,1223148.5,76
2015-02-06,1359054.156133829,1428068.625,1321892.5190520445,1428068.625,114
2015-02-09,1385598.1471631206,1389845.1912923562,1324016.007289204,1347374.75,56
2015-02-10,1398339.3725018506,1457797.9942635086,1390907.0447816432,1434439.25,83
2015-02-11,1414265.5599435824,1520441.65303244,1406833.2334273625,1505577.0,65
2015-02-12,1463106.631771596,1507700.5929721815,1425944.9974377744,1450365.5,55
2015-02-13,1417450.8794576523,1441871.3815007429,1366486.3534546806,1429130.25,47
2015-02-17,1534244.9034552847,1583085.9176829269,1498145.0233739838,1567159.5,73
2015-02-18,1557603.3285326087,1610691.376539855,1434439.057155797,1465230.125,78
2015-02-19,1457798.034075459,1587332.8921651938,1446118.661624745,1561850.625,64
2015-02-20,1534244.6411182,1587332.6909838817,1474786.0252686366,1580962.125,68
2015-02-23,1608568.1148028553,1639359.1876274643,1518318.418592794,1561850.625,59
2015-02-24,1617061.887174783,1638297.105653769,1541676.8615743828,1591579.625,56
2015-02-25,1540615.0273161244,1559726.7230374822,1471600.5705445544,1501329.875,65
2015-02-26,1436562.669197397,1483280.154374548,1428068.5809833694,1468415.5,52
2015-02-27,1427006.625283876,1437624.2341029523,1360115.6897236942,1402586.125,66
2015-03-02,1391968.5905081157,1524688.707833451,1386659.7858151023,1504515.25,62
2015-03-03,1487526.9424176193,1602197.1135675858,1438685.9435944855,1578838.375,52
2015-03-04,1569282.7040653008,1672273.5175256082,1568220.9431017926,1658470.625,56
2015-03-05,1620247.3489684076,1690323.5776918118,1578838.6683591232,1646791.375,45
2015-03-06,1802870.01471361,2039642.6962690488,1799684.7320021018,2020531.0,82
2015-03-09,1967443.0061787071,2242439.0874524713,1952578.3531368822,2233945.0,66
2015-03-10,2227574.1282924614,2399579.375567666,2117151.006584923,2337997.25,61
2015-03-11,2323133.1041562343,2483459.0176514774,2100163.290686029,2120336.75,92
2015-03-12,2078927.7411019015,2238191.8683568994,2049198.4373476354,2177671.5,65
2015-03-13,2134139.2190569746,2354985.466601179,2130953.9366404717,2161745.0,67
2015-03-16,2155374.5108427797,2282785.811976343,2093792.3819615573,2154312.75,60
2015-03-17,2245624.7893729056,2280662.9066539016,2088484.1421732886,2218019.0,52
2015-03-18,2236067.9671532847,2298711.846574958,1867637.015300393,1890995.75,72
2015-03-19,1922848.8533507998,1999295.6327220078,1868699.0512961943,1924972.375,57
2015-03-20,1844278.7233846153,1864452.1809230768,1686076.3458461538,1725361.5,69
2015-03-23,1698817.635532332,1724299.9000653168,1616000.2758001308,1625556.125,57
2015-03-24,1602197.0297696302,1669087.9594419207,1594764.7042504866,1636173.375,64
2015-03-25,1590518.0666666667,1714744.1105919003,1573529.8897196262,1704126.5,47
2015-03-26,1623432.3300653596,1843216.824717766,1576714.8529411766,1786943.5,68
2015-03-27,1828352.2495702005,1911169.5988538682,1765708.3571633238,1852772.75,66
2015-03-30,1946207.4317260939,1989739.621961102,1888872.351904376,1965319.125,49
2015-03-31,1939836.994921875,2060877.7269531249,1905860.6490885415,2038580.75,39
2015-04-01,1937713.161878882,1963195.417158385,1702002.3005434782,1709434.625,62
2015-04-02,1743411.3961214672,1831537.5507366206,1676520.459485869,1765708.375,60
2015-04-06,1589456.175557056,1634050.136394328,1544862.2147197837,1572468.0,55
2015-04-07,1608567.7846262562,1694570.4186557787,1592641.3709170853,1690323.375,49
2015-04-08,1663779.2878624306,1769955.3751542259,1627679.4181832203,1721114.375,62
2015-04-09,1775264.2670283304,1804993.5729355032,1727485.0253918022,1761461.375,40
2015-04-10,1662717.6619973632,1665902.9448747528,1608567.8530817402,1610691.375,49
2015-04-13,1606444.1746487867,1678643.912835249,1606444.1746487867,1662717.5,46
2015-04-14,1660594.2612818836,1669088.3495748856,1577776.9004251144,1623432.625,57
2015-04-15,1587332.3137535816,1623432.1790830945,1472662.1532951288,1482218.0,68
2015-04-16,1469477.1524137931,1557603.3111206896,1433377.2801724137,1539553.375,63
2015-04-17,1510885.8833044982,1554418.083737024,1463106.6389273356,1534244.625,46
2015-04-20,1576714.902631579,1601135.4028070176,1509823.9673684211,1513009.25,53
2015-04-21,1514071.171729807,1549109.2843995711,1460983.1222301645,1485403.625,43
2015-04-22,1523627.087557227,1626617.9081098759,1501330.1057880968,1623432.625,65
2015-04-23,1616000.3963286714,1618123.9185314686,1484342.0197552447,1518318.375,64
2015-04-24,1545923.7894039736,1603258.875,1500268.0730960264,1603258.875,69
2015-04-27,1542738.599049965,1557603.2517593245,1404709.6810344828,1508762.25,100
2015-04-28,1475847.6806989673,1475847.6806989673,1324015.868943606,1336757.0,107
2015-04-29,1331448.1304347827,1355868.6304347827,1258186.6304347827,1294286.5,95
2015-04-30,1395153.8796226415,1452488.9705660378,1378165.704528302,1406833.25,105
2015-05-01,1445056.6063562597,1452488.9327666152,1371795.1031684699,1373918.625,78
2015-05-04,1311274.6951702295,1368609.7830562154,1294286.5209817893,1341004.0,51
2015-05-05,1302780.6998076923,1405771.513076923,1286854.2853846154,1380289.25,74
2015-05-06,1361177.6935714285,1494959.5885714286,1354807.1271428573,1486465.5,81
2015-05-07,1526812.6028769119,1582024.1851784412,1456736.3638018935,1457798.125,62
2015-05-08,1433377.44140625,1502391.9108072917,1408956.9368489583,1427006.875,66
2015-05-11,1434438.9457989498,1467353.533008252,1388783.2280570143,1415327.25,52
2015-05-12,1395153.8159533073,1406833.1857976653,1350559.8583657588,1364362.75,64
2015-05-13,1300656.875,1307027.4392857142,1242260.0357142857,1263495.25,114
2015-05-14,1224210.3091159053,1274113.0710659898,1178554.5907360406,1255001.375,129
2015-05-15,1284730.6852472757,1305965.9031852472,1226333.8359178542,1266680.75,84
2015-05-18,1245445.5320620285,1284730.6852472757,1233766.1621961442,1266680.75,67
2015-05-19,1316583.641881639,1403648.04400607,1315521.8808801214,1399401.0,122
2015-05-20,1387721.5109111792,1397277.3591117917,1337818.748085758,1386659.75,51
2015-05-21,1401524.3693693692,1425944.8697447446,1379227.3907657657,1414265.5,43
2015-05-22,1411080.2705555554,1440809.5764814813,1388783.291111111,1433377.25,43
2015-05-26,1518318.043478261,1576714.891304348,1516194.5217391304,1562912.0,60
2015-05-27,1549109.4469405594,1582024.041083916,1515133.0916958041,1518318.375,37
2015-05-28,1545924.12,1584147.5185714287,1470539.0839285715,1486465.5,50
2015-05-29,1470539.2297031474,1505577.3485336194,1436562.8720493563,1484342.125,41
2015-06-01,1431253.9062278839,1513009.5076963906,1410018.6850672327,1500268.375,43
2015-06-02,1473723.9591009582,1486465.0884303611,1418512.3986735446,1440809.375,50
2015-06-03,1473724.3657601115,1537430.029986053,1449303.8611401673,1522565.375,46
2015-06-04,1572468.041,1604320.871,1565035.714,1592641.5,46
2015-06-05,1658470.4074727388,1696693.797145606,1613876.4528543937,1655285.125,59
2015-06-08,1645729.2754461337,1688199.7083608725,1606444.125,1606444.125,35
2015-06-09,1589455.9286395423,1672273.271614749,1555479.5828035602,1670149.75,33
2015-06-10,1600073.5338899805,1640420.4444990177,1571405.992141454,1621308.75,39
2015-06-11,1656347.1659278022,1704126.4110987966,1645729.5558898037,1676520.625,37
2015-06-12,1692446.9113846153,1740226.1529230769,1669088.171076923,1725361.5,36
2015-06-15,1738102.6040377475,1762523.1048886138,1649976.4487933167,1715805.625,43
2015-06-16,1756152.5906250002,1793314.2234375002,1743411.459375,1783758.375,34
2015-06-17,1809240.4737864078,1814549.2779935275,1628741.1307443366,1640420.5,65
2015-06-18,1557603.4592611336,1597950.3791329286,1550171.1319163293,1573529.875,55
2015-06-19,1586270.6724083438,1711558.4497471554,1578838.3466340075,1679705.625,48
2015-06-22,1744473.157020445,1768893.6576969333,1714743.851849068,1765708.375,37
2015-06-23,1788005.3981314045,1789067.1590566607,1712620.3724382159,1761461.375,39
2015-06-24,1773140.5697639226,1789066.9820671913,1723237.8112136803,1754028.875,36
2015-06-25,1763584.93702234,1810302.418797766,1732793.8694885364,1806055.375,24
2015-06-26,1815610.8604178757,1844278.4003192107,1785881.5597794545,1829413.75,30
2015-06-29,1808178.667275281,1896304.8148876405,1794375.7766853932,1889934.25,35
2015-06-30,1914354.5538052374,1966380.8284233497,1848525.3900027277,1946207.375,48
2015-07-01,1963195.960218607,2101224.8811642095,1954701.8727758008,2088483.75,42
2015-07-02,2055569.1001076426,2059816.1437029063,1956825.336517761,1972751.75,49
2015-07-06,2012036.905394075,2047075.0150922304,1833661.0742034658,1899490.25,52
2015-07-07,2019469.265210991,2181918.6855986263,2019469.265210991,2163868.75,66
2015-07-08,2098039.540009583,2222265.5654048873,2055569.1039770003,2215895.0,42
2015-07-09,2115028.197674419,2249871.8628875967,2086360.6468023257,2191475.0,36
2015-07-10,2171300.6951650945,2306144.308018868,2162806.609316038,2250932.75,40
2015-07-13,2345429.8177404073,2399579.6234012316,2237130.2064187587,2241377.25,42
2015-07-14,2239253.6204524254,2284909.3367537316,2184042.056553172,2276415.25,35
2015-07-15,2344368.533333333,2451606.4055555556,2328442.1166666667,2436741.75,45
2015-07-16,2451606.4001269573,2529114.961066441,2450544.639018197,2508941.5,41
2015-07-17,2566275.962789828,2869939.5645100973,2558843.6368735977,2839148.5,61
2015-07-20,3251112.214850367,3775622.1541501977,3209703.535431959,3760757.5,108
2015-07-21,3526107.7376373624,3564331.1277472526,3138565.0323565323,3478328.5,63
2015-07-22,3704483.5704214675,3813844.9369314737,3365781.86249242,3501687.25,53
2015-07-23,3383832.1951754387,3928515.5701754387,3340299.995614035,3873304.0,54
2015-07-24,4028321.093222938,4227932.154247164,3418870.3005213127,3462402.5,61
2015-07-27,3580257.9367720466,3921083.2029950083,3238370.9095951193,3828710.0,41
2015-07-28,3707668.481660506,3859500.266562411,3606801.2119704294,3734212.5,23
2015-07-29,3720410.6276049535,3851007.2335397163,3418870.496828753,3515490.75,32
2015-07-30,3741645.514984878,3925330.155760242,3612110.681605719,3861624.5,32
2015-07-31,3572825.9973055637,3780931.166836586,3443291.1468831925,3645025.75,24
2015-08-03,3715102.2619458456,4081409.8585080965,3697052.3224050966,3999654.25,25
2015-08-04,3827648.7576422114,4098397.8375863903,3762881.3306751726,3994345.25,21
2015-08-05,3864809.605497582,4247043.522524815,3774559.9306439296,4171658.5,29
2015-08-06,4061237.3101952276,4150425.2668112796,3611050.481561822,3915776.0,33
2015-08-07,3906219.0829679365,3944442.48252946,3497441.059879419,3874366.25,36
2015-08-10,3723595.9997469634,3913651.2275641025,3106712.830128205,3147059.75,54
2015-08-11,3010093.083902264,3332868.4974847287,2954881.5,2954881.5,36
2015-08-12,2779689.575067024,2800924.789544236,2341182.396112601,2376220.5,52
2015-08-13,2554596.6724941726,2786060.543900544,2485582.2154234652,2732972.5,44
2015-08-14,2591758.2627340825,2902854.1951310863,2546102.545692884,2834901.5,40
2015-08-17,2643784.974779319,2674576.0447667087,2471779.6872635563,2525929.5,39
2015-08-18,2659710.5712121213,2769071.924040404,2563090.346868687,2627857.75,39
2015-08-19,2573708.684280053,2579017.4893218847,2367727.048656979,2411259.25,54
2015-08-20,2173424.4327116935,2236068.322076613,2014160.3072076612,2106533.5,60
2015-08-21,1990801.5544946438,2343306.149743829,1982307.4678621334,2279600.5,59
2015-08-24,2386838.691701089,2873125.2223056704,2187227.626736763,2827469.5,67
2015-08-25,2627858.133766678,3179973.7820732123,2601314.1122134794,3103527.0,44
2015-08-26,3273409.2536764704,3609987.5,3252174.033088235,3537787.75,43
2015-08-27,3526108.3786764704,3585566.996323529,2857198.930147059,2960189.75,37
2015-08-28,2944263.432117225,2966560.4144736845,2555658.8824760765,2662896.75,41
2015-08-31,2822160.888845401,3018586.6843444225,2712799.5,2712799.5,33
2015-09-01,2648032.076591154,2980363.2874865155,2572647.041531823,2952757.5,31
2015-09-02,2920904.4379646014,3201209.334955752,2827469.472300885,2999474.75,35
2015-09-03,3173603.698418041,3184221.308650286,2749961.050151464,3154492.0,36
2015-09-04,3234124.32166891,3397635.531628533,3137504.061238223,3155554.0,28
2015-09-08,3068489.0984033323,3205456.2588510937,2919842.567684832,3058933.25,24
2015-09-09,3186344.2335631815,3350917.1613213597,3075921.107841565,3310570.25,31
2015-09-10,3167232.632503193,3367905.4342273306,3112021.068007663,3325435.0,23
2015-09-11,3424179.1323814136,3716163.3994837045,3223506.3088092934,3290397.25,34
2015-09-14,3379585.382450331,3490008.5303532006,3174665.5022075055,3366844.25,25
2015-09-15,3381708.53515625,3441167.1467633927,3189529.808354592,3329682.25,20
2015-09-16,3135379.043834297,3139626.086223507,2722354.1714836224,2755268.75,44
2015-09-17,2850827.861052632,2887989.4905263158,2426123.5242105266,2521682.0,41
2015-09-18,2347553.757352941,2569461.8239683933,2288095.1366330115,2418691.75,40
2015-09-21,2526990.3394937725,2651216.335174769,2470717.025210928,2642722.25,35
2015-09-22,2840210.315812721,3036636.0759717315,2813666.2941696113,3004783.25,41
2015-09-23,2826407.4847908746,3098218.2722087796,2790307.614586934,3071674.25,22
2015-09-24,2828531.360977739,2871001.801833261,2386838.7760803145,2432494.5,65
2015-09-25,2541855.445075758,2585387.6394149833,2466470.4256102694,2522743.75,33
2015-09-28,2727664.1512448904,2907101.769602378,2672452.576365663,2857199.0,37
2015-09-29,2788184.4271844663,2909225.1829723674,2656526.061239731,2843396.0,20
2015-09-30,2957003.9366720193,2968683.3059012443,2627858.0765756723,2644846.25,31
2015-10-01,2597066.683971201,2846580.449602122,2484520.049261084,2801986.5,30
2015-10-02,2479211.6806930695,2518496.8336633663,2134139.391089109,2144757.0,78
2015-10-05,2087422.225315729,2094854.5526693454,1834723.0952927668,1849587.75,93
2015-10-06,1707311.5907335908,1813487.6846846847,1619185.4327541827,1649976.5,106
2015-10-07,1645729.4176226896,1746596.7045092415,1604320.7419534735,1665902.875,87
2015-10-08,1750843.970994475,1764646.8646408839,1497083.080110497,1729608.75,101
2015-10-09,1550171.0911094781,1584147.4437913299,1445056.75,1445056.75,113
2015-10-12,1354806.9211772666,1614938.344130582,1353745.1602672532,1569282.625,87
2015-10-13,1574591.5691196697,1604320.877235213,1465230.1856946354,1543800.5,84
2015-10-14,1443994.9830508474,1460983.1593220339,1223148.691525424,1252878.0,163
2015-10-15,1316583.3234042553,1339942.059787234,1221024.8563829788,1247568.875,135
2015-10-16,1258186.7109375,1359054.0,1227395.64375,1359054.0,133
2015-10-19,1376042.3472803347,1549109.401760809,1347374.798378661,1522565.375,153
2015-10-20,1469476.7816455695,1474785.5850474683,1292162.7480221519,1342065.5,134
2015-10-21,1401524.28,1493897.4711818183,1383474.346090909,1459921.125,105
2015-10-22,1480094.7101837671,1486465.275650842,1348436.3571975497,1386659.75,104
2015-10-23,1338880.4169075144,1437624.1748554911,1252877.7890173409,1285792.375,143
2015-10-26,1295348.4422492401,1403648.0661094226,1295348.4422492401,1397277.5,111
2015-10-27,1433377.1963330787,1462044.7402597403,1350559.847211612,1389845.0,90
2015-10-28,1304904.2653958944,1513009.4208211144,1199789.926686217,1448242.0,207
2015-10-29,1504515.0670513653,1665902.7100942782,1463106.3954811443,1632988.125,138
2015-10-30,1657408.818832599,1697755.7343455004,1555479.769115796,1687138.125,116
2015-11-02,1747658.3229299362,1807116.929299363,1622370.54522293,1666964.5,127
2015-11-03,1764646.4184375,1779511.069375,1645729.2109375,1698817.25,130
2015-11-04,1662717.426617647,1814549.222279412,1604320.582132353,1804993.375,117
2015-11-05,1804993.375331565,2036457.2316976127,1804993.375331565,2001419.125,130
2015-11-06,2206339.447838346,2297650.897556391,2163869.0061090225,2259427.5,101
2015-11-09,2268982.8248221544,2348614.8846544717,2088483.4892022358,2089545.25,94
2015-11-10,2208462.93029872,2272168.5917496444,2139448.4637268847,2239254.0,80
2015-11-11,2211647.7578585465,2268982.8413555995,2161745.0,2161745.0,59
2015-11-12,2309329.6675343113,2332688.404401325,2096977.5141978231,2243500.5,87
2015-11-13,2263674.729452055,2282786.4297945206,2145819.2440068494,2170239.75,62
2015-11-16,2122460.3162318114,2165992.5188158555,2060878.1759909685,2116089.75,47
2015-11-17,2172362.64090106,2431432.2813604237,2150065.66364841,2403826.5,89
2015-11-18,2390023.7766343825,2503632.1924939468,2142633.4878934626,2192536.25,88
2015-11-19,2091668.6527552672,2107595.0638168557,1916478.1310777958,1965319.125,89
2015-11-20,1937714.0030487806,2220142.455,1915417.02,2176610.25,85
2015-11-23,2229697.782546495,2271106.45565093,2156436.2839771104,2226512.5,56
2015-11-24,2092730.1561493017,2150065.2289205156,1964257.1227175079,1976998.25,69
2015-11-25,2059816.1312335958,2091668.9580052493,1932404.8241469816,2022654.5,66
2015-11-27,2161745.3624563157,2178733.538192711,2081051.5277084375,2126707.25,44
2015-11-30,2096977.597811671,2111842.249137931,1980183.9088196286,2001419.125,61
2015-12-01,1963195.8068578918,2029024.9793972045,1807116.962288876,1823043.375,77
2015-12-02,1953639.8211382113,2029024.8359756097,1878254.8063008129,1958948.625,92
2015-12-03,1857020.4073487034,1935590.7390489914,1788005.9268011528,1842155.75,96
2015-12-04,1775264.2482946794,1780573.0528649387,1540615.0862892224,1556541.5,108
2015-12-07,1613876.3653023825,1784819.8487324375,1599011.7145693342,1738102.375,87
2015-12-08,1725361.465800478,1837908.1214157706,1697755.6823476704,1777387.75,77
2015-12-09,1648914.5885997522,1777387.650557621,1617061.7633209417,1713682.0,78
2015-12-10,1752967.3886754764,1763584.9985402583,1645729.5290411802,1727485.125,60
2015-12-11,1799684.9250951172,1800746.6861128726,1619185.5520767279,1674397.125,82
2015-12-14,1706250.073965705,1951516.8860914535,1690323.6575939031,1950455.125,111
2015-12-15,1889934.2784216336,1978060.4273592716,1843216.8018763799,1923910.625,58
2015-12-16,1801808.04578125,1910107.64546875,1672273.23046875,1698817.25,101
2015-12-17,1877193.2787234043,2008851.6308510639,1872946.235106383,1996110.5,74
2015-12-18,1900552.655359179,1926034.9255986318,1776326.5879418473,1862329.25,79
2015-12-21,1737040.9060990338,1803931.8456370772,1708373.3605827293,1758276.125,63
2015-12-22,1778449.4132501485,1811363.999405823,1698817.3499702911,1786943.5,55
2015-12-23,1755090.9392811905,1765708.5493191893,1674397.1029924,1676520.625,69
2015-12-24,1638297.0841508796,1646791.1714309878,1563973.8204499325,1569282.625,43
2015-12-28,1645729.3060718712,1762522.9987608427,1645729.3060718712,1713682.0,62
2015-12-29,1658470.5594706633,1725361.497528699,1630864.775510204,1664841.125,42
2015-12-30,1767831.8858924278,1799684.7126652643,1740226.1026893028,1766770.125,49
2015-12-31,1773140.5697639226,1790128.7428874092,1734917.1802360774,1754028.875,33
2016-01-04,1592641.4603960395,1691385.230940594,1551232.7824257426,1608567.875,64
2016-01-05,1588394.1017612526,1661655.5944227006,1587332.340998043,1627679.25,41
2016-01-06,1553356.2122852232,1579900.2350515462,1514071.0585910652,1544862.125,68
2016-01-07,1470539.0659557662,1504515.4198262244,1300657.2966034757,1344189.5,98
2016-01-08,1449303.860701107,1506638.9584870848,1406833.417896679,1438686.25,65
2016-01-11,1423821.4461931444,1645729.4866512853,1410018.553724456,1610691.375,84
2016-01-12,1666964.6339009288,1804993.5526315789,1662717.5902476779,1714743.875,76
2016-01-13,1747658.3968229487,1817734.6144355335,1649976.3965144972,1721114.375,62
2016-01-14,1788005.5145658262,1952578.468697479,1730670.4208683472,1895243.375,65
2016-01-15,1704126.4032235749,1932405.0179856115,1698817.5982291088,1918602.125,39
2016-01-19,1871884.8628361858,2225451.3173594135,1853834.9237163814,2171301.5,52
2016-01-20,2014159.8712406014,2170238.6804511277,1974874.7287862513,1976998.25,60
2016-01-21,2070434.1346153845,2179795.527366864,1935590.475591716,1973813.875,67
2016-01-22,2038581.1412742382,2067248.6885734072,1848525.9202908587,1916478.625,52
2016-01-25,1823043.4522986778,1852772.7572866585,1749781.9507211538,1766770.125,53
2016-01-26,1703064.4588804422,1704126.219765031,1518318.0649619903,1536368.0,81
2016-01-27,1566097.3002011704,1611753.0181053402,1447180.0814740306,1451427.125,88
2016-01-28,1551232.804945055,1592641.4835164836,1456736.076923077,1545924.0,81
2016-01-29,1571406.199411332,1592641.4183222956,1433377.2764900662,1442933.125,72
2016-02-01,1404709.723662885,1410018.528363047,1305965.9562398703,1310213.0,93
2016-02-02,1350559.5938931296,1445056.2950381679,1327200.858778626,1390906.5,79
2016-02-03,1359054.2635658914,1362239.546996124,1093613.9777131784,1095737.5,202
2016-02-04,995931.7898383371,999117.0727482678,872767.517321016,919485.0,240
2016-02-05,986375.8827908587,1016105.1881925208,761282.5704639889,766591.375,232
2016-02-08,703947.4753166916,714565.0842958272,649797.6695230999,712441.5625,274
2016-02-09,676341.6529737903,793135.3450100806,666785.8054435484,789950.0625,300
2016-02-10,798444.0802292264,880199.6575931233,737923.717765043,741109.0,267
2016-02-11,586091.8656307131,658291.5882084095,546806.722463437,580783.0625,450
2016-02-12,633871.1653903162,637056.4476284585,535127.4160079052,537250.9375,321
2016-02-16,615821.4139020537,675280.0331753555,580783.2989731438,672094.75,361
2016-02-17,637056.5360915493,659353.5148547535,591400.8176716549,603080.1875,265
2016-02-18,633871.2079326923,641303.5336538461,494780.5408653846,496904.0625,355
2016-02-19,518139.36799999996,541498.11,494780.626,530880.5,276
2016-02-22,582906.7143404908,588215.5186605317,507521.69299591,519201.0625,329
2016-02-23,493719.0455531453,511768.989154013,477792.6247288503,489472.0,241
2016-02-24,448063.0830997758,496904.0826793722,416210.25728699553,473545.34375,496
2016-02-25,482039.46229460096,486286.5060152582,448063.1125293427,452310.15625,291
2016-02-26,483101.1103370488,505398.08466029726,456557.09328556265,500089.28125,378
2016-02-29,480977.7046875,483101.2265625,444877.8328125,445939.59375,240
2016-03-01,442754.33302436443,504336.4704713983,437445.5280720339,501151.1875,363
2016-03-02,489471.6401949542,500089.2462729358,452310.01892201835,462927.625,351
2016-03-03,455495.41607142857,458680.6987012987,392851.5243506493,408777.9375,475
2016-03-04,406654.4143846649,422580.82748067006,341887.0011275773,411963.21875,790
2016-03-07,396036.75787965616,400283.80085959885,349319.28510028654,370554.5,565
2016-03-08,356751.62342569267,423642.5528180101,352504.58028967254,421519.03125,542
2016-03-09,451248.391661352,461866.00087691325,402407.3892697704,416210.28125,657
2016-03-10,398160.37390029326,402407.41788856307,358875.2170087976,362060.5,534
2016-03-11,369492.86666666664,389666.3277777778,351442.9277777778,382234.0,395
2016-03-14,374801.6449845679,433198.5018518518,367369.3177469136,430013.21875,512
2016-03-15,431074.9072368421,449124.84177631576,402407.36414473684,403469.125,456
2016-03-16,422580.8510726073,438507.2650577558,318528.2797029703,321713.5625,663
2016-03-17,315342.960495283,344010.50235849054,296231.2659198113,337639.9375,760
2016-03-18,344010.57921974524,345072.34026671975,316404.7919984076,333392.96875,444
2016-03-21,337640.0129378981,347195.8623606688,323837.1193272293,333392.96875,379
2016-03-22,318528.2947284345,345072.3192891374,313219.48981629394,332331.1875,353
2016-03-23,372678.0490722656,409839.67789713544,367369.2449544271,407716.15625,622
2016-03-24,394975.01532033423,405592.6232590529,372678.038649025,381172.125,341
2016-03-28,371616.3888888889,402407.4611111111,368431.10555555555,382234.0,249
2016-03-29,371616.27906976745,384357.40863787377,314281.19601328904,319590.0,601
2016-03-30,331269.44855305465,349319.38645498396,319590.07696945337,330207.6875,468
2016-03-31,318528.221749226,344010.4794891641,314281.17879256967,342948.71875,324
2016-04-01,370554.47745253163,376925.0415348101,335516.375,335516.375,439
2016-04-04,340825.2697368421,366307.53289473685,339763.50877192983,363122.25,319
2016-04-05,336578.17908653844,365245.7211538461,329145.8533653846,331269.375,382
2016-04-06,345072.2883064516,348257.57096774195,327022.35322580644,329145.875,340
2016-04-07,310034.18089788733,313219.4635783451,297293.05017605633,301540.09375,600
2016-04-08,303663.64208984375,304725.4030761719,267563.7685546875,271810.8125,596
2016-04-11,253760.8693720379,255884.3912914692,220846.27962085308,224031.5625,762
2016-04-12,222969.77776092233,233587.38622572814,213413.9301425971,218722.734375,657
2016-04-13,229340.3412162162,238896.1887668919,220846.2545045045,235710.90625,599
2016-04-14,238896.2299014523,266502.01646784233,232525.6637707469,255884.40625,725
2016-04-15,251637.3472143665,262254.9568014706,231463.8889988688,234649.171875,479
2016-04-18,227216.84516402715,244205.02050339367,226155.08420531673,234649.171875,352
2016-04-19,208105.12763157894,212352.17105263157,195363.99736842106,201734.5625,680
2016-04-20,201734.57364949747,215537.4655307789,186869.92085427136,211290.421875,883
2016-04-21,195363.9927248677,211290.40517526455,193240.4710648148,200672.796875,782
2016-04-22,209166.89261642157,221908.02313112744,196425.76210171566,216599.21875,726
2016-04-25,213413.9393780048,224031.54830228366,209166.89580829325,220846.265625,420
2016-04-26,213413.93548646907,224031.54421713916,205981.609375,205981.609375,418
2016-04-27,202796.30873997326,217660.95964237966,197487.50484625666,198549.265625,609
2016-04-28,193240.4888803681,195364.01073619633,169881.74846625768,173067.03125,845
2016-04-29,162449.39808238638,163511.1588541667,139090.6611032197,140152.421875,940
2016-05-02,135905.42028985507,151831.83673007245,134843.65919384058,146523.03125,931
2016-05-03,144399.4974832215,162449.43466862416,144399.4974832215,158202.390625,820
2016-05-04,168819.98328488372,185808.15770348837,159264.1351744186,182622.875,954
2016-05-05,174128.81170382164,176252.3337977707,161387.67914012738,166696.484375,702
2016-05-06,155017.12001811594,158202.40330615942,140152.46467391303,146523.03125,944
2016-05-09,164572.95428240742,174128.80324074073,162449.43229166666,172005.28125,759
2016-05-10,170943.49026113015,178375.81592465754,151831.79569777398,155017.078125,682
2016-05-11,145461.23565764926,158202.36578824627,136967.14890391793,142275.953125,990
2016-05-12,141214.20910904254,152893.57978723405,135905.40425531915,149708.296875,833
2016-05-13,149708.30987682482,152893.59306569342,142275.9824361314,145461.265625,619
2016-05-16,136967.1875,142275.99321705426,131658.38178294574,136967.1875,686
2016-05-17,139090.691,143337.735,128473.08099999999,132720.125,896
2016-05-18,140789.51028120937,163935.9003576073,134843.64861020807,163298.84375,2139
2016-05-19,175402.92434210528,180074.67293233084,152575.06191259398,155335.640625,2784
2016-05-20,149814.4384387949,166696.43398221684,149389.73414839432,153742.953125,1862
2016-05-23,164360.5545933735,166802.60417712515,149920.609228581,158627.046875,1668
2016-05-24,168501.42087823275,185277.2397180316,164785.2584770115,184746.359375,1925
2016-05-25,187506.95902305076,198230.74320273826,167333.50363551982,171580.546875,2342
2016-05-26,164042.09146834566,177207.9292302064,159476.5186960875,172323.828125,1955
2016-05-27,177632.61430641968,190373.74623515274,172748.51373373868,187719.34375,2467
2016-05-31,186869.89264705882,191966.3442647059,168501.4316084559,180499.328125,2012
2016-06-01,177314.0734186747,186126.68904367468,168182.92951807228,176252.3125,1979
2016-06-02,178694.37546205492,182516.71504413095,171155.87239740495,175933.796875,1504
2016-06-03,145248.88577586206,145355.06186195553,116050.4621001588,117006.046875,3855
2016-06-06,117430.74147989834,123164.2496534196,113608.40269755083,114882.515625,2089
2016-06-07,119448.1100080699,120828.39927927426,114988.71390110195,119235.7578125,1591
2016-06-08,103946.39971127718,108936.6763062006,99593.17970293973,107450.2109375,2208
2016-06-09,107768.74564178719,109892.26772339876,101929.05991735536,102778.46875,1480
2016-06-10,100336.4208984375,109573.7421875,96089.37662760417,107025.515625,2834
2016-06-13,99380.82692307692,111484.90199704142,98531.4181459566,107662.5625,1829
2016-06-14,105857.56013673682,117430.75377254857,105857.56013673682,114776.3515625,1945
2016-06-15,114988.70670504957,116475.17198101513,98743.76476056888,101716.6953125,2080
2016-06-16,93541.14320424641,112015.78442733253,93434.96710526316,110954.0234375,2608
2016-06-17,105114.32682162363,114457.82253910128,104158.74203233614,106919.3203125,2130
2016-06-20,117006.0504503408,118280.16352239532,107025.49805258033,109042.84375,2104
2016-06-21,115944.29069244605,118386.3407711331,112759.00798111511,118067.8125,1955
2016-06-22,116793.71917107796,119979.00242119827,110210.80045416266,110316.9765625,1784
2016-06-23,113396.0673415493,114882.53264377934,107874.91050469484,113077.5390625,1708
2016-06-24,80481.48189851767,98212.8901795895,80162.95360604333,93116.4375,3093
2016-06-27,90992.90933994982,96514.06603268889,86427.33745941558,89931.1484375,2390
2016-06-28,94496.71936585022,95664.65634677646,90462.02797719595,94284.3671875,2306
2016-06-29,90143.51298957082,90674.39351365546,83985.29891018907,88444.6953125,2757
2016-06-30,85684.10105363984,88444.67927841634,82817.34674329501,83135.875,2253
2016-07-01,76128.25253031717,76659.13295242538,69651.51138059702,71137.9765625,3109
2016-07-05,67952.71496815287,72412.11188793789,65829.1926253981,66678.6015625,2554
2016-07-06,63705.662687059856,64555.07152288732,59777.146821357834,60308.02734375,4664
2016-07-07,63280.9568236715,67315.64870169082,62856.25241545894,65935.359375,3704
2016-07-08,65723.03152703901,67315.67364804965,58927.75847739362,59883.34375,4110
2016-07-11,61794.491768224514,62219.19617900268,58715.38479008274,59352.44140625,2276
2016-07-12,61263.59581912119,66466.22354032905,60201.83505969101,66147.6953125,3087
2016-07-13,61794.49043905417,63493.30804562611,58290.679125499555,59777.14453125,2853
2016-07-14,64767.41785285777,65935.35489610603,60520.37405922775,60838.90234375,2551
2016-07-15,63917.987428616754,64024.16348746827,61157.409898477155,62750.05078125,1850
2016-07-18,62325.368764765895,64661.24289223582,61688.31218454682,61794.48828125,1603
2016-07-19,63068.58007487521,64236.516742928456,62112.99552828619,63811.8125,1252
2016-07-20,68695.93480718085,76128.26160239361,68589.75871010638,74854.1484375,2951
2016-07-21,72305.9276701878,74004.74535406886,66466.24188184664,67846.53125,2588
2016-07-22,70607.10864599534,70607.10864599534,67209.4733427294,68271.234375,1417
2016-07-25,71562.69043242297,77933.25634628852,71456.51433385855,75809.734375,2826
2016-07-26,71987.3852739726,73792.37871004565,67740.34189497717,69757.6875,1981
2016-07-27,66253.88919454225,71456.51831398548,58821.56188105193,60308.02734375,3038
2016-07-28,59352.42673550088,63493.293717047454,58396.84204745167,60414.1875,2381
2016-07-29,57228.90370081574,58821.54480566219,54255.9736384357,55317.734375,3441
2016-08-01,55848.62088323353,57016.55782185629,52769.51440868264,53194.21875,3394
2016-08-02,51283.05859375,52026.29132699275,49690.417022515525,51283.05859375,2803
2016-08-03,52344.806515625,54468.328078125,52344.806515625,53088.0390625,2151
2016-08-04,52132.465482809304,52344.81768436861,50539.82397111452,51920.11328125,2437
2016-08-05,56167.15886638133,57547.4482147045,55423.92614036116,56591.86328125,2784
2016-08-08,56910.37547984645,57122.727627159315,53406.56504918426,55317.734375,1904
2016-08-09,53937.457664278656,54574.51425086463,52769.52058887105,53725.10546875,1607
2016-08-10,49796.57852293399,52663.332510395005,48947.16993405665,51070.69140625,2341
2016-08-11,50858.34402844959,52557.161365516804,48628.646273548875,52132.45703125,2674
2016-08-12,48522.4741151148,52875.6938934949,48416.298022959185,52026.28515625,3803
2016-08-15,51920.102203125,53725.09553125,50964.5175,53088.0390625,2485
2016-08-16,52769.517667432905,54255.98295383946,51920.10893234344,53406.57421875,2674
2016-08-17,54893.04463114266,59352.44090678674,54362.16412213741,55636.27734375,4106
2016-08-18,54255.98563856016,55954.80319280079,53300.400764299804,53831.28125,2028
2016-08-19,56804.20461412293,58290.66978159531,55742.44378021409,57653.61328125,2770
2016-08-22,60308.02280701754,61582.13596491228,59777.142324561406,60520.375,2058
2016-08-23,58927.733783143936,63599.48204703283,58715.381589330806,63068.6015625,2001
2016-08-24,65829.16912274619,77508.53783807212,65722.99304351595,76552.953125,5049
2016-08-25,77062.60727682427,79504.65738341969,69099.40040749137,73771.1484375,5345
2016-08-26,69120.63530231941,77720.89868094902,64767.41556745751,74960.3203125,6877
2016-08-29,77338.65069731405,78633.9987732438,72199.72882231405,74514.3671875,2411
2016-08-30,76552.95828004117,87255.50778715374,75597.37350262042,85089.515625,7473
2016-08-31,88232.3426117182,90950.4508799011,85811.52743536781,89633.8671875,5724
2016-09-01,90844.2715970553,92797.91184645433,79079.95966045673,79504.6640625,5315
2016-09-02,72178.49001024589,76149.47489754097,70097.43910674367,71244.140625,4254
2016-09-06,66699.80075543477,68674.6754673913,60690.23577173913,61051.234375,4310
2016-09-07,61369.76811605912,66466.21944749655,60881.35819679637,61603.35546875,5641
2016-09-08,62835.00046148725,67039.57298307375,61136.18328104826,65786.6953125,6530
2016-09-09,68759.63991064006,77487.31501974231,68610.99337593517,76637.90625,7616
2016-09-12,80311.59259068037,81054.82520323295,68738.39905236181,70692.0390625,6784
2016-09-13,73176.5614361881,81352.12038944766,72624.44576661733,78910.0703125,4430
2016-09-14,75937.11615088997,80226.62886411138,72964.18654766721,78740.1640625,4381
2016-09-15,79377.22265625,82583.73967633929,73155.30552455357,77296.171875,6596
2016-09-16,80481.46982989553,82796.1084081168,76191.95613447629,79271.0625,4806
2016-09-19,75491.2034119898,78867.60322704082,75172.67512755102,78039.4296875,6207
2016-09-20,77975.72698170732,80141.71939786586,76276.90940040651,78357.9609375,4812
2016-09-21,73431.38138647219,74025.96747057319,60796.42709932617,62240.421875,6925
2016-09-22,59522.31078993939,64746.17395594905,57462.494826106304,62622.65234375,5558
2016-09-23,63153.52690208857,69524.0911491049,62558.94090570037,67612.921875,5893
2016-09-26,66466.24339990817,69821.40840220386,64427.66213269054,69375.46875,3934
2016-09-27,71775.05009057971,75469.97870471014,71074.28776721015,73261.515625,5676
2016-09-28,73749.91377323818,76871.49088946795,66529.93949080196,68249.9921875,6695
2016-09-29,70692.0441052001,72624.44903568168,68080.1121661975,69778.9296875,4545
2016-09-30,65871.658380049,72581.98850516038,65489.42438558064,71498.9921875,3497
2016-10-03,72518.26681814992,78230.54025126333,70755.7437886019,75639.84375,3849
2016-10-04,83390.70626831055,98127.9484761556,83220.82451375325,97851.890625,6655
2016-10-05,92521.84872535619,103925.16127195161,90801.79599486414,96131.8359375,5366
2016-10-06,105071.86783309528,107917.38729340951,100315.17858600286,104073.8125,4793
2016-10-07,94921.42106180298,108257.1374883829,92394.43021026952,102820.921875,4124
2016-10-10,100145.29581796628,103096.99134780031,97363.482045245,100761.1171875,1727
2016-10-11,104010.08179713598,109042.82769054578,101440.62081358075,108066.0078125,3814
2016-10-12,106176.10930593559,107513.92828319037,96896.31735259682,100888.5390625,3004
2016-10-13,99041.07644444445,101631.77355555556,87765.17344444444,95558.5,2509
2016-10-14,99975.41364268471,102523.63998871746,93817.19997310558,101164.5859375,3049
2016-10-17,99593.17184753351,101398.16536715832,95303.65783618984,96641.4765625,2027
2016-10-18,91268.9666962972,94305.60286139038,85450.51698136341,86597.21875,3586
2016-10-19,81543.23324396783,84558.63405663539,77848.30548760055,79207.359375,3320
2016-10-20,79462.18076666667,83794.16496666666,78379.18471666667,79632.0625,2731
2016-10-21,80693.81996268657,83560.5740929399,80014.29305773762,81097.2890625,2218
2016-10-24,79334.77014297988,89718.7911815016,78995.00667341679,86512.2734375,3045
2016-10-25,84664.81564721564,85747.81178416272,77720.89923973144,80651.359375,3050
2016-10-26,81118.51665168609,88338.48933796182,79695.75732821411,85641.6171875,3042
2016-10-27,83751.71059846698,92649.2680885171,83305.77096292748,90037.3359375,2842
2016-10-28,90780.56204055104,93519.90531616064,83730.46926921468,88826.921875,3906
2016-10-31,87531.56696662304,89952.3817735602,80906.17907395288,81118.53125,3000
2016-11-01,75724.78816837819,77317.42953479108,70713.2766687323,74960.3203125,4493
2016-11-02,70161.15739546566,80247.88553192031,67952.69481401032,78209.3046875,5231
2016-11-03,78251.77518744566,78697.71474753694,71690.09308895972,73282.734375,3244
2016-11-04,73558.78568169054,78867.58949820978,73091.61094583684,75618.6015625,3098
2016-11-07,82732.39221518987,87064.37579113923,81670.63153481012,83879.09375,3430
2016-11-08,83178.34876300461,88720.74065147646,77890.77949009469,85216.9296875,3879
2016-11-09,67612.94825957906,84919.6545508972,66890.95069650566,78697.734375,5290
2016-11-10,81309.65600792743,97809.42166949956,81161.00947043579,95261.1953125,3814
2016-11-11,97108.64444864048,120722.2050493158,96790.11620312778,119490.5625,5586
2016-11-14,126859.20208964297,133166.06232074843,105900.04031152486,115689.4765625,5634
2016-11-15,114797.59330516013,118407.58051601423,99210.94264182542,101440.640625,3052
2016-11-16,103096.99385704243,110104.61650849949,101674.23410659509,103840.2265625,2832
2016-11-17,104456.03507497853,117090.98951076064,98106.70503077877,111251.3046875,5119
2016-11-18,115774.40656273166,119809.09791396405,111824.65608205153,114585.234375,3184
2016-11-21,109149.01807598039,111654.77374387255,103988.8602175245,108299.609375,2981
2016-11-22,107301.57350260417,116199.13125,106197.3419921875,107025.515625,3408
2016-11-23,119787.83310200216,128281.91805871212,119639.18661525974,122633.3515625,3428
2016-11-25,119405.6042766051,124141.05683817063,116432.6744173263,120722.1875,1574
2016-11-28,115731.93129208754,119978.9746422559,106537.08243897307,107216.609375,2867
2016-11-29,114670.18160994764,116602.58652226342,107450.20721228427,109510.0234375,2784
2016-11-30,113396.0602310231,120594.79888613861,112419.24023652365,115816.875,2800
2016-12-01,119978.96106598589,125139.11815254067,110614.2315385346,118789.7890625,2724
2016-12-02,114585.24151981829,114585.24151981829,104604.68860760283,106345.9765625,2978
2016-12-05,112249.35637961401,117515.69016359892,103288.09486009128,107004.2578125,3803
2016-12-06,107492.68221252192,111017.72868571011,102056.46596471361,109000.3828125,2209
2016-12-07,103054.50906471632,107768.72728280142,100909.75212765958,104795.796875,3177
2016-12-08,106494.6155751464,108979.13601827544,104137.5064367932,105156.796875,2284
2016-12-09,108448.27472818654,118768.59223707604,107322.80800396609,116453.953125,3018
2016-12-12,112971.3779877261,117452.00970866786,109403.86078811368,115052.4296875,2293
2016-12-13,115731.94104226705,117812.99245917387,109510.02201008645,110529.3125,2300
2016-12-14,106048.71605335215,128600.52551443744,103521.72422108364,127963.46875,5212
2016-12-15,140152.45506175564,151768.12065551023,138878.3418339215,144420.734375,4714
2016-12-16,140152.42425917735,150493.97435224088,134673.73858359133,144038.46875,2873
2016-12-19,141214.20192988668,146416.83042204042,138368.68267295364,142424.609375,1960
2016-12-20,150897.42042511262,153891.5853955518,140492.16627252253,141426.515625,2166
2016-12-21,139897.6467012588,145015.3353556309,137922.7709964596,141702.640625,1270
2016-12-22,143635.05175854094,144378.28458106445,135098.49191127106,142339.703125,1610
2016-12-23,141532.70885538074,142106.05966394718,135034.73302496114,136648.609375,1423
2016-12-27,130235.59303857504,132953.70096437607,125627.55069561551,125924.84375,1414
2016-12-28,128090.84959821429,129832.13767299107,117324.59284319196,118917.234375,2081
2016-12-29,114542.73902465397,114967.44328503459,91353.88640787196,92054.6484375,3903
2016-12-30,91736.14921438908,104052.57665520984,86002.63988848976,102714.7578125,3895
2017-01-03,100315.16401848591,101652.98267495599,90270.90648657571,90462.0234375,2842
2017-01-04,87276.7471216119,92712.96300071961,87106.86537538978,88529.625,2279
2017-01-05,82944.75956353833,83157.11173856018,71137.97863232293,72858.03125,4876
2017-01-06,77890.78301231137,83879.11474880858,73898.56185464654,80205.421875,4877
2017-01-09,74684.28042257288,81076.08264241776,74493.16341267718,79398.5,2979
2017-01-10,77317.43118949413,81628.18058017454,74344.5005752318,77869.546875,2814
2017-01-11,80311.60115599594,85429.28911966464,75597.38236788618,78357.9609375,4156
2017-01-12,73346.46641842034,80417.79627288877,71371.59051311834,77699.6875,3824
2017-01-13,80545.17458899833,82796.10749341009,75703.5453229051,76531.71875,3635
2017-01-17,69354.23114727835,72390.86772231228,68504.82231510103,70415.9921875,3487
2017-01-18,70946.8674425744,76234.43703048251,68717.169423577,73495.09375,3496
2017-01-19,76446.78644800227,77975.72217696231,73049.15149475772,74939.0859375,3450
2017-01-20,74493.15945559788,76446.79989742086,69248.05957374707,72454.578125,2951
2017-01-23,70331.04304131967,71329.0983018698,65956.58806954676,66296.3515625,3004
2017-01-24,66699.82796092489,67825.29465367529,62389.078175484654,65723.0078125,4556
2017-01-25,69821.3874381953,71753.79201753708,68610.98017421199,68717.15625,4408
2017-01-26,73601.25219880816,74875.36504702758,71817.49421130097,73941.015625,2861
2017-01-27,73962.27604480139,74047.21693029642,70246.11230439362,70564.640625,2036
2017-01-30,69778.92268190299,71838.73871968283,67315.6375233209,71137.9765625,1953
2017-01-31,66147.70675941005,66593.6463555409,64215.30184284301,64385.18359375,3197
2017-02-01,67103.29063423039,68016.40503210125,63705.655665408594,64703.7109375,3963
2017-02-02,60308.02280701754,61900.66425438596,59140.08574561404,60520.375,2935
2017-02-03,60626.54462772127,61327.30678979301,58503.02292447359,59501.078125,3085
2017-02-06,56804.20925379848,58672.90847411036,53088.046031587364,53109.28125,3951
2017-02-07,54765.63295002225,55360.21911621094,52026.28954151009,53682.63671875,3457
2017-02-08,52005.04272060707,53831.27125224129,51049.458023821724,51813.92578125,3161
2017-02-09,51962.580281250004,56358.2705625,51686.5224375,55742.44921875,3884
2017-02-10,57674.850383488876,57972.143426702736,52896.926474694694,53470.27734375,3742
2017-02-13,55232.79933210902,56060.97279383614,54298.44978554508,55466.38671875,2406
2017-02-14,53321.63538981959,57865.97229679744,53045.577540330276,55615.0390625,3598
2017-02-15,57972.1440012862,58609.20052877286,55466.38832650533,55721.2109375,3100
2017-02-16,54786.86526518139,55296.510523462144,53003.106861198736,53852.515625,2669
2017-02-17,53427.80700155251,56825.44178702484,53109.27874041448,56421.97265625,2654
2017-02-21,58587.981279671374,61051.26719066879,56761.752069793976,57589.92578125,3252
2017-02-22,58609.20525239957,63280.95349715606,57823.50213850871,59734.671875,3742
2017-02-23,56740.49991077802,59543.548559064955,55848.62079541399,59501.078125,2871
2017-02-24,56952.84132964621,61730.764259985655,56867.90047755129,61072.47265625,2758
2017-02-27,61475.96841765279,71775.05120955662,57759.80452366687,70883.171875,4941
2017-02-28,67506.76812603135,72900.51430533678,65659.30388351335,70776.9921875,4929
2017-03-01,74641.78480876151,76340.60210170629,67931.45650162961,69226.8046875,4869
2017-03-02,74047.21131900657,80162.95461119869,72348.3937378421,79143.6640625,4117
2017-03-03,81288.41993435676,83135.88402377396,73516.32962715338,76425.5546875,5193
2017-03-06,77274.96867126938,85089.5299438792,77041.38124192508,82180.3046875,4098
2017-03-07,85216.94010813643,86936.99297351371,80290.36893816691,83581.828125,3548
2017-03-08,86724.63016290806,87595.2740994113,82159.05830075692,85216.9296875,3248
2017-03-09,85238.17370900894,87956.28188906703,83114.65169333857,87743.9296875,2836
2017-03-10,85769.0247509058,87340.4305027174,78697.69886775363,80587.6328125,2826
2017-03-13,78888.85301693207,80587.67084771392,76468.03760806793,77678.4453125,1986
2017-03-14,78570.31603951674,85514.23315976592,75724.79648565316,84367.53125,3591
2017-03-15,82116.59710843004,84282.58958452518,64342.71767223766,64958.5390625,5559
2017-03-16,61858.19233441868,67612.93662642948,61178.665333148034,66848.46875,3014
2017-03-17,66083.98670920765,69205.5632022197,64151.58221353351,67804.0390625,2805
2017-03-20,67166.99936219344,68674.69994857212,64894.83087286221,65807.9453125,2239
2017-03-21,64385.18700279282,64576.30398268238,60562.847405001696,62728.83984375,3337
2017-03-22,61433.489041794084,63663.1870540265,60201.84633027523,62495.25,3397
2017-03-23,61709.554499897204,67676.65182077508,61030.027402857726,64555.07421875,3950
2017-03-24,65170.86244528705,66211.38778247149,63217.22303669584,65192.09765625,2404
2017-03-27,60923.82310326087,63429.57811413043,60116.88504891304,61051.234375,2859
2017-03-28,61688.31589509289,67655.41288873182,60690.26052605008,65723.0078125,3945
2017-03-29,66487.49005055148,67167.01725643383,63811.851677389706,64979.7890625,2526
2017-03-30,66636.12033057206,68271.23226984995,65170.89015121913,67931.46875,2491
2017-03-31,67188.24447641661,68122.59427318093,63004.90561363087,65956.6015625,2998
2017-04-03,65510.65631221408,65999.06639168927,62261.66752266181,62665.13671875,3139
2017-04-04,61242.370526292645,62452.777988150716,60329.256125241816,60371.7265625,2878
2017-04-05,62580.18301064512,63663.179051888044,58757.844041552446,60031.95703125,4448
2017-04-06,60945.0842978395,61964.374906305115,59628.50059523809,60201.8515625,2350
2017-04-07,56995.32347180418,62091.775645139875,56060.973906692634,59968.25390625,3714
2017-04-10,61157.42662945625,62261.65794359921,58396.84834409885,58970.19921875,2625
2017-04-11,56273.32507772405,57186.43940917391,52981.86644110245,53788.8046875,4898
2017-04-12,53682.63092105263,55423.91879111842,52429.753063322365,52450.98828125,3339
2017-04-13,51898.86708636732,53385.33218294903,50242.52026446198,52493.453125,5785
2017-04-17,52281.10448552288,53873.745767575776,51006.99145988057,52896.92578125,3380
2017-04-18,53427.80789862205,55869.857941683076,53045.57397883858,53937.453125,4373
2017-04-19,55530.08728763751,60753.95018352998,55445.146427541695,59840.8359375,5830
2017-04-20,59437.378041021984,60244.316363836864,56846.681320405805,58672.91015625,3792
2017-04-21,57993.38387071011,59288.7322471705,56740.5059328222,58163.265625,3209
2017-04-24,61709.53354763455,62240.41391194661,59628.48251953125,61157.41796875,4251
2017-04-25,63726.887579205075,71265.38977534563,63599.47627448157,69120.6328125,6844
2017-04-26,69396.68313504326,74195.84176066131,67273.16161928307,68717.15625,4757
2017-04-27,68674.7055520073,73877.3347604927,68674.7055520073,72730.6328125,3139
2017-04-28,71414.05450581395,72263.46342054264,66784.77592054264,68483.59375,3178
2017-05-01,70692.03348920864,75385.01618705037,68780.86406474821,73792.375,3571
2017-05-02,74599.30791321864,75236.36434287892,70989.32147847705,73134.078125,3140
2017-05-03,73558.78001412429,75448.71402718927,67804.0371204096,75172.65625,4359
2017-05-04,78910.07997839096,82137.83351894947,77784.6132833278,79844.4296875,3858
2017-05-05,79313.5541859843,79738.2586260699,72603.22403263194,74429.453125,3193
2017-05-08,74578.07753052244,77508.5372968129,74493.1366677314,74790.4296875,2131
2017-05-09,77083.84496076075,78230.54678662331,74684.26521404837,75087.734375,2914
2017-05-10,72051.0762035473,72773.07343046172,69757.67324746621,70713.2578125,2447
2017-05-11,69948.801756248,70097.44826878405,65361.995083707145,66275.109375,2783
2017-05-12,63493.29970709675,64385.17883341717,62091.77536573609,63323.41796875,2941
2017-05-15,60010.74127304635,65531.89935195366,60010.74127304635,62771.3203125,2574
2017-05-16,62282.89672025966,62516.48412698413,60838.9018423266,61539.6640625,2460
2017-05-17,57462.49454405737,60116.89654627732,55869.85334272541,58290.66796875,4406
2017-05-18,60138.14619601607,64342.71997666973,59670.97133149899,63429.60546875,3747
2017-05-19,60923.83302630164,62240.416382046045,60584.06957965792,61688.30078125,2761
2017-05-22,60095.66931554006,60414.19759813126,57568.67827364986,59373.671875,3384
2017-05-23,58587.97066652025,63875.54032797858,57674.8562269913,63450.8359375,3619
2017-05-24,64002.937950721156,67124.51455282998,60647.77398382867,60732.71484375,4625
2017-05-25,62686.37448058005,64427.662660596165,61752.02472544946,62601.43359375,3358
2017-05-26,60095.66687695788,61730.7786612426,59925.785133136094,61008.78125,2212
2017-05-30,63068.597572469844,63493.301933227216,61582.13230981903,63365.890625,2091
2017-05-31,62877.48139956721,64831.12148357943,60945.07653385947,62558.953125,2935
2017-06-01,64257.77427940931,64831.125206555385,62006.84100987283,63450.8359375,2601
2017-06-02,60732.73174157303,62941.19471399387,60053.20467313585,62367.84375,3109
2017-06-05,61391.019223597854,64427.655594740885,61157.43181043301,62282.8984375,2013
2017-06-06,59649.73678385417,59649.73678385417,53279.17037760417,53512.7578125,5943
2017-06-07,55254.04458309081,56804.21570321595,53618.93257967113,54723.1640625,4037
2017-06-08,56464.44828073128,59373.67333317964,56294.56652584379,57568.6796875,3932
2017-06-09,60435.432218387265,60732.72527919451,58418.08644862381,60371.7265625,3711
2017-06-12,61221.11914741612,61688.293833938194,59331.185188304065,61072.47265625,2320
2017-06-13,62304.12829742924,62304.12829742924,58014.6143519348,59267.4921875,3087
2017-06-14,56230.865694535336,66147.71398734048,55891.102155595545,64894.8359375,5733
2017-06-15,67209.46594981183,67506.7590061459,64151.5945132327,66296.3515625,2639
2017-06-16,66529.93077443489,67719.10285339064,65616.81649952245,66699.8125,1801
2017-06-19,68058.89197409734,68483.59644819466,65362.01856357928,67634.1875,2105
2017-06-20,67527.97869580258,69545.32397130612,67443.03784209717,69056.9140625,1664
2017-06-21,68844.56764145265,69396.68323635634,65935.34316061396,66147.6953125,2147
2017-06-22,63854.29495052083,64746.17402864583,62219.18330729166,63705.6484375,2617
2017-06-23,61199.908535849136,62219.19917072796,60031.97135005049,60456.67578125,2309
2017-06-26,63004.888607060384,63280.94642704414,60392.95692567568,62070.5390625,2468
2017-06-27,60392.968981824924,64618.777992859796,60138.14632789318,64406.42578125,1996
2017-06-28,63493.30595012626,65468.181352588384,62750.073271780304,63068.6015625,1675
2017-06-29,65510.639016398316,67719.10140139198,65022.22906587087,66933.3984375,1997
2017-06-30,67782.82094594595,67782.82094594595,65553.12288851352,65999.0625,1326
2017-07-03,69778.91938264013,71520.20708482408,69375.45028091458,71222.9140625,1164
2017-07-05,71626.40496203904,72157.28552060737,67952.71149674621,68526.0625,1672
2017-07-06,69481.6269437799,71562.67811752393,69226.80435107656,71010.5625,1290
2017-07-07,72454.57526041666,76000.8572265625,71775.04817708333,73898.5703125,1536
2017-07-10,76000.86662543273,76191.98364125527,69375.47674358444,70543.4140625,1992
2017-07-11,70883.16841343204,73240.27796822262,68504.82363742712,69205.5859375,1545
2017-07-12,66211.39899639982,68887.03603089192,65468.16648681867,68568.5078125,2198
2017-07-13,68441.11193616781,70989.33825709246,67273.17487241069,70734.515625,2235
2017-07-14,66402.5273093337,67740.34605589206,65786.70598155286,67485.5234375,2177
2017-07-17,65723.01158179881,66168.9512403506,64448.898271650854,66020.3046875,1709
2017-07-18,63981.734345407196,65001.02516803566,63620.73551239295,64470.14453125,2058
2017-07-19,64661.2271416804,65956.57520593081,63493.29036243822,64448.875,2071
2017-07-20,64682.47477618528,65085.943922852224,62346.60076916611,63153.5390625,2481
2017-07-21,61730.779611125254,63514.53794870163,61475.95699147149,62558.953125,1516
2017-07-24,61943.129156178955,66126.46698400455,61858.188286578436,65383.234375,2224
2017-07-25,65085.95271567417,65085.95271567417,62452.785297487026,63429.60546875,2497
2017-07-26,64533.83654501272,64724.95353379361,56740.51044694768,58439.328125,3860
2017-07-27,57696.078581823356,61518.417243850665,57526.196863511024,60647.7734375,2621
2017-07-28,59862.08610771009,60414.20183626648,57802.26973578818,57993.38671875,1875
2017-07-31,58354.391472515475,59246.27081816528,57080.27812158719,58333.15625,1866
2017-08-01,59033.924089343964,59925.80351803189,56613.10849719101,58587.984375,2258
2017-08-02,59033.9026463964,59458.60698198198,57483.731821509005,58927.7265625,1854
2017-08-03,59352.424102554076,59755.89317516536,57674.84216906507,59394.89453125,1634
2017-08-04,61093.71625371392,63599.47173440153,60541.60063932513,62537.7109375,2748
2017-08-07,63493.31113209324,63535.781574322056,61794.49344294024,63429.60546875,1443
2017-08-08,61773.25586462533,65107.18545236895,61645.84454280074,63196.015625,2111
2017-08-09,60477.9094356261,61560.90570712081,59373.67794312169,60201.8515625,2640
2017-08-10,57547.439725432174,58099.555383314546,56485.67884488914,56506.9140625,3108
2017-08-11,56400.7333428246,57398.788488574886,55551.32470814351,55933.55859375,2306
2017-08-14,57802.27498914136,59033.91788016642,57335.10009944221,58057.09765625,2428
2017-08-15,60987.53580407551,61157.417519407194,59607.24686700555,60180.59765625,2364
2017-08-16,60626.53884253354,60817.655777588814,55530.08724105961,56188.37890625,3572
2017-08-17,55636.2687817438,57080.26354401806,54850.56574932986,56443.20703125,2572
2017-08-18,54255.97235186688,57674.84184253246,53194.211640480054,57228.90234375,3443
2017-08-21,56400.732441634245,56528.143734800586,54447.09261308366,54574.50390625,2858
2017-08-22,55211.571467597874,55997.27460002138,54468.33877476482,55869.86328125,2353
2017-08-23,54999.213851976245,56018.5043017426,54362.15732087227,54532.0390625,1859
2017-08-24,54956.74295343137,55317.741651348035,53406.572074142154,54149.8046875,2761
2017-08-25,53533.99303385417,55041.69375,52472.23196614583,53512.7578125,3080
2017-08-28,52578.40394693292,52663.34482568403,48076.53737312445,48119.0078125,6123
2017-08-29,45719.42213800553,48607.41164602632,45039.89519494182,46993.53515625,3780
2017-08-30,47566.89230769231,48564.94763736264,46993.54137362637,48310.125,2505
2017-08-31,48012.830827483485,48012.830827483485,44806.31271383908,44997.4296875,3478
2017-09-01,44360.367962431614,46335.24312782469,44211.72144460633,44636.42578125,3650
2017-09-05,43426.01413323533,43532.190206910724,41790.90259863429,41982.01953125,5202
2017-09-06,42534.15338060586,44445.323527512766,41939.567112679266,43680.85546875,3861
2017-09-07,42385.50006503642,42619.087490244536,40368.15412005723,40814.09375,4969
2017-09-08,41196.319061866765,42746.48983068959,40877.790821697694,41918.31640625,4246
2017-09-11,44402.837968384076,45783.12704918032,42937.60802107728,45337.1875,4493
2017-09-12,45910.53533431268,46505.121360844016,44360.36462228454,44721.36328125,3021
2017-09-13,44891.24621636771,47651.824271300444,44870.01100056054,47354.53125,3549
2017-09-14,47673.06310632727,48267.64919406765,45953.01049536401,46377.71484375,2747
2017-09-15,46738.71812096864,48203.94826651468,46483.89548696063,47736.7734375,2700
2017-09-18,49117.06323231856,50922.05690925201,48947.18147448953,50178.82421875,3280
2017-09-19,49732.87759072581,50348.698876008064,49010.8802217742,49371.87890625,2351
2017-09-20,49053.35255430875,53512.748241064095,47205.88862693868,51686.51953125,5221
2017-09-21,54192.284895833334,54574.518880208336,51368.00045572917,53512.7578125,2689
2017-09-22,52026.30061642257,52833.23915659566,51346.77342469787,51835.18359375,2055
2017-09-25,52578.396057733735,52939.39473825937,49032.1149019819,49286.9375,3011
2017-09-26,51410.46207801095,52854.45688234996,50412.40684560016,52366.046875,2892
2017-09-27,54128.573491546835,54744.39484551108,53385.3408229693,54638.21875,2973
2017-09-28,54043.623116518924,54744.38522372722,52769.510194322014,53597.68359375,2342
2017-09-29,53385.33775014501,54956.74387325986,53300.39687862529,54914.2734375,2262
2017-10-02,55338.979903752435,56018.50690180312,53512.75109649123,54468.3359375,2451
2017-10-03,54022.3969165659,54319.68998135832,52323.57940346634,52684.578125,2396
2017-10-04,51771.46262443555,52939.399640163174,51431.69912895115,51728.9921875,1788
2017-10-05,51771.45927526596,53364.100557318845,51495.40145304346,52896.92578125,2048
2017-10-06,53321.63273555375,54532.04016921626,50433.643069271275,50667.23046875,2983
2017-10-09,49881.5325313976,50539.82436131387,49032.12371860241,49456.828125,1589
2017-10-10,48947.178400213066,50837.11283735795,48628.65012428977,50454.87890625,2829
2017-10-11,49902.756826652985,52429.74749149201,49074.58341548725,49138.2890625,3070
2017-10-12,49796.57871051927,50497.34079898286,48925.93490364026,49584.2265625,1782
2017-10-13,48352.59992499729,49796.595004004674,47991.60115524544,48883.48046875,2252
2017-10-16,48904.70931744102,52174.93304079574,48671.12190862997,51304.2890625,2298
2017-10-17,52450.992290848495,52833.22624276561,50879.58604407813,51367.99609375,2460
2017-10-18,51813.931599918265,52535.929007458115,51049.463756640784,51962.578125,1800
2017-10-19,51325.52618138671,51856.40667560875,50433.64695109369,51452.9375,1613
2017-10-20,52472.219531564515,53533.980347662546,51877.63347454962,52748.27734375,2350
2017-10-23,53916.22767679283,54532.049103585654,52344.82127739044,53300.40625,2204
2017-10-24,54022.39906651108,55084.16005445352,53427.812913263326,54595.75,2368
2017-10-25,54786.86551403207,56782.97611803169,54638.21897969168,55615.0390625,2568
2017-10-26,55508.86781849873,59437.38371230985,55211.57472383194,58630.4453125,2824
2017-10-27,58991.43286458333,59437.372421875,56825.440729166665,57335.0859375,1810
2017-10-30,57547.44098471223,58142.02709082734,54850.56828911871,56082.2109375,2250
2017-10-31,56464.44787374084,58566.734575320515,56464.44787374084,57972.1484375,2017
2017-11-01,56719.269985498446,58524.26360165994,55360.2159686239,57887.20703125,2540
2017-11-02,57504.96489884929,58120.786162537115,55742.44197174276,57207.671875,2144
2017-11-03,56846.67597152172,60053.193742048345,56103.443375704286,58418.08203125,2380
2017-11-06,57972.13718580163,58226.95976683812,53979.91674956328,54701.9140625,2867
2017-11-07,55487.62186726485,56889.14618538175,55062.91752844154,55763.6796875,1711
2017-11-08,54319.694546983934,55338.98514051607,53831.28447091644,54829.33984375,1852
2017-11-09,54765.63154398326,55593.8051113409,54362.16237014237,55190.3359375,1755
2017-11-10,55381.4507708641,57696.08962593473,54999.21683149465,57504.97265625,1736
2017-11-13,57165.206188497956,57781.02750330719,56528.149655936686,57186.44140625,1084
2017-11-14,58333.14379455134,58885.25946206439,56124.68112449916,56974.08984375,1438
2017-11-15,56188.38579833709,57717.32146631905,56124.68014550451,56506.9140625,1311
2017-11-16,56889.16133557801,57292.630564908344,56230.86943509166,56761.75,1198
2017-11-17,56039.74408298199,57186.44593234956,54616.98438098889,55402.6875,1925
2017-11-20,56719.270702257585,57929.678201332346,56337.03675518135,57377.5625,1825
2017-11-21,57080.266187050365,57186.44227742806,55615.03613983813,56082.2109375,1515
2017-11-22,55296.51032322543,55423.92163733424,53937.45630606474,54447.1015625,1564
2017-11-24,54277.21682091346,55296.50727764423,53364.102453425476,55211.56640625,1147
2017-11-27,53236.697411935194,54850.574158368014,52896.93388637039,53576.4609375,1570
2017-11-28,53555.217993164064,54510.802770996095,52769.51495361328,54362.15625,2248
2017-11-29,55530.09382659313,57653.61557904411,55423.91773897059,57398.79296875,2484
2017-11-30,58333.14493075284,59288.72975852273,57271.38401100852,57929.67578125,2034
2017-12-01,58694.15202219453,58715.3872436208,54893.047386893224,57526.21484375,2186
2017-12-04,58800.3235764937,60074.436763416634,58439.32484019886,59798.37890625,2067
2017-12-05,61136.18518045396,63174.76586031626,60477.893502581755,61688.30078125,2179
2017-12-06,63047.377261922025,64767.43032969423,62282.909231801044,64066.66796875,1746
2017-12-07,66551.16968688865,66678.58098813987,64045.41409561461,65128.41015625,1792
2017-12-08,64979.770038404364,65213.35744703915,62941.18901759168,64279.0078125,1496
2017-12-11,65022.23090558339,66423.7551510989,63004.88540067469,65701.7578125,1533
2017-12-12,66508.72231630539,67910.24711607427,66147.72350424371,66614.8984375,1624
2017-12-13,66275.12223087189,66381.29833185053,58226.97377669039,59670.96875,2436
2017-12-14,60329.25643746696,62558.95440506078,59628.494219080334,60265.55078125,1590
2017-12-15,59501.06744755321,61178.64929207737,59246.244888891306,60860.12109375,1118
2017-12-18,59352.428769637976,59458.60484972677,57653.61148821721,58290.66796875,1693
2017-12-19,58248.20197543425,59225.02198668834,57483.734140539746,58375.61328125,1284
2017-12-20,57717.32267065092,57802.26354286675,54871.80345142089,55296.5078125,2213
2017-12-21,56060.96899319066,56060.96899319066,53682.6248540856,54574.50390625,1614
2017-12-22,53767.570615407916,54213.510182123384,52493.457567649435,52578.3984375,1362
2017-12-26,52089.99791458509,52748.28977571519,50263.768880482225,50476.12109375,1600
2017-12-27,50242.530817610066,51495.408805031446,50030.178616352205,50646.0,1278
2017-12-28,50200.053236842105,51813.9297368421,49647.93759210526,50433.640625,1431
2017-12-29,49902.760499077005,51261.81440203059,49520.52658887131,50327.46484375,1516
2018-01-02,48989.642407515355,49223.22977920268,46462.651750170604,46675.00390625,2178
2018-01-03,46951.06856469467,49987.70484002319,46717.48115890018,48076.53515625,2196
2018-01-04,48458.76222000225,49180.75955369203,47078.473199712964,47163.4140625,1928
2018-01-05,48182.71401106975,48522.47752987853,47227.129114420066,47418.24609375,1450
2018-01-08,48119.01248574609,49881.53589100511,47864.18982474479,48883.48046875,1764
2018-01-09,50539.82106012328,51771.463758227124,49966.470148937005,50815.87890625,2438
2018-01-10,49584.23702063429,50603.527546111996,48862.239565087584,50008.94140625,1831
2018-01-11,49860.29400468952,49860.29400468952,48925.944372574384,49244.47265625,1525
2018-01-12,47864.17859815141,48458.764667693664,45167.3060684419,45231.01171875,3128
2018-01-16,45039.90428822009,45209.7860582841,42916.38216241999,43128.734375,2678
2018-01-17,44148.024309006665,45570.78411117283,42576.61796034554,45400.90234375,2973
2018-01-18,45400.891395739905,47651.824271300444,44721.36448991031,47354.53125,2988
2018-01-19,46271.53966251407,47184.654029420046,45974.24661282376,47142.18359375,1563
2018-01-22,46759.953125,47821.71409514078,46101.661323512715,46759.953125,1723
2018-01-23,47588.129938829465,48713.59664421008,44105.55371840643,44424.08203125,2400
2018-01-24,42151.90298715579,42343.01992765171,40431.850522692504,41642.2578125,3504
2018-01-25,41153.85320783132,44912.48685993976,40431.85578313253,44063.078125,4739
2018-01-26,43319.84691045881,43765.786511007645,42555.37902380365,43043.7890625,2337
2018-01-29,44169.25986092111,47014.779486576605,44020.61331331224,46568.83984375,3425
2018-01-30,45740.66280443728,48522.47655902469,45358.42885342527,47736.7734375,2373
2018-01-31,46547.60060483871,49265.70866935484,45485.8396421371,46080.42578125,3350
2018-02-01,46993.522289130684,47715.519468448554,45698.1744085898,46229.0546875,2668
2018-02-02,48310.13099056112,51644.06090947017,48140.24921125365,50900.828125,4965
2018-02-05,50306.23053711335,53831.276661706346,50221.28966664123,52174.9296875,2611
2018-02-06,53682.63493408663,57313.857471162904,53597.69405602637,56379.5078125,2822
2018-02-07,57335.084251897366,59352.429808908564,55169.092180159016,58757.84375,2317
2018-02-08,58630.445840707966,60010.73522123894,57101.50991150443,59989.5,1664
2018-02-09,59968.26623210634,66806.00763675869,59798.38445807771,62304.140625,3824
2018-02-12,60817.660315040644,61900.65636115345,55954.79571582825,57462.49609375,1969
2018-02-13,57165.204809479554,58524.25871282528,56570.6187267658,57122.734375,959
2018-02-14,57101.50143781088,57738.55798044172,48395.06202185608,49095.82421875,3721
2018-02-15,49265.70703125,51750.22760136045,48777.29700464709,49265.70703125,2085
2018-02-16,50539.81888488302,54468.33421837182,50093.87930648699,52642.10546875,2758
2018-02-20,54765.622610259874,57313.84855567716,54001.15482663469,56995.3203125,2195
2018-02-21,55699.97386734553,57781.02512125322,52429.75046834774,57738.5546875,2232
2018-02-22,56613.08619411496,58354.3739165146,55742.44233291515,58184.4921875,1711
2018-02-23,58333.140795732856,58715.37469974567,56145.91345610399,56358.265625,1241
2018-02-26,55338.980980373104,56018.507991644,54149.80871064905,54638.21875,1082
2018-02-27,56485.675423860805,60838.89477043654,56337.02890958748,59649.72265625,2151
2018-02-28,59564.806663106036,60966.33152576735,58779.103331008024,60881.390625,1123
2018-03-01,62983.67257731032,64470.13821467098,58503.04044183747,59055.15625,2500
2018-03-02,57335.09452846975,59968.261832740216,56613.097041814945,59670.96875,1122
2018-03-05,60095.66842164855,61348.54631453804,58481.7918138587,58609.203125,985
2018-03-06,56379.5181342335,56400.753357636226,53682.64476208749,55338.9921875,1802
2018-03-07,56018.506675469485,59416.141651995305,55211.5683685446,58800.3203125,1598
2018-03-08,58226.96568599507,59989.48871733628,57865.9669928288,58205.73046875,1083
2018-03-09,59543.54560155968,60138.13164893616,57335.08313987558,58885.25390625,1468
2018-03-12,59755.90243351557,60690.25200959044,57186.441099309675,57292.6171875,1413
2018-03-13,57143.96967821782,58948.96314631463,56421.972290979094,57908.4375,1254
2018-03-14,58184.493698204424,58354.37543162984,56995.32156422652,57653.61328125,1032
2018-03-15,58757.85396730684,60201.848932892986,58248.20868533526,59777.14453125,1269
2018-03-16,60244.321481201434,61582.140393191454,59267.50132324047,60116.91015625,1228
2018-03-19,60414.19696353795,61773.250954984855,58991.43731624198,59586.0234375,1363
2018-03-20,61010.306983540075,62285.783784589694,60266.27884959447,61265.40234375,1883
2018-03-21,59543.50867809787,60393.82654568941,54973.05013979332,56312.30078125,2540
2018-03-22,57120.10216183439,59097.09118343863,56461.105821299636,58884.51171875,973
2018-03-23,54739.207754060044,54845.49747785433,52145.73849347933,53995.1796875,2307
2018-03-26,52911.02726662125,52996.05905009513,51231.649543012136,51678.06640625,1709
2018-03-27,53825.11965396578,54973.04874611197,52847.254131026435,54675.4375,2252
2018-03-28,55908.390723782075,57927.89533167535,55419.4580292395,57162.609375,3016
2018-03-29,57566.513646844665,57566.513646844665,54654.17525333738,54739.20703125,1060
2018-04-02,53017.31640625,53825.118340266636,51359.19664695268,53017.31640625,1807
2018-04-03,54399.08169203493,55738.33223779429,53888.89100793613,55079.3359375,1352
2018-04-04,53293.66936298537,55865.880768219205,53102.34785350517,55568.26953125,816
2018-04-05,56716.199500581846,56907.52101314003,54654.17875412141,54802.984375,1051
2018-04-06,53484.98940677966,54356.56514830508,53166.120233050846,53931.40625,1138
2018-04-09,54037.69577796437,55759.58930983499,53123.60414993429,54590.40234375,1185
2018-04-10,53399.95419866613,53421.21214221655,51593.02899688005,52592.15234375,1922
2018-04-11,51146.62920439844,51274.17690815006,47192.650388098315,49297.1875,3662
2018-04-12,50785.229676082985,51167.87267908403,49701.07450091336,50912.77734375,1582
2018-04-13,49658.5564516129,49701.07233898586,47107.60320923552,48106.7265625,2468
2018-04-16,47724.095555510045,49424.73147730996,47639.06375942005,48659.4453125,1380
2018-04-17,49318.443335927084,49573.53873249222,47405.22786168853,47809.12890625,1337
2018-04-18,46767.47920388566,47702.82878796338,45577.03427869584,47596.5390625,3458
2018-04-19,47128.86328125,48616.91940650372,46406.09316326962,47128.86328125,2115
2018-04-20,48595.65626011982,49956.1645718642,48404.334778780765,49233.39453125,2378
2018-04-23,50742.7242421485,51401.7206608777,50253.79141534941,51104.109375,1915
2018-04-24,50445.10538775648,50678.94279157667,48978.307127429805,49212.14453125,1511
2018-04-25,51040.32741342817,51699.32372738746,49509.755329393665,50530.13671875,1646
2018-04-26,50083.716423581485,50997.8080221443,49339.688378239654,49828.62109375,1649
2018-04-27,49318.43573676215,49956.17412990994,48935.79270087348,48978.30859375,1079
2018-04-30,50891.521101111226,52145.73987511522,50657.68370256811,51890.64453125,2318
2018-05-01,53144.86549613402,53612.5403125,51359.19801546392,51550.51953125,1810
2018-05-02,51337.938031418504,51869.38666528412,48595.663080671926,51252.90625,2354
2018-05-03,49467.24151747427,50275.04348466981,48638.181603773584,49573.53125,2171
2018-05-04,50019.944318760725,50551.392940932004,49169.62652328668,49552.26953125,1705
2018-05-07,49998.67927419355,49998.67927419355,48574.39716901882,49424.71484375,1358
2018-05-08,50168.755250969414,51720.585392207024,48999.568158256145,49339.6953125,1479
2018-05-09,49616.046473844675,49892.399774684425,48786.98657132542,49679.8203125,1083
2018-05-10,48446.86152745916,48659.44099883897,47320.19032914615,47490.25390625,2415
2018-05-11,47213.897153277096,48276.79443272953,46895.02796944137,48042.95703125,1084
2018-05-14,47511.51211960972,49297.17968920578,47490.254172352616,48680.69921875,1144
2018-05-15,51422.96933977342,52804.73577511252,51167.87399786466,51954.41796875,2622
2018-05-16,52294.549971789085,52294.549971789085,51231.6526146389,51805.6171875,936
2018-05-17,52060.709072396465,52889.76895554202,51954.41934378806,52358.3203125,1013
2018-05-18,53123.60172868973,53633.79238154629,52039.44659136953,52464.60546875,1180
2018-05-21,52698.452480935695,53399.96475680132,51508.00740673949,51571.78125,1192
2018-05-22,51486.736986481745,53017.308853957664,50763.966937951445,52974.79296875,1058
2018-05-23,53633.791220068786,53782.59682392946,50827.742690124636,51380.44921875,1391
2018-05-24,50934.03314760982,51274.16024709302,49360.9453125,49360.9453125,1779
2018-05-25,50190.014909498765,51933.166634436886,50041.20927444307,51529.265625,1704
2018-05-29,52825.99418016194,53144.86336032389,51146.61649797571,52507.125,1350
2018-05-30,52060.70839187237,52124.48222820378,50296.29892003676,50593.91015625,1425
2018-05-31,51210.39789357128,51763.10455410796,50593.917387588066,51295.4296875,1063
2018-06-01,51486.7497292698,52677.19480971535,50721.46360612624,51529.265625,1342
2018-06-04,50700.203804347824,52018.19652378999,50508.88228055783,51826.875,704
2018-06-05,51741.84238133906,51890.64800856559,50211.270215580465,50721.4609375,1374
2018-06-06,50296.29573227612,51167.87144023187,49658.55740938166,49849.87890625,1138
2018-06-07,50104.978070723686,51210.39124835526,49807.3668305921,50487.62109375,944
2018-06-08,50955.30251178512,51784.362502590135,50849.012769374225,51295.4296875,749
2018-06-11,51359.19199085884,51678.061146431224,49956.16770634035,49998.68359375,1072
2018-06-12,50785.2289349167,51061.58221082876,49849.87938567587,50402.5859375,1090
2018-06-13,50190.02164069082,52081.97925442292,49658.57287278854,50466.375,1334
2018-06-14,49892.39100819739,50019.93866309691,49169.62096376675,49190.87890625,1344
2018-06-15,51019.06864250614,52655.93042811988,50934.0368614353,51911.90234375,4287
2018-06-18,52230.777630358614,52443.35710789365,51252.912033697445,51571.78125,1262
2018-06-19,53038.57879957329,53208.64237889056,52018.19732366968,52932.2890625,2203
2018-06-20,52740.956112943975,54569.13919465022,52570.89257045968,54165.23828125,638
2018-06-21,54441.60250464957,54717.955816855916,53633.80051512334,54292.796875,729
2018-06-22,53782.60391198044,53995.18337408313,52039.45232273839,52167.0,1417
2018-06-25,52932.28427479216,53973.9236038945,52485.86741946259,53697.5703125,886
2018-06-26,54484.12562839674,55164.380025629944,53506.259932374014,53782.61328125,812
2018-06-27,54611.664750952084,55121.85546875,53463.73563590677,55121.85546875,880
2018-06-28,54590.40134033778,55355.68734043597,53973.92095136979,54122.7265625,643
2018-06-29,54080.211447151116,54101.469391902356,50721.45617645541,51486.7421875,2158
2018-07-02,52719.7078505793,53655.05750599281,52039.45355573312,53208.640625,1313
2018-07-03,51486.75130042463,51593.04104299363,49105.861066878984,50062.46875,1842
2018-07-05,49552.275056290935,49552.275056290935,48425.60385166485,48680.69921875,1950
2018-07-06,48786.99668499353,49360.961351875805,48128.00021561018,49297.1875,1201
2018-07-09,47702.83195754717,49786.11071505146,47213.899187928815,49573.53125,1201
2018-07-10,50381.333626288106,50870.26639987656,49169.63066565586,49509.7578125,1385
2018-07-11,50487.61678076191,53655.05042300761,50232.521453869645,53081.0859375,2012
2018-07-12,52103.2188807398,52528.37774553571,51210.385264668366,52081.9609375,905
2018-07-13,53421.224522844146,53740.09375,52592.16453223892,53740.09375,944
2018-07-16,54058.959055411615,54802.98719813258,53293.672965755766,54356.5703125,841
2018-07-17,55355.68680147058,55738.32979779412,53782.598927696075,54207.7578125,1866
2018-07-18,55419.463812169895,55993.42833956866,54207.76092099472,54335.30859375,1090
2018-07-19,57226.38771186441,57226.38771186441,53952.664194915254,56439.84375,1155
2018-07-20,54930.53394957578,56120.97895777092,54377.827338628034,55121.85546875,939
2018-07-23,55972.16978985888,58353.05965558778,55929.65389939944,58182.99609375,1145
2018-07-24,57438.96533073607,57438.96533073607,55887.135401371255,56099.71484375,883
2018-07-25,54845.51116848878,56950.048224954044,54781.737318292864,54930.54296875,815
2018-07-26,56482.355943892835,57906.63816001659,55589.52231587496,57672.80078125,851
2018-07-27,57609.035042198906,58884.511832801094,56928.780753877734,58246.7734375,642
2018-07-30,58714.44114338368,59373.4374053116,57800.34955425787,58756.95703125,615
2018-07-31,59522.2535291439,59522.2535291439,57141.36338797814,58353.06640625,580
2018-08-01,58863.25592466438,60223.76454841972,58565.64466321791,59777.34765625,731
2018-08-02,60330.052161837324,61966.91404219725,59968.66707136825,61350.43359375,863
2018-08-03,60585.13803936833,61095.32867548933,58204.24840413701,59734.8203125,924
2018-08-06,61499.22163289599,61988.15426253878,60585.13019486815,61669.28515625,618
2018-08-07,60500.108030886026,64135.21641924917,60202.496817803665,63880.12109375,819
2018-08-08,63965.17036945241,64581.65090807458,62732.20929220806,62987.3046875,819
2018-08-09,62519.61130065305,63561.25052327528,60733.94406187207,63476.21875,729
2018-08-10,63986.41256196739,65346.92100182317,62923.51534333005,64857.98828125,712
2018-08-13,67132.59609728507,71426.70135746607,66452.34179864253,70470.09375,1332
2018-08-14,69938.63188652326,72999.77565298507,69577.24685853819,72638.390625,890
2018-08-15,76209.72958144972,87093.79695821465,76167.21369325923,85818.3203125,2335
2018-08-16,82799.70129900683,91791.81263391823,80822.71228211142,91770.5546875,1800
2018-08-17,88581.85154659265,89453.42723975566,82119.43665094489,83522.4609375,1631
2018-08-20,81630.51215726849,85138.07322652612,80206.22978369115,82183.21875,1213
2018-08-21,81800.57821984692,83798.82519299288,79993.65276540644,80546.359375,882
2018-08-22,79079.57085912272,80758.94884242129,78611.8959776978,78994.5390625,752
2018-08-23,81673.01896963625,87667.75903976572,81311.6339299476,86200.9609375,1108
2018-08-24,82480.83177194861,84032.66185425589,75742.06278439508,79419.6875,1362
2018-08-27,77867.84333359772,78505.58160823815,75146.82669513184,75380.6640625,1222
2018-08-28,74402.8111645299,81099.06416933761,73021.04467147436,79589.75,1853
2018-08-29,78845.72508400537,79972.39627016129,77272.63701276883,79079.5625,604
2018-08-30,80928.98954849498,83926.35953177258,80567.60451505017,82629.625,947
2018-08-31,82629.62916574924,85095.55069475024,80652.64035370533,84479.0703125,822
2018-09-04,88262.97247386759,92365.75515389082,87582.71835075493,91515.4375,932
2018-09-05,90027.39200367648,95214.3302914916,89347.1378019958,93598.7265625,667
2018-09-06,92301.98749436683,95554.4527377197,89495.93904912123,94342.75,927
2018-09-07,95830.83312330086,98700.65620929145,91834.33875169914,93832.5859375,1055
2018-09-10,93768.7938811402,98721.89498617436,93067.28170746584,98020.3828125,301
2018-09-11,100635.11447325858,103717.51658534614,98020.3871643843,98573.09375,711
2018-09-12,99891.08787950664,101294.11231024668,86902.48292220115,89623.5,1121
2018-09-13,85775.82180007052,92365.7858045369,85371.92078044194,90431.3125,506
2018-09-14,90431.30340409532,92727.16160053216,88518.08824039796,91876.84375,586
2018-09-17,89729.79136782787,91451.68501880963,85244.36469675189,86881.2265625,751
2018-09-18,87115.05450185644,88177.95170173267,84564.10122215346,85882.09375,653
2018-09-19,83735.05163222867,83926.37315157116,77867.8583723924,80503.84375,731
2018-09-20,78122.9593101607,81694.29459291091,76209.74398011595,78378.0546875,629
2018-09-21,82332.02922231244,83650.0219441775,78420.56695097097,80184.9765625,858
2018-09-24,78909.49775547927,80737.6811625297,76082.19085852918,80503.84375,712
2018-09-25,78165.68696337537,80569.80308391468,76208.3534847062,79293.28125,683
2018-09-26,81378.25847743535,85250.37430564273,79676.22954195958,84739.765625,844
2018-09-27,87909.7859623016,88718.2496279762,84058.94587053572,85782.25,799
2018-09-28,83910.03671417663,84250.44254263172,81080.4132651438,83590.90625,584
2018-10-01,84633.39279957228,84675.9435249617,82144.17536429073,83314.3203125,586
2018-10-02,79484.743616059,80463.41015951155,76038.13535433482,76442.3671875,1140
2018-10-03,75931.7702786326,79952.81387142092,74314.84269634733,79506.03125,769
2018-10-04,78123.13153876792,82016.52289813463,77165.74022089088,80123.015625,775
2018-10-05,79059.24363259849,82186.72178491064,78250.779892545,81548.4609375,392
2018-10-08,85207.82968874107,87250.26455768467,80335.77151178184,80357.046875,826
2018-10-09,82378.20994475138,86058.84794073329,81825.05047714716,84718.5,486
2018-10-10,85590.7834427315,88080.00085829191,80357.04426129676,81335.7109375,624
2018-10-11,76804.07322254218,78612.47937875162,63847.374997465115,65570.6796875,1664
2018-10-12,66804.64793669872,71166.09788161058,65336.64771133815,66379.140625,1110
2018-10-15,63464.41197820475,64506.90483336132,59996.52758247985,63358.03515625,1439
2018-10-16,61868.7545015005,66060.00093781261,60804.98637045682,63804.8125,1316
2018-10-17,64251.59280380524,66123.82464709492,61741.10010484861,64996.23046875,1138
2018-10-18,65187.70927935795,66102.54984692074,60507.12963136227,63953.73828125,1114
2018-10-19,62464.45871281752,64123.936839384194,61358.139961773064,63655.87890625,802
2018-10-22,64634.545789859796,66953.56010555917,64187.76321527551,65251.53125,820
2018-10-23,60315.644471844374,64613.2671114608,58911.47073810831,62953.7890625,853
2018-10-24,63294.20196622639,65762.14395885909,61592.17300579005,65336.63671875,746
2018-10-25,64826.03097912453,74804.1762135221,64443.0744456082,73634.03125,1258
2018-10-26,72208.5696415575,73612.7433588064,66953.55588155022,73080.859375,1448
2018-10-29,73399.99026550275,75846.65660768618,68868.33869258911,73421.265625,1031
2018-10-30,74272.28810610251,75846.66488062315,70889.5055770649,72123.4765625,790
2018-10-31,75399.88006468581,77740.16979581318,74463.76417223486,74825.4453125,744
2018-11-01,70676.75945008695,71251.19428005454,65953.62862590894,67293.9765625,1286
2018-11-02,67910.94741145501,69144.91826041002,66187.64329481094,66676.9765625,876
2018-11-05,68081.13881829733,69315.10945937897,64698.35723326318,66974.8203125,739
2018-11-06,67336.53273982559,69719.37370881783,66081.28615794574,68613.0546875,767
2018-11-07,67676.92281164201,70102.31394667098,67017.38662580079,69740.6328125,691
2018-11-08,71400.10984731647,71442.66056832203,67974.77680636953,68974.71875,850
2018-11-09,73336.17322953152,75463.7094415864,71910.72396745476,72889.390625,1130
2018-11-12,75378.62542878704,77782.74190450055,74463.78464599341,77527.4375,723
2018-11-13,77399.77469074221,81910.15188547486,76187.07893555466,79974.09375,926
2018-11-14,80846.37901050539,80952.75582499291,71591.59615009229,74931.828125,1225
2018-11-15,73527.64973262032,74782.89606775476,71102.25850880124,71612.8671875,636
2018-11-16,68293.89090661901,69357.65867775015,67017.36958126165,68464.09375,1355
2018-11-19,68719.40752570894,68910.88575101279,65443.002337176695,68272.625,872
2018-11-20,67208.8640625,72719.18245192307,67208.8640625,69144.921875,950
2018-11-21,67485.44813729987,67825.85392866077,62655.940972366996,63783.53515625,1167
2018-11-23,65208.97339513867,68974.71182611406,64464.33585229044,68272.625,753
2018-11-26,67634.38675471916,69698.09720303868,65017.51680478822,69315.140625,721
2018-11-27,69123.64651442308,75102.02283653847,68974.71899038462,73293.6171875,824
2018-11-28,74846.73174393584,75059.48538732395,66357.8613727504,67974.7890625,922
2018-11-29,67017.39021431847,69847.0133567008,66123.82501146088,69612.984375,488
2018-11-30,71123.52678336466,73910.5988768797,69676.80233787594,70740.5703125,661
2018-12-03,67230.1558524173,69932.12730597965,66315.31512404581,66889.75,704
2018-12-04,64549.446075878266,65996.17064185049,63528.228735191995,65102.60546875,1153
2018-12-06,64506.89411447979,66187.64762208003,62315.53194634277,64209.0390625,1196
2018-12-07,62698.49347274605,63443.13116244612,58145.565884294185,59230.609375,1584
2018-12-10,60826.25240544957,61315.585670691034,56294.60086212646,59805.03515625,1261
2018-12-11,59443.361379953734,61570.89757823411,57847.70923124345,60932.63671875,955
2018-12-12,60698.60238647461,60698.60238647461,56890.312927246094,57188.16796875,1259
2018-12-13,58485.976597533634,58549.80269058296,56932.875,56932.875,897
2018-12-14,59039.129875511746,60294.37624043254,57890.26032117746,59762.4921875,1202
2018-12-17,58379.59587006516,58613.62486225565,55230.84215695669,55507.421875,1201
2018-12-18,56273.34227208985,56273.34227208985,51060.87767599835,51677.86328125,1187
2018-12-19,52018.24850561611,60358.18855232429,48933.321702624555,59783.75390625,1875
2018-12-20,53847.943425192854,55635.07390631344,51145.97234064149,52401.21875,1404
2018-12-21,53103.30429243434,55677.62313032879,51975.710090711975,54273.44921875,1187
2018-12-24,52528.870830975095,52677.7983707956,49188.638866429494,49337.56640625,797
2018-12-26,47890.83819776006,53167.12779040532,47422.7802500254,52358.6640625,1199
2018-12-27,50576.250576167695,51939.14743379917,49724.44004014803,49809.62109375,937
2018-12-28,50533.66242975395,52684.484134518025,49617.96606039895,52578.0078125,775
2018-12-31,51960.44742454068,52918.734364747375,48638.38603182414,48680.9765625,1191
2019-01-02,49085.58178498641,50682.72652853261,47935.63756963315,48979.10546875,1559
2019-01-03,47807.87434594704,48595.79922380898,45912.595585684554,46040.3671875,1686
2019-01-04,48297.658656010804,49255.94553410626,46721.809123142724,47296.78125,1797
2019-01-07,46040.364971862764,49405.01699108308,45806.11704647401,48957.81640625,1061
2019-01-08,50469.7776756536,51513.245652913945,48851.33754765795,48872.6328125,1010
2019-01-09,49277.24125945687,49319.83178777101,46530.15218319501,47147.71484375,1286
2019-01-10,47829.16396437852,49554.08038517756,46956.05812175184,49170.765625,1245
2019-01-11,48659.67374031537,49192.05529108468,47552.32011471519,48787.4453125,822
2019-01-14,48382.84154475043,50278.12010878335,47424.55463035176,49490.1953125,963
2019-01-15,49532.78669730644,53302.048625691314,48830.04294794654,51981.7421875,1592
2019-01-16,52407.648202107084,52897.43930679967,50831.79856092223,52301.171875,1198
2019-01-17,52237.28486336216,52790.96175143693,50895.68317302713,51406.76953125,1125
2019-01-18,53152.98260359656,54899.19437182369,51875.266675625484,54473.2890625,1737
2019-01-22,53962.193796176114,55090.84267983726,52854.840174470846,53323.3359375,1079
2019-01-23,54409.39938647598,55026.96204096045,52066.92035222457,52769.6640625,1077
2019-01-24,53877.01733840543,53983.49365725603,52215.98676433601,52918.73046875,726
2019-01-25,50618.850278396436,50618.850278396436,47488.445991091314,47807.875,1882
2019-01-28,47637.507676362104,47850.46032578706,45827.41015625,45827.41015625,1224
2019-01-29,44613.567796048526,45678.330750608155,42611.81344147642,42675.69921875,2296
2019-01-30,43357.159550489436,43868.245910613085,39247.17340449511,41334.109375,3296
2019-01-31,40162.86575880525,40780.42838181975,38544.42578125,38544.42578125,2774
2019-02-01,39396.24403123301,41057.27486065796,38757.38601991571,39161.99609375,2413
2019-02-04,41163.75453276373,41312.821414155005,39524.01883745963,39566.609375,1751
2019-02-05,39481.42881849782,41014.68819008997,38970.34236130044,39055.5234375,1415
2019-02-06,40205.45939614784,40993.38418304268,39055.51511257158,40908.203125,1963
2019-02-07,40993.389666751136,42398.87731246832,40290.64584389255,42015.5625,1857
2019-02-08,41632.23465475796,41781.30147960875,39736.956453083556,40141.56640625,1516
2019-02-11,41738.717823837505,41760.01308803334,40375.82091530404,41674.83203125,1353
2019-02-12,40950.80004546324,42398.87825819934,40673.96156361664,41717.4296875,1508
2019-02-13,42143.32975830934,42675.71138739359,40610.07066654669,42526.64453125,2175
2019-02-14,42377.568655912255,43101.60751737005,41206.32932120111,41376.69140625,1595
2019-02-15,40673.95042484642,42036.84719300881,39800.84468274239,39864.73046875,1787
2019-02-19,38459.250887573966,38821.270414201186,35414.02781065089,35989.0,3408
2019-02-20,35392.725553821554,36052.87867786997,33540.03775407277,34966.8203125,3739
2019-02-21,36031.59031413613,36862.105693717276,35690.86605584642,36606.5625,2830
2019-02-22,36116.75862068965,36691.730603448275,34945.519396551725,36436.1875,2773
2019-02-25,36542.67538930383,37777.80078125,36201.95114324972,37777.80078125,2407
2019-02-26,37735.215286546016,39736.970499263465,37479.672067901236,37948.16796875,3086
2019-02-27,38650.90053460537,40588.76937683627,38288.881080562234,39864.73046875,2673
2019-02-28,39864.740328947366,40908.20842516448,39843.44506167763,40461.0078125,2064
2019-03-01,41525.77086410635,43442.34490398818,40077.69270064008,43250.6875,3232
2019-03-04,43974.72185311405,45188.55194784892,42526.64384536018,42569.234375,2715
2019-03-05,43122.917112585616,43591.41300220383,41909.08685312024,41972.97265625,2015
2019-03-06,42058.14139799472,44720.0490814121,42036.846136527376,44336.734375,2127
2019-03-07,44720.06166128231,44720.06166128231,42207.22010126739,42846.078125,1698
2019-03-08,40354.515774592095,41930.364939404666,39289.75282539442,39481.41015625,1852
2019-03-11,39438.82337721061,41419.28265047226,38693.48924211213,39736.95703125,1576
2019-03-12,39417.541737288135,39609.19915254237,37543.55812146892,37692.625,1859
2019-03-13,36862.1001981268,38097.225450288184,36372.30914985591,36947.28125,1693
2019-03-14,38970.334624263916,40120.27892465203,38650.905651933885,39779.5546875,1669
2019-03-15,38906.44385080645,40354.52167338709,38118.5191532258,39609.1875,1671
2019-03-18,39183.281412760414,40993.37865193685,38906.44301147461,40886.90234375,1227
2019-03-19,39550.74000131996,40491.40625,39123.16443373812,40491.40625,1898
2019-03-20,40106.575431034486,42137.558728448275,37263.198814655174,37819.046875,3098
2019-03-21,37562.51002992402,39208.67580812787,37070.798174096904,37284.5859375,2791
2019-03-22,37990.084091441866,38268.00817314628,36664.600009466965,37049.41796875,2477
2019-03-25,36579.07911413627,36728.730519045064,34355.68681263412,34868.77734375,3329
2019-03-26,35659.796952688004,35959.09980480889,34227.41901753807,34398.44921875,2805
2019-03-27,34740.510055322964,35873.58515251196,34334.31332236842,35745.3125,2498
2019-03-28,37455.616508716106,38994.8884200332,37134.93486052504,38631.44921875,3454
2019-03-29,37583.88549588634,38674.20299320728,37434.234074685424,38652.82421875,1965
2019-04-01,38439.0461655141,41624.484362767485,38161.1220274987,40961.7421875,3152
2019-04-02,40897.597508883504,41047.24893730074,39892.79506093916,40234.85546875,1708
2019-04-03,40234.85559944238,40363.128252788105,39315.56825046468,40256.234375,1722
2019-04-04,41496.19690531847,41923.77234998946,37883.18439784871,38011.45703125,3314
2019-04-05,38481.80026795657,39294.19382916899,38203.87615491022,38396.28515625,2061
2019-04-08,36899.76654013993,37797.675111800345,36557.70613188834,37049.41796875,1930
2019-04-09,36386.67253862771,37284.58102665495,36365.293765103255,36493.56640625,1657
2019-04-10,36536.3216354405,37562.50269951373,35980.473559067505,37370.09375,2603
2019-04-11,38802.48676262609,39956.940914241415,37883.19919745093,39208.68359375,2689
2019-04-12,39336.94273648649,39892.79084037162,38695.57953969595,39550.73046875,1851
2019-04-15,40790.70185053018,41218.277341625886,39123.15743525694,39315.56640625,2115
2019-04-16,40940.355350196114,41731.37004886831,40598.29493995949,41560.33984375,2642
2019-04-17,41603.09868794103,43463.05222640499,41047.25050403226,42415.4921875,2403
2019-04-18,42757.54206730769,45301.6158203125,42073.42139423077,44467.84375,2535
2019-04-22,43997.524159754,47054.68934675343,43954.766604691074,46712.62890625,1767
2019-04-23,48016.721581071266,48529.81210553508,46798.131585469724,47845.69140625,2044
2019-04-24,47845.69475215517,48829.11832614942,45301.62072377874,46498.83203125,2272
2019-04-25,46028.508106878944,48123.62830867836,45194.73578167306,47375.37109375,1777
2019-04-26,46220.911368275694,46220.911368275694,43740.97347802594,44510.609375,1821
2019-04-29,45130.59238395674,48080.86322667869,45109.21360973411,47439.5,1787
2019-04-30,47546.398970655144,47738.80795929539,46178.157273657875,46990.55078125,1354
2019-05-01,47653.28929485453,50817.34798289332,45729.19955212823,49598.7578125,3516
2019-05-02,51309.06032541957,52420.75663247032,50111.84891782644,52228.34765625,1949
2019-05-03,50432.52500325521,51480.084869791666,49021.52599934896,51309.0546875,1490
2019-05-06,51415.94841763495,51864.902644982285,50004.94941740048,51287.67578125,952
2019-05-07,50518.04423732808,51522.84664069432,47289.8492818323,48187.7578125,1431
2019-05-08,46712.6278508242,50710.45915888101,46242.294755758696,49769.79296875,1559
2019-05-09,49470.4840279261,50432.52887721593,47653.28820148975,50047.7109375,1572
2019-05-10,49278.078525724566,51415.956119031485,49213.94219792535,51266.3046875,1413
2019-05-13,48529.81902780976,50133.22714546868,46007.12358935974,46413.3203125,1547
2019-05-14,46883.65637997095,48636.71603485358,46627.111064622266,46905.03515625,761
2019-05-15,46413.32189229835,47439.503122528804,45793.33739903411,47311.23046875,1100
2019-05-16,48102.23519556893,49962.188289797596,47802.9323987965,48850.4921875,1267
2019-05-17,49705.653216645296,50154.60750376338,47525.01810778602,47931.21484375,1103
2019-05-20,47867.0794276623,48380.17005127279,46947.79206036016,48080.8671875,782
2019-05-21,49085.672593150375,49641.52080195783,47802.945957440876,47909.83984375,1131
2019-05-22,48080.85811989335,50988.371105356004,47931.20671622983,50368.38671875,1005
2019-05-23,49042.921002076146,49919.45097639398,46541.603758291094,49556.01171875,1247
2019-05-24,49491.86745907576,50047.7156465211,48508.443742826305,48893.26171875,792
2019-05-28,50133.2277155497,50860.10607048731,49406.34936061209,49684.2734375,943
2019-05-29,49299.45226626234,50453.90604873336,49042.90698126879,49791.1640625,741
2019-05-30,49791.16516448851,50347.0132942767,47140.19716088328,47439.5,908
2019-05-31,44638.88910568065,44638.88910568065,40833.46656697799,41774.1328125,2184
2019-06-03,39657.622535883,39978.3041197311,36579.07933094114,36771.48828125,2271
2019-06-04,38182.49511255924,38203.87388921801,36044.61744668247,36087.375,1717
2019-06-05,34911.53459589879,37305.95705440501,34099.14126176274,36065.98828125,2300
2019-06-06,35852.20955741901,36087.37610788509,34590.86169582824,34975.6796875,2105
2019-06-07,34077.76594691728,35488.76503882226,33714.32678688115,34761.88671875,2273
2019-06-10,36835.627450533,37669.39963310456,36408.05197229118,36600.4609375,2039
2019-06-11,37284.58662670219,37412.859287115156,35595.66326459814,36108.75390625,1781
2019-06-12,35274.97886543843,35274.97886543843,33757.08583547108,34377.0703125,2065
2019-06-13,34291.556099276524,34419.828753014466,33072.96588876608,33243.99609375,1909
2019-06-14,32068.164444716243,33671.57266695205,31319.90727433953,32773.6640625,3004
2019-06-17,32795.04786772005,33521.926373262744,32175.06326005129,32303.3359375,1696
2019-06-18,31063.3617171567,32624.012374660095,30464.755985511558,31448.1796875,2857
2019-06-19,31939.887408088234,32196.432688474484,29930.28271172927,30165.44921875,3626
2019-06-20,27664.137709650284,27984.819367799246,25675.911429126732,26210.380859375,5756
2019-06-21,26274.51388979236,27279.31629241257,25654.529428601167,25675.908203125,3162
2019-06-24,25269.717000174256,25462.126012865938,22982.187627062034,23003.56640625,5310
2019-06-25,22575.192322916668,25423.864598958335,22489.51796875,24095.912109375,6303
2019-06-26,25638.046118121158,25702.301872803164,23796.04781723693,24374.349609375,4417
2019-06-27,24995.49013369845,25488.117617053264,24759.885685137455,24931.234375,3180
2019-06-28,24781.303349343118,25381.023741548484,24181.582957137754,24352.931640625,2501
2019-07-01,26430.536048399088,27180.186584617863,25916.4899664205,27008.837890625,4687
2019-07-02,26109.261355702634,26323.4472568979,23603.28631171805,23967.40234375,4522
2019-07-03,23667.5390625,24417.18962104072,23603.283300339364,23667.5390625,2034
2019-07-05,25530.95858549736,26302.027804522448,24053.075915699275,24331.517578125,3982
2019-07-08,24245.840755208334,24888.398372395834,23753.213248697917,24417.189453125,2322
2019-07-09,24502.867279578422,24866.9833143274,23624.705078125,23624.705078125,2863
2019-07-10,22575.18735995034,23303.419210271317,22061.14134795906,22103.978515625,4821
2019-07-11,22296.74944379993,23324.84163717399,21889.796283922697,22789.376953125,4705
2019-07-12,22660.866971328884,22982.145803625608,21996.890717915656,22061.146484375,2328
2019-07-15,22189.65285095688,22639.44311144925,21846.955509629362,22103.978515625,2083
2019-07-16,22275.33098759542,22703.70273735687,21782.70347536975,22446.6796875,3280
2019-07-17,22061.144349858263,22168.237283595437,19812.192741377567,19833.611328125,5969
2019-07-18,20283.404710222,20476.172020034035,17156.290573271195,17306.220703125,7069
2019-07-19,17927.355150305706,18462.819760529892,17241.96044921875,17734.587890625,5446
2019-07-22,17584.657154224536,17798.84299045139,17199.122649016204,17349.052734375,3269
2019-07-23,17349.05556955645,18398.566338579003,16984.939588466994,17927.357421875,4330
2019-07-24,17498.98231150184,18034.4468865172,17327.63364749693,17434.7265625,2648
2019-07-25,17777.424132043765,18955.446213082807,17777.424132043765,18719.841796875,4373
2019-07-26,18569.910342994237,19169.630630887936,18334.305944178854,19041.119140625,3313
2019-07-29,18891.18996052046,19233.887284067318,18055.865234375,18055.865234375,2661
2019-07-30,17863.102277399823,18205.799683201258,17606.079223048746,17905.939453125,2315
2019-07-31,18184.378654431996,20668.934512988075,17884.518464606263,20433.330078125,9065
2019-08-01,21525.67591561732,21611.35024761978,17177.70356649263,17434.7265625,9707
2019-08-02,17927.353455932916,17948.77203831754,16942.09866624007,17520.400390625,3677
2019-08-05,16171.033893002263,16470.89412413078,15228.616023741202,15978.2666015625,6907
2019-08-06,15978.270621612466,16449.47967479675,15678.410315040652,15806.921875,3929
2019-08-07,14393.291502507163,14993.011981778296,13707.896669054442,14950.1748046875,12113
2019-08-08,15164.360430102428,15507.0578409522,14007.756668484446,14114.849609375,9469
2019-08-09,14436.127607022112,14735.987824378655,13986.3372809873,14650.3134765625,5792
2019-08-12,14436.128108494717,15271.45302871919,14136.26788072183,15207.197265625,6601
2019-08-13,14628.892416666666,17113.448083333333,14564.636666666665,16063.9375,11885
2019-08-14,15378.548941648778,16256.711207118973,15035.851472196995,16213.8740234375,7845
2019-08-15,16406.639628453275,16642.244113979366,15421.384507162347,15699.826171875,6207
2019-08-16,16278.128374509164,16663.662993905433,15871.175165146435,16363.802734375,4562
2019-08-19,17284.80030036695,17563.24194089331,16213.870913727116,16963.521484375,6611
2019-08-20,16599.405777338317,16642.2429535379,15121.523198452713,15399.96484375,5338
2019-08-21,15678.407040934917,15806.918574057334,15314.291030421402,15549.8955078125,2988
2019-08-22,15828.336746051746,16106.778393817203,15442.802156838037,15935.4296875,3179
2019-08-23,15614.148905714896,15764.079004946727,13900.66205735112,14072.0107421875,8066
2019-08-26,13943.501070635033,14350.454250883982,13536.547890386084,14007.7568359375,5221
2019-08-27,13943.500471047793,14007.756233587184,12636.96663274685,12744.0595703125,8506
2019-08-28,12615.547629321532,13365.198167566445,12379.94317444456,12893.9892578125,6686
2019-08-29,12893.990219187403,14200.524111829316,12808.31586557154,13772.15234375,9423
2019-08-30,14072.012560880637,14157.68691437154,13193.850437598892,13536.5478515625,5509
2019-09-03,13022.500155472637,13236.68601329291,12358.52399622979,12915.4072265625,9018
2019-09-04,13001.081030659601,13022.499615553603,12144.337634899495,12187.1748046875,6647
2019-09-05,13001.083179532205,14243.361308713207,12936.82741422974,14007.7568359375,11398
2019-09-06,13836.405643763168,15314.287980326106,13429.452536593662,15250.0322265625,11655
2019-09-09,15035.849103949935,16663.661827454485,14864.500396212614,16470.89453125,13117
2019-09-10,16513.727831535532,16984.93666719543,15892.588911802031,16877.84375,8613
2019-09-11,16706.49441964286,16835.00591517857,15592.728125,16492.30859375,8457
2019-09-12,15035.849546370968,17370.475757986973,14778.826477202234,17263.3828125,10129
2019-09-13,17134.86861207898,18548.495272575492,16749.334068307202,18441.40234375,9523
2019-09-16,17220.543486328126,18013.031184082032,16727.915998535154,17134.869140625,7392
2019-09-17,16856.42570098459,17006.355789811645,15335.706228595891,15635.56640625,8758
2019-09-18,15635.56958103056,17520.405366141094,15592.73240409623,16470.89453125,8597
2019-09-19,16106.779921124828,16278.128643689985,15464.222211505486,15614.15234375,6141
2019-09-20,15485.639499181223,15999.685623635372,14628.89595842431,14714.5703125,6499
2019-09-23,14414.707899805588,14586.056582121255,13922.080438148041,13943.4990234375,5574
2019-09-24,14419.117109375002,14591.285671875,13300.021453125,13450.6689453125,9626
2019-09-25,13708.920106132076,15172.352707728593,13579.793700108854,14828.015625,9366
2019-09-26,14720.411050517907,15409.085251711727,14333.031812346384,15323.0009765625,6868
2019-09-27,16399.053567776504,16700.34851521597,15817.984740571826,16442.095703125,11002
2019-09-30,17345.981669577763,18099.21908699119,16678.828528440157,17711.83984375,10349
2019-10-01,18034.652600612593,18206.82112185949,16312.96738814361,17345.978515625,9681
2019-10-02,16334.490364753763,17216.854139397907,16269.92716173102,16442.095703125,7673
2019-10-03,16399.05656008376,16743.39370570232,15323.002980025773,16700.3515625,10567
2019-10-04,16937.081699892242,17001.64490840517,15559.733251616379,15602.775390625,8741
2019-10-07,16097.760891420912,16291.450527815014,15409.086628686327,16054.71875,5872
2019-10-08,15236.915197308394,15753.420797217153,14720.409597399634,14741.9306640625,7418
2019-10-09,14741.932542492917,15495.169971671388,14741.932542492917,15193.875,6033
2019-10-10,15323.00183433522,16097.760354048798,15043.22792443865,15215.396484375,7190
2019-10-11,15839.50967639594,17087.731906329314,15796.467530536167,16958.60546875,11252
2019-10-14,16915.55971480389,17044.686124840562,16377.533006317763,16872.517578125,3155
2019-10-15,17195.33278332847,18443.5546875,17152.290648701866,18443.5546875,8188
2019-10-16,17970.094308381034,18443.55787099706,17302.941106512993,17389.025390625,4918
2019-10-17,17776.403819332147,17797.924889331338,16119.281429394405,16635.787109375,6915
2019-10-18,16850.99967956543,17173.81576538086,16377.536087036133,16528.18359375,4479
2019-10-21,16312.970124154366,17690.318525138377,16226.885849092865,17496.62890625,5077
2019-10-22,17475.109900290343,18249.86846729829,17130.77275939792,17604.236328125,5729
2019-10-23,17475.10775149559,17475.10775149559,16700.34927975441,17087.728515625,5573
2019-10-24,16786.435507015307,16872.519791666666,15731.90302003614,15817.9873046875,11784
2019-10-25,14957.139549149111,16011.671690024372,14655.844651756179,15452.1240234375,7564
2019-10-28,15925.590884056788,16614.265084448434,15925.590884056788,16485.138671875,5901
2019-10-29,16915.56080264137,17023.16615125868,15861.028386191716,16269.9287109375,4932
2019-10-30,16140.802526539053,17109.250678131397,15774.9443359375,15774.9443359375,6945
2019-10-31,15387.56603627478,15581.255678689427,14569.76532385738,14655.849609375,7661
2019-11-01,14978.662677143895,15387.56295137627,14612.804537041242,14806.494140625,7011
2019-11-04,15021.70651400862,15667.338599137931,14935.622235991379,15602.775390625,6485
2019-11-05,16528.18359375,16894.04182434082,16269.930725097656,16528.18359375,6450
2019-11-06,16248.408269019905,16657.308609564778,15774.944716810054,15947.11328125,3932
2019-11-07,16442.09669426306,17711.839763584423,16334.491349405316,17302.939453125,6340
2019-11-08,17862.4854930933,18077.696161684784,17216.85348731884,17819.443359375,4557
2019-11-11,17776.403587718636,18077.698563781665,17432.066472218034,17840.966796875,4095
2019-11-12,17797.923480576443,18422.03446115288,17087.728226817042,17173.8125,5701
2019-11-13,16850.99372102781,16958.59904491688,16356.009231138107,16829.47265625,4278
2019-11-14,16592.740782171528,16872.514621559632,16269.924813646789,16420.572265625,4313
2019-11-15,16850.993300356113,16894.03542883723,16226.882437379962,16807.951171875,3920
2019-11-18,16872.514890939598,16872.514890939598,16011.672294463087,16033.193359375,4396
2019-11-19,16291.448561981986,16334.490698209152,15495.169041779433,15904.0693359375,4125
2019-11-20,16054.715689926772,16463.61595548791,15559.73115793171,15796.462890625,5890
2019-11-21,16011.676875,16678.830078125,15731.90295110887,16678.830078125,4207
2019-11-22,16463.616335364382,17087.727281410876,16377.532066944177,16721.869140625,3369
2019-11-25,17259.89562103714,17862.4854930933,16937.07961814991,17819.443359375,6861
2019-11-26,17711.840609334573,17948.57237932568,16592.744969376618,16635.787109375,4521
2019-11-27,17066.208749900223,17345.982663833012,16678.82948445482,16850.998046875,5029
2019-11-29,16764.91408344504,16829.47729557641,15947.113396447721,16054.71875,3913
2019-12-02,16420.572669130637,16549.699059713577,15882.546041701717,15990.1513671875,4770
2019-12-03,15279.960025480425,15323.002166397271,14612.806841269308,14978.6650390625,6144
2019-12-04,15129.313843288503,15645.819579047997,14978.666337025317,15301.482421875,4655
2019-12-05,15624.29467147436,15624.29467147436,14741.93092280983,15107.7890625,6175
2019-12-06,15947.114066406251,16205.36692578125,15516.692634114585,16140.8037109375,6778
2019-12-09,15904.06902374711,16420.574648334295,15817.98475298258,16291.4482421875,2771
2019-12-10,15904.0693359375,16377.532834436317,15861.027199710335,15904.0693359375,2827
2019-12-11,15731.899874037592,15861.026275192484,14677.367597939312,14849.5361328125,9879
2019-12-12,14462.160145057305,15409.087297412249,14268.470500257432,15021.7080078125,7809
2019-12-13,15301.479394813494,15538.211143537754,14698.889488969924,14892.5791015625,5677
2019-12-16,14892.576356850626,15538.20827983548,14871.05529275113,15452.1240234375,4108
2019-12-17,15409.083691672344,15839.505023841963,15322.99942523842,15796.462890625,3257
2019-12-18,15839.507790492959,15925.592071963029,15258.438890569982,15279.9599609375,2943
2019-12-19,15215.398284610807,15602.777590301039,15086.27184938073,15258.4404296875,2517
2019-12-20,15215.39651501748,15861.028616079042,15172.35437494671,15774.9443359375,3856
2019-12-23,15522.699626865673,15652.055457089553,14358.497154850747,14444.734375,7701
2019-12-24,14186.02471169687,14229.143327841844,13043.381383855023,13086.5,7413
2019-12-26,12741.54982657597,12892.464968345905,12224.126483364764,12504.3974609375,7114
2019-12-27,12590.63413890068,12914.023714386141,12353.481783544672,12698.4306640625,12962
2019-12-30,12698.429098742105,12698.429098742105,11922.294213250227,11943.853515625,5091
2019-12-31,11685.144896157697,12181.00897846697,11598.907664451735,12116.3310546875,5458
2020-01-02,11771.382127863657,12396.602057731874,11620.466972378226,12116.3310546875,5399
2020-01-03,11426.432673626314,12504.398020194834,11426.432673626314,12310.3642578125,5538
2020-01-06,11620.464340049342,12525.955067845396,11534.22712787829,12288.802734375,5938
2020-01-07,12288.805097197106,12504.398169077758,11857.618953435805,11922.296875,4350
2020-01-08,12051.65269569298,13560.804196048093,11986.974774249189,13280.533203125,10011
2020-01-09,13690.158468762284,13797.954992138366,13194.294461232312,13711.7177734375,4781
2020-01-10,13474.564803274054,13603.920625385486,12978.70081851357,13108.056640625,5359
2020-01-13,13388.328107081423,14099.78515625,13323.650193520643,14099.78515625,4703
2020-01-14,14229.141476928515,14229.141476928515,13280.53204513328,13345.2099609375,4371
2020-01-15,13108.057095462329,13474.565270828874,12482.83726689587,12590.6337890625,5207
2020-01-16,12914.022992253707,13172.734638175318,12698.429953985698,12719.9892578125,4204
2020-01-17,12719.990298941117,13258.972938726756,12612.193770983988,13043.3798828125,4030
2020-01-21,13345.208394688045,13388.327000163612,12331.921166012216,12353.48046875,5730
2020-01-22,12439.719543036099,12741.54982657597,12310.363707233299,12504.3974609375,3174
2020-01-23,12741.549274127228,12827.786494256685,12159.448038253395,12698.4306640625,5379
2020-01-24,12763.108333333334,12806.226942567568,11900.736148648648,11965.4140625,5413
2020-01-27,11512.669330752213,12375.041565265486,11447.991413163718,12181.0078125,5184
2020-01-28,12612.192655864515,13172.734551680716,12310.362404271176,13108.056640625,5018
2020-01-29,13108.057663043477,13258.972800611413,12331.922669836957,12396.6005859375,4429
2020-01-30,12224.126304875106,12719.99033487886,12094.770470961084,12569.0751953125,4623
2020-01-31,12418.159452296819,12525.955975320228,11900.736141784451,12202.56640625,4536
2020-02-03,12504.397956629427,12957.1433998867,12331.923502055228,12784.6689453125,3938
2020-02-04,13237.41447945927,13819.515767643961,13129.617944610252,13431.4482421875,6187
2020-02-05,13453.004788306453,13647.038511214718,13021.818737399195,13366.767578125,2894
2020-02-06,13129.616301780523,13345.2093445027,12784.667433425042,12978.701171875,3466
2020-02-07,12719.989180307539,13582.361328125,12590.63335813492,13582.361328125,4229
2020-02-10,13194.2916796875,13474.562581380209,12763.105677083333,12935.580078125,3715
2020-02-11,13043.379715962625,13366.769295697237,12741.549441543655,12870.9052734375,4081
2020-02-12,12978.69977769309,13323.648608993903,12892.462569867886,13258.970703125,3769
2020-02-13,12935.584061982616,13172.736436452296,12633.753767203021,13021.8212890625,3445
2020-02-14,12978.701966038223,13194.29502195248,12827.786826898244,13043.3798828125,3032
2020-02-18,12655.310105732013,12935.581028005465,11771.378735484972,11836.056640625,8250
2020-02-19,11620.466879986703,11814.500649782398,11103.043493864845,11146.162109375,6667
2020-02-20,11253.955418786338,11426.429831334788,10758.091482709546,11124.599609375,7197
2020-02-21,10564.058856110074,10693.414678837953,10089.754172774521,10111.3134765625,10125
2020-02-24,8990.229595436398,10132.872685503855,8968.67029185022,9787.923828125,9656
2020-02-25,10283.789949038703,10779.654034631763,9637.010706960797,10758.0947265625,8614
2020-02-26,10779.652872883466,11081.483153324203,10413.144675205429,10822.771484375,6324
2020-02-27,10348.465981686542,12741.548739951555,10305.347373429515,12655.3115234375,12435
2020-02-28,14487.854709507043,16428.19239381602,14250.702325869277,15307.1083984375,20629
2020-03-02,13905.752722442725,14487.85399919614,13194.295606410771,13409.888671875,7653
2020-03-03,12741.55071006133,13215.855474226051,10068.196584769275,11534.2294921875,20446
2020-03-04,11059.923930413166,11922.296166702692,10844.330871340784,10909.0087890625,8883
2020-03-05,10520.939609704641,11081.481474156119,10089.753560126583,10219.109375,12240
2020-03-06,10025.076687116565,11534.228016359919,9981.958077709613,10542.5,11960
2020-03-09,11512.669439338235,12827.787109375,11297.076378676471,12827.787109375,10026
2020-03-10,12245.68491812928,13927.310663928723,11792.939525029431,12590.6337890625,8328
2020-03-11,13129.616122159092,15889.207031250002,12892.463778409092,15414.90234375,15158
2020-03-12,19618.96192621888,21667.095314120852,16277.270609115665,20783.1640625,14267
2020-03-13,17786.425258464937,30722.00726462125,17570.832225028997,30204.583984375,11052
2020-03-16,38375.55860394909,38375.55860394909,11857.616422568539,16514.42578125,8653
2020-03-17,15177.747679814385,15177.747679814385,8774.635377392691,9292.05859375,15285
2020-03-18,10025.077875701474,12396.60167425451,8515.92636753136,12245.6865234375,15189
2020-03-19,11534.228829112963,14186.023494497811,8709.959713946984,11081.4833984375,10557
2020-03-20,9744.806297144396,12870.905662378771,9701.68768521013,12504.3974609375,8334
2020-03-23,10822.769482421874,11814.497363281249,8623.720703125,10348.46484375,9177
2020-03-24,6724.007577971211,7591.621458999754,4880.328080785556,5509.34814453125,20816
2020-03-25,5574.4199059031835,5964.8462028146905,4424.83136499708,4641.73486328125,16068
2020-03-26,4554.97366692822,5379.206997134279,4424.831562158843,4967.09033203125,12172
2020-03-27,5422.586928318887,6160.058750570256,5118.92206033303,5943.1552734375,15461
2020-03-30,5899.775438596491,6550.485964912281,5314.1359649122805,6181.75,10327
2020-03-31,6485.414709756541,6615.556810955669,5856.394553960756,6528.79541015625,9376
2020-04-01,6615.556143465909,6637.246491477273,5899.774659090909,5964.845703125,8119
2020-04-02,5682.871846436512,5856.394650907856,5183.993783581398,5487.65869140625,10298
2020-04-03,5400.897520065308,5639.491386413574,5140.613302230835,5552.72998046875,6064
2020-04-06,5032.161384415938,5270.755243159798,4771.877174877183,4967.09033203125,9841
2020-04-07,4880.328290554587,5140.612466050831,4771.876550764485,5053.85107421875,7269
2020-04-08,4967.089924422555,5118.922367527174,4836.947830332881,4988.7802734375,4420
2020-04-09,4554.9740733271055,4641.7354842476225,3969.3345496136208,3991.02490234375,14967
2020-04-13,4034.405076246995,4207.92787522536,3362.004230205829,3383.694580078125,15338
2020-04-14,3318.623525943396,3600.5980738993712,3101.7200275157234,3448.765625,14154
2020-04-15,3687.3596340272484,3752.4306863924353,3405.385073778106,3557.217529296875,10100
2020-04-16,3513.837265500597,3600.5986794635746,3340.314437574642,3405.385498046875,7763
2020-04-17,3643.979012784091,3665.669364050663,3492.146553918087,3578.907958984375,6513
2020-04-20,3622.2890329543193,3622.2890329543193,3318.6240840838973,3405.385498046875,6472
2020-04-21,3622.288507080078,3665.6692077636717,3383.694653320312,3470.4560546875,7360
2020-04-22,3210.1715494791665,3253.55224609375,2993.26806640625,2993.26806640625,6838
2020-04-23,2881.3461623861817,2914.3154951686793,2601.106833734951,2846.6416015625,30970
2020-04-24,2742.5279141512783,2919.521174033234,2688.7358449714684,2767.688720703125,42174
2020-04-27,2757.277293897295,2915.1830420059505,2708.6909098638625,2770.29150390625,36460
2020-04-28,2820.613065419946,2909.1096918957487,2746.865876690111,2783.3056640625,31319
2020-04-29,2834.494857788086,2936.005692915483,2729.513566758898,2748.60107421875,35417
2020-04-30,2873.5380088773313,3038.3846941692073,2768.5566987703996,3023.63525390625,44542
2020-05-01,3169.3935850644443,3200.627685546875,2809.3338156141995,2824.083251953125,41481
2020-05-04,2746.865815067535,2789.378899381594,2666.1777162673834,2713.896484375,28715
2020-05-05,2723.440565648996,2809.3343585764414,2563.7995767737443,2584.622314453125,38485
2020-05-06,2677.4567282320277,2756.409599997781,2622.7970477788135,2748.60107421875,23662
2020-05-07,2679.192398207248,2715.6321911880464,2454.4803414923267,2531.697998046875,34726
2020-05-08,2542.108837807725,2593.298060139007,2451.876988274618,2555.123046875,30645
2020-05-11,2543.844527463651,2743.3957693861066,2523.8894032714056,2685.265625,27800
2020-05-12,2619.326966370511,2724.3082724092096,2525.624643625226,2702.617919921875,27916
2020-05-13,2621.9298413594565,2770.2918542226157,2566.4025382995605,2665.310546875,27886
2020-05-14,2667.0451861273136,2675.721325314455,2449.2740925300604,2496.125244140625,33631
2020-05-15,2386.805815922957,2431.0541243969924,2277.486465575341,2293.103515625,54080
2020-05-18,2219.356697115933,2400.6880300702837,2215.8862409828353,2377.262451171875,55820
2020-05-19,2299.1767238267425,2314.7937732716036,2169.0346451195687,2206.342041015625,47844
2020-05-20,2192.460460316051,2294.8389068207184,2173.3729533406045,2271.413330078125,66988
2020-05-21,2343.4256988978236,2506.537150727809,2325.205802682772,2397.2177734375,42633
2020-05-22,2351.2335216059623,2418.9074015636247,2288.765324721966,2411.098876953125,29827
2020-05-26,2440.598000656878,2624.532154990066,2434.5247031081403,2613.253173828125,99433
2020-05-27,2761.615200590527,2844.0385257730904,2657.5015266757096,2658.369140625,43500
2020-05-28,2564.666742474363,2688.7355327902746,2510.8746795401917,2622.796875,42293
2020-05-29,2515.2128727731465,2602.8418828283684,2485.713998101092,2562.931640625,38116
2020-06-01,2530.8299054852137,2546.4469566675016,2405.025882072339,2408.496337890625,37652
2020-06-02,2385.070901875869,2608.0477013600807,2378.1299898296675,2575.078369140625,48312
2020-06-03,2706.955750692062,2837.0978540907186,2663.5750495591765,2781.570556640625,44889
2020-06-04,2670.516158136076,2775.497462598215,2650.5610341474044,2729.513916015625,32518
2020-06-05,2903.9045670038304,3040.987603032096,2837.9658914459305,2852.71533203125,39523
2020-06-08,2807.5989743958853,2901.301288745315,2775.497255590988,2778.10009765625,23901
2020-06-09,2731.248603673385,2802.3929446839365,2665.30994615141,2739.05712890625,29930
2020-06-10,2667.9128000460278,2837.9651281140023,2490.91956062834,2496.125244140625,41760
2020-06-11,2511.742444747285,2798.9226689999105,2434.5248013681803,2731.248779296875,42843
2020-06-12,2629.7384361382105,2791.1146648157783,2577.681588177705,2762.4833984375,40487
2020-06-15,2911.712914585751,2992.4010257467985,2595.033768631103,2616.72412109375,32733
2020-06-16,2631.4730753042295,2785.0407424090263,2593.298062012642,2753.806640625,33197
2020-06-17,2732.9843051121193,2777.232622432982,2662.7075658378076,2721.705322265625,23342
2020-06-18,2745.998387410912,2810.2018252208354,2690.471089845573,2788.511474609375,18838
2020-06-19,2711.2934023241537,2745.130343985159,2548.1819912403325,2594.16552734375,34740
2020-06-22,2471.8325838626142,2483.111567221763,2320.000115566385,2393.747314453125,41897
2020-06-23,2323.470646386173,2359.042825811802,2260.1348147259077,2329.5439453125,30407
2020-06-24,2359.910187341715,2463.156258037915,2282.692537829431,2398.085205078125,45823
2020-06-25,2398.9526211542293,2483.978790005265,2375.527044021801,2381.600341796875,33653
2020-06-26,2428.451838716307,2495.258123668488,2325.2057619720267,2341.6904296875,42864
2020-06-29,2323.4708708622356,2373.7924953992074,2294.8396017291316,2298.31005859375,35167
2020-06-30,2313.058753958082,2339.087172044632,2147.34449214038,2157.755859375,46043
2020-07-01,2166.432131932383,2287.030476481282,2156.8883780472183,2169.902587890625,47702
2020-07-02,2195.063975375306,2216.7543308632044,2103.0968681066174,2212.416259765625,44164
2020-07-06,2120.449285920966,2194.196499220181,2093.5532434236047,2131.728271484375,37333
2020-07-07,2147.344613987128,2147.344613987128,1998.1150084898406,2018.937744140625,54469
2020-07-08,1952.1314848389675,1977.2922906435588,1874.9138394386707,1899.20703125,65655
2020-07-09,1865.3700385002903,2005.0558878949632,1848.885373043776,1913.9564208984375,69554
2020-07-10,1877.5167815700133,1984.2333084337433,1871.4434832932156,1948.6611328125,44461
2020-07-13,1880.9868902399228,2082.2733102286966,1869.7079098095173,2077.067626953125,72585
2020-07-14,2090.9498075597426,2106.566860064338,1913.0889318129593,1917.427001953125,58459
2020-07-15,1940.8525105849783,2002.4531043496333,1897.471810750714,1907.8831787109375,40095
2020-07-16,1940.8524388732237,1998.9825745033113,1901.809810464956,1965.1456298828125,54214
2020-07-17,1913.088925829686,1937.3821185386346,1832.4008214749647,1836.7388916015625,54543
2020-07-20,1788.1522977224906,1804.6369622817954,1725.684095181967,1739.56591796875,40487
2020-07-21,1658.87808196335,1723.9491364336695,1631.1144320560136,1697.0531005859375,60892
2020-07-22,1648.4665920108732,1675.3626258805243,1606.8211202127036,1623.3057861328125,84482
2020-07-23,1629.3792517486463,1741.301468721796,1584.2633193253612,1682.3037109375,112777
2020-07-24,1639.7904444330165,1669.2893201529757,1605.9534987542402,1614.629638671875,71599
2020-07-27,1488.8255927507269,1496.634118586832,1409.8727204078853,1454.9886474609375,97405
2020-07-28,1500.9723299148854,1529.6035940115278,1442.8421876580662,1474.0762939453125,70579
2020-07-29,1463.6648289437799,1565.1756677027734,1462.7972149372927,1503.5750732421875,102471
2020-07-30,1588.6014517190458,1655.4077388748985,1535.6769904657078,1604.218505859375,88800
2020-07-31,1552.1613382496141,1585.1306679608972,1499.2368879236071,1510.515869140625,80973
2020-08-03,1527.0005611795773,1588.60115199989,1510.5158960304798,1540.0147705078125,73582
2020-08-04,1539.147216191067,1566.0432498449131,1396.8585220223324,1398.59375,122145
2020-08-05,1339.5960537638068,1423.7546141362739,1313.5676330300541,1394.2557373046875,127415
2020-08-06,1339.5962417939957,1451.5184666589084,1339.5962417939957,1412.475830078125,113058
2020-08-07,1475.8116028890445,1536.544590662256,1454.9888642239432,1500.972412109375,144377
2020-08-10,1473.2085463335725,1538.2795951998962,1403.799427542827,1530.4710693359375,99744
2020-08-11,1684.038889751108,1782.946892549473,1648.466713306082,1774.270751953125,177737
2020-08-12,1649.3342537757194,1756.0507783493194,1638.055271503713,1752.580322265625,136834
2020-08-13,1683.1714113794192,1712.670291785038,1594.6747701625632,1631.982177734375,139315
2020-08-14,1640.6580300210906,1701.3910083931034,1620.7029085560005,1651.93701171875,84435
2020-08-17,1506.1777966587695,1528.7357590511244,1438.503909481705,1441.974365234375,84657
2020-08-18,1368.227197135146,1500.9721312896656,1364.7567413402567,1461.0618896484375,98006
2020-08-19,1487.9580172544026,1587.7336277408494,1461.9295971275035,1570.38134765625,146951
2020-08-20,1566.0433401238186,1586.8660770562128,1487.0904625884903,1497.5018310546875,117849
2020-08-21,1559.1022476145818,1605.0857863589183,1543.4851967202787,1573.8516845703125,85573
2020-08-24,1519.1920203329694,1597.277275518559,1518.324406386463,1589.46875,56707
2020-08-25,1594.6746852680087,1675.3627950231364,1594.6746852680087,1598.1451416015625,70660
2020-08-26,1630.2468620461693,1638.9230028766437,1514.8541890008576,1517.45703125,73161
2020-08-27,1462.797508568205,1631.1146596134195,1462.797508568205,1592.072021484375,92311
2020-08-28,1511.3835812072575,1540.882457074678,1464.5324254178247,1482.7523193359375,81266
2020-08-31,1471.4733238468361,1487.9579896210637,1424.6221684885054,1467.13525390625,75732
2020-09-01,1402.9317908165913,1538.279570264574,1402.9317908165913,1502.7073974609375,80151
2020-09-02,1539.1471175573158,1595.5420232175331,1495.76642089561,1498.3692626953125,88431
2020-09-03,1520.92731550221,1607.6887139906419,1497.5017379103333,1530.4710693359375,93022
2020-09-04,1557.3668884887018,1666.6862355358196,1541.7498389105422,1563.440185546875,90681
2020-09-08,1656.274959412121,1684.038604619658,1524.397644676321,1588.60107421875,75010
2020-09-09,1551.2937912417517,1551.2937912417517,1439.3715881823637,1446.3125,79209
2020-09-10,1419.4163947710083,1508.7806298941218,1409.872641505433,1498.3692626953125,92420
2020-09-11,1480.149578940275,1546.955861225387,1444.5774026585918,1533.941650390625,69244
2020-09-14,1479.2817955933745,1482.7522514188136,1404.6669953464361,1408.137451171875,71134
2020-09-15,1375.1681208302045,1425.48973029907,1354.3453858775704,1408.137451171875,86391
2020-09-16,1366.4921569824219,1420.2842291937934,1362.1540866427952,1405.5347900390625,87035
2020-09-17,1470.6054486846467,1500.9719328757753,1438.5037368254539,1451.5179443359375,73079
2020-09-18,1443.709588027152,1505.3101774201373,1422.8868535844526,1501.8397216796875,67422
2020-09-21,1590.336446902497,1648.4665843506516,1546.0881333225584,1614.629638671875,95638
2020-09-22,1598.1448372537134,1648.4664445070875,1576.4544892996728,1599.012451171875,59112
2020-09-23,1651.9370098225122,1813.3132093114762,1651.069395846765,1787.2847900390625,97937
2020-09-24,1827.195206563981,1842.8122596115363,1668.4218339138345,1693.5826416015625,94169
2020-09-25,1739.5659557141755,1769.0648297761616,1692.7148027921978,1714.4051513671875,56556
2020-09-28,1668.421697207436,1718.7433084596623,1647.5989615168596,1674.4949951171875,36801
2020-09-29,1656.2753733625316,1668.42197117661,1609.4242103653726,1631.982177734375,53803
2020-09-30,1656.2752631607336,1697.9207386095106,1618.9678580712043,1649.3343505859375,66234
2020-10-01,1613.7620246801116,1647.5989703588882,1582.5279209766256,1614.629638671875,62907
2020-10-02,1651.0694099426269,1677.96544342041,1613.7620086669922,1665.81884765625,49372
2020-10-05,1640.6581167681463,1652.80471308478,1576.454679094512,1610.2916259765625,54607
2020-10-06,1585.998414309087,1732.6251823715793,1570.3813620894132,1731.757568359375,66259
2020-10-07,1692.7147334208016,1725.6840619036261,1666.686316197519,1704.861328125,57364
2020-10-08,1667.5540617452434,1697.0529369270012,1634.5847306597495,1650.2017822265625,55198
2020-10-09,1572.1166398790147,1579.0575521963613,1498.3694465072067,1499.237060546875,75686
2020-10-12,1509.6481882907115,1530.4709219223075,1482.7521573499,1504.4425048828125,47366
2020-10-13,1550.4263174479902,1597.2774764531337,1520.0598255002121,1533.941650390625,74490
2020-10-14,1500.1045383029514,1517.456817519874,1455.856226299799,1483.619873046875,61900
2020-10-15,1546.0879926974458,1555.631745738788,1505.3101387935287,1525.2652587890625,56371
2020-10-16,1525.265592908304,1567.7786839506855,1516.5894518792463,1564.3082275390625,41358
2020-10-19,1528.7357994153185,1621.5704932504143,1528.7357994153185,1618.9676513671875,31846
2020-10-20,1612.8943330184275,1636.319909667969,1574.7193192191746,1596.40966796875,32132
2020-10-21,1570.3812174479165,1577.3221289062499,1520.0596093749998,1561.705078125,48982
2020-10-22,1606.821415858115,1662.3487218056955,1595.5424318375126,1613.7623291015625,37050
2020-10-23,1616.3650118785042,1675.3627686191046,1616.3650118785042,1644.128662109375,36558
2020-10-26,1672.759904204822,1700.5235540671426,1618.1002185383782,1693.5826416015625,37711
2020-10-27,1691.847435943684,1708.3321032682636,1639.7905917608016,1644.128662109375,32037
2020-10-28,1735.227933843085,1852.3558193774934,1722.213724339262,1835.0035400390625,48638
2020-10-29,1889.6632472826088,1889.6632472826088,1761.256378321256,1795.9609375,35193
2020-10-30,1753.4479216308594,1838.474094970703,1735.22802734375,1735.22802734375,37908
2020-11-02,1683.1712868842937,1724.8167620236989,1631.1144429600372,1633.71728515625,58595
2020-11-03,1593.8069869969813,1618.1001800486501,1552.1615131941205,1569.5137939453125,51758
2020-11-04,1567.778562386326,1650.2018957713294,1559.9700360656416,1639.79052734375,48742
2020-11-05,1522.662623862585,1525.2654659546577,1386.4472210441086,1406.40234375,81147
2020-11-06,1384.7116808535447,1425.4895311042444,1370.8298594916046,1395.123046875,39645
2020-11-09,1533.0739454743612,1624.1734159185082,1529.6034894574414,1570.38134765625,65363
2020-11-10,1556.4994928705878,1677.0978370785097,1551.2938089479437,1674.4949951171875,35802
2020-11-11,1718.743157380496,1747.3744164383236,1699.6556513419443,1711.80224609375,23974
2020-11-12,1676.230408377926,1687.5093914570737,1624.173563397245,1677.0980224609375,29657
2020-11-13,1605.9535757660105,1648.4666634010914,1600.7478915657966,1634.5848388671875,28524
2020-11-16,1640.6581526573157,1680.5683985707142,1612.8945033262557,1653.67236328125,36882
2020-11-17,1687.509186021627,1724.8165870493547,1664.0836086321237,1722.2137451171875,30233
2020-11-18,1728.2870703496671,1829.797907312976,1726.5518423673882,1823.724609375,43177
2020-11-19,1873.1783895046913,1892.2658950948269,1829.7976949816552,1856.6937255859375,33679
2020-11-20,1812.4458154111833,1845.4151504928611,1773.403181761828,1831.5333251953125,37085
2020-11-23,1856.6942349730532,1979.0278270904366,1855.8266208445611,1972.0869140625,43556
2020-11-24,2099.625959444126,2104.8316436410946,2031.0844508507016,2078.80322265625,38993
2020-11-25,2043.230805588262,2055.3774006108674,1984.2330583356074,2011.9967041015625,37551
2020-11-27,2070.1271936392463,2070.994807718726,1979.0277152938477,1985.9686279296875,26199
2020-11-30,2017.2028256357914,2051.0397762593598,1936.5147126103598,1940.852783203125,39455
2020-12-01,1804.6371349122276,1887.9280796004844,1779.4763287043168,1791.6229248046875,38590
2020-12-02,1795.0931293226065,1835.0033680605668,1777.74085161045,1784.6817626953125,32817
2020-12-03,1774.2708568157966,1862.7674961288583,1774.2708568157966,1834.13623046875,29649
2020-12-04,1839.341384680627,1881.854463854849,1805.5044441133891,1854.0908203125,31363
2020-12-07,1865.3703186127216,1865.3703186127216,1687.5094277682526,1725.6844482421875,54723
2020-12-08,1715.2729079195126,1756.0507666308008,1709.199609813576,1738.698486328125,23344
2020-12-09,1789.887612237673,1873.178552991341,1763.859193252152,1833.268310546875,42609
2020-12-10,1828.0625149931066,1863.6346854319852,1771.6676106387868,1843.6795654296875,29779
2020-12-11,1839.3414629069161,1883.589771684394,1817.651115466976,1872.310791015625,24918
2020-12-14,1892.2662202422362,1956.4696591683826,1841.94460594877,1948.6611328125,29072
2020-12-15,1867.973050804899,1888.7957880177728,1808.1076813178863,1827.1951904296875,42486
2020-12-16,1812.4456382207848,1855.82633803459,1762.1240264367707,1765.594482421875,45973
2020-12-17,1684.9065219981924,1690.9798204811932,1605.9536417191835,1642.3934326171875,62013
2020-12-18,1642.3933010276305,1703.1262809916739,1641.5256870281441,1702.2586669921875,41036
2020-12-21,1702.258669972541,1720.4785639936538,1662.3484259262939,1705.7291259765625,30067
2020-12-22,1700.5235788878367,1828.9304613752856,1700.5235788878367,1803.7696533203125,28175
2020-12-23,1777.7411229643624,1777.7411229643624,1727.4195099180308,1745.639404296875,23483
2020-12-24,1755.1830181179334,1768.1972273476758,1711.8023206854584,1726.5517578125,16577
2020-12-28,1674.4950085334908,1762.12402193343,1644.9961327354915,1760.3887939453125,22753
2020-12-29,1742.1690195061976,1771.6678973265218,1701.3911589898673,1758.6536865234375,25082
2020-12-30,1752.5800632059977,1752.5800632059977,1675.3624267578125,1675.3624267578125,41397
2020-12-31,1674.4949208935302,1745.639264682789,1664.0835535097362,1726.5517578125,26082
2021-01-04,1566.0432629615957,1600.74782280562,1463.6648114217242,1482.7523193359375,64144
2021-01-05,1454.121061862245,1521.794953762755,1452.3858338647958,1487.9580078125,35322
2021-01-06,1518.3243135356793,1567.7783054622698,1486.2225994780677,1490.5606689453125,61460
2021-01-07,1504.442744784885,1540.0149204112865,1476.6790955154984,1499.237060546875,30191
2021-01-08,1572.1166930281795,1697.920733033194,1563.4405523381786,1642.3934326171875,52463
2021-01-11,1703.1261604759698,1711.8022998568968,1661.4806914475203,1703.9937744140625,26252
2021-01-12,1699.6559926387636,1754.3156799977437,1681.436096852437,1682.3037109375,24406
2021-01-13,1690.1120856753753,1720.4785759210827,1657.1427534086072,1719.6109619140625,21221
2021-01-14,1713.5377197265625,1736.0956846444817,1670.157017961333,1713.5377197265625,29179
2021-01-15,1746.5067353510992,1830.6652814658814,1734.3601410664915,1828.9300537109375,29370
2021-01-19,1762.123923777376,1821.9892860327373,1760.3886958859161,1786.4171142578125,19287
2021-01-20,1724.8167846360966,1736.09576763422,1642.3934473421182,1661.48095703125,34216
2021-01-21,1674.495199769963,1728.2872735449566,1672.759971583673,1703.12646484375,24988
2021-01-22,1791.6229457570546,1818.5189802938432,1717.0081402678989,1743.9041748046875,36273
2021-01-25,1722.213888087876,1788.1525558433816,1696.1854666054396,1748.2423095703125,22555
2021-01-26,1756.918393822735,1768.197376104066,1716.1405348056146,1754.3155517578125,23212
2021-01-27,1804.6372139842674,1907.0156713160673,1803.7695999390826,1888.7957763671875,46706
2021-01-28,1793.3581601797816,1855.826368952372,1710.067215149661,1800.299072265625,49534
2021-01-29,1709.199437400847,1821.9892479907508,1686.6414752828664,1811.577880859375,35962
2021-02-01,1648.4667065454778,1748.242322994283,1624.173512975334,1688.376953125,46917
2021-02-02,1762.9917759656328,1802.9020228624925,1751.712793146955,1782.9468994140625,28101
2021-02-03,1775.138194378603,1803.7694555782577,1752.5802310091779,1787.2847900390625,18381
2021-02-04,1883.589947398896,1928.7058742827019,1853.2234581501805,1862.7672119140625,27858
2021-02-05,1836.7389713185257,1859.2969369558814,1772.53553065836,1782.9468994140625,30241
2021-02-08,1710.934826242612,1753.447912695902,1691.847318039094,1724.816650390625,27685
2021-02-09,1699.6557254043655,1746.5068786314384,1694.4500417124686,1726.5517578125,29823
2021-02-10,1692.7147400551983,1739.5658912407343,1683.1709870359225,1711.80224609375,27420
2021-02-11,1705.7292279128087,1772.535509982639,1680.5684203800156,1756.91845703125,31202
2021-02-12,1789.0201199749324,1822.8570669579694,1727.4195241853008,1762.99169921875,36098
2021-02-16,1823.7246740311314,1832.4008142501186,1758.6536223887265,1828.062744140625,35003
2021-02-17,1892.2661385770846,1951.2638907197904,1882.7223845539997,1921.7650146484375,37026
2021-02-18,1926.103066457829,2003.3207119149222,1900.0746466408314,1971.218994140625,29594
2021-02-19,1939.9847796919466,2000.7177558003707,1924.3677286926377,1981.6302490234375,21817
2021-02-22,1916.5593497035015,1939.1173139824923,1786.4172480939383,1800.299072265625,38069
2021-02-23,1841.9443750719715,1950.3961164210043,1841.0767611411793,1883.58984375,31083
2021-02-24,1950.3964075667134,1972.9543731346557,1831.533281304863,1853.2236328125,38450
2021-02-25,1928.7059316635132,2019.8054021199546,1861.8996533287896,1998.982666015625,41144
2021-02-26,2046.7015044096731,2182.049293594883,2025.8787676119487,2154.28564453125,43673
2021-03-01,2101.361272515191,2209.8130310058596,2071.8623942057293,2186.387451171875,26192
2021-03-02,2168.167431599034,2174.2407297267623,2001.5855400956268,2037.15771484375,36698
2021-03-03,2111.7724639416915,2203.7395474165555,2083.141202105177,2115.242919921875,46905
2021-03-04,2126.521842834648,2187.2548208021817,2015.4672545511573,2117.845703125,48114
2021-03-05,2103.9640061948103,2174.2407420718328,2045.8338666422114,2051.03955078125,39435
2021-03-08,2086.6114717371324,2131.7273954503676,2053.642142869768,2109.16943359375,31887
2021-03-09,1961.675433704248,2011.129436234607,1905.280518538049,1985.9686279296875,44475
2021-03-10,1972.954281036525,2009.394069868334,1944.3230183829608,1968.6162109375,31302
2021-03-11,1940.8525029265647,1958.2047827918,1889.6632773241206,1899.20703125,36672
2021-03-12,1990.3066226026979,2004.1884473462214,1884.4577089333304,1892.2662353515625,36895
2021-03-15,1873.1785465920054,1881.8546862242056,1817.6512529459249,1826.327392578125,28849
2021-03-16,1824.5922981057174,1860.164473199552,1816.7837718656072,1840.2093505859375,29231
2021-03-17,1865.3702195031972,1896.604325504181,1733.4928830545991,1763.859375,39904
2021-03-18,1836.7386979367795,1838.4739258044572,1770.8000389650294,1825.459716796875,27020
2021-03-19,1805.5045718686904,1840.209128752279,1791.6227491152551,1799.4312744140625,19879
2021-03-22,1829.798097033119,1835.8713956007964,1787.2850070593765,1831.5333251953125,23562
2021-03-23,1865.370110268535,1939.9849146792762,1861.0320402446546,1928.7059326171875,27883
2021-03-24,1926.970737986861,1972.08666701672,1913.9565276897863,1968.6162109375,17488
2021-03-25,1969.4835890150216,2016.3347404717667,1942.5875576231865,1977.2921142578125,22852
2021-03-26,1985.9683805242626,1988.571222438449,1907.883123098669,1913.9564208984375,21383
2021-03-29,1946.058369693354,1991.1743015810287,1893.1339111328125,1893.1339111328125,22202
2021-03-30,2003.3207551489572,2041.4957717044158,1973.821878719739,2021.5406494140625,19696
2021-03-31,2010.2614034335816,2015.467086826159,1899.2068243919337,1937.3818359375,29067
2021-04-01,1875.7816212017872,1894.8691307607323,1802.9020392494513,1803.7696533203125,30684
2021-04-05,1808.1075316674473,1828.9302671568998,1761.2563768161795,1794.2257080078125,30908
2021-04-06,1752.5802452007254,1763.8592269767696,1700.5234062343673,1734.3603515625,25554
2021-04-07,1746.506914899485,1776.0057897661432,1729.154635566157,1766.4620361328125,23843
2021-04-08,1703.9937564366633,1714.4051235839343,1672.7596549948507,1684.90625,27204
2021-04-09,1745.6393483637287,1756.0507162466138,1678.8330711152162,1681.4359130859375,25971
2021-04-12,1712.6700787190512,1770.8002181689887,1712.6700787190512,1754.3155517578125,23484
2021-04-13,1710.9348039792676,1722.2137859527618,1671.8921740710186,1698.7882080078125,25040
2021-04-14,1706.5967518087593,1730.8899440053253,1677.0978755700721,1719.6109619140625,19239
2021-04-15,1665.8188975027442,1676.2302656121365,1555.6319183450107,1580.792724609375,41547
2021-04-16,1544.3528528602212,1579.0574113514622,1544.3528528602212,1553.8966064453125,25518
2021-04-19,1566.0433377950742,1589.4689168091834,1546.0882149312033,1569.5137939453125,21867
2021-04-20,1580.792619878988,1580.792619878988,1525.2653269743473,1533.0738525390625,17685
2021-04-21,1528.7358626739663,1540.8824586316482,1482.7523208341704,1484.487548828125,23883
2021-04-22,1498.3692307575066,1552.1612934714412,1496.6340029280248,1528.7357177734375,23488
2021-04-23,1507.9130587955328,1553.8965985631755,1497.5016913009722,1545.220458984375,17151
2021-04-26,1539.1472228250386,1566.043256594811,1535.6767668547454,1546.088134765625,16961
2021-04-27,1541.7498828019654,1614.6294495748214,1541.7498828019654,1608.55615234375,18378
2021-04-28,1650.2017967476916,1663.2160065012222,1572.1165382265074,1597.27734375,24128
2021-04-29,1631.981954183923,1692.7149349350527,1626.7762701195406,1656.275146484375,23788
2021-04-30,1678.8330830912753,1700.5234330020153,1651.9370492019575,1695.3177490234375,13074
2021-05-03,1634.584716391101,1641.5256281379848,1546.9557055866949,1566.043212890625,31915
2021-05-04,1566.9107329475937,1628.5113210092102,1510.5158283841422,1595.5419921875,29289
2021-05-05,1584.2630518331812,1613.7619257446422,1566.0431591231609,1573.8516845703125,18324
2021-05-06,1545.2205778802822,1546.9558059295582,1442.842122972998,1468.0029296875,40329
2021-05-07,1421.1515477171731,1451.518033779506,1405.5344977422592,1418.5487060546875,36912
2021-05-10,1376.0358053540426,1425.4898034027062,1357.815911336114,1421.1517333984375,44507
2021-05-11,1474.9437191611842,1486.222700543005,1398.5936913457817,1401.196533203125,50683
2021-05-12,1409.0052818380375,1467.1354258547547,1392.5206141318045,1452.385986328125,36581
2021-05-13,1469.738207060401,1491.4285584042677,1433.298416802705,1453.2535400390625,28580
2021-05-14,1418.548791019927,1428.092544354006,1373.4328661679172,1378.6385498046875,27587
2021-05-17,1355.2131726260973,1388.1825071714186,1232.8795891816162,1247.6290283203125,61319
2021-05-18,1245.026188822626,1286.671664128191,1234.6148199962347,1251.0994873046875,31877
2021-05-19,1271.9223725065367,1314.4354668126898,1218.1302939967106,1285.80419921875,44159
2021-05-20,1286.671481578082,1294.480007090019,1238.0851006149176,1257.172607421875,25430
2021-05-21,1243.2908572500105,1294.4800830544423,1240.6880152599547,1271.922119140625,22182
2021-05-24,1266.7163035564606,1277.1276704350068,1246.7611837059137,1261.5106201171875,17169
2021-05-25,1267.5839747711245,1296.2152349815606,1245.0260121810838,1257.172607421875,28900
2021-05-26,1249.3642046433495,1274.525011542417,1225.0710117752844,1258.907958984375,28948
2021-05-27,1275.3925811063646,1287.5391771169013,1263.2459850958278,1278.863037109375,19998
2021-05-28,1294.480137188574,1303.156277518256,1260.6431899028134,1262.37841796875,16707
2021-06-01,1248.4966464478555,1277.995524821189,1232.0119791215807,1252.834716796875,18764
2021-06-02,1252.8346564797794,1266.7164809283088,1238.95283203125,1253.7022705078125,20533
2021-06-03,1310.0971921614414,1349.1398237159215,1310.0971921614414,1339.5960693359375,33997
2021-06-04,1309.2294270941552,1320.5084082420838,1284.9362369293863,1304.891357421875,17298
2021-06-07,1315.3027262694015,1335.2578467866815,1303.156131171927,1306.6265869140625,12083
2021-06-08,1323.1115876129563,1346.5371698198744,1310.9649894315917,1345.6695556640625,17191
2021-06-09,1338.7285249547156,1350.8751220703125,1317.0381729625783,1350.8751220703125,14280
2021-06-10,1343.0666041393563,1352.6103590783312,1281.4660040787012,1282.3336181640625,24109
2021-06-11,1306.6267856276058,1333.522821719542,1288.406890210488,1326.5819091796875,20334
2021-06-14,1375.1683726544836,1388.1825843830748,1327.4495963163154,1343.066650390625,25465
2021-06-15,1343.0666122966677,1388.1825450094757,1338.728541843513,1373.43310546875,14167
2021-06-16,1382.1089393085583,1437.6362287723045,1351.742452883072,1435.9010009765625,26320
2021-06-17,1530.470932367544,1590.3362919669546,1493.163534356317,1578.189697265625,42722
2021-06-18,1581.6602219308768,1654.5397933199024,1565.1755569738352,1652.8045654296875,31672
2021-06-21,1601.6153452510916,1640.6579728438865,1572.116471069869,1589.46875,22082
2021-06-22,1605.0857585074123,1622.4380369777627,1586.8658661135444,1609.423828125,17136
2021-06-23,1566.043323366212,1629.379147524513,1551.2938848635938,1625.90869140625,23572
2021-06-24,1600.7478222421373,1633.7171540823547,1592.0716822841853,1623.3057861328125,15352
2021-06-25,1576.4545165495347,1639.790333670127,1572.9840608168995,1628.5113525390625,13928
2021-06-28,1629.3791783942422,1688.376933522468,1620.7030379342089,1664.083740234375,14649
2021-06-29,1717.8758380164397,1730.8900489105038,1664.9513803805798,1697.0531005859375,15087
2021-06-30,1698.7880511512835,1710.06703208334,1640.6579186553,1662.3482666015625,16863
2021-07-01,1615.497353658189,1683.1712492464483,1612.0268974741757,1664.083740234375,13370
2021-07-02,1622.4384136639244,1655.4077504121753,1603.350902914937,1619.8355712890625,13706
2021-07-06,1562.5728561352093,1643.2609603109863,1559.970014065023,1612.02685546875,15245
2021-07-07,1589.4687046275662,1631.1141728710832,1584.2630210971265,1605.953369140625,12988
2021-07-08,1605.0860037416494,1714.405374807297,1597.2774772369603,1688.376953125,19416
2021-07-09,1677.9657176609785,1678.8333317859324,1606.821359414753,1619.8355712890625,18266
2021-07-12,1631.9817204005283,1669.2891175176057,1600.7476204885563,1663.2158203125,15207
2021-07-13,1651.0694339982588,1658.8779599604154,1563.4404204229438,1623.3057861328125,20294
2021-07-14,1553.8965078629656,1597.2772032248574,1541.7499131616357,1578.189697265625,15502
2021-07-15,1576.4545149739583,1591.2039518229167,1555.6317805989581,1561.705078125,20794
2021-07-16,1579.0574995293673,1662.348444559488,1576.4546574971762,1656.275146484375,15304
2021-07-19,1695.3179546833758,1756.0509418009992,1675.362830344728,1725.6844482421875,19056
2021-07-20,1698.7882839393712,1739.56614366621,1660.613266322756,1717.0081787109375,16511
2021-07-21,1738.6983773883815,1747.3745169961078,1671.8921024088877,1685.77392578125,11720
2021-07-22,1677.0978595344386,1737.830839445153,1676.2302455357142,1700.5234375,9627
2021-07-23,1722.2137512421405,1751.7126265782779,1711.802383476445,1729.1546630859375,12194
2021-07-26,1735.2280501653183,1743.0365763910622,1664.9513141336229,1689.2445068359375,13514
2021-07-27,1677.9655747818404,1713.5377508759746,1669.289434271076,1676.2303466796875,12936
2021-07-28,1690.9795540364582,1703.1261490885415,1624.17328125,1626.776123046875,17597
2021-07-29,1566.0431907709624,1574.7193303320203,1512.251125492403,1541.75,22561
2021-07-30,1564.3079100743234,1572.1164354157927,1521.794827659658,1551.293701171875,18731
2021-08-02,1554.7641666666666,1575.5869010416666,1546.9556412760417,1561.705078125,11365
2021-08-03,1564.307961253851,1576.4545566268705,1533.9414728213028,1540.0147705078125,12621
2021-08-04,1493.1634624451565,1565.1754132777817,1474.0759574051835,1563.440185546875,15257
2021-08-05,1565.1755180256064,1617.2323534366576,1560.8374484080189,1609.423828125,11313
2021-08-06,1692.7149772391926,1741.3013630543617,1684.906450947469,1706.5968017578125,23395
2021-08-09,1756.918542160789,1793.3583341463461,1724.816820649703,1789.020263671875,17121
2021-08-10,1800.29910253814,1846.282645880078,1786.4172781330267,1836.7388916015625,15599
2021-08-11,1787.2848292866815,1793.358127250277,1736.0956035935194,1762.1240234375,25031
2021-08-12,1784.682212406545,1842.812357390132,1783.8145983023123,1815.0487060546875,12246
2021-08-13,1765.5945237604271,1779.4763480258653,1725.684278997292,1742.1689453125,19080
2021-08-16,1739.5660595727168,1780.3439173282866,1729.1546916351244,1762.1240234375,10272
2021-08-17,1776.8731971153845,1828.9300290621243,1758.6533059340256,1804.6368408203125,14023
2021-08-18,1792.490617351681,1913.0889696323604,1792.490617351681,1888.7957763671875,19561
2021-08-19,1895.736620583994,1959.0724436057933,1895.736620583994,1952.9991455078125,28045
2021-08-20,1967.748530623135,1985.1008104346263,1928.705901047279,1962.5428466796875,16612
2021-08-23,1865.3702523514535,1901.8100433276215,1775.1383889818949,1803.7696533203125,30083
2021-08-24,1781.2116292904022,1817.6514190761775,1776.87355907781,1806.3724365234375,11694
2021-08-25,1826.3275389027071,1882.7224510303442,1821.9894687390429,1855.826416015625,17071
2021-08-26,1877.516844348043,1888.795827239228,1828.9304565090918,1875.7816162109375,16692
2021-08-27,1886.19286890087,1898.3394651127433,1728.2871181465193,1738.698486328125,30731
2021-08-30,1741.301488452693,1795.0935623361345,1730.8901193139625,1789.020263671875,12922
2021-08-31,1782.9471122593,1785.5499547589486,1736.095947265625,1736.095947265625,17615
2021-09-01,1726.5519101600948,1765.5945412943684,1716.1405418576219,1762.99169921875,15047
2021-09-02,1760.3886620706419,1783.814238155367,1749.977294921875,1749.977294921875,11258
2021-09-03,1703.1262489318847,1709.1995468139648,1641.5256561279296,1665.81884765625,24587
2021-09-07,1704.861498325549,1771.667775868077,1689.2444464324906,1760.3887939453125,15722
2021-09-08,1767.329777965807,1810.7104794377217,1745.6394272298496,1773.403076171875,16071
2021-09-09,1743.0365489799929,1827.1951080895296,1740.4337069456774,1802.0343017578125,15015
2021-09-10,1802.0344619643772,1853.2236931901346,1785.5497942815061,1852.3560791015625,13331
2021-09-13,1833.2685122515502,1841.9446528679798,1747.3747201488984,1779.4764404296875,23065
2021-09-14,1761.2564711683378,1795.961032176581,1725.6842961348887,1762.99169921875,17692
2021-09-15,1795.0934810009837,1795.9610950565666,1737.8309533325134,1763.859375,9029
2021-09-16,1852.355704337928,1949.5284625982783,1842.8119512945007,1907.015380859375,45225
2021-09-17,1940.8524326768975,1981.6302888842351,1934.7791349438899,1958.2047119140625,15439
2021-09-20,1985.1010017613387,2019.8055647291942,1955.6021232386613,1970.3515625,17120
2021-09-21,1930.4411290284281,1975.557056538306,1892.2661134431469,1962.5428466796875,16597
2021-09-22,1939.1172109439674,1969.4836997059533,1868.8404798090853,1965.1456298828125,22332
2021-09-23,1990.3066209111373,2044.0986917465736,1987.703778773939,2041.495849609375,19396
2021-09-24,2066.656617644649,2089.2145824048343,2028.481600358182,2068.391845703125,14305
2021-09-27,2046.7014397047194,2077.0679299080534,1993.776985350337,2074.465087890625,15795
2021-09-28,2136.0655902403155,2169.9025350085412,2095.287733724761,2110.90478515625,26871
2021-09-29,2123.918696796595,2191.5925768415846,2108.3016475554437,2178.578369140625,19202
2021-09-30,2123.05155563985,2151.6828189566113,2025.01116913094,2099.6259765625,24089
2021-10-01,2070.994666643444,2145.6094723959936,2064.9213685007944,2116.110595703125,16951
2021-10-04,2135.1980015258277,2135.1980015258277,2034.5547799992141,2070.126953125,16285
2021-10-05,2082.27334838403,2135.1977959887913,2041.4954953115098,2053.64208984375,16826
2021-10-06,2082.2737274836245,2092.6850961210425,1973.8219708438523,1986.836181640625,41706
2021-10-07,2008.5266406874896,2008.5266406874896,1929.5737576194285,1966.0135498046875,17059
2021-10-08,1876.6486829543862,1941.7197191178532,1842.8117441493835,1934.77880859375,21798
2021-10-11,1928.7059458537274,1951.2639101327184,1880.1195612528238,1944.322998046875,11930
2021-10-12,1915.6915525312065,1946.058040003395,1856.693805442383,1876.64892578125,22819
2021-10-13,1836.739008832616,1840.2094651553984,1730.0224769070553,1750.84521484375,27524
2021-10-14,1702.2588281705628,1722.2139520481992,1665.8190367418351,1673.6275634765625,15319
2021-10-15,1743.0366569348814,1771.6679210856284,1686.641742698561,1710.9349365234375,19968
2021-10-18,1715.2727280918796,1754.3153546797068,1705.7289749259662,1739.56591796875,16606
2021-10-19,1665.818707191781,1729.1545226214685,1665.818707191781,1710.0670166015625,13939
2021-10-20,1669.2895520488546,1697.9208177544742,1639.7906722309433,1671.0247802734375,20837
2021-10-21,1681.4357942842432,1706.5965982234811,1679.7005664263647,1684.90625,13171
2021-10-22,1631.9820757855425,1674.4951654790523,1559.9701075291896,1658.010498046875,36383
2021-10-25,1608.5563979313292,1629.3791344741296,1585.1308193206787,1610.2916259765625,17932
2021-10-26,1635.4523276471077,1651.0693790516955,1618.1000483086768,1631.1142578125,16759
2021-10-27,1638.0550587381204,1658.877792535639,1615.497097124142,1643.2607421875,14434
2021-10-28,1640.6580672483728,1703.9938889877335,1640.6580672483728,1695.3177490234375,17641
2021-10-29,1750.8451830971767,1788.152587890625,1733.4929017978984,1788.152587890625,18656
2021-11-01,1776.0059800723946,1820.2542971137684,1753.4480145218904,1774.270751953125,11785
2021-11-02,1790.755379561055,1836.7389237067603,1790.755379561055,1801.166748046875,10187
2021-11-03,1860.164411169691,1871.4433931404028,1753.447889446803,1769.06494140625,23126
2021-11-04,1714.4053263147866,1788.1525189953315,1677.0979229587463,1778.6087646484375,22334
2021-11-05,1741.3014618441994,1770.800340619836,1670.1571071500168,1673.6275634765625,26415
2021-11-08,1631.1143387232892,1677.9654952610858,1629.3791107033708,1654.5399169921875,16071
2021-11-09,1645.8640528525075,1686.6419181577621,1611.1594866352696,1613.7623291015625,16975
2021-11-10,1537.412121650227,1572.9842982798316,1498.3694887640756,1553.0291748046875,36973
2021-11-11,1487.0903878103034,1518.324491638291,1470.6057219010875,1481.01708984375,27190
2021-11-12,1503.575050663122,1521.794944525745,1454.9886670294609,1477.546630859375,19675
2021-11-15,1474.9439011388026,1501.8399369830984,1455.8563918299476,1465.400146484375,17053
2021-11-16,1468.0029674412049,1517.4569681174157,1450.6506865021836,1514.8541259765625,20735
2021-11-17,1481.0172213477356,1503.5751872264943,1455.8564132521972,1493.163818359375,15243
2021-11-18,1500.9723053675264,1530.4711830452698,1481.8847962819277,1520.059814453125,13640
2021-11-19,1526.1330334405213,1571.24896166048,1505.310297339002,1570.38134765625,17615
2021-11-22,1630.2467687003425,1674.4950844021612,1589.4689091319997,1634.5848388671875,23932
2021-11-23,1684.0387565691447,1717.0080882278914,1651.9370389014175,1683.171142578125,22051
2021-11-24,1713.537700999511,1715.272929051156,1670.156999708384,1690.979736328125,14211
2021-11-26,1651.9371879331527,1771.6679294955345,1651.0695738638601,1721.3463134765625,19138
2021-11-29,1730.02233444613,1769.9325788716676,1717.8757383166185,1724.816650390625,13396
2021-11-30,1695.3176818365166,1773.4029384205935,1625.0409509108472,1756.0506591796875,30546
2021-12-01,1711.8025485417031,1864.5026238297617,1680.568442232782,1863.635009765625,23748
2021-12-02,1858.4290049706233,1951.2636938276992,1858.4290049706233,1910.48583984375,23276
2021-12-03,1902.6773485787842,1959.0722540314157,1874.0460888874481,1881.8546142578125,23946
2021-12-06,1895.7368336553159,1905.280588881956,1813.3134930616066,1835.8714599609375,23151
2021-12-07,1824.59239102098,1825.4600050918411,1771.6679326984504,1803.7696533203125,17029
2021-12-08,1808.974833338225,1829.7975652327657,1781.2111908121706,1789.8873291015625,14783
2021-12-09,1818.5190278299976,1893.1338352695873,1813.3133435900263,1874.9139404296875,16487
2021-12-10,1841.0768937014618,1920.8973810815442,1841.0768937014618,1899.20703125,10945
2021-12-13,1888.7954803968914,1913.956283764604,1852.3556962091702,1898.3392333984375,14070
2021-12-14,1959.072557852278,1959.072557852278,1891.3986608139796,1942.587890625,17537
2021-12-15,1957.3374920280612,2099.626210420172,1957.3374920280612,1998.1153564453125,29112
2021-12-16,1937.3820144977974,1939.984856433979,1791.6228660716308,1794.2257080078125,34055
2021-12-17,1778.608846595687,1811.5781813130707,1730.890072662632,1805.5048828125,19866
2021-12-20,1820.2541945124246,1854.9587549416415,1799.4314582548946,1800.299072265625,23404
2021-12-21,1768.1973976893732,1828.9303799456322,1766.4621696249087,1780.343994140625,16243
2021-12-22,1770.80039072251,1817.6515524564716,1736.0958264751312,1737.8310546875,15342
2021-12-23,1745.6393225066909,1774.2705837605283,1712.6699913659083,1722.2137451171875,15627
2021-12-27,1730.0224541694886,1751.7128059018041,1703.1264180214173,1721.3463134765625,12489
2021-12-28,1720.478596337162,1747.3746308739505,1684.0388076098998,1743.9041748046875,14469
2021-12-29,1775.13826896958,1776.873496993988,1696.1853938590073,1731.757568359375,18016
2021-12-30,1732.6251916345373,1732.6251916345373,1664.0836843039772,1670.156982421875,16149
2021-12-31,1648.4664256368796,1675.3624567920076,1638.0550587381204,1643.2607421875,10816
2022-01-03,1706.5967547367707,1726.5518769324726,1695.3177726261565,1723.0814208984375,12358
2022-01-04,1710.9348114758002,1715.2728814846132,1655.4075153629954,1707.46435546875,15807
2022-01-05,1671.0245027429917,1769.9324951171875,1638.9227859197877,1769.9324951171875,22230
2022-01-06,1841.0768834186422,1894.001336712015,1819.3865337082436,1887.0604248046875,21713
2022-01-07,1869.7079339428483,1908.7505590135806,1839.341447776723,1856.6937255859375,19373
2022-01-10,1887.060402115917,1903.545067697619,1792.490478515625,1792.490478515625,22221
2022-01-11,1787.2849827428017,1810.7105626137025,1720.47869940727,1721.3463134765625,23938
2022-01-12,1707.4644382109702,1730.0224033499362,1658.8780517578125,1658.8780517578125,15258
2022-01-13,1674.4950825585042,1710.0672578874673,1656.2751878778158,1706.5968017578125,17056
2022-01-14,1700.5232913809227,1764.7267217697943,1696.1852217600529,1739.56591796875,16754
2022-01-18,1756.0508012381213,1792.4905905918768,1717.8757838199012,1780.343994140625,22236
2022-01-19,1729.154520717076,1738.6982737165179,1507.9129739118302,1518.3243408203125,48579
2022-01-20,1495.7663664741283,1567.7783203125,1488.8254552607914,1567.7783203125,23797
2022-01-21,1542.617922387942,1648.4668461963383,1540.882694128788,1631.982177734375,25556
2022-01-24,1645.8637138815486,1758.653530858144,1643.2608719513196,1651.93701171875,26717
2022-01-25,1691.847302667026,1717.875722708057,1615.4972705466678,1635.452392578125,20954
2022-01-26,1671.8920318831827,1763.8591078456202,1609.423829342659,1739.56591796875,26484
2022-01-27,1821.9892787125912,1850.6205388066462,1740.4335681416467,1844.5472412109375,25598
2022-01-28,1884.4577703851828,1946.058369693354,1883.5901563104198,1893.1339111328125,21576
2022-01-31,1861.0318386939264,1866.2375221588045,1771.6676058801854,1775.1380615234375,19423
2022-02-01,1738.698308958929,1795.0932141896328,1716.1403468666474,1744.7716064453125,17004
2022-02-02,1728.286985709799,1769.0648412963253,1679.700604585427,1726.5517578125,16660
2022-02-03,1755.1829979320416,1803.7693784976345,1723.0812822012035,1770.800048828125,25368
2022-02-04,1801.1665184168369,1802.03413234671,1713.53751149964,1751.7125244140625,21278
2022-02-07,1730.0222663959703,1749.9773878238075,1631.9818872070311,1648.466552734375,21001
2022-02-08,1661.480794227104,1664.0836362023947,1611.159182704821,1614.629638671875,18782
2022-02-09,1597.27736032745,1623.305780104649,1578.1898524908372,1616.3648681640625,21492
2022-02-10,1638.9228478991488,1723.08140599667,1587.7336218398318,1705.7291259765625,32485
2022-02-11,1703.9937813395416,1703.9937813395416,1477.5465425770058,1513.986328125,52174
2022-02-14,1504.442834429008,1507.0456767031064,1448.9155325815705,1455.8564453125,33300
2022-02-15,1528.7360049025126,1566.0434102434933,1494.8990558723208,1505.3104248046875,29166
2022-02-16,1493.1636205679085,1493.1636205679085,1396.8584713040866,1409.8726806640625,35177
2022-02-17,1378.6384746594717,1389.0498413655218,1277.127649275483,1302.2884521484375,51690
2022-02-18,1302.2886532524778,1346.536968586173,1302.2886532524778,1323.97900390625,34949
2022-02-22,1306.6266291691707,1370.83006247496,1290.1419638609275,1353.477783203125,29206
2022-02-23,1363.021748752746,1363.8893628512517,1283.2012516902043,1308.362060546875,24518
2022-02-24,1204.2481842431266,1403.7993963295237,1204.2481842431266,1356.9482421875,52671
2022-02-25,1386.4471585652855,1403.7994383971413,1323.1113371790113,1333.522705078125,33023
2022-02-28,1277.1279099396609,1353.4779480338796,1275.3926818011557,1330.0523681640625,29632
2022-03-01,1305.7590814230705,1305.7590814230705,1217.2624526488823,1218.9976806640625,41013
2022-03-02,1250.2319770791376,1277.9956295888753,1219.8654821466116,1225.0711669921875,35708
2022-03-03,1232.8793695204383,1251.966875593239,1205.9833382360375,1206.8509521484375,19723
2022-03-04,1191.2340681617827,1193.836910262646,1100.1345946315662,1114.884033203125,36966
2022-03-07,1095.7965367969714,1124.4278002287213,1044.607308237176,1055.0186767578125,38038
2022-03-08,1031.5929024424668,1081.0468935603983,950.9048116711049,1038.5338134765625,68379
2022-03-09,1135.7065992936382,1150.456035648101,1058.4889619085093,1068.03271484375,44348
2022-03-10,1055.018461996822,1055.018461996822,1002.0940161236261,1023.7843627929688,38773
2022-03-11,1083.6498180952228,1092.3259575515497,1043.7395765961194,1058.489013671875,31767
2022-03-14,1106.2078551318507,1169.5436774256743,1098.399329095626,1141.780029296875,45058
2022-03-15,1201.6453238197566,1208.586235437488,1107.0754030281657,1133.971435546875,33128
2022-03-16,1149.588668987315,1185.1608466691866,1119.222175844254,1129.633544921875,32021
2022-03-17,1100.134567101669,1101.8697951254885,1043.7396563275297,1081.9146728515625,35390
2022-03-18,1110.5458953761756,1124.4277190683779,1073.2384942033823,1107.075439453125,21710
2022-03-21,1098.3992535069658,1098.3992535069658,1030.7253658501386,1056.7537841796875,29703
2022-03-22,1060.224319666696,1105.340248163151,1052.415793580771,1078.4442138671875,25447
2022-03-23,1061.091883971857,1071.5032515987273,1019.4464134643762,1022.0492553710938,26523
2022-03-24,1002.9615774443655,1036.7985164757931,988.2121424819484,1030.7252197265625,35782
2022-03-25,1045.4748325315518,1054.1509722206104,1020.314027433282,1022.0492553710938,26860
2022-03-28,1050.6806203107617,1081.9147262820147,1050.6806203107617,1072.3709716796875,33208
2022-03-29,1125.295275433542,1134.8390287332868,1044.6071793538817,1046.3424072265625,33889
2022-03-30,1045.4748325315518,1045.4748325315518,1011.6378877442235,1022.0492553710938,20439
2022-03-31,1019.446549085501,1040.269287109375,998.623811061627,1040.269287109375,27249
2022-04-01,1051.5482182070798,1054.1510603313548,975.1981825616813,976.9334106445312,33359
2022-04-04,964.7867692383664,1018.578837307412,961.3163132339118,995.1532592773438,25559
2022-04-05,983.0067575437214,1046.3425856996716,956.9783350138788,1040.269287109375,29434
2022-04-06,1040.269289747636,1063.6948700839048,1018.5789375844244,1043.73974609375,35271
2022-04-07,1036.7988083906484,1043.7397209154394,998.6237895042982,1011.6380004882812,28646
2022-04-08,1003.8295639284638,1003.8295639284638,956.9784001841793,966.5221557617188,32157
2022-04-11,943.0964026400203,996.0208557780527,929.2145788661102,975.1981201171875,40529
2022-04-12,950.9048503491144,975.1980399565736,921.4059772543426,955.242919921875,36013
2022-04-13,935.2880726312574,949.1698993122408,905.7891909341677,915.3329467773438,33630
2022-04-14,924.0088974917173,938.7583352920547,903.1861617735942,908.391845703125,36013
2022-04-18,887.5691107247621,909.2594604492188,873.6872869011099,909.2594604492188,37618
2022-04-19,937.8908849094187,971.7278363538843,919.6709879777834,960.4488525390625,34288
2022-04-20,966.5218819237286,979.5360903876926,934.4201677126174,936.1553955078125,25585
2022-04-21,968.2573093848893,1050.6806466533162,963.0516249258308,1028.1226806640625,38842
2022-04-22,1090.5907662197312,1107.9430457140786,1052.415751332167,1098.3992919921875,40166
2022-04-25,1183.425341109155,1218.1298965669014,1141.779874559859,1170.4111328125,45239
2022-04-26,1157.3972032624267,1222.4682604173609,1148.7210623084354,1220.7330322265625,37014
2022-04-27,1220.7327433154092,1238.952635006684,1188.6310293831632,1237.2174072265625,37532
2022-04-28,1227.673791691432,1245.0260714326535,1178.21979442895,1186.0283203125,37176
2022-04-29,1161.7352096710424,1213.7920525241136,1140.0448584822627,1212.9244384765625,32553
2022-05-02,1277.127589628402,1300.5531636229446,1234.6145108975652,1243.2906494140625,33856
2022-05-03,1239.8203410827462,1239.8203410827462,1177.3521363535945,1204.2481689453125,35830
2022-05-04,1206.8510919977596,1236.349968437676,1147.8533391179265,1155.661865234375,42515
2022-05-05,1139.1770329005283,1264.1134325484156,1131.3685079225352,1232.01171875,32078
2022-05-06,1247.6286732219828,1277.1275431034483,1225.9383277209051,1258.0400390625,34025
2022-05-09,1323.111400826987,1411.6080322265625,1310.0971903270492,1411.6080322265625,40931
2022-05-10,1370.8300912273592,1487.9579787689372,1348.272127700833,1454.9886474609375,30851
2022-05-11,1405.534537412266,1461.9294416911532,1350.8748609573447,1460.1942138671875,32608
2022-05-12,1522.6624822201936,1642.3932073178498,1506.1778171705164,1596.40966796875,53581
2022-05-13,1614.62949181254,1614.62949181254,1492.2959301007893,1525.2652587890625,35673
2022-05-16,1532.206389707417,1533.9416177818307,1483.6200036238295,1494.0313720703125,23839
2022-05-17,1457.5915769490227,1507.91319091512,1446.3125945083457,1487.0904541015625,31498
2022-05-18,1503.5753565591815,1562.5731201171875,1482.7526164798853,1562.5731201171875,26856
2022-05-19,1492.2961158585442,1492.2961158585442,1365.6244688147376,1387.3148193359375,38265
2022-05-20,1385.5795970601032,1438.5040525520672,1378.6386848644358,1394.2557373046875,21047
2022-05-23,1343.934291513721,1408.137737331678,1327.449622992894,1381.24169921875,24320
2022-05-24,1377.7710824477813,1398.5938192102162,1318.7733282875488,1334.390380859375,26413
2022-05-25,1368.2273396967,1388.182462596525,1342.1989185230152,1348.272216796875,33296
2022-05-26,1366.4921271619457,1384.7120221907717,1331.7875652022772,1367.3597412109375,22253
2022-05-27,1345.6693830818965,1379.5063308189654,1336.125628591954,1358.68359375,17212
2022-05-31,1359.5509617050125,1435.0333699170967,1321.3759506552226,1418.5487060546875,31996
2022-06-01,1391.6527149650622,1433.298182744565,1369.9623671632376,1396.8583984375,27768
2022-06-02,1363.0215292915711,1363.0215292915711,1264.981151945965,1277.995361328125,32797
2022-06-03,1313.567407194897,1345.6691205807697,1284.9361493101999,1337.860595703125,23712
2022-06-06,1314.435284222443,1387.3148643377467,1307.4943718305094,1367.3597412109375,18968
2022-06-07,1374.300758539244,1378.6388291154412,1332.655281007752,1343.066650390625,18262
2022-06-08,1356.0806884765625,1373.432968559436,1327.4494263398212,1356.0806884765625,20872
2022-06-09,1382.1089617887283,1462.7970556031362,1382.1089617887283,1460.1942138671875,21386
2022-06-10,1507.913108800702,1531.3386864402987,1302.2885939642426,1324.8465576171875,33240
2022-06-13,1428.9603770121387,1494.0314324316348,1405.53479706112,1493.163818359375,24086
2022-06-14,1481.8845440474543,1598.1448068708494,1481.8845440474543,1567.7783203125,21778
2022-06-15,1494.0315141840972,1606.8213497496795,1473.208775310451,1521.795166015625,41388
2022-06-16,1549.5584485696404,1592.0715303053134,1437.6362537961331,1461.929443359375,30391
2022-06-17,1466.2677270394784,1518.3245694195782,1458.4592006824635,1499.237060546875,25517
2022-06-21,1500.972277204567,1514.8541017336267,1441.1069089229977,1485.355224609375,16875
2022-06-22,1487.0904860063033,1527.000732421875,1439.3717131181197,1527.000732421875,20456
2022-06-23,1540.01497374361,1671.8923123402458,1502.7075687458773,1644.128662109375,26214
2022-06-24,1630.2465753703977,1669.2892022419614,1547.8232519748747,1558.234619140625,24743
2022-06-27,1583.3955651587182,1622.4381955324948,1568.6461270175137,1579.0574951171875,20502
2022-06-28,1556.4995269051462,1649.3342255555647,1548.6910008504383,1645.86376953125,19130
2022-06-29,1617.2323635427394,1722.2136489443874,1599.8800849639547,1684.90625,17623
2022-06-30,1717.0080841879808,1826.327446799242,1698.7881904194373,1818.5189208984375,22280
2022-07-01,1877.5167111917413,1893.1337633181051,1690.1120856753753,1719.6109619140625,33415
2022-07-05,1769.932341420084,1924.3676143479147,1745.6391524202004,1861.8994140625,29505
2022-07-06,1858.4292847857216,1991.1742336989873,1834.1360915205487,1888.7957763671875,30403
2022-07-07,1858.4291155662122,1875.781394889893,1772.5353329139923,1833.268310546875,24236
2022-07-08,1823.7245065970794,1881.8546407274334,1776.8733537158985,1844.5472412109375,20171
2022-07-11,1902.677311294181,1914.8239060767246,1835.87103999019,1907.015380859375,23402
2022-07-12,1904.4122956360645,1979.0270826177052,1867.9725159473562,1963.4100341796875,20093
2022-07-13,1990.306673259894,1997.2475858083155,1795.9611219040892,1875.7816162109375,29757
2022-07-14,2025.878548107676,2144.741657782516,2010.2614972014926,2034.5546875,38706
2022-07-15,2009.39390531171,2126.521788393351,2009.39390531171,2058.847900390625,20888
2022-07-18,1991.1741690261374,2033.687255859375,1933.0440298868123,2033.687255859375,25360
2022-07-19,2001.585685380923,2037.1578627110566,1943.4555419389976,1991.17431640625,33418
2022-07-20,1974.6897311656624,2107.4346911253924,1949.5289217615302,2105.699462890625,31045
2022-07-21,2082.273630297747,2110.904892714341,1998.1150710732127,2021.5406494140625,31825
2022-07-22,1997.2473223220359,2092.6848572722633,1898.3393315554365,2072.729736328125,26913
2022-07-25,2090.9502690333943,2244.5179858877145,2075.3332130821077,2212.416259765625,39251
2022-07-26,2192.4606963561914,2198.5339946840477,2104.8316776256906,2120.44873046875,22438
2022-07-27,2110.90498191398,2167.2998951176005,2023.2759629360464,2051.9072265625,39365
2022-07-28,1931.3090500233723,2023.2761476435328,1912.2215391965465,1972.0869140625,43232
2022-07-29,1944.3228648493628,2042.36324134556,1913.9563765540804,1932.17626953125,40877
2022-08-01,1915.6913083314682,1974.6890478996477,1897.471418170707,1938.249267578125,31137
2022-08-02,1925.2357033934268,1990.3067614170893,1834.1362221602994,1988.571533203125,38840
2022-08-03,1964.2778521089444,2080.5381136736964,1959.939782647573,2046.701171875,37799
2022-08-04,1998.1150312210814,2028.481521057268,1845.4149680448286,1904.4127197265625,42328
2022-08-05,1991.1738853918748,2042.3631051034743,1920.029546131686,1925.2352294921875,35740
2022-08-08,1848.0177980610254,1855.8263239683254,1775.1382229262244,1820.254150390625,29519
2022-08-09,1798.5639267619858,1887.9281739672365,1789.8877862566217,1827.1951904296875,27647
2022-08-10,1779.4763374604108,1835.871248203915,1740.4337069456774,1802.0343017578125,38017
2022-08-11,1776.0058140605895,1874.9138076135487,1765.594446318173,1862.7672119140625,30339
2022-08-12,1836.7384758642793,1854.9583662720022,1780.3435769832313,1789.8873291015625,30480
2022-08-15,1874.913866811724,1902.6775150014394,1850.6206746457228,1860.1644287109375,24164
2022-08-16,1884.4575504351267,1906.1478997725474,1842.8120797072784,1850.62060546875,20751
2022-08-17,1877.5165756947104,1992.0416163563102,1877.5165756947104,1981.6302490234375,31271
2022-08-18,1971.2188784950658,2000.7177525570519,1939.117162604081,1978.1597900390625,20551
2022-08-19,1998.982837468461,2074.4652623207858,1996.379995232174,2063.186279296875,18396
2022-08-22,2117.845648905822,2125.654174444598,2042.36323536432,2058.847900390625,27814
2022-08-23,2044.9660768409224,2044.9660768409224,1905.280231116956,1992.0416259765625,30319
2022-08-24,2024.1434946555871,2052.7747571174964,1949.5286894518235,1952.9991455078125,26307
2022-08-25,1921.7649589971204,1981.6303234083173,1913.0888192273817,1927.8382568359375,20070
2022-08-26,1946.0580170920532,2140.40353462599,1919.1619856476243,2109.16943359375,43790
2022-08-29,2131.7275633882837,2175.1082626839343,2067.5241284307203,2159.4912109375,19537
2022-08-30,2169.0351600132467,2281.8249883339354,2159.4914053091884,2251.45849609375,25336
2022-08-31,2270.5453201806217,2302.647030859522,2222.826561063337,2300.044189453125,30670
2022-09-01,2390.2764184578973,2464.8912177273633,2365.983227998071,2445.8037109375,39121
2022-09-02,2342.5579403637935,2405.0261521068282,2206.342534201899,2288.765869140625,34620
2022-09-06,2278.3544998924885,2369.453975326118,2207.2101476490825,2364.248291015625,32971
2022-09-07,2370.321163931929,2392.0115113324773,2148.2120065503136,2180.313720703125,34067
2022-09-08,2225.429453572429,2262.7368479208167,2149.947051053598,2177.710693359375,30343
2022-09-09,2103.9636269262282,2118.713062661381,2039.7602007849741,2047.5687255859375,25933
2022-09-12,1958.2047457605897,2018.0701101635498,1947.793378038336,1996.3797607421875,26907
2022-09-13,2133.46272405809,2162.09398469002,2041.495644452495,2151.6826171875,30139
2022-09-14,2127.3894783597866,2152.5502837726876,2070.1269556959423,2142.138916015625,29527
2022-09-15,2184.65181894084,2310.4558355200384,2140.4035096612597,2273.1484375,42460
2022-09-16,2350.366417079584,2385.9385924580497,2168.1674700191516,2229.76806640625,42390
2022-09-19,2301.780222402454,2311.3239775650727,2145.609683377787,2149.94775390625,21823
2022-09-20,2211.5480788529285,2306.9856185445024,2211.5480788529285,2262.7373046875,23994
2022-09-21,2217.6211309344953,2332.146165865385,2123.051215726412,2255.796142578125,26724
2022-09-22,2226.297465076425,2300.9122671015894,2169.902556569033,2272.281005859375,27839
2022-09-23,2401.5557452172784,2562.0643481310053,2401.5557452172784,2505.66943359375,37573
2022-09-26,2548.182332503666,2723.4403615011947,2493.5226501925563,2643.619873046875,29928
2022-09-27,2551.652641684322,2622.7969859951395,2472.6997717784147,2610.650390625,26384
2022-09-28,2499.5957751417714,2499.5957751417714,2243.6496614080597,2247.1201171875,36750
2022-09-29,2276.6190886639283,2346.8958212027155,2213.2832679808234,2217.621337890625,31075
2022-09-30,2235.8414191088627,2254.0613142587604,2060.583380047943,2144.741943359375,34018
2022-10-03,2077.935586583975,2108.3020774108804,1974.6895177724957,1979.027587890625,36401
2022-10-04,1905.2802368731832,1932.1762693609194,1808.107474336846,1865.3699951171875,62022
2022-10-05,1948.6611696930827,2016.3350660582032,1918.294677734375,1918.294677734375,48439
2022-10-06,1938.2499603974654,1972.086911362327,1874.9141291042627,1882.72265625,35759
2022-10-07,1952.9989399644617,2064.921135990857,1913.9563134436262,2057.980224609375,40940
2022-10-10,2126.5225858397243,2144.742485596001,2038.0259298806661,2131.728271484375,36727
2022-10-11,2120.448345210339,2175.108020230082,2027.6136590656965,2162.96142578125,36467
2022-10-12,2162.9617018571403,2195.0634198550197,2098.7582658613806,2129.124755859375,24770
2022-10-13,2300.0449562118224,2398.9529626275703,2156.0210170450314,2183.78466796875,29860
2022-10-14,2221.091975082448,2370.3215921583,2212.415834554782,2367.71875,28839
2022-10-17,2224.562799127252,2231.503712697072,2148.2127498592345,2215.01904296875,26297
2022-10-18,2164.6966773051677,2238.4438586963256,2142.138715938461,2187.254638671875,32868
2022-10-19,2273.149019491793,2339.9553074692235,2249.7234379932133,2319.132568359375,32352
2022-10-20,2291.3688111664146,2318.2648479502686,2136.9335031817036,2259.26708984375,32457
2022-10-21,2239.3114559598876,2261.0018032667444,2034.5545773831602,2046.701171875,43751
2022-10-24,2089.214733453988,2175.976142650582,2078.803364350397,2104.831787109375,36552
2022-10-25,2081.405955785955,2090.949709647416,1993.7769430579926,2024.1434326171875,29112
2022-10-26,1978.15990932873,1978.15990932873,1858.4291779746227,1904.4127197265625,31111
2022-10-27,1881.8547892742845,1949.5286821112575,1867.1053510918673,1944.322998046875,32114
2022-10-28,2004.1883259088222,2036.2900436831192,1963.4104681955257,1971.218994140625,25137
2022-10-31,2029.3494442089184,2060.583552798709,1996.3801073641391,2054.51025390625,28873
2022-11-01,1942.5877323419277,1985.9684320369238,1902.6774886225312,1971.218994140625,35211
2022-11-02,1937.3821067961317,2198.5339268344815,1921.7650544350342,2188.12255859375,59376
2022-11-03,2246.253094159254,2323.4707555652694,2225.430354004823,2310.45654296875,39095
2022-11-04,2082.273466815197,2085.7439225932226,1841.0767902424368,1849.7529296875,47043
2022-11-07,1822.8571160016743,1887.9281696428573,1802.0343788364955,1821.989501953125,40603
2022-11-08,1822.8567793232685,1831.5329182062922,1557.3669295027448,1605.085693359375,95735
2022-11-09,1613.7621736401072,1658.8781053762823,1561.705329329136,1649.3343505859375,53868
2022-11-10,1454.1211139568213,1513.9864820135163,1389.0500617212833,1404.6671142578125,72989
2022-11-11,1405.5346573275021,1440.2392167676876,1389.917605579419,1393.3880615234375,41068
2022-11-14,1422.8868275910177,1435.9010363799598,1385.5794290627166,1409.0050048828125,48298
2022-11-15,1379.5062770613704,1467.135292145143,1374.300592996988,1440.2392578125,89997
2022-11-16,1460.1942254484015,1472.3408203125,1424.6220547749706,1472.3408203125,35496
2022-11-17,1521.794858434689,1546.9556628215796,1500.1045098253007,1519.1920166015625,46447
2022-11-18,1527.0004524701687,1540.0146608719033,1487.0902133715167,1490.5606689453125,38436
2022-11-21,1515.721737218916,1556.4995973501632,1502.7075265387307,1511.3836669921875,39440
2022-11-22,1493.1634102437033,1493.1634102437033,1391.6525915345148,1395.123046875,45634
2022-11-23,1389.0501415764743,1418.5490202857811,1341.3313671937722,1350.8751220703125,31183
2022-11-25,1364.7567251742673,1384.7118457585066,1351.7425160975897,1376.9033203125,14175
2022-11-28,1381.2415406414282,1488.8256807416399,1381.2415406414282,1485.355224609375,27778
2022-11-29,1441.1067717426092,1441.1067717426092,1376.9033394072974,1397.72607421875,31204
2022-11-30,1355.2129656203251,1400.328890212039,1285.8038508638424,1304.891357421875,62754
2022-12-01,1243.2909987069397,1269.3194215689132,1196.4398375553872,1220.7330322265625,50579
2022-12-02,1275.3927884243503,1288.4070005511294,1219.8654833500927,1226.806396484375,39682
2022-12-05,1257.1724853515625,1323.1111388275588,1251.9668021824048,1317.037841796875,66075
2022-12-06,1280.5980596127717,1322.2435249660325,1252.834416043931,1317.037841796875,31936
2022-12-07,1299.685763963107,1299.685763963107,1236.349942354758,1268.45166015625,38398
2022-12-08,1245.8938742958576,1278.8632108022941,1230.27682016123,1265.8489990234375,40268
2022-12-09,1239.8205947108434,1297.0831274266695,1206.8512576926403,1293.6126708984375,47996
2022-12-12,1320.5088411350187,1351.7429530146906,1303.1565567574232,1305.7593994140625,44610
2022-12-13,1207.7185299295775,1260.642977002641,1171.2787466989437,1232.01171875,45767
2022-12-14,1230.2766860823874,1288.406825692768,1217.2624757218543,1246.7613525390625,33296
2022-12-15,1314.43532942499,1356.0808052087518,1299.6858900849074,1349.139892578125,43285
2022-12-16,1356.9484043108896,1374.3006856959394,1311.8324727097604,1330.0523681640625,28735
2022-12-19,1326.582001736798,1382.976920057852,1309.2297191764735,1370.830322265625,30060
2022-12-20,1325.714248333903,1329.184704481374,1250.2318271264098,1269.3193359375,45948
2022-12-21,1252.8347058549982,1252.8347058549982,1217.2625293037138,1238.952880859375,41509
2022-12-22,1274.5249535696846,1317.9056531465972,1262.3783576881492,1263.2459716796875,38850
2022-12-23,1260.6430632049583,1299.6856907646438,1225.9385053741266,1257.172607421875,39178
2022-12-27,1238.0851016648471,1256.3049945414848,1159.132232532751,1192.1015625,40257
2022-12-28,1214.6595302312114,1278.8629625434326,1209.4538465302205,1264.113525390625,35348
2022-12-29,1236.3500494706004,1262.3784715647182,1220.7329962141296,1252.834716796875,19525
2022-12-30,1253.7021032448024,1292.7447292974086,1249.3640336834017,1270.186767578125,25693
2023-01-03,1216.394809859638,1218.9976518208211,1148.7209188688735,1186.0283203125,49537
2023-01-04,1137.44190626878,1145.2504319411057,1070.6356310722156,1082.7822265625,68156
2023-01-05,1121.8249967319757,1145.2505767101377,1099.2670308270792,1101.869873046875,54260
2023-01-06,1062.8271916707356,1101.0022091674805,1030.7254724121094,1041.1368408203125,57226
2023-01-09,1014.2407602086431,1058.4890739559833,1011.6379182235054,1057.6214599609375,56044
2023-01-10,1053.2833558427526,1061.959495511968,1018.5787971658909,1019.4464111328125,44527
2023-01-11,1011.637899138202,1056.7538260294425,1004.6969873087804,1035.0634765625,36685
2023-01-12,1006.43230580745,1038.5340259064808,989.9476387295693,998.623779296875,76962
2023-01-13,1002.0942120219386,1002.0942120219386,963.0515803847202,969.9924926757812,63476
2023-01-17,994.2856775066197,1047.210133290131,989.9476073604302,1034.1959228515625,58057
2023-01-18,1002.9617782730465,1057.6214599609375,990.8151823424041,1057.6214599609375,59874
2023-01-19,1041.1369989736388,1055.0188256266206,991.6829915223909,1003.82958984375,57248
2023-01-20,1021.181600854752,1030.7253541337684,978.6685180664064,978.6685180664062,40772
2023-01-23,1007.2998430570809,1022.0492808968487,978.6685813681199,981.2714233398438,38083
2023-01-24,993.418062841267,1011.637957443596,956.1106596079269,959.5811157226562,39612
2023-01-25,983.0066687171139,989.0799667586142,925.7441443258257,930.0822143554688,44545
2023-01-26,937.0231502757352,976.9333955652573,936.1555362477021,958.7135009765625,37930
2023-01-27,972.5953446243341,998.6237659791334,966.5220463082143,982.1390991210938,41349
2023-01-30,990.8152635798253,1014.2408433667389,982.1391229180055,1012.505615234375,29669
2023-01-31,1025.5198206798696,1034.1959612947585,1002.0942410196694,1005.564697265625,39322
2023-02-01,1002.0942023782169,1025.5197811351102,942.2288344439338,958.7135009765625,58743
2023-02-02,948.3021806507872,1035.9312019186093,948.3021806507872,1021.1817626953125,64829
2023-02-03,1077.5765641071953,1115.7515792607514,1057.6214425496548,1107.075439453125,71724
2023-02-06,1113.1487464667848,1131.3686402125388,1102.7373786120681,1117.48681640625,54603
2023-02-07,1114.0163340591357,1122.6924737324937,1060.2242680843178,1087.9879150390625,36370
2023-02-08,1080.1797032973345,1111.413815199908,1079.3120890778187,1106.2081298828125,27816
2023-02-09,1080.179385405873,1162.6027120031085,1067.1651759431518,1151.32373046875,33384
2023-02-10,1149.588633970393,1182.5579683786004,1138.3096511465326,1163.470458984375,29666
2023-02-13,1165.2055029114679,1186.0282371407125,1149.5884522395347,1162.6026611328125,23801
2023-02-14,1179.9552487864078,1203.380830931432,1146.9859109526699,1161.7353515625,42368
2023-02-15,1214.6594971565814,1251.0992820712788,1213.7918832300409,1227.6737060546875,37564
2023-02-16,1257.1725266979586,1284.936171179901,1215.527059975045,1237.2174072265625,38472
2023-02-17,1281.4661155387148,1317.9059102933702,1259.7757615180865,1266.7166748046875,42394
2023-02-21,1269.3191733411563,1304.891344296035,1251.0992809008526,1291.009521484375,22539
2023-02-22,1305.759189926667,1370.830245903079,1305.759189926667,1350.8751220703125,36803
2023-02-23,1346.5367026289682,1384.7117122395834,1336.1253363715277,1366.4918212890625,39839
2023-02-24,1412.4758216073226,1435.9014034153065,1394.2559246455573,1400.3292236328125,30956
2023-02-27,1386.4470784964983,1404.666971267729,1367.3595717837807,1382.1090087890625,35746
2023-02-28,1376.0357462565105,1404.667007055038,1330.9198201497395,1353.477783203125,35718
2023-03-01,1323.1116085078231,1328.317293524903,1268.4519158284834,1285.80419921875,46546
2023-03-02,1306.6267482123942,1316.170502681409,1279.730712890625,1279.730712890625,25005
2023-03-03,1258.9077665540908,1284.9361835055881,1245.0259441799587,1249.364013671875,37757
2023-03-06,1266.7165736794152,1309.2296641659161,1258.0404327638028,1294.480224609375,27126
2023-03-07,1329.1846950185072,1418.548940179673,1320.5085547115978,1406.40234375,42748
2023-03-08,1401.1964796094471,1424.6220554295433,1353.4777140499923,1409.0050048828125,39278
2023-03-09,1387.3147931568244,1435.90117740747,1357.8159170046467,1428.0926513671875,33730
2023-03-10,1360.4185278459468,1378.6384188438835,1291.8770331394226,1369.9622802734375,77543
2023-03-13,1244.1585840916896,1257.1727952223557,1162.6028610061812,1184.293212890625,75879
2023-03-14,1186.895670935412,1209.453629593541,1153.0587329482182,1168.67578125,47480
2023-03-15,1126.163171268204,1194.7046893962379,1125.2955571146845,1161.7353515625,71064
2023-03-16,1159.1322183524612,1229.4089471597588,1157.396990480676,1176.4844970703125,50197
2023-03-17,1135.7067932625125,1162.6028288554369,1028.1226508908155,1067.165283203125,63505
2023-03-20,1039.4016636586894,1051.548260729826,1015.1084695164162,1028.1226806640625,50928
2023-03-21,1059.512180769111,1125.456922310757,1059.512180769111,1103.475341796875,55712
2023-03-22,1094.6827841514398,1098.1998372732116,1016.4283521920196,1063.9085693359375,58967
2023-03-23,1039.2893307153088,1055.1160717921916,982.1372101598984,1012.0321655273438,66289
2023-03-24,1001.4810248002054,1023.4626100679887,979.4994395324222,996.2054443359375,70967
2023-03-27,1038.4099893704267,1046.3233593148245,995.3260863398162,998.8431396484375,46905
2023-03-28,985.654175143458,1002.3601781119912,946.0873260074584,950.483642578125,40853
2023-03-29,968.0687680717378,973.3443471892949,944.3286620427306,966.3102416992188,39611
2023-03-30,946.9665216733723,960.1554704431964,929.3812566469401,938.1738891601562,31295
2023-03-31,932.0189568281395,961.0346413331665,924.9848514935875,946.9664306640625,29851
2023-04-03,939.0531978163608,953.1214105177295,891.5729799492415,907.3997192382812,51332
2023-04-04,903.0033791166724,913.5545383663317,839.6964236187168,846.7305297851562,65574
2023-04-05,830.0245756299083,860.7987918873731,818.5941524485643,839.6964721679688,59400
2023-04-06,849.368303516243,865.1950420910799,829.1452486706182,833.5415649414062,35062
2023-04-10,857.2817811250442,870.470731603891,852.0062009335054,855.5232543945312,36814
2023-04-11,839.6963855227469,839.6963855227469,802.7673298243643,825.628173828125,58543
2023-04-12,801.8880412885969,831.7829901962858,794.8539356632584,811.5599365234375,46200
2023-04-13,782.5442672869482,785.1820569519604,755.2871074151556,766.717529296875,91981
2023-04-14,785.1820839365148,830.0245097828332,779.0272411732947,798.3710327148438,69687
2023-04-17,817.7148533769963,847.6098050058328,812.4392736777899,836.1793823242188,48980
2023-04-18,832.6623227049218,832.6623227049218,793.0954752691019,823.8696899414062,41607
2023-04-19,854.6439883782997,858.161041828416,831.7831409525427,849.368408203125,46698
2023-04-20,836.1793466625194,852.8853483308558,819.4733449941831,850.24755859375,31970
2023-04-21,863.4366749178979,887.176787161058,848.4891968388711,872.2293090820312,48551
2023-04-24,878.3840268827331,885.4181332041164,858.1609712087563,866.0743408203125,35304
2023-04-25,870.470657271177,891.5729762353268,856.4024446284105,866.0743408203125,41498
2023-04-26,844.0928754664179,890.6938362994597,840.5758218186412,883.6597290039062,32756
2023-04-27,895.0901085678412,901.2449521434551,858.1610471141581,861.6781005859375,36006
2023-04-28,866.0743107627983,888.0558922542399,857.2816781662217,874.866943359375,31799
2023-05-01,844.0927676130716,885.4181426941283,837.937924515893,884.5388793945312,28739
2023-05-02,882.7803160109997,887.1766323257956,811.5599917113076,816.8355712890625,49477
2023-05-03,817.7148742675781,824.7489807128907,794.8540283203125,808.9222412109375,49338
2023-05-04,795.7332632832544,796.6125265576005,743.8567300968323,771.1138916015625,80426
2023-05-05,815.0770178236326,821.23186046092,775.5101722982135,785.1820678710938,50673
2023-05-08,780.7857700113477,793.974718829107,765.838294684554,786.9406127929688,42102
2023-05-09,792.2161068857976,797.4916858439716,778.1478963306669,790.4575805664062,26224
2023-05-10,790.4577177953407,822.111197039648,786.9406645459732,803.6466674804688,45587
2023-05-11,820.3526354240648,870.4706420898438,819.4733721492266,870.4706420898438,42084
2023-05-12,872.2291501929403,881.901046011612,858.1609380930541,868.7120971679688,31842
2023-05-15,858.1609556217783,862.5572719927916,838.8171635893202,852.8853759765625,19846
2023-05-16,859.0403254857969,907.3998115673924,854.6440085692882,898.607177734375,42643
2023-05-17,900.3655649038461,924.9849358191857,896.8485119159404,914.4337768554688,58132
2023-05-18,942.5703981164384,982.137252514983,939.0533443921233,962.79345703125,53139
2023-05-19,954.0007112637771,969.827451174144,919.7094414579824,946.0873413085938,37241
2023-05-22,956.6385342806495,961.0348510742188,941.6910571825144,961.0348510742188,30574
2023-05-23,974.2238249989433,982.1371954186098,957.5178207796473,975.1030883789062,46130
2023-05-24,967.1896188370305,1026.9795225469559,967.1896188370305,1018.1868896484375,37558
2023-05-25,1039.2893344388149,1070.942816705987,1039.2893344388149,1065.667236328125,48291
2023-05-26,1037.5306078878325,1073.5804001957995,1029.6172388446203,1057.753662109375,46498
2023-05-30,1052.4782098975452,1077.9768465617296,1045.4441032315633,1070.0634765625,61212
2023-05-31,1065.6670182403723,1067.4255446731122,998.8430137962565,1021.703857421875,54756
2023-06-01,1009.3943136855685,1012.9113670433579,930.2606131353062,953.1214599609375,91403
2023-06-02,954.8799914528944,997.9638953029789,936.4154612314296,983.0164184570312,64098
2023-06-05,998.8431996379057,1001.4809897777947,963.672664439388,975.1030883789062,32828
2023-06-06,971.5861385796882,997.0847793206937,969.8276116320327,973.3446655273438,25846
2023-06-07,969.8274466545297,1016.4284028401055,936.4154403327962,1010.2735595703125,47793
2023-06-08,976.8613045320383,987.4124617367048,957.517516323483,980.3783569335938,32202
2023-06-09,985.6540637976651,1008.5149073826244,978.6199580792162,1004.1185913085938,28475
2023-06-12,1011.1528446888044,1027.8588482097498,997.0846311974818,1000.6016845703125,29416
2023-06-13,988.2918606134434,1025.2209159032695,973.3443858532758,1016.4282836914062,36297
2023-06-14,997.9637505798866,1044.5647010474936,982.1370126852275,1021.703857421875,41556
2023-06-15,1035.7722864151,1044.564920425415,1012.0321745872498,1012.9114379882812,39130
2023-06-16,1001.4806614954491,1022.5829756972847,968.0686640092093,990.9295043945312,39370
2023-06-20,1025.2209849964488,1070.063412299038,1025.2209849964488,1063.9085693359375,45329
2023-06-21,1082.346610665027,1106.2805652006173,1061.0719844111688,1077.0279541015625,42704
2023-06-22,1109.826390254033,1113.3721614689023,1086.7788773573839,1092.0975341796875,39515
2023-06-23,1074.3687143163904,1102.7348849914106,1056.6398576445029,1096.52978515625,56206
2023-06-26,1083.2331122314251,1108.0535108750257,1059.2991563965245,1075.255126953125,31770
2023-06-27,1073.482255299886,1127.5552673339844,1069.0500411987305,1106.2806396484375,56702
2023-06-28,1124.8960780430507,1143.5113795709499,1112.4858770244512,1140.85205078125,35483
2023-06-29,1167.4449153580988,1172.763571008933,1108.939703198923,1112.4854736328125,40087
2023-06-30,1101.8480953402407,1119.576946431797,1073.48193359375,1073.48193359375,24124
2023-07-03,1066.390536336193,1069.9363070305776,1028.2735013715576,1030.04638671875,27127
2023-07-05,1029.1601250641538,1092.9840087890625,1028.2736822346412,1092.9840087890625,33884
2023-07-06,1108.0533794558958,1159.4670562626493,1108.0533794558958,1149.7161865234375,51035
2023-07-07,1131.100962700114,1135.5331765037977,1090.3245957062227,1117.8043212890625,32806
2023-07-10,1133.7603523273262,1134.6467951360264,1066.3906988661247,1075.255126953125,74692
2023-07-11,1061.9585278585018,1075.2551705278486,1044.2296709660393,1062.844970703125,46482
2023-07-12,1020.2958049756361,1022.0686908226833,941.4023847820379,949.38037109375,60885
2023-07-13,936.9699304199219,944.0614719935826,925.4461753627231,930.7648315429688,44584
2023-07-14,931.6512619980303,946.7207876440499,918.3546217221308,942.28857421875,41708
2023-07-17,960.9038677305462,971.5411799194451,935.1970299407068,940.5156860351562,27504
2023-07-18,920.1275442838669,935.1970705389977,887.3291636109352,907.7173461914062,39215
2023-07-19,914.8089625581782,927.2191616626496,908.6038630059426,916.5818481445312,27914
2023-07-20,938.7427346504635,976.8597673133246,928.105423209665,974.200439453125,61881
2023-07-21,989.2702714612295,994.5889288346771,966.2227561762905,972.4278564453125,64575
2023-07-24,974.2006935181657,999.9075362042684,964.4498221544716,981.292236328125,39907
2023-07-25,978.6328043241278,982.1785753542878,945.834422295149,952.9259643554688,31422
2023-07-26,948.4937925444318,979.5192904313992,948.4937925444318,960.9039916992188,44821
2023-07-27,982.1786086905717,1040.683832673945,980.4057231153179,1037.1380615234375,95963
2023-07-28,1015.8633422851562,1030.932868305093,1006.11247250755,1015.8633422851562,62612
2023-07-31,1000.7938078163314,1001.680250515903,947.6072458420357,971.5411987304688,75035
2023-08-01,1014.0904972828976,1046.0024360085831,1003.4531843743357,1042.4566650390625,55259
2023-08-02,1047.775418315071,1115.1450729613869,1041.5703185450154,1109.826416015625,57795
2023-08-03,1106.2803753735059,1126.6685553683703,1089.437965812531,1112.4854736328125,45333
2023-08-04,1089.4382057685357,1106.2806190391639,1072.5957924979073,1092.0975341796875,75191
2023-08-07,1094.7568880026333,1127.5552725014977,1092.984002354046,1109.826416015625,44372
2023-08-08,1139.0789852775104,1158.5807266596935,1117.8043583151289,1122.236572265625,37820
2023-08-09,1124.8958102424217,1139.9653364631633,1105.3940704273443,1123.1229248046875,30956
2023-08-10,1103.6210020766428,1136.4193772387598,1088.551478353508,1121.349853515625,46102
2023-08-11,1131.1007172466284,1139.0787003620044,1097.4158996483745,1100.961669921875,46072
2023-08-14,1127.555223279426,1154.148506847337,1125.782337708232,1139.0789794921875,39275
2023-08-15,1149.7164388621425,1203.7894556474862,1147.0571101677813,1201.130126953125,51310
2023-08-16,1204.6757540155404,1231.2690377686429,1196.6977688896097,1227.7232666015625,44368
2023-08-17,1227.7233645166189,1265.8404076026943,1218.85893589195,1254.316650390625,43566
2023-08-18,1252.5436321125164,1280.9098007095445,1252.5436321125164,1267.6131591796875,33307
2023-08-21,1256.0894942086927,1283.5692220283606,1240.1335232166275,1246.338623046875,38749
2023-08-22,1235.7011821434237,1259.6351361734612,1220.6316555319186,1222.404541015625,54645
2023-08-23,1204.6756732430877,1204.6756732430877,1134.646697388633,1154.1484375,64808
2023-08-24,1162.1263746866366,1191.3789836604421,1137.3059791937108,1163.0128173828125,31174
2023-08-25,1165.672241119704,1214.426593409882,1147.0569429725454,1186.0604248046875,38239
2023-08-28,1174.536811775011,1181.6283547895016,1123.1231249199539,1135.5333251953125,28368
2023-08-29,1139.0788812236108,1148.8297510239686,1093.8703030583156,1095.6431884765625,42410
2023-08-30,1075.2551785600865,1101.848464097434,1058.4127643864329,1090.32470703125,35726
2023-08-31,1095.6432783311805,1131.100989604034,1087.6652932947884,1115.14501953125,43527
2023-09-01,1084.1193637488022,1130.2143816678029,1070.8227239644752,1127.5550537109375,56821
2023-09-05,1152.375677494827,1186.0605049908295,1133.760378089141,1178.08251953125,45144
2023-09-06,1190.4927191350403,1195.8113761080933,1155.9214488101957,1178.08251953125,39538
2023-09-07,1180.7417786642134,1204.6757336371365,1179.8553358874385,1193.1519775390625,18532
2023-09-08,1186.9468410642712,1195.8112685554158,1151.4891310996925,1188.7197265625,17323
2023-09-11,1158.5809009312488,1169.2182160124844,1139.0791566156502,1157.6944580078125,33204
2023-09-12,1185.1739331317206,1186.0603758640555,1133.760254656298,1154.1484375,26701
2023-09-13,1152.3758004671947,1170.991101859357,1139.0791566156502,1157.6944580078125,17396
2023-09-14,1162.1266065103146,1162.1266065103146,1110.712919875991,1131.987548828125,35471
2023-09-15,1103.6213396887147,1106.280668218085,1069.0500688068996,1083.233154296875,31491
2023-09-18,1086.7785520256054,1108.939615484529,1072.5954714118946,1079.68701171875,16671
2023-09-19,1076.7287434301816,1113.4863441634352,1073.1426360415717,1105.4176025390625,17636
2023-09-20,1106.314129689114,1108.10718338391,1052.522518845235,1084.7974853515625,54783
2023-09-21,1134.1063082948024,1152.0368428132972,1118.8653539540817,1142.175048828125,47510
2023-09-22,1122.451612053484,1149.3474174541268,1103.6245482730344,1146.6578369140625,22638
2023-09-25,1151.1405802035551,1195.9669267846905,1151.1405802035551,1172.6572265625,24493
2023-09-26,1196.8633237092392,1239.0000849184783,1191.4841627038045,1237.20703125,26856
2023-09-27,1254.2409347388461,1337.6179232525792,1254.2409347388461,1314.3082275390625,51960
2023-09-28,1318.7909248073759,1343.8936752455857,1299.9638619787186,1302.6534423828125,46331
2023-09-29,1264.1027145127118,1341.2040148305084,1251.5513400423729,1322.376953125,45474
2023-10-02,1351.0660514904575,1419.2020965556696,1351.0660514904575,1404.857666015625,64462
2023-10-03,1418.3052526229467,1442.5114737486228,1377.0650240384616,1398.5816650390625,55072
2023-10-04,1391.409693570357,1449.6839397572596,1391.409693570357,1419.2020263671875,46586
2023-10-05,1421.891493126429,1422.7880199190683,1372.58251953125,1372.58251953125,41224
2023-10-06,1371.6861447704082,1381.5479405824829,1294.5848320578232,1317.89453125,44317
2023-10-09,1269.4820026506695,1280.2403247070313,1247.0688316999162,1255.1375732421875,25477
2023-10-10,1246.1723103308088,1258.7236861183133,1223.7591392816935,1231.827880859375,29322
2023-10-11,1190.5874870380844,1217.4832887031014,1183.4152732607465,1188.79443359375,29442
2023-10-12,1193.2771544964644,1245.2757081860175,1177.139672316948,1228.24169921875,40139
2023-10-13,1150.2439391459616,1169.9675296847076,1113.4863385964804,1128.727294921875,55379
2023-10-16,1141.2785953840887,1152.036916785981,1109.0036311784113,1125.14111328125,35775
2023-10-17,1121.5551740633732,1136.796131664554,1080.314935848413,1083.0045166015625,40331
2023-10-18,1050.729332364515,1102.727882942281,1044.4536452258192,1092.8660888671875,41543
2023-10-19,1093.7627538255424,1123.3481397896758,1079.4183242671745,1084.7974853515625,46370
2023-10-20,1083.004299766139,1090.176513671875,1039.0744895935059,1090.176513671875,46923
2023-10-23,1102.7280958294386,1146.6579142811806,1086.5906115002274,1109.0037841796875,39550
2023-10-24,1130.5203597402185,1134.1064671462143,1098.245393086255,1102.72802734375,34739
2023-10-25,1115.2794024906937,1144.8647885696269,1088.3835969643906,1143.96826171875,58441
2023-10-26,1152.0370396607477,1199.552964253759,1135.899555836706,1166.3814697265625,93476
2023-10-27,1150.2439338246884,1181.6223731729847,1109.9002260911648,1110.7967529296875,38184
2023-10-30,1102.7281797883657,1148.451055535688,1099.142071886615,1145.761474609375,25162
2023-10-31,1151.1406326293945,1221.069736480713,1137.6927280426025,1204.9322509765625,42611
2023-11-01,1199.552898900582,1239.0000794324399,1177.1397281438446,1198.6563720703125,65084
2023-11-02,1172.6571622468773,1214.7939257221092,1172.6571622468773,1184.31201171875,26900
2023-11-03,1165.4849073762427,1165.4849073762427,1056.1086314532415,1082.10791015625,93498
2023-11-06,1090.1766880580358,1109.9002794538226,1079.4183654785156,1104.5211181640625,27822
2023-11-07,1142.175349688289,1187.001697792225,1132.3135531054231,1153.8302001953125,48968
2023-11-08,1170.8642284583486,1236.310697583509,1163.6920126638104,1222.86279296875,67143
2023-11-09,1219.2764578986755,1248.861842538864,1176.2431711493105,1235.4139404296875,48252
2023-11-10,1255.137673180772,1286.5161150102913,1251.5515655431127,1265.89599609375,30034
2023-11-13,1273.0680623686053,1287.4124912403643,1253.344472669937,1279.34375,15452
2023-11-14,1217.4833407931858,1225.5520816379124,1144.8646731906467,1161.898681640625,42278
2023-11-15,1156.5197417932914,1190.5877651949543,1150.2440532719324,1172.6572265625,18413
2023-11-16,1174.45026772872,1176.2433215725805,1102.7281139742943,1139.4857177734375,50359
2023-11-17,1135.0028888081395,1160.1056383236432,1122.4515140503875,1156.51953125,23709
2023-11-20,1182.5189928054808,1194.1738426208497,1147.554443359375,1147.554443359375,24138
2023-11-21,1115.2795006585004,1117.0725545180799,1062.3844118009026,1095.555908203125,37045
2023-11-22,1091.9698004839659,1110.7968660095514,1082.108004256278,1095.555908203125,17782
2023-11-24,1095.5558449521711,1099.1419524642895,1074.0391998794605,1086.590576171875,17696
2023-11-27,1053.4189773818193,1078.5217274811307,1042.6606559106858,1057.901611328125,32495
2023-11-28,1029.2128085590034,1035.4884964160706,953.0080274374744,957.4906616210938,56287
2023-11-29,954.8011900249281,970.9386749267578,944.0428667570416,953.9046630859375,32612
2023-11-30,966.4559950986745,977.2143178641513,945.8358764648438,945.8358764648438,33290
2023-12-01,956.5941100120544,961.9732708930969,913.5608229637146,918.04345703125,46727
2023-12-04,962.8698491092952,981.6969131980244,950.3184730501423,964.6629028320312,58682
2023-12-05,989.7657430268017,1019.351132084668,972.7317311449999,1001.4205932617188,95055
2023-12-06,978.1109052891183,1005.0067138671875,969.1456357630951,1005.0067138671875,37866
2023-12-07,993.3517869797428,1033.6954967397503,989.7656794455198,1013.0753784179688,57587
2023-12-08,1056.108770362367,1075.8323636968087,1026.5233803607048,1053.419189453125,54157
2023-12-11,1080.3148514218158,1097.348861527222,1058.7982070781447,1064.1773681640625,41403
2023-12-12,1057.9015484255485,1125.1410536220876,1057.0050216895947,1113.4862060546875,39812
2023-12-13,1113.486483047415,1129.6239683089718,971.8352235293058,972.7317504882812,69578
2023-12-14,941.353141221424,952.1114628353832,895.6302743620978,935.0774536132812,66182
2023-12-15,951.2148810715913,961.0766753145579,934.1808728337401,953.0079345703125,35832
2023-12-18,942.2497187378976,961.0767825756673,934.1809770931393,940.4566650390625,25299
2023-12-19,932.3880300214214,935.0776108772524,873.2172511931388,889.354736328125,52604
2023-12-20,887.5615331516284,935.0774536132812,883.9754259469753,935.0774536132812,29553
2023-12-21,905.6701984863281,911.0825701904297,887.6289594726562,902.0619506835938,33607
2023-12-22,863.2733309828086,889.4331288913785,844.3300290490165,888.5310668945312,63176
2023-12-26,882.2167123360093,894.8455814287538,871.3919673993712,883.1187744140625,26242
2023-12-27,872.2939874649047,876.8042976379394,849.7424365997314,865.9795532226562,32192
2023-12-28,875.902172887929,912.8867136586862,867.7836151577629,908.3764038085938,56265
2023-12-29,927.3197298209028,940.8506597307409,912.8867379170755,919.201171875,42751
2024-01-02,920.1032628731232,952.5774956804099,908.3764565816031,946.2630615234375,47057
2024-01-03,990.4640088111566,1013.0155572813561,980.541327484269,996.7784423828125,71853
2024-01-04,994.0724530861845,1022.0363787174656,986.8559561490797,998.582763671875,40764
2024-01-05,996.7786298872114,1017.5260583826014,961.598207655898,1001.2889404296875,54465
2024-01-08,1032.8610704877917,1038.2734429095617,994.0724014651059,1007.6033325195312,47747
2024-01-09,1001.2888746995192,1048.1961012620193,999.4847506009615,1043.685791015625,43962
2024-01-10,1046.3918833440998,1060.8248748385013,1030.1547679128983,1047.2939453125,33937
2024-01-11,1050.0000397920203,1089.6907629456705,1033.762925774618,1062.62890625,45592
2024-01-12,1001.2889682625954,1015.7219623997138,966.1085450533691,1004.897216796875,46962
2024-01-16,1034.6650461127656,1098.7114439105044,1034.6650461127656,1093.299072265625,53905
2024-01-17,1127.5773976920093,1168.1701840089218,1127.5773976920093,1162.7578125,47541
2024-01-18,1142.9126350110996,1171.7786210571576,1139.3043867553424,1155.54150390625,34651
2024-01-19,1141.1085202212626,1179.8971892880722,1140.2064581499412,1152.8353271484375,31047
2024-01-22,1178.9950697104262,1188.0156899836504,1147.4228987541408,1157.3455810546875,19717
2024-01-23,1142.9125678367864,1147.422877891391,1103.2218393562666,1104.1239013671875,23406
2024-01-24,1059.9227257494656,1147.4227294921875,1041.8814878643684,1147.4227294921875,40640
2024-01-25,1105.0260103665864,1123.0672513521633,1093.2992037259614,1102.31982421875,26378
2024-01-26,1105.0260847580462,1121.2632027381644,1086.9848425579148,1115.850830078125,20010
2024-01-29,1100.5157284528286,1134.7940872079168,1094.2012939453125,1094.2012939453125,23149
2024-01-30,1083.3764480132934,1124.8712994775826,1077.9640760831687,1112.242431640625,26358
2024-01-31,1101.417835546875,1133.892071484375,1063.531226953125,1127.57763671875,50780
2024-02-01,1104.1239483173076,1104.1239483173076,1032.8610464242788,1043.685791015625,50255
2024-02-02,1100.5157742080135,1138.4023828282893,1098.7116499880003,1115.850830078125,43243
2024-02-05,1158.2475969640793,1178.0929607749904,1143.8146051015985,1170.87646484375,32161
2024-02-06,1155.5414375069588,1168.1703056764338,1133.8919492164302,1139.3043212890625,21606
2024-02-07,1146.5205862184705,1166.3659464834636,1135.695844255747,1160.051513671875,22055
2024-02-08,1173.582763671875,1185.3095706878123,1160.9538945777888,1173.582763671875,26529
2024-02-09,1184.4075630559457,1220.4900478405898,1184.4075630559457,1204.2529296875,24684
2024-02-12,1210.5672217396914,1215.0775318057856,1164.5620590655303,1174.4847412109375,27665
2024-02-13,1236.727042722404,1314.3043772768362,1234.9229186629984,1298.0672607421875,46001
2024-02-14,1289.9485980826364,1317.0104567836709,1275.5156067754183,1280.927978515625,38296
2024-02-15,1255.6704894746647,1255.6704894746647,1182.6034566819578,1210.5673828125,48841
2024-02-16,1228.608405580399,1235.8249013547331,1178.0929351600596,1202.4486083984375,32472
2024-02-20,1176.2888473753312,1203.3507073609599,1170.8764753782054,1191.6239013671875,24784
2024-02-21,1194.329995285057,1242.1392775736583,1192.5258714251097,1206.9588623046875,43372
2024-02-22,1221.3918432773132,1278.221744404692,1217.783595586686,1271.0052490234375,31264
2024-02-23,1262.8868108649594,1285.4383610589766,1212.371338430361,1224.09814453125,36719
2024-02-26,1250.2580189193266,1280.9281290515469,1250.2580189193266,1261.082763671875,19714
2024-02-27,1261.984714494634,1283.634202091397,1251.1599706962527,1281.830078125,21283
2024-02-28,1296.263155482122,1317.0105824661782,1294.459031396552,1304.3817138671875,19651
2024-02-29,1258.3763407418767,1258.3763407418767,1216.8814936636497,1246.6495361328125,35163
2024-03-01,1216.8817537656553,1254.7683613699232,1147.4229731578307,1159.1497802734375,53280
2024-03-04,1117.654948366855,1129.3817557347074,1053.6085388962765,1059.9229736328125,48644
2024-03-05,1028.3504784568465,1050.9020240370405,1012.1133656391067,1049.097900390625,50303
2024-03-06,1019.3301204093736,1022.9383686232121,984.1497003244483,1013.0156860351562,71995
2024-03-07,988.6598834921589,1000.3866886795659,974.2268924922734,985.0516357421875,47981
2024-03-08,967.9124307071462,993.1701642204733,957.0876877728631,981.443359375,78730
2024-03-11,987.7578656952456,992.268175584265,935.4382709826208,948.067138671875,39787
2024-03-12,989.5620160343672,1007.6032560714568,981.4434580176768,982.3455200195312,41184
2024-03-13,972.4227625920222,974.2268864558293,923.7114182692308,938.1444091796875,41034
2024-03-14,960.6961766474665,973.3250465752266,949.8714309951006,957.989990234375,30475
2024-03-15,967.0104790199531,980.5414092301204,950.7733627677524,960.696044921875,29435
2024-03-18,968.8145194208323,978.7372007184387,961.5980239316641,973.3248291015625,30404
2024-03-19,984.4874585687415,1020.17055418601,984.4874585687415,1014.6808471679688,36525
2024-03-20,1026.5751263941336,1027.4900774871767,915.8660441359428,935.0800170898438,51518
2024-03-21,916.7808742816632,953.3789131751428,899.3968058072604,951.5490112304688,39995
2024-03-22,967.1032630263196,978.08267566238,949.719193019224,977.167724609375,41818
2024-03-25,964.3583513532366,964.3583513532366,925.9304094587053,960.6985473632812,33525
2024-03-26,922.2706899307208,962.5285375070617,921.3557388494403,961.6135864257812,26839
2024-03-27,950.6341012423156,951.5490522540985,891.1622854764345,892.9921875,76625
2024-03-28,871.0333887136978,883.8427032536051,845.4147596338831,854.5642700195312,50657
2024-04-01,822.5409467424664,849.0745256696428,811.5615347726005,832.6054077148438,88843
2024-04-02,824.3709811435657,837.1802971657743,808.8168116880267,814.3065185546875,112133
2024-04-03,816.1363246125995,817.0512756491607,772.2186748576614,775.8784790039062,110892
2024-04-04,777.7084315427437,796.9224045573292,769.4738716793499,794.1775512695312,76346
2024-04-05,785.9429455837005,794.1775049669989,736.5355892839102,742.9402465820312,113885
2024-04-08,732.8757371509913,767.6438744939846,724.6411783065981,755.74951171875,102277
2024-04-09,726.4710693359375,740.1953338699917,710.9169028640093,726.4710693359375,102519
2024-04-10,764.8991324532772,779.5383502992729,734.705745645911,751.1748657226562,106471
2024-04-11,730.13094309372,756.6645237324643,714.5767751330769,716.4066772460938,99096
2024-04-12,691.7030565689068,759.4094404129532,663.3395714450495,747.5150756835938,218733
2024-04-15,733.7907735508616,780.453279100854,729.2160181047839,756.66455078125,134787
2024-04-16,777.7083939153173,806.0718765169347,769.4738344503315,780.4532470703125,124538
2024-04-17,764.8991105841899,775.8785236547764,736.5356268185081,756.66455078125,149678
2024-04-18,732.8757045904407,760.3242328522549,731.0458027063197,748.4298706054688,100612
2024-04-19,749.3449822379292,749.3449822379292,721.8964480900197,731.0459594726562,118387
2024-04-22,795.0924952013739,804.2420060782597,771.3037669214709,796.0074462890625,131253
2024-04-23,807.9017444497734,816.1363035664756,769.4738019051636,773.1336059570312,112592
2024-04-24,784.1130526574302,786.8579058172578,767.6439336984644,772.2186889648438,83271
2024-04-25,770.3888262580423,780.4532883588006,708.1721514533548,715.4917602539062,177405
2024-04-26,700.8525515703531,718.2366226928553,691.7030404532467,705.4273071289062,93115
2024-04-29,703.5973381322092,726.4711137541926,690.7880237838986,699.0225830078125,89248
2024-04-30,739.2804399237575,765.8140200695359,730.1309295286615,759.4093627929688,146512
2024-05-01,753.0047607421875,765.8140762347641,715.49176537107,753.0047607421875,156753
2024-05-02,768.5587983972886,774.0485041001264,734.7056132297889,746.5999755859375,120049
2024-05-03,739.2804747046494,764.8991050161967,731.9608660442074,750.2598876953125,95224
2024-05-06,719.1514962643994,722.8113003166355,705.4272310685138,717.3215942382812,88792
2024-05-07,722.811408648031,730.13101784953,715.491799446532,720.9815063476562,55664
2024-05-08,733.7907328623829,737.45053701631,707.2571527464114,720.0664672851562,88447
2024-05-09,709.0870626951793,709.0870626951793,667.9142655064269,670.6591186523438,123439
2024-05-10,656.0198483028927,677.063720703125,650.5301424593539,677.063720703125,86856
2024-05-13,682.5533920898438,697.1926069335938,667.9141772460938,686.2131958007812,54904
2024-05-14,678.8936852743459,683.468440565952,666.9993215161701,668.8292236328125,58463
2024-05-15,656.0199188361188,682.5534999326983,643.2106038239771,650.5302124023438,117893
2024-05-16,662.4246288521468,672.4890914452043,651.4452151142659,660.5947265625,50922
2024-05-17,639.5507853371756,647.7853448050363,614.8471069335938,614.8471069335938,93878
2024-05-20,612.1022075832523,627.6563742931406,596.548040873364,602.9526977539062,88227
2024-05-21,611.1872219205437,620.3367312307315,604.7825654034123,612.1021728515625,67024
2024-05-22,629.4863227296271,668.8292179002287,627.6564206286688,662.424560546875,127707
2024-05-23,664.2543669355676,693.5327963321766,656.9347595864153,688.0430908203125,121988
2024-05-24,672.4890207496215,676.1488249441774,661.5096081659543,670.6591186523438,63582
2024-05-28,639.5508422851562,654.1900604204387,634.0611354844252,639.5508422851562,103326
2024-05-29,654.190006699673,672.4890278660973,646.8703982331032,668.8292236328125,99110
2024-05-30,668.8292596105398,669.7442107180782,646.8704330296192,659.6797485351562,87514
2024-05-31,648.7002741565443,679.8086088833743,644.1255190496574,667.9142456054688,111025
2024-06-03,665.1693663703071,675.2338272094727,658.7647094726562,658.7647094726562,147000
2024-06-04,681.6384931291852,719.1514840262276,681.6384931291852,704.5122680664062,159871
2024-06-05,699.0225576106334,714.5767244684616,681.6384887695312,681.6384887695312,89252
2024-06-06,681.6385657192985,685.2983700989994,636.805962067962,638.6358642578125,95924
2024-06-07,682.5534038326683,727.3860000629643,682.5534038326683,723.7261962890625,136951
2024-06-10,719.1514840262276,730.1308959960937,702.6823660714285,704.5122680664062,60566
2024-06-11,713.6618921179777,733.7908172802796,713.6618921179777,714.5768432617188,71940
2024-06-12,684.3834315595615,712.7469160225914,673.4040182190338,705.4273071289062,101248
2024-06-13,720.066503560058,750.2598893510134,704.512335122293,742.0253295898438,80664
2024-06-14,726.4711093139649,752.0897378540039,723.7262562561035,731.9608154296875,92130
2024-06-17,737.4505204812558,757.5794428765258,734.7056674273554,740.1953735351562,77190
2024-06-18,745.6850050909222,747.5149069439061,712.7467717372127,719.1514282226562,47372
2024-06-20,706.3422566840859,711.8319633422524,673.4040167350871,682.5535278320312,90070
2024-06-21,688.9581538383208,714.5767837287231,688.0432027708064,706.3422241210938,105434
2024-06-24,695.3627589623029,701.7674159527452,682.5534449814184,696.2777099609375,76708
2024-06-25,704.246843633168,714.4398900541745,702.3935624657124,712.5866088867188,44193
2024-06-26,732.046056177709,736.6792590649096,710.7333228965858,713.5132446289062,43242
2024-06-27,697.7603711196535,701.4669335160395,688.4939651286887,698.68701171875,58646
2024-06-28,685.7140648709195,718.1464868580575,682.9341429863076,706.1001586914062,56748
2024-07-01,706.1001200093851,716.2931663612267,690.3472301929028,713.5132446289062,63141
2024-07-02,713.5132837170378,722.7796899990773,692.2005492683471,706.1001586914062,63089
2024-07-03,687.5673078782487,687.5673078782487,644.0152007754486,655.1348876953125,91210
2024-07-05,635.6753158112485,635.6753158112485,609.7293845536466,618.9957885742188,110707
2024-07-08,630.1155538854782,645.8684427326152,623.6290702425395,627.3356323242188,96577
2024-07-09,627.3357080295461,635.6754737197468,617.1426610748563,624.5557861328125,94503
2024-07-10,611.582794903593,611.582794903593,589.3434205434623,593.9766235351562,114543
2024-07-11,563.397480339404,593.9766198972993,557.837636783423,559.69091796875,165674
2024-07-12,572.6638912371735,573.5905318378809,554.1310792230255,558.7642822265625,104526
2024-07-15,557.8376634663334,572.6639136581296,546.7179758224862,566.1774291992188,123858
2024-07-16,555.0576416875275,560.6174845091055,524.478506168849,526.331787109375,119491
2024-07-17,530.9650615556591,550.4245140734058,522.6252961909106,547.6445922851562,101064
2024-07-18,543.9379456869291,571.7371592654774,542.0846647816926,564.3240356445312,175665
2024-07-19,595.829921875,597.683203125,569.883984375,579.150390625,155610
2024-07-22,583.7835986797627,593.0500050080128,573.5905517186874,578.2237548828125,105431
2024-07-23,579.1504004219753,587.4901661880517,574.5171972185996,577.297119140625,101184
2024-07-24,567.1040885056121,586.5635425229616,550.4245564907412,585.6369018554688,92449
2024-07-25,615.289292365536,628.2622593732431,606.9495278605814,618.0692138671875,156352
2024-07-26,606.9495752993603,615.2893404561454,599.5364507155513,608.8028564453125,125436
2024-07-29,603.2429761828089,623.6290675438255,602.316335666399,604.1696166992188,107957
2024-07-30,598.6097554493099,613.4360032622958,592.1232720311285,595.829833984375,134547
2024-07-31,574.5170806233323,581.0035637916602,560.6174738340582,564.3240356445312,115717
2024-08-01,564.3240534424215,597.6831107887716,555.057648623991,584.7101440429688,148268
2024-08-02,569.8839569091797,620.8491888278868,558.7642699450981,607.876220703125,150124
2024-08-05,676.4476127186041,694.9804240259631,638.4553495385181,644.9418334960938,213556
2024-08-06,655.1349243874806,661.6214087873567,620.849221130993,636.6021118164062,185019
2024-08-07,615.2893279142894,673.6676828218199,614.3626873602016,669.9611206054688,124494
2024-08-08,653.2815706781794,668.1078190907339,630.1155575335631,638.455322265625,153999
2024-08-09,628.2622728446386,650.5016453347143,626.4089918037989,627.3356323242188,122163
2024-08-12,617.1425949887166,620.849157120781,583.7835358001373,590.27001953125,376325
2024-08-13,597.6831550230168,597.6831550230168,571.7372196111648,576.3704223632812,167864
2024-08-14,587.4901316809276,601.3897404746403,581.9302881634425,583.7835693359375,141083
2024-08-15,582.8569580469376,599.536489437788,572.6639110858624,578.2237548828125,164159
2024-08-16,559.6909400121114,568.0307056745435,543.0114086872471,543.9380493164062,126328
2024-08-19,555.0577317774824,555.0577317774824,521.6986694335938,521.6986694335938,157291
2024-08-20,510.5789410586007,523.5519087080025,502.23917614112815,517.9920654296875,184265
2024-08-21,516.1388021166858,525.4052078997503,504.0924745987022,508.7256774902344,148542
2024-08-22,523.551953125,540.231484375,523.551953125,532.818359375,138607
2024-08-23,521.6985614231654,533.7448869977678,513.3587975638253,518.9186401367188,123498
2024-08-26,514.2855444682851,526.3318725369116,510.5789819856308,521.6986694335938,99467
2024-08-27,528.1851537782387,537.4515599848745,520.7720288129301,521.6986694335938,91061
2024-08-28,537.4514396823182,554.130967120735,537.4514396823182,544.8645629882812,126179
2024-08-29,541.1580678693924,542.084708396566,523.5518978530937,531.8916625976562,119253
2024-08-30,532.8183256064084,546.7179341004886,529.1117633413204,539.3048095703125,107172
2024-09-03,552.277768052276,587.4901089683606,552.277768052276,576.3704223632812,127082
2024-09-04,588.4167528603731,593.9765961944869,574.5171445250887,587.4901123046875,159207
2024-09-05,566.1773209871301,577.297006505699,558.7641973080842,575.4437255859375,164466
2024-09-06,574.5171689841361,610.6561521944285,573.5905283890004,606.02294921875,212295
2024-09-09,599.5365337371826,600.4631744384766,589.3434860229492,593.050048828125,151160
2024-09-10,591.1967237423628,603.243051969088,577.2971142499875,578.2237548828125,121559
2024-09-11,586.5634831688901,601.3897323485145,571.7372339892657,573.5905151367188,172895
2024-09-12,553.2044061923497,554.1310467387354,511.50558160498656,517.9920654296875,204833
2024-09-13,503.1659077847941,504.0925484989466,491.11957850081194,494.8261413574219,160568
2024-09-16,497.6060289534535,507.79907610147586,491.1195444047121,501.3125915527344,97306
2024-09-17,504.0925,514.285546875,495.752734375,509.65234375,235159
2024-09-18,505.0191429925559,522.6253149500945,471.6600803361669,520.7720336914062,227711
2024-09-19,494.82608776967464,517.0654625008959,490.19288470067016,505.0191345214844,192827
2024-09-20,490.19286474562784,496.6793487781787,479.9998184087622,485.5596618652344,293091
2024-09-23,483.7064170909514,492.97282354863245,467.9535261128936,490.1929016113281,168344
2024-09-24,481.6653775301847,488.2250227494673,458.2380731756037,463.8606262207031,190544
2024-09-25,464.79766845703125,469.48312882454167,457.3009318690146,464.79766845703125,163632
2024-09-26,459.1751486356141,467.60897789626824,450.74131937495997,457.30096435546875,147775
2024-09-27,462.9234834837682,488.22496942316445,460.11220726827975,482.6024169921875,198417
2024-09-30,494.7846131056882,511.6522703706549,491.97333689486044,500.40716552734375,163176
2024-10-01,488.2249807313431,496.65880957315136,476.97987560893216,483.5395202636719,180325
2024-10-02,483.5395121335063,494.7846170668437,476.0427755112814,485.4136962890625,167273
2024-10-03,497.59591442667266,511.652296190138,497.59591442667266,505.0926513671875,222877
2024-10-04,507.90395006895506,512.5894108629491,491.03629121057645,506.96685791015625,209676
2024-10-07,513.5264346126185,525.7086310541587,512.5893425786538,519.1489868164062,162019
2024-10-08,527.582899683671,537.8909137094621,521.0232543945312,521.0232543945312,165430
2024-10-09,532.2682849619782,544.4504816248404,527.5828247070312,527.5828247070312,148751
2024-10-10,520.0861159990418,528.5199449071345,496.6588134765625,496.6588134765625,167996
2024-10-11,493.8475341796875,495.72171837012274,484.4766132275113,493.8475341796875,98626
2024-10-14,494.7846344866071,504.155555594308,488.2249897112165,491.9733581542969,113663
2024-10-15,491.97335439185576,496.65881490987346,478.85406494140625,478.85406494140625,203727
2024-10-16,468.54605399827597,475.1056987542518,455.42676448632426,471.3573303222656,211911
2024-10-17,465.7347769388339,467.6089611518674,451.6783953410823,461.04931640625,151288
2024-10-18,449.804214275881,454.4896748412548,420.7543587705637,425.4398193359375,275294
2024-10-21,414.1947219983666,426.37691970420093,407.63507707984047,423.5656433105469,206622
2024-10-22,416.06890826852987,416.06890826852987,403.88671050391076,405.7608947753906,180502
2024-10-23,417.0059873999619,428.2510926781631,412.3205268673781,422.6285400390625,195589
2024-10-24,417.9430626977848,458.2380216574367,417.0059706289557,444.181640625,255691
2024-10-25,449.80422723488726,460.11224077568676,444.1816743944512,457.30096435546875,220527
2024-10-28,461.04927463881114,463.8605507036819,454.48963048744594,460.1121826171875,123610
2024-10-29,452.6155229456284,458.2380760256984,444.18169332552355,446.0558776855469,134750
2024-10-30,448.8671161050933,467.6089581136567,446.0558398038088,458.238037109375,190266
2024-10-31,472.2944042020631,493.8475218541414,471.3573121302336,482.6024169921875,216145
2024-11-01,479.7911635890151,495.7217295675566,472.29442665793675,494.7846374511719,185688
2024-11-04,484.38294990049,499.1889942689834,483.25842789371063,494.4097900390625,32540
2024-11-05,483.0709495141067,495.6280058035604,479.7911273544571,489.8180236816406,69450
2024-11-06,534.0488177667222,552.1346840980043,517.7433921317679,524.2093505859375,89970
2024-11-07,510.05916861264785,522.9910268864048,494.9720101591909,500.3134460449219,80750
2024-11-08,510.9963098085928,524.7715750939208,506.7793953658738,514.4635620117188,69880
2024-11-11,559.1628684947766,589.8057916579049,550.073063669641,573.5003662109375,74440
2024-11-12,588.7749770766031,609.1098878485046,585.2140384021402,595.8969116210938,72350
2024-11-13,583.9020091681716,613.7952671969001,578.6543167848638,613.3267211914062,48280
2024-11-14,621.6669505570294,625.9775515366906,600.0200877359513,607.0482788085938,52790
2024-11-15,600.4885247527533,620.0737698632005,594.2099970956561,616.8876342773438,39300
2024-11-18,579.216551464935,583.7146388923844,555.4144486065436,562.7237548828125,54790
2024-11-19,549.1359929954085,558.3194845108263,536.8601088629864,538.2657470703125,39100
2024-11-20,545.4813621874438,548.480068751468,539.484006254966,543.607177734375,38400
2024-11-21,531.2375825971357,546.6058601150218,529.4570845672663,530.67529296875,83630
2024-11-22,524.115521119167,535.079508476268,519.8986073045555,527.7702026367188,78370
2024-11-25,564.5042806224944,569.0959974056677,556.6326844291111,559.2565307617188,94230
2024-11-26,562.723837309671,569.1897960370842,551.5724178219773,554.9459838867188,41050
2024-11-27,542.8574104848454,554.6648045747374,535.3606741213176,550.8226928710938,59470
2024-11-29,542.5762581319817,550.072993995636,540.0460983388873,544.5441284179688,23180
2024-12-02,554.4773343371409,572.7506278921713,554.0087883485503,570.4078979492188,52470
2024-12-03,561.3182086635487,561.3182086635487,529.7381911610604,541.4518432617188,69510
2024-12-04,540.5147320081068,547.3554931542308,534.1425169294647,545.1065063476562,49990
2024-12-05,544.4505823092051,559.3503715535543,534.7985438381904,547.63671875,63030
2024-12-06,550.8226852690447,571.4387099842189,550.8226852690447,569.8456420898438,50750
2024-12-09,533.2990194035153,535.9229226865607,506.49821183145144,534.7984008789062,85180
2024-12-10,522.3351005628288,536.1103071242231,519.5238245795962,535.0795288085938,32180
2024-12-11,526.2708725219419,531.6123086472735,500.8757008393672,502.1876525878906,83240
2024-12-12,522.3351457785727,540.7021275807336,520.460961627513,540.2335815429688,87300
2024-12-13,551.3849924418926,574.0625745974781,548.3862864028421,570.2205200195312,59130
2024-12-16,561.8803739127364,580.8096448834985,561.3181415573471,576.9675903320312,32320
2024-12-17,591.0239411345941,597.3024690299601,580.715929042236,584.5579833984375,44710
2024-12-18,591.0239575949162,643.5947978518451,588.2126814914321,636.9414672851562,74870
2024-12-19,630.1007711886177,651.0916005865568,623.5411262775934,649.4048461914062,48510
2024-12-20,639.6589944421254,641.3458058463549,617.9185051827031,630.0069580078125,32910
2024-12-23,634.8315518545205,648.2123083075462,626.7276858974914,630.0257568359375,24500
2024-12-24,621.2623488289734,638.977690540588,620.9796685251201,629.7431030273438,13530
2024-12-26,623.0527512995835,630.8738797549516,617.2104424787054,625.973876953125,17230
2024-12-27,641.898868764824,649.9084698903782,631.6277101983012,634.92578125,20620
2024-12-30,649.5316220591662,666.7758132173417,645.8566625577407,655.2797241210938,32760
2024-12-31,659.6142173481667,660.7449960806655,644.0661679392457,648.0238647460938,26550
2025-01-02,628.141208343226,628.141208343226,592.4278425092948,595.2547607421875,39000
2025-01-03,600.6259103791886,607.410468053576,597.4220467444405,605.80859375,25070
2025-01-06,607.8816924700377,623.2413291836883,600.6259809099114,623.0528564453125,35040
2025-01-07,598.364345209144,611.5566299854086,576.0316801922794,605.431640625,87290
2025-01-08,593.087423648693,598.3643142809282,573.4874126974318,576.1259155273438,98360
2025-01-10,555.4893806600344,581.6854756582917,544.6528617837148,577.3508911132812,115330
2025-01-13,588.4701485770089,602.4162670965706,586.5855364118304,593.65283203125,96540
2025-01-14,591.2970627702676,591.2970627702676,559.164448579825,560.483642578125,78230
2025-01-15,548.6105662174529,566.231699968863,544.1817165024662,550.4951782226562,82180
2025-01-16,543.0509958575815,554.547141821206,536.8317985809946,554.0759887695312,72980
2025-01-17,562.462502240981,568.9643794544733,542.297129837508,548.422119140625,61930
2025-01-21,537.9625243349965,537.9625243349965,514.3106089660263,523.4509887695312,121100
2025-01-22,516.3837632746839,532.5914403400805,513.9337903230622,527.78564453125,42050
2025-01-23,537.1144401034645,545.7836671307008,527.3144343311461,527.9740600585938,55260
2025-01-24,515.2528725255355,518.8336235672317,510.16445499695357,515.4413452148438,71580
2025-01-27,527.5029587167007,545.8779282045169,527.5029587167007,532.9683227539062,86180
2025-01-28,529.952942280362,536.5490845899707,520.2471440137576,522.7913818359375,60950
2025-01-29,526.0894850472528,529.4818215214652,507.62030846047435,517.3260498046875,60290
2025-01-30,495.93564088251514,498.0087256044411,467.3837803212919,475.9587707519531,136990
2025-01-31,473.8856977628301,490.94144269418024,469.83379332780623,487.64337158203125,74880
2025-02-03,482.08376577005515,485.85296109461706,463.52032566610785,472.66070556640625,102680
2025-02-04,464.36840128507697,469.92802988200816,458.14920447647256,462.10687255859375,74650
2025-02-05,454.0030574646669,454.0030574646669,427.2415705662441,437.79541015625,148920
2025-02-06,436.47616191658534,446.1819024631838,435.9107725506801,436.2876892089844,82990
2025-02-07,430.82230950646016,442.88381465822334,423.7550145917013,440.81072998046875,80620
2025-02-10,419.04352117855416,422.90695306323215,413.860837789265,417.44158935546875,111700
2025-02-11,426.2050187666367,430.91654905924554,420.73965512996995,429.8800354003906,66270
2025-02-12,433.74342560582556,436.38189957059546,408.2069568762943,414.7088623046875,143730
2025-02-13,412.258874678185,423.4723103180522,406.69927503390426,408.3011779785156,90550
2025-02-14,406.8877526835764,437.4184925942308,406.51083600402865,435.9107971191406,189010
2025-02-18,423.3780930226822,434.6857655228053,422.53002333655263,425.8280944824219,92130
2025-02-19,430.6338728795223,435.43963957550943,423.3781046564731,426.48773193359375,114430
2025-02-20,424.03775130275744,424.2262240283188,405.85125480519935,413.10699462890625,129410
2025-02-21,417.34737621671604,442.1300445111837,416.78198679141207,440.905029296875,172910
2025-02-24,431.6704051294425,450.98767905926195,430.8223354400008,436.85308837890625,137430
2025-02-25,443.3549766700138,467.8549328728201,441.37612830225385,450.4222717285156,161760
2025-02-26,463.5203492894078,463.89726596538384,434.68577784530976,439.3031005859375,133570
2025-02-27,453.53188938550045,470.68187096132516,449.1030682141776,469.83380126953125,185250
2025-02-28,484.25108272160423,491.318377813783,464.08571105306976,465.12225341796875,156910
2025-03-03,450.61078866309475,469.5511182734734,437.79541994772364,464.08575439453125,128070
2025-03-04,449.2915127092752,469.8338018338471,440.622314311672,451.64727783203125,85600
2025-03-05,453.8146315088993,453.8146315088993,419.420458252775,420.4570007324219,95460
2025-03-06,426.4877133124765,432.80114643540225,415.0858046413239,427.2415466308594,92040
2025-03-07,425.9223268013312,436.2876931615406,407.73583187208664,421.87042236328125,93210
2025-03-10,427.0530874248236,450.7049448377613,424.0376967452101,444.4857482910156,91870
2025-03-11,431.1992494732043,435.0627099869517,411.4108226415646,416.593505859375,92780
2025-03-12,422.153117881549,427.43003760644814,410.3742920478004,413.67236328125,69090
2025-03-13,409.05506117700355,410.4685202489649,382.4820191213702,389.455078125,117270
2025-03-14,379.1839255861745,389.07813850626474,377.2050772507771,382.57623291015625,105210
2025-03-17,380.6916468470123,380.6916468470123,364.4839711715582,365.80322265625,100660
2025-03-18,351.66863880230784,363.35322838456784,347.99362210314365,360.8089904785156,92390
2025-03-19,360.9974433575992,365.89741742570635,354.11859213184636,355.90899658203125,98390
2025-03-20,365.1435982609978,368.15898915584813,353.45900886802565,356.757080078125,81310
2025-03-21,366.085896055425,377.01665185633595,364.67243699729596,367.2166748046875,96700
2025-03-24,366.27437272350903,372.11665297276244,362.78782883969285,371.1743469238281,91270
2025-03-25,362.94134602864585,362.94134602864585,348.0416428358431,358.1658020019531,123130
2025-03-26,355.0139323454351,365.61561610192393,354.058823599978,363.22784423828125,80270
2025-03-27,354.72739092425024,359.8849724465609,344.03019020160724,346.2269287109375,104670
2025-03-28,341.928902478248,351.38447244351687,328.74841454455236,348.90118408203125,182130
2025-03-31,342.31095019300346,365.5201089520664,341.5468748966377,343.45709228515625,134540
2025-04-01,344.5077360521242,352.9126813508283,339.25463795353267,345.9403991699219,131060
2025-04-02,348.0415615493129,356.15998449859967,342.97949772232744,346.9909362792969,121690
2025-04-03,375.73978011578174,380.1332862385119,332.85540264854626,347.0865173339844,244760
2025-04-04,367.1437914921428,412.60697305660455,365.7111283912518,409.07305908203125,324150
2025-04-07,425.02340199340995,436.96226159996644,369.91361439050274,412.41595458984375,260850
2025-04-08,378.509568345168,419.48375513077775,372.4923951593284,412.5114440917969,112420
2025-04-09,377.1724398879578,387.6786361474976,337.34442246535684,345.0807800292969,250560
2025-04-10,340.6872811880415,341.54687317903114,303.24700890231975,310.88787841796875,255250
2025-04-11,288.6338627725396,288.6338627725396,271.72842700790903,277.5545959472656,338070
2025-04-14,287.10569217983175,291.78571916174286,272.20599005268974,274.9757995605469,278280
2025-04-15,270.0092182431273,275.45331988272073,266.2842713110453,269.14959716796875,236120
2025-04-16,250.14295941521493,260.5536382789649,244.4123072904787,253.96339416503906,487890
2025-04-17,257.40179080994693,269.4361660799327,257.306274111851,263.9920349121094,315470
2025-04-21,246.99115947565775,263.70556469146356,240.20988067286606,256.9242858886719,302290
2025-04-22,254.72750098919218,272.87456622081146,253.77239229279115,270.7733154296875,561050
2025-04-23,295.22411185683455,297.2298460029436,281.94810644798724,286.3415832519531,447710
2025-04-24,276.026458952162,286.15061863944476,274.30727467309526,275.07135009765625,272520
2025-04-25,292.74080235823027,293.6959110119276,284.8134121915836,285.6730041503906,223320
2025-04-28,288.1563048635856,291.594672846584,278.89173886551816,279.3692932128906,200740
2025-04-29,285.290963197127,290.1619939561933,281.08846185170114,289.3979187011719,156250
2025-04-30,295.1286182628715,295.1286182628715,283.18975830078125,283.18975830078125,242090
2025-05-01,300.190668037511,307.6405337654417,299.1400717320952,304.77520751953125,335590
2025-05-02,296.6567862689934,310.6013799749354,292.83635123435755,305.8258361816406,206890
2025-05-05,281.94811317894056,293.6004223792076,281.94811317894056,284.6224060058594,166550
2025-05-06,271.0598403820163,277.07704274675484,260.3626403129334,261.3177490234375,263480
2025-05-07,272.2059597843252,276.02639430761394,265.9022369913783,270.2002258300781,231350
2025-05-08,270.3913211164491,282.6167027307106,268.19455327408673,281.7571105957031,199320
2025-05-09,273.16108412484164,278.605215292665,263.22795962255,263.9920349121094,209630
2025-05-12,287.86975352856234,306.39885629740525,287.86975352856234,303.24700927734375,390100
2025-05-13,302.482933936088,309.64624911473607,302.29190053894905,304.2021179199219,155110
2025-05-14,318.6242676340015,323.59081537740326,316.14097918849853,317.6691589355469,177770
2025-05-15,310.31479554095944,317.0960728070156,303.820068359375,303.820068359375,185040
2025-05-16,319.19733587019783,321.4895908967715,306.78092289968606,307.06744384765625,111910
2025-05-19,296.9433054101195,302.960508041204,292.93186613700254,293.31390380859375,128690
2025-05-20,292.6453181249614,293.6959435900895,275.7399105678517,276.1219482421875,192160
2025-05-21,273.0656084826674,273.82971303471527,265.8067755500585,268.09906005859375,208700
2025-05-22,270.58228858589183,276.7904952628847,267.43044147046055,271.9194641113281,220560
2025-05-23,259.78961249709573,265.71129914688214,254.3454802820466,256.9242858886719,322250
2025-05-27,268.3855285644531,269.05411627329886,259.4075131537393,264.5650939941406,174300
2025-05-28,263.80106867286685,264.85166506048347,258.73897442045956,259.4075622558594,106740
2025-05-29,256.2556639764703,263.0369418783438,253.77240456383427,259.6940612792969,126380
2025-05-30,264.08753625310186,265.6157158909585,255.7780795112328,256.8287048339844,131680
2025-06-02,245.1764465005768,245.74948847623753,224.35505667252835,224.83261108398438,371690
2025-06-03,232.28245900058326,236.3894297863801,230.27673924970838,230.9453125,204860
2025-06-04,229.22608947753906,232.0914155960083,226.93383441228457,229.22608947753906,133920
2025-06-05,225.2146357952747,232.85550544346856,217.2872306205131,229.70364379882812,246000
2025-06-06,230.75428599166963,244.69887994357245,230.75428599166963,243.1707000732422,190600
2025-06-09,243.6482455730759,245.46294635081765,237.05798651820808,239.063720703125,132970
2025-06-10,236.0073725426351,248.2327526032525,234.76572828134667,244.69886779785156,186380
2025-06-11,244.60336364241536,246.7045854634506,240.3053741455078,240.3053741455078,114280
2025-06-12,232.76000125387108,233.4285744692625,223.78198476420832,226.2652587890625,199030
2025-06-13,218.81542048126022,223.1134098567854,216.23661519690273,218.05133056640625,221430
2025-06-16,224.3550538860683,225.97875052389603,220.82115419994497,225.6922149658203,169370
2025-06-17,223.78198476420832,229.70365614507972,221.77625054423112,226.2652587890625,128570
2025-06-18,226.74281007278012,231.13631612618747,224.45055491592584,230.46774291992188,135570
2025-06-20,233.52408733446015,236.6759490966797,226.8383261428805,236.6759490966797,178270
2025-06-23,234.765735005382,236.7714546475538,223.78198431765966,230.085693359375,142580
2025-06-24,243.24116774326012,250.57118626141562,238.22588881678416,240.2512969970703,319740
2025-06-25,243.04827523007938,244.49499115406795,237.64719656048658,240.2512969970703,170320
2025-06-26,242.27668873489804,242.27668873489804,233.78928576460197,233.98219299316406,163210
2025-06-27,248.931588691576,254.1397600506946,247.48487278995913,251.0534210205078,304770
2025-06-30,248.83513475081938,250.57118205707215,237.55075367640072,237.93653869628906,159800
2025-07-01,229.44914446377302,238.51523994071368,228.77401329512193,237.64720153808594,184670
2025-07-02,235.04311160722756,239.76905913772333,231.28165607929182,232.43902587890625,114430
2025-07-03,237.9365429418068,237.9365429418068,230.2207246723246,230.51007080078125,109800
2025-07-07,237.840100449917,244.20564159600832,227.90598163470418,228.19532775878906,189180
2025-07-08,230.0278199465298,252.50012768991493,230.0278199465298,248.93157958984375,354960
2025-07-09,248.5457860755748,251.0534032473776,240.2512762734728,242.3731231689453,160990
2025-07-10,240.82998615249744,246.80974265005236,238.32235392668727,238.90103149414062,136040
2025-07-11,234.27152991077102,238.32234633773416,232.1496827974962,233.3070526123047,135150
2025-07-14,233.4999508744197,234.17508201405673,225.88057167921602,233.5963897705078,242670
2025-07-15,233.59640072329208,248.44936007550206,232.439030898683,241.50511169433594,199220
2025-07-16,240.34773227300624,247.00263425311098,233.98219113344476,239.3832550048828,159040
2025-07-17,246.90617012225684,251.92146347626883,242.85536871203948,244.5914306640625,154260
2025-07-18,240.6371011190658,245.94172659463638,239.47973123138354,245.45948791503906,121980
2025-07-21,238.70811766923288,238.70811766923288,224.7231976441667,228.38821411132812,199940
2025-07-22,222.6013622943886,226.07347172111054,212.9565893589017,215.36778259277344,314630
2025-07-23,217.58609072583434,222.1191312166317,214.69265874659058,220.47952270507812,185290
2025-07-24,226.65213835833393,231.18517818214983,220.86527525131265,224.433837890625,118400
2025-07-25,228.58110053284176,228.7739930329785,219.5150205756249,220.28659057617188,251830
2025-07-28,225.30188459723152,234.56085708404993,225.205430988479,230.99229431152344,189900
2025-07-29,229.73848473067738,231.37809316031476,224.43385970042064,225.68768310546875,106600
2025-07-30,230.60653214768018,239.76906664989386,227.8095391011614,237.0685272216797,208670
2025-07-31,234.65732543637094,241.50510530216826,232.7283708741595,238.80458068847656,130170
2025-08-01,228.8704506016493,236.48981486454946,226.2663650128578,232.34255981445312,138690
2025-08-04,225.78414548386192,225.78414548386192,209.19512388102044,209.87026977539062,299160
2025-08-05,212.18501629939672,212.86014749881625,196.9462712763615,198.48944091796875,305840
2025-08-06,199.06807924311533,199.06807924311533,191.9309541707051,192.41319274902344,212400
2025-08-07,188.74818403184983,190.48424592540687,184.79383636421028,188.2659454345703,210690
2025-08-08,185.56542125477338,189.0375453208378,182.86489666645133,187.78372192382812,224980
2025-08-11,196.9462601708074,198.87521475566695,188.16952563974985,190.09848022460938,302050
2025-08-12,189.13400490540837,192.31676823022784,186.62635803222656,186.62635803222656,180150
2025-08-13,183.9258188738459,189.0375515268517,183.25068770460115,187.59083557128906,196130
2025-08-14,189.90557591740418,192.02743776683235,184.89029686288154,190.48426818847656,246960
2025-08-15,189.80913882125049,192.7025707706087,184.79385971904742,186.04766845703125,206830
2025-08-18,187.30148663119527,190.29137211460755,185.95122431293166,187.68728637695312,118340
2025-08-19,188.94109157486278,197.5249481201172,188.26596042825417,197.5249481201172,159890
2025-08-20,192.99189800825212,193.37768301034902,185.56541162547353,185.661865234375,152140
2025-08-21,186.8192393721944,186.8192393721944,176.981574418702,179.68211364746094,214460
2025-08-22,182.96133163917082,184.98673975372358,171.29116572779776,174.28103637695312,328700
2025-08-25,173.5094577664396,174.28104253815374,170.80893314057326,174.08815002441406,127560
2025-08-26,172.15919985313414,172.9307846445666,166.3723359925246,166.66168212890625,169300
2025-08-27,169.4586605575644,172.25565358882824,167.04746728065894,167.1439208984375,145640
2025-08-28,167.72258640604605,171.19471036206303,166.37232415468097,168.49417114257812,149870
2025-08-29,168.78350719416088,168.78350719416088,157.59556597344638,158.0778045654297,339240
2025-09-02,152.19452138252498,157.78849268422346,148.52950468715318,150.1691131591797,437440
2025-09-03,146.9863318621225,150.36200234848002,145.25028452825723,148.33660888671875,435510
2025-09-04,151.8087001893993,154.0270006167083,149.20461478201642,150.84422302246094,352920
2025-09-05,144.1893642020157,148.14372723405785,140.4279084138831,143.12843322753906,546580
2025-09-08,139.36696758861711,142.260399441668,138.30603668912963,139.07762145996094,370760
2025-09-09,137.14866726415065,141.48881505552728,136.18418997717805,140.5243377685547,420310
2025-09-10,138.30603233920218,138.30603233920218,133.48364606912185,133.86944580078125,449290
2025-09-11,134.73746446221043,135.4125955717149,128.95060115202168,129.14349365234375,431540
2025-09-12,128.0825898865648,130.97602182052293,127.7932437498178,129.23995971679688,465590
2025-09-15,130.68666708560391,131.2653593210244,125.38204222235062,126.34651947021484,461520
2025-09-16,125.86427776366999,133.0978569454901,125.86427776366999,131.5546875,451930
2025-09-17,134.8339165308381,136.47352483998174,128.27546857750934,133.0978546142578,767350
2025-09-18,135.02683068512405,138.59539398130815,132.42274475097656,132.42274475097656,623590
2025-09-19,132.13339062266593,132.4227367571616,118.43781585184294,119.30583953857422,857290
2025-09-22,114.29055435337753,117.4733322280884,112.45804610304029,112.9402847290039,640450
2025-09-23,110.92610197518373,113.94251203538786,109.75846176596775,112.77487182617188,583030
2025-09-24,113.94251350740025,118.90499559619111,112.19105317094933,118.80769348144531,610630
2025-09-25,119.09961389618609,119.78073616109494,115.88859196464229,116.472412109375,619460
2025-09-26,114.42903191839528,115.88858591588419,110.53688792509153,111.218017578125,600720
2025-09-29,105.47710487117361,109.36924890757355,104.79597521059824,108.49351501464844,834660
2025-09-30,110.82880862579243,111.21802453420123,104.11485833268766,106.35284423828125,1033700
2025-10-01,104.40676986496423,105.86632392221718,101.97417976954266,104.212158203125,1185930
2025-10-02,101.19575001529076,112.58026892254058,101.00114577319329,104.50407409667969,1286660
2025-10-03,104.01754933231607,106.15822555147709,102.75259956956377,104.99058532714844,826150
2025-10-06,101.87687328049776,102.65530510383613,98.08203855683233,100.61193084716797,1283790
2025-10-07,100.51462224992125,105.47710438890637,100.41731271051569,104.79597473144531,850110
2025-10-08,100.22270921440472,103.04451513333181,98.86045731316312,99.05506896972656,1121150
2025-10-09,98.56855397272882,110.24498647064691,98.37394231022468,107.90969848632812,1571410
2025-10-10,107.03396055762227,109.36924845452369,104.89328431594005,107.32587432861328,1258790
2025-10-13,100.80652579080822,101.09843955354731,96.91438188055558,97.10899353027344,1932160
2025-10-14,100.61193025993067,101.48766420015598,97.1090019227055,99.44428253173828,1953200
2025-10-15,96.6224755127224,97.4982019533282,91.07616598805859,92.04920196533203,2773800
2025-10-16,89.9085303533073,91.27078227544506,83.77840041552527,85.04335021972656,3280780
2025-10-17,89.42200666509395,99.93079063251965,89.22739501789562,97.30359649658203,4309100
2025-10-20,93.41145790842066,96.03865219262471,91.1734720932278,92.63302612304688,2521290
2025-10-21,105.76901144934516,111.80183917306898,105.08788921096655,110.34228515625,3890330
2025-10-22,117.54274973189324,117.8346560726278,108.68811634644588,110.24497985839844,2711390
2025-10-23,105.3798023184747,108.00699656269155,104.60137054494903,107.32587432861328,1821880
2025-10-24,111.21801690785476,112.28835501482766,106.74204540359007,110.05036926269531,3301920
2025-10-27,118.02926999311705,124.45130612055068,114.72094610211319,119.2942123413086,2660050
2025-10-28,123.67287174910838,124.15938973980013,114.62364157644701,115.30476379394531,2851930
2025-10-29,109.0773332227921,116.37510316308162,108.98003110832335,115.11016082763672,2254540
2025-10-30,115.49936975719595,117.15353540462226,108.78542732365113,109.36924743652344,1295330
2025-10-31,109.27194829342359,114.52633687584854,109.27194829342359,111.99644470214844,1370360
2025-11-03,113.26139114912412,116.18049913016509,110.92610327955627,114.42903137207031,1124980
2025-11-04,120.8510631904946,124.45130069455375,119.8780272310746,123.96478271484375,1614820
2025-11-05,118.12657180097094,119.78073003032775,114.62364368818999,115.5966796875,1628460
2025-11-06,113.84521652480304,115.30477058281332,108.88273421230319,114.81825256347656,1692350
2025-11-07,112.96947853858421,116.18050032008676,109.46655041019315,109.85576629638672,1257160
2025-11-10,101.3903527122984,103.23912267875488,97.79012232262724,99.15237426757812,1879700
2025-11-11,97.69281556294227,101.87686589495499,97.20629756454481,97.4009017944336,1537720
2025-11-12,97.20629509797624,98.37393529503153,89.03279144756323,90.88156127929688,2162630
2025-11-13,90.49234826587026,97.40090240143277,89.81122603333931,96.03865051269531,2032680
2025-11-14,105.1851882061853,105.37979985685848,96.4278643651281,98.2766342163086,1958010
2025-11-17,99.63889328412381,103.33642583028619,96.23326709957439,101.48766326904297,2079920
2025-11-18,99.44428253173828,102.94721829263948,97.30360616556622,99.44428253173828,1559280
2025-11-19,96.23326366104725,100.02810561582908,92.92493971524577,97.69281768798828,1309620
2025-11-20,96.81708190690111,106.4501397823731,94.18988767889762,106.1582260131836,1737870
2025-11-21,106.15822574995518,107.90969351339828,101.48765742023278,104.30945587158203,2153910
2025-11-24,103.43373188264856,103.43373188264856,92.53572400579408,92.63302612304688,1573960
2025-11-25,93.80068043685951,94.87101864971075,91.07617641898707,92.82764434814453,1151460
2025-11-26,91.07616051662471,91.07616051662471,83.29187316608115,84.07030487060547,1623270
2025-11-28,82.22154426857162,83.48649407294302,80.47007645077672,80.66468811035156,928470
2025-12-01,79.1078358723902,82.70806638066641,79.01052632594264,81.2485122680664,2229900
2025-12-02,82.02694271422958,88.25436755069163,80.95659711076644,83.97301483154297,2046900
2025-12-03,82.90267189980277,85.14065787630763,80.95659971977288,84.7514419555664,2096200
2025-12-04,86.40559910402769,86.98941921479636,83.973009122762,84.2649154663086,1980840
2025-12-05,82.99997708902329,85.62717142462674,79.39973929082781,84.84873962402344,2475940
2025-12-08,85.33525575088997,89.03279558623673,84.55683139122664,88.93549346923828,1846790
2025-12-09,88.64357806612277,88.83818972022021,82.41614618484003,82.90266418457031,2994490
2025-12-10,83.58380107382588,85.62717536484257,78.71862065536892,79.88626098632812,3223210
2025-12-11,80.1781664576063,80.37277068467222,72.10196483188818,74.33995056152344,5060350
2025-12-12,70.64240832105504,77.9401779290912,70.54510621101626,75.41028594970703,2286160
2025-12-15,73.85343368585212,78.81591578775334,73.65882203217089,76.67523956298828,2996120
2025-12-16,76.2860255814693,79.01052198786154,74.33995353818527,76.96714782714844,2657590
2025-12-17,74.63185967612318,77.35636349836611,73.7561331981011,75.11837768554688,3146020
2025-12-18,76.09141456030643,76.86984635361077,72.7830979979524,75.60489654541016,3480310
2025-12-19,75.79950464369713,75.79950464369713,70.25319508029953,71.81005859375,3022890
2025-12-22,67.52870092989323,68.69634117849488,65.48532678300255,67.04218292236328,4626630
2025-12-23,66.79660867801954,69.15413754200164,66.50191475963014,66.60015106201172,5008350
2025-12-24,67.4842221873669,69.74352238927787,67.2877645586695,67.58245849609375,2588710
2025-12-26,66.2072244965746,67.87713661894371,64.73376997882166,65.42137908935547,5237240
2025-12-29,71.31520189045747,74.55680504226916,70.82405035196345,73.2798080444336,4820570
2025-12-30,69.35059433902198,71.90458078885091,68.76121400358109,71.4134292602539,5436970
2025-12-31,72.29750566829442,73.47627386873364,70.03821306594703,73.0833511352539,6504530
2026-01-02,71.11874392948431,77.70017151578128,70.9222788184085,73.37803649902344,4236590
2026-01-05,70.23466946055608,70.72582099524529,65.12669649753943,68.85944366455078,6000800
2026-01-06,67.68068216270144,67.77891096957894,62.86739568192829,63.35854721069336,5196320
2026-01-07,66.69837932208593,68.66298544353542,64.43907928466797,64.43907928466797,5114490
2026-01-08,67.68068043869481,67.87713804744551,63.84969711303711,63.84969711303711,4344680
2026-01-09,63.5550071198665,64.34085259202405,61.68863349146466,62.670936584472656,4669050
2026-01-12,59.03640942108336,59.13464197042807,56.58065189529472,58.44702911376953,6518330
2026-01-13,56.678884186270835,57.6611871921085,55.598348631536254,57.36649703979492,6600410
2026-01-14,55.008973220299026,58.74172422509582,55.008973220299026,56.97357940673828,6354700
2026-01-15,57.95587991226726,58.741721602317874,55.79481245423649,56.58065414428711,6517430
2026-01-16,57.661190105702616,59.82225757718096,56.482425689697266,56.482425689697266,6195280
2026-01-20,51.570908244359806,52.35674990626471,49.900992370819004,50.195682525634766,8081640
2026-01-21,48.23107945553991,52.356753117575344,47.838160474082024,51.5709114074707,9173510
2026-01-22,51.76737416074584,51.86560297194865,46.95408746802947,47.73992919921875,8973220
2026-01-23,47.44523698753098,48.03462107108611,45.48063087005816,46.07001495361328,8842780
2026-01-26,42.82841305715603,45.677093505859375,41.256729618195564,45.677093505859375,18824380
2026-01-27,45.38240483444319,48.722233189788184,44.105411529541016,44.105411529541016,10268290
2026-01-28,43.31956202452233,44.30186505226377,41.74787867901148,41.846107482910156,12140670
2026-01-29,40.962037789398984,47.44523639756771,40.86380523643355,45.087711334228516,14762190
2026-01-30,52.454984661133494,57.36649993849847,50.097455829122794,56.482425689697266,23143600
2026-02-02,56.77711585690141,59.03641213505154,53.24082635607413,56.482425689697266,9062810
2026-02-03,49.80276233687002,54.714277286320936,49.50807218934067,51.76736831665039,10540760
2026-02-04,48.722231937647024,55.10720204525583,48.52577431670251,51.276222229003906,6049370
2026-02-05,55.50012222601601,57.75941848754883,52.749674440359165,57.75941848754883,6636340
2026-02-06,54.22313045786411,54.51782063075474,50.88329850593332,51.5709114074707,6497490
2026-02-09,50.29391836998344,50.39214717896052,45.480631786329106,45.77532196044922,5112470
2026-02-10,46.26647385867233,46.65939659200689,44.891251786379144,45.677093505859375,4721930
2026-02-11,43.516023339592074,46.1682422614989,42.533720312751676,43.024871826171875,6222560
2026-02-12,44.007177155713165,49.40984408603303,43.22133544255896,49.213382720947266,7447190
2026-02-13,46.7576246391543,48.03462162807005,43.51602525717403,43.6142578125,7076250
2026-02-17,47.15054802483856,49.21338300204969,46.070016131478226,46.855857849121094,6947200
2026-02-18,45.284170232255875,45.873554325225996,43.614258003479335,44.69478988647461,9252830
2026-02-19,45.08771375209935,45.87355548202058,43.1231075537018,43.221336364746094,8236440
2026-02-20,43.22133424044371,45.08771153606565,41.45318949822695,41.55141830444336,7343750
2026-02-23,40.37265647410914,40.47088903379234,38.21159262172491,38.506282806396484,7867000
2026-02-24,40.66734741698287,41.060266385269706,37.52397693474455,38.21158981323242,6614100
2026-02-25,37.22928426444966,38.113354693947045,36.44343888642291,37.81866455078125,6279700
2026-02-26,38.30981806389046,39.292121091169705,35.95228929954481,36.05052185058594,8687260
2026-02-27,35.166448019718985,35.75583209097898,34.67529650059669,34.773529052734375,10512350
2026-03-02,34.28237623321852,37.52397538702815,33.98768233517245,35.166446685791016,11433620
2026-03-03,39.88150298153641,42.9266447345117,39.4885840034417,41.354957580566406,13418500
2026-03-04,38.89919850200909,42.042568948488004,38.89919850200909,40.6673469543457,8241270
2026-03-05,42.0916842726032,45.657445400006665,42.0916842726032,43.859832763671875,1442100
2026-03-06,46.0994818690677,46.93443795241891,43.40796989642097,44.282222747802734,932900
2026-03-09,46.67903980908361,49.02674341974,43.30974016160621,43.39814758300781,2395700
2026-03-10,41.983631544789795,42.857880608493346,40.58875934701548,42.56319046020508,979700
2026-03-11,43.68301659244139,46.11912763761765,43.68301659244139,44.252750396728516,930400
2026-03-12,44.51797398234757,46.9049706966319,44.51797398234757,46.168243408203125,825200
2026-03-13,47.02284680150975,52.07188396992934,47.02284680150975,51.66913986206055,1048300
2026-03-16,51.59055615879253,52.7791419389807,48.95798370935125,50.480552673339844,1031000
2026-03-17,50.15639562013472,51.69861112540662,48.64364800757858,50.863651275634766,592800
2026-03-18,55.3527739421711,57.78888874091798,54.96967636209381,57.248619079589844,1138300
2026-03-19,66.91448319289087,67.98518986774864,63.50589057691802,63.98721694946289,1656600
2026-03-20,63.427307462868434,70.59812270573788,63.427307462868434,68.39775848388672,1075200
2026-03-23,66.10900153022942,66.63943860839439,60.2642935972246,62.79863739013672,1374500
2026-03-24,65.3618005638737,66.94265735703668,61.85210960402233,62.88612747192383,780100
2026-03-25,56.8709319377909,59.7741314991475,55.96616727528577,58.66057586669922,940100
2026-03-26,62.58785274877201,63.9599147439673,58.32253198087779,63.70140838623047,1062800
2026-03-27,63.323594596988244,63.89031891688268,56.98030101374871,58.948909759521484,1144300
2026-03-30,56.334037513780345,60.15194632478238,55.12105490313731,58.779884338378906,749300
2026-03-31,55.71760561258939,55.84685499835546,50.5276347960153,50.68671417236328,1443200
2026-04-01,47.306276175071936,48.69821976105139,44.074973282001494,46.01375198364258,2207600
2026-04-02,51.58154059690116,51.72073458402562,46.07341075403636,47.3261604309082,1706000
2026-04-06,47.5846658448577,48.499371337729656,46.68984195595982,48.03207778930664,745900
2026-04-07,48.36017582553202,50.46797850609098,46.74949666915451,46.87874984741211,698700
2026-04-08,41.07234864225161,45.307839575702516,40.644822090246386,43.74687194824219,1552100
2026-04-09,43.70710249062223,44.8504881958716,42.195846412895534,43.66733169555664,1786200
2026-04-10,43.20997851129181,43.28952010065121,41.99699961557482,42.792396545410156,740800
2026-04-13,43.945723207351136,44.52238456137146,42.90176449596392,43.289520263671875,2107800
2026-04-14,42.106363501613686,42.64325785012925,40.84367301222771,41.55952835083008,1263500
2026-04-15,42.22567460262638,44.094856377878145,41.8578004531047,43.975547790527344,645800
2026-04-16,43.48836893462556,44.413015229409474,42.8918184111582,44.2241096496582,740200
2026-04-17,42.175958096164905,42.533887641477726,39.938902230711285,41.72854995727539,899500
2026-04-20,42.59354439857108,43.64744765242272,42.46429121820447,42.852046966552734,497700
2026-04-21,43.796582246830724,48.230923225423915,43.37900030203342,48.00224685668945,953400
2026-04-22,46.013752088798,46.988113739035775,45.24818140802157,46.63018798828125,815900
2026-04-23,47.59460699317532,50.815969223896886,47.08754264761119,49.02632522583008,815000
2026-04-24,47.803401690645615,48.79764877613074,46.401509659070015,46.689842224121094,821200
2026-04-27,47.6542621998703,48.78770324881877,47.42558582970979,48.380062103271484,399000
2026-04-28,51.0844153695531,53.02319790894783,50.40832706050518,52.55590057373047,684300
2026-04-29,54.41514241257346,55.667895861442325,53.66945710011635,55.40938949584961,934900
2026-04-30,51.79033066814496,53.739054039171045,51.17389853909623,52.70503616333008,655800
2026-05-01,53.50043831608367,54.27594984764639,51.8201582740288,54.22623825073242,480100
2026-05-04,55.38950386295234,56.224671561054414,53.87824784768423,56.0158805847168,653600
2026-05-05,53.808652562576086,55.90651457273848,53.31152900728648,55.82697677612305,391100
2026-05-06,49.62287086222322,49.6526970604926,46.361741702717964,47.395755767822266,1440000
2026-05-07,44.71129363518285,48.06190532527958,43.47842555314855,47.952537536621094,1141000
2026-05-08,46.461165427072395,46.85886577475041,44.26388029839274,45.07916259765625,1173400
2026-05-11,44.164455407094785,44.313593992726396,41.09223543640007,42.19584655761719,1121400
2026-05-12,44.10480136785277,46.25237492317127,42.2057895841811,42.51400375366211,1142900
2026-05-13,43.46848430680915,44.731178575486325,42.55377500507969,43.38894271850586,635700
2026-05-14,43.697159147139985,45.76519106451706,43.697159147139985,45.427146911621094,788200
2026-05-15,49.80183735611225,52.317281303684204,49.68252876616561,51.75056076049805,1349500
2026-05-18,50.31884378569457,52.95359619141028,49.34448213224389,52.158199310302734,1030400
2026-05-19,54.04727142378486,56.602486094602185,53.997559828750795,56.125247955322266,795200
2026-05-20,55.05145849264624,56.19484412547395,51.949408736296206,52.784576416015625,1221300
2026-05-21,55.02163484137227,55.469046796351016,51.17389961405845,53.231990814208984,767300
2026-05-22,53.40100868318008,55.73749154986778,53.07290912560572,54.38531494140625,466600
2026-05-26,51.8996989413384,51.96929593433197,49.911204758089816,50.1398811340332,1051600
2026-05-27,52.923770472969835,53.62968497429976,51.382688290724445,53.40100860595703,456100
2026-05-28,54.44496984199021,56.09541988582305,50.28902042929206,51.39263153076172,738500
2026-05-29,51.144068048407775,51.98918033575641,47.67414788902525,48.757877349853516,685200
2026-06-01,51.690908779461,54.18646735007575,50.776199468476534,51.64119338989258,572700
2026-06-02,50.1697073331014,52.52607567103217,49.81177777327639,50.1398811340332,326900
2026-06-03,51.84004211890297,53.57997450804856,51.342918579147096,53.560089111328125,617000
2026-06-04,51.73067370962483,52.7646915701108,50.52763566818043,51.82015609741211,458200
2026-06-05,55.13100105886025,60.99705652481125,55.01169247184896,60.79821014404297,1091600
2026-06-08,60.12212241468159,61.543896048967135,58.71028958243054,61.18596649169922,655400
2026-06-09,59.8536743680181,66.87306004707715,58.87931269462207,62.87618637084961,1039600
2026-06-10,67.36023689670456,69.32884937167604,64.21841261221539,69.07034301757812,885600
2026-06-11,68.70247255233298,69.10017290630445,60.88769359373282,61.693031311035156,1341400
2026-06-12,60.728613600269526,61.633378293346155,57.18909262230681,58.23305130004883,902200
2026-06-15,50.27907497257607,51.382689847882936,48.22098380236931,50.62705993652344,1244900
2026-06-16,49.424020881609934,50.07028299345439,47.83322708857191,48.2607536315918,871900
2026-06-17,48.310467020041315,51.44234692025053,45.21835791432246,51.39263153076172,1706500
2026-06-18,50.80602561270956,54.981864217545684,48.767819803429944,53.7291145324707,1476000
2026-06-22,56.174959178612106,56.76156509873599,54.832727157816684,55.13100051879883,745700
2026-06-23,60.060001373291016,60.81999969482422,58.20000076293945,60.290000915527344,758600
2026-06-24,65.5999984741211,66.45999908447266,62.279998779296875,65.04000091552734,1339900
2026-06-25,61.61000061035156,65.20999908447266,61.08000183105469,63.150001525878906,831300
2026-06-26,61.779998779296875,62.36000061035156,58.619998931884766,61.15999984741211,484100
2026-06-29,62.5099983215332,64.87999725341797,62.5099983215332,63.11000061035156,505600
2026-06-30,63.77000045776367,66.1500015258789,62.83000183105469,63.560001373291016,457400
2026-07-01,63.65999984741211,64.36000061035156,59.08000183105469,64.13999938964844,873400
2026-07-02,59.88999938964844,61.36000061035156,57.27000045776367,58.25,966000
2026-07-06,57.0,59.84000015258789,56.08000183105469,58.150001525878906,517800
2026-07-07,58.560001373291016,63.5,58.06999969482422,62.41999816894531,615200
2026-07-08,65.58999633789062,68.95999908447266,64.19999694824219,66.33000183105469,685600
2026-07-09,63.40999984741211,64.80999755859375,61.79999923706055,62.290000915527344,626800
2026-07-10,63.560001373291016,64.26000213623047,61.86000061035156,62.70000076293945,400600
2026-07-13,64.9000015258789,67.12999725341797,64.20999908447266,66.29000091552734,687200
2026-07-14,61.029998779296875,64.22000122070312,60.02000045776367,63.619998931884766,657300
2026-07-15,64.20999908447266,67.37999725341797,62.880001068115234,65.0,600800
2026-07-16,67.05000305175781,70.26000213623047,67.05000305175781,69.58000183105469,998500
2026-07-17,71.77999877929688,72.91000366210938,68.70999908447266,69.8499984741211,528600
2026-07-20,70.55000305175781,71.45999908447266,69.38999938964844,71.13999938964844,520900
2026-07-21,67.66999816894531,68.05999755859375,64.05000305175781,64.12999725341797,557800
2026-07-22,61.02000045776367,61.040000915527344,57.61000061035156,59.869998931884766,668900
2026-07-23,63.470001220703125,64.25,61.939998626708984,62.59000015258789,463100
2026-07-24,61.86000061035156,63.04999923706055,60.06999969482422,62.130001068115234,376300
2026-07-27,60.43000030517578,63.75,59.9900016784668,61.40999984741211,260800
2026-07-28,63.5,65.23999786376953,62.400001525878906,63.68000030517578,322300
2026-07-29,64.2699966430664,67.31999969482422,60.75,65.01000213623047,715400
2026-07-30,62.13999938964844,63.529998779296875,59.27000045776367,59.47999954223633,544100
2026-07-31,62.34000015258789,65.30000305175781,61.72999954223633,63.41999816894531,331400
2026-08-03,63.279998779296875,64.3499984741211,60.130001068115234,60.25,384300
2026-08-04,57.65999984741211,58.599998474121094,55.77000045776367,57.40999984741211,465800
2026-08-05,51.119998931884766,51.540000915527344,47.90999984741211,48.93000030517578,1418300
2026-08-06,50.16999816894531,50.5,47.88999938964844,48.54999923706055,653000
2026-08-07,42.369998931884766,43.290000915527344,40.939998626708984,41.75,1857500
2026-08-10,42.599998474121094,43.95000076293945,40.95000076293945,41.130001068115234,1100300
2026-08-11,41.56999969482422,42.25,40.72999954223633,41.41999816894531,903900
2026-08-12,39.220001220703125,41.189998626708984,39.15999984741211,40.7599983215332,989800
2026-08-13,42.060001373291016,43.7599983215332,42.060001373291016,43.130001068115234,1318300
2026-08-14,41.720001220703125,42.040000915527344,40.4900016784668,41.540000915527344,1046700
2026-08-17,40.689998626708984,41.150001525878906,39.08000183105469,39.779998779296875,960200
2026-08-18,40.9900016784668,42.369998931884766,40.36000061035156,42.150001525878906,1290200
2026-08-19,37.5099983215332,37.619998931884766,34.25,34.290000915527344,2690200
2026-08-20,35.060001373291016,35.060001373291016,32.2400016784668,32.540000915527344,1844500
2026-08-21,30.700000762939453,31.329999923706055,30.3799991607666,30.610000610351562,3250100
2026-08-24,29.979999542236328,31.399999618530273,29.559999465942383,30.219999313354492,2466400
2026-08-25,31.18000030517578,31.200000762939453,29.010000228881836,29.079999923706055,2628400
2026-08-26,30.309999465942383,30.850000381469727,29.850000381469727,30.770000457763672,1904800
2026-08-27,30.809999465942383,31.219999313354492,29.790000915527344,30.030000686645508,1407000
2026-08-28,29.799999237060547,32.959999084472656,29.469999313354492,32.36000061035156,4284600
2026-08-31,32.70000076293945,34.099998474121094,32.439998626708984,33.130001068115234,1457100
2026-09-01,35.40999984741211,35.84000015258789,33.31999969482422,35.70000076293945,1931600
