Date,Open,High,Low,Close,Volume
2009-11-11,73.44972168380194,76.27471097933278,70.76597969775185,71.86772918701172,339000
2009-11-12,72.17847700907043,72.29147917141667,69.83373602278304,70.17273712158203,919000
2009-11-13,70.62473129860814,72.0372259245803,69.63598398277975,71.8394775390625,456900
2009-11-16,73.44971854731722,75.73795827027665,73.44971854731722,74.86221313476562,830400
2009-11-17,74.4949653074933,76.07695770263672,73.59096426488652,76.07695770263672,744200
2009-11-18,77.037463344695,78.13920750238317,75.56846754228427,76.41596221923828,915800
2009-11-19,75.79445660707844,76.33120603961301,72.79996969864172,76.0487060546875,868925
2009-11-20,74.80572640344158,75.7662233381583,73.87348001248009,75.59672546386719,560475
2009-11-23,78.81721371102081,80.00370963304651,77.29172203312513,77.96971893310547,775175
2009-11-24,78.30870442026055,79.04320231265044,75.99221396869847,76.89620971679688,688500
2009-11-25,78.7889517506089,80.20144643463267,78.11095494886625,79.94719696044922,670625
2009-11-27,74.72096973938143,78.1674547732479,73.11072129934989,76.52896118164062,753375
2009-11-30,76.2464634463811,77.60245706852871,75.56846663530729,76.89620971679688,616950
2009-12-01,79.4952048288851,81.67044809242175,79.09970801305661,80.85120391845703,757800
2009-12-02,82.32019171330039,83.8739391600619,81.95294545176901,82.85694122314453,674600
2009-12-03,82.20718749357924,82.37668533830714,80.08844557564287,80.54044342041016,766500
2009-12-04,78.76068765929338,79.04318762514096,74.63620647793013,76.67019653320312,1146300
2009-12-07,74.15597782036211,77.00921799451532,73.47798095545046,75.28597259521484,666675
2009-12-08,73.87347908061099,74.24073075655605,71.58523894770487,71.9807357788086,781100
2009-12-09,72.65872234969707,74.83396538870994,71.78297718150934,73.67572021484375,777325
2009-12-10,74.52321159487808,74.86221266456172,73.05422132822018,73.84521484375,374100
2009-12-11,74.18422750287864,74.46672754037544,71.55698631416658,72.12198638916016,394325
2009-12-14,72.77173433661811,74.32547649535606,71.86773850693494,74.29722595214844,361150
2009-12-15,73.73221996141643,74.35371565208817,72.79997373128917,73.13896942138672,535775
2009-12-16,74.09945582072945,75.03170192039583,73.7322096431439,74.32545471191406,386375
2009-12-17,72.34797911044082,72.68697481564845,70.08798439335168,70.14448547363281,513650
2009-12-18,70.70949771499312,71.47224087759358,69.49475122029982,70.82249450683594,379275
2009-12-21,71.6699910953478,71.72648679431322,69.15574659709829,69.66424560546875,396300
2009-12-22,70.17273490507203,70.48348545346896,68.81674132918647,70.1162338256836,334075
2009-12-23,70.87900031569188,73.64748925316134,70.62475078181807,73.28024291992188,457975
2009-12-24,74.66447859712544,74.66447859712544,73.44973216459258,73.81697845458984,161450
2009-12-28,75.08821711288596,75.08821711288596,73.28022564336094,73.73222351074219,159500
2009-12-29,74.21248280586167,74.49498286147963,73.2519858497049,73.30848693847656,163350
2009-12-30,72.46098323370056,72.71523273251888,71.61348849646622,72.15023803710938,151850
2009-12-31,72.85647792016509,73.47797363737591,72.4892262872645,72.71522521972656,153375
2010-01-04,75.4554749477064,76.0769761519831,75.00347701090904,75.65322875976562,368525
2010-01-05,76.27472472033773,77.17872059564549,75.51197617995665,76.47247314453125,501825
2010-01-06,77.7154501582204,79.18444577150132,77.26345233693998,78.61944580078125,379900
2010-01-07,78.44995769418384,78.95845665324786,77.23521137825084,78.42170715332031,354800
2010-01-08,79.01494302230466,79.80594190841967,77.60244847525298,79.69293975830078,226600
2010-01-11,82.54620325210608,82.63095488919497,80.28621347880897,80.4557113647461,510425
2010-01-12,79.55169224717046,79.89069330838583,76.78320423549468,76.81145477294922,484200
2010-01-13,77.91320160262569,78.4782015956165,76.16170593494557,78.1957015991211,419250
2010-01-14,78.3934532090173,78.53470051896298,77.15045640618528,78.02620697021484,274900
2010-01-15,77.51771529320521,77.51771529320521,75.96396779708796,77.00921630859375,271475
2010-01-19,76.86797446711905,77.31997781932283,76.30297970628568,76.83972930908203,351000
2010-01-20,74.49497492854223,74.9187222727243,72.43272851390724,72.79998016357422,529725
2010-01-21,72.48923505131182,72.48923505131182,68.59075164794922,68.59075164794922,723675
2010-01-22,68.13874595360646,69.49473955759872,66.47200179477612,68.08224487304688,774525
2010-01-25,68.53424590756424,69.21224274088618,67.65850067138672,67.65850067138672,337550
2010-01-26,66.47200150306905,68.78849191345002,65.62450146311336,67.31949615478516,448300
2010-01-27,67.29124275872344,67.60199329900927,64.94650190769975,65.68099975585938,571225
2010-01-28,66.64150063684987,66.98049634875717,63.590512288485684,64.77700805664062,550125
2010-01-29,64.69224551147175,65.28549598950069,62.29100383990472,62.6300048828125,474850
2010-02-01,63.42101007848632,67.2347412109375,63.22325630717048,67.2347412109375,611725
2010-02-02,68.22349086849069,68.39298871865601,67.06524568058848,67.54549407958984,495800
2010-02-03,67.6867322158982,68.50598159243033,66.72624093631804,66.75448608398438,378425
2010-02-04,65.11601304402913,65.42676364774225,61.8107747467984,61.98027801513672,781650
2010-02-05,61.92376810492899,64.77700805664062,59.833276587368324,64.77700805664062,908350
2010-02-08,64.7205112688769,65.82225548802617,62.77126693725585,62.77126693725586,505450
2010-02-09,64.6357643287408,66.72626152483642,64.60751917235936,66.13301086425781,577675
2010-02-10,66.04823081145156,66.47198341020892,64.40973764606917,65.93523406982422,449500
2010-02-11,66.66974544018774,69.46648406982422,65.87874653340843,69.46648406982422,585000
2010-02-12,68.05400316034886,68.92974846966065,66.81100616800157,68.67549896240234,489850
2010-02-16,70.62473754119333,71.75473226420445,70.37048805498584,71.302734375,653100
2010-02-17,71.75473208876318,71.95248049127665,70.2009900219518,70.79423522949219,557750
2010-02-18,70.70948791503906,71.44398581906175,70.14448786940937,70.70948791503906,388725
2010-02-19,69.5512379894201,70.79422938495604,68.84499067404039,69.83373260498047,455675
2010-02-22,70.51172794043187,70.56822901768524,68.98623657226562,68.98623657226562,225825
2010-02-23,68.47773510878561,68.76023509631534,65.73749762269719,65.85049438476562,389275
2010-02-24,65.87874603271484,67.03699115169351,65.51149981450371,65.87874603271484,329425
2010-02-25,64.80526575889765,67.3477554321289,63.73176664666738,67.3477554321289,559775
2010-02-26,67.71499980035391,68.3082504272461,66.72625773593383,68.3082504272461,352075
2010-03-01,68.6189981869386,69.74899291992188,67.85624972158492,69.74899291992188,270925
2010-03-02,70.34222562080903,72.23496848244164,70.34222562080903,71.13322448730469,519600
2010-03-03,72.31973374222602,73.28023062273665,71.86773584413162,72.40447998046875,597325
2010-03-04,72.31972917409526,72.71522596288602,70.6812355499397,71.66998291015625,295950
2010-03-05,72.54572856802525,73.39322323172364,72.31972963182305,72.99772644042969,262500
2010-03-08,73.30847578508924,73.70397256983797,71.95247680207723,72.71522521972656,262350
2010-03-09,71.64173464396713,72.9412272130961,71.47223139632786,72.0372314453125,270850
2010-03-10,72.85649413752961,73.36498780757685,71.02024634076936,71.72649383544922,357300
2010-03-11,71.41572208778153,72.88471223627101,70.76597053884176,72.82821655273438,226000
2010-03-12,73.25197804913371,73.67572539331576,72.06548225248008,72.79998016357422,271575
2010-03-15,72.88471321411929,72.91296375038603,71.75471870464435,72.60221862792969,198425
2010-03-16,73.70397674537313,75.48371776580927,73.61922512030858,75.4554672241211,623225
2010-03-17,75.7944552410646,76.24645305350361,75.28595635501095,75.51195526123047,363475
2010-03-18,75.56846042848983,76.04870880375186,73.95821746091693,74.86221313476562,324325
2010-03-19,73.7039794921875,74.8622248033691,72.5457341810059,73.7039794921875,386525
2010-03-22,71.95247808713815,73.42147386849746,71.66998345769493,73.2519760131836,294725
2010-03-23,73.16722917301612,74.77747237432934,72.57398394652812,74.6927261352539,367575
2010-03-24,72.99771681210828,72.99771681210828,70.62472560086026,71.13322448730469,559750
2010-03-25,71.83948805169304,72.5174849247856,69.89024367390176,70.39874267578125,529800
2010-03-26,70.79423457049016,72.09373252785892,70.25749045101853,72.0372314453125,397150
2010-03-29,73.08247483964664,73.70397053973899,72.48922429062442,73.16722106933594,233025
2010-03-30,73.50621296878826,73.53446350456815,72.0089669018865,72.31971740722656,136175
2010-03-31,73.05421641383212,73.39321207247218,72.37621970831316,72.6587142944336,191100
2010-04-01,74.15597239439349,75.1164692297991,73.76047559919343,75.08821868896484,402750
2010-04-05,75.9639635216496,77.20696037093649,75.70971404365365,77.15045928955078,374550
2010-04-06,77.29170987480852,77.94145612821845,76.95270878402448,77.34820556640625,397125
2010-04-07,77.5459490324786,79.2409380962522,77.5459490324786,78.5346908569336,795925
2010-04-08,78.53469859681103,78.90195021486441,77.77195559823737,78.78894805908203,340150
2010-04-09,79.41045286005271,80.51219698935458,79.07145176506158,79.94719696044922,548875
2010-04-12,79.89069653811401,80.56869329971497,78.70420085825255,78.95845031738281,462300
2010-04-13,78.81720717076807,78.81720717076807,76.95271450347765,78.30870819091797,328550
2010-04-14,79.46694637285891,80.17319369550097,78.78894958971127,79.83419799804688,311775
2010-04-15,79.66470759932953,80.2862033616088,79.04320644881031,79.3257064819336,215825
2010-04-16,78.19570989622203,78.619457241808,75.42722149093782,76.95271301269531,684725
2010-04-19,76.18996658686805,76.64196448596316,75.28597078867784,76.50071716308594,398550
2010-04-20,77.82844530454105,78.50644741063273,77.40469802941296,77.5741958618164,259250
2010-04-21,78.11095106861845,78.47820268563518,77.29170699446611,78.28044891357422,341200
2010-04-22,77.15046301955108,78.50646209716797,76.64196403897475,78.50646209716797,249650
2010-04-23,78.28045944644795,80.62520599365234,77.46121526206383,80.62520599365234,432375
2010-04-26,80.3991991926306,80.9359487104034,79.66470665871826,79.80595397949219,347500
2010-04-27,78.84545914082285,80.70995184188268,78.11096119976291,79.35395812988281,600150
2010-04-28,79.89069848132199,81.52919204210438,78.93020169863169,81.1336898803711,805050
2010-04-29,81.30318696468522,82.48968258363612,80.87943429572925,81.9246826171875,442700
2010-04-30,82.57444434555671,83.70443910285546,82.34844539409696,82.43319702148438,726175
2010-05-03,83.19593974669102,83.76093439212683,81.21844501706659,81.72694396972656,450025
2010-05-04,81.19019530478367,81.44444478370727,76.21821327773507,77.9132080078125,1069850
2010-05-05,76.13347028564947,79.21270931641499,74.15597545164302,77.99796295166016,536950
2010-05-06,77.88495327268978,79.91894899454212,73.73222098764032,78.25220489501953,1029175
2010-05-07,78.44994595760296,78.98668998899068,76.02045368920353,76.75495147705078,702700
2010-05-10,78.47820552099373,80.17319480826878,77.96970657951539,79.8624496459961,382375
2010-05-11,81.27494838601301,85.54068313445029,80.90769673731376,85.42768096923828,989625
2010-05-12,87.17916947822702,88.36566517193793,86.21867270768774,86.44467163085938,972775
2010-05-13,86.47292907870006,86.84017533760601,83.61968907804372,84.41068267822266,485325
2010-05-14,85.51242190632065,85.68191974471605,80.56869094916833,83.53492736816406,824025
2010-05-17,83.56318237638062,83.84568238097886,79.66469955529129,81.1336898803711,577050
2010-05-18,80.11669342827324,81.55743853075259,79.01494400388366,79.4669418334961,449775
2010-05-19,78.19571049723565,78.47821052587754,73.02597990957649,75.4554672241211,1100900
2010-05-20,73.11072120095196,73.70397175979451,70.6247329711914,70.6247329711914,960050
2010-05-21,69.46647914942774,73.81695935796597,68.50598246931433,72.60221862792969,774575
2010-05-24,73.90171162168605,75.25770504507284,73.5344654234417,73.92996215820312,435000
2010-05-25,72.20673240584242,75.28597148975214,71.18973981752805,75.25772094726562,637225
2010-05-26,77.20695971827269,77.85670598399655,74.91871982389235,75.31421661376953,374000
2010-05-27,76.69845743530908,78.25220476335866,76.52895958818638,78.05445098876953,272975
2010-05-28,77.94145256900731,77.96970310763588,76.38771066211125,76.69845581054688,270150
2010-06-01,77.29170489135161,78.87369730711775,75.76620816354058,75.85095977783203,375200
2010-06-02,75.5119574521926,77.91319926809574,75.11646070189295,77.88494873046875,297400
2010-06-03,78.22395801890013,78.22395801890013,75.2012202220836,76.33121490478516,369075
2010-06-04,75.79445586306593,76.24645367921424,74.15596243246857,74.46671295166016,283275
2010-06-07,74.29721379935872,77.37645245819633,73.8169654198637,76.44420623779297,425375
2010-06-08,77.46120713529726,79.55169857917635,77.46120713529726,78.59120178222656,653425
2010-06-09,78.42170667953052,79.24095080666436,76.75496249633028,77.15045928955078,348675
2010-06-10,77.68720378494007,78.61945001482978,77.46120486218618,78.22395324707031,230525
2010-06-11,77.80022664848741,79.2692173432686,77.80022664848741,79.240966796875,277825
2010-06-14,79.69294218515172,80.39918948018457,77.65895191522326,77.68720245361328,347025
2010-06-15,78.59121845471581,80.48396191044239,78.50647220586758,80.4557113647461,302950
2010-06-16,79.77769514691398,80.99244137699283,79.24094568492207,80.79469299316406,263525
2010-06-17,82.06594214112171,83.19594224236991,81.75519696269428,82.60269165039062,457700
2010-06-18,84.24117994189794,85.76667674804392,83.64793477611192,85.7384262084961,511500
2010-06-21,86.19042678874229,86.58592357843224,80.70994587276617,81.21844482421875,572275
2010-06-22,81.64220734278724,82.88520441222097,80.20146184172009,80.4557113647461,401000
2010-06-23,79.89069730238148,81.472689761251,78.61944999456888,80.79469299316406,316475
2010-06-24,80.68169083769656,82.17893706820482,79.8624467635146,80.79469299316406,307275
2010-06-25,82.29194360961115,84.04343950971483,81.72694892988478,83.67619323730469,341075
2010-06-28,83.61968624816612,84.94742930941823,82.09418940532193,82.46144104003906,363925
2010-06-29,80.68171562738458,80.68171562738458,78.11097507126446,78.81722259521484,609150
2010-06-30,78.98670577423388,79.72120370886822,76.89621413946232,77.00921630859375,446525
2010-07-01,77.09396552851564,77.85670859337948,71.86773391063328,73.11072540283203,560550
2010-07-02,74.46672146579785,76.04871400319372,73.6757225029801,74.04296875,409450
2010-07-06,74.66445584746458,74.72095691739958,71.75471540467535,72.51746368408203,416600
2010-07-07,71.9524772642384,74.04296875,71.64173209775683,74.04296875,311625
2010-07-08,74.35371464063114,74.60796409886534,72.40447059024872,73.3649673461914,249475
2010-07-09,74.18423489801924,75.99222669704636,73.98648646853073,75.76622772216797,222850
2010-07-12,75.45545703518243,76.13345916766662,74.09946354669238,74.5797119140625,161000
2010-07-13,76.67021360462866,76.86796200828111,75.20122315396473,75.39897155761719,275200
2010-07-14,75.17297258371907,76.5572167970005,74.63622306812346,75.4554672241211,209800
2010-07-15,75.99219497076129,76.07694657154762,74.0712017921778,75.73794555664062,174300
2010-07-16,74.15597073814831,74.21247181855487,72.96947499080835,73.47797393798828,254725
2010-07-19,72.77172589308425,72.94122374442337,70.90723336363538,71.69822692871094,327975
2010-07-20,71.5287245970026,73.92996645823071,71.27447514179966,73.84521484375,236575
2010-07-21,74.57972003037055,74.86222005160948,72.34798117788648,72.771728515625,278325
2010-07-22,73.44972576500098,74.94697211459231,73.36497414165966,74.09947204589844,225725
2010-07-23,74.77747337405857,75.11647449961255,73.7039796882445,74.52322387695312,294900
2010-07-26,75.2294591220374,75.25770966028696,74.21246668624921,74.35371398925781,114850
2010-07-27,74.26897699805937,74.26897699805937,71.952481067693,72.63047790527344,365975
2010-07-28,72.4044639026575,73.42146164165996,72.09371878437024,72.82821655273438,161700
2010-07-29,73.81696222990647,74.24071490215518,73.13896549784319,73.98646545410156,207175
2010-07-30,73.92997354769196,75.51196611869484,73.59097244550004,75.34246826171875,218350
2010-08-02,76.41594284869392,76.92444168126374,74.55145072143014,75.00344848632812,291525
2010-08-03,75.85096568353677,77.20695928834164,75.76621406264663,77.06571197509766,393350
2010-08-04,78.42171068653104,79.63645705719321,78.30870851798574,79.3257064819336,295500
2010-08-05,79.55169788583602,79.94719466175441,78.90195164304453,79.57994842529297,182000
2010-08-06,79.77769910707346,80.51219698935458,79.35395177951426,79.94719696044922,245725
2010-08-09,80.14494016731851,80.59693797550646,79.26918969924535,80.56868743896484,203050
2010-08-10,79.26919467929827,80.20144089078373,77.68720225125247,79.74944305419922,420075
2010-08-11,78.817203472751,78.95845617621525,76.92446035224768,77.15045928955078,258075
2010-08-12,78.13919805223455,79.94718935147266,77.68720022742502,79.89069366455078,275350
2010-08-13,79.8906894892827,80.56868619106336,79.72118627265844,80.28618621826172,200450
2010-08-16,80.76644278463611,81.72693955708093,80.65344062870643,81.55744171142578,263900
2010-08-17,81.8681959318844,83.08294230148302,81.83994538977281,82.65919494628906,200425
2010-08-18,82.46143735311396,84.24117820195211,81.3596878864624,84.18467712402344,283425
2010-08-19,84.18468783569827,84.69318682527906,82.77219303719166,83.5066909790039,321325
2010-08-20,82.60268424418251,83.1111831665039,81.07719286545765,83.1111831665039,235275
2010-08-23,83.33718940890847,83.47843672718697,81.7551968135821,82.0376968383789,164625
2010-08-24,80.00369406960962,81.58568652847916,79.26919622378894,80.79469299316406,325475
2010-08-25,81.64219730321784,83.76093947573166,81.07720262349147,83.67619323730469,242975
2010-08-26,83.81743202157547,85.0321782721872,83.70442986419789,84.15643310546875,273925
2010-08-27,84.72143040376362,85.71017775909155,83.16768840841945,85.59717559814453,258900
2010-08-30,85.85142694548065,86.1621775066265,84.58018493652344,84.58018493652344,131875
2010-08-31,85.54067671369131,86.86841972583215,85.34292293941384,85.71017456054688,281325
2010-09-01,87.4334222766231,87.54641904840099,85.96442652583364,86.58592224121094,296675
2010-09-02,87.3769239006644,87.99841963527507,86.52942383902466,87.9136734008789,236900
2010-09-03,88.67642687960117,90.71042295613373,88.25267949307035,90.37142181396484,483925
2010-09-07,91.13415870091264,92.2641588384428,91.13415870091264,91.41666412353516,372200
2010-09-08,92.34889534688878,93.3658932082166,91.81215126517858,91.86865234375,466475
2010-09-09,92.09464491150942,92.6596449147935,89.01541159715313,89.52391052246094,394000
2010-09-10,89.26966795981282,91.02116379478207,89.01541847750697,90.8799057006836,231600
2010-09-13,91.47316620579753,91.75566085502138,90.31491551337156,91.24716186523438,250450
2010-09-14,93.28115124402815,95.93663739943803,92.5184028131544,94.66539001464844,676825
2010-09-15,94.63714472266612,95.28689099027109,93.73314897847841,94.04389953613281,392850
2010-09-16,95.06090886671204,95.71065521240234,94.66540125167911,95.71065521240234,387000
2010-09-17,96.04964313338095,96.04964313338095,94.35465374161906,95.2021484375,333825
2010-09-20,95.76714788309985,97.5751394298485,95.68239087051623,96.75588989257812,367925
2010-09-21,96.16262288516394,96.81236902643809,93.56362754359013,96.58636474609375,643775
2010-09-22,97.85761749257476,98.36611637602745,95.99312517874081,96.78411865234375,671400
2010-09-23,96.36039060095659,97.46213474778177,95.5976421662747,95.93663787841797,266675
2010-09-24,97.46214008821036,97.71638958036924,95.28689682784662,95.37164306640625,436050
2010-09-27,96.61464854310799,96.81239695722192,94.43940521137435,94.63715362548828,445950
2010-09-28,94.326387498249,96.58637669898769,92.06639829751032,96.44512939453125,692150
2010-09-29,96.89712935356648,97.2078798960531,95.54113580347124,96.24738311767578,402475
2010-09-30,97.23613217465908,97.23613217465908,92.9139017433686,94.35465240478516,552550
2010-10-01,95.31512838682711,96.78411310315643,95.28687246354545,96.58636474609375,594275
2010-10-04,95.65413822792584,95.96488877128253,93.81789089526113,94.18514251708984,321100
2010-10-05,96.38862680737742,98.22487406597917,96.24737950513384,97.91412353515625,570725
2010-10-06,98.45086208677365,100.3718554639624,98.33787071718673,100.0328598022461,703125
2010-10-07,100.96512787919578,101.13462034957547,96.27564581421903,97.03838348388672,858325
2010-10-08,96.92539496970888,99.29838661370155,96.44514114427423,99.1288833618164,516925
2010-10-11,98.70511686496219,100.17411251381037,98.16837280684547,99.97636413574219,376925
2010-10-12,98.87464041409034,99.55264269000983,97.34914337563188,99.41138458251953,580400
2010-10-13,100.9651276105889,103.1968610843274,100.62612111777231,102.68836212158203,514900
2010-10-14,103.0556072470836,103.8748567215053,102.123366392018,102.66011047363281,520875
2010-10-15,101.95387564541522,102.2646262273295,99.49613769756256,100.71088409423828,478700
2010-10-18,99.35485482105325,102.94259203098001,98.3096119414612,100.65435791015625,299250
2010-10-19,96.9253967853611,96.9253967853611,93.5354071195144,94.32640075683594,994700
2010-10-20,95.23039227560757,97.91413442256368,95.20214712260955,97.68814086914062,495200
2010-10-21,97.54687826295608,98.19662451665461,93.64840074076494,94.49589538574219,628950
2010-10-22,94.52413346729016,96.02138503045474,93.56363673443069,95.880126953125,382200
2010-10-25,98.62038429968857,99.41137792152752,97.60338634219286,98.8746337890625,596900
2010-10-26,97.68812753280483,100.11760908870902,97.51862430851834,99.66561126708984,371400
2010-10-27,98.50736309790655,98.53561902264386,95.73887517992776,97.71636962890625,468450
2010-10-28,99.49611918950238,100.48486106032396,97.9141214197097,100.42835998535156,524100
2010-10-29,100.51311033414846,102.32110150770075,100.23060497798251,102.20809936523438,442550
2010-11-01,102.85786749797651,103.9313665278334,101.75612331470643,102.49061584472656,447850
2010-11-02,103.79010546481373,104.52459789757869,103.11210333139519,103.84659576416016,379250
2010-11-03,104.46808956152093,105.14609164782027,101.50185333397617,104.60933685302734,827475
2010-11-04,109.21409606845693,112.99958251372594,108.1970981015966,112.80183410644531,1335350
2010-11-05,112.43459036090972,115.9940834954982,111.89784618571717,114.4403305053711,1111225
2010-11-08,114.24257135310272,118.48005559763668,113.45157774259656,118.14105987548828,917525
2010-11-09,120.40104358436248,122.35029314098128,109.75083239703439,111.78482818603516,1715925
2010-11-10,113.08431425259624,114.8358153160491,109.18583691479657,114.5815658569336,1012575
2010-11-11,115.31605740136787,115.34431332798013,112.43456714619252,115.1183090209961,562175
2010-11-12,112.85834121197347,113.90358438857571,109.15760080767834,110.68309783935547,832975
2010-11-15,111.36108549382514,111.58708983582336,108.62085289421776,108.76210021972656,494300
2010-11-16,107.32134774260719,107.34959289382327,102.63186595777827,104.18560791015625,1489375
2010-11-17,104.52460787172777,108.19709193895206,104.3268594757104,106.86935424804688,677650
2010-11-18,110.00509529571805,111.10685033353816,109.32710380096162,109.66609954833984,731225
2010-11-19,109.01633407809301,110.65482221662212,107.34959001262729,110.57007598876953,475225
2010-11-22,110.0050810537242,112.68882308284113,109.69434127847158,112.57582092285156,497825
2010-11-23,111.78484559197074,112.29334461839893,110.45709693668812,111.58709716796875,557925
2010-11-24,112.3780865545172,112.71709307678974,111.07859388191383,111.98258972167969,308200
2010-11-26,109.07281762969929,110.37230987153734,108.76206714219956,109.8920669555664,178425
2010-11-29,109.5248397725257,111.47407856905068,107.66034720909505,111.24808502197266,404625
2010-11-30,111.78483445188682,115.31607135212707,111.30459140616446,114.27082824707031,723575
2010-12-01,116.0505591042741,117.03930099319706,114.69455483306783,116.5873031616211,620125
2010-12-02,117.2652898232305,119.66653696317529,117.2652898232305,118.28228759765625,579775
2010-12-03,119.35580936849178,121.47455154663069,118.96031255280931,121.3615493774414,697025
2010-12-06,121.5593028443792,124.21480004844454,121.5593028443792,124.13004302978516,755875
2010-12-07,126.58777803613837,126.72902534988582,119.55354973613113,119.72305297851562,1073050
2010-12-08,118.90379584454486,119.2145463807435,114.92056150409023,117.26529693603516,895750
2010-12-09,118.98852420325487,119.86427460316662,116.67203426952906,116.84153747558594,1253300
2010-12-10,116.33304870141265,117.54779484208592,114.10130478934056,117.40654754638672,861850
2010-12-13,120.11854275249648,120.68354275096868,118.48004383457494,118.7907943725586,782025
2010-12-14,119.6383022909402,120.85304865101983,117.94331288344667,119.24280548095703,642000
2010-12-15,118.67782004909002,118.81907816419394,115.76808392283263,116.0788345336914,560350
2010-12-16,115.8245552205517,115.99405844918716,113.56456605447076,115.03356170654297,778975
2010-12-17,114.41206831127163,118.4518039310472,114.41206831127163,118.11280822753906,794800
2010-12-20,118.56480272831676,118.70605003606585,115.65505646158735,118.08454895019531,486425
2010-12-21,117.99983120149106,119.04507446289062,116.86983091380189,119.04507446289062,515475
2010-12-22,118.98856026692471,119.12980759321026,114.77933175062198,115.00532531738281,587600
2010-12-23,114.60655590078824,118.04626607722919,114.21083281775276,116.31118774414062,926175
2010-12-27,116.7069539419603,116.7069539419603,115.06319124696165,115.48934936523438,367575
2010-12-28,118.44201077027368,121.72953554558417,117.5592481977993,121.69908905029297,551325
2010-12-29,122.15567640847046,122.4905181379793,120.572795622023,120.84675598144531,416025
2010-12-30,121.3337951387995,121.79038799582709,119.17255875784049,119.59871673583984,322775
2010-12-31,120.84674668047894,122.55137846396848,120.29882600380498,121.42510223388672,427125
2011-01-03,122.55138331071446,124.19514540574497,121.24247454459785,121.66863250732422,591050
2011-01-04,119.84223546073467,121.05983968602231,113.26719819043721,115.64152526855469,1332575
2011-01-05,114.33258934820127,115.24578658785866,111.86694635038668,114.66741943359375,900125
2011-01-06,114.66743780911791,114.69788430208088,109.9492416381836,109.9492416381836,829350
2011-01-07,110.13186645507812,112.01914227024322,108.88382753686581,110.13186645507812,711525
2011-01-10,110.28406912337631,112.08002878202745,108.70118844016402,111.71475219726562,587800
2011-01-11,113.51072294932905,115.55019665982825,112.99323709273702,115.2153549194336,798375
2011-01-12,115.94591691607074,116.43295626866491,114.2108384967081,115.45887756347656,596125
2011-01-13,115.58062984734201,116.06766915587085,110.40582993676499,110.95375061035156,681525
2011-01-14,109.40131314750258,110.13187797179724,107.63579987435254,108.51856231689453,847525
2011-01-18,109.40130926393634,111.25815033166712,109.18823028356725,110.22319030761719,491375
2011-01-19,111.59298933771417,111.71475206980695,108.27503036575216,108.85338592529297,450225
2011-01-20,105.99204067894293,106.1442383014267,102.55231867352539,105.23104095458984,1221875
2011-01-21,105.56588062053459,105.77895961021916,102.94803976219958,103.22200012207031,660075
2011-01-24,102.94804727606503,104.68312581123979,101.15208736626056,101.97396850585938,601050
2011-01-25,100.93899492227008,101.42603424252977,98.9603911520026,101.39559936523438,1256150
2011-01-26,101.21295167980696,106.47906777227173,100.8172286173868,106.14422607421875,1015625
2011-01-27,106.20512417780554,106.44864967365682,102.64365089049133,103.25244140625,883300
2011-01-28,102.36968224947842,107.17919428492897,102.27835438993955,105.41368103027344,1337375
2011-01-31,105.56589439262181,105.80940829320117,103.73949949650215,103.80036926269531,539750
2011-02-01,105.74852032986118,108.60987493791784,105.07883689761947,108.42723083496094,911800
2011-02-02,108.33592395390357,108.36635883439371,106.32688509545257,107.84888458251953,531150
2011-02-03,109.76660896545276,114.48480512939393,107.60536083374171,114.14996337890625,1097225
2011-02-04,115.12402796066648,115.7632648900061,113.14542419431056,114.21083068847656,727900
2011-02-07,114.66742994944936,115.91548061282057,113.81511399586314,114.24127197265625,385650
2011-02-08,115.85458331313433,117.19393842917206,115.15446507439194,116.49382019042969,811700
2011-02-09,116.73733660155918,117.04174341551493,112.59750843915464,113.11498260498047,914575
2011-02-10,111.56256054981692,112.84103447077128,109.15779871343071,112.11048126220703,689075
2011-02-11,112.08002922124422,113.81510752057889,111.13638546065052,111.25814819335938,523475
2011-02-14,112.32355404275232,113.90642311116025,112.32355404275232,113.6020278930664,384675
2011-02-15,115.36759819711204,116.09815165359734,114.97187496788546,115.48934936523438,449925
2011-02-16,115.91548174931462,117.37659980347397,114.45435208322121,117.16352081298828,708775
2011-02-17,117.77230957362032,118.22891403909917,116.91999362412264,117.74187469482422,710500
2011-02-18,117.86362014846503,119.96397483538344,117.86362014846503,118.68550109863281,745525
2011-02-22,120.84676982986366,120.84676982986366,115.55020614471766,115.88504791259766,955425
2011-02-23,115.7023956487815,117.58968336927914,115.00227727966833,116.4329605102539,868200
2011-02-24,116.12855499033004,116.7373454404716,111.8060708003372,112.01914978027344,931050
2011-02-25,112.93235061739269,115.27623108230367,112.93235061739269,115.24579620361328,456775
2011-02-28,115.82416021780115,117.92452697014186,115.42843709444301,117.19396209716797,395000
2011-03-01,118.62462722699759,120.7554169227688,118.04626007077431,120.4814682006836,835600
2011-03-02,121.39466660021115,121.54686420679754,119.93354867550225,120.81629943847656,623050
2011-03-03,119.44652842863417,119.84223994652012,117.49835927286559,119.2030029296875,960975
2011-03-04,119.5987037654984,121.94258400223775,119.5987037654984,121.60774230957031,452300
2011-03-07,123.4645865820374,124.16470486198808,119.2943001669489,120.72498321533203,533825
2011-03-08,119.59871722902884,119.7204799695119,116.73735088734688,119.05079650878906,361325
2011-03-09,120.17707066036795,120.23795202951115,116.9199928887764,117.2243881225586,451050
2011-03-10,115.12402786736585,115.12402786736585,110.67979263089225,111.25814819335938,1041600
2011-03-11,109.55351256912577,115.15447034747278,109.03602677909574,114.66741943359375,622175
2011-03-14,112.96278901774058,114.33259069938141,111.19726426986283,112.93234252929688,456525
2011-03-15,104.59178519081958,109.76658470953744,103.70902288222874,108.4576644897461,1225625
2011-03-16,109.18823074958031,110.77111147617319,105.44411372034344,106.63127136230469,707675
2011-03-17,108.00109803527234,109.52309774537245,107.42274232573133,108.54901885986328,604550
2011-03-18,111.25815605349915,113.29764132869104,110.40584008818954,112.32356262207031,909525
2011-03-21,115.21535630821778,116.37207916754193,114.3021589400922,116.34164428710938,519725
2011-03-22,115.33712713096409,116.37208731716801,114.4239296988866,115.88504791259766,405275
2011-03-23,116.64602784706038,120.57278890952615,115.97634442532512,119.84222412109375,671925
2011-03-24,120.81630982471789,122.36875573638451,118.47242932360476,118.95948028564453,1008375
2011-03-25,119.59871216470785,120.26838398513988,117.04175278250618,117.5592269897461,777600
2011-03-28,115.79371402953984,117.55922724792617,115.67195129394531,115.67195129394531,453475
2011-03-29,115.82412441833182,117.77228132820363,114.72828325354614,116.15896606445312,373775
2011-03-30,118.19847179983908,119.11166906199618,116.64602600343214,118.89859008789062,497225
2011-03-31,120.39014123744754,120.6945480619015,119.20298365190965,119.38562774658203,417175
2011-04-01,119.02032994134619,119.50736920919063,117.49833077784083,118.71593475341797,409525
2011-04-04,120.23796613129878,120.66412415334817,119.44653146348348,119.9335708618164,339925
2011-04-05,119.44651683230273,126.96518589734826,119.44651683230273,126.81298828125,1095550
2011-04-06,128.2132005767875,129.33948826825213,126.2041622348411,126.56945037841797,940075
2011-04-07,126.295505249315,128.94378074277628,125.41274288085025,126.84341430664062,701850
2011-04-08,128.88289520278906,130.80061748306588,127.96969798758717,128.913330078125,926400
2011-04-11,129.15688715066713,129.3699661659857,122.55140283998567,123.98208618164062,743275
2011-04-12,123.43413023389898,123.95161598935569,119.05077680923645,120.05529022216797,812675
2011-04-13,121.6077527933113,122.94710806751345,120.14663478183613,121.27291107177734,613375
2011-04-14,121.85125007840986,125.2909714608395,120.93805289696746,124.8039321899414,659375
2011-04-15,125.07792424837115,125.41276600932842,123.16020155230181,123.5254898071289,688500
2011-04-18,122.58180795473007,123.73853051308092,118.89857294821964,121.82080841064453,858775
2011-04-19,122.18610007095633,123.98205968187187,121.36421906813737,123.7994155883789,403550
2011-04-20,125.8998078181332,128.21324208339252,125.7171636872172,126.41728210449219,784050
2011-04-21,127.39134216308594,128.0914720892532,126.20418451669269,127.39134216308594,389375
2011-04-25,128.66982699236345,128.73070836005567,123.25151299902446,123.46459197998047,778225
2011-04-26,122.61226420570435,123.16018490193495,120.78586962622468,122.216552734375,548625
2011-04-27,123.03845435156177,126.87390022846364,120.32929665149267,126.7217025756836,801450
2011-04-28,126.96517588112208,129.06554229815615,125.56493934438794,126.50858306884766,850000
2011-04-29,126.59991051822384,128.06102854835027,125.04747623994383,126.78255462646484,681125
2011-05-02,123.5254884434446,125.9606853890658,120.42060798330196,120.9685287475586,874025
2011-05-03,120.23795231628188,120.23795231628188,114.33259883851258,115.42842864990234,1382000
2011-05-04,116.00683537452113,116.7069539419603,112.68887509547773,115.48934936523438,1046725
2011-05-05,112.87151017598757,115.428458679712,107.72714344613287,108.94474792480469,1285550
2011-05-06,111.56256811094477,114.54568574061895,111.19727986997144,112.2018051147461,805225
2011-05-09,113.90644611940452,114.97185282180364,111.8365373167805,114.75877380371094,606625
2011-05-10,114.85005993125654,115.91546635411818,113.81509999552576,114.30213928222656,595000
2011-05-11,113.29762064395817,114.02817373457967,107.81841440463685,109.03601837158203,1112575
2011-05-12,106.17467761472062,109.79703187744124,104.65267826891531,107.63579559326172,1168125
2011-05-13,108.18369595719157,109.24909065427653,104.56133076324011,105.5962905883789,677675
2011-05-16,105.0483875895289,108.36634655999492,104.50047851922496,105.62675476074219,607750
2011-05-17,104.22652503420977,105.77895932804668,101.97396079106659,104.92664337158203,887550
2011-05-18,106.08334222342403,108.39678756742137,105.62674941927143,107.72710418701172,629650
2011-05-19,108.09239321783173,109.0969184042871,106.41819618567347,107.97064208984375,394675
2011-05-20,107.605334685989,110.5580167370502,105.7789403605084,110.04054260253906,1166450
2011-05-23,108.09238405948919,110.16230401504882,106.50951502235114,106.7530288696289,901975
2011-05-24,108.45768878557506,111.37992507007932,108.24460978224255,111.0146484375,725000
2011-05-25,111.37991450676968,112.96279524707224,110.16231036440351,111.53211212158203,446275
2011-05-26,111.22770409514354,112.14090129088744,109.67525841163979,111.56254577636719,472000
2011-05-27,112.65838012240938,114.30214211016751,112.65838012240938,113.96730041503906,347675
2011-05-31,115.33715169612809,115.85463770541485,113.41942855196301,115.48934936523438,413400
2011-06-01,114.81964263081979,116.6764838243112,112.7801573223846,113.1758804321289,460750
2011-06-02,112.65838234677882,113.9368677887001,109.34042342980023,111.13638305664062,566675
2011-06-03,110.71022605012095,111.65386979828747,109.46218708612427,109.85791015625,467150
2011-06-06,110.40583025510448,111.04506717215426,106.84434586652273,107.36183166503906,493225
2011-06-07,108.27503248788126,109.15779489495566,107.36183520315379,107.81842803955078,456200
2011-06-08,106.53996313900475,107.36184424808064,102.85672720020628,104.74400329589844,844975
2011-06-09,104.50047482589224,107.66622446345804,103.61771246771676,107.24006652832031,437825
2011-06-10,105.29191019694417,106.5095142604218,103.4046343492935,106.14422607421875,1076550
2011-06-13,105.17013535309462,105.17013535309462,101.27382137789637,101.57821655273438,884725
2011-06-14,102.76539468092403,105.07884027840954,102.36968319635287,104.31784057617188,463825
2011-06-15,103.31331042044593,105.23103282907859,101.30427176776092,102.64363861083984,659250
2011-06-16,101.76086876092164,102.5523032459373,97.86455447419988,99.23434448242188,854650
2011-06-17,99.84314891680572,102.03483156226503,98.77775408189234,99.35610961914062,739775
2011-06-20,99.05171441257475,99.873595404622,98.38203102381046,99.35610961914062,553825
2011-06-21,100.3606426433491,103.98299698060713,100.05623580076414,103.46552276611328,647650
2011-06-22,103.92210146447647,107.63578315490842,103.92210146447647,105.5049819946289,787150
2011-06-23,102.18702454156298,103.8003399648383,100.42151152189167,103.76990509033203,680250
2011-06-24,103.40464143465076,103.4959576814921,100.17799857369633,100.42152404785156,633150
2011-06-27,99.59965142118644,99.8431653040204,97.59061253708367,98.26028442382812,618875
2011-06-28,99.02128731302767,100.39108923464558,98.07765502075151,100.2388916015625,443800
2011-06-29,100.90855473195975,103.76990913633834,100.90855473195975,103.40463256835938,703400
2011-06-30,104.0438872735443,105.01796602950084,103.1306898913269,104.95708465576172,576050
2011-07-01,103.06980250257192,103.49596048194105,101.66956582409217,103.22200012207031,519100
2011-07-05,105.2310291496898,108.00106737111258,104.83530608607713,107.30094909667969,741125
2011-07-06,108.82295135653632,110.46671340864589,108.42722828208032,109.91879272460938,782400
2011-07-07,111.22771905787243,112.11048149768108,110.19275900028771,110.49715423583984,586775
2011-07-08,110.55804675036426,111.77565103918366,109.91880972410486,110.86244201660156,445650
2011-07-11,110.43626588420338,110.83198895494938,106.96610932579446,108.06195068359375,681600
2011-07-12,107.1791814586997,111.22770492639488,106.60082593985715,110.46670532226562,1136700
2011-07-13,112.99322919261257,116.58514860981796,112.59751771975341,115.58063507080078,1497950
2011-07-14,117.43744580946097,117.86360366210165,113.541120559752,114.4847640991211,1288350
2011-07-15,114.63700119557774,116.15900068655033,113.9368828231625,115.7937240600586,555350
2011-07-18,117.55922959907026,119.08122898864059,117.07219025888512,118.92903137207031,918525
2011-07-19,119.41608219886267,119.47696357373371,114.91096496582031,114.91096496582031,740175
2011-07-20,114.85008543261351,117.43749165241542,113.69336251538518,117.01132202148438,560400
2011-07-21,117.71143505809114,118.19848604265958,114.72831744921703,115.7937240600586,596200
2011-07-22,117.07219124197096,118.62463713505191,116.73734951554431,117.74187469482422,440675
2011-07-25,119.47695480207693,120.23795451419208,116.76779768485649,117.25483703613281,564650
2011-07-26,117.0417620801665,117.71143395379647,116.12856471653691,117.07219696044922,364700
2011-07-27,117.68098921728465,118.65506787183136,111.6538731878018,112.01914978027344,862150
2011-07-28,111.44080284166347,111.65388183810786,109.09692226884071,110.83200073242188,854500
2011-07-29,110.16231827517082,110.58848788395585,108.36635842277617,109.73616027832031,904825
2011-08-01,110.19273979358206,111.77562028881007,109.46217509888764,110.67977905273438,589150
2011-08-02,111.9582861273702,114.42392964352835,111.44081184048626,113.29765319824219,911125
2011-08-03,115.0022661388915,116.31118649710835,112.7801485012505,113.20630645751953,751225
2011-08-04,113.87599135511662,113.93687272279061,102.61319379796655,105.20059967041016,1680975
2011-08-05,104.4396129413032,105.35281034576848,96.25125376485678,99.63008880615234,1799700
2011-08-08,100.36063666561766,102.856714566473,98.16895397728301,100.11711120605469,2146125
2011-08-09,100.5432790599405,103.80035692511422,98.0472009130211,103.28288269042969,1663975
2011-08-10,102.8567112711215,109.00558958489081,101.97394892638745,107.72710418701172,1501600
2011-08-11,106.57038539095066,109.88834431430314,105.90071359811787,109.06647491455078,1251725
2011-08-12,107.8184444689957,108.2446141046131,105.1092870796432,106.53997039794922,679575
2011-08-15,106.32689092887858,109.82749458596048,105.900732907029,109.67528533935547,533750
2011-08-16,109.67527539568606,110.71023547431584,108.60988043765575,109.2795639038086,653500
2011-08-17,110.3449588618389,111.77564204428029,108.45768281678487,109.2795639038086,494750
2011-08-18,108.3359285565575,108.97516558141933,104.56136455901782,105.68765258789062,709450
2011-08-19,107.48359965376777,109.88834983249434,106.90523246172354,107.14875793457031,522275
2011-08-22,109.88835870753552,112.81060655804119,108.79252882702232,111.59300231933594,1169475
2011-08-23,110.40582401898858,111.92782322805334,107.57490456117357,108.67074584960938,898000
2011-08-24,108.09239926380633,108.1228457564568,102.76540101956947,104.25696563720703,897925
2011-08-25,103.52639062900569,108.15327004425923,103.03935130171234,105.74851989746094,1224475
2011-08-26,106.60084789717342,109.46220281777684,104.50049273744764,109.31000518798828,572500
2011-08-29,110.49716001896323,110.86243664313015,107.63580517444232,109.73616027832031,728525
2011-08-30,110.98420445248333,114.7892033293123,110.77112544433571,113.72380828857422,710400
2011-08-31,114.30213205740021,114.7587364400416,112.2930936752554,113.57157897949219,673350
2011-09-01,112.87148233108229,114.30215388685379,111.68431303187518,113.5107192993164,448175
2011-09-02,114.54566187259698,117.46789751986574,114.54566187259698,116.52425384521484,1052875
2011-09-06,117.25483494326072,118.68551809231994,113.63248055854405,115.24579620361328,973275
2011-09-07,112.2931143005262,116.2198755543023,111.83652144595261,116.0372314453125,689875
2011-09-08,118.07672015518658,119.41607549131359,117.71143192647844,119.26387786865234,965175
2011-09-09,117.2243733039294,119.08121418630078,115.00225586480815,116.49382019042969,1220425
2011-09-12,113.81509886363807,114.94137502569556,109.61437780016179,112.3539810180664,1234775
2011-09-13,113.3585279872923,113.51072561506386,111.19727986997144,112.2018051147461,685100
2011-09-14,111.89739973019836,111.89739973019836,108.97516343529254,109.31000518798828,762850
2011-09-15,109.00560806378456,109.12735919837186,105.3223604590711,108.64031982421875,826875
2011-09-16,109.37088331082626,111.77564527057332,108.39680457481585,111.44080352783203,793425
2011-09-19,111.34947721080479,111.34947721080479,106.53995372601658,108.27503204345703,957650
2011-09-20,108.51857934113502,112.84105275951896,107.57493538086979,110.52761840820312,950175
2011-09-21,110.64934330280003,111.86694737478174,106.57038475717421,106.84434509277344,756900
2011-09-22,100.26931769859317,100.42152693027596,94.48572686460334,96.46432495117188,1616650
2011-09-23,91.92876762542237,94.63792474498648,87.36276934878153,90.37632751464844,1192500
2011-09-26,89.15873423553516,90.0414909337457,85.81033414660055,89.67620849609375,1689350
2011-09-27,94.60749027541924,95.64245041726484,91.2286494708076,91.53305053710938,1112125
2011-09-28,91.89831059928021,92.32446850474655,85.81031397963068,86.08427429199219,982875
2011-09-29,88.21508329835473,89.34136540218519,84.10568378195389,85.41460418701172,909925
2011-09-30,84.47096219201316,87.72803980523702,83.52732424004331,85.68856048583984,723875
2011-10-03,87.45408698874435,88.06288909102801,83.7099697358111,83.86216735839844,864800
2011-10-04,82.49235980216861,82.79676081074555,76.76963942001441,81.67047882080078,1408300
2011-10-05,81.64004479604633,86.2973649309092,80.39200578448897,85.90164184570312,910225
2011-10-06,85.99295514282903,90.16323552207986,85.99295514282903,89.91971588134766,813700
2011-10-07,90.49808951402326,91.95920765088302,86.35825479292066,88.42816925048828,670600
2011-10-10,90.80249959446415,94.09001863184793,90.40678223700586,94.05957794189453,673000
2011-10-11,91.38083754372306,93.45075747941313,90.83291687769139,93.32899475097656,465600
2011-10-12,94.69880198303144,96.15991997436504,94.24219753051875,94.36396026611328,569225
2011-10-13,93.75516265701712,93.90736608374574,90.3458871818349,92.87240600585938,499175
2011-10-14,94.54660860051952,95.9772918658013,93.2376880837585,94.48573303222656,602425
2011-10-17,94.42483652541797,94.72923754196906,90.10235834709871,90.31543731689453,508450
2011-10-18,89.12828649605467,93.45076500207706,86.29736669765006,92.75064086914062,765325
2011-10-19,92.84196809858598,92.84196809858598,86.02341113822557,86.32781219482422,663175
2011-10-20,86.35825399973481,87.63673380923632,84.19701169525896,85.81033325195312,822250
2011-10-21,88.03245302535979,89.189170113244,86.57133487035843,87.24101257324219,479325
2011-10-24,88.7021204639914,92.59844089909598,88.7021204639914,92.44624328613281,733100
2011-10-25,92.02007533623346,95.76419218221561,89.58487880371658,94.60747528076172,1279125
2011-10-26,95.45980321497404,96.95136191446215,93.8464817779113,96.2512435913086,855475
2011-10-27,98.22984783304592,99.4170055695414,96.7687297256719,98.74732208251953,874000
2011-10-28,97.2557616031003,99.87360236496629,97.0122419372965,98.65599822998047,579125
2011-10-31,95.97726270486778,96.98178185108961,94.27261957930632,94.75965881347656,603075
2011-11-01,90.40676357255113,94.75967682980624,88.58036319418274,93.6638412475586,1048025
2011-11-02,95.7337616464515,97.13399826464531,93.87692057748714,95.58155822753906,734125
2011-11-03,97.65148822096391,99.20392251788782,94.85100325397217,98.92996215820312,782125
2011-11-04,97.7428066216003,98.50380634725968,95.55112369588231,97.98632049560547,463700
2011-11-07,98.77777000685644,101.51736214342515,98.44292825849107,101.30428314208984,905000
2011-11-08,101.06075210880053,101.88263309386896,99.78226670582764,100.36063385009766,802700
2011-11-09,98.80819771041757,100.60415745688495,95.30760027112193,95.70332336425781,945175
2011-11-10,97.16444029358277,97.40795996124722,92.93328389067548,96.2208023071289,814800
2011-11-11,97.04268951284463,99.26481328577061,96.61653149341907,98.44293212890625,426325
2011-11-14,98.04720711542018,98.32116749579964,96.03816819661574,97.10356903076172,415675
2011-11-15,96.58608248538087,97.77324018349843,95.21628648123765,96.49476623535156,568350
2011-11-16,95.73375852287951,97.13399509538684,94.21175921921508,94.6683578491211,804675
2011-11-17,93.90735217557469,94.79010869599156,89.12827559747647,89.91971588134766,1042200
2011-11-18,90.61984456684272,90.9242456043324,87.91068171974811,89.00652313232422,721400
2011-11-21,86.8452847736312,86.87572545726746,83.07072709223578,84.62316131591797,1051100
2011-11-22,85.87119594259626,87.51495793945335,85.14063699042636,86.02339935302734,782000
2011-11-23,85.20152600221137,85.20152600221137,81.42696817421607,82.97940826416016,754225
2011-11-25,82.06621611042769,84.01437955753127,81.76182083347602,82.0966567993164,281625
2011-11-28,86.41913838954105,87.36278235415318,84.80582247411186,85.3841781616211,530125
2011-11-29,85.4450448715441,87.6671625887057,84.86668347736268,85.41460418701172,521575
2011-11-30,89.280469620606,91.71566593041447,89.03694998962514,91.44171142578125,739400
2011-12-01,91.25908195358033,93.05504169673472,90.68072636616697,91.50260162353516,609425
2011-12-02,93.17680421651167,93.63340287086191,90.0110427085451,90.25456237792969,546950
2011-12-05,90.8633579854932,92.62887691432971,89.49355631399655,90.31543731689453,485300
2011-12-06,89.79797200694689,91.95920854635142,88.33685385585926,91.53305053710938,459425
2011-12-07,91.71567340164235,91.92875817632887,89.85883824139144,90.95467376708984,429625
2011-12-08,89.37181601549597,89.6762112827028,86.38869246554799,86.75397491455078,742800
2011-12-09,87.42364806197584,88.54993023207099,86.81485175341048,88.24552917480469,376550
2011-12-12,85.29283402927533,85.29283402927533,83.52731524192833,84.28831481933594,886300
2011-12-13,84.28833741535027,85.59725796834127,79.90497704872094,80.05717468261719,942875
2011-12-14,78.53516594483308,79.2352900744788,75.4911671747858,76.83052825927734,1571275
2011-12-15,78.07855900110478,78.5351576069425,74.73015954835098,75.00411987304688,1583050
2011-12-16,77.07404062429417,78.96132223749022,76.80008029647593,77.98724365234375,1175150
2011-12-19,78.10900837305816,78.38296872823615,75.61293029785156,75.61293029785156,957025
2011-12-20,77.65241845792433,81.85313470025929,77.62197776992589,81.30521392822266,1030675
2011-12-21,80.87904360008834,81.82268156056759,79.93540563960909,80.78772735595703,611250
2011-12-22,79.7223216786173,79.75276236008048,77.07404045098473,77.40888214111328,580450
2011-12-23,78.72695868271643,80.18787379492778,78.40231019198559,78.92174530029297,911550
2011-12-27,78.46722226314003,79.50609222998527,77.49328321726098,78.0127182006836,477375
2011-12-28,78.46723965276253,78.46723965276253,74.50654547837215,74.70133209228516,735975
2011-12-29,73.95464720524014,77.98027243980751,73.30535021585781,77.5582275390625,933475
2011-12-30,78.88927987667334,80.90209556662036,78.59709685406564,80.18787384033203,818725
2012-01-03,82.84997647191256,85.21989981885307,82.52532799607647,84.66799926757812,860975
2012-01-04,83.69406003222451,85.57701376148823,83.69406003222451,84.66799926757812,623875
2012-01-05,83.66159994586876,84.79786658829329,81.32413572324572,84.11610412597656,593125
2012-01-06,84.76539223788633,85.15496543940158,83.10969065106057,83.17462158203125,370425
2012-01-09,84.01870577334759,84.99265124093453,83.33694951897614,84.24596405029297,702300
2012-01-10,86.7457213975985,86.97297961749064,86.06396531438217,86.16136169433594,777525
2012-01-11,86.42108632084059,86.77819402586312,85.2198889707997,86.35615539550781,612500
2012-01-12,86.68081372344986,87.91447048480835,85.9665858475777,86.90806579589844,481800
2012-01-13,85.15497145477637,85.90165863722214,83.88884917218097,85.60948181152344,344250
2012-01-17,87.3950260562254,88.10924766352394,85.21988957927768,85.5770034790039,545350
2012-01-18,85.67439515387632,87.81706620489814,85.47960856527997,87.78460693359375,457025
2012-01-19,87.65474819069772,88.271579633991,85.86919098219335,86.6808090209961,452875
2012-01-20,86.25876756429543,88.2066521724299,85.96658456346752,88.17418670654297,582300
2012-01-23,89.01826431109231,90.93368332569912,88.49882927582478,88.92086791992188,797375
2012-01-24,87.97940320560129,88.14172434860504,86.84313662811095,87.3625717163086,447000
2012-01-25,86.68080833168452,94.21262268113419,86.5184810099223,94.01782989501953,1239750
2012-01-26,95.44627956500548,97.36169862071888,94.5372713298562,95.2839584350586,1211900
2012-01-27,95.08917570067716,97.49156443590637,94.82945197477238,96.8747329711914,829625
2012-01-30,95.44627654176338,96.45268113829565,94.6346585334284,96.09557342529297,675300
2012-01-31,97.62140721409682,98.33563498169985,95.08916314249662,96.25788879394531,782900
2012-02-01,97.71881846207113,97.81620866908254,96.38776530090885,96.744873046875,574625
2012-02-02,97.36171222151013,99.17973513792874,96.84227710253339,98.0110092163086,743800
2012-02-03,96.67994465185483,97.49156270442937,95.77093020379579,96.12804412841797,795400
2012-02-06,95.31641681935477,95.96570748306706,93.98536383776778,94.79698181152344,698500
2012-02-07,94.2775468036921,96.12803479311043,93.01141855396874,94.79698181152344,607050
2012-02-08,94.92685518893536,95.99819086661024,92.88158023779417,93.20622253417969,603725
2012-02-09,94.60220256006231,95.31643044202346,92.2322792241021,92.49199676513672,651775
2012-02-10,90.34933881915367,91.35574366496637,89.53772060978572,90.77137756347656,695675
2012-02-13,91.97256840631246,92.00503387533436,90.60904966816811,90.9661636352539,503700
2012-02-14,90.80383914481047,90.9986319650657,88.95335069747264,89.76496887207031,437050
2012-02-15,91.22587198692946,91.61544519155856,89.3104528530655,89.63510131835938,636900
2012-02-16,88.53130898168601,91.6154542257179,88.17419501543246,91.55052947998047,770675
2012-02-17,92.13488977676273,92.49200374469154,89.70003532376825,90.38179779052734,406825
2012-02-21,92.06995024771604,93.88797288024178,91.97255385605867,93.66072082519531,657400
2012-02-22,93.33608033827706,96.12804854901587,92.81664525611467,95.67353820800781,818800
2012-02-23,96.25789408844246,97.03704662964871,95.05670290947386,95.99817657470703,821700
2012-02-24,96.16049918774863,96.38775122713314,94.34247048836515,95.4787368774414,646975
2012-02-27,94.92684237133403,95.7709258507038,93.92043776568909,94.14768981933594,603625
2012-02-28,95.31642621937303,96.03064787753854,94.56973290384276,95.5436782836914,621600
2012-02-29,95.99818825225987,96.58255427728737,89.79742643940976,90.64151000976562,1343600
2012-03-01,91.55052317092117,92.71924901166955,90.70643961295285,91.90763092041016,687900
2012-03-02,91.2908066964589,91.58298351594514,89.79742617116581,89.95974731445312,510975
2012-03-05,89.47276449694287,89.57016088384401,86.22629257275035,86.45354461669922,855075
2012-03-06,83.92130803331227,84.11609463249525,81.64877500494504,83.95377349853516,1433500
2012-03-07,84.0836349061381,86.09645054225503,83.53173434398948,85.41468811035156,495375
2012-03-08,86.35617163861367,88.01187339310435,85.9016612679473,87.58982849121094,421875
2012-03-09,86.55094716255363,88.75854921884181,86.0315121130922,86.6808090209961,560000
2012-03-12,86.32370048705423,87.00545670994047,85.1549684567868,86.12891387939453,445700
2012-03-13,86.16137943155607,87.45996713750077,85.54454794917436,85.83673095703125,715900
2012-03-14,83.95376870522966,84.08362436655281,81.25919716711905,81.5838394165039,940500
2012-03-15,81.74615897623119,83.4018602980266,81.68122805565409,82.7525634765625,652225
2012-03-16,82.29807574438577,83.07722836943093,81.90849633578587,82.0708236694336,544625
2012-03-19,81.77863525185343,82.62271875452659,80.67483422467731,80.77222442626953,649200
2012-03-20,79.8307611723159,80.64237931665245,78.40231150448015,80.54498291015625,788900
2012-03-21,80.80470366513995,81.48646615327253,79.70090244980554,79.73336791992188,630925
2012-03-22,78.2075043005328,78.72693928082785,77.59067293937491,77.91532135009766,698700
2012-03-23,78.79189394043703,80.57745144914873,78.3373835516254,80.02555084228516,834525
2012-03-26,81.94096466768092,83.46680450439453,81.8111089883768,83.46680450439453,1229125
2012-03-27,83.66159427629312,83.72652520966686,80.67483945480166,80.80469512939453,859875
2012-03-28,79.92814682183646,80.48004733339505,77.13617879958073,77.88286590576172,846300
2012-03-29,77.68806879916143,78.6620078326438,75.90250564823927,78.40229034423828,652225
2012-03-30,80.38266735482269,80.38266735482269,78.23999579996232,79.7009048461914,778975
2012-04-02,79.6035084401455,81.61631795424742,79.27885994660019,81.03195190429688,641275
2012-04-03,81.19428010904407,81.19428010904407,76.29210576172164,77.36344146728516,979425
2012-04-04,75.41555399721777,75.48048493273944,72.68851662685609,74.1169662475586,1548725
2012-04-05,74.66886720549479,75.18830230807367,72.81837887853818,72.94823455810547,876550
2012-04-09,73.8897104077355,74.53900115346808,72.20154332295269,72.2340087890625,838025
2012-04-10,72.39632886201463,74.60393098775646,71.4548551273038,74.47407531738281,1340850
2012-04-11,74.50654873797495,75.41555710410732,73.50013777239258,73.5975341796875,603350
2012-04-12,73.95463777721783,77.42836198561298,73.88970684812624,77.00631713867188,1137675
2012-04-13,76.19470300725368,76.87646541335428,74.53900138347171,74.83118438720703,750375
2012-04-16,74.76627463060977,75.99993163304971,73.07810720229762,73.40275573730469,737550
2012-04-17,74.11697136517708,75.28570351664621,73.63000169945003,74.44161987304688,729000
2012-04-18,73.66246511788412,74.76626629860635,72.85084696689161,73.5975341796875,739800
2012-04-19,74.40914431178939,75.09090051291749,72.65604632233818,72.91576385498047,603675
2012-04-20,73.27287831810706,74.37667938791493,72.62358757784943,72.72097778320312,479300
2012-04-23,71.45485175832393,71.5847074225751,69.86408117028382,70.83802032470703,705875
2012-04-24,71.38993447395154,72.07169696606749,70.15627756309907,70.38352966308594,571250
2012-04-25,71.55224492233836,72.94822266278688,69.89654348079745,72.81836700439453,1112775
2012-04-26,72.88331929432816,74.40915933260018,72.65606098925493,74.08451080322266,646825
2012-04-27,75.05844248870346,76.292099241248,75.02597702256354,75.4155502319336,775925
2012-04-30,74.79872205906426,75.93498236924667,74.3766772077214,75.6427993774414,628700
2012-05-01,75.1558283231214,77.68807880534271,75.1558283231214,75.87005615234375,1110075
2012-05-02,74.99351740959179,75.54541799273674,74.24683020655891,74.96105194091797,537800
2012-05-03,73.75985821106069,74.47408617478183,70.83803399191196,72.3963394165039,938100
2012-05-04,72.85084295097481,73.20795070706042,71.19514127116234,71.32499694824219,699825
2012-05-07,71.58469840754985,71.6820947875882,68.69534058009897,69.31217193603516,1029000
2012-05-08,67.75387314171012,67.8512633384113,64.83204339759666,66.22802734375,1734725
2012-05-09,64.57233367840014,68.89014169756429,63.69579084154325,66.61761474609375,2182650
2012-05-10,67.78632452961756,69.27970469096039,67.00717208584645,67.3967514038086,811300
2012-05-11,66.35788735596256,67.62400941520929,65.57873484318351,65.77352142333984,736800
2012-05-14,63.630860527518834,65.54627974638926,62.55952487901119,62.981563568115234,1476150
2012-05-15,62.55952228145286,63.56592695380187,58.04692160449219,58.533897399902344,2246250
2012-05-16,58.43650400900593,59.7675572160609,56.39122909323882,58.04692459106445,2579575
2012-05-17,59.442902843156354,62.3647265156629,58.63128481234041,60.3519172668457,2156675
2012-05-18,62.26734608824473,63.4360782175498,60.059743707181866,60.51424789428711,1579125
2012-05-21,60.44931904918157,63.143890904043495,60.44931904918157,62.981563568115234,835375
2012-05-22,62.59199075627879,62.754311901115805,59.800022481567865,60.18960189819336,1306650
2012-05-23,59.57276866662057,63.11142401195079,57.592418558090465,62.9490966796875,1759575
2012-05-24,63.59840406217308,64.21523564169856,62.040098569624554,63.30622100830078,1170175
2012-05-25,63.5659252472603,65.22162680760292,63.143886587010286,65.02684020996094,1157600
2012-05-29,66.13064330328548,66.81239951227543,63.890575688317334,64.60479736328125,1305800
2012-05-30,63.56594467163086,64.5074248668792,61.68299047329035,63.56594467163086,1324250
2012-05-31,63.6957852488902,64.63725893682222,61.585573432739665,62.721839904785156,960850
2012-06-01,64.02042753174123,67.33183055721598,63.98796206770864,67.07211303710938,2447050
2012-06-04,67.55909304975889,67.62402398785454,65.77353559721394,67.42923736572266,1155525
2012-06-05,67.59155692338449,69.47451073862791,67.59155692338449,69.27972412109375,1312275
2012-06-06,71.06528652791738,72.0067665978097,68.82522478839392,70.1887435913086,1601125
2012-06-07,70.80555208109993,70.93541393240744,66.71499664722177,67.6889419555664,1444075
2012-06-08,66.7149961430244,68.27330738616814,66.06570546785552,67.88372802734375,576050
2012-06-11,68.5330227230173,68.76027476173302,66.06570337438987,66.16309356689453,786850
2012-06-12,66.87733592577092,68.53303767322483,66.6176183688461,68.50057220458984,1122375
2012-06-13,68.92259910610606,69.73421710648552,67.39675949456812,67.49415588378906,933350
2012-06-14,67.88373294955916,68.33823707434861,66.65007624277878,67.23443603515625,560850
2012-06-15,66.81239895618857,67.36429948884359,66.35789482064483,66.65007781982422,803550
2012-06-18,66.0007785535727,69.27971616772179,66.0007785535727,68.59795379638672,745000
2012-06-19,69.53944187767966,69.76669396415707,68.33824431638557,68.69535827636719,648450
2012-06-20,67.33183319398022,69.76668736238808,66.195566676959,68.01359558105469,1219550
2012-06-21,66.09817937517502,66.45528712488833,62.65691420772219,62.754310607910156,1738100
2012-06-22,62.49460095833982,63.85811977238981,61.97516580938319,63.17635726928711,763350
2012-06-25,62.105023170577255,63.43608274174625,62.00763294762615,62.59199905395508,776525
2012-06-26,62.786780766400625,62.786780766400625,60.871361431322605,61.682979583740234,727625
2012-06-27,62.23488315885032,62.5595316738133,60.838898879018316,61.45573043823242,519150
2012-06-28,60.83890237317559,61.16355090678408,58.436513131921934,59.0533447265625,916375
2012-06-29,62.364742279052734,62.656925339371355,61.71545140557691,62.364742279052734,720875
2012-07-02,62.2024112030065,62.72184629592955,61.7479070447375,62.10501480102539,295350
2012-07-03,63.76071644935282,65.35148719464011,63.33867775862548,65.25409698486328,641725
2012-07-05,64.47494169153985,65.61120203985642,64.28014889569602,64.60479736328125,835100
2012-07-06,62.52705808349499,63.17634883695028,62.00762300386893,62.65691375732422,858575
2012-07-09,62.23488418869337,62.75431934436742,61.715449033019325,62.3972053527832,424600
2012-07-10,63.11143651401532,63.273757686279055,59.57278046769477,59.86496353149414,697800
2012-07-11,60.027266545136,60.481770643708785,58.826075372578224,59.80001449584961,796300
2012-07-12,58.40404497971729,59.31305959368355,57.30024373138522,58.69622802734375,810375
2012-07-13,59.99481245465358,60.74149967018015,59.702629423855335,60.09220886230469,452325
2012-07-16,60.25452731237822,61.61804599753189,59.929878826931194,61.0336799621582,623875
2012-07-17,61.26093116256425,61.35832136244415,59.5078332588767,60.54670333862305,461800
2012-07-18,60.15712783111491,61.03367055694648,59.8000139329385,60.286983489990234,275625
2012-07-19,61.260935834813154,61.9751575210725,60.9362873620936,61.06614303588867,438675
2012-07-20,61.06615092803865,61.26094375213803,60.286998208107285,60.44932556152344,348175
2012-07-23,59.15071743164206,59.248113820522434,57.85212987400659,58.20924377441406,597925
2012-07-24,58.98839625643752,59.1507173789396,57.884595285392365,58.501426696777344,428250
2012-07-25,60.35192425394439,61.39079446291683,59.24812310887246,60.83889389038086,690850
2012-07-26,60.05974813608023,63.30622100830078,60.05974813608023,63.30622100830078,845800
2012-07-27,64.21522341901365,64.37754455486635,62.949095029175915,63.79317855834961,782750
2012-07-30,63.46853247540004,64.24769129475408,63.01402832423906,63.76071548461914,416675
2012-07-31,63.69579943412381,63.98797629105441,62.3972053527832,62.3972053527832,488125
2012-08-01,61.91023156790591,63.04649821774373,61.03368247870344,61.975162506103516,533725
2012-08-02,61.81283284576539,63.27374160122333,61.455718926981476,61.747901916503906,466675
2012-08-03,62.851704975458695,63.85810964290186,62.26733897753865,63.20881271362305,558525
2012-08-06,63.598399652622426,65.74107110435492,63.598399652622426,64.79959106445312,628150
2012-08-07,65.09176928968094,65.48134870310606,64.6372651341472,64.86451721191406,544125
2012-08-08,64.83204996834185,65.74106444665644,64.34508035901975,64.4100112915039,569600
2012-08-09,64.60479931610676,66.19557004398908,64.31261630566361,66.03324890136719,520525
2012-08-10,65.74105495101585,66.3903517977639,65.41640652764184,66.16309356689453,401575
2012-08-13,66.58515308114846,66.77993970133264,64.92945132919537,65.31903076171875,624050
2012-08-14,65.0593082320364,65.41641597639018,64.28014942653559,64.4100112915039,454800
2012-08-15,64.21522935885845,64.76712994082402,64.05290201583622,64.63726806640625,418300
2012-08-16,65.25408533488134,66.77992487313547,64.79957506583364,66.7474594116211,751500
2012-08-17,66.90979721769625,67.13704929180035,65.80599612162955,66.8124008178711,743375
2012-08-20,66.55267793586455,67.49415781548393,66.16309855998486,67.36429595947266,655825
2012-08-21,69.0199903690723,70.61076078860782,68.92259398708518,69.66928100585938,1170025
2012-08-22,69.53944577988358,71.0977511964486,68.92261423043503,70.9678955078125,1285850
2012-08-23,72.13660297790365,72.62357871385262,71.32498500752698,71.48731231689453,1523550
2012-08-24,70.90294638747874,72.10413751603014,70.70815980839137,71.48731231689453,1044750
2012-08-27,71.68211751455047,71.74704845516253,70.25366778186184,70.38352966308594,948150
2012-08-28,70.90294232374146,70.90294232374146,69.18231009598402,69.31217193603516,733050
2012-08-29,69.40956803676916,69.63682627621827,68.27330780029297,68.27330780029297,543375
2012-08-30,68.40316079593276,68.40316079593276,66.06570329627998,66.7474594116211,697200
2012-08-31,67.10459146804094,70.54585082246076,66.29297328685618,70.38352966308594,1293850
2012-09-04,70.90296572049793,71.8444396029254,70.15627847027004,71.6171875,1138475
2012-09-05,71.58472302901158,71.61718850019082,70.25366967144033,71.5197982788086,731675
2012-09-06,72.75343823557607,74.11695674595738,72.68850730837838,73.95463562011719,1509500
2012-09-07,76.42197571364579,76.94141088686408,75.7726786510451,76.19471740722656,1453875
2012-09-10,76.09731578515301,76.38949880034713,74.40914862895472,74.60393524169922,871475
2012-09-11,75.74019675593229,76.29209728182744,75.38308282971946,75.54541015625,785900
2012-09-12,76.48689181565756,76.51935728433138,72.94823622822607,74.96105194091797,1516700
2012-09-13,74.83117985885296,78.53216228481995,73.07808813468263,78.07765197753906,2386425
2012-09-14,79.99308581188107,81.22674891266503,79.57104708297413,80.1229476928711,1925475
2012-09-17,80.73977772631783,80.8696334127128,78.92174857954667,79.08407592773438,901750
2012-09-18,79.24639383589498,80.96702650323428,79.08407268651511,80.18787384033203,1281800
2012-09-19,80.86963281495224,82.42793819310461,79.57104499982526,81.87603759765625,1538150
2012-09-20,80.99949262788182,81.16181377857698,79.6035084401455,81.03195190429688,1037775
2012-09-21,82.68763971847184,83.3369365961787,81.81109698336769,82.6551742553711,1258050
2012-09-24,80.51251943885504,81.22674738657055,78.98667951882175,79.08407592773438,1210600
2012-09-25,80.38265094000676,80.96701691602811,77.68807931113933,77.88286590576172,845125
2012-09-26,76.1297743645523,77.7530104389167,74.89611148042898,77.00631713867188,1555675
2012-09-27,78.43477908674261,81.16181662056604,78.30492340007041,81.09688568115234,1117425
2012-09-28,80.90210467209477,81.32414342327554,79.9281652818895,80.2528076171875,775800
2012-10-01,81.58385557113412,81.77864838992126,79.92815995653004,80.51251983642578,867900
2012-10-02,80.86963703689905,80.96703345017652,79.24640063520754,79.7009048461914,646250
2012-10-03,79.76582210608028,79.86321850265125,78.6620210468935,79.11653137207031,681925
2012-10-04,80.09047553394586,81.81110816043481,79.89568892088354,81.6487808227539,923850
2012-10-05,81.35658322989586,82.36299396672803,79.96059933674144,80.57743072509766,865775
2012-10-08,79.2788525075342,79.92814943369856,78.72695197794081,79.11653137207031,618775
2012-10-09,79.40869491802945,80.1878535761867,77.46081684909647,77.52574157714844,884650
2012-10-10,77.68808109844151,79.2139208103699,77.26603624287017,78.33737182617188,663225
2012-10-11,81.12934306506389,81.12934306506389,79.05160274814607,79.37625122070312,412775
2012-10-12,78.95420434911647,79.86321881082335,77.753013080878,77.94779968261719,500200
2012-10-15,77.55821530263982,77.55821530263982,75.31815404621261,76.74659729003906,908550
2012-10-16,76.68166993083835,78.49969248304387,76.68166993083835,78.23997497558594,472650
2012-10-17,78.43475624655883,79.53855712654438,78.14257329643598,78.7918701171875,527175
2012-10-18,77.75300837139736,78.5970856585264,77.55821558930229,77.72054290771484,518950
2012-10-19,77.39589417698129,77.65561169332737,75.67526176109222,76.74659729003906,996225
2012-10-22,76.55181562048514,78.0776553530585,76.48688468918726,77.94779968261719,527850
2012-10-23,76.16223294629798,76.55181232516055,75.44801130922978,75.87005615234375,736525
2012-10-24,76.61674535388948,76.64921081903083,75.0908994530181,75.15583038330078,413675
2012-10-25,77.00632300159286,77.16865033668073,75.96745282564935,76.55181884765625,581425
2012-10-26,76.6167427283021,76.97385044831043,75.61033811202643,76.0648422241211,353600
2012-10-31,77.42836874390964,78.36984252929688,76.87646818276721,78.36984252929688,798075
2012-11-01,77.88285635875123,78.53215318410622,77.78545997730194,78.0127182006836,476550
2012-11-02,77.26603946737748,77.26603946737748,75.31816101074219,75.31816101074219,783175
2012-11-05,76.09731857588172,76.09731857588172,74.89612100357033,74.96105194091797,570975
2012-11-06,75.70773010109387,77.29850072317262,74.99350845204452,76.51934814453125,658275
2012-11-07,77.65561691463539,77.65561691463539,74.92857971356749,77.07125091552734,1114900
2012-11-08,77.26603260831376,78.23997794232689,76.3570243938197,77.72054290771484,913175
2012-11-09,78.01272588870337,78.5970856585264,77.65561198034983,77.72054290771484,684025
2012-11-12,78.04520206437492,78.2399886810511,77.03879112854571,77.20111846923828,420400
2012-11-13,76.22716830896815,76.35703017352785,75.22076362724856,75.4155502319336,459025
2012-11-14,75.57788318384179,75.83760074012352,71.32499968551545,71.68211364746094,1494575
2012-11-15,71.26006415530858,71.32498889043639,68.27330961403831,68.72781372070312,1628400
2012-11-16,68.6304367947035,70.18874853066492,68.04607066773742,69.83163452148438,867300
2012-11-19,71.9093584646551,72.52618992051639,71.29252700879381,72.07168579101562,669775
2012-11-20,72.23399936352419,72.2989302872712,70.90294638747874,71.48731231689453,591500
2012-11-21,71.68211648463728,72.23401708759953,70.96789472463239,71.7470474243164,341650
2012-11-23,71.94183820389202,73.240426111657,70.93543334939359,73.14303588867188,436500
2012-11-26,72.23400587312987,72.9806929870497,71.81196721504823,72.46125793457031,452000
2012-11-27,72.10415357023712,72.4288020691025,70.90296217423683,71.00035858154297,557525
2012-11-28,68.9225971353202,70.74062586253595,68.79274147889265,70.70816040039062,714525
2012-11-29,70.87048810934371,71.58470976649645,70.25365665552971,71.09774017333984,438450
2012-11-30,71.03282016653755,71.03282016653755,69.4745147519363,69.99394989013672,391100
2012-12-03,70.12379763730998,70.51337081636414,68.95506571583937,69.0199966430664,344625
2012-12-04,68.27331146927324,69.24725063635017,67.78633569358055,68.89013671875,589750
2012-12-05,68.69533881009376,69.14984285425527,67.07210300419901,67.3967514038086,833750
2012-12-06,67.07210584619456,68.7927381025252,66.87731927503654,67.46168518066406,693325
2012-12-07,68.20838119675294,68.40316779361237,67.52661881951354,68.1109848022461,445075
2012-12-10,68.7278132042527,69.11739257286224,68.50056115262797,68.92259979248047,409525
2012-12-11,68.85767171038314,69.21478563034907,68.6953505788464,68.98753356933594,426250
2012-12-12,69.37712958119745,71.13022175213236,69.34466410867846,70.318603515625,1002125
2012-12-13,68.27330961403831,69.40956988070035,68.14344775947463,68.72781372070312,578375
2012-12-14,69.0849242060769,69.409566442095,68.37069642566814,69.14984893798828,431050
2012-12-17,68.95506525587743,69.34464462448697,68.50056115262797,68.92259979248047,624550
2012-12-18,68.89013274901208,69.14985025807687,66.74746175118912,67.0071792602539,1045525
2012-12-19,67.03964482253055,67.36429325738244,66.22802683147775,66.42281341552734,584775
2012-12-20,65.61119079589844,66.03323558907869,64.4424651818954,65.61119079589844,1483600
2012-12-21,64.9619114306403,66.19556817941971,64.86451503251779,65.87092590332031,1283425
2012-12-24,66.07318020357702,66.24173165949772,64.08424216054856,64.96072387695312,728500
2012-12-26,65.50011436761874,65.7360890431036,64.75847232486325,64.99445343017578,434475
2012-12-27,64.58991287133766,65.66865778637703,64.42136138954784,65.39897155761719,602400
2012-12-28,65.0955763297872,65.6686603923725,64.69105018550766,64.9270248413086,525550
2012-12-31,65.3989733142046,67.0845138966832,65.2978449943452,66.71369934082031,686275
2013-01-02,68.80376786032627,69.94993600074882,68.73634469210678,69.24201202392578,712675
2013-01-03,69.61281874393855,69.61281874393855,66.64627040471764,67.05079650878906,718150
2013-01-04,66.07319020585408,67.99470538546629,65.73608081315457,67.79244232177734,1124000
2013-01-07,67.35420448184641,67.55647399428015,66.84854356041697,67.28678131103516,828625
2013-01-08,67.28678230343068,67.89357799002647,66.84854454634905,67.48905181884766,591525
2013-01-09,67.59016893410195,67.72501525534342,66.88224503706373,67.05079650878906,557225
2013-01-10,68.163246733546,69.10715160681545,67.89356054544416,68.97230529785156,909675
2013-01-11,68.46665500097961,68.87118756009654,67.59017314774869,68.09584045410156,647525
2013-01-14,69.00601956328548,69.41055207611015,68.12953781035382,68.298095703125,532650
2013-01-15,68.80375384147263,69.41054937215827,68.19695831078698,68.97230529785156,410950
2013-01-16,68.63521806594342,69.30943047532007,68.46666014122873,69.07345581054688,301475
2013-01-17,68.77004366119911,69.81507685759395,68.29809442989036,69.47797393798828,652450
2013-01-18,69.44427681509183,69.44427681509183,68.46666014122873,69.07345581054688,1057700
2013-01-22,68.87118241707248,69.41055483573227,68.16325209893996,69.03973388671875,825600
2013-01-23,69.00602108099545,69.68023980725654,67.32048069516905,67.6238784790039,950725
2013-01-24,67.05079791289306,67.05079791289306,64.58991036714147,65.16299438476562,1654525
2013-01-25,64.55620585536408,64.89331527261587,63.03922312247206,63.10663986206055,1336250
2013-01-28,63.174053181990026,63.54487412613491,62.39870614407466,62.466129302978516,595025
2013-01-29,62.971792829989504,63.983114537521665,62.90436966820026,63.91569137573242,790300
2013-01-30,64.69105279030248,65.26413687596309,64.21909702987013,64.455078125,831125
2013-01-31,63.91568772661055,64.25279708648364,63.41002690171403,63.71342468261719,547000
2013-02-01,64.62363655617975,65.06187434880125,63.94941764310102,64.55621337890625,484350
2013-02-04,63.848281559113026,64.62362871418654,63.410037389843794,63.544883728027344,705900
2013-02-05,63.54487926826636,64.21909162238406,62.60097425670937,62.93808364868164,964375
2013-02-06,62.870666209000234,63.140352461168916,62.230158948914315,62.56726837158203,717275
2013-02-07,62.196443510646354,63.34261150032587,62.0278856122662,62.533546447753906,545450
2013-02-08,62.36500438813833,62.90437688467658,62.26386963385215,62.39871597290039,457475
2013-02-11,61.65707846972157,61.65707846972157,60.71317341538001,60.814308166503906,909900
2013-02-12,60.679468462870034,61.185129414095044,60.173807511645016,60.61204528808594,935150
2013-02-13,61.050272291692,61.08398386958484,59.80296962896089,60.038944244384766,671825
2013-02-14,60.20750519604876,60.37605666425961,59.46586330433777,59.66813278198242,678575
2013-02-15,58.82536030780784,59.06133492611368,57.54434605153883,58.05000686645508,1446900
2013-02-19,57.645485462942055,57.645485462942055,55.690258771442345,56.061073303222656,1789400
2013-02-20,55.184600004801005,55.184600004801005,53.060815327697426,53.330501556396484,2432800
2013-02-21,53.46534000841113,54.308113418245156,52.858547654209055,53.76873779296875,1801900
2013-02-22,53.93729399809948,54.67892947583581,53.600184624646054,54.64521789550781,837825
2013-02-25,55.218311274650105,56.2633511527322,55.218311274650105,55.95995330810547,993550
2013-02-26,55.95995150233034,56.6678754970636,54.88120650283545,56.094791412353516,1056800
2013-02-27,55.75767886976709,56.26333969792019,54.88119710038279,55.01603698730469,575425
2013-02-28,54.746350819888214,54.88119713672569,53.229365119511215,53.36420822143555,805850
2013-03-01,53.36421644962952,53.7350342333693,52.42031459061959,52.62257766723633,963675
2013-03-04,52.689997384818525,52.689997384818525,50.397661233887575,50.76848220825195,1374625
2013-03-05,51.71238799131947,52.18433731883147,51.240435448893784,51.274147033691406,844325
2013-03-06,51.40898294221218,53.90358199864855,50.667344255329155,53.73502731323242,2436225
2013-03-07,53.93729902105571,54.442959913412686,53.29679500974263,53.80245590209961,1610175
2013-03-08,53.128234622467396,55.38685903448882,52.925968358219464,54.2744026184082,1421750
2013-03-11,54.44296124195397,55.049756899520474,54.30812133462099,54.9149169921875,1049750
2013-03-12,55.48799504902086,56.93756103515625,55.45428989430695,56.93756103515625,1170675
2013-03-13,57.072401468833135,57.20724136322065,54.914911720019774,55.3531494140625,998075
2013-03-14,54.94861969078521,56.297057282811586,54.81377978947875,55.89252471923828,868150
2013-03-15,55.89252190172631,57.20724141486807,55.89252190172631,56.80271530151367,1367275
2013-03-18,57.746613075440024,57.982594139852154,56.802714537097735,57.13982391357422,956925
2013-03-19,57.308385470730116,57.61178331996137,56.6678781857055,56.870147705078125,546250
2013-03-20,56.60045444229673,57.004980571356484,56.36447336554717,56.735294342041016,508600
2013-03-21,57.07240627883833,57.91517658672471,56.802720037507775,57.712913513183594,816850
2013-03-22,57.476939266052796,58.01631181290278,57.072413070829285,57.308387756347656,563900
2013-03-25,56.56675178870928,57.20725266579186,52.319188184161895,56.49932861328125,940225
2013-03-26,56.12850169525145,56.39818793886901,55.75768712891932,56.33076477050781,420825
2013-03-27,55.892526549802525,57.0386946826675,55.858814965915066,56.97127151489258,615125
2013-03-28,56.499319374119324,56.735294019701314,55.82510058974777,56.4318962097168,514825
2013-04-01,56.06108054959461,56.43190155913332,54.57780937109466,55.25202178955078,619375
2013-04-02,54.3081219364141,54.64522492339563,52.75742119102433,52.82484436035156,994225
2013-04-03,52.42031393181992,52.892263247936775,48.67841169738716,49.45376205444336,2277825
2013-04-04,49.15036269477171,50.734771728515625,48.00419459440008,50.734771728515625,1317550
2013-04-05,51.678671507296436,52.75741639924409,51.1392990613226,51.91464614868164,999525
2013-04-08,51.71238910655898,52.218050029773785,51.10559342677021,51.24043655395508,431100
2013-04-09,51.24043505220524,53.53277136207813,51.24043505220524,53.02710723876953,783200
2013-04-10,52.319183249028264,52.824844157384995,50.97074880188755,51.07188034057617,869375
2013-04-11,50.734773937842526,51.51012108955559,50.39766452367202,50.66735076904297,820050
2013-04-12,49.25148859373386,49.52117479650578,46.35236030647916,47.16141891479492,2503025
2013-04-15,43.95890112014026,44.06003266148758,40.72266286280235,41.26203536987305,3349950
2013-04-16,43.08241380317063,43.45323476661251,40.587814662349494,40.891212463378906,1935200
2013-04-17,40.79008144445473,41.26203072758691,38.16063594594671,38.700008392333984,2165125
2013-04-18,38.767427708487716,39.74504097427914,38.02578906084534,39.6439094543457,1936000
2013-04-19,40.45297131084081,40.58781441994708,39.47535796609202,40.4866828918457,961750
2013-04-22,41.16089868320209,41.43058490302528,40.01473064149689,40.891212463378906,964325
2013-04-23,40.04844251146899,40.28441715178742,39.20567226471648,39.74504470825195,947425
2013-04-24,40.21700295311048,42.77902242616298,40.21700295311048,42.576759338378906,1503600
2013-04-25,43.588083778311116,44.397142547326496,42.61047029535575,43.318397521972656,1942175
2013-04-26,43.68921297039342,43.857767675265784,41.767697693623774,42.13851547241211,1243700
2013-04-29,42.880152232592295,42.9812837648043,42.307068191868495,42.61046600341797,715025
2013-04-30,42.30707196711121,43.217262268066406,41.39687845124229,43.217262268066406,931150
2013-05-01,41.80140686035156,42.17222786112976,40.21700096309189,41.80140686035156,1672975
2013-05-02,41.835116331496614,42.23964568152536,41.059769214336555,41.767696380615234,596875
2013-05-03,41.63285760234214,42.6778910617537,41.05977349302078,41.127193450927734,1065025
2013-05-06,41.228318872104865,41.498008308420495,40.95863265070259,41.29574203491211,494100
2013-05-07,40.38554443824967,40.62152226868923,39.37422282032846,39.44164276123047,973450
2013-05-08,40.21700222500331,41.63285667351384,40.01473592596734,41.565433502197266,1033500
2013-05-09,40.55410038806366,42.74530479725721,40.452968866074144,40.85749816894531,1052925
2013-05-10,39.71133266749498,41.329453194299305,39.171960230197975,41.093475341796875,972825
2013-05-13,40.25070580982143,40.554103614843626,39.711333363076804,40.149574279785156,568375
2013-05-14,39.47535513123382,40.486679984360855,39.47535513123382,39.94730758666992,459925
2013-05-15,39.10454534763724,39.23938847442577,36.711077435955616,36.84592056274414,1400025
2013-05-16,36.30653822947521,37.621257556115154,36.00314047258511,37.115596771240234,926350
2013-05-17,36.508804631162775,37.04817704218174,35.12666202419838,35.261505126953125,1343100
2013-05-20,35.36263545152548,38.59887302284654,35.05923767688396,37.99208068847656,1613475
2013-05-21,36.91334022238343,37.284161229260654,35.90201517213038,36.54252243041992,1283750
2013-05-22,37.48642105793132,38.935986944689226,36.744782323437335,37.149314880371094,1719950
2013-05-23,38.16063427390142,38.26176901435275,36.8459147971665,38.02579116821289,909000
2013-05-24,37.78981526046254,38.160632984851645,37.01446501775953,37.55384063720703,771875
2013-05-28,37.284156375887754,38.32918966034743,36.7447807283613,37.08189010620117,759575
2013-05-29,37.45271066447325,39.13825125051475,37.31786754618647,39.070831298828125,960650
2013-05-30,40.04844538395719,41.76769758222546,39.87989067953437,41.63285446166992,1789125
2013-05-31,41.16089731870079,41.262028844053596,39.61019999866708,40.52039337158203,1576550
2013-06-03,41.093475564188886,42.77901604732058,40.89121250656455,42.34077835083008,1318300
2013-06-04,41.632855164962045,42.307070779129056,41.127191043151555,41.39687728881836,637125
2013-06-05,41.56542834721386,42.172223954152656,40.85750121075638,41.194610595703125,753300
2013-06-06,41.262033579006676,42.44191329819965,40.89121580021834,42.13851547241211,779775
2013-06-07,41.12718458882784,41.43058237131746,39.44164421047495,39.71133041381836,943550
2013-06-10,39.98101705104453,40.31812641633875,39.13824685272216,39.913597106933594,532525
2013-06-11,38.969700249222115,39.54278109789369,38.32919301819703,38.43032455444336,660800
2013-06-12,38.76742753548165,39.47535460168262,38.09321204741241,38.19434356689453,955550
2013-06-13,38.09321248317963,38.63258487980517,37.587548450158366,38.396610260009766,462275
2013-06-14,38.86856138249455,38.86856138249455,37.89094806252435,38.02579116821289,364800
2013-06-17,37.958371139836636,38.295477295864345,37.08188934732078,37.41899871826172,503300
2013-06-18,36.98075093784523,37.1830139508269,35.902003080596685,36.03684616088867,972550
2013-06-19,36.13798777030521,36.67736019427923,34.62100202414995,34.823265075683594,731675
2013-06-20,32.66577577682204,32.86804206563408,31.216213030837885,31.418476104736328,1718400
2013-06-21,32.126403908270156,32.46351332443967,31.283633582760032,32.025272369384766,1068725
2013-06-24,31.384768123612986,31.51961124618315,29.328406485775982,29.665515899658203,1753400
2013-06-25,29.598087746655438,30.30601482466364,29.39582470431772,29.80035400390625,948575
2013-06-26,28.721610818876233,28.890162291990904,27.676574325033577,27.845129013061523,1475500
2013-06-27,28.35079263681003,28.95758828712998,28.11481797942498,28.48563575744629,2042325
2013-06-28,28.283375396667964,31.384770683676933,28.21595222242634,30.879106521606445,594050
2013-07-01,31.148788941321065,31.94099506623925,30.777971173536347,31.426904678344727,1517300
2013-07-02,31.19092905811024,31.898856276602622,29.78350412492831,30.20488929748535,1773100
2013-07-03,30.37344142942322,30.988663343306914,30.171175149215276,30.499855041503906,1159400
2013-07-05,29.48853720707998,29.496963496373976,28.60362573025765,28.87331199645996,1233200
2013-07-08,29.26098327775861,29.665512600480344,28.915447613668373,28.923873901367188,849200
2013-07-09,29.496955334474674,30.061609793433522,29.395823816360686,29.690792083740234,950500
2013-07-10,29.682366235636948,30.440857455075786,29.44638840333134,29.89305877685547,680400
2013-07-11,31.89042783247334,32.38766243108276,31.671308972114357,32.30338668823242,1154000
2013-07-12,31.79772058389625,32.227535204140096,31.637595396599252,32.033695220947266,788600
2013-07-15,32.109544507489204,32.18539395685767,31.502752127454723,31.705015182495117,696200
2013-07-16,31.907288190655333,33.061882750502896,31.730307176391673,33.019744873046875,1186700
2013-07-17,33.28942736300022,33.53383152534582,31.865146691420502,32.117977142333984,1109700
2013-07-18,32.44665439999437,32.59835330113546,31.865144088895743,31.983131408691406,764600
2013-07-19,32.52250501836266,33.1040153503418,32.219107205186255,33.1040153503418,563700
2013-07-22,34.55357687399788,36.19697934391454,34.27546117551232,36.04528045654297,1804200
2013-07-23,35.902009927087846,37.621261939855486,35.42163116100766,37.57069778442383,1605000
2013-07-24,37.08188871512231,37.60440533775062,35.00867479944691,35.51433563232422,1305900
2013-07-25,35.286791545436614,36.46667125088752,35.19408629809087,35.96943664550781,792600
2013-07-26,35.53118905801578,36.121128800396576,34.907537738375964,36.0789909362793,523100
2013-07-29,36.36554554812936,36.36554554812936,35.62390666531834,35.79246139526367,555600
2013-07-30,35.657607586502635,35.674463375945784,35.05923831346683,35.10137939453125,410000
2013-07-31,34.974970798290656,35.194089682705794,33.71924151651282,34.10691833496094,916100
2013-08-01,34.3344633693201,34.57043802408562,33.38213203200938,33.466407775878906,562200
2013-08-02,33.50011574759146,33.98049450866575,32.88489388191584,32.96916961669922,607800
2013-08-05,32.98602849757117,33.92150402992546,32.63206652041739,33.01131057739258,700800
2013-08-06,32.640494950403685,32.74162649123851,31.182502644956188,31.283634185791016,1212000
2013-08-07,31.13192974629216,31.90727999496546,29.968909195651932,31.435327529907227,634900
2013-08-08,32.101122695240946,34.57044007294515,31.80615435930239,34.342891693115234,1693200
2013-08-09,33.78665220349504,35.39634290710247,33.559103899016996,34.99181365966797,1310300
2013-08-12,36.65207660895924,38.46403057028396,36.53408608301913,38.05107498168945,2024200
2013-08-13,37.79824354277957,38.30390760990474,37.2925826905677,37.9836540222168,1434700
2013-08-14,38.13535236344533,39.85460437969696,37.87409243850378,39.728187561035156,1673900
2013-08-15,39.18882013717221,41.80983636395852,38.70001180520592,41.80140686035156,2087700
2013-08-16,42.04580864266802,43.11612728120285,40.83222060007379,41.16932678222656,1657000
2013-08-19,41.46430083672775,41.5485765836764,40.34341475581145,40.79851150512695,1784000
2013-08-20,40.983910426778316,42.04579932690968,40.81535576559053,41.94466781616211,1455400
2013-08-21,41.3968713892751,41.725551253408646,40.629950634659075,40.714229583740234,1229400
2013-08-22,41.07662531953314,41.89411031410229,40.87435903551709,40.97549057006836,636300
2013-08-23,41.253611385039655,43.21726472919847,41.253611385039655,43.200408935546875,1087100
2013-08-26,43.72292206246735,44.54883653286598,43.402668462953294,44.211727142333984,1149500
2013-08-27,45.105060941903865,45.98154271083651,41.81825591586301,41.91096115112305,2031800
2013-08-28,42.64417454216126,43.06555967880283,41.05133924004229,41.312599182128906,1506600
2013-08-29,40.73951380140575,41.97838709122538,39.59334575298939,41.29574203491211,1608200
2013-08-30,40.486686608367094,41.388450586089974,40.115865613099935,40.58781814575195,1051100
2013-09-03,41.110333687774556,41.22832101390328,40.57096121694977,40.97549057006836,754900
2013-09-04,40.43611741142946,40.82379096637629,40.04844385648262,40.663665771484375,554100
2013-09-05,40.40240305083769,40.452970421233005,38.19434598218777,38.82642364501953,1617900
2013-09-06,39.6944747152279,40.242276625413446,39.32365698850905,39.96416091918945,869300
2013-09-09,40.34340823272587,40.71422917513506,39.711330588070005,39.86302947998047,360300
2013-09-10,38.72529289515969,38.74214868562924,37.95837211081866,38.135353088378906,1122400
2013-09-11,37.99208276541853,38.4134678721428,37.30943773515645,38.320762634277344,685300
2013-09-12,36.845913216864936,36.845913216864936,35.522764294384935,35.59861373901367,1487600
2013-09-13,35.691315570987996,36.44138372612391,35.19408103989791,36.095848083496094,1222300
2013-09-16,36.062131652398,36.72792077162478,35.70816655531171,35.73345184326172,836800
2013-09-17,35.969435920354506,36.020003294681885,35.50591290788409,36.011573791503906,520100
2013-09-18,35.41320460719542,40.309700684277836,34.840120607247584,40.07372283935547,2395800
2013-09-19,40.39398477729418,40.62995945612926,37.781397871890796,38.472469329833984,1577500
2013-09-20,37.61283847582712,37.70554372096213,34.941255017945856,34.95811080932617,2268300
2013-09-23,34.97496241773446,35.72502736242749,34.047916507085056,34.30074691772461,1439600
2013-09-24,33.77822622078762,34.966531900461014,33.50011055228976,34.3513069152832,1836900
2013-09-25,34.84854867676096,36.365537704142874,34.73056135572312,35.893585205078125,861800
2013-09-26,35.682893024974184,36.213839190259,34.646285988407996,35.000247955322266,527400
2013-09-27,35.505918903887995,35.87673673350288,34.97497263598506,35.08453369140625,343600
2013-09-30,34.45245618774034,35.20252135843071,34.26704566378036,34.334468841552734,655200
2013-10-01,33.28099971099891,33.51697436019576,32.93546402542631,33.255714416503906,1007700
2013-10-02,33.64339411239334,34.595725601015516,33.634967822632994,33.88779830932617,761100
2013-10-03,33.820373960653946,34.13219807997419,33.37370350334263,33.47483825683594,404600
2013-10-04,32.88489772755683,33.12087238447631,32.03369791810259,32.615211486816406,1253900
2013-10-07,31.940995733560726,32.76691024377752,31.620742118606927,32.4635124206543,853300
2013-10-08,32.28653248317405,32.69948814431142,31.10665273581137,31.199357986450195,972100
2013-10-09,31.19935585230077,31.2162116435288,30.19646038608376,30.79482650756836,1245200
2013-10-10,30.7863941124804,31.140359265191332,30.33972693909373,30.432432174682617,630800
2013-10-11,30.263876032410717,30.263876032410717,29.412679593376854,29.513811111450195,1329200
2013-10-14,29.749787561051786,30.061611636385802,29.33683196140383,29.437963485717773,570900
2013-10-15,29.412688661751716,30.322879034863178,29.34526548563991,30.112186431884766,696100
2013-10-16,29.968911154584966,30.221741585819526,29.564381821626995,29.78350067138672,524800
2013-10-17,31.17407053916021,31.999984934179135,31.081365304479277,31.502750396728516,1538600
2013-10-18,31.502756863367804,31.789298913512916,30.971810637969607,31.089797973632812,739400
2013-10-21,31.308914527909014,32.37922986344941,31.308914527909014,32.32023620605469,1561700
2013-10-22,33.22199488379189,34.410303778377994,33.08715180010246,34.3513069152832,1721700
2013-10-23,33.786667216006634,34.132202969321725,33.24729464643324,33.289432525634766,965300
2013-10-24,33.828799519439826,34.924400272669715,33.66867431890072,34.67156982421875,1229500
2013-10-25,34.54515517270553,35.09295392545525,34.1321963211714,34.95811080932617,1023800
2013-10-28,34.88226065550382,35.32892786592075,34.53672497642568,34.64628601074219,824500
2013-10-29,34.57885792682278,34.637851579619785,33.087154388427734,33.087154388427734,1265300
2013-10-30,33.71080770976246,34.309173775031596,32.15168413915121,33.457977294921875,761300
2013-10-31,32.44665172018679,32.62363268526322,31.620737334917063,31.67130470275879,1599500
2013-11-01,31.401617624633314,31.59545760831997,30.54199481178229,30.676837921142578,1181700
2013-11-04,30.95495567602872,31.47747241152742,30.685269411583334,31.376340866088867,1007800
2013-11-05,31.233062665561672,31.4690372768946,30.609411345007988,30.862241744995117,533800
2013-11-06,31.24991672031308,31.502747106271908,31.0729325567204,31.308910369873047,500400
2013-11-07,30.685265734656923,30.87910251306803,30.02790594570505,30.1206111907959,999400
2013-11-08,29.581236650054457,30.45771854566394,28.949158916378817,30.339731216430664,1272700
2013-11-11,30.16274799163841,30.35658476317246,29.623375546515245,30.21331214904785,423700
2013-11-12,29.89305677562517,30.415573342690877,29.235693904890553,29.522235870361328,1272500
2013-11-13,29.808781477215607,29.918342504873948,29.4969573991715,29.842493057250977,773800
2013-11-14,30.188030384819882,30.93809540006499,30.120610435933838,30.69369125366211,1441600
2013-11-15,30.7274053476914,30.92124213709189,30.204888645180777,30.3228759765625,761500
2013-11-18,29.935202144798527,30.13746522119695,29.51381698490257,29.665515899658203,1606100
2013-11-19,29.876208885671595,29.876208885671595,29.421112135219197,29.49696159362793,500500
2013-11-20,28.915452417870387,29.43796914466948,27.828277874036722,28.131675720214844,2678500
2013-11-21,27.878841055595416,28.072677824819735,27.25518966403224,27.929405212402344,1716200
2013-11-22,27.929404234383792,28.33393354924024,27.339464444625683,27.390031814575195,944600
2013-11-25,26.951791552444348,27.533301853405188,26.471412778843373,27.095064163208008,1202600
2013-11-26,26.884371893174137,26.96864924355159,26.50512622766075,26.547264099121094,1367600
2013-11-27,26.52197965377279,26.934936890617546,26.361854460834444,26.46298599243164,739500
2013-11-29,26.875941472284747,27.701855891980813,26.665248919864936,27.390031814575195,890700
2013-12-02,26.74109946353238,27.145628794971724,25.39266675127788,25.502227783203125,1842400
2013-12-03,25.401095286728626,25.578077878353767,24.60889239456037,24.65945816040039,1433800
2013-12-04,24.895433661488145,25.76348597992665,24.524614305795676,25.476943969726562,1841300
2013-12-05,24.701595949711486,25.21568632434593,24.533042861645086,24.583608627319336,1358300
2013-12-06,24.93757125903568,25.257823239472458,24.330777271518105,24.347631454467773,1446000
2013-12-09,24.490902531395438,25.055558652045864,24.490902531395438,25.021848678588867,1554300
2013-12-10,26.151164132350313,26.33657302778143,25.915187859336925,26.041603088378906,2742400
2013-12-11,25.948897246308913,26.142734021584186,25.24939638278588,25.384241104125977,1229400
2013-12-12,24.566751975986676,25.25782331000912,24.406625181592783,25.198829650878906,1684500
2013-12-13,25.46851607443166,25.721348110908792,25.22411354070609,25.476943969726562,917800
2013-12-16,25.50222806435592,26.294432552750912,25.342101266099583,25.856191635131836,1536200
2013-12-17,25.443236426363946,25.85619369052031,25.181976469636123,25.333675384521484,1265400
2013-12-18,25.257825775346404,26.28600658896753,24.962857450904416,25.181976318359375,2254100
2013-12-19,24.592036487877884,24.81115694876371,24.31392236587985,24.45719337463379,1497300
2013-12-20,24.58360815875215,24.81958440649542,24.398199283176016,24.676313400268555,1405200
2013-12-23,24.600461046017568,24.811153582810388,24.288635384283335,24.313919067382812,1170100
2013-12-24,24.389770955805197,25.29153484654294,24.347631479745655,25.2493953704834,989400
2013-12-26,25.620214338332577,25.763485339873277,25.063986122340825,25.240968704223633,756900
2013-12-27,25.46008908428743,25.932041592840818,25.299963890361507,25.889902114868164,1177200
2013-12-30,25.653927889350715,25.89833043577893,25.333674281326058,25.367385864257812,1166500
2013-12-31,25.114555419001363,26.22701361496374,25.030279671201797,26.168018341064453,1532200
2014-01-02,26.95179614526238,27.626011800742454,26.95179614526238,27.558591842651367,2196200
2014-01-03,27.786131335786862,27.979968073764795,27.42373993415901,27.51644515991211,1068000
2014-01-06,27.710287012933037,28.148527933352625,27.44060078727689,27.634437561035156,734700
2014-01-07,27.204622433802445,27.457456078805375,26.84223257932915,27.356321334838867,1053900
2014-01-08,26.909653643034726,27.069778829020468,26.639967427209644,26.7242431640625,934500
2014-01-09,26.741101299756867,26.741101299756867,26.168017237137633,26.20172882080078,955800
2014-01-10,26.715821469572816,27.567018131820063,26.648399904024807,27.558591842651367,1509000
2014-01-13,27.56701890772514,29.235703907598044,27.558592618319274,29.075578689575195,3391200
2014-01-14,28.97444326112548,29.488533648698937,28.27494238231871,28.451923370361328,2681700
2014-01-15,28.173808126778106,28.80588577865333,27.97997136599262,28.713180541992188,1244800
2014-01-16,28.90701339673757,29.252549004475906,28.856449248964438,29.10927963256836,1804400
2014-01-17,29.69922289725048,30.921237100288717,29.648655528503735,30.828535079956055,4113600
2014-01-21,30.331304145746618,32.160114131531465,30.204887316305864,32.00841522216797,3463500
2014-01-22,31.924137132749127,31.924137132749127,30.424003940959185,30.5504207611084,3347000
2014-01-23,31.39319004020547,32.21067816532666,31.157215412299635,31.266773223876953,3788900
2014-01-24,31.730302739642877,31.898854225898923,29.614947509046136,30.558849334716797,2876200
2014-01-27,30.407154149253948,30.491429893793217,28.890165028238503,28.95758819580078,3044200
2014-01-28,29.395830102451292,29.77507739511935,28.90702176636498,29.749792098999023,1957600
2014-01-29,30.238598490667574,31.06451297775092,29.665514444134068,31.022375106811523,3209900
2014-01-30,30.15431602475355,30.29758862717073,29.673937279137498,29.876203536987305,2701600
2014-01-31,30.449285305425594,30.449285305425594,29.353684793500197,29.825634002685547,1672800
2014-02-03,30.171169622944625,30.96337559249924,29.76664035153738,29.825634002685547,2433500
2014-02-04,29.58123675532292,30.963382771739614,29.58123675532292,30.84539222717285,2737600
2014-02-05,31.367906945257413,31.435326887509028,30.339726302887378,30.373437881469727,1957100
2014-02-06,30.744260787963867,31.08137020083451,30.398725086482592,30.744260787963867,2188600
2014-02-07,31.04765460593723,32.35394778596974,30.828535766315852,32.32023620605469,3764300
2014-02-10,33.33156165791754,33.963639324811986,33.002881785518554,33.67709732055664,4395200
2014-02-11,34.22490150735646,35.396351679506346,33.9973531464843,35.253082275390625,5060600
2014-02-12,35.21094170308497,35.24465328627921,33.50011904239654,33.710811614990234,4284300
2014-02-13,33.98892396029414,35.94415058154777,33.710808249080884,35.81773376464844,6274800
2014-02-14,36.92176002987441,37.5875459798134,36.49194546930915,37.115596771240234,5838500
2014-02-18,37.1577442896224,37.3094432074865,36.247550782437784,36.643653869628906,4390500
2014-02-19,36.18855013039757,36.7953456847215,34.03106054153576,34.1490478515625,6030400
2014-02-20,34.4355899036728,36.63522057728646,34.3765962485494,36.34867858886719,6336200
2014-02-21,36.272833895064224,36.61836958386147,35.41320781722175,36.163272857666016,2820900
2014-02-24,36.88805045852847,37.25886817326408,36.70263999370415,36.89647674560547,3012300
2014-02-25,36.58465629570186,36.66893203444119,35.74188604865513,35.843017578125,3133300
2014-02-26,35.33735701655525,35.56490537098372,34.24175632905448,34.69684982299805,3515000
2014-02-27,34.840122437970074,35.73346006481001,34.309176277636965,34.69684982299805,2692500
2014-02-28,34.78113237090033,35.10981228961792,34.39345878548542,34.840126037597656,2092100
2014-03-03,36.63522887258826,36.72793412731999,35.328932232152155,35.354217529296875,3432600
2014-03-04,34.55358069172993,35.53119406563112,34.51986910971976,35.29521942138672,1795000
2014-03-05,35.42163538056585,36.281261489351564,35.18566072067262,35.92729949951172,2785700
2014-03-06,36.59307951035689,36.78691948002182,36.28125544531374,36.702640533447266,3018600
2014-03-07,35.62389700300581,35.96100315654869,35.438486528863635,35.81773376464844,2766000
2014-03-10,35.607041895939524,35.69131763221313,34.72213380541362,34.87383270263672,2885200
2014-03-11,35.55647396431468,35.733458151558494,34.79798270507784,35.06766891479492,2280900
2014-03-12,36.07056658177346,36.48352542484309,35.7081751118083,36.44981384277344,4374600
2014-03-13,36.449808950302234,38.00050615331623,36.28968377933432,37.78138732910156,5089500
2014-03-14,38.64101138281396,38.76742819550367,37.2925803837182,37.60440444946289,4388200
2014-03-17,37.36000249459279,37.730820205228426,35.868298935240425,35.885154724121094,5490100
2014-03-18,35.16879945813795,36.05370751000613,34.64628284325887,35.05923843383789,3944600
2014-03-19,34.68842555255934,35.008679167964466,33.238859602222654,33.26414489746094,4910700
2014-03-20,32.8174753659907,34.37660239941284,32.67420595360301,33.62653732299805,4295100
2014-03-21,34.36816912262289,34.74741637100348,33.356847413492375,33.58439254760742,2444100
2014-03-24,32.74162077244454,32.83432600823155,31.089791962698524,31.334196090698242,7682200
2014-03-25,31.646023740345562,32.244389874549626,31.528036414154737,32.00841522216797,3856200
2014-03-26,32.02526947086476,32.278099902652066,30.21331214904785,30.21331214904785,6240800
2014-03-27,30.17960120985549,31.34262173992208,30.095322263168217,31.27520179748535,4116200
2014-03-28,30.92967008192862,31.983132937478548,30.735833302297053,31.426904678344727,3656500
2014-03-31,31.207780685874074,31.603883723986968,30.38186624367681,30.52513885498047,4494900
2014-04-01,30.74425809663845,31.233066381019672,30.179603576660156,30.179603576660156,2681400
2014-04-02,31.300486191288012,32.04212490247595,31.123505212512026,31.831432342529297,6942100
2014-04-03,31.308918702371386,31.351056575426888,30.81168408452371,31.072940826416016,3616200
2014-04-04,32.10112218415889,32.261247390417076,31.418477055537515,31.6038875579834,3386000
2014-04-07,31.283631499111703,32.06740810682572,30.845390573245865,30.895957946777344,3178600
2014-04-08,31.755584559799455,32.227537076230405,31.25834996361964,32.15168762207031,4253800
2014-04-09,31.806152709025795,32.86804187822176,31.52803696535925,32.36238098144531,2699400
2014-04-10,32.86803341699058,33.00287650241249,31.629160359424233,31.65444564819336,4492700
2014-04-11,31.603885197033183,32.08426399483501,30.634698098358783,30.79482650756836,4434900
2014-04-14,31.233070124621108,31.797724712279003,31.013948034698842,31.18250274658203,3946500
2014-04-15,29.850914628684638,30.188023945952295,29.429529589556424,30.02789878845215,5082800
2014-04-16,30.12903706456574,30.381867501845143,29.657084557374333,29.918344497680664,1471800
2014-04-17,29.825640639263693,30.112182672133788,29.100857661126774,29.210418701171875,3279100
2014-04-21,29.100854032769337,29.4801012664758,28.460350094108676,29.36211395263672,4549600
2014-04-22,29.2694107050134,30.196459918726294,28.90701923650316,30.162748336791992,3802800
2014-04-23,30.095324102603,31.34262365559217,29.935198916479916,31.098222732543945,5465600
2014-04-24,30.575700743604646,31.494320357644686,30.154315658538813,30.221738815307617,3886600
2014-04-25,30.685267521740382,31.612313596812285,30.51671281311449,31.553319931030273,4553400
2014-04-28,31.401616799999534,31.494322038046462,30.348154031126704,30.466144561767578,5234000
2014-04-29,30.398717122525934,31.460609244430902,30.398717122525934,31.308910369873047,4394000
2014-04-30,30.963378475125392,31.25834675832717,30.5841312432137,30.761112213134766,3471200
2014-05-01,30.25544709537091,30.60940898508051,29.850914628684638,30.02789878845215,4569600
2014-05-02,30.095321043250145,31.056078492149016,30.095321043250145,30.862241744995117,4308500
2014-05-05,31.494321354958792,31.587026590995013,31.013942599964885,31.233064651489258,2662800
2014-05-06,31.19935639467528,31.25835005754222,30.91281436864435,30.954952239990234,2130600
2014-05-07,30.81168213864222,30.82010842675571,29.648658269260842,29.918344497680664,4947400
2014-05-08,29.783498385043504,30.30601499813883,29.657081571673984,29.77507209777832,2105600
2014-05-09,29.8930595251484,30.01104683679818,29.134565071809636,29.555950164794922,3622600
2014-05-12,30.103752253272845,30.14589011984299,29.699222947355807,29.88463020324707,3013900
2014-05-13,29.850918792058465,30.26387760256199,29.572806299199488,29.6823673248291,2231100
2014-05-14,30.221738815307617,30.373437703124363,29.926767326813696,30.221738815307617,3577300
2014-05-15,30.002620903178023,30.061614566019774,29.286267445863317,29.623376846313477,3858000
2014-05-16,29.49695579111143,29.69922204538365,29.24412538445594,29.598087310791016,2576300
2014-05-19,29.90991256358378,29.918338850106675,29.235693904890553,29.522235870361328,3280500
2014-05-20,29.277834582218823,29.623370193367258,29.14299149530511,29.336828231811523,1938700
2014-05-21,29.134563655747257,29.657080245476834,29.025002636720536,29.64022445678711,2215300
2014-05-22,29.95205801322353,29.97734009410928,29.522243348683975,29.741365432739258,1493500
2014-05-23,29.589664851075206,29.732934254576872,29.328404908620243,29.421110153198242,1828000
2014-05-27,28.848028916664877,28.898596295422887,27.853559638820407,28.005258560180664,6522600
2014-05-28,27.845130573862654,28.06424943014195,27.331040193272116,27.895694732666016,7590200
2014-05-29,27.752425986525477,28.49406474402931,27.743996483249717,28.148529052734375,4527700
2014-05-30,28.022113738702974,28.814316699059777,27.56701698460039,28.746896743774414,4610200
2014-06-02,28.35078784764321,28.88173395198291,27.963114343166055,28.123239517211914,4469500
2014-06-03,28.199092849729954,28.435070714710534,27.634438304236987,28.376073837280273,2463900
2014-06-04,28.342366117234697,28.53620290063697,28.1569556222788,28.258087158203125,1527300
2014-06-05,28.53619911580425,29.126138891125706,28.485631747092192,28.982866287231445,4078600
2014-06-06,28.999725015962568,29.47167752703537,28.654189332025854,29.421110153198242,3782800
2014-06-09,29.496958162526056,29.657083349468124,29.294691891992596,29.32840347290039,1487000
2014-06-10,29.732939023754586,30.65998840332031,29.581240092824082,30.659988403320312,6737100
2014-06-11,30.752688295017272,31.637596427712257,30.46614627715368,31.570173263549805,5416700
2014-06-12,31.71344989272715,33.466410588883384,31.69659409955373,33.398990631103516,9999600
2014-06-13,33.22200626783275,33.407416777031806,32.2275401941742,33.247291564941406,6481900
2014-06-16,33.449550898751,33.46640668996068,32.514078598464664,32.59835433959961,5559700
2014-06-17,32.10954416317141,32.977599677727405,31.94099269074959,32.42137145996094,3814300
2014-06-18,32.514082458549446,34.03949477261832,32.38766561692532,33.9046516418457,8696600
2014-06-19,34.932827858009205,36.6773620359212,34.80641103326811,36.29811477661133,13952800
2014-06-20,35.800877353445536,36.12955721378405,34.36816738474022,34.75584411621094,12370100
2014-06-23,35.08453017209379,35.85145105328454,34.65471549812506,35.3879280090332,6531600
2014-06-24,35.733461597855054,36.10427936825108,33.567542208785014,33.710811614990234,9578600
2014-06-25,33.92150778530746,34.966544470770955,33.820376239912235,34.71371078491211,7973900
2014-06-26,34.317601554549825,34.90753808792504,34.106909016940676,34.78955078125,2729000
2014-06-27,34.92439235753325,35.11822909791233,33.972064443702955,34.16590118408203,5666800
2014-06-30,33.96363825880696,35.75873967662066,33.651814186435196,35.6154670715332,9296100
2014-07-01,35.69975430712877,36.05371632848737,34.80641653454949,34.81484603881836,8088500
2014-07-02,34.941255647417925,35.910442772308734,34.941255647417925,35.01710510253906,7299700
2014-07-03,34.418738262354225,36.15484619140625,34.241757275655075,36.15484619140625,7632000
2014-07-07,35.3710701362521,35.97786255953157,35.13509226866953,35.4132080078125,7062100
2014-07-08,35.918864363149154,36.508804135280705,35.41320353841532,36.003143310546875,7819900
2014-07-09,36.314966755289205,38.135350193962495,36.314966755289205,37.9499397277832,11505400
2014-07-10,39.14668295724757,39.18882083128772,36.71107718771072,36.795352935791016,10261800
2014-07-11,36.87962279627425,38.396611738851625,36.83748492896114,38.3713264465332,8439000
2014-07-14,36.63522287696542,37.29258262669767,36.24754612835944,36.534088134765625,11505200
2014-07-15,36.795345861767665,37.1577372956867,34.92439503687526,34.94968032836914,12500800
2014-07-16,35.303648598261866,35.98629372271708,34.80641397512098,34.932830810546875,5428800
2014-07-17,35.49748233432043,37.65497535019614,35.19408452733175,37.494850158691406,18451200
2014-07-18,36.44139361667509,36.87963139682692,35.85145369197448,36.82906723022461,10153800
2014-07-21,37.11560295274951,37.41057125723396,36.373964225157096,37.19987869262695,5148900
2014-07-22,37.006045661468264,37.157744580519974,36.04528798408325,36.146419525146484,7591500
2014-07-23,36.20540810663492,36.761636326726034,35.244650564196924,35.67446517944336,7411200
2014-07-24,35.13508980504848,35.14351930771761,34.073200727582375,34.528297424316406,10525400
2014-07-25,34.72213880173179,36.239124777335164,34.5620103788918,36.146419525146484,11418500
2014-07-28,35.73345878395343,37.21673296364771,35.73345878395343,36.67736053466797,7682100
2014-07-29,37.01446591433247,37.01446591433247,35.76716639490606,35.81773376464844,9559700
2014-07-30,35.80088247061161,36.222267626642704,35.16037844800635,36.12956237792969,7749700
2014-07-31,35.27836048243801,35.69974557522411,34.949680624450956,35.05923843383789,9285700
2014-08-01,35.69975092187548,36.06214241313892,35.19408680585239,35.522769927978516,7742100
2014-08-04,35.19408377171595,35.5227668655058,34.23332621348818,34.28389358520508,9966100
2014-08-05,34.31761271272913,34.890696858554136,33.45798649399161,34.831703186035156,10563500
2014-08-06,35.800883998123226,36.03685866679658,35.10138628102132,35.75031661987305,9528900
2014-08-07,35.58175786794074,36.13798605563628,35.101379124699726,35.699745178222656,5227300
2014-08-08,35.81773681854809,36.011573596717675,35.09295386501014,35.253082275390625,5970200
2014-08-11,35.126661120993894,36.02842495027558,35.126661120993894,35.80087661743164,5522500
2014-08-12,36.18855487454389,36.53409056274018,35.784025523600434,35.91044235229492,5974900
2014-08-13,36.07899094896544,36.373959212803086,35.657605877818554,35.784019470214844,3194200
2014-08-14,36.045287845792785,36.1969867642625,35.35421642383689,35.3879280090332,5101700
2014-08-15,34.7726920819025,35.89357783132084,34.69684264611545,35.649173736572266,6672600
2014-08-18,35.28678503449322,35.84301320102165,35.27835874761364,35.68288803100586,2836200
2014-08-19,35.87672810414164,35.87672810414164,35.202512569321435,35.2277946472168,4757400
2014-08-20,35.38793106496182,35.6576173399937,34.9833984375,34.9833984375,3207600
2014-08-21,34.359748768571905,34.77270445430214,34.17433825625245,34.71371078491211,7641700
2014-08-22,34.713710015808886,35.00868157113765,34.42716796444272,34.50301742553711,3594000
2014-08-25,34.46088133368248,34.46088133368248,33.91308249957767,33.9215087890625,4306300
2014-08-26,34.39345313554382,34.78955294474082,34.039487978593336,34.66313934326172,6975600
2014-08-27,34.77269663692873,34.89068716409679,34.46087256669598,34.56200408935547,2662900
2014-08-28,35.03395525962516,35.32892352937047,34.81483643280193,35.09294891357422,4948900
2014-08-29,35.03395419586363,35.52276241650013,34.949678468470466,35.480621337890625,3269700
2014-09-02,34.54515828686364,34.76427716473385,33.82880155573299,33.84565734863281,11103800
2014-09-03,34.039488388926664,34.300748312327286,33.90464528344223,34.02263259887695,5797800
2014-09-04,34.26704002319162,34.35131576662067,31.865145971414876,32.16011428833008,15836500
2014-09-05,32.404515288751114,33.356846528321306,31.87356915510768,33.12086868286133,8694200
2014-09-08,32.69948197715962,32.69948197715962,31.283627833321244,31.401615142822266,12299700
2014-09-09,31.43533101294213,32.64892228186832,30.980234287094806,32.404518127441406,10882700
2014-09-10,31.856716552192026,32.31181328370234,31.342626157142984,31.688161849975586,9370100
2014-09-11,31.351050517198686,32.699481483887936,31.005514881052505,32.43822479248047,13181500
2014-09-12,31.797718210650178,32.210677009581275,31.54488780197809,31.595455169677734,8284700
2014-09-15,31.85671062086598,32.573067168180714,31.69658545177614,32.48036193847656,9976300
2014-09-16,32.49722035805119,33.39055472044251,31.940992149706574,32.96916961669922,7771500
2014-09-17,32.95231729422855,33.34842036220015,31.41004932399498,31.688161849975586,11353400
2014-09-18,31.603885807726705,32.050553031703586,31.418475315549053,31.755584716796875,7308900
2014-09-19,31.637593243084122,31.69658689833128,30.499851574218,30.62626838684082,11207100
2014-09-22,30.35658181048736,30.424001752113355,28.83959615240234,29.142993927001953,13820400
2014-09-23,29.842495297467906,30.482999291655176,29.28626704478225,29.96891212463379,11294800
2014-09-24,29.6402245350706,30.19645591856167,29.20198688763221,29.539093017578125,6832800
2014-09-25,28.982869581627366,30.23859872061676,28.864882256134436,30.154319763183594,8508100
2014-09-26,29.800353637580304,29.994190390318302,29.15984650992052,29.319974899291992,7404600
2014-09-29,29.51381614417673,29.598091887789803,29.176706739897355,29.20199203491211,4047400
2014-09-30,28.932306049845636,29.370543778352843,28.232805155083557,28.33393669128418,10256700
2014-10-01,28.527768709547107,29.13456425521053,28.443492979277426,28.51934242248535,7117700
2014-10-02,28.687901156198627,28.797458978064927,28.14009918721318,28.376073837280273,5280800
2014-10-03,27.710288544544227,27.845131664825388,26.361855734275817,26.403993606567383,16595900
2014-10-06,26.682107241614677,27.94626267608457,26.4292767977034,27.701858520507812,12232900
2014-10-07,27.80299329407382,27.920980620340327,26.361855261652945,26.4966983795166,12841300
2014-10-08,27.03607690368971,29.34526607864504,25.611792821228967,29.041868209838867,25150800
2014-10-09,28.915448250302944,28.915448250302944,26.800093135953663,27.727142333984375,18435100
2014-10-10,27.516448631992365,28.510917736606924,26.901225157259503,27.390031814575195,9294400
2014-10-13,27.777707408906902,28.79745866701178,27.701857955788405,27.895694732666016,11323600
2014-10-14,28.013689836776777,28.468783414741672,27.6091572109418,27.853561401367188,6607200
2014-10-15,27.996829654159345,28.73846518380276,27.457457190813784,27.870412826538086,7103100
2014-10-16,27.54173479139195,28.510921962128805,27.54173479139195,28.047395706176758,4408000
2014-10-17,28.072676841784133,28.072676841784133,27.204621339673533,27.390031814575195,7225300
2014-10-20,27.65971891650448,27.83669989466558,27.39003269790281,27.67657470703125,4453600
2014-10-21,28.089535089834428,28.182237120484242,27.516451039909885,27.668149948120117,4208800
2014-10-22,27.33104115420767,27.432172690283544,26.168017237137633,26.20172882080078,13876600
2014-10-23,25.898329471561844,26.690533958939348,25.165120252118463,26.631540298461914,12707700
2014-10-24,26.63153863540996,26.63153863540996,25.89832785429649,26.083738327026367,6757300
2014-10-27,25.729773615805207,25.788767269932126,24.920713424682617,24.920713424682617,8489500
2014-10-28,25.52751486875482,26.10902525734331,25.072418104687078,25.97418212890625,11810600
2014-10-29,25.535940006997663,26.041602519577747,24.0105261806346,24.10323143005371,19283000
2014-10-30,23.825114992945043,23.951530207041728,22.00473140907409,22.0468692779541,24299000
2014-10-31,20.690008758913475,21.532778999316577,20.209629979076773,20.622587203979492,26052600
2014-11-03,20.740577104924263,22.190141407821535,20.563594510248993,21.836177825927734,22997400
2014-11-04,21.701334537040733,21.979448662925897,20.555166450989514,20.656299591064453,20896200
2014-11-05,19.70396890951914,20.462463465592354,18.827488633272107,19.139312744140625,31198600
2014-11-06,19.602833397494983,20.740573393371925,19.493272380526676,19.712392807006836,28702100
2014-11-07,20.361328886101184,22.09743513180294,20.30233522644703,21.945737838745117,40705600
2014-11-10,21.38108233801511,21.54120753105382,19.939944348469684,20.378185272216797,33851400
2014-11-11,20.925985834813144,22.282846490059924,20.799570615230518,21.684478759765625,30838700
2014-11-12,21.912028463005598,22.535678310980938,20.87542134842997,21.574920654296875,14866400
2014-11-13,21.95416169890443,22.046866929513442,20.66472440203024,20.791139602661133,18627000
2014-11-14,20.260199785852848,22.358697743770882,20.108500867155204,22.206998825073242,28446100
2014-11-17,21.94573800413425,23.28574121804532,21.63391230545372,23.17618179321289,22367700
2014-11-18,23.85039492396507,25.08084019545177,23.78297337535323,24.743732452392578,26602200
2014-11-19,24.75216273381715,24.844866367437763,22.88121176636901,22.97391700744629,39811900
2014-11-20,23.89253620373845,24.48247439685082,23.40372953746517,24.018951416015625,25874800
2014-11-21,24.954428924371296,25.097699938676236,23.951531824236717,24.27178382873535,17955900
2014-11-24,24.212788865702173,24.72687923192994,24.010524198856007,24.027379989624023,9112900
2014-11-25,24.179078657305062,24.74373478290816,24.077945521133714,24.701595306396484,16192300
2014-11-26,24.64259945790448,24.819582028620033,24.12008285522461,24.12008285522461,10323900
2014-11-28,22.813793640018062,22.847505226369762,21.153536591162617,21.23781394958496,28828300
2014-12-01,22.04686788646271,23.60599304846853,21.819319550976424,23.327878952026367,31531500
2014-12-02,22.358696155148262,22.83907495858784,21.406364836525288,21.785612106323242,24310200
2014-12-03,22.25756064277817,22.957059837860484,22.122717540650733,22.181711196899414,21555900
2014-12-04,22.383977500992085,22.586242169101016,21.532779351373232,21.650768280029297,13892800
2014-12-05,20.93441059203121,21.4063614245329,20.698434372052116,20.791139602661133,16406100
2014-12-08,21.187247730986027,21.566495060938497,19.796676866921967,21.15353775024414,22101500
2014-12-09,21.97944586189378,22.577813515547103,21.819319080288448,21.996301651000977,21519000
2014-12-10,21.93731329181366,22.442974227433897,21.204102363233257,21.23781394958496,20672600
2014-12-11,20.8585650259387,21.591775897767835,20.690010322140317,20.740577697753906,16985800
2014-12-12,20.664726002115476,20.8164248976013,20.09164200026085,20.260196685791016,15330300
2014-12-15,19.77139079837188,20.159065978758267,18.52409111922001,18.59151268005371,33554900
2014-12-16,19.291010230285618,19.510130685024656,18.03528276876535,18.094276428222656,18161900
2014-12-17,18.21226460770223,19.653400883766313,18.094275686169727,19.38371467590332,29720000
2014-12-18,19.8303841696393,21.052400043536945,19.45113692164475,20.892274856567383,29892900
2014-12-19,20.715289045135773,20.833276345042677,20.03264571252863,20.35289764404297,22584400
2014-12-22,20.164416801759806,20.283280214175093,18.704089094255778,18.87389373779297,26310400
2014-12-23,19.0012485414267,19.807825900142706,18.33900764673483,18.542774200439453,18563500
2014-12-24,18.449378780344926,19.527644771605136,18.33900584851636,19.171052932739258,14858700
2014-12-26,20.028571429494445,20.096493607363744,19.587076463647787,19.90970802307129,12846800
2014-12-29,19.782354219875877,19.84178754757915,19.29840845861171,19.4427433013916,13936700
2014-12-30,19.926688050352045,20.554968622478572,19.82480558967883,20.478557586669922,22044400
2014-12-31,20.223846165618884,20.690812524894806,19.85027340207662,20.31723976135254,9126700
2015-01-02,19.824807716811016,21.234194322688634,19.74839505341104,21.191741943359375,17181700
2015-01-05,21.607764450442918,22.388870318694888,21.157779002415513,22.100200653076172,16481400
2015-01-06,22.49924624304588,23.8322201953235,22.363401866978904,23.543550491333008,28555900
2015-01-07,22.87281868686079,23.866181681596185,22.567168036359842,22.847347259521484,14134900
2015-01-08,22.99167990357043,23.48411611581248,21.998317004120985,22.346418380737305,15292100
2015-01-09,22.966210743528844,23.475627955938673,22.779425134048733,23.3312931060791,18461100
2015-01-12,23.64543435278337,24.85105439318008,23.50109950219388,24.57087516784668,19137800
2015-01-13,25.139726059371338,25.15670539299698,23.28884428457308,23.636945724487305,20518300
2015-01-14,24.197304016953215,24.32465792474283,22.524719024025927,23.136018753051758,16920200
2015-01-15,24.12937818569827,24.587852508473333,23.9510814461689,24.265222549438477,21063800
2015-01-16,24.45200684167304,25.03783664120386,24.290692680448405,24.528419494628906,12681800
2015-01-20,25.190663737179648,25.649138068101845,24.986897187948383,25.55574607849121,14868600
2015-01-21,25.96327563446379,26.09911998208305,24.57087026167024,25.17367935180664,15948000
2015-01-22,25.513292926072403,25.589705582134442,24.63030457292249,24.681245803833008,13757300
2015-01-23,24.36710547976426,24.570872015739663,23.373742604763876,23.45015525817871,18003300
2015-01-26,23.000169890974103,24.103905702790733,22.787912879517634,24.07843589782715,13277500
2015-01-27,24.256734545464923,25.046331002266324,24.095418739816974,24.978408813476562,14783600
2015-01-28,24.47747919893386,24.71520764156965,23.271859274481862,23.45864486694336,21107600
2015-01-29,22.881309452591918,23.169979155191342,22.03228129656836,22.575658798217773,19734500
2015-01-30,22.838852643124735,23.628448934172237,22.46527987350597,23.55203628540039,19067800
2015-02-02,22.906780278154837,23.96806552031612,22.830367611167805,23.39072608947754,15603400
2015-02-03,23.212427264461375,23.501096934095784,22.584146695078406,22.779422760009766,16334000
2015-02-04,23.136018279115937,23.61996409043864,22.881310468754336,23.39072608947754,11304700
2015-02-05,23.2209151577444,24.035981226524246,23.102050141503092,23.86617660522461,11893600
2015-02-06,22.855835280160044,23.373742911344262,22.618106842041016,22.618106842041016,20187100
2015-02-09,22.974702939508752,23.27186313727972,22.91527122383312,23.136018753051758,10322000
2015-02-10,22.949227372236006,22.96620670146024,22.626595826089666,22.68602752685547,9910200
2015-02-11,22.81338460873696,22.889795644041314,22.210573846060935,22.329437255859375,10190800
2015-02-12,22.660559329490006,22.864325869155202,22.473772120252526,22.60112762451172,9187100
2015-02-13,22.966210219100404,23.203938677967894,22.898288033622926,22.92375946044922,9006000
2015-02-17,22.354908898530336,22.541694489948092,22.142651882167765,22.202083587646484,12601300
2015-02-18,22.2020827478986,22.898285476132603,21.87096233310254,22.804893493652344,13788600
2015-02-19,22.711499404907226,22.95771830660524,22.236044169860545,22.286985397338867,11128100
2015-02-20,22.44830667541096,22.677543064942267,21.93039894104004,21.93039894104004,8497700
2015-02-23,21.66719835944269,22.337929742943267,21.66719835944269,21.86247444152832,7264600
2015-02-24,21.675690093952557,22.083223233119146,21.522864761916903,21.921907424926758,5923300
2015-02-25,22.210576144095757,22.482264891398398,22.09171272199902,22.219066619873047,11375500
2015-02-26,22.736973544850645,22.75395287644375,22.253026158113293,22.388872146606445,7674300
2015-02-27,22.601126230574874,22.813383232059117,22.439810456016975,22.558673858642578,6442900
2015-03-02,22.694519800831948,22.770932456273876,22.066239226725838,22.202083587646484,10394800
2015-03-03,22.261516790264793,22.5162261986652,21.811532921724876,21.955867767333984,8166100
2015-03-04,21.930393956437946,22.032278032599958,21.40399586515372,21.437957763671875,11332400
2015-03-05,21.573807003977702,21.87096720572857,21.327589661539204,21.446453094482422,5222200
2015-03-06,20.614401043805824,20.76722472811866,19.81631424634072,19.89272689819336,23216400
2015-03-09,20.03706174119157,20.03706174119157,18.822951404683796,18.83144187927246,21109400
2015-03-10,18.839934464007882,19.018229592162303,17.557901806590515,18.075809478759766,29643200
2015-03-11,18.033356094742146,19.05219043114714,17.57488177693467,19.01822853088379,31411800
2015-03-12,19.23897479935238,19.35783820392026,18.57673236091899,18.67012596130371,19475500
2015-03-13,18.95030738661615,19.043700998057858,18.28806648917166,19.02672004699707,15163200
2015-03-16,18.975781024377167,19.12860636294712,18.568247867785832,18.755033493041992,11483600
2015-03-17,18.355990323705555,19.009740804373294,18.262596703870404,18.34749984741211,12870600
2015-03-18,18.398438970674523,19.73141282704292,18.17769147060059,19.697452545166016,21488700
2015-03-19,19.4002960286394,19.935183118907375,19.230489729199437,19.714435577392578,13806600
2015-03-20,19.960649779486694,20.690814425435264,19.892727599821185,20.461576461791992,16225700
2015-03-23,20.68232293782226,21.08985599586003,20.588929338083112,21.047405242919922,13714700
2015-03-24,21.15778136876994,21.166271844519205,20.826660911511798,21.106840133666992,7482900
2015-03-25,21.285132544998977,21.42946737549854,20.80967729957378,20.826658248901367,10267500
2015-03-26,21.20023007093692,21.344564905883473,20.223848126012623,20.3512020111084,15289700
2015-03-27,20.257812854027485,20.410638185236273,19.841789240955087,20.020084381103516,10944600
2015-03-30,19.62953203968973,19.73141451342059,19.26444966680327,19.37482261657715,13022300
2015-03-31,19.519157003796316,19.663491854291074,19.043701692504687,19.272939682006836,11442600
2015-04-01,19.544627054258868,20.47006780351093,19.485195346958886,20.453086853027344,23133200
2015-04-02,20.300260521300316,20.495536583909015,19.850275072365385,20.121965408325195,12340900
2015-04-06,21.01344565701639,21.21721220845429,20.835150531780457,21.11532974243164,17404700
2015-04-07,20.93703261986112,21.04740717868461,20.52949952434186,20.63138198852539,12713400
2015-04-08,20.673835104689115,20.792698523621603,20.155927431810188,20.283281326293945,11246600
2015-04-09,20.147434798438375,20.17290622236415,19.918196841283766,20.05404281616211,7251200
2015-04-10,20.51251892003417,20.75024737279547,20.487047493862125,20.66534423828125,10466500
2015-04-13,20.656851150124755,20.7332637995833,20.189886398449108,20.27478790283203,9210700
2015-04-14,20.300261758811335,20.648363150557657,20.2153586248602,20.325733184814453,6013600
2015-04-15,20.521007360574668,21.29362273119609,20.41912328538184,21.2426815032959,15086900
2015-04-16,21.29362497931342,21.488901056374527,20.741757030518183,21.004955291748047,9122900
2015-04-17,20.987973870943307,21.259664220927885,20.852129505647305,20.903072357177734,6175500
2015-04-20,20.665344712700687,21.05589687328247,20.554970149480525,21.038917541503906,6870100
2015-04-21,20.962506141796744,21.412490039157547,20.894583952418166,21.27664566040039,7685500
2015-04-22,21.12381993343049,21.268154785578133,20.57195195265163,20.580442428588867,12175300
2015-04-23,20.63987368381322,21.22570355537142,20.588932448710278,21.106840133666992,10812000
2015-04-24,20.903074742558154,21.157782551706315,20.5379923618911,20.55497169494629,11070000
2015-04-27,20.741753413151965,21.420975136383138,20.699301043329815,21.16626739501953,14990400
2015-04-28,21.29362071023894,21.98982336323793,21.276639762753042,21.964353561401367,15620800
2015-04-29,21.964358355604297,22.414342226453464,21.692667994704397,21.84549331665039,12850600
2015-04-30,21.370038813625392,21.370038813625392,20.99646597046584,21.174762725830078,15023400
2015-05-01,20.97099485014866,21.29362481765271,20.826660007461758,21.25966453552246,4896000
2015-05-04,21.735121349969734,21.887946678787273,21.514373832721372,21.820024490356445,10127500
2015-05-05,21.99831768509293,22.125671574730305,21.36154661751349,21.54833221435547,8383700
2015-05-06,21.675689528315292,21.70964981266326,21.0813691679952,21.208723068237305,8815800
2015-05-07,20.996463628639496,21.285133299876293,20.73326538229742,21.25117301940918,7356900
2015-05-08,21.43795897933009,21.616254098483424,21.106838546963875,21.463430404663086,7366500
2015-05-11,21.531350464997814,21.7775677413905,21.24268081723233,21.590782165527344,7770400
2015-05-12,21.684178914537775,22.02378983791421,21.65021701250382,21.97284698486328,9936300
2015-05-13,22.38038185168755,22.7454642038631,22.244537481490966,22.584148406982422,13516800
2015-05-14,22.804892514140487,23.16997481189748,22.482260968470055,22.507732391357422,9799600
2015-05-15,22.482263004040288,22.92375799104046,22.286986935733783,22.669050216674805,5814100
2015-05-18,22.855840413619866,22.957724515523502,22.567170680851238,22.67754364013672,5672900
2015-05-19,22.32094712104652,22.439810524032403,21.930393395047684,21.94737434387207,12160600
2015-05-20,22.074732343157788,22.448305190087343,22.057751391162647,22.303970336914062,8221200
2015-05-21,22.142650363967242,22.354907365776512,22.04925676496559,22.09170913696289,5131800
2015-05-22,22.11717998328302,22.312457664890378,21.989826100072996,22.100200653076172,3620000
2015-05-26,21.59927657163008,21.743611421786845,21.429470294012948,21.480411529541016,10747500
2015-05-27,21.488901432468463,21.701158464134785,21.344566586159658,21.667198181152344,4791800
2015-05-28,21.48890160929168,21.896436344182856,21.302116002869685,21.86247444152832,7884200
2015-05-29,21.845496036701096,22.04926261820315,21.7011611723797,21.80304527282715,4244400
2015-06-01,22.083222005925066,22.202085426728402,21.658707938035832,21.7181396484375,5347200
2015-06-02,21.947375345467147,22.202083111887198,21.811530987457456,22.100200653076172,9261900
2015-06-03,21.972845117013392,22.176613273110117,21.72662782576795,21.828510284423828,7506400
2015-06-04,21.607765764307906,21.667197472126844,21.403997595510717,21.420978546142578,7125100
2015-06-05,21.115330035723403,21.378528299229096,21.03042689993016,21.200231552124023,6993700
2015-06-08,21.34456309528709,21.616251792282863,21.18324894356608,21.573801040649414,6666300
2015-06-09,21.769082524691616,21.77757300101676,20.72477822759067,21.361549377441406,4758900
2015-06-10,21.692667988541015,21.853983786037357,21.53135381043731,21.667198181152344,6363700
2015-06-11,21.454939446388924,21.514371151434972,21.21721100681222,21.268152236938477,7447900
2015-06-12,21.191740256865092,21.34456557150281,20.979483235288836,21.06438636779785,5829800
2015-06-15,21.072880190504424,21.429472108174377,20.937035804667566,21.14080238342285,4888200
2015-06-16,20.954010940255518,21.157777462438833,20.869107817831047,20.979480743408203,4041800
2015-06-17,20.970992351576022,21.70115533400394,20.9200495053613,21.6417236328125,10404300
2015-06-18,22.023788969496437,22.08322067631979,21.84549222963382,21.98133659362793,10706300
2015-06-19,21.88794382458305,21.93888505441522,21.505880552360544,21.701156616210938,6732300
2015-06-22,21.395506000049647,21.624742326657437,21.259661651173783,21.285131454467773,9777400
2015-06-23,21.225701419636295,21.488899663809885,21.166269714764113,21.23419189453125,5726800
2015-06-24,21.140798464257895,21.370036430132856,21.11532865875569,21.25117301940918,3553800
2015-06-25,21.251174110056905,21.353056576079553,21.11532974243164,21.11532974243164,4753600
2015-06-26,21.06438775492065,21.200232128123613,21.013446519817705,21.106840133666992,3322200
2015-06-29,21.16627337225463,21.28513680253836,20.733268794144607,20.767229080200195,6309400
2015-06-30,20.622889518857026,20.877597254075187,20.444592808690484,20.504024505615234,6379700
2015-07-01,20.504028267605403,20.504028267605403,19.655000168579154,19.697452545166016,12840200
2015-07-02,19.790845869315515,20.26630280279166,19.782355393425654,20.24083137512207,8963100
2015-07-06,19.986122831059834,20.37667499108041,19.84178798509731,20.138946533203125,5102000
2015-07-07,19.629529492355786,19.722921477924093,19.001247301846213,19.111621856689453,14095700
2015-07-08,19.28142591509551,19.306897339149987,18.678616787005094,18.70408821105957,9138900
2015-07-09,19.188034838395208,19.332369676067717,18.848423931928288,18.87389373779297,8455400
2015-07-10,19.043701400524245,19.07766168397091,18.75503170396065,18.91634750366211,3786900
2015-07-13,18.678617101222734,19.434251547566603,18.52579179310993,19.383310317993164,9778700
2015-07-14,19.31538577436151,19.47670153755525,19.103128787830066,19.1370906829834,6641800
2015-07-15,18.907856210693428,19.001248200679537,18.670127759271548,18.780502319335938,8773900
2015-07-16,18.64465495101188,18.890873859523037,18.585223247410557,18.738048553466797,3896100
2015-07-17,18.593715405428757,18.62767730735695,17.77864919186347,17.914493560791016,13803200
2015-07-20,17.02301256395438,17.252250537005708,15.639097489200847,15.842864036560059,35206600
2015-07-21,16.10606038587712,16.717361575033525,16.097569911650798,16.4626522064209,14485300
2015-07-22,15.936257249728268,16.488125170905604,15.808903363209271,16.250396728515625,14785900
2015-07-23,16.42869217724768,16.49661435269263,15.605133978161188,15.749468803405762,17135800
2015-07-24,15.460803038523974,16.674913646700986,15.214585697928857,16.54755973815918,29853500
2015-07-27,16.539065594557698,17.13338586183461,15.868334294612131,15.970216751098633,18819600
2015-07-28,16.173983795610305,16.428693183676785,16.114552090879208,16.34379005432129,12966000
2015-07-29,16.267378566082122,16.81075604188512,16.055121537172496,16.691892623901367,14973900
2015-07-30,16.369262861111377,16.590010368317838,16.01267098322288,16.114553451538086,14504500
2015-07-31,16.54755805821018,16.632461195082744,16.250397888852532,16.420204162597656,9433300
2015-08-03,16.233419191240053,16.35228261587011,15.808905109683899,15.910787582397461,11806300
2015-08-04,16.046631206889554,16.275869188840474,15.868336078300594,16.08059310913086,9602000
2015-08-05,16.224927283447535,16.284358990517774,15.630606973960036,15.690038681030273,11302100
2015-08-06,15.800413102126695,16.267377898816566,15.749470251315309,16.123043060302734,8945300
2015-08-07,16.080591830536562,16.606988318281097,15.936256996272578,16.021160125732422,8979500
2015-08-10,16.17398562755545,16.97207254286434,15.99569049316758,16.938112258911133,17511500
2015-08-11,17.10791279431163,17.53242676746771,16.73434004450444,17.49846649169922,12743100
2015-08-12,17.880530169926075,18.90785494621058,17.804117516343243,18.899364471435547,19287300
2015-08-13,18.25410626006053,18.52579502436324,17.574884349303762,17.719219207763672,24587500
2015-08-14,18.041847152617844,18.177691519274383,17.38809512596288,17.736196517944336,8075100
2015-08-17,18.041845462062756,18.31353416991809,17.90600110813509,18.203161239624023,11603100
2015-08-18,17.821098957258336,17.99939569366512,17.506959478882962,17.761667251586914,12545100
2015-08-19,17.863555046359586,18.42391355832782,17.863555046359586,18.35599136352539,13888400
2015-08-20,18.95879780257498,19.306899201264223,18.80597248229334,18.992759704589844,14759800
2015-08-21,19.289915697781527,19.289915697781527,18.050335587329595,18.169198989868164,16639800
2015-08-24,18.016371630355497,18.619182287306042,16.649437799239095,16.785282135009766,21932500
2015-08-25,17.311682684416663,17.34564458620304,16.241907069034912,16.386241912841797,13457100
2015-08-26,16.11455178493683,16.190964437966795,15.477780755948777,15.545702934265137,20652900
2015-08-27,15.681549747156215,16.683403248790853,15.537214893202195,16.556049346923828,20709500
2015-08-28,16.63245950758809,17.5494097301161,16.598497608527715,17.388093948364258,21282200
2015-08-31,17.090935910109128,17.320173898769,16.61548060056444,17.2607421875,10177400
2015-09-01,17.422059670596607,17.617335774868582,16.700385351121014,16.72585678100586,10377400
2015-09-02,16.836226241420523,17.116405434387875,16.369261459605763,16.666419982910156,9744300
2015-09-03,16.3437926567075,17.06546694205106,16.30134189496666,16.318321228027344,10484200
2015-09-04,16.2249277996838,16.573029197364527,16.012670770883723,16.51359748840332,11090500
2015-09-08,16.700381779673222,16.870188037139393,16.42020258842878,16.77679443359375,7749100
2015-09-09,16.40322155952099,16.632459520174585,16.021159911157476,16.148513793945312,12027400
2015-09-10,16.31832088581185,16.411714502954425,16.02965117772819,16.106063842773438,4938200
2015-09-11,15.953237693955664,16.42020246951725,15.613625181482721,16.292848587036133,9603300
2015-09-14,16.23341872846465,16.606989943621702,16.055121977209666,16.437185287475586,6991600
2015-09-15,16.39473163479737,16.632460078198342,16.28435869784953,16.37775230407715,4885800
2015-09-16,16.74283120456796,17.379602190402743,16.708870927407467,17.32866096496582,13576700
2015-09-17,17.209797857421453,18.01637348151019,17.031501136282596,17.973922729492188,14906000
2015-09-18,18.22014322705511,18.39843997971322,17.625824496777643,17.85506248474121,9027900
2015-09-21,17.642802732800988,17.75317566220656,17.23526805490618,17.303190231323242,8191800
2015-09-22,16.95509088631937,17.065465448212237,16.606989488458996,16.691892623901367,10829300
2015-09-23,16.997541782116148,17.03999253644073,16.55604681181359,16.615478515625,8268600
2015-09-24,16.972071814992837,17.702236511688476,16.895659155134336,17.464508056640625,18002900
2015-09-25,17.175835904439896,17.38809290262445,16.94659795774641,17.05697250366211,12281500
2015-09-28,16.640950197369268,16.85320721106175,16.258886924965797,16.34379005432129,11168600
2015-09-29,16.48812611360719,16.742833901207995,16.23341832600639,16.3692626953125,5839600
2015-09-30,16.182477902203765,16.66642374292836,16.1485176144756,16.632463455200195,10986100
2015-10-01,16.674910054803927,16.972070190319553,16.173983385635648,16.275867462158203,8070500
2015-10-02,16.853206823183232,17.40507472220389,16.81924492446567,17.371112823486328,16026700
2015-10-05,17.43903757447312,17.795627814150777,17.388094723611268,17.66827392578125,12396200
2015-10-06,18.126746156816644,18.381453881419542,17.88052728622725,18.1522159576416,11865600
2015-10-07,18.29655577588852,18.32202720307913,17.787140187217624,18.14373207092285,8032300
2015-10-08,17.829590536712644,18.576734570480227,17.719217593541938,17.804119110107422,9942400
2015-10-09,18.38145545302971,18.772009166124256,18.194669880310276,18.67861557006836,15670800
2015-10-12,19.16256014180124,19.16256014180124,18.228629093908857,18.49182891845703,14385500
2015-10-13,18.347496898879182,18.78050140390242,18.194671588942448,18.339006423950195,6453300
2015-10-14,18.76352483482887,19.816319680935134,18.712583592754036,19.714435577392578,21102000
2015-10-15,19.332370831549735,20.02008316067339,19.196526460843646,19.816316604614258,8536300
2015-10-16,19.739899747424403,19.884234563041474,19.09463831404173,19.1370906829834,12008200
2015-10-19,19.018228515179874,19.0691697461403,18.041846554910293,18.24561309814453,17092200
2015-10-20,18.44088692549159,19.255954618778826,18.415417122802587,18.95030403137207,18851900
2015-10-21,18.85690963692029,18.890871531588736,18.30504180369615,18.525789260864258,11542900
2015-10-22,18.39843890211583,18.933325889976466,18.35598814507974,18.619186401367188,7934300
2015-10-23,18.84842572030731,19.315390558581885,18.449381450378034,19.162565231323242,13164200
2015-10-26,19.188032682221422,19.188032682221422,18.6191838705391,18.67861557006836,9432100
2015-10-27,18.466359703823965,18.77201031367905,18.288064594336802,18.576732635498047,6136200
2015-10-28,19.00973738589953,19.37481970390207,18.05033640876546,18.305044174194336,14511800
2015-10-29,18.04184844825031,18.194673776561853,17.35413609024108,17.43903923034668,12423700
2015-10-30,17.413565196883276,17.753176087096566,17.31168112012306,17.371112823486328,7694500
2015-11-02,17.192817886944518,17.574881154411386,16.9550894516993,17.388093948364258,5138300
2015-11-03,17.099422846974925,17.464505134232,16.946597552830816,17.31167984008789,5538100
2015-11-04,17.481491299087647,17.685257878956172,16.98905499289051,17.048486709594727,7514400
2015-11-05,17.09093241632879,17.09093241632879,16.59000740115096,16.700380325317383,9960800
2015-11-06,16.199454251852057,16.2419050042959,15.944746498404179,16.046628952026367,12126800
2015-11-09,16.004180573254004,16.44567558947722,15.893806009501882,16.420204162597656,13103800
2015-11-10,16.190963777484807,16.37775097477949,15.987197250848023,16.046628952026367,7961800
2015-11-11,16.12304359239566,16.454164036634573,16.055121408464792,16.35228157043457,8462200
2015-11-12,16.0126715570459,16.488126871471223,15.961728701670093,16.1994571685791,5900200
2015-11-13,16.173983795610305,16.505105838157476,16.04662991127331,16.34379005432129,7417000
2015-11-16,16.437185287475586,16.623970895054114,16.386242433178356,16.437185287475586,4345400
2015-11-17,16.301338730180447,16.3777513819932,15.630605813022358,15.817391395568848,12860200
2015-11-18,15.817391175731384,16.123041778734333,15.452310490290822,16.063610076904297,10756500
2015-11-19,16.309829315689743,16.649441857283964,16.148515139764363,16.51359748840332,7928500
2015-11-20,16.581520128037685,16.581520128037685,15.766452272986061,15.987199783325195,11119000
2015-11-23,15.851354424488981,15.978708313463013,15.766451292042106,15.834373474121094,5479600
2015-11-24,16.089082561308075,16.44567441519678,15.987198480457362,16.250396728515625,10764600
2015-11-25,16.072102468466692,16.39473243948166,15.970218382182033,16.241907119750977,5018100
2015-11-27,15.724001969494127,16.072103386818757,15.724001969494127,15.910787582397461,5638000
2015-11-30,15.868336934106797,16.14851616513758,15.868336934106797,16.07210350036621,5172300
2015-12-01,16.19096623720486,16.5135978346047,16.06361234113341,16.454164505004883,7312600
2015-12-02,16.06360938825778,16.23341563140037,15.893803145115195,16.089080810546875,7470300
2015-12-03,16.241907471754914,16.505107358947583,16.03814091416206,16.454164505004883,7269500
2015-12-04,16.691892303934896,17.18432853679002,16.666420877972662,17.1079158782959,9992000
2015-12-07,16.895660055830998,16.92962195953087,16.148515987753516,16.505107879638672,11904100
2015-12-08,16.55604730777881,16.691891668957904,16.216436404831086,16.394731521606445,6286300
2015-12-09,16.674912074347876,16.87018977638402,16.437185232657598,16.581520080566406,8108000
2015-12-10,16.437185577294265,16.70887432743257,16.36926338975969,16.52208709716797,4395600
2015-12-11,16.30133939052931,16.776794650430265,16.30133939052931,16.64944076538086,4428800
2015-12-14,16.58151642437544,16.64094812169344,15.978705738595087,16.038137435913086,7676900
2015-12-15,16.19096454841043,16.28435815150467,15.978707537299876,16.148513793945312,3440300
2015-12-16,16.454163442375485,16.895658431677386,16.318319079419908,16.861698150634766,10299400
2015-12-17,16.3183192033388,16.326809678512067,15.919276586550584,15.953238487243652,9149200
2015-12-18,16.250397544481505,16.496616474254914,16.18247536030136,16.386241912841797,6482100
2015-12-21,16.659045424361338,16.70180576088889,16.470904837060274,16.57352638244629,4438400
2015-12-22,16.49656174140627,16.718908976256944,16.37683442517115,16.51366424560547,3990000
2015-12-23,16.522214727327906,16.81297847562581,16.470903957375327,16.736011505126953,4824600
2015-12-24,16.881394460282934,17.206366496785584,16.86429032549015,17.155054092407227,3887500
2015-12-28,16.88994782551445,16.91560402967507,16.47945834578572,16.599184036254883,8054100
2015-12-29,16.838637798838587,16.915604783610696,16.659047623990233,16.79587745666504,3957700
2015-12-30,16.42814613028366,16.530769316990444,16.31697250656318,16.385387420654297,5397100
2015-12-31,16.411043856895525,16.547873687010256,16.308420668739355,16.428146362304688,3447800
2016-01-04,16.83008338092709,17.13795127703723,16.68470150011286,16.93270492553711,7439400
2016-01-05,16.992573245498214,17.069538605820433,16.83008719339484,16.966917037963867,2624600
2016-01-06,17.172159934270464,17.300437695688206,17.07808881469868,17.257678985595703,6326200
2016-01-07,17.556994913286935,17.890517420409726,17.326093963214124,17.659616470336914,9670300
2016-01-08,17.291883908469373,17.34319631284773,16.812979552251864,17.155054092407227,10448200
2016-01-11,17.172159780635095,17.232022626685115,16.39393951970443,16.53076934814453,7797000
2016-01-12,16.291318657458394,16.34263107380051,15.752551334989791,16.103178024291992,7127800
2016-01-13,15.932139174765723,16.376836976013063,15.820965540024076,16.017658233642578,6400000
2016-01-14,15.872275793113026,15.96634691785172,15.35916308811883,15.478890419006348,6856000
2016-01-15,15.915033159939425,15.966343931499559,15.290745309541068,15.35060977935791,5978900
2016-01-19,15.376265590243941,15.478888772784657,14.589493294565623,14.61514949798584,11783200
2016-01-20,14.846050990364398,14.948672545601454,14.427009439009302,14.91446590423584,6103900
2016-01-21,14.75197866948334,15.059846572376511,14.503973607454933,14.931567192077637,3884700
2016-01-22,14.777635427593394,15.350610917784403,14.777635427593394,15.13681411743164,7868000
2016-01-25,15.4104709129529,15.478885811176692,15.188122085940613,15.359158515930176,5457300
2016-01-26,15.470334744100088,16.10317300132463,15.470334744100088,16.043310165405273,8587600
2016-01-27,15.992002317994348,16.419595945415157,15.872274993141158,16.351181030273438,5821100
2016-01-28,16.094622821136173,16.334075824021077,16.000551707299223,16.009103775024414,4845800
2016-01-29,15.966344696064242,16.351179579043492,15.83806694545119,16.325523376464844,5548800
2016-02-01,16.462351235531578,16.84718607271425,16.419592534129016,16.830081939697266,5830800
2016-02-02,16.684704007407486,16.855740484506715,16.19724751940724,16.43669891357422,5763900
2016-02-03,16.564978452655588,17.36885332732371,16.53932224685713,17.197816848754883,10080100
2016-02-04,17.762238722947,18.181280259633002,17.693823811470512,17.787893295288086,10114200
2016-02-05,17.51423473982455,18.660185801758132,17.317542060976013,18.643081665039062,11061000
2016-02-08,19.233160766275454,19.840344552797784,19.17329792066203,19.429853439331055,13659400
2016-02-09,19.771928462497705,19.797583034153842,18.566113029315826,18.60887336730957,12547300
2016-02-10,18.643082421522724,18.908191658004924,18.078658936012758,18.87398338317871,8659900
2016-02-11,20.293593697572742,20.798154321639075,19.780481004997114,20.53304672241211,18125100
2016-02-12,20.0284846396113,21.30271339416504,19.900206883595317,21.30271339416504,10830000
2016-02-16,20.225176377850154,20.755393144453635,19.45550824599486,19.472612380981445,17991800
2016-02-17,19.76337869725682,20.48173614783654,19.76337869725682,20.319250106811523,9975700
2016-02-18,20.054142068046442,21.867138161049322,19.994277589185366,21.832931518554688,15837800
2016-02-19,21.516511867380334,21.636237564799462,21.029055378013542,21.114574432373047,10272200
2016-02-22,20.464629980387553,21.14022702096735,20.327800158722273,20.823808670043945,7596100
2016-02-23,21.268507405386625,21.473752147528547,20.875120426259453,21.063261032104492,8043000
2016-02-24,21.88424103368462,22.37169748684132,21.21719441659957,21.593477249145508,13682300
2016-02-25,21.4737502760523,22.063828246606374,21.42243787163363,22.03817367553711,8413500
2016-02-26,21.51651356400406,21.96121137682663,21.174438950733013,21.294164657592773,9366200
2016-02-29,21.533614298951225,22.234867553105193,21.533614298951225,22.209211349487305,9882600
2016-03-01,22.380247755827877,22.44011059527882,21.354022524514438,21.37967872619629,13019500
2016-03-02,21.49085180633426,22.07237931428619,21.40533439845662,21.986860275268555,10166800
2016-03-03,22.11514396370676,23.53475474246888,22.021072839321455,23.406476974487305,16865100
2016-03-04,23.406476697351426,24.74912047319945,23.14136746470274,23.184127807617188,19959900
2016-03-07,23.543306672129784,24.543875866302226,23.483442191694255,24.278766632080078,15584100
2016-03-08,24.620843441096238,24.65505008530777,23.081505304208903,23.090057373046875,15504800
2016-03-09,22.380248702777592,23.286746662404706,22.132243636112943,22.953224182128906,9014100
2016-03-10,23.432130220279742,24.056416518548815,23.372267374026574,23.96234703063965,14030500
2016-03-11,23.808409963024584,24.116277853513527,23.115708840564473,23.21833038330078,13733300
2016-03-14,23.346607343796983,23.44067844743165,22.36314249802164,22.371694564819336,11084300
2016-03-15,22.234866505069654,22.72232293285223,21.72175387487849,22.619701385498047,9175800
2016-03-16,22.36314427016045,24.612287450845617,22.0723805005575,24.432697296142578,16102700
2016-03-17,24.894502692980527,25.22802521624737,23.757103655256344,23.774206161499023,13303300
2016-03-18,23.859723656243425,24.620841408587214,23.78275667419585,24.287317276000977,8254800
2016-03-21,24.15903881283724,24.851739999955097,24.02220898899026,24.347179412841797,6107900
2016-03-22,24.81753268087403,24.98856914043531,24.1590381521558,24.55242347717285,6605900
2016-03-23,23.594617760873422,23.92814028623904,22.876260297670306,22.90191650390625,19445900
2016-03-24,23.11571212904624,23.355163516922403,22.73087721118777,23.06439971923828,6597600
2016-03-28,23.252542189281325,23.355163747630474,22.517080619504622,22.99598503112793,6047000
2016-03-29,23.261094057080758,24.518218738429027,22.96177819071967,24.441251754760742,15790500
2016-03-30,24.210347388177002,24.58663018512066,23.671580209648138,24.047863006591797,8297900
2016-03-31,24.49256217861064,24.535322519551364,23.688687342607682,23.816965103149414,5525600
2016-04-01,23.12426419534097,24.278765686535706,23.004536870273032,24.184696197509766,7514200
2016-04-04,24.082070182008795,24.09062224930544,23.47488808420762,23.51764678955078,8857500
2016-04-05,24.201797968580017,24.261662444867554,23.534752972778005,24.210350036621094,9434000
2016-04-06,23.893929128457597,24.43269630850814,23.868272927068514,24.304418563842773,5074800
2016-04-07,24.83463718268884,25.099744759162434,24.697805729424253,24.954362869262695,8156300
2016-04-08,24.97146723250701,26.014795043504158,24.911602757534084,25.937828063964844,10428500
2016-04-11,26.56211544044036,27.904760788658052,26.4680459524268,27.733722686767578,17810700
2016-04-12,27.862001434866002,28.281041349419194,27.1521944702223,28.084348678588867,11530400
2016-04-13,27.665306288641187,28.22117930717964,27.340335850684458,27.451509475708008,10333900
2016-04-14,27.365988474418213,27.554130689109453,26.134518536350186,26.62197494506836,12050800
2016-04-15,26.92129437411096,27.879103185496273,26.468046173258,27.77648162841797,10289000
2016-04-18,28.135662996783072,28.19552584578333,27.485718832950866,27.862003326416016,5907900
2016-04-19,29.136227591143705,30.094036339999953,28.965189498992164,29.94865608215332,17013800
2016-04-20,29.846035214716295,30.649910025258578,28.682980076208928,28.802705764770508,16775200
2016-04-21,30.085486753350555,30.247971151230644,29.11912427833229,29.60658073425293,15504300
2016-04-22,29.264507618952923,29.97431131290231,28.33235342163601,28.768497467041016,14909000
2016-04-25,28.98229614063315,29.315818654915333,28.272492400903477,28.47773551940918,7386100
2016-04-26,28.777050002972963,29.63223718567908,28.358006848043672,29.57237434387207,13775900
2016-04-27,29.846030918621537,30.153895532487976,28.554696578372273,29.76906394958496,8104600
2016-04-28,30.213767439538408,31.299852388135122,29.923003640860408,31.111713409423828,17824700
2016-04-29,31.736000488096085,32.98457313415849,31.727446788417524,32.94181442260742,21410500
2016-05-02,33.249686645314114,33.31809994014585,32.095181711144285,32.44580841064453,12502400
2016-05-03,32.651050361571514,32.71946364706219,31.282752028952505,31.487995147705078,12405500
2016-05-04,30.846602643698418,31.616272443598433,29.44409613035203,29.59803009033203,17684000
2016-05-05,30.085492118534248,30.855162061075863,29.90590355270152,30.581499099731445,10731700
2016-05-06,31.291302346374163,32.565532814345666,31.137368376759333,32.24911117553711,19337400
2016-05-09,30.889363157973456,30.915020994323726,29.846036911010742,29.846036911010742,20446800
2016-05-10,30.119696714681073,31.060401407435705,29.426993851069035,30.90646743774414,14352600
2016-05-11,31.701791611387176,32.33463162206855,30.590048820787427,31.984004974365234,13674600
2016-05-12,32.08662518510286,32.62539405216574,31.299851238979887,31.530752182006836,9222500
2016-05-13,31.52220064808173,32.2747662959473,31.265645141074,31.795860290527344,7836000
2016-05-16,32.69380230861466,33.18125869265058,32.22345005798278,32.55697250366211,12174800
2016-05-17,32.66815484991244,33.950935773896326,32.3859414807413,33.52334213256836,17528200
2016-05-18,32.830635272525186,33.369404108613516,30.803842572185534,30.838050842285156,29404000
2016-05-19,29.94865612385845,31.641926387728105,29.503958388557287,31.222883224487305,19164700
2016-05-20,31.667579883846933,31.75310055827627,30.282177580893315,31.522199630737305,10538800
2016-05-23,30.743984013526806,31.633379586335455,30.547291326473466,30.957780838012695,9189500
2016-05-24,30.32493568173128,30.47886963035165,28.640219207599607,28.725736618041992,23814400
2016-05-25,28.54614929717798,29.97431033765989,28.015930890879098,29.803272247314453,17287300
2016-05-26,30.350595514874207,30.564392317350052,29.281611502494986,29.55527114868164,11032100
2016-05-27,29.213191837512202,29.43553905291935,27.99882769513478,28.127103805541992,18583000
2016-05-31,28.101453900212324,29.486856348695902,27.879103385619345,28.90532875061035,15591900
2016-06-01,29.144785094540566,29.56382504961867,28.28959778442772,28.862571716308594,10069300
2016-06-02,28.819811329477975,29.332922380833228,28.55470210431881,28.90532875061035,6991400
2016-06-03,30.87225351486166,32.4629020690918,30.85515264338559,32.4629020690918,33704900
2016-06-06,32.43725686666434,33.078647387472714,31.770211768953526,33.035888671875,13300700
2016-06-07,32.54842992439014,33.155612126531544,32.40304638650407,32.59973907470703,13733600
2016-06-08,34.01079968142375,34.60943145037385,33.70293172811908,34.12197494506836,22061100
2016-06-09,34.01079435412079,34.88308566442519,33.73713471899943,34.7120475769043,11667500
2016-06-10,35.04556987900667,35.37909235375945,33.9252735104831,34.13051986694336,15012200
2016-06-13,35.04556336239031,35.13108402096318,33.61740261815876,34.258792877197266,12511000
2016-06-14,34.335768025540204,34.344318462296414,33.03588306581364,33.58320236206055,12132400
2016-06-15,33.634514355758405,35.37909377551825,33.35230101206943,34.994258880615234,23725500
2016-06-16,36.12310498558466,36.191518258044134,33.61740649065265,34.01079177856445,21679100
2016-06-17,34.57521675947655,34.79756398322761,33.69437503829489,34.47259521484375,13111300
2016-06-20,33.489129934943215,35.071224917596346,33.35230011623959,34.82322311401367,15266700
2016-06-21,33.97659011805121,34.33577047071701,33.64306760204191,33.70293045043945,16999200
2016-06-22,33.76279334885283,34.087765427978425,33.19836987578237,33.99369430541992,6871100
2016-06-23,33.88251451412604,34.549562720197386,33.745684698418096,34.019344329833984,10012900
2016-06-24,37.28616226477312,37.4229920923358,35.276473560768764,35.635650634765625,23150700
2016-06-27,35.917863301990366,36.33690647591694,34.89163798376314,35.72972106933594,12651500
2016-06-28,34.754803778483,35.45605695072815,34.686390505773204,35.06267166137695,13602900
2016-06-29,35.644198750434825,36.5164899878595,35.58433591414606,35.96061706542969,14549100
2016-06-30,36.277039097526135,36.51649372949664,35.7040652451158,36.430973052978516,8387700
2016-07-01,37.47430588569846,39.013642318226964,37.24340493147711,38.80839920043945,19699000
2016-07-05,39.15046862167874,40.245110446232424,38.66301218302383,39.97145080566406,21074600
2016-07-06,40.65559711462576,41.861410842520485,40.535871437885575,41.80154800415039,22875800
2016-07-07,41.18581654626135,41.26278352685447,39.99710682776346,40.29642105102539,19361300
2016-07-08,40.46745753318683,42.297557596165404,40.06551851032099,42.254798889160156,22742300
2016-07-11,41.767341581031964,42.90473882259098,41.502232383481136,42.52845764160156,12349300
2016-07-12,42.07521364438976,42.588324693037734,40.59574008309828,40.75822448730469,20916600
2016-07-13,41.39961111926971,43.00736392590276,41.22857303136743,42.63963317871094,18939000
2016-07-14,41.16016961576167,42.5113639831543,41.048994342645,42.5113639831543,10976500
2016-07-15,41.60486267294484,42.40873754551151,41.527895686890965,41.69038009643555,10682600
2016-07-18,41.630512472358454,41.90417211087563,41.04043448848333,41.67327117919922,10401100
2016-07-19,41.356854073299786,41.58775501189626,40.68980909220796,40.749671936035156,14676300
2016-07-20,39.56951284833144,39.586616984113206,37.38878610150098,37.56837463378906,32241200
2016-07-21,38.04727216690747,39.78330078323769,37.89333824146858,39.61226272583008,21260300
2016-07-22,38.987985189774385,39.48399207716542,38.74853381394978,39.15902328491211,8427400
2016-07-25,38.44921763584765,38.4834259084914,37.20064504487502,37.40589141845703,19302400
2016-07-26,38.269630487465335,39.278751731134015,37.910453398505574,38.78274154663086,17647300
2016-07-27,39.35571791758825,41.27133554439429,38.32949255780192,40.98057174682617,22931400
2016-07-28,41.28844213166068,41.55355137121083,40.2793208485739,41.16871643066406,11808200
2016-07-29,42.19493901076671,43.23826849883785,41.78444952257818,42.8192253112793,17168900
2016-08-01,42.793571359040754,43.67441319467487,42.40873643881403,43.5546875,11060600
2016-08-02,44.08490263952646,44.341458165297226,43.30668236272953,43.486270904541016,8200200
2016-08-03,43.3066799527211,43.35799235993193,42.51990928250367,43.144195556640625,8216500
2016-08-04,43.52903156042006,44.178972423527206,43.44351087956358,43.742828369140625,10664600
2016-08-05,42.348870001939844,42.67384204728415,41.835755731036166,42.254798889160156,16728200
2016-08-08,42.23769727517845,43.486269863031495,42.16928399234233,42.9560546875,11349800
2016-08-09,43.092883168808605,43.77703228719237,42.93039877265507,43.36654281616211,9436700
2016-08-10,44.60656174061449,44.77759982355788,43.57178606911313,44.10200119018555,13245600
2016-08-11,44.178972136839356,44.897329539970094,43.63165283203125,43.63165283203125,11618200
2016-08-12,44.8203616197468,44.8203616197468,43.392200542579005,43.68296432495117,8313000
2016-08-15,43.82834550330414,44.21318040895996,43.426406461588016,43.63165283203125,5984300
2016-08-16,43.88820818221892,44.17897196958247,43.597444394855366,43.87965774536133,7852400
2016-08-17,43.44350882698036,43.922414830308426,42.38307853270571,43.34943771362305,13031500
2016-08-18,43.8454535542598,44.21318435668945,43.40930620148013,44.21318435668945,12785200
2016-08-19,43.24682204508358,43.529035423535205,42.74226140123307,42.84488296508789,19121200
2016-08-22,42.03244442025565,42.314654447737226,41.60485089924503,41.89561462402344,12950000
2016-08-23,42.50280603751729,42.53701430970809,40.869398556630905,40.92070770263672,12172600
2016-08-24,40.30497596231083,40.322080098765966,37.60258438572722,37.73941421508789,30168700
2016-08-25,37.81638071692336,39.74055200286266,37.17499028827693,38.928123474121094,24490600
2016-08-26,39.86883200197796,40.82664415058985,38.10714820811823,38.63736343383789,16022400
2016-08-29,38.00451895789828,39.20178237318951,37.876242832011584,38.73143005371094,11827900
2016-08-30,38.278174825539196,38.5774922809262,36.182968949230315,36.60200881958008,22084100
2016-08-31,35.97772517269962,36.3882146364237,35.31923063851301,35.712615966796875,17438600
2016-09-01,35.38764739606962,37.56837411264955,35.15674645963923,37.4144401550293,29553200
2016-09-02,38.96233214949805,39.620826721191406,37.99596964690595,39.620826721191406,29633900
2016-09-06,40.55297675307176,42.2205924987793,40.19379968349679,42.2205924987793,33450500
2016-09-07,41.95548932890569,41.97259346605995,40.185251911947184,41.69038009643555,21408000
2016-09-08,41.34829704348284,41.78444431312454,40.45890489443242,40.903602600097656,15702100
2016-09-09,40.14248855254918,40.5358771689596,37.765069028925105,38.004520416259766,37023800
2016-09-12,37.18353733935696,40.19379653516644,37.05526122267663,39.800411224365234,29805400
2016-09-13,39.09915968717045,39.54385742104315,37.42299030187175,38.13279724121094,25459000
2016-09-14,38.66301194049597,39.509648691011165,38.11569266279251,38.26962661743164,12218600
2016-09-15,38.01307044202693,39.21033052527523,37.491405745222096,38.36369705200195,12809100
2016-09-16,37.68810147366263,38.645910270748324,37.260507852892886,37.55982208251953,17100200
2016-09-19,38.43211306623442,38.53473788300863,37.72230935942165,37.9874153137207,11598900
2016-09-20,37.82493169456436,38.31238816632083,37.56837617189472,38.03017807006836,9379400
2016-09-21,38.92812255198981,41.16016171277161,38.645909204175865,41.083194732666016,34274300
2016-09-22,41.53644317734548,41.878519371599424,39.96289855588199,40.29642105102539,23448900
2016-09-23,40.082627827980026,40.33918336546257,38.45777391573682,38.84260559082031,22675500
2016-09-26,39.16757008416486,39.637922355401905,38.24396967584413,38.37224578857422,9034400
2016-09-27,37.89334547667571,38.132796845398516,36.99539631940473,37.50851058959961,15966000
2016-09-28,37.62823887014865,39.124816552484106,36.5592548113376,38.722877502441406,23374500
2016-09-29,38.1499014002213,38.714324820047274,37.79072108090646,38.35514450073242,11042000
2016-09-30,39.090603967569514,39.235987479916396,37.696651257488796,37.87623977661133,14967200
2016-10-03,37.71375458600892,38.107143181210965,36.69608298242085,37.2348518371582,14142300
2016-10-04,36.003378854868785,36.003378854868785,33.189815521240234,33.189815521240234,41455500
2016-10-05,33.95948597805619,34.147628222877955,32.10373115333445,33.48058319091797,20536800
2016-10-06,32.086628881295496,32.74512351416478,31.607722804041263,32.035316467285156,22087000
2016-10-07,33.352301662532994,33.71147872992724,31.727444635600012,32.57408142089844,23081500
2016-10-10,32.976016505870994,33.27533069281605,32.61683621925696,33.044429779052734,10828500
2016-10-11,32.531322096491344,32.83063631365442,31.872827556452282,31.90703582763672,18111900
2016-10-12,32.0011115289252,33.018786641446674,31.924147793303675,32.75367736816406,19758000
2016-10-13,32.85629360806039,34.41273745310131,32.59973807748197,33.48058319091797,20136100
2016-10-14,32.796430375546,33.822655748120745,32.47146156301708,32.56553268432617,20276100
2016-10-17,32.85629255269152,33.34375228609767,32.46290720095508,33.10429763793945,17119800
2016-10-18,33.81410169526983,34.746255846864514,33.40361224258778,34.7120475769043,23864700
2016-10-19,35.473168929246036,36.08035113129653,34.994262865249226,35.93497085571289,18901300
2016-10-20,35.91786958945213,36.05469943834928,34.968611085480234,35.69552230834961,13220200
2016-10-21,35.46461703562975,35.772484973968204,35.285025230078624,35.76393127441406,7508800
2016-10-24,36.14020984403545,36.200075949676915,34.35286845528519,34.77191162109375,18471300
2016-10-25,35.17385535602268,36.208631229421684,34.874537836901155,35.84090042114258,15294100
2016-10-26,35.8836556243558,36.03758958775278,34.61797890708758,34.90019226074219,24241600
2016-10-27,35.07978006357725,35.13109247106318,33.754240528520874,33.873966217041016,19731100
2016-10-28,33.882516653815166,34.84887912331112,33.38650976390596,33.873966217041016,17809200
2016-10-31,33.916729077955345,34.80612467625281,33.60031068208671,34.78902053833008,17699700
2016-11-01,35.84089803424271,36.47373804377888,35.33633741896998,35.943519592285156,20218100
2016-11-02,36.86712102637029,37.234851786468795,34.97715808130234,35.2850227355957,20640200
2016-11-03,35.10542818889029,36.35400051455133,35.071219923515535,36.21717071533203,14700300
2016-11-04,36.217172689863055,36.225726387812955,35.00280856337063,35.55868148803711,13707600
2016-11-07,34.3443238809335,34.6179835722333,33.59175809871862,34.04500961303711,26137400
2016-11-08,34.378524062081674,35.03701855866503,33.147052478952254,33.643062591552734,15605500
2016-11-09,35.99483002903297,36.029038300598486,33.395060111099546,34.41273498535156,23375200
2016-11-10,34.00224895538522,34.06211507356891,31.77876306170478,31.855730056762695,42381600
2016-11-11,31.907039028159257,31.949797740288684,28.8454669579391,29.281614303588867,46732600
2016-11-14,28.623121103563957,30.761089437865877,28.050143893585034,29.897348403930664,26728700
2016-11-15,29.991413812393898,31.75310055827627,29.683545909008615,31.522199630737305,30178500
2016-11-16,31.21433161405478,31.428128405931872,30.085484813926172,30.40190315246582,25571100
2016-11-17,30.56438955850034,31.299847752316733,28.939532701437116,29.546714782714844,25495800
2016-11-18,29.170436225696367,29.649338974954816,28.785601329127754,29.52106285095215,21272000
2016-11-21,30.213766253588673,30.56439288567755,29.71775609672714,30.153900146484375,13328900
2016-11-22,30.333489466670223,30.61569953175918,29.418439470750112,30.572940826416016,14840000
2016-11-23,29.247406658315512,29.40134063511828,28.60601617573088,28.862571716308594,32415400
2016-11-25,29.332922380833228,29.57237703210878,28.717189771663026,28.90532875061035,8067400
2016-11-28,29.290165029295338,30.256527591875635,28.922434229258958,30.094039916992188,26680400
2016-11-29,29.315818706563523,30.136800968874386,29.07636731379149,29.923004150390625,11212400
2016-11-30,29.589474632150772,29.743408582979175,29.102018208620876,29.35002326965332,16465100
2016-12-01,29.230302097650593,30.1710068202496,28.665878611635062,29.290164947509766,16867400
2016-12-02,29.743408383256867,30.42756072113586,29.67499510683704,30.324935913085938,23877900
2016-12-05,29.760514669303834,30.86370696848877,29.27305821380916,30.436113357543945,15428600
2016-12-06,30.470321316792667,31.10315802762217,30.12824512663379,30.290729522705078,10723300
2016-12-07,30.932124159540034,31.23144168240206,30.44466764243298,30.72688102722168,13964200
2016-12-08,30.632808982010573,30.82095123290461,30.29073275534517,30.7781925201416,7445400
2016-12-09,30.376249983832277,30.55583851435334,29.059260902117202,29.23029899597168,30816200
2016-12-12,29.529619014131082,30.01707555688723,29.170441882534313,29.26451301574707,11961900
2016-12-13,29.264508747720622,29.546718843919557,28.896777969127722,29.401338577270508,10687600
2016-12-14,29.811830237104942,30.042731202964394,27.50282384079114,27.519927978515625,39887900
2016-12-15,26.67328909065751,26.844325551113787,25.64706380335933,25.929275512695312,33542400
2016-12-16,26.348317448978786,26.664737433967314,25.25367886553771,25.535890579223633,23705400
2016-12-19,26.01953610009955,26.046555967378616,25.32604335164601,25.605241775512695,27938700
2016-12-20,24.956777569292576,25.785367898646506,24.650561009901182,25.677291870117188,23996800
2016-12-21,25.77636203420793,25.893444680392538,25.335046161001685,25.38007926940918,11546800
2016-12-22,25.37106994942819,26.0195311809931,25.22696745352488,25.425107955932617,13975100
2016-12-23,25.51517648398787,25.839408010009766,25.35306072097692,25.776363372802734,9150700
2016-12-27,26.11860653969787,26.75806125455604,25.97450402035412,26.713029861450195,16672500
2016-12-28,26.514888370898717,27.622677092604892,26.235688246628076,27.604663848876953,22331700
2016-12-29,27.874856604832306,30.18049676946745,27.703734229674257,30.153478622436523,45037300
2016-12-30,30.189504231996075,30.892003519793096,28.36120132377684,28.415239334106445,39165500
2017-01-03,28.62239043218172,30.31559587047636,28.036972022702646,30.297582626342773,29306200
2017-01-04,30.792932578718705,30.828959064369343,29.946330779977302,30.80194091796875,19591100
2017-01-05,31.684572820013965,33.747042977390564,31.603514935882455,33.41380310058594,43147400
2017-01-06,32.567197458925904,33.48585222818364,30.765914406030276,31.88271141052246,54259800
2017-01-09,32.75634032103483,33.620959034202336,32.07185408527274,32.38707733154297,28447600
2017-01-10,33.02652569871014,33.774059873023745,32.34203959698054,33.152618408203125,21106600
2017-01-11,32.576199209825866,33.638956383036486,31.927739709799063,33.14360427856445,20436600
2017-01-12,33.99021877732798,34.11630806379343,32.51316352475668,32.936466217041016,18324000
2017-01-13,32.42309758622064,33.10758369023272,31.97277678641202,33.017520904541016,11135200
2017-01-17,34.15233071072848,34.296436677161836,33.711018213390005,34.14332580566406,26028500
2017-01-18,33.94517812307601,34.24239147792486,32.66626879605014,33.04453659057617,25973500
2017-01-19,32.576203433988574,33.413800355989224,32.16190914275758,33.008514404296875,16942800
2017-01-20,33.062556585294395,34.06226944023104,32.63024897369283,33.33274841308594,17601100
2017-01-23,33.82810392962339,34.215380140523635,33.53089051562649,34.170345306396484,17013500
2017-01-24,34.00822002592475,34.7467491841195,33.39578699380085,33.828094482421875,22199300
2017-01-25,33.08057055046431,33.55790957112041,32.86441845780612,33.53089141845703,15167800
2017-01-26,32.711300620222744,33.035532125939184,32.49514857352834,32.55819320678711,22415100
2017-01-27,32.648256785727924,33.287711473382956,32.603225394537766,33.2066535949707,18570400
2017-01-30,33.43181808472911,33.873134018109766,33.03553698373398,33.089576721191406,11382400
2017-01-31,33.900140616309216,34.04424309807892,33.57590917340884,34.02622985839844,22200700
2017-02-01,33.458833636007626,34.44053302418277,33.332740938018155,34.28742218017578,18026100
2017-02-02,35.188064676740915,35.323162281948626,34.701717420802936,35.0529670715332,15049200
2017-02-03,34.95389833309638,35.395210750194664,34.8818453629805,35.35918426513672,10864400
2017-02-06,35.998642885910144,38.088130950927734,35.73745601886426,38.088130950927734,37449600
2017-02-07,37.556757648320435,38.583488583882215,37.26855259397591,37.74589157104492,18574800
2017-02-08,38.41236753096925,38.736595637180535,37.51172588602906,37.998069763183594,14754500
2017-02-09,37.9980679758354,38.1781969834856,36.764189942295395,36.81822967529297,29287500
2017-02-10,36.385918362774056,38.43037156620964,36.259825665461,37.65582275390625,27479300
2017-02-13,37.250533428802385,37.59277816482554,36.9893465661617,37.16947555541992,14899700
2017-02-14,37.70085820572949,37.87197887415746,36.647105739351765,37.637813568115234,17412500
2017-02-15,37.07941547892174,37.61980253612063,36.85425506400769,37.37662887573242,10747200
2017-02-16,37.70985627124159,38.178190234066584,37.54774053658392,37.93501663208008,16689900
2017-02-17,37.97104619750435,38.1872016731572,37.07940958448911,37.15146255493164,16095600
2017-02-21,36.59306865654463,37.2595415072152,35.863547733937665,36.7371711730957,13306200
2017-02-22,36.746180630401234,37.00736754766151,35.58435201418173,36.683135986328125,17615600
2017-02-23,37.42165314641226,37.52972916300401,36.82722990164572,36.854248046875,14810900
2017-02-24,37.43966905588407,37.46668720303828,35.99864394641139,36.106719970703125,15481300
2017-02-27,36.02566423087285,36.63810079765169,32.495150785371344,32.648258209228516,61392000
2017-02-28,33.5939251538287,34.062259116707516,32.720305289933584,33.26068878173828,25422100
2017-03-01,32.24296442029751,33.90915322608077,32.152901646222574,33.89113998413086,24864700
2017-03-02,32.945471557314995,33.33274428661208,30.95505099931561,31.099153518676758,48280500
2017-03-03,31.099150579201247,32.35104174201219,30.252548787434247,31.999792098999023,38762500
2017-03-06,31.5134500467253,31.621526073138817,29.6311090279548,30.09943962097168,48400100
2017-03-07,29.69414965805772,31.045111830880373,29.414949572164897,30.36062240600586,27371500
2017-03-08,29.793224475301752,30.657839548960172,29.766202892223433,30.009376525878906,12115900
2017-03-09,30.17149337303333,30.486716556392025,29.613096547222913,29.70315933227539,10661100
2017-03-10,29.92831606025108,31.405367542290136,29.721168931494347,31.24325180053711,29933000
2017-03-13,31.432391276202143,32.73831876714083,31.252262280173582,32.55819320678711,34798700
2017-03-14,32.459122743919124,32.67527479498684,30.43267922786603,30.612808227539062,40219200
2017-03-15,30.937040201703972,34.33245973309484,30.576785592646598,34.14332580566406,64810900
2017-03-16,34.69271297978813,34.737744370233,33.31473250526105,33.729026794433594,19549500
2017-03-17,33.76505276722444,33.97219990865836,32.13489034679909,32.67527389526367,29731600
2017-03-20,32.87341583668871,33.58492346977077,32.50415294690906,33.17963409423828,20252400
2017-03-21,33.756050355576996,34.42252672234929,33.521885026301845,33.738037109375,23095400
2017-03-22,34.17934362356851,34.17934362356851,33.260688934735214,33.37777328491211,13735600
2017-03-23,33.59393284981013,33.72002213107186,32.18893407497916,32.657264709472656,22018800
2017-03-24,32.63925601448879,33.1436131567593,32.351047515894464,32.60322952270508,11212000
2017-03-27,33.50386783405011,33.548899226413646,32.77434690933073,33.26969909667969,22954200
2017-03-28,33.197650370505585,33.26969991291991,31.684572187378656,32.278995513916016,28151300
2017-03-29,32.14389548521896,32.86441146933321,31.999792975531083,32.55819320678711,11883900
2017-03-30,32.13489126694346,32.50415417062512,31.9637706066873,32.15290451049805,14396300
2017-03-31,32.26098398914848,33.10758591277892,32.10787655605931,32.405086517333984,16864900
2017-04-03,32.495152988876406,33.16162589836322,32.44111325202262,32.99050521850586,15308500
2017-04-04,33.31473454571964,33.39579242775497,32.89143189112679,33.35075759887695,9915200
2017-04-05,32.810374252665085,33.44082406921179,32.288000467742776,33.23367691040039,19081400
2017-04-06,33.035535256283474,33.25168732345977,32.72031206012005,33.06255340576172,10590600
2017-04-07,33.69299593257939,33.81008028107186,32.495144611054485,32.927452087402344,15091200
2017-04-10,32.79235868143151,33.18863972638746,32.5221669037036,33.12559509277344,9670700
2017-04-11,33.49486295179619,33.972205380015076,33.19765298297629,33.77406311035156,22630300
2017-04-12,33.738032729129266,34.27841973800394,33.413801210939454,34.260406494140625,15620200
2017-04-13,33.72001975542522,33.837104123637374,32.99050226932834,33.05354690551758,37058400
2017-04-17,33.03553399259849,33.16162326624065,31.90973199840054,32.54918670654297,28969500
2017-04-18,32.40507849303811,32.684278575368644,31.891713148769444,32.306007385253906,14203200
2017-04-19,31.927748796876156,32.05383808455494,30.53175485579971,31.261272430419922,36664400
2017-04-20,31.12617350534239,31.58549918857989,30.919026359123524,31.090147018432617,15837400
2017-04-21,31.189214071360208,31.468410719306075,30.982066952161055,31.108156204223633,11443300
2017-04-24,30.414668174229877,30.702873220187936,30.279570555829157,30.35162353515625,18533600
2017-04-25,29.838256397133637,29.87427944908755,28.47828741021836,29.036685943603516,45285300
2017-04-26,28.964630446490148,29.604085085690084,28.145046820504056,29.0546932220459,34787300
2017-04-27,29.02767780639384,29.108735686286888,28.2981586051939,28.541332244873047,24996600
2017-04-28,28.595369992499617,29.61309593374922,28.577356748727283,29.027677536010742,23396100
2017-05-01,28.82053200842107,28.964634531036168,27.77578786054281,28.21710205078125,34311200
2017-05-02,28.027966655122984,28.56835022749711,27.92889553186357,28.072998046875,12451500
2017-05-03,28.036972708770033,28.757487031207063,27.64969825744629,27.64969825744629,20604700
2017-05-04,27.145337543441233,27.36149132344392,26.41581832120247,26.704023361206055,30081000
2017-05-05,26.75806013976877,27.631683559460775,26.75806013976877,27.262420654296875,20448400
2017-05-08,27.406526318973246,27.406526318973246,26.740051688681028,27.29844856262207,10278100
2017-05-09,26.974218241688003,27.307454691892072,26.776075978265187,27.208383560180664,11570800
2017-05-10,27.61367208255847,28.154057401076777,27.604665460168782,27.86585235595703,20181100
2017-05-11,28.072999970285043,28.91960359236001,28.018961952912733,28.90159034729004,24372400
2017-05-12,29.3519104372969,29.72117336286304,29.11774512855927,29.3068790435791,15846700
2017-05-15,29.973350355671023,29.973350355671023,28.81152362343382,29.505016326904297,15474200
2017-05-16,29.60408820731265,29.856270189674632,29.41495429729743,29.70315933227539,10406800
2017-05-17,30.41466688593611,30.77492146028657,29.937327942976122,30.432680130004883,24291100
2017-05-18,30.162492617959437,30.162492617959437,29.234829313069163,29.333900451660156,29680300
2017-05-19,29.631109522163737,29.70315906241613,29.225820121759675,29.369922637939453,8209900
2017-05-22,29.595083194378923,29.991364257099377,29.559056706220243,29.8382568359375,11923000
2017-05-23,29.955336141612726,29.955336141612726,28.676426802531598,28.739471435546875,24154400
2017-05-24,28.460276209785693,29.189795458273338,27.820819751161565,29.009666442871094,21853800
2017-05-25,28.60437799073282,28.883576411288164,28.2801464585798,28.58636474609375,18708300
2017-05-26,29.09072482418466,29.135756219884467,28.721461882365816,28.74848175048828,9927500
2017-05-30,28.388222226508862,28.60437599357315,28.32517759251146,28.352195739746094,18896000
2017-05-31,28.406238183446774,28.631398593710603,27.955917362919116,28.307167053222656,11327400
2017-06-01,28.0009482668586,28.44226245709704,27.95591687273047,28.21710205078125,11677800
2017-06-02,28.54133317268171,28.838544836005344,28.370210785362787,28.712453842163086,14444100
2017-06-05,28.85656116883614,28.973642117270767,28.343193951937458,28.892587661743164,8329200
2017-06-06,29.38793621680607,30.7479035140203,29.36992297261896,30.657840728759766,34236700
2017-06-07,30.31559534466814,30.801942620814543,30.081430046342998,30.5767822265625,17007300
2017-06-08,30.25255183635746,30.37864111212876,29.640115266318197,30.02739143371582,14659800
2017-06-09,29.505018057385254,29.99136535836073,29.459986663370888,29.532039642333984,14613000
2017-06-12,29.369922347280568,30.513737561245623,29.324890955609103,30.22553253173828,18403200
2017-06-13,30.10844450934565,31.243251245793015,30.099436170700095,30.928028106689453,17783100
2017-06-14,31.522453587847778,31.56748497726689,28.955626598535805,29.58607292175293,38929200
2017-06-15,29.045687730898766,29.928315969045126,29.00966124713575,29.468990325927734,12121600
2017-06-16,29.523028189829677,29.928317564583928,29.31588105066079,29.72117042541504,15885400
2017-06-19,29.360916322517642,29.793227336539392,29.22582213685167,29.234827041625977,18858400
2017-06-20,29.270850510358475,29.315881900931743,28.937614097306433,29.18979263305664,7912800
2017-06-21,29.063709146536027,29.74819535216242,29.063709146536027,29.658132553100586,10961300
2017-06-22,29.991357338257124,30.387641745231942,29.901294574312423,30.270557403564453,13008900
2017-06-23,30.621811925390325,30.810945821544024,30.405656447161256,30.80194091796875,11186200
2017-06-26,30.234540262662254,30.756914074781903,30.180500526198927,30.396656036376953,12680700
2017-06-27,30.67585600118362,30.77492369725039,30.153482192243953,30.17149543762207,8422300
2017-06-28,30.36062759466312,30.65784097260187,30.07242255672709,30.639827728271484,9288000
2017-06-29,30.30658989001612,30.423670819214205,29.766202892223433,30.009376525878906,14805600
2017-06-30,29.86527707894574,30.252553264627274,29.86527707894574,30.063419342041016,7703100
2017-07-03,29.47800107459738,29.595085452208032,28.955630699144567,28.982648849487305,15493900
2017-07-05,29.11774671354448,29.432969922402943,28.76649529564303,29.315885543823242,16609600
2017-07-06,29.153766107500356,29.153766107500356,28.703447048855104,28.838542938232422,12553800
2017-07-07,28.487292608626614,28.613383598792993,27.901875921308598,28.181076049804688,17125200
2017-07-10,27.892869650226693,28.910593899336934,27.892869650226693,28.874570846557617,14885900
2017-07-11,28.829537980969487,29.036688585848054,28.31617422824346,28.982648849487305,8459900
2017-07-12,29.297872114688467,29.50501928430857,29.04569354918143,29.09072494506836,9287200
2017-07-13,29.090721332556477,29.216810599652117,28.622389032842346,28.721458435058594,8345500
2017-07-14,29.216807272192256,29.405944586969994,29.072704778255314,29.180784225463867,12389200
2017-07-17,29.423958448162463,29.676140424067583,29.36992215278453,29.505016326904297,9437500
2017-07-18,29.757203693473937,29.86527973948325,29.541048165779753,29.658132553100586,8896100
2017-07-19,29.58607753902494,29.79322814689587,29.342907311077074,29.541046142578125,6631900
2017-07-20,29.55004835576258,29.83825335607028,29.396937516782145,29.685142517089844,7297800
2017-07-21,29.928321221035624,29.95533937076189,29.676142661789978,29.84726333618164,7243700
2017-07-24,29.92831932042711,29.937327660213917,29.126748863150144,29.252838134765625,11611700
2017-07-25,29.28886727722694,29.559059088846,29.036688711139195,29.099733352661133,6383100
2017-07-26,29.099734707636088,30.43268401794165,29.063708214895964,30.189510345458984,20244400
2017-07-27,30.14447991365583,30.30659570050758,29.514030013196315,29.658132553100586,12767200
2017-07-28,29.766203949264465,30.360627262972823,29.766203949264465,30.297582626342773,15511200
2017-07-31,30.297582870133024,30.531751610078906,30.090435714442467,30.279569625854492,9013700
2017-08-01,30.1084484073698,30.603800591095816,30.04540377138694,30.20751953125,8094700
2017-08-02,30.07242628254913,30.369639697311126,29.847265854035676,29.92832374572754,8420200
2017-08-03,29.937328137155728,30.07242231503527,29.739185886789027,29.811235427856445,5596400
2017-08-04,29.514022458263668,29.595080330940533,28.946617349525624,29.171777725219727,17166700
2017-08-07,29.000659699149757,29.234824999351016,28.91059347932236,29.018672943115234,6834800
2017-08-08,29.144761970815175,29.216811510397957,28.640401451035846,29.036685943603516,10454700
2017-08-09,29.568067483686228,29.694156766961388,29.252840839823033,29.559059143066406,15019400
2017-08-10,29.955338766605294,30.06341823468093,29.76620485098562,30.018386840820312,18296600
2017-08-11,30.00938356931937,30.297588661516194,29.75720497256607,30.288583755493164,13110400
2017-08-14,29.93733085881603,30.09944319987442,29.71217043953866,29.766206741333008,10704900
2017-08-15,29.27985911946887,29.478001385875327,29.234827723197032,29.324893951416016,9581800
2017-08-16,29.279857247821543,30.18049885838809,29.23482585442823,30.02739143371582,14048800
2017-08-17,30.180500037595298,30.351624149121132,29.87428174061116,30.081432342529297,8396400
2017-08-18,30.47771142870262,30.576782552938997,29.874279779115135,30.07242202758789,11686100
2017-08-21,30.216525011095218,30.53175163269043,30.171493618203062,30.53175163269043,11359500
2017-08-22,30.38765094648424,30.513740228455813,30.16249053277064,30.17149543762207,9614500
2017-08-23,30.342613842120556,30.450693306292624,30.108448541097744,30.42367172241211,5531700
2017-08-24,30.27056595613638,30.630820549374867,30.22553456144097,30.441686630249023,7033400
2017-08-25,30.594791584409556,30.747898983930146,30.13546251449874,30.56777000427246,8219600
2017-08-28,30.801941289789987,31.756619121332797,30.774919707388435,31.738609313964844,25611600
2017-08-29,32.38706977211185,32.54918552826176,31.450401722284553,31.90072250366211,14828200
2017-08-30,31.873702001441995,31.882710340381976,31.33331847798114,31.45039939880371,10960700
2017-08-31,31.513448310417484,32.53117075478123,31.513448310417484,32.495147705078125,19062400
2017-09-01,32.76534418113292,32.79236233121036,32.13489433914903,32.657264709472656,11198600
2017-09-05,32.927459006412086,33.683998107910156,32.90944576165319,33.683998107910156,18253400
2017-09-06,33.52188293870107,33.810087988634024,32.87341985851431,33.161624908447266,16847500
2017-09-07,33.629954233498644,34.00822201984211,33.41379875867758,33.93617248535156,16767500
2017-09-08,33.90915698853226,33.90915698853226,33.04453845737434,33.28771209716797,17743600
2017-09-11,32.67527721210319,33.197651006229506,32.269991227451925,32.36005401611328,18838000
2017-09-12,32.306010283914915,32.89142864479863,32.197934263759755,32.729312896728516,11158600
2017-09-13,32.65726395795183,32.6662722982205,31.86470179806676,32.00880432128906,17029200
2017-09-14,31.92774158371847,32.41408881403934,31.81065722775056,32.31501770019531,15598200
2017-09-15,32.297003288548204,32.38706606023166,31.72959820705378,31.774629592895508,22189800
2017-09-18,31.333321210340788,31.50444187270154,30.910018570789248,31.063129425048828,15740900
2017-09-19,31.162199459865302,31.360341720654485,31.036110179608627,31.270278930664062,11651200
2017-09-20,31.31530761842405,31.79264654832231,30.324599835800885,30.720884323120117,18293100
2017-09-21,30.261558413056278,30.88300335752105,30.25255350815003,30.396656036376953,9542400
2017-09-22,30.747899915064348,31.027100013772458,30.612805752985945,30.882997512817383,10841700
2017-09-25,30.720883678301036,31.603511980942987,30.684857191905486,31.4774227142334,17646000
2017-09-26,30.955055317103508,31.270281984202242,30.54976585121973,30.711881637573242,17146800
2017-09-27,30.405659703638,30.630820109557245,30.126462999130222,30.234539031982422,13153900
2017-09-28,30.35162286795504,30.765917182953174,30.243546837015323,30.51373863220215,10260900
2017-09-29,30.558766466165526,30.603797854172516,30.243543314441908,30.252548217773438,9155400
2017-10-02,30.216523327634263,30.414665568130673,29.91931340256451,30.261554718017578,15524800
2017-10-03,30.342614108997836,30.810948150837678,30.29758271636757,30.657840728759766,9345700
2017-10-04,30.837967477750098,30.955048402883968,30.639825241870042,30.910017013549805,7602200
2017-10-05,30.864987680630442,30.919027412836762,30.387648737670453,30.432680130004883,9299100
2017-10-06,30.44168111682538,31.171201947195083,30.189502603664057,31.153188705444336,16512800
2017-10-09,31.29729916279561,31.57649932742198,31.10816522982715,31.495441436767578,6774000
2017-10-10,31.64854382283455,31.684570309744323,30.991075897268182,31.090147018432617,13297400
2017-10-11,31.25226060589455,31.48642588321434,30.621810871407117,31.45039939880371,13724900
2017-10-12,31.378354099482603,31.414380588754224,31.081140716504404,31.207233428955078,7377300
2017-10-13,31.468415140351482,31.486428383987477,30.98207130487928,31.18021011352539,3754400
2017-10-16,31.072134406782006,31.216236921676312,30.351621832310457,30.5767822265625,13325300
2017-10-17,30.35162286795504,30.585788174270267,30.17149385927213,30.51373863220215,6986700
2017-10-18,30.45969943790167,30.55877056621416,30.234539031982422,30.234539031982422,6482900
2017-10-19,30.405664016427288,30.612814642649703,30.315601215554988,30.450698852539062,6558100
2017-10-20,30.2075234177857,30.288581308146235,29.901305102609847,29.9643497467041,9501900
2017-10-23,29.784214330243525,29.99136146435423,29.487004419797625,29.775209426879883,9443600
2017-10-24,29.6311123137899,29.784219748547763,29.36091706428138,29.43297004699707,9227800
2017-10-25,29.432964585586806,29.4599827312542,29.099728191548447,29.171777725219727,9059600
2017-10-26,29.225818692243145,29.270850082157654,28.595368926415553,28.739471435546875,15244900
2017-10-27,28.640401248877446,29.072708790347583,28.4692805873606,28.910593032836914,9434600
2017-10-30,28.640401889706414,29.45098069539646,28.640401889706414,29.243833541870117,12090000
2017-10-31,29.000660979159107,29.009665883701803,28.739474083644062,28.811525344848633,9842100
2017-11-01,28.98264767484439,29.42396014570769,28.820531908007837,28.928607940673828,8566600
2017-11-02,29.018675456741935,29.468996287861206,29.018675456741935,29.198801040649414,10638300
2017-11-03,29.315884113041694,29.342905697964543,28.72146077986604,28.928607940673828,10854100
2017-11-06,28.93761787170509,29.712170259021473,28.91059628529674,29.541046142578125,14309700
2017-11-07,29.387933586805815,29.468991460556236,29.027675606654014,29.270849227905273,7365700
2017-11-08,29.496010311694945,29.73918393875936,29.414952436006807,29.459983825683594,7322900
2017-11-09,29.505012912774184,29.613092362373663,29.17177653236213,29.360910415649414,6584300
2017-11-10,29.297867319429525,29.387933532137293,28.84754656291484,28.919599533081055,8376200
2017-11-13,28.9916502125028,29.054694846050623,28.667420423137237,28.721458435058594,10273900
2017-11-14,28.55934019521979,28.793507183610128,28.39722617356858,28.5233154296875,8455000
2017-11-15,28.631397677472595,28.74848033121446,28.424248801102298,28.712453842163086,8802600
2017-11-16,28.54133091495066,28.784502825461384,28.54133091495066,28.739471435546875,9786000
2017-11-17,28.838539513985705,29.306873478199382,28.775494887617945,29.180784225463867,10027800
2017-11-20,28.883575918530735,28.919602407194258,28.48729313241963,28.622390747070312,14640900
2017-11-21,28.748479045548905,29.054695599603473,28.721459179968736,28.79351043701172,8943400
2017-11-22,29.0276780484611,29.35190957073712,29.000659900163104,29.243833541870117,12731800
2017-11-24,29.252840659940503,29.369925037551155,28.973640508922877,28.982648849487305,5009700
2017-11-27,29.378928518761818,29.432968252503848,29.090723476821214,29.297870635986328,12353400
2017-11-28,29.30688045527102,29.315885360178296,28.991653812711945,29.09072494506836,5012400
2017-11-29,28.820530217672335,28.901588096336535,28.514311946682568,28.559343338012695,10900400
2017-11-30,28.46927956830025,28.775497828673192,28.30716381659253,28.50530433654785,7407800
2017-12-01,28.49629821834305,29.05469501982411,28.451266827778827,28.595369338989258,14140100
2017-12-04,28.41524295929151,28.46928269435282,28.145051155335327,28.190082550048828,8934200
2017-12-05,28.072996842785027,28.072996842785027,27.50559342899393,27.793798446655273,10944100
2017-12-06,27.559631883679724,27.784792272079333,27.28043348305869,27.406522750854492,14940800
2017-12-07,27.028253191039422,27.289438347934592,26.875144058432795,27.055273056030273,11942400
2017-12-08,27.16334861841006,27.44254701388473,27.118317228695158,27.316457748413086,8968900
2017-12-11,27.334472534475253,27.71274207008105,27.19937663986693,27.34347915649414,6090000
2017-12-12,27.235400495390106,27.415529494043145,27.172355861212775,27.39751625061035,4621300
2017-12-13,27.388511872135105,28.703449547191664,27.370498627226947,28.442262649536133,24950200
2017-12-14,28.37921678236635,28.50530605559302,27.937902608235486,28.40623664855957,10438200
2017-12-15,28.56834975171087,28.640401008016617,28.235113335485813,28.334182739257812,7543400
2017-12-18,28.560322914786358,28.902687361225837,28.54230337161834,28.812589645385742,10964900
2017-12-19,28.81259079340879,29.046841427050193,28.64141028180667,28.929716110229492,7946600
2017-12-20,29.02882314651147,29.632462427018474,29.001792111067783,29.47930145263672,14281300
2017-12-21,29.43424985812553,29.9838339225582,29.42524180453923,29.794633865356445,8195700
2017-12-22,29.9568072694958,30.335207395830714,29.803646295563112,30.209074020385742,11285100
2017-12-26,30.407285602053218,30.9388501396827,30.281152226493123,30.90281105041504,15402500
2017-12-27,30.992912339645496,31.019939941267694,30.542433982597608,30.866775512695312,11430200
2017-12-28,30.911821923226103,31.0469633499632,30.551437911507204,30.857763290405273,6460800
2017-12-29,30.956872489298835,31.055978275326456,30.623519475559867,30.749652862548828,7183600
2018-01-02,31.082999140227578,31.68663834339515,31.06497959786606,31.659610748291016,14051200
2018-01-03,31.569517802903352,31.650604028506972,30.65054172502116,31.11903953552246,13739500
2018-01-04,31.110034561806916,31.371312836465318,30.812720630236136,31.33527374267578,8099200
2018-01-05,31.046965729613802,31.326263531947063,30.974890983871717,31.064985275268555,7957400
2018-01-08,30.992905948106177,31.010922054220842,30.49737710804268,30.587474822998047,13323100
2018-01-09,30.27213685419117,30.27213685419117,29.893736776030014,29.974822998046875,11547000
2018-01-10,30.35322344589965,30.632521199998642,30.12798431942907,30.344215393066406,13488400
2018-01-11,30.54242994184654,30.69559091327867,30.461343710830512,30.596485137939453,11949900
2018-01-12,30.884792282583753,31.560509757402546,30.85776468339158,31.47942352294922,17409100
2018-01-16,31.614565047493457,32.128109999066865,31.44338454259447,32.04702377319336,12749100
2018-01-17,31.830799496831506,32.209199633029165,31.44338786965192,31.47942352294922,14082200
2018-01-18,31.5785273986125,31.632586030614444,30.803704190967608,30.884790420532227,14963300
2018-01-19,31.10102230767761,31.27220282475015,30.974888933321353,30.992908477783203,6885300
2018-01-22,31.064980994379095,31.30823967188075,30.848753350073025,31.092008590698242,5597200
2018-01-23,30.857763676937058,31.66862599502331,30.605496927699864,31.560508728027344,12398900
2018-01-24,32.1551409167602,32.50651688975727,32.01098799330376,32.200191497802734,16125600
2018-01-25,32.33533430194478,32.380381448021396,30.99291078972629,31.101024627685547,27161400
2018-01-26,31.308241154869688,31.623574583117733,31.17309629311961,31.344280242919922,7238100
2018-01-29,31.06497983910169,31.06497983910169,30.10996470778276,30.24510955810547,19944700
2018-01-30,30.56044621788681,30.623516341804248,29.74057584948025,29.83968162536621,14943900
2018-01-31,30.27213722289519,30.54242692416094,29.488306025102947,30.344215393066406,19626200
2018-02-01,30.055912753108494,30.434312875750237,29.866712691787622,30.299171447753906,9900800
2018-02-02,29.740576769990923,29.785627350880137,28.938725921188606,29.091890335083008,25322200
2018-02-05,29.181983593895204,29.32613651177695,28.80358175484603,29.172975540161133,11099900
2018-02-06,28.794572433589273,29.019811586111484,28.36211367317183,28.389142990112305,20453500
2018-02-07,28.199941017946927,28.776554413047503,28.019750728209154,28.15489387512207,14649600
2018-02-08,28.172913756882814,28.677448980002012,28.001731518910127,28.226970672607422,11806700
2018-02-09,28.235980209884573,28.244989982170058,26.920582669655985,27.59630012512207,25700600
2018-02-12,27.812533024099675,28.893679991792155,27.632341003598363,28.55131721496582,26193700
2018-02-13,28.65042044769457,28.93872629737406,28.416173233658796,28.8035831451416,7861100
2018-02-14,28.740515361175422,30.29016010342679,28.47923883926461,30.136999130249023,25607100
2018-02-15,30.227092742919922,30.353226114934458,29.560386794592635,30.227092742919922,7469600
2018-02-16,29.857699878657726,30.05591142185842,28.94773526436428,29.290096282958984,15423800
2018-02-20,28.91169671199164,29.12792780283635,28.353102877779687,28.47022819519043,17353400
2018-02-21,28.821599891869266,29.49731902429818,28.416170474537815,28.42517852783203,10937700
2018-02-22,28.63239756194532,28.79456828490776,28.389138899844497,28.416168212890625,7145300
2018-02-23,28.452207572252952,28.88466801910437,28.36211157422398,28.749523162841797,6989400
2018-02-26,29.07387064058804,29.29009830548645,28.920706227481297,29.25406265258789,9816300
2018-02-27,28.974764996628114,29.02882363154201,28.208951519731865,28.39815330505371,23688700
2018-02-28,28.470228071273773,28.65942812689153,28.263008471757672,28.272016525268555,5441300
2018-03-01,28.04677724154068,28.866649300430808,27.66837541375996,28.731504440307617,16750300
2018-03-02,28.965758247728086,29.136938777353343,28.533297741122965,28.58735466003418,10012500
2018-03-05,28.53329427454087,28.695466730010242,28.3711218190715,28.659427642822266,4199000
2018-03-06,29.055851300870575,29.578407795672366,29.055851300870575,29.190996170043945,18754800
2018-03-07,29.14594370264274,29.227029931523223,28.407161307670638,28.533294677734375,16469900
2018-03-08,28.67744902090425,28.722496164332608,28.353104089217258,28.62339210510254,9228200
2018-03-09,28.443199292829746,28.947736220886355,28.425179748590942,28.57834243774414,11206500
2018-03-12,28.389141226771116,28.83961778539663,28.22696877207804,28.82159996032715,13201500
2018-03-13,28.821599273104606,28.956742409313733,28.488246318351315,28.677446365356445,6131400
2018-03-14,28.704478132264008,28.875658650815417,28.56933326607093,28.686458587646484,5623300
2018-03-15,28.56032440066665,28.59636177043935,28.299046166451767,28.407161712646484,9570900
2018-03-16,28.41617087849296,28.443198475636322,28.091825965266416,28.29904556274414,17135900
2018-03-19,28.38914481173408,28.740517362314677,28.1368763260843,28.58735466003418,9923300
2018-03-20,28.39815161411868,28.479237843222947,28.19093201460258,28.272016525268555,8445400
2018-03-21,28.668437493206625,29.48830782615968,28.51527480911439,29.290096282958984,24152400
2018-03-22,29.073870677389067,29.24505119872338,28.84863152132334,28.893678665161133,9310500
2018-03-23,29.56038483838244,29.866710194521815,29.3801928459105,29.533353805541992,17836500
2018-03-26,29.740580902713546,29.902753393195056,29.65949465747279,29.695533752441406,8823800
2018-03-27,29.28109081274709,29.461282828200904,29.05585165264904,29.20000457763672,19627500
2018-03-28,28.90269093418266,28.956746133492594,28.48824998227605,28.542306900024414,16653300
2018-03-29,28.55131454167343,28.98377156982051,28.542304769648116,28.965755462646484,9494300
2018-04-02,29.236041555373987,29.596422123362043,29.091888640803447,29.26306915283203,11584900
2018-04-03,28.983769325173853,29.06485554868368,28.704475006210487,28.830608367919922,9638800
2018-04-04,29.17297522262545,29.23604190870747,28.63240092723365,28.740514755249023,9084600
2018-04-05,28.551315554558773,28.92070591007142,28.542305782213827,28.88467025756836,4460100
2018-04-06,29.209011546160514,29.281089724413736,28.99278388515426,29.181983947753906,8375000
2018-04-09,29.1189162897317,29.41623360980205,28.884669091969243,29.127927780151367,7818900
2018-04-10,29.281089111332296,29.57840643508661,29.200002880933543,29.371183395385742,8407600
2018-04-11,29.65948927281696,30.47035157801312,29.65948927281696,30.06492042541504,27414400
2018-04-12,29.7676061447566,29.884728025277724,29.56939459791071,29.59642219543457,12170400
2018-04-13,29.87572303921875,30.362240465860978,29.87572303921875,30.17304039001465,13663000
2018-04-16,30.24511140185449,30.308178086015964,29.956805578008737,30.146005630493164,7901600
2018-04-17,30.02888434079328,30.470351138573694,29.974825708934283,30.317190170288086,5385900
2018-04-18,30.614501598348077,30.938846489739706,30.524407322684322,30.605493545532227,17867000
2018-04-19,30.695592526853044,30.956870777958926,30.29917284153424,30.68658447265625,7321000
2018-04-20,30.308181828386193,30.34422092003605,30.06492311506508,30.17304039001465,9778900
2018-04-23,29.85769861571472,29.85769861571472,29.524345664603853,29.56038475036621,16993600
2018-04-24,29.722561434525073,29.974828197053778,29.641475198444148,29.90275001525879,8767400
2018-04-25,29.49731815654872,29.803643512688097,29.362173302975666,29.533353805541992,9692400
2018-04-26,29.713553299925714,29.84869818761939,29.506333659172068,29.695533752441406,10146600
2018-04-27,29.821657375331544,29.821657375331544,29.623449291711907,29.758590698242188,3113400
2018-04-30,29.344154913889138,29.578405544376597,29.245049142288792,29.290096282958984,11381500
2018-05-01,29.154953911697042,29.488306866054735,29.08287573947029,29.470287322998047,11866900
2018-05-02,29.623453352203892,30.416292669109335,29.551375176007067,29.794633865356445,13130900
2018-05-03,30.317192585086524,30.335208693597938,29.947800496819024,30.16402816772461,9497300
2018-05-04,29.992845543018163,30.281151375301846,29.87572022462897,30.227092742919922,5990600
2018-05-07,30.073936203549135,30.299175383007068,30.001858016421572,30.03789710998535,9710800
2018-05-08,29.911759717252487,30.290159838411576,29.659489532936423,30.10095977783203,8453400
2018-05-09,30.146003455327012,30.380254068347305,30.0018505538054,30.10996437072754,5472400
2018-05-10,30.38926512967016,30.73162959350751,30.38926512967016,30.722618103027344,12938300
2018-05-11,30.866771368690127,30.866771368690127,30.380257420421735,30.497379302978516,10101600
2018-05-14,30.58747675171284,30.58747675171284,30.14600651278535,30.227092742919922,6276400
2018-05-15,29.57840608833639,29.758594654330917,29.344155453540957,29.59642219543457,14245100
2018-05-16,29.60543297712586,29.794633029016747,29.52434674961884,29.578405380249023,5325200
2018-05-17,29.55137742723431,29.62345560892206,29.461283137001494,29.56939697265625,3265400
2018-05-18,29.416235173758217,29.785627252442197,29.353168484973885,29.58741569519043,10198100
2018-05-21,29.64147351047097,29.85770116978881,29.47930104754425,29.83968162536621,7142100
2018-05-22,29.866712954744578,29.93878769626852,29.47930133803283,29.515336990356445,8704000
2018-05-23,29.39821466861087,29.848692966286098,29.371183633674228,29.767606735229492,11391900
2018-05-24,29.893741045660192,30.19105494426891,29.848693901856056,30.18204689025879,12779500
2018-05-25,29.974826012674605,29.974826012674605,29.5513753176797,29.632461547851562,12850700
2018-05-29,29.308116619555378,29.659489137916687,29.227030389404568,29.39821434020996,8942900
2018-05-30,29.569395797029934,29.84869358465028,29.515337162913397,29.812654495239258,13169000
2018-05-31,29.76760765065279,29.82166284843508,29.470290315343142,29.488309860229492,8250400
2018-06-01,29.470288207673768,29.695527347329257,29.290096208574074,29.551374435424805,6071900
2018-06-04,29.839683754524813,29.857703300233165,29.515338805528305,29.542369842529297,4326800
2018-06-05,29.56039230162499,29.749592394894332,29.407227866447005,29.695533752441406,7554300
2018-06-06,29.749588481801133,29.84869426149038,29.560388413418103,29.72256088256836,5501400
2018-06-07,29.731566763857508,29.812652992506727,29.605433394153515,29.686519622802734,3245300
2018-06-08,29.68651820204988,29.68651820204988,29.488306666643105,29.533353805541992,5961600
2018-06-11,29.542366508402633,29.87571947419292,29.497319367654196,29.74958610534668,23779700
2018-06-12,29.58741414188548,29.758594654330917,29.542367000386847,29.59642219543457,10078600
2018-06-13,29.60543211122576,29.848690786631998,29.21802052856506,29.731565475463867,14042100
2018-06-14,29.884727389026605,30.01086419416453,29.821660704895905,29.911758422851562,16698700
2018-06-15,29.587412634428315,29.59642068751845,29.33514590538751,29.470287322998047,16160600
2018-06-18,29.461279269907912,29.605432177485003,29.4162321307044,29.470287322998047,5253400
2018-06-19,29.209009082353226,29.38920107591021,29.154953890099623,29.236040115356445,6549200
2018-06-20,29.24504912816676,29.40722158400237,28.974762847399578,29.055849075317383,8657100
2018-06-21,29.13693753499924,29.326137602340527,29.037831755855674,29.190996170043945,6354400
2018-06-22,29.26306753527228,29.56939289141166,29.25405948224306,29.533353805541992,6630500
2018-06-25,29.452269474729675,29.524347651104065,29.23604181935974,29.299108505249023,7693700
2018-06-26,29.082879252060216,29.299110357980158,29.04684359847092,29.20000457763672,4947000
2018-06-27,29.082878524303393,29.28109008003031,28.920706058140777,28.956745147705078,7463700
2018-06-28,29.064858419083645,29.100897507953032,28.884669848490077,29.01080322265625,5819500
2018-06-29,29.11891447520064,29.55137319272821,29.11891447520064,29.461278915405273,9680900
2018-07-02,29.172974453952193,29.32613541986531,29.00179050748867,29.15495491027832,6894000
2018-07-03,29.380192978835883,29.77661261456656,29.380192978835883,29.731565475463867,12917700
2018-07-05,29.90275079699083,30.10096236523191,29.84869559610833,30.010868072509766,13076400
2018-07-06,30.0559135128565,30.31719175854797,30.010866369052362,30.18204689025879,8857100
2018-07-09,30.416292534808576,30.578464993658766,30.127986705047476,30.19105339050293,7870500
2018-07-10,30.010862043393402,30.173034487214753,29.812650514972585,30.10996437072754,4158800
2018-07-11,29.803645697689586,29.96581472223943,29.31712831341011,29.335147857666016,15501800
2018-07-12,29.55137319272821,29.713545641410594,29.461278915405273,29.461278915405273,6230700
2018-07-13,29.281091220402967,29.497322329333308,29.281091220402967,29.30811882019043,7046900
2018-07-16,29.218024894520354,29.29911113177222,29.0468443656006,29.0828800201416,7115500
2018-07-17,28.8576379346855,29.11891616571761,28.8396183907995,28.929716110229492,6879900
2018-07-18,28.812593708261016,29.136938657268487,28.695470098029688,29.0828800201416,14315300
2018-07-19,28.54230674671684,29.16396559358003,28.54230674671684,28.704479217529297,14902100
2018-07-20,28.902689333934692,29.073869850399877,28.80358183974616,28.911697387695312,11657500
2018-07-23,28.740513996625452,28.89367668096967,28.506265084190872,28.56032371520996,9982000
2018-07-24,28.69546774825923,28.92070517742351,28.62339128976393,28.87565803527832,6500200
2018-07-25,29.037828666418342,29.209009170532227,28.857636672317376,29.209009170532227,12291900
2018-07-26,28.99278184198855,29.127926698251123,28.731503619548356,28.749523162841797,12678100
2018-07-27,28.7765549299608,28.956745222935332,28.686458924254346,28.758535385131836,7199900
2018-07-30,28.74952376846197,28.758533540298483,28.524284627863903,28.56032371520996,6152600
2018-07-31,28.46121883706855,28.88466953448886,28.452209064949148,28.57834243774414,4628900
2018-08-01,28.58734870686844,28.65942515655334,28.39814867085987,28.416168212890625,8546500
2018-08-02,28.425179072449,28.488247475784625,28.100835876057182,28.136873245239258,10766000
2018-08-03,28.33508526913486,29.650481057618936,28.235979494942278,28.344093322753906,9329500
2018-08-06,28.290035510296875,28.308055053839244,28.001729687371995,28.028759002685547,11501700
2018-08-07,28.208950668025647,28.27201735508264,27.668376364276877,27.722434997558594,7226400
2018-08-08,27.731446208110754,27.875599134128716,27.49719727372196,27.74946403503418,6734500
2018-08-09,27.848566533027768,28.172911437550486,27.740452710479012,27.75847053527832,7168200
2018-08-10,27.69540637225768,27.92965530034414,27.5242241328025,27.569272994995117,9790600
2018-08-13,27.335023299566217,27.335023299566217,26.4881236169412,26.63227653503418,24362400
2018-08-14,26.74039408328307,26.839499866300514,26.37100198823064,26.43406867980957,9605900
2018-08-15,25.830422463289203,25.93853799747474,24.614130866282963,24.8934268951416,35517200
2018-08-16,25.082629854081176,25.388955210796393,24.12761641643631,24.154644012451172,23777900
2018-08-17,24.415923325934465,24.95649761018847,24.244741096925736,24.767295837402344,28190900
2018-08-20,25.02857352335421,25.316879343778798,24.704228616157433,25.055601119995117,28333400
2018-08-21,25.1637154321676,25.370935015666536,24.92946653491039,25.262821197509766,13758200
2018-08-22,25.406976640116,25.45202378244411,25.091641488504248,25.307870864868164,7010200
2018-08-23,25.0826343356113,25.0826343356113,24.280783433056836,24.460973739624023,21555500
2018-08-24,24.86640274463468,25.722310491865134,24.785316512373914,25.415985107421875,24722000
2018-08-27,25.524100021401566,25.992597858707537,25.506080477250187,25.96556854248047,18671900
2018-08-28,26.118731804398944,26.2538749516251,25.13668896628343,25.379947662353516,21137900
2018-08-29,25.41598503300926,25.587167269329505,25.181737827651048,25.379947662353516,8297000
2018-08-30,25.217776247991225,25.217776247991225,24.875413479538306,25.00154685974121,11397600
2018-08-31,24.965507714744295,25.253815283554484,24.83036456218733,24.902441024780273,7178100
2018-09-04,24.722247049675065,24.722247049675065,24.181672801428125,24.442949295043945,16046300
2018-09-05,24.515027650153094,24.542056966117237,24.109598221320756,24.208703994750977,10376300
2018-09-06,24.26276139254099,24.60512414272907,24.06454984172412,24.118608474731445,16289800
2018-09-07,24.109597139053953,24.42493227072719,23.848318918444114,24.190683364868164,10920900
2018-09-10,24.181674146641292,24.24474083073147,23.75822518315134,23.839309692382812,12337900
2018-09-11,23.532987041454092,23.920396934210025,23.343785262723674,23.821292877197266,15092900
2018-09-12,23.704167723838196,24.85739279334644,23.650110808866383,24.65017318725586,24885800
2018-09-13,24.938481402982152,25.01956764239086,24.2717736599627,24.460973739624023,17948800
2018-09-14,24.415922230182822,24.533045822603015,24.091577330498897,24.154644012451172,12068800
2018-09-17,24.451960420701777,24.884420874315772,24.208703456189337,24.79432487487793,21350700
2018-09-18,24.776305887886796,24.929468574840353,24.469980513979674,24.740266799926758,12227800
2018-09-19,24.911448748702348,25.58716617435488,24.89342920492643,25.361927032470703,19774600
2018-09-20,25.79438611310053,25.893491886738595,25.253813540190393,25.731319427490234,18873200
2018-09-21,25.253815312517542,25.605187853256318,25.127680214006418,25.29886245727539,18329100
2018-09-24,25.461035632052972,25.61419833427929,25.055604444266116,25.145700454711914,12902300
2018-09-25,25.298861297242638,25.515090675354653,25.118669289596784,25.24480438232422,10788800
2018-09-26,25.010559182621627,25.32589438372084,24.7132435286569,24.812349319458008,20498400
2018-09-27,24.370874811168477,24.433943215281346,24.136627612502448,24.244741439819336,17162500
2018-09-28,24.370875403285066,24.902439936083226,24.370875403285066,24.65017318725586,14804600
2018-10-01,24.506019803479727,24.812345179906096,24.49701003141562,24.677200317382812,7339800
2018-10-02,24.938479000389275,25.434004443757853,24.938479000389275,25.24480438232422,17927500
2018-10-03,25.370936459409275,25.47905200215656,24.95649726882758,24.992534637451172,12133900
2018-10-04,25.14569629527583,25.533107873202752,24.875410027085884,25.073619842529297,11224200
2018-10-05,25.163718369935683,25.316881062237396,24.866402757636866,24.884422302246094,8833800
2018-10-08,24.478988937883766,25.12767701949575,24.406912484371325,25.10965919494629,10013700
2018-10-09,24.92046169353355,25.001547932411047,24.605126511058685,24.623146057128906,11340500
2018-10-10,24.63215384914792,24.866402773906056,24.253752004298363,24.821353912353516,10605000
2018-10-11,25.388954900277056,26.57821722665525,25.12767668574097,26.4250545501709,35620000
2018-10-12,26.370997916727767,26.569207733721946,25.80339434327458,26.398025512695312,18866800
2018-10-15,26.704351754476477,27.30799271538447,26.614257473679253,26.839496612548828,15661500
2018-10-16,27.028695848758925,27.145819441324072,26.443074449056788,26.79444694519043,9286200
2018-10-17,26.7223745898777,26.992660902441823,26.416049185804514,26.533174514770508,10215300
2018-10-18,26.587227823840394,26.974639412771534,26.389018002766935,26.40703582763672,8716400
2018-10-19,26.71336065317531,26.875533102811268,26.542178432066443,26.695341110229492,8405900
2018-10-22,26.569206281379234,26.569206281379234,26.217833805502526,26.370996475219727,8725500
2018-10-23,27.09176466602781,27.298984271441814,26.542180590553993,26.731382369995117,13482800
2018-10-24,26.75841031736072,26.92959082519283,26.334959637557102,26.44307518005371,10580900
2018-10-25,26.452087841951073,26.60525054146683,25.497072553940594,25.569149017333984,18591900
2018-10-26,25.758349581064742,26.199818113129822,25.415985107421875,25.415985107421875,18724600
2018-10-29,25.497069969737428,25.7763677407128,25.118668145664657,25.12767791748047,10214200
2018-10-30,25.10966233299314,25.623207343253675,24.848384082333755,25.199756622314453,14126500
2018-10-31,24.929468985935983,24.929468985935983,24.45196137322102,24.614133834838867,19501700
2018-11-01,25.12767947087315,25.587167551255508,25.073622555074746,25.35291862487793,19521100
2018-11-02,25.28084373474121,25.53311222153491,25.13669080469866,25.28084373474121,16191700
2018-11-05,25.28084194371939,25.68627310476533,25.208765483804378,25.479053497314453,8082000
2018-11-06,25.497069687982304,25.60518523013905,25.064610956231807,25.154706954956055,9339600
2018-11-07,25.40697769558702,25.434005294731353,24.92947006225586,24.92947006225586,12868600
2018-11-08,24.839376921721147,25.145702349253117,24.731263075791393,24.812349319458008,11034200
2018-11-09,24.451959066332513,24.596111970073277,24.298796391303185,24.442949295043945,11356800
2018-11-12,24.28978886966203,24.388894644576997,23.83030252045595,23.92039680480957,23842600
2018-11-13,23.983466530283263,24.05554299279793,23.46091174744233,23.578035354614258,14458100
2018-11-14,23.514966365101504,24.262760234975985,23.496946821625436,24.001482009887695,20563300
2018-11-15,24.100589991019568,24.524038990915543,24.100589991019568,24.433944702148438,11804000
2018-11-16,24.80333601185218,24.947488931511668,24.668191146037852,24.785316467285156,12126400
2018-11-19,24.803334987421838,25.19975464089328,24.78531544359906,24.86640167236328,7340300
2018-11-20,25.0195666422986,25.0195666422986,24.253753144293576,24.641164779663086,10733100
2018-11-21,24.875410771374632,25.443012638931812,24.875410771374632,25.316879272460938,23359500
2018-11-23,25.073621272835663,25.154707501605785,24.280780247396784,24.5690860748291,11462000
2018-11-26,24.704231784956285,24.9024416323129,24.271772998848146,24.31682014465332,7732600
2018-11-27,24.280780470891603,24.37988452595975,23.713176864276164,23.84832000732422,12878500
2018-11-28,23.713179484305677,24.7763086390401,23.713179484305677,24.48800277709961,17630100
2018-11-29,24.668189229731603,24.69521854448241,24.163654050117355,24.190683364868164,8434000
2018-11-30,24.10058715708074,24.20870269670195,23.758224432083615,23.95643424987793,8097600
2018-12-03,24.478987210234187,24.60512056536932,24.145632562242383,24.388891220092773,8628400
2018-12-04,24.713238925558546,24.785315382232923,24.334837098408492,24.469980239868164,7537200
2018-12-06,24.596112861954655,24.76729508576837,24.334836358864667,24.524036407470703,9795000
2018-12-07,24.659180271080306,25.452021238503193,24.641160728574793,25.262821197509766,22663300
2018-12-10,25.118671011932598,25.52410219771618,24.848384700369188,25.010557174682617,11588400
2018-12-11,25.14569881058295,25.42499487810878,24.965506801473047,25.181737899780273,7245100
2018-12-12,25.13668801377461,25.64122321290504,25.13668801377461,25.560138702392578,17992600
2018-12-13,25.461030762907253,25.578154351181247,25.352915227360523,25.524097442626953,11584400
2018-12-14,25.109661587359714,25.28084210673773,24.857393116811277,25.01956558227539,11982600
2018-12-17,25.217772985819938,25.965566834531035,25.20876321433689,25.90250015258789,21040200
2018-12-18,25.93853986956001,26.641284877952433,25.81240478416687,26.542179107666016,14092800
2018-12-19,26.74940349870398,27.289977833989,25.253815592759775,25.271833419799805,30532800
2018-12-20,26.354627094049754,26.571909963780346,26.019648257291703,26.34557342529297,30235800
2018-12-21,26.3184121651066,26.463267410196124,25.757098522087393,26.20071792602539,12984500
2018-12-24,26.535695517795194,27.0698498913808,26.535695517795194,27.051742553710938,14623100
2018-12-26,27.35050477365782,27.42293411918823,26.26409049286131,26.490427017211914,19253800
2018-12-27,26.762030936438396,26.99742113584735,26.56285541085114,26.92499351501465,11075300
2018-12-28,26.897831105342416,27.069847343393313,26.644335309068037,26.65338897705078,7542800
2018-12-31,26.915940606835136,27.468202310540523,26.59001716728719,27.359560012817383,14759100
2019-01-02,27.278080382700658,27.69454053472623,27.106065847143714,27.459150314331055,7554200
2019-01-03,27.84844757937611,28.59988480935738,27.757912619670144,28.47313690185547,16319200
2019-01-04,27.938981779647257,28.42786778587345,27.884659769213815,28.31922721862793,16724000
2019-01-07,28.51840476958461,28.54556577673134,27.857502470311367,27.902769088745117,9646000
2019-01-08,27.522523986996717,28.174374352658884,27.377668733918643,28.120052337646484,8145300
2019-01-09,28.047622601511875,28.590830623102804,28.047622601511875,28.464082717895508,8472700
2019-01-10,28.43692142546845,28.482188040639777,27.794126510620117,27.794126510620117,17805800
2019-01-11,27.920877729806833,28.074786657199063,27.721702181868427,27.785076141357422,4454600
2019-01-14,27.975195945084298,28.092891912673014,27.59495048953978,27.748859405517578,11151400
2019-01-15,27.812232985589823,27.94803628894877,27.142277044716003,27.250919342041016,11330900
2019-01-16,27.223757075989493,27.49536194332576,27.15132945672862,27.332399368286133,5655800
2019-01-17,27.178492482397445,27.540630605629065,27.133224137736754,27.404829025268555,7876700
2019-01-18,27.06079390657606,27.17848986454652,26.481372965215694,26.553800582885742,17384800
2019-01-22,26.66244277730159,26.879725629533503,26.490426538397344,26.72581672668457,13694800
2019-01-23,26.54474983209989,27.024583931154456,26.4904295445802,26.852567672729492,4408300
2019-01-24,26.644339215116045,26.915942387172805,26.644339215116045,26.762033462524414,5891900
2019-01-25,27.14227880108164,27.830342123835713,27.14227880108164,27.703594207763672,18784700
2019-01-28,27.80317848037434,28.364493833845117,27.794126538779445,28.31922721862793,16259100
2019-01-29,28.617993921573156,28.934863709980473,28.34638902561009,28.925811767578125,20264800
2019-01-30,28.753794441399062,29.65008693858479,28.65420581055261,29.224573135375977,16792200
2019-01-31,29.550501341690882,29.876426547516015,29.52334205907942,29.840211868286133,11484100
2019-02-01,29.631978754809396,29.831156010815604,29.242679638227138,29.7315673828125,8175100
2019-02-04,29.351319210804974,29.613870411416148,29.206463971436964,29.396589279174805,10989000
2019-02-05,29.505229669930895,29.677244186401367,29.179304519884685,29.677244186401367,6866400
2019-02-06,29.342267315583346,29.731566419552877,29.007290221570493,29.016342163085938,23722600
2019-02-07,29.097824599917832,29.206465170498706,28.572723903948308,28.581777572631836,11071800
2019-02-08,28.83527657048994,29.378484631239125,28.79906189392828,29.26984405517578,11590200
2019-02-11,28.780954849427065,29.170253969027254,28.726632837289316,28.826221466064453,9585900
2019-02-12,29.034451282811208,29.097825238175275,28.690420499344512,28.94391632080078,4448500
2019-02-13,28.826221953763756,29.38753560753125,28.817168284920953,28.871488571166992,6849300
2019-02-14,28.91675786594286,29.278895997505376,28.81716923220911,29.26984405517578,10203900
2019-02-15,29.496178674737706,29.83115577697754,29.10687956120705,29.83115577697754,10475700
2019-02-19,30.202345611607775,31.171065635472768,30.148023603809488,31.089584350585938,21778900
2019-02-20,31.31592240135453,31.723328845719866,30.989997245862263,31.1529598236084,16892600
2019-02-21,30.72745026863754,30.754613004412068,30.347206504012576,30.528276443481445,13337800
2019-02-22,30.682180947243225,31.09863935383934,30.57354037457066,30.65502166748047,17254100
2019-02-25,30.528275012594843,30.709341489955126,30.075601911950777,30.084653854370117,13164300
2019-02-26,30.22045717064557,30.356257028686606,29.74062133542655,30.329097747802734,9374800
2019-02-27,30.102758509512167,30.25666569227367,29.541444881762313,29.65008544921875,19560500
2019-02-28,29.631978475965212,29.650085813033694,29.30605331597534,29.342267990112305,12813500
2019-03-01,29.124983249395267,29.450908407711964,28.41881437545669,28.464082717895508,19226300
2019-03-04,28.192477332978697,28.53650982203866,27.893713185537504,28.455028533935547,12089400
2019-03-05,28.264905464786107,28.500295665035864,28.11099655411552,28.464082717895508,8467800
2019-03-06,28.427867967996754,28.50029558889467,27.730751037597656,27.730751037597656,20579300
2019-03-07,27.739802106978342,28.26490274099154,27.703589163327706,28.06572723388672,11173000
2019-03-08,28.735686241666773,29.36037556101908,28.491242369727516,29.242679595947266,20278300
2019-03-11,29.278893207324586,29.30605248534682,28.572722622965262,28.980127334594727,17307300
2019-03-12,29.115930795163447,29.631977802206627,29.115930795163447,29.577655792236328,17401100
2019-03-13,29.767781283939215,30.039384428223386,29.541444754765514,29.858314514160156,9332200
2019-03-14,29.269843837406587,29.39659175080775,29.007292614720395,29.06161117553711,16601500
2019-03-15,29.278895997505376,29.532391826193727,28.980130096304126,29.26984405517578,11401900
2019-03-18,29.43280198487355,29.487123997487288,28.8533827249571,28.97107696533203,8374800
2019-03-19,29.387533309594584,29.41469604080978,29.12498211411567,29.179304122924805,7712100
2019-03-20,29.297000662674183,30.075598869600984,28.898647890896438,29.957902908325195,17406700
2019-03-21,30.048440995544325,30.138977693324108,29.41470137919526,29.976015090942383,13340400
2019-03-22,29.604819709385545,29.99411882903992,29.478071801334625,29.63197898864746,18947700
2019-03-25,29.912638308088017,30.4105780112369,29.749675721076155,30.310989379882812,14000100
2019-03-26,30.19328927636172,30.39246651179688,29.966952764683985,30.30193328857422,8995900
2019-03-27,30.175186733779796,30.347201246985236,29.713458295438034,29.767780303955078,14186700
2019-03-28,29.24268099702002,29.297003011260788,28.6994746690988,28.708526611328125,21136100
2019-03-29,29.034452830404327,29.09782678914635,28.70852764051865,28.726634979248047,12591400
2019-04-01,28.790008090743218,28.83527643623453,27.794128665285758,27.938983917236328,17917800
2019-04-02,27.975195600039985,28.174372857560943,27.911821646032674,28.020463943481445,7763700
2019-04-03,28.05667699130437,28.264906191444172,27.966142030909886,28.129104614257812,8583900
2019-04-04,27.748860141615058,28.826222582038977,27.67643251610484,28.708526611328125,12987000
2019-04-05,28.690419402412946,28.790006302687175,28.418814526766035,28.780954360961914,7539400
2019-04-08,29.124984504529525,29.278895148643553,28.94391630740326,29.224573135375977,12925500
2019-04-09,29.36942878712572,29.4690174193398,29.215521594519664,29.405643463134766,12568500
2019-04-10,29.342267315583346,29.505229891832048,28.97107554826604,29.016342163085938,11179200
2019-04-11,28.590833146143407,28.78095674754279,28.237748678015656,28.33733558654785,15153800
2019-04-12,28.37354757938421,28.53651015750618,28.165318385921992,28.18342399597168,7933000
2019-04-15,27.857500335501285,28.183423762231484,27.712645095441047,28.002355575561523,9333600
2019-04-16,27.61305734690017,27.703592306514448,27.40482814855484,27.422935485839844,13740200
2019-04-17,27.386721045904533,27.576842908593722,27.14227717089494,27.323347091674805,8263300
2019-04-18,27.25997155339756,27.42293412726771,26.680548876658065,26.77108383178711,20237900
2019-04-22,26.843513730555063,26.888782075369896,26.155450430666704,26.21882438659668,13687800
2019-04-23,25.983434265238014,26.255037409787406,25.901952976511062,26.08302116394043,10764100
2019-04-24,26.119235738673243,26.807298992646725,25.974380498553632,26.535694122314453,20379800
2019-04-25,26.64433579080712,26.906885259811226,26.318410644777963,26.417999267578125,10462200
2019-04-26,26.72581965642818,27.40482929164143,26.72581965642818,27.269027709960938,16337900
2019-04-29,27.042691657944605,27.087958277059826,26.427055967836978,26.544750213623047,16338200
2019-04-30,26.553800582885742,26.852564721626006,26.508533969395945,26.553800582885742,5749900
2019-05-01,26.472320270789055,26.8254047040654,25.86573830293878,26.08302116394043,17726200
2019-05-02,25.684671513387606,25.82047309305325,25.38590734739888,25.51265525817871,14335200
2019-05-03,25.76615094049378,26.12829078672613,25.6484566992358,25.720884323120117,16290200
2019-05-06,25.639399363463106,26.010591098633896,25.621292028379038,25.79330825805664,9200900
2019-05-07,25.883846679561426,26.43610838605007,25.648456472317264,26.34557342529297,14429300
2019-05-08,26.526641186405282,26.68960376774221,25.8476315820419,25.920059204101562,11841400
2019-05-09,25.865738456386097,26.200717281674226,25.80236450406932,25.838579177856445,13591400
2019-05-10,25.983435905018435,26.03775619199426,25.66656439850635,25.693723678588867,6902800
2019-05-13,26.191662874141542,26.57190830412298,25.88384506287987,26.490427017211914,24615400
2019-05-14,26.49042991941578,26.544750207704098,25.992488475205253,26.30030632019043,14699500
2019-05-15,26.34557368907533,26.490428937012737,26.155450096900747,26.20977210998535,4372500
2019-05-16,26.083021318676767,26.083021318676767,25.693722209518643,25.838579177856445,13168100
2019-05-17,25.72088155865481,26.064914030236977,25.603187330046538,26.01964569091797,9736900
2019-05-20,25.93816576567585,26.010593385569674,25.75709757934663,25.766149520874023,6188200
2019-05-21,25.666565668547914,25.90195589283853,25.53981602358474,25.856687545776367,4650200
2019-05-22,25.86573985275486,25.86573985275486,25.168622886014905,25.304426193237305,13630100
2019-05-23,25.557921595804878,25.91100777124035,25.304425777022313,25.40401268005371,12044100
2019-05-24,25.44023004859187,25.594138980637585,25.331587738460982,25.521711349487305,5599100
2019-05-28,25.25915694702541,25.46738614467862,25.168621987712058,25.358745574951172,10673100
2019-05-29,25.422118856165234,25.50360014471149,25.23199700076442,25.3134765625,11688400
2019-05-30,25.322528413548355,25.874790056991944,25.186726851320902,25.8023624420166,12786000
2019-05-31,26.155448233367057,26.906885426057716,26.155448233367057,26.73487091064453,23419100
2019-06-03,27.259974488346767,28.201533633354256,27.178493192638996,28.120052337646484,29842300
2019-06-04,27.69453750637563,28.165317895686947,27.640217223550682,28.13815689086914,11932500
2019-06-05,28.445975751895787,28.71757890282799,27.694538525718585,27.875608444213867,12970700
2019-06-06,28.07478520448558,28.210586785908013,27.84844865984459,28.110998153686523,13999200
2019-06-07,28.373548599162156,28.491242839363263,27.866555236524633,27.957088470458984,12909600
2019-06-10,27.441042971999615,27.513470599279557,27.060797497077203,27.214706420898438,25454800
2019-06-11,27.078905108285195,27.721701817827157,27.078905108285195,27.567792892456055,14570700
2019-06-12,27.794125134706295,28.264903780339058,27.794125134706295,28.08383560180664,13939800
2019-06-13,28.092892441208594,28.563671139988358,28.056677765327418,28.52745819091797,10557400
2019-06-14,28.94391660268676,29.19741415342262,28.210586684200837,28.52745819091797,16774900
2019-06-17,28.52745828730532,28.79906145008866,28.319229080717367,28.636098861694336,7616000
2019-06-18,29.07066595833969,29.22457314890341,28.54556525085214,28.94391632080078,14660300
2019-06-19,28.79906189392828,29.324162616396634,28.599886353271597,29.26984405517578,14239000
2019-06-20,30.673128097179205,31.026212538128835,30.365310272367992,30.98999786376953,29793200
2019-06-21,30.989995192059617,31.125798482388415,30.36530765451365,31.116743087768555,12443100
2019-06-24,31.406458876070495,32.248431130192984,31.225392396423196,32.230323791503906,30256800
2019-06-25,32.411393129050516,32.574355720635204,30.971892539133528,31.587528228759766,34489700
2019-06-26,31.098639974818568,31.958719538569202,30.845144148980253,31.542261123657227,16327000
2019-06-27,31.415508112049377,31.51509672850038,31.180116208870455,31.37929344177246,14299900
2019-06-28,31.506046542998124,31.70522380883,31.21633604012719,31.650901794433594,15776500
2019-07-01,30.781770843796583,30.94473343631818,29.957905938769247,30.084653854370117,41443200
2019-07-02,30.573537241449593,31.75954183812573,30.573537241449593,31.614683151245117,36573200
2019-07-03,31.69616443580487,31.768593779245176,31.361187356446415,31.614683151245117,11550200
2019-07-05,30.709341128851054,31.406458110080283,30.43773796238267,31.37024688720703,16912700
2019-07-08,31.37024657251104,31.560368441769505,31.053373336791992,31.053373336791992,21573600
2019-07-09,31.17106942160766,31.723331146962135,30.953784817643648,31.650901794433594,19915300
2019-07-10,32.28464183818702,32.53813764142341,31.904398133332442,32.50192642211914,21540700
2019-07-11,32.45665597373788,32.64678127755808,31.741435186757897,31.940608978271484,16282400
2019-07-12,32.00398266542637,32.48381843807109,31.88629016119649,32.42044448852539,12470400
2019-07-15,32.42949285360443,32.68298862383298,32.2484229661751,32.63772201538086,9317100
2019-07-16,32.44760018770945,33.1537689497009,32.384226245152306,32.63772201538086,15039200
2019-07-17,32.88217120719948,34.1949237880961,32.845956533084205,34.13154983520508,24368700
2019-07-18,34.04101262297089,36.241003963907914,33.787516815330854,36.15047073364258,35630500
2019-07-19,35.697798959393296,36.34964929234407,35.17269653482262,35.75212097167969,18662500
2019-07-22,35.78833681532706,36.241009948649676,35.78833681532706,36.05088806152344,13348000
2019-07-23,36.05088323017843,36.41302306975326,35.127429747521916,35.47146224975586,13104700
2019-07-24,35.79738630053786,36.20479274397459,35.58915710803049,36.15047073364258,14139700
2019-07-25,35.95129175028934,35.960347145052324,34.846771889067206,34.928253173828125,22071300
2019-07-26,35.24512606536435,35.37187397439474,34.765293708714616,34.9192008972168,4833800
2019-07-29,35.11838047342794,35.62537214300055,34.738133267626765,35.58916091918945,12371300
2019-07-30,35.67968939192107,36.15952171611865,35.552941491462946,35.996559143066406,8720200
2019-07-31,35.76117191074056,35.9875084418212,33.90521304660362,33.9866943359375,38085400
2019-08-01,33.39821729641464,35.99655965351596,33.29862867217925,35.72495651245117,25641900
2019-08-02,35.5800999116361,36.15952084469311,35.389978065530734,35.69779586791992,9671400
2019-08-05,36.77515869988404,37.75293417446745,36.58503684214439,37.20972442626953,29308400
2019-08-06,37.11919235888792,37.318369618167665,36.603145326773586,37.01960372924805,13688000
2019-08-07,38.3957276297786,39.02041519005587,37.81630668338438,37.87968063354492,24305900
2019-08-08,37.52659824106034,38.694495592002674,37.22783235674518,38.477210998535156,14051700
2019-08-09,38.19655038434762,38.55869020265463,37.780092010829435,37.87968063354492,10793100
2019-08-12,37.93400309006073,38.43194275589343,37.055816265156,37.11919021606445,18989800
2019-08-13,37.71671829873367,37.78914764430074,35.480512331858826,36.277217864990234,24247600
2019-08-14,36.81137166537876,37.16445608582873,35.95129219419835,35.98750686645508,15674000
2019-08-15,35.98751026190388,36.76610852077861,35.73401443943176,36.61219787597656,15934500
2019-08-16,36.068992661260644,36.30438115311315,35.462408912804904,35.5076789855957,17246300
2019-08-19,34.76529473403966,35.688744799530845,34.493688116825254,34.93730926513672,11060500
2019-08-20,35.19080523294483,36.575987244024894,35.19080523294483,36.26816940307617,17406000
2019-08-21,35.87886946778125,36.22289852369939,35.724958823926045,35.906028747558594,7601400
2019-08-22,35.68874308046713,35.9875089635633,35.39903259277344,35.39903259277344,12244200
2019-08-23,35.7883298991301,37.454166845974456,35.67968933514191,37.31836700439453,27131800
2019-08-26,37.55375827059856,37.888735382501174,36.874748651172936,37.300262451171875,11204900
2019-08-27,37.25499346498418,38.60395722243786,37.17351217768943,38.377620697021484,15664600
2019-08-28,38.468159271639024,38.74881436664334,37.743879591781706,38.1331787109375,9184300
2019-08-29,38.22371037564677,38.22371037564677,36.693673379277094,37.06486511230469,19315500
2019-08-30,36.974341158705116,37.79820611186068,36.78421927419734,37.16446304321289,8321900
2019-09-03,37.74387862242114,38.51342489910023,37.69861200699799,38.04264450073242,14686200
2019-09-04,37.94305718896988,38.70354809673479,37.87968323445793,38.694496154785156,13215300
2019-09-05,37.761987320845435,37.7891500539758,36.35870147040317,36.458290100097656,31190900
2019-09-06,36.72989425185235,37.254996694069945,35.46240821821246,35.49862289428711,19957900
2019-09-09,35.580102047643194,35.652531395434124,34.185868185260425,34.475582122802734,23193900
2019-09-10,34.403151169938006,34.91919816119738,34.1677627078423,34.24018859863281,15443400
2019-09-11,34.249249081211595,34.991632703606705,34.249249081211595,34.40315628051758,16993900
2019-09-12,35.29039674307317,35.62537389171521,33.67888150804839,33.73320007324219,27253400
2019-09-13,33.950481103202925,34.24924699464945,32.80974645772878,32.827850341796875,28132700
2019-09-16,33.76941260228638,34.12249706805206,33.16283230543183,33.832786560058594,22896500
2019-09-17,34.03196628093969,34.87393858470482,33.76941503490069,34.720027923583984,17687200
2019-09-18,34.71097369187698,34.80150693106923,33.25336574697855,33.55213165283203,39995200
2019-09-19,34.077227896328814,34.77434483323042,33.99574660620729,34.55706024169922,29687300
2019-09-20,34.68381136451949,35.62536871173446,34.42126015885181,35.52578353881836,19596800
2019-09-23,35.670634858632965,36.476392270385944,35.670634858632965,36.36774826049805,17813900
2019-09-24,35.92413408367574,36.97433543788391,35.65253094017078,36.920013427734375,16838400
2019-09-25,36.55787235612738,36.747994186785704,35.054998138008514,35.227012634277344,23521500
2019-09-26,35.46240879949326,35.77022664393016,34.62044001549699,34.665706634521484,19770900
2019-09-27,33.950482386750664,34.76529534548135,33.78751979500453,34.041015625,27116400
2019-09-30,33.41632672903434,33.8871071481,32.61962113879848,32.827850341796875,24786300
2019-10-01,32.77353478688015,34.2311427951174,32.72826816531701,33.44348907470703,18129800
2019-10-02,34.059117778004484,34.249243075176906,33.588337412814774,34.013851165771484,16815900
2019-10-03,33.96858914359924,34.81056136866624,33.769411878514525,33.887107849121094,14099400
2019-10-04,33.7060360943315,34.66570423796538,33.660769478436436,34.62043762207031,13596400
2019-10-07,34.28545598370253,34.801502986575976,33.93237155580189,34.113441467285156,11217900
2019-10-08,34.720021464416156,35.13648329409917,34.375992433906696,35.09121322631836,14878700
2019-10-09,35.13648438009866,35.17269560037273,34.36693810111635,34.475582122802734,10097800
2019-10-10,34.58422256171422,34.801503697032786,33.93237224851578,34.68381118774414,10166900
2019-10-11,34.24924509428759,34.33072292893771,33.39821753820318,33.561180114746094,26531700
2019-10-14,33.45254199069155,33.85994846179436,33.34390141627133,33.53402328491211,4987200
2019-10-15,33.289578043846426,33.289578043846426,32.31180255309848,32.39328384399414,20813200
2019-10-16,32.7735312330351,33.226204306823924,32.52003196325076,33.1628303527832,17075900
2019-10-17,32.918388416758276,34.02291188699692,32.918388416758276,33.832786560058594,17536700
2019-10-18,33.60644595968912,33.98669311411784,33.24430959515171,33.68792724609375,9242300
2019-10-21,33.85994786837633,33.94142916116888,32.75542444465991,32.827850341796875,12163000
2019-10-22,32.92743785945554,33.10850777661078,32.42044623576656,32.9455451965332,6898600
2019-10-23,33.05418555722496,33.47969934181697,33.04513361555384,33.28957748413086,10448600
2019-10-24,33.47064314939927,34.15870459852726,33.38916187022166,34.12248992919922,12875400
2019-10-25,34.88298402252253,35.08216126907999,33.97763792525595,34.52989959716797,15882800
2019-10-28,34.10438208095163,34.20397069329354,33.63360520126044,33.760353088378906,16137500
2019-10-29,33.43443557125242,34.457477748212554,33.42538017518936,34.18587112426758,11036400
2019-10-30,34.37599684942157,34.611385345458984,33.615505891545844,34.611385345458984,10952800
2019-10-31,34.98257584789897,35.54388951256962,34.80150592114733,35.49862289428711,23594400
2019-11-01,35.25417719196175,35.67063903808594,35.04594799571037,35.67063903808594,7823600
2019-11-04,35.49862070396638,35.706849898115145,35.04594764182872,35.10932159423828,9714700
2019-11-05,34.36694455557944,34.62044386683604,33.99575271249081,34.176822662353516,17045800
2019-11-06,34.35788879008459,34.91015052159975,34.14060418369669,34.665706634521484,9257400
2019-11-07,34.330720934050156,34.3397763286771,33.13566441125861,33.316734313964844,27997000
2019-11-08,32.773531754097625,33.416326700228325,32.69205046137532,32.89122772216797,18100400
2019-11-11,32.86406498884618,33.14472354236114,32.65583578602729,32.89122772216797,6311900
2019-11-12,32.918387607161556,33.5430752271048,32.44760717984515,33.53402328491211,14096900
2019-11-13,33.67887956914986,33.887108782189394,33.479702298580875,33.55213165283203,7555200
2019-11-14,33.7241441000902,34.07722854614258,33.50685950441563,34.07722854614258,10955200
2019-11-15,33.760353147083386,34.158704143522804,33.606442531299834,33.624549865722656,9905200
2019-11-18,33.66981692346158,34.14965265800573,33.570231763240905,34.12248992919922,9166700
2019-11-19,33.868997033538236,34.52989926372621,33.832782361128174,33.896156311035156,9737600
2019-11-20,33.87805120736274,34.26735032737221,33.615503449141265,34.21303176879883,8382900
2019-11-21,34.0591213643829,34.24924668157525,33.25336383947847,33.30768585205078,15035400
2019-11-22,33.44348298007196,33.52496426548546,33.01797267057591,33.18998718261719,5468900
2019-11-25,33.027025503011146,33.40727266307535,32.836903649789704,32.855010986328125,9941000
2019-11-26,32.94554566410801,33.95048043764164,32.818797756386914,33.859947204589844,17546600
2019-11-27,33.570234406564886,33.76940819631016,33.25336120542534,33.67887496948242,10168700
2019-11-29,33.68793557098054,34.557067204993686,33.678883627419246,34.538963317871094,11761600
2019-12-02,34.2945093481315,34.66570109056369,34.12249138827829,34.6385383605957,12610000
2019-12-03,35.30850495046734,35.806444714172606,35.30850495046734,35.7792854309082,26555700
2019-12-04,35.1183791563681,35.62537080692678,35.036897862010946,35.49862289428711,14997100
2019-12-05,35.299445219275874,36.05993606549288,35.245123211109934,35.634422302246094,9922800
2019-12-06,34.83771571029032,35.16364084199914,34.39409807828085,34.4303092956543,33546100
2019-12-09,34.5932746325309,34.72002253754363,34.34883076416862,34.475582122802734,12178400
2019-12-10,34.69286036691057,34.8196082613575,34.43030918348702,34.6385383605957,5163600
2019-12-11,34.783394401872116,35.77022175774146,34.72002045317033,35.69779586791992,27953500
2019-12-12,36.09615258876206,36.23195590232428,35.20891371338827,35.58916091918945,13441400
2019-12-13,35.29038846934611,35.77022076871285,35.018785346187975,35.607261657714844,8821800
2019-12-16,35.61631666713616,35.73401263030594,35.10026965258894,35.10932159423828,17432800
2019-12-17,35.18175211084916,35.29944807792945,34.8739342802233,34.9192008972168,8322100
2019-12-18,34.95541202131468,35.22701514930634,34.81960873050827,35.06405258178711,17291300
2019-12-19,35.25417709350586,35.344713778767584,34.937307329143344,35.25417709350586,11478000
2019-12-20,35.35376538420131,35.35376538420131,34.67475579249339,34.68381118774414,10070500
2019-12-23,34.90566398871752,35.99675083642046,34.84201757387789,35.96947479248047,21693800
2019-12-24,36.269521865015264,37.35151785971077,36.21496977685885,37.306053161621094,17447400
2019-12-26,37.86068953712114,38.36077000458578,37.478811042556345,38.16073989868164,18602700
2019-12-27,38.015259448242794,38.13345794510771,37.469714317179,37.62428665161133,13986300
2019-12-30,37.7970467938351,38.56080732564348,37.67884480945039,38.524436950683594,14124600
2019-12-31,38.99724065785864,39.097257452809366,38.38805249729665,38.42441940307617,9779500
2020-01-02,38.9972370282456,39.1336241847516,38.242570909395624,38.54261779785156,14888500
2020-01-03,39.242734053500655,39.30638047188631,37.26968814660614,38.10618591308594,14518400
2020-01-06,39.00633639455042,39.00633639455042,37.83341779616799,38.14255905151367,16727900
2020-01-07,38.19710668122336,38.82448344670134,37.96979706323151,38.779022216796875,12356700
2020-01-08,38.56079703771275,38.6426286253051,36.86961320645025,37.13329315185547,28486400
2020-01-09,36.78779113864874,37.22422522925686,36.55139064024553,36.57866668701172,13506400
2020-01-10,36.824157991883745,37.442440428237376,36.760511576535826,37.1878547668457,10801200
2020-01-13,36.94236054034345,36.95145139904805,36.033122057223295,36.06039810180664,15481100
2020-01-14,36.04221282611218,36.969636492799985,36.005842454445315,36.92417526245117,16423800
2020-01-15,37.124208088598515,37.797042608503034,36.78778736017677,37.67884063720703,14725600
2020-01-16,37.415164800337415,37.52427244665207,36.95145123367845,37.28786849975586,9279100
2020-01-17,37.51517884976254,37.67884205665504,36.896899862964844,37.142391204833984,9885200
2020-01-21,36.91507763120845,37.77885480440147,36.742323583957536,37.7697639465332,14341900
2020-01-22,37.71521167993495,37.86978402491678,37.38788527265064,37.7879524230957,6702900
2020-01-23,37.39697283221953,38.01525516332001,37.151478071182375,37.26968002319336,10388800
2020-01-24,37.26968783186581,38.08800040497201,37.251502645556386,37.99707794189453,14854500
2020-01-27,38.46078638054975,38.46988070754378,37.23331584003615,37.56064224243164,13379400
2020-01-28,37.20604004192279,37.48790524289608,36.45137384414308,36.57866668701172,13775500
2020-01-29,36.5877541548861,37.58791499144563,36.469552193611875,37.54245376586914,14067100
2020-01-30,37.6788420890961,37.85159962344782,37.20603765416287,37.38788604736328,11850900
2020-01-31,37.524269162459234,38.11527204103502,37.47880793617944,37.7697639465332,14003600
2020-02-03,37.369700942575214,37.56973452237824,36.91508169281897,37.024192810058594,18232400
2020-02-04,36.71505259796857,36.942362229139924,36.187692588785566,36.74232864379883,15419800
2020-02-05,36.715049220480395,37.115112885890255,36.46955442518251,36.73323440551758,8324200
2020-02-06,36.96963453623459,37.34242215491684,36.77869529779304,37.233314514160156,10592800
2020-02-07,37.47880993870243,37.65156399518373,36.587756675825695,36.59684753417969,10335300
2020-02-10,36.95144935136358,37.41516289440087,36.67867851523718,37.233314514160156,11789200
2020-02-11,37.05146632620736,37.29696112053598,36.70595474880382,37.106021881103516,6408800
2020-02-12,37.069648238943124,37.19694105399498,36.76959791620454,36.83324432373047,7537400
2020-02-13,37.20603956675212,37.58792155895072,37.00600944557169,37.333335876464844,9472900
2020-02-14,37.496993965633244,37.80613516716135,37.2333139914097,37.25149917602539,9178600
2020-02-18,37.78794800348698,38.824479193010156,37.51517371700688,38.788108825683594,20946700
2020-02-19,39.28819610728621,40.06105094001724,38.91540844817069,40.04286575317383,22533600
2020-02-20,39.824643227926636,40.37018837642774,39.35183881994678,39.788272857666016,14098800
2020-02-21,40.48839107454966,40.98847504630399,40.2883609543177,40.888458251953125,20847800
2020-02-24,42.18866732803603,42.2068490455848,40.27017355896953,40.833900451660156,28418000
2020-02-25,40.15197078334105,40.8248087787235,38.53352741314934,38.779022216796875,28858900
2020-02-26,38.79720245243476,39.46094956387762,38.50624642999349,38.82448196411133,17992000
2020-02-27,39.33365202623854,39.39730190582633,36.14222673847687,36.15131759643555,41884800
2020-02-28,34.441949685766474,34.56014817402571,32.05065185294294,32.77804183959961,53680500
2020-03-02,34.02370061812597,34.71472377198869,33.60545176990186,34.64198303222656,26748500
2020-03-03,35.3239122308032,37.542456258304085,34.605616494681115,36.105857849121094,38785300
2020-03-04,36.63321947837743,36.824158728239304,35.560317786101784,36.542293548583984,19071300
2020-03-05,36.90598916125034,37.4242548050054,36.133137859080726,37.19694519042969,13799800
2020-03-06,37.36969858172004,37.42425413689327,34.4146736449901,36.47864532470703,29627700
2020-03-09,34.58743394373614,36.02402899386112,32.71440135414896,33.696380615234375,25619400
2020-03-10,34.16008874062145,34.66016920103866,32.55073624662935,34.00551986694336,17840900
2020-03-11,33.17811353366751,33.46906956867044,30.032145768935372,30.423118591308594,38069500
2020-03-12,27.459003468124628,29.213834055358863,22.4309139251709,22.4309139251709,84076500
2020-03-13,26.64068513449936,26.986196706855534,17.748334456022867,20.15781593322754,63825300
2020-03-16,18.00292050935982,25.322291028919953,17.993829651040375,24.258481979370117,83778400
2020-03-17,24.558530037270092,30.10488476982187,24.558530037270092,29.995777130126953,47502500
2020-03-18,27.84088216689027,29.71391289266587,22.467281319382,22.594575881958008,53793400
2020-03-19,22.794608832025517,28.922876090931734,21.8671851492877,23.476537704467773,41747600
2020-03-20,25.976944041709565,26.076960833105403,22.276343570881515,22.42182159423828,30456700
2020-03-23,24.085724690070293,26.07695724538081,23.258317895727053,24.613082885742188,35069600
2020-03-24,28.968338053427992,29.522974072101515,27.222600131043286,29.21383285522461,58308000
2020-03-25,28.631915744323823,32.18703932692691,27.922709199297675,30.432209014892578,42510000
2020-03-26,31.55966829561071,32.04156707127939,28.877415693750926,29.768470764160156,22168300
2020-03-27,28.622828140370288,29.086539992819613,26.367917031163053,27.195323944091797,35161200
2020-03-30,27.51355697690201,28.522812258009196,25.049519761701657,26.422470092773438,22814200
2020-03-31,26.013312415344245,27.24987551883743,25.21318161414337,25.54960060119629,21698800
2020-04-01,25.476861608038604,26.858904458643575,25.476861608038604,26.531578063964844,17055100
2020-04-02,27.331706529831013,28.50462492879351,27.277152709996724,27.595386505126953,20453200
2020-04-03,27.71358753329459,28.41370155584699,27.013473510742188,27.013473510742188,13216300
2020-04-06,28.6410128384006,29.868483429801344,28.140932355551023,29.604806900024414,42470600
2020-04-07,29.904854218733785,30.19581026620545,28.613735457402143,28.977432250976562,16167000
2020-04-08,29.395680135191586,29.97759217599921,29.186552243836324,29.613895416259766,8671200
2020-04-09,31.2232487882932,32.55073610461852,30.932292759193665,32.41435241699219,22848100
2020-04-13,32.35070108611619,35.50575569753318,30.204898096249618,35.03295135498047,24748300
2020-04-14,35.733065277502625,37.6606495444722,34.11462217803025,35.03295135498047,20806900
2020-04-15,33.50543883807682,35.03295986396093,33.04172870843725,34.023704528808594,17759700
2020-04-16,34.28738178099639,35.305731362013354,33.71456404370254,34.73291015625,14576200
2020-04-17,33.73274776337784,34.39649493638748,32.89624998838603,33.06900405883789,17156400
2020-04-20,33.259944266488816,34.86929327560458,33.22357389594612,34.50559997558594,14043100
2020-04-21,32.914434228591944,34.33284406165651,32.914434228591944,33.84185791015625,9091200
2020-04-22,35.21480319976993,36.52410526139778,35.19661801535533,36.396812438964844,17319300
2020-04-23,37.15148978824839,39.26092306488827,36.751422584025995,37.37879943847656,20507200
2020-04-24,38.23347328792152,38.56989051825307,36.442276033073135,37.91524124145508,11976900
2020-04-27,38.06981521866258,38.30621917221544,36.86052981107789,37.99707794189453,10587200
2020-04-28,37.85159916365664,38.28803322095441,37.05146832437593,37.89706039428711,9147800
2020-04-29,37.66975130685412,39.10634633227273,37.39698045073359,38.97905349731445,10621100
2020-04-30,37.96070599591763,38.660820031699394,36.53320188025529,36.69686508178711,18280700
2020-05-01,35.77853593388356,37.715215037057874,35.52395024709872,37.551551818847656,10879600
2020-05-04,37.93343027997321,38.515342348911666,37.73339670559954,38.16073989868164,9274500
2020-05-05,38.18801455500563,38.96996016989657,37.13329810127282,38.69718933105469,9111800
2020-05-06,37.8334117909688,38.251660638146014,37.15148296551794,37.47880935668945,11943600
2020-05-07,38.1152730258498,39.91556815557456,37.68793332561515,39.4609489440918,13275200
2020-05-08,39.251822049909705,40.05195285358061,38.78811196856497,39.17908477783203,8750700
2020-05-11,39.22454592646496,39.4063943089925,37.806136173382846,38.07890701293945,11356700
2020-05-12,38.62445299297762,39.72463080049602,38.060726065992384,38.42441940307617,8211600
2020-05-13,38.97905493814478,39.28819617810045,37.6424766532077,38.442604064941406,10054400
2020-05-14,38.05163181177968,39.6518935971463,38.00617057811501,39.40639877319336,10101200
2020-05-15,40.542942453402794,41.79769248028709,40.2610772864415,41.752227783203125,14583000
2020-05-18,42.66146959100783,42.78876589701645,41.11576688549831,41.770416259765625,10426500
2020-05-19,42.47962402247927,44.16171386771669,42.334146000558576,43.75255584716797,14503800
2020-05-20,43.87984557577727,45.79833923858602,43.13427033266715,43.60707473754883,7405800
2020-05-21,42.925147938314375,42.99788868179996,41.64312181637208,42.43415832519531,9094400
2020-05-22,42.81603963346681,43.47978329945797,42.206848055781805,42.2159423828125,6347800
2020-05-26,42.39779285396823,42.4068837129762,40.67933261847761,40.79753112792969,9729100
2020-05-27,39.55187524920266,40.86117745707891,39.02451524768119,40.80662536621094,11705100
2020-05-28,41.552199691271994,41.97953942305976,40.34291083457336,40.833900451660156,8457500
2020-05-29,41.95226479895238,42.261406034794085,41.424908260439885,41.89771270751953,9264700
2020-06-01,42.515989786239125,43.652537885906725,42.30686535211663,43.55252456665039,9880200
2020-06-02,43.879847692159,43.92531239111438,41.7795090148755,41.82497024536133,13517700
2020-06-03,40.60659204952296,41.21578365980287,39.89738711584069,40.42474365234375,10396700
2020-06-04,41.243055527709664,41.58856710050468,40.46110992697483,41.17031478881836,7077200
2020-06-05,39.715537370594085,40.47020351083805,39.03360850567107,40.35200500488281,13128200
2020-06-08,40.579312600071724,41.079393049014975,40.02467659600998,41.024837493896484,5724400
2020-06-09,41.179413223274956,41.57038606264395,40.51566952279194,40.6793327331543,6314000
2020-06-10,41.37034745505901,42.83422184303926,39.99739898872089,42.80694580078125,13015000
2020-06-11,42.315960171942656,42.806949789148355,39.46095186729183,39.979217529296875,15988500
2020-06-12,40.90664487969115,41.39763107252544,39.66098553877462,39.861019134521484,7420800
2020-06-15,38.48806537014266,41.252147630492445,38.12436860165138,41.00665283203125,11184400
2020-06-16,40.91573100081472,41.115764573395616,39.36093405521645,39.5155029296875,11618500
2020-06-17,39.79736913753889,40.3701903576122,39.58824470098155,39.979217529296875,5641000
2020-06-18,39.49732154037425,40.051957613315246,39.051796591220544,39.27001190185547,7477500
2020-06-19,40.006493246563664,41.324889740428425,39.67007597907085,40.72479248046875,11821500
2020-06-22,41.897713611313286,43.15246029991127,41.7613264428497,42.725120544433594,12758600
2020-06-23,43.5616128986703,44.007141254025164,43.08880850041572,43.63435363769531,8195300
2020-06-24,43.061534677691526,43.74346353309804,41.79769375395992,42.334144592285156,10644200
2020-06-25,42.406882748798644,42.71602397508624,41.63403141731447,42.670562744140625,5355000
2020-06-26,42.11592509451782,43.225197123120495,41.379440694933656,43.088809967041016,8345800
2020-06-29,43.18882485230764,43.6889052884826,42.79785205511447,43.6434440612793,6545200
2020-06-30,43.40704491426697,45.28916821897314,43.19791701954903,45.08004379272461,11124400
2020-07-01,45.098224832339746,45.125504343854395,43.74346151122707,44.97093200683594,8273000
2020-07-02,44.74362044648092,46.04383162476818,44.60723676873625,44.67088317871094,8952600
2020-07-06,45.58921394271085,46.18022030463952,45.10731868876457,45.84379959106445,7786800
2020-07-07,45.58012477255111,47.30767575794902,45.50738403120242,47.025814056396484,11359700
2020-07-08,48.23509808109124,49.05341405655262,47.571354442536716,48.66244125366211,10730500
2020-07-09,49.00795504887096,49.608052301905445,47.30767660821533,48.47150421142578,9626600
2020-07-10,49.02613681692105,49.14433878962501,47.63500306264114,48.216915130615234,6446500
2020-07-13,49.226172628287856,49.47166744346018,46.480271897823364,46.68030548095703,9992300
2020-07-14,46.64393425910786,48.64425964863344,46.40753377572711,48.54424285888672,8475400
2020-07-15,48.54424396084232,49.05341877998863,47.59863506891476,48.998863220214844,6761900
2020-07-16,48.38966887464619,48.92611967067911,47.50770651460838,47.85321807861328,6546400
2020-07-17,48.68971856185089,50.00811501503198,48.32602526100505,49.853546142578125,9983900
2020-07-20,50.48091872575274,51.70838923530075,50.35362589880339,51.462894439697266,9408900
2020-07-21,53.1540821428943,53.69053299931087,51.9629819217693,52.699462890625,11951700
2020-07-22,53.50868383539279,54.48156874378396,53.09043496175108,54.19970703125,10804200
2020-07-23,54.05423314697864,54.863454911340924,51.59928833850134,52.4721565246582,13880500
2020-07-24,53.33592719347048,53.95420961526958,52.63581317265474,53.79054641723633,9820000
2020-07-27,56.318230936081285,57.563890167203745,55.79996527320858,56.900146484375,14549100
2020-07-28,55.909075856288474,57.00925358849224,55.290793410254885,56.172752380371094,9204700
2020-07-29,56.04546079615369,57.000160531055876,54.299724534443364,56.009090423583984,11387400
2020-07-30,54.0451357870605,54.99074466991613,52.772203954111454,53.55414962768555,11639900
2020-07-31,54.29062873274672,55.50900843298844,54.017857882820564,54.95437240600586,9369100
2020-08-03,54.98165082933579,55.190775259083864,53.67234522608598,54.74524688720703,7925800
2020-08-04,54.67250980771835,57.509332844031114,54.19970539025464,57.43659210205078,10273400
2020-08-05,59.009576140084604,59.9642723398679,57.22746616174763,58.236724853515625,10791600
2020-08-06,59.191421293232274,59.49147164449705,56.936510369234504,57.85484313964844,9330300
2020-08-07,56.41824796347946,56.663742773530416,54.58158578598204,55.418087005615234,11555000
2020-08-10,56.10909991670725,57.63662068127853,54.94527589359359,55.14530944824219,6944300
2020-08-11,51.635657618740645,53.23591592610403,49.953564235410674,50.18087387084961,22144600
2020-08-12,52.126644608393136,52.444876694409004,50.63549056235843,50.762786865234375,11732200
2020-08-13,51.82659231233841,53.554146776804146,51.48108072575137,53.02678680419922,10803500
2020-08-14,53.13589642798449,53.35411519302953,51.79022387087063,52.717647552490234,5674500
2020-08-17,54.70887680792693,56.00908809115641,54.45429114748014,55.963626861572266,11885200
2020-08-18,57.18200741098241,57.200192596785634,54.3997398840106,55.199867248535156,7270400
2020-08-19,54.68160168377387,54.827079701972174,52.25393660475155,52.62672424316406,10876500
2020-08-20,52.54489184454963,53.836008802927154,52.19938025589064,53.63597869873047,7191900
2020-08-21,52.344859192611636,52.63581522971508,51.453805895423656,52.00844192504883,9329200
2020-08-24,53.02678825893625,53.17226627804771,51.7174860869331,51.88114929199219,8008600
2020-08-25,51.626560879857216,51.808409273409424,50.10813425090594,51.73567199707031,7510500
2020-08-26,51.05374512061801,53.44503997004099,51.05374512061801,53.2631950378418,9077800
2020-08-27,54.32700079477301,54.4179232580877,51.1992215792544,52.081180572509766,9533300
2020-08-28,53.454134268359034,54.55431206252046,52.99042067348455,54.363372802734375,10060300
2020-08-31,54.55430816480228,55.39990021883427,54.19970571668618,54.7270622253418,7443100
2020-09-01,55.91816368722081,55.92725454543368,53.32683553788369,53.94511795043945,9188400
2020-09-02,53.481404357838116,53.799636422037594,52.11754670817859,53.699623107910156,8754700
2020-09-03,53.24500540662359,53.954210294719175,51.68111414726466,53.399574279785156,10676500
2020-09-04,53.08134565391575,53.299560955900546,50.8082493588342,53.04497528076172,11651200
2020-09-08,51.20830920200546,53.345018171094694,50.59912110566244,52.062992095947266,9117100
2020-09-09,52.69037130668862,54.617955938615474,52.69037130668862,54.4452018737793,9224000
2020-09-10,55.0543867197348,55.40898915555158,53.281371072181535,53.563236236572266,9154000
2020-09-11,54.11787438887659,54.75434201437261,52.65399989077659,52.881309509277344,6950200
2020-09-14,53.91783875605937,55.827241559644904,53.91783875605937,55.77268600463867,11046500
2020-09-15,56.99107237457101,57.02744274886535,55.4817365260543,55.80906295776367,9601600
2020-09-16,56.954697499715905,57.00015872975658,55.79996422064145,56.19093704223633,9287400
2020-09-17,54.60886102521044,55.799961141508874,54.14514748636334,55.4362678527832,7669700
2020-09-18,55.845424876313864,56.46370731022258,54.936186410973924,55.108943939208984,7699100
2020-09-21,53.02678862328739,53.88147155788111,51.71748644228792,52.23575210571289,14900000
2020-09-22,52.163012206204904,52.717648250757385,51.435622093869526,52.32667541503906,7092600
2020-09-23,50.981002277694614,51.19922104322273,47.807761863740986,48.29874801635742,17712400
2020-09-24,47.57135526378409,50.2445150489904,47.2076584976405,49.86263656616211,13386500
2020-09-25,49.03523541456084,49.8171811246781,48.37149168744195,49.308006286621094,6515200
2020-09-28,50.29906620132139,50.62639256850291,49.462568568274506,50.244510650634766,7269200
2020-09-29,50.39908591338506,51.24467792171943,50.28088394757775,51.01736831665039,6649300
2020-09-30,50.535475160023786,50.98100006209665,49.83536113115412,50.33544158935547,6812300
2020-10-01,51.108292823240205,51.781130807384876,50.56275113655925,51.19921875,6960000
2020-10-02,50.4809206547025,51.21740506965509,49.98993104473411,50.299072265625,6796200
2020-10-05,50.808245978556776,51.82659207983113,50.70822919327216,51.4447135925293,7441300
2020-10-06,52.0357211928154,52.28121601466586,49.58077644278062,49.698978424072266,9081600
2020-10-07,50.43545708425268,50.91735234474814,49.899006269024596,50.25360870361328,4177200
2020-10-08,50.83552452528053,51.51745340201125,50.517292436860714,51.362884521484375,5344400
2020-10-09,52.59944831528369,54.181524905933266,52.572172268909135,54.099693298339844,10792000
2020-10-12,53.763272180692,54.40883066770392,53.27228257009017,53.85419464111328,4400000
2020-10-13,52.744923629840464,53.36320608463328,51.89933501950429,52.96314239501953,6906300
2020-10-14,53.86329048299207,54.636141823715896,53.42685294898161,54.054229736328125,9296100
2020-10-15,52.75401850922768,53.77236466429149,52.69946295024457,53.190452575683594,5309000
2020-10-16,53.27228074634393,53.52686640158357,52.381227484535806,52.4357795715332,4484200
2020-10-19,53.281375421122476,53.281375421122476,51.535639142773924,51.59019470214844,6910300
2020-10-20,51.59019663252343,52.50852603796987,51.208314639552086,52.135738372802734,8329500
2020-10-21,52.58126209578058,53.61779339092478,52.50852135371528,52.89949417114258,5451300
2020-10-22,52.02662921064583,52.23575365397454,51.044649944438284,51.93570327758789,7506200
2020-10-23,51.92660871314907,51.92660871314907,50.76278460081296,51.31741714477539,6399400
2020-10-26,50.844615995449885,51.69020809023957,50.1445053925093,50.23542785644531,7652200
2020-10-27,50.08994980224907,51.181036711158335,49.908101406019256,51.090110778808594,9639400
2020-10-28,49.47166284275771,49.68988159210714,47.07127394226067,47.307674407958984,15350600
2020-10-29,46.73485526013163,48.28965209544983,46.616653296675096,47.85321807861328,6699000
2020-10-30,48.50786991543496,48.671533113896736,47.06218064133558,48.380577087402344,8726800
2020-11-02,49.09887570401509,49.97174377298715,48.38967083153396,49.871726989746094,10909900
2020-11-03,50.59912089934174,51.23558503666626,50.13540734961169,50.72641372680664,7028000
2020-11-04,50.79005922598356,50.844611311932276,49.06250482257445,49.280723571777344,9330300
2020-11-05,51.244684828811195,54.31791207474557,51.19012926759232,54.099693298339844,16843900
2020-11-06,54.68160520106744,54.81799236935663,53.590518260163186,54.226985931396484,8010400
2020-11-09,51.66292941419668,51.66292941419668,49.8171764362136,50.92644500732422,14962000
2020-11-10,50.93554256833994,51.09920578025847,49.04432477215679,49.10797119140625,9053000
2020-11-11,48.4351302479138,48.68062503346666,47.82593871299314,48.08961868286133,7536600
2020-11-12,48.5351531907098,49.6444218270518,48.49878281746063,48.635169982910156,6465000
2020-11-13,50.080859033772796,50.12632026579501,49.244357796991466,49.62623977661133,5860600
2020-11-16,49.426201145969294,50.03538922348775,48.953396750589484,49.28981399536133,5677300
2020-11-17,48.79882657893392,48.87156732074176,48.044160459259615,48.24419403076172,7089800
2020-11-18,48.08962397555006,48.289657556564734,46.871244240084536,46.94398498535156,8673400
2020-11-19,46.33478791510568,47.25312063914024,46.11657264199694,46.871238708496094,7706400
2020-11-20,47.36223015535612,47.97141824113651,46.88942575356405,47.180381774902344,8086800
2020-11-23,46.6439360506837,46.70758247051814,44.9982165257222,45.06186294555664,10504100
2020-11-24,43.44341134865354,44.25263300148667,43.35248889246958,43.73436737060547,10133400
2020-11-25,44.27991039259831,44.97093004452458,44.14352324638443,44.67088317871094,8484400
2020-11-27,43.76164642363096,45.125504062913926,43.73436691228614,45.10731887817383,4008100
2020-11-30,44.534497135606536,45.52556714636423,43.9889554741765,45.48919677734375,6737100
2020-12-01,47.198574190685754,47.971425590429575,46.398443275189514,47.92596435546875,12087800
2020-12-02,47.82594395294163,47.98051630232257,47.09855384298035,47.798667907714844,8370800
2020-12-03,48.0350686126175,48.0350686126175,46.889426231997746,47.416786193847656,5002000
2020-12-04,47.37132096392312,47.75320290932278,46.72576250903464,46.93488693237305,5418700
2020-12-07,46.86215255192454,49.308002838499256,46.85305822469227,48.80792236328125,7751400
2020-12-08,48.91702704880121,48.9715826034827,48.153266625607124,48.28965377807617,3665200
2020-12-09,47.7532002791423,48.03506542644899,46.19840347704323,46.77122116088867,8206000
2020-12-10,46.73485607230046,47.69864657555418,46.48936128322565,46.834869384765625,4991800
2020-12-11,46.89852037017781,47.225843294854926,46.28023795389428,46.43480682373047,5516900
2020-12-14,46.189312474810954,46.85305612577983,45.252797983076285,45.316444396972656,7128400
2020-12-15,46.252956194534924,47.30767259427108,46.18021892651996,47.24402618408203,9424100
2020-12-16,47.434970465359065,48.45332007375265,46.89852308478064,48.43513488769531,7498500
2020-12-17,49.73534771048272,50.88098671892925,49.55349931288827,50.590030670166016,9735800
2020-12-18,50.42636756162874,50.535478681488904,49.40802138888844,49.48075866699219,6917100
2020-12-21,49.50384946230988,50.57540120067684,49.356049344046596,50.113525390625,7124100
2020-12-22,49.74402464084865,49.8641133412925,47.693298386510016,47.92423629760742,10760100
2020-12-23,48.47848295428134,49.32833624831628,48.47848295428134,49.21748352050781,5490200
2020-12-24,48.93112717051905,49.586990011611555,48.737136641376964,49.28215026855469,2495100
2020-12-28,50.2982779972018,50.80634069942952,49.06045064648057,49.15282440185547,5401600
2020-12-29,49.51308427545941,49.956488143760474,48.718660860682355,48.97731018066406,6130300
2020-12-30,49.1713032737354,50.66778006253618,49.106640935714154,50.63083267211914,7742200
2020-12-31,50.769388786560626,50.91718890654553,49.633174703457954,50.10429000854492,6064800
2021-01-04,52.73698236446383,53.94709830659069,52.08111953215443,53.623783111572266,16375900
2021-01-05,54.04870391026529,54.08565481953717,52.94020482277011,53.70691680908203,6995200
2021-01-06,52.903258481218025,53.58683274260502,51.88712953150365,53.383609771728516,8785100
2021-01-07,52.92173469652833,53.19885949630428,52.09959626353206,52.67232131958008,5534600
2021-01-08,51.452970079771184,51.53610787321554,48.52467537630502,49.56851577758789,15663400
2021-01-11,48.58933431632098,49.337574405013754,48.36763589852277,48.478485107421875,9084200
2021-01-12,48.62628848983826,48.71866577331296,47.53626121166815,48.6447639465332,7008600
2021-01-13,48.36763992413803,48.91265357201633,47.88728861381876,47.933475494384766,5106400
2021-01-14,48.09975108348886,48.68171564535321,47.68406211072862,47.933475494384766,5916200
2021-01-15,47.27761412724066,47.360751924428456,45.56867482528767,45.5871467590332,11379500
2021-01-19,46.59403191951593,46.741832042442375,45.771893515498,46.215293884277344,5851700
2021-01-20,47.0928616016832,48.3491644870614,46.917350045926845,48.09051513671875,9149700
2021-01-21,48.12746333459128,48.16441424921268,46.91735083332238,47.453125,5877500
2021-01-22,46.04901952272758,46.96353523014365,45.559432263311045,46.50165939331055,6376100
2021-01-25,46.78802361501517,47.129810747118405,45.697996359713294,46.11368179321289,5981800
2021-01-26,46.16910671387134,46.86192044641532,45.98435568042636,46.22453308105469,3199800
2021-01-27,45.47629379606586,45.56867107635978,43.961341637574876,44.34931564331055,9143700
2021-01-28,46.28919573717263,47.51778359906346,45.1622175967443,46.37233352661133,10815400
2021-01-29,48.02584766980903,48.32144790258184,46.085967177925674,46.26148223876953,7036700
2021-02-01,49.15282435614718,50.17818924948632,47.905761040581275,48.9218864440918,13503300
2021-02-02,47.41617387760096,47.55473451077686,46.24300885944733,46.37233352661133,11261900
2021-02-03,46.74183329195652,46.982010700528036,46.27995745498528,46.575557708740234,2946400
2021-02-04,45.134503425839746,45.74417933664529,44.59872581012713,45.65180206298828,7147800
2021-02-05,46.10444822328976,46.677173303253035,45.6610478203666,46.52937316894531,6066000
2021-02-08,47.38845999259703,47.70253570152508,46.87116131236234,47.277610778808594,5241400
2021-02-09,47.563976196335965,47.57321216277423,46.54784722030698,46.94506072998047,5012300
2021-02-10,47.59169001746205,47.730250664015955,46.547849565689745,47.12981414794922,3671500
2021-02-11,47.29608186081628,47.545495211647555,45.96587732304949,46.27995300292969,6300600
2021-02-12,45.845796826656674,47.120571606828705,45.49477020187757,46.418521881103516,5842700
2021-02-16,45.40239541657956,46.53860953346868,45.34696904849975,45.51324462890625,6958800
2021-02-17,44.73729320077393,44.79271956898484,44.21075503618553,44.50635528564453,6750200
2021-02-18,44.423215553362816,44.84814045290617,43.453277056985065,43.693450927734375,5947700
2021-02-19,44.09066887515068,44.46017097019,43.601081594481755,43.915157318115234,5347000
2021-02-22,44.607966908487604,46.788021311773456,44.524829121113726,46.47394561767578,11878700
2021-02-23,45.89198327117113,45.91969469365887,44.25694239156805,45.57790756225586,7474700
2021-02-24,44.79271847096276,46.54784446862232,44.45092782778999,46.30767059326172,5888700
2021-02-25,45.16221798705217,45.993595888624185,43.739639588288036,43.813541412353516,11519900
2021-02-26,43.73963929032043,43.91515435936382,41.633486652462985,42.2708740234375,11658200
2021-03-01,42.99140377668594,43.1761548163514,41.44873664788726,41.55958938598633,7067700
2021-03-02,41.66119935101439,43.29624024718187,41.65196338470256,43.01911544799805,8381900
2021-03-03,42.18773496339511,42.40020093782126,40.99609804692215,41.83671188354492,7256900
2021-03-04,41.96603886815799,42.93597742193341,40.75592290558759,41.633487701416016,8937300
2021-03-05,41.79052187150634,42.20620725191996,40.64506839356501,42.13230895996094,8384100
2021-03-08,41.68891578895291,42.09536527404024,41.20856447539528,41.29170227050781,6387500
2021-03-09,42.99140046632191,43.591836894209465,42.390960514601645,42.86207580566406,8418700
2021-03-10,43.074537079364525,43.16691082765411,42.511048052833274,42.88054656982422,5538200
2021-03-11,43.18539316078679,43.7488822770724,42.88979289057683,43.59184265136719,4775900
2021-03-12,42.34477950808937,43.77659398698461,42.16002845704377,43.508705139160156,6378300
2021-03-15,43.85049126857179,44.43245226182705,43.69345165813024,44.37702941894531,6080500
2021-03-16,44.28465737372928,44.367795171708224,43.67498136316146,43.96134567260742,4998700
2021-03-17,43.56412570523206,45.494766707477304,43.25928950689478,45.02365493774414,8666500
2021-03-18,44.14609556965339,45.143745595428136,43.915157639521915,44.13685607910156,6602200
2021-03-19,44.238467681678856,44.949756902806286,44.05371663969992,44.86661911010742,5998400
2021-03-22,44.39550422025369,44.98670469449853,44.01676619620105,44.08142852783203,6144000
2021-03-23,43.59183796113627,43.73963808033881,42.24316143293401,42.298587799072266,8277700
2021-03-24,42.492575268520845,42.72351317758889,41.735099208684275,41.74433517456055,4745400
2021-03-25,41.71662581115017,42.187737618404405,41.26398593655978,41.781288146972656,3963400
2021-03-26,41.74433213944736,42.43714581627897,41.66119435727426,42.42790985107422,3786000
2021-03-29,41.91984826819279,42.113835256962126,41.088470425134645,42.095359802246094,4835600
2021-03-30,40.746683726965514,41.05151992322452,39.94302081991973,40.2293815612793,8896500
2021-03-31,40.404894950415695,42.00298473290279,40.35870455316042,41.57805633544922,15931100
2021-04-01,42.3170628658144,43.194624083364054,42.19697416886748,43.157676696777344,8104700
2021-04-05,43.25005044899327,43.69345080252873,42.843601005877304,43.157676696777344,6319500
2021-04-06,43.53642132045098,44.64492413428899,43.53642132045098,44.2569465637207,8933800
2021-04-07,44.04448254728236,44.18304671562029,43.49023292159698,43.59184265136719,6559600
2021-04-08,44.47864339918429,45.30078180465014,44.404741575674464,45.13450622558594,6649700
2021-04-09,44.29389435085336,45.24535746630226,44.15533018747419,44.940521240234375,4678600
2021-04-12,44.51559051210085,44.70034154590117,43.59183886693213,43.748878479003906,4999700
2021-04-13,44.367788562590064,45.162215508530856,44.30312623199793,44.79271697998047,4463800
2021-04-14,44.626445702740476,44.91280647324988,44.05371711405552,44.16456985473633,3778000
2021-04-15,44.801954658811,46.28919536696829,44.61720362555448,45.993595123291016,7548900
2021-04-16,46.56632260760582,46.58479806428787,45.99359754579451,46.483184814453125,5213900
2021-04-19,46.27995251887863,46.40928069945646,45.420863271833845,45.596378326416016,4842500
2021-04-20,45.36544201508887,46.15062947205108,45.28230422944782,46.10444259643555,3443200
2021-04-21,46.11368025980507,47.28684526756247,45.91969326077813,47.231422424316406,6599700
2021-04-22,46.81573772015457,47.092862532978195,45.9289369095857,46.14139938354492,5698700
2021-04-23,46.55708476669716,46.86192098009501,45.85503153637762,45.90121841430664,3815100
2021-04-26,46.15986567787373,46.22452800390224,45.651799510746194,45.93816375732422,2152300
2021-04-27,46.1044417522019,46.30766822978816,45.04212601333346,45.11602783203125,4265800
2021-04-28,44.54330667799559,45.79037002360546,44.29389330410702,45.57790756225586,4764600
2021-04-29,45.05137039906458,45.08832131242954,44.03524142452638,44.55254364013672,9010900
2021-04-30,44.30312777678532,44.663390352312696,43.75811416862437,43.83201599121094,5081700
2021-05-03,44.68186591258168,46.00283104183035,44.58025266820365,45.762657165527344,8624600
2021-05-04,45.68875394124134,46.52936776826487,44.46940209377495,44.783477783203125,7894500
2021-05-05,44.94051831942624,45.02365610728377,44.41398017093946,44.995941162109375,3752800
2021-05-06,45.34696666885762,47.194469888572605,45.3007797931313,46.56631851196289,12303600
2021-05-07,47.49930749336085,47.813383190962014,46.92658246497034,47.54549789428711,8602000
2021-05-10,48.58933913975466,48.63552954489466,46.93582623643772,46.991249084472656,6223400
2021-05-11,46.039781472094695,47.62863540649414,45.790368108636684,47.62863540649414,5949000
2021-05-12,47.2406569872989,47.757959159840816,46.13215434547067,46.25224304199219,8613900
2021-05-13,46.085971482812674,46.41852265670384,45.50400692850313,45.70723342895508,5144100
2021-05-14,46.206058396405616,47.27761017966887,46.206058396405616,47.212947845458984,8361900
2021-05-17,47.63787545778908,50.21514357738437,47.499311291595866,49.70708084106445,12842500
2021-05-18,50.09505162814513,50.24285175140278,49.060450765341564,49.7717399597168,6111000
2021-05-19,49.199008610976605,50.298275269011,48.41382116138006,49.05120849609375,9879300
2021-05-20,49.3837601351313,50.14123617204806,49.04197302672562,49.891822814941406,5953500
2021-05-21,50.10429141310002,50.37217671544714,49.18053975634092,49.76250076293945,5183100
2021-05-24,49.98420512709576,50.362943183720446,49.77174265863149,50.178192138671875,3931100
2021-05-25,50.030392901016604,50.70473123223044,49.30062819814827,50.31675720214844,6913900
2021-05-26,50.45531189665357,51.04651236259736,49.81792455502655,50.04886245727539,6566600
2021-05-27,49.95649279340638,50.19666668091007,49.531564340387504,49.965728759765625,5580400
2021-05-28,49.744025162124224,50.56616709426597,49.56851361643081,50.5384521484375,4661200
2021-06-01,51.04651429444154,51.5361050619438,50.529215629080035,50.70472717285156,7171600
2021-06-02,51.018804982368316,51.29592978224717,50.55692914129256,50.972618103027344,4317100
2021-06-03,49.559276380149456,49.559276380149456,48.589334349169924,48.63552474975586,10947700
2021-06-04,49.26368246850687,49.873358481929394,49.199016604146465,49.58699417114258,5426300
2021-06-07,49.3098649625825,49.71631442741215,48.91265146393474,49.5223274230957,4998900
2021-06-08,49.03273856004363,49.494614378323625,48.74637428413022,48.7833251953125,4550800
2021-06-09,49.05121253748654,49.439190073415446,48.60781215630564,48.663238525390625,3408600
2021-06-10,48.792564586557226,50.224379018975746,48.45077744370887,50.178192138671875,8597300
2021-06-11,49.79021529497409,50.076576050936005,49.08816206832646,49.15282440185547,6374800
2021-06-14,48.21983558935487,49.41147603279733,48.062795980517755,48.94960021972656,4871100
2021-06-15,48.98654924695515,49.041975614959384,48.0535616237979,48.29373550415039,5223600
2021-06-16,48.28449844982289,48.90341035467288,47.30532044681451,47.31455993652344,7715300
2021-06-17,45.77188911295523,46.46470278325374,44.88508846069295,45.06983947753906,13435000
2021-06-18,45.06984578422882,45.661046301797896,44.035241354649884,44.090667724609375,7429900
2021-06-21,44.663392575276525,44.88509453023781,43.97981830149253,44.63568115234375,6421200
2021-06-22,44.27541908373642,44.552543887848366,44.044481159670966,44.238468170166016,6784300
2021-06-23,44.77424520329823,45.2638324676689,43.933631312709124,43.942867279052734,8553300
2021-06-24,44.58949184010965,44.69110508376334,43.942864990904,44.21998977661133,3380500
2021-06-25,44.838906316348016,44.894329160564205,43.72116765610459,43.813541412353516,3964200
2021-06-28,43.61955124486614,43.813538233212796,42.668084710143255,42.87131118774414,6398100
2021-06-29,42.15078973252601,42.92674127708477,42.0399369948512,42.335540771484375,6362700
2021-06-30,42.29858598062385,43.388613134318774,42.19697274232188,43.185386657714844,5153300
2021-07-01,43.71192416747519,43.730399621801446,42.65884793770651,43.120723724365234,2821700
2021-07-02,43.80430427397191,44.08143260526159,43.157680897850966,43.84125518798828,4851100
2021-07-06,44.55253714902966,44.69110129204357,43.093011522090514,43.444034576416016,7315100
2021-07-07,43.721165488961546,43.83201469573233,42.945213993900516,43.31471252441406,3998200
2021-07-08,43.29623797139916,43.453277581109745,41.79976131539948,42.05841064453125,6525800
2021-07-09,42.31706342302629,43.24081505268022,42.27087302247734,43.06529998779297,5690400
2021-07-12,42.78817826669775,43.17615581131923,42.03070215806347,42.07688903808594,8696000
2021-07-13,42.11383883401527,43.333190758181054,42.049176498933214,42.40943908691406,6412800
2021-07-14,43.42556198773665,43.628788471211024,42.79741412976934,43.157676696777344,7186500
2021-07-15,43.23157647311601,43.397852051860646,42.8528384379383,43.20386505126953,4114100
2021-07-16,42.954454366927294,42.963690333508886,41.35636433699621,41.44873809814453,8811100
2021-07-19,40.765159439503044,41.05152018267242,39.77674550104873,40.07234573364258,8016000
2021-07-20,40.275570192319755,40.78363641462043,39.8598847723761,40.19243240356445,4402500
2021-07-21,39.92455156083909,41.29170372106921,39.78598738950612,41.10695266723633,6563800
2021-07-22,41.06076692989181,41.09771784645557,40.23862841743155,40.700504302978516,3367800
2021-07-23,40.598883924409435,40.75592000651555,40.0815817547375,40.30328369140625,3304300
2021-07-26,40.266336104972744,41.227038703447434,40.15548688940506,40.93143844604492,4506600
2021-07-27,40.81135176046378,40.92220098151857,40.118537962163245,40.65431213378906,4190500
2021-07-28,40.395658298967845,41.559587324440976,40.367946877734184,41.52263641357422,5562900
2021-07-29,42.40020169147824,43.02835308867294,42.23392611434829,42.59418869018555,7487600
2021-07-30,42.233927523865624,42.8343639956891,41.864425445948896,42.335540771484375,4209200
2021-08-02,42.35400735967053,42.47409604841554,41.993744817268045,42.13230895996094,2833600
2021-08-03,42.2154488848249,42.492573660452614,41.910609164951524,42.474098205566406,3999800
2021-08-04,42.963689196721894,43.508702830275794,41.86442596327689,41.93832778930664,4906100
2021-08-05,42.02146369828625,42.1415488744529,41.22703672323738,41.356361389160156,4754500
2021-08-06,40.22014326342252,40.58964176848639,39.702841127734104,40.27556610107422,7685300
2021-08-09,39.71208194991188,39.86911802697425,38.74213997245088,38.779090881347656,10359700
2021-08-10,38.73290805784283,38.9730819431241,38.28026818610163,38.46501922607422,6209400
2021-08-11,39.010031272733656,39.665894090378,38.96384439557317,39.42572021484375,6853700
2021-08-12,39.1763025257982,39.21325343298156,38.34492473333486,38.659000396728516,6312300
2021-08-13,39.19478204827622,39.76750707374418,39.065457383541464,39.58275604248047,8257000
2021-08-16,39.42571779674659,39.66589165755026,39.00079291479945,39.16706848144531,5001100
2021-08-17,38.963844168056795,39.25020844291225,38.03085304523171,38.34492874145508,5448200
2021-08-18,38.45578132299361,38.52044365515238,37.227189964311336,37.65211486816406,5758200
2021-08-19,37.56897868150743,37.60592959398215,36.61751559019777,36.77455520629883,7777400
2021-08-20,36.635992494921844,37.0978683476182,36.4974283295797,36.66370391845703,3373900
2021-08-23,37.735254594084616,38.94537055947574,37.652116802205335,38.69595718383789,11482100
2021-08-24,38.93613932732628,39.083939472656375,38.548161743438875,38.908424377441406,3143900
2021-08-25,38.67747987584799,38.67747987584799,37.956954729942936,38.27103042602539,5615200
2021-08-26,37.95695994785828,38.668249225702866,37.836871232421316,38.012386322021484,3350100
2021-08-27,37.947719914605614,39.98921023911931,37.87381809030667,39.795223236083984,11067800
2021-08-30,39.85988367243125,39.998444300644564,39.04698126301531,39.2132568359375,5182800
2021-08-31,39.34258569688682,39.90607480705184,39.18554607288737,39.82293701171875,6687700
2021-09-01,40.06310463367696,40.18319332453836,39.471904192255586,39.56428146362305,3998600
2021-09-02,39.545811556573454,39.795224938502756,39.1763094669375,39.370296478271484,4013800
2021-09-03,40.1092961501163,41.005336405018525,40.05387330471319,40.6265983581543,9247800
2021-09-07,40.04463175709448,40.33099603101811,39.09316870567539,39.120880126953125,9018100
2021-09-08,39.13935670735689,39.185543585424895,38.446542964838066,38.8714714050293,4949400
2021-09-09,39.2040216526163,39.213261143145054,38.178660205413536,38.428070068359375,7303100
2021-09-10,38.60358237184311,38.68672016145283,37.716781631894705,37.790679931640625,5750800
2021-09-13,38.01238384334256,39.49038515298539,37.89229513573624,39.13935852050781,12349000
2021-09-14,39.30562973022461,39.61970541401921,38.806803022345065,39.30562973022461,4372800
2021-09-15,38.945365703773255,39.60122846691862,38.889939341486624,39.25944137573242,4285300
2021-09-16,38.05856874053859,38.123231074226716,37.10710214343792,37.71678161621094,11147700
2021-09-17,37.485844230196264,37.605929409400225,37.07939124263532,37.39346694946289,6402600
2021-09-20,36.894635121569834,36.968536935974164,36.30343470166506,36.87615966796875,7358000
2021-09-21,37.291851516805615,37.60592720522443,36.70989053954379,36.82073974609375,4949000
2021-09-22,37.07938939918648,38.07704283850961,36.93158928119411,36.96854019165039,7266200
2021-09-23,36.80226503307636,36.931589697297674,36.17411364357326,36.183349609375,6219900
2021-09-24,35.91546778195329,36.386579607639355,35.675290361930465,35.96165466308594,3588800
2021-09-27,36.072501816131364,36.70989272028124,35.860039356025716,35.92470169067383,5077100
2021-09-28,35.5182504064802,35.795375187032604,35.12103692894973,35.573673248291016,5957800
2021-09-29,35.48130347430334,35.56444127017396,34.46517799040306,34.56678771972656,8413000
2021-09-30,35.02866367891952,36.00784177483546,34.83467666262009,35.41664123535156,7370300
2021-10-01,35.675286160074414,35.6845256495126,35.07484972840342,35.425872802734375,3115500
2021-10-04,35.45358812795408,36.248015084198315,35.44434863841666,35.80461120605469,5718100
2021-10-05,35.68452611917987,36.22953971672596,35.18569939793441,36.192588806152344,4901000
2021-10-06,35.89699101198676,36.940831401810705,35.75842684982293,36.913116455078125,6611300
2021-10-07,36.77455352205192,37.670590203611695,36.709891190099135,37.11634063720703,6379300
2021-10-08,38.1694200262775,38.41883340855687,37.504317673532505,37.67059326171875,7462300
2021-10-11,37.790681653088896,38.400357630054614,37.51355684971049,37.52279281616211,3410900
2021-10-12,37.72601974776507,38.57586962435327,37.55974415907032,38.52044677734375,9112300
2021-10-13,38.79757033408613,40.03539771903173,38.76061942138137,39.859886169433594,9090600
2021-10-14,40.45108271862426,40.70049606922302,40.15548249358112,40.635833740234375,5919600
2021-10-15,39.906072533114674,40.78363731743984,39.564285404591395,40.25709915161133,6563300
2021-10-18,40.2478560140976,40.34946925159823,39.776744259305964,39.785980224609375,4990200
2021-10-19,40.74668578415377,40.80210862781753,39.85988504720472,40.10929489135742,5798000
2021-10-20,40.62659752408291,41.34712269019479,40.321761309125165,40.87601089477539,6416400
2021-10-21,40.70973496402149,40.84829912115822,40.35870835008591,40.571170806884766,4259700
2021-10-22,41.171613826087224,42.24316567896995,40.67278705220221,41.0515251159668,7901000
2021-10-25,41.6150131781471,42.26164006977364,41.34712434072805,42.00299072265625,6298400
2021-10-26,41.61501168857364,41.8551890941569,41.35636235071438,41.79976272583008,5227900
2021-10-27,41.64272806959348,42.04917754649689,41.4025506557341,41.615013122558594,4766000
2021-10-28,41.6519639542574,41.818239540807966,41.0053370647644,41.07923889160156,4312100
2021-10-29,40.43260945976923,40.543458669221906,39.85064494343525,39.970733642578125,6723900
2021-11-01,40.15548270233343,40.50650576900158,39.58275417998141,40.32175827026367,3991600
2021-11-02,40.02615874522667,40.02615874522667,39.194780891003795,39.610469818115234,5829700
2021-11-03,39.07469205880955,40.42336855197436,38.908416488547296,40.2293815612793,6128700
2021-11-04,40.78363547199543,41.27322270344267,39.94302163793537,39.9799690246582,4513900
2021-11-05,40.39565969366605,41.337886810302734,39.9522593194546,41.337886810302734,7939900
2021-11-08,41.670436876051845,41.93832569629066,41.46721038844546,41.74433517456055,5307500
2021-11-09,41.93832264707297,42.50180814420998,41.337882717619216,42.42790985107422,6383400
2021-11-10,43.444037685235756,43.82277570956574,42.60342384958467,42.91749954223633,9374200
2021-11-11,43.758113959154834,44.37702938693961,43.46251371788931,44.21998977661133,8624700
2021-11-12,44.09066367386089,44.57101493121264,43.601076450947616,44.330841064453125,7172700
2021-11-15,44.29389278393337,44.44169290852055,43.72116774163718,44.27541732788086,3918900
2021-11-16,44.18303802318244,44.49711016513689,43.31470931691902,43.379371643066406,6902000
2021-11-17,43.84125135560113,44.367789500891156,43.53641515119613,43.76735305786133,5046700
2021-11-18,43.647261023032726,43.970572658114776,43.19462121008534,43.37013626098633,3550100
2021-11-19,43.35166171887123,43.65649790638447,42.39095923465911,42.418670654296875,6502900
2021-11-22,41.56882180912479,42.178497721371976,40.85753265753095,41.47644805908203,9422200
2021-11-23,40.635837848276815,41.12542510978026,40.11853564023882,40.6265983581543,6855200
2021-11-24,40.22015064544619,40.912964433911846,40.17396376431511,40.74668884277344,4108300
2021-11-26,40.88524238928199,40.88524238928199,38.954601492926166,39.64741516113281,7768600
2021-11-29,39.64742280539671,39.8876002300289,39.22249785268833,39.80446243286133,4496300
2021-11-30,39.869123844932744,40.83906244010078,38.96384758785369,39.434959411621094,8948000
2021-12-01,39.804458844907195,40.22014779327505,37.809155416574356,37.94771957397461,11745300
2021-12-02,37.975433585525316,38.021620466530656,36.85769485556365,37.50431823730469,7400500
2021-12-03,37.58745279458025,37.6428791613117,36.74683894690059,37.495079040527344,8502400
2021-12-06,37.301093575021426,37.98466784029253,36.94083098604977,37.92924499511719,6149000
2021-12-07,37.98466997329404,38.871474308060186,37.98466997329404,38.575870513916016,8900800
2021-12-08,38.501966112287064,38.899179573345876,38.32645458077631,38.779090881347656,4529800
2021-12-09,38.492734106820315,38.520449055797485,37.48584807237118,37.62440872192383,6461600
2021-12-10,38.10475587065647,38.11399183674469,37.33804030351619,37.47660446166992,5044000
2021-12-13,37.698303432371745,38.00313962286658,37.24566360547621,37.38422775268555,4465500
2021-12-14,36.56208976444261,37.25490345961068,36.460476525338066,36.52513885498047,7360600
2021-12-15,36.414286281863106,36.414286281863106,34.97323604502186,35.980125427246094,18198500
2021-12-16,36.70989419028217,37.8553443274879,36.691418733381035,37.827632904052734,11073100
2021-12-17,37.92924460621761,38.28026770150558,37.374991493316216,37.39346694946289,7667400
2021-12-20,37.36053122977082,37.548746207256485,36.795886297313835,37.520511627197266,6330500
2021-12-21,38.00045539854691,38.19807948552447,37.53932893903096,38.047508239746094,4429200
2021-12-22,38.25454936062329,38.90388725812365,37.77460099255173,38.856834411621094,5484900
2021-12-23,38.894475448955994,39.28031450757573,38.46157995716897,39.15797424316406,4877800
2021-12-27,39.16738393297298,39.46852644203759,38.86624142390836,39.08268737792969,3039900
2021-12-28,39.12033515619692,39.57204896675642,38.60274663929972,38.630977630615234,4062800
2021-12-29,38.21690638544618,39.02622828456614,38.21690638544618,38.54627990722656,3378500
2021-12-30,38.518045933741114,39.16738379349271,38.49922407825387,39.10150909423828,4325800
2021-12-31,39.308542832517205,39.52498876879623,39.02622220214897,39.45911407470703,3639800
2022-01-03,38.83801461536347,39.04505145884037,38.53687207388921,38.61215591430664,6289900
2022-01-04,38.903888561489154,39.553226480743774,38.7062644456163,38.92271041870117,4475800
2022-01-05,39.195619103761565,39.7320294305105,37.83106506961524,37.943992614746094,8230100
2022-01-06,37.07820450005687,37.43580894995611,36.485328674316406,36.485328674316406,9988900
2022-01-07,36.79588221033368,37.0970247049015,36.35358119075691,36.927635192871094,5560100
2022-01-10,36.65472418852693,37.294652895744015,36.203010440474,37.285240173339844,5275700
2022-01-11,37.36053182205374,38.33924684857323,36.9841018611148,38.311012268066406,7455800
2022-01-12,38.40511798121115,39.18620523114297,38.23572487353401,39.15797424316406,6151300
2022-01-13,39.01681353223707,39.252081346960985,38.536868769757156,38.57451248168945,4697500
2022-01-14,38.71566763764164,38.71566763764164,37.76518732866783,38.08515167236328,8123800
2022-01-18,37.90634762265013,38.50863262953962,37.50168671053966,37.66167068481445,6591200
2022-01-19,38.22630924952376,40.50370330771434,38.113381716277594,40.36254119873047,18958700
2022-01-20,40.738975954389055,40.84249436800205,39.760260976468736,39.835548400878906,9469900
2022-01-21,39.96729886506947,39.97670799841962,38.47099536925021,38.64038848876953,10133100
2022-01-24,38.216901478819636,38.216901478819636,36.73000728019261,38.0286865234375,11090000
2022-01-25,37.41699311772429,38.649797806805296,37.03115403028704,38.405120849609375,9117600
2022-01-26,37.9722222283726,38.423939572340714,36.12772350179307,36.579437255859375,13987900
2022-01-27,35.91127975559652,36.52297752107712,35.243120011082155,35.25252914428711,10823100
2022-01-28,34.99843661432108,35.06431131108882,34.39615162107216,34.94197463989258,7545700
2022-01-31,35.261944247779674,36.11831902332156,35.06431653811442,36.071266174316406,7145300
2022-02-01,36.49474264790879,36.89940358060304,35.9489231788643,36.58885192871094,5615000
2022-02-02,36.795882671333175,37.040563194923585,36.16536668727663,36.43827819824219,4958300
2022-02-03,35.995973590944885,36.21241953730485,35.21488276764867,35.55366897583008,6760700
2022-02-04,35.41251479373447,36.12772741772008,35.37487107933992,35.93010330200195,4828600
2022-02-07,36.23124445370694,37.58638581103929,36.137138761216576,37.37935256958008,7730500
2022-02-08,37.162899561419955,37.75577177356546,37.031146591041804,37.7369499206543,4810800
2022-02-09,37.943991333056175,38.18867186079366,37.52050856574268,37.66167068481445,5921000
2022-02-10,37.31347558933811,38.320421515112265,36.57002845837533,36.77706527709961,9230100
2022-02-11,36.86176131543123,39.346192577613884,36.814708468133915,38.97917175292969,16857400
2022-02-14,39.129745958423456,39.53440331038325,38.86624355610977,39.48735046386719,6882900
2022-02-15,38.46158113748223,39.1767973007125,37.90634895414633,39.02622604370117,6642300
2022-02-16,39.17679854209567,40.30608480041496,39.17679854209567,40.15550994873047,7428600
2022-02-17,40.71074118885881,41.378904512782434,40.22138729204152,40.91777801513672,11343500
2022-02-18,40.757795901240854,40.851901587443315,39.91083036581145,40.240203857421875,9791000
2022-02-22,40.34371980026278,40.52252561898088,39.41206135813786,39.65673828125,6548500
2022-02-23,39.6849741317479,41.209512189205356,39.6849741317479,40.84249496459961,9452000
2022-02-24,42.4799555255649,42.49877738129772,39.270902716107656,39.910831451416016,17046000
2022-02-25,39.49675901413781,40.50370490078282,39.16738194352109,40.39077377319336,6624300
2022-02-28,41.07775924841716,41.07775924841716,40.10845347287779,40.588401794433594,6124400
2022-03-01,41.00247437355093,42.68699278488022,40.87072497197693,42.66817092895508,11603700
2022-03-02,42.06588565758989,42.621117839538755,41.76474314431951,42.4893684387207,9275600
2022-03-03,42.48936854354903,42.72463635699083,41.792974236204465,42.68699264526367,5832400
2022-03-04,42.91284715586139,44.03272423024659,42.83756332332648,43.825687408447266,9628400
2022-03-07,44.04213474563724,45.209064700725875,43.731583093091544,44.75735092163086,12153200
2022-03-08,45.566671512607165,47.326477462699636,44.47502892688723,45.143192291259766,20233300
2022-03-09,43.45867156304393,45.05849344102754,43.30810030334559,44.75735092163086,10539200
2022-03-10,45.105545581889686,45.980742137057405,44.91733061273176,45.698421478271484,11004200
2022-03-11,44.682062715103925,45.37845702271385,44.43738576858807,44.83263397216797,8813200
2022-03-14,44.07036488368168,44.22093612820615,42.376433895404354,42.64934539794922,14117300
2022-03-15,41.78356336383421,43.73158049084698,41.56711382536454,43.1104736328125,7728100
2022-03-16,43.01636562981214,43.43984840688516,41.981188699101985,43.39279556274414,8243700
2022-03-17,43.8445093597967,45.566667867927464,43.8445093597967,44.69147491455078,12164400
2022-03-18,44.21152440969122,44.79498754673026,43.69393596925812,44.28681182861328,9253600
2022-03-21,44.36209748837116,45.623133088142296,44.29622278904671,45.162010192871094,8865500
2022-03-22,44.69147803661581,44.8985112834283,43.80686870876394,44.33386993408203,7058800
2022-03-23,44.68206283335488,45.510206544349785,44.34327660658869,45.48197555541992,7914300
2022-03-24,45.62313244000215,46.328935856938884,45.124365840802106,45.21847152709961,6664800
2022-03-25,45.01144219035781,45.49138697580766,44.794992631338914,45.416099548339844,4252700
2022-03-28,44.49384369031192,44.719702350270055,43.430435854817716,43.552772521972656,9704800
2022-03-29,42.743452853464085,44.2115252409305,42.404670231650414,44.17388153076172,5502900
2022-03-30,44.333870953042734,45.10554915683972,44.07978126302632,44.4373893737793,4681900
2022-03-31,44.63501054097168,44.96438404890341,44.07977834909961,44.108009338378906,4402100
2022-04-01,43.86333467593333,45.387869204863044,43.778638113776,45.35963821411133,8033400
2022-04-04,45.83016987788628,46.00897212023171,44.87027678707538,45.378456115722656,3910100
2022-04-05,45.65136417867587,46.16895623152971,43.75040343691073,43.84450912475586,8776800
2022-04-06,43.95743641912985,44.22093880542685,43.185758295485364,43.665706634521484,4507400
2022-04-07,43.89156463065828,44.682064662166795,43.571600246716685,44.39033126831055,5331600
2022-04-08,44.55971975551065,45.801933448735454,44.55971975551065,45.56666564941406,6030300
2022-04-11,46.28188497195313,46.31011596105646,44.823225233215766,45.444332122802734,5678800
2022-04-12,46.23483028559458,47.03473939081763,45.72665096256022,46.084259033203125,6641900
2022-04-13,46.564208810735465,47.87229738036319,46.52656509609383,47.66526412963867,6640900
2022-04-14,47.57115152096214,48.088739996481614,47.0817940345013,48.022865295410156,5228800
2022-04-18,48.7004427698315,48.86042317751647,47.66526571213418,47.69349670410156,4952500
2022-04-19,46.978276586085315,47.317062821353574,46.12190186466924,46.41363525390625,6771200
2022-04-20,46.47009781662116,47.25118506193181,45.980740351771516,47.18531036376953,4138200
2022-04-21,46.29129223231569,46.404223363964334,44.12682913434231,44.56913375854492,10687100
2022-04-22,43.83509664981457,44.32445049718171,42.70581053226374,42.92225646972656,9443300
2022-04-25,41.37890681301623,41.83062061281334,40.26844237563501,41.303619384765625,10508800
2022-04-26,41.62358244353576,41.764744572038936,40.136691682171964,40.15550994873047,5824600
2022-04-27,40.19315238869064,40.7483845720352,39.83554789697187,39.87318801879883,4514300
2022-04-28,40.089631169815675,41.21891731331084,39.68497027181406,41.0777587890625,7123000
2022-04-29,41.49183079324478,41.78356416774579,40.4095974396815,40.419010162353516,5669600
2022-05-02,39.40264863615186,39.77907853775687,38.800363665505124,39.65673828125,7587000
2022-05-03,39.7226197081798,40.917780719958124,39.7226197081798,40.61663818359375,5477900
2022-05-04,40.30608377804031,41.49183198576241,39.72261701226887,41.350669860839844,7490400
2022-05-05,41.80238370227462,41.80238370227462,39.09210105455848,39.61909866333008,8625100
2022-05-06,39.57204564572968,39.816726182937195,38.81918935797956,39.00740432739258,5956800
2022-05-09,37.83106209335657,37.887524066529025,36.108900113563514,36.11831283569336,12436900
2022-05-10,36.86176012353709,37.22878093635397,34.970208440090474,35.46897506713867,7673800
2022-05-11,36.4006367787782,37.09702750379436,35.497209226913036,35.52544021606445,8021500
2022-05-12,34.63142176550287,34.73494017883238,33.012781634038625,33.59624481201172,12935800
2022-05-13,33.50213152485534,35.261937161177876,33.492722392906174,34.91373825073242,11496100
2022-05-16,34.92315563358341,35.40310040488051,34.697296947742295,35.25252914428711,5881000
2022-05-17,35.81717135436104,36.10890113037144,35.20547363515552,35.55366897583008,5790300
2022-05-18,35.58190256927727,35.73247381431664,34.725527940009265,34.800811767578125,5591000
2022-05-19,35.88304683826706,37.43581220660779,35.87363411566579,37.209957122802734,10792500
2022-05-20,37.26642090401489,37.360530185077245,36.353584212073095,36.786476135253906,5494800
2022-05-23,37.58638227509958,37.70872253574954,36.8052950491846,37.12525939941406,3996200
2022-05-24,37.454633703395814,38.15102798324955,36.99351081759825,37.89693832397461,5565700
2022-05-25,37.43581190060028,37.680492427607824,36.814705040360664,37.464046478271484,5438400
2022-05-26,37.12526123190965,37.88752664074209,37.040564676494725,37.33229446411133,4397800
2022-05-27,37.765192174899255,37.89694158216859,37.17231625228516,37.520511627197266,3706800
2022-05-31,37.81224287392471,38.25454750740622,36.617081963167585,36.8994026184082,7021600
2022-06-01,37.31347698167014,37.60520677541081,36.795884915545784,37.25701141357422,4562100
2022-06-02,37.72754637532607,39.703794554896184,37.69931538672995,39.496761322021484,9493800
2022-06-03,38.92270869029998,39.34619148400964,38.30160178949315,38.46158218383789,7042000
2022-06-06,38.95093438098912,39.11091834347152,37.56755863970072,37.76518630981445,4749000
2022-06-07,37.61461375129668,38.29218251541316,37.52050448551563,38.1322021484375,2731100
2022-06-08,37.77459544177151,38.17925632405449,37.37934728134714,37.76518630981445,3955800
2022-06-09,37.548746485848746,37.548746485848746,36.18419237633104,36.22183609008789,7249100
2022-06-10,35.7324749822269,38.151027704041546,35.22429566739613,37.9345817565918,11076900
2022-06-13,36.0336178035304,36.35358216128851,34.81963507057448,34.84786605834961,14172500
2022-06-14,34.86668830772669,34.89492288572287,33.568009006859825,33.94443893432617,7700900
2022-06-15,34.81963320821593,35.30899064625473,33.69975981091087,34.857276916503906,9130200
2022-06-16,34.28322828192543,35.581907701392076,33.69976507198042,35.299583435058594,7735100
2022-06-17,35.02666833291675,35.11136487754917,34.21734659307396,34.593772888183594,6255500
2022-06-21,34.60318769910373,35.22429453394357,34.207935936986566,34.58436584472656,4174300
2022-06-22,34.40556620936191,35.01726036822295,33.831512172194,33.86915588378906,5629800
2022-06-23,33.70917250069209,33.887974749078296,31.977601225613405,32.278743743896484,10679200
2022-06-24,32.3728539158999,33.58683315557203,32.13758609264453,33.48331832885742,8599100
2022-06-27,33.09747467503258,33.28568964605924,32.485780506573406,33.163352966308594,8080100
2022-06-28,33.200988638619805,33.332738023709325,31.836438358848458,31.91172218322754,7063700
2022-06-29,32.37285245264525,32.37285245264525,31.017707554409597,31.28120994567871,5655900
2022-06-30,31.074173828806124,31.177692243099045,30.057816926956093,30.114280700683594,8133600
2022-07-01,29.587280170918813,31.309440461495097,29.3896542779276,31.10240364074707,9333600
2022-07-05,30.547170749708986,30.641280025064987,28.69326110401724,29.23908233642578,11897900
2022-07-06,29.17320908390487,29.446120611104966,28.062744709002786,28.862655639648438,8244700
2022-07-07,29.154387162264932,30.01076186404259,29.0226377604379,29.521406173706055,6398300
2022-07-08,29.530814625314687,29.93547554438988,28.919118680295615,29.370832443237305,5846900
2022-07-11,28.966174263217624,29.559048372033473,28.76854836364501,28.834423065185547,8467600
2022-07-12,28.83442281535502,29.2108527550983,28.17567401070624,28.42976188659668,8488500
2022-07-13,28.269780417946794,29.88842227632362,28.18508386422844,29.427297592163086,10685100
2022-07-14,28.147440984329325,28.41094158089011,27.178136949254863,28.250959396362305,12705500
2022-07-15,28.514456133401147,28.608563610712704,27.56397581791183,28.269779205322266,6692500
2022-07-18,28.79678139730738,29.26731703518838,28.580335434670364,28.589744567871094,6824000
2022-07-19,29.0414581052948,29.634332177618603,28.815601230364262,29.257904052734375,6861300
2022-07-20,29.29554871548802,29.577871181844454,28.495639548189097,28.51445960998535,6613300
2022-07-21,28.721492649483743,29.446117883954624,28.420350161119433,29.38024139404297,7876900
2022-07-22,29.559049204865907,30.481298642320024,28.919120437668834,28.966175079345703,8129800
2022-07-25,29.022639182652473,29.154388590935703,28.279191990308952,28.712085723876953,7778100
2022-07-26,28.721493526562746,29.248492897293467,28.6273860473374,29.060277938842773,4776600
2022-07-27,29.192031108296863,30.330726478821784,28.777959248582803,30.123689651489258,10424500
2022-07-28,30.98947563952152,31.572938792212486,30.54717101624353,31.149456024169922,11772800
2022-07-29,31.412956045412272,31.751742234370706,30.603634280656358,31.638811111450195,10648100
2022-08-01,31.61999031062865,31.836439841816986,31.205920282502202,31.5258846282959,5120500
2022-08-02,31.648226680936638,32.32579552991785,31.08358178523344,31.10240364074707,7021700
2022-08-03,31.403547114333175,31.44119082651739,30.30249545720978,30.565994262695312,8123800
2022-08-04,30.933009916441964,32.41049144083895,30.688332979429855,32.052886962890625,9978400
2022-08-05,31.04594179384693,31.779976212436505,30.650690006212777,31.751745223999023,7772600
2022-08-08,32.25051317794151,32.94690391439804,32.222282188326304,32.67399597167969,6734300
2022-08-09,32.7681026987553,32.84339012664342,31.88349696048278,32.32579803466797,5666800
2022-08-10,32.65517486296244,33.18217249398963,32.128173642033126,32.363441467285156,6535500
2022-08-11,32.49518561948135,32.68340056722273,31.629401885733134,31.66704559326172,6399600
2022-08-12,31.96819580814822,32.59871190724364,31.827033665713692,32.49519348144531,5985100
2022-08-15,31.60117420420427,31.789385581723185,31.196513280715152,31.704689025878906,6897100
2022-08-16,31.450596299925714,31.732920518553236,31.2529722188077,31.6199893951416,5863400
2022-08-17,31.27179735459463,31.337672055213993,30.104869214470394,30.18956756591797,10381800
2022-08-18,30.321314849315275,30.584813633388233,30.010759633884984,30.415420532226562,3443100
2022-08-19,30.104869634087276,30.142511551415456,29.436709895690896,29.483762741088867,5884100
2022-08-22,29.088512039493732,29.474351106349513,28.862655156086763,29.352012634277344,5666200
2022-08-23,29.342603861194483,30.61304869928439,29.32378200412399,29.96371078491211,7463800
2022-08-24,29.75667309882162,30.49070930480957,29.540225351639307,30.49070930480957,4460300
2022-08-25,30.73538444479331,30.820080994174898,30.283670711392077,30.688331604003906,3050600
2022-08-26,30.46247537566863,30.6695121995619,28.900297243324136,29.116744995117188,10838900
2022-08-29,28.937940488850817,29.502583589086875,28.599154269718998,28.74031639099121,6428300
2022-08-30,28.608565493446665,28.655620132674535,27.686316103991864,27.83688735961914,7693600
2022-08-31,27.780423379058305,28.27918998647477,27.63926305233574,27.86511993408203,7568300
2022-09-01,27.159314914025877,27.187545900745537,26.42527874515056,26.528797149658203,13439900
2022-09-02,27.140495408240206,28.00628104326545,26.78288732260424,27.56397819519043,10701900
2022-09-06,27.58280006559297,28.072157585956575,26.933462142944336,26.933462142944336,7599500
2022-09-07,26.952278574908938,28.335654386717334,26.698190715247954,28.203903198242188,9804900
2022-09-08,27.921582942367255,28.288600140801375,27.582796731535215,28.166261672973633,6739800
2022-09-09,28.523869272662637,29.30495834350586,28.514458344706576,29.30495834350586,7968400
2022-09-12,29.916654725533302,30.302493779301884,29.63433228463741,29.8978328704834,7572700
2022-09-13,28.787369687885406,29.511994981344536,28.457994391317534,28.467405319213867,10090300
2022-09-14,28.62738655268464,29.06027845183167,28.533279071798052,28.580333709716797,5615400
2022-09-15,28.24154852973246,28.674440444716996,27.37576290481242,27.592208862304688,11690900
2022-09-16,27.09344256300173,28.119208589818182,26.78288732260424,27.56397819519043,8210600
2022-09-19,27.0746183718524,28.269779205322266,26.95227811286212,28.269779205322266,8117400
2022-09-20,27.6863163816679,27.761602010236608,27.112262341987172,27.375762939453125,7377200
2022-09-21,27.629853317671117,28.495638965893676,26.989924560947788,27.50751304626465,9503900
2022-09-22,27.62044146045236,28.053333372527433,27.06520928108583,27.178136825561523,5785000
2022-09-23,26.302944422102303,26.359408199381726,25.183069035512233,25.418336868286133,14052700
2022-09-26,25.352459889672577,25.64419147357468,24.279637447826104,24.590190887451172,13797700
2022-09-27,25.023083352602296,25.47479709783225,24.66547529141543,24.74076271057129,9460700
2022-09-28,25.29599308948887,26.707599890787268,25.23952932002318,26.688779830932617,14878700
2022-09-29,26.368817189322307,26.961691294543034,25.935923475472215,26.924049377441406,7781800
2022-09-30,26.848762341803653,28.15685075294035,26.688780163862763,27.723957061767578,9324600
2022-10-03,28.241549845387567,29.17321021425514,28.090978581426207,29.163799285888672,12207100
2022-10-04,29.756675003404848,30.44365481991563,29.45553068260485,30.04840660095215,9168800
2022-10-05,29.257905575101013,29.559048090677646,28.580334915053598,29.521406173706055,8835300
2022-10-06,29.34260150479967,29.831958979627533,29.003815284541773,29.803726196289062,5614900
2022-10-07,29.276727131669645,29.51199494392684,28.156851842739126,28.2603702545166,8748600
2022-10-10,27.771010963675067,28.335654035270068,27.545154094027236,27.808652877807617,6091900
2022-10-11,27.771012259676247,28.53327945467957,27.413404186498738,27.451047897338867,6577100
2022-10-12,27.50751113114789,28.090976073112405,27.168726714961263,27.94981575012207,6806600
2022-10-13,26.547619263808766,27.723958333526298,26.058263574969015,27.58279800415039,10970500
2022-10-14,27.31929885873205,27.356940775116495,26.05826324821153,26.114727020263672,11733800
2022-10-17,27.036977908347517,27.43222792453947,26.876995716199556,27.018156051635742,8958800
2022-10-18,27.347530542806965,27.469870812807503,26.773478289950038,27.112262725830078,4297000
2022-10-19,26.538207579713127,26.71700980875739,25.99238637563155,26.152368545532227,7722700
2022-10-20,26.274709319503234,27.291066195682333,26.13354899127438,26.538209915161133,8490600
2022-10-21,26.67936805152071,28.090974807739258,26.500564026480134,28.090974807739258,12998500
2022-10-24,27.67690595246871,27.70513873679735,27.027566272518108,27.53574562072754,6966400
2022-10-25,27.629851709904674,28.316833272608616,27.629851709904674,28.11920738220215,6441800
2022-10-26,28.401530005528986,29.29554659696201,28.39211907783589,28.975584030151367,7442700
2022-10-27,29.04146080321671,29.257906770763892,28.307424545288086,28.307424545288086,9127600
2022-10-28,27.902760949994818,28.185083389282227,27.48868911601048,28.185083389282227,5206700
2022-10-31,27.695725797352942,28.138028616674383,27.507510838732696,27.761600494384766,6057800
2022-11-01,28.580335224954236,28.95676337350669,28.410942109367884,28.617977142333984,7500900
2022-11-02,28.72149454293818,28.94735142410095,26.782886505126953,26.782886505126953,12385500
2022-11-03,26.453513039039567,27.121672755545838,26.208834302094036,26.56644058227539,8390600
2022-11-04,28.062743798943327,29.408475945396834,28.01569095541106,29.399065017700195,19112400
2022-11-07,29.43670876848061,29.71902941995962,29.032047851730013,29.60610008239746,6583300
2022-11-08,29.634330949544307,31.3753129743057,29.370830375569614,30.923599243164062,13526700
2022-11-09,30.791852443107587,31.205922500666766,29.879012182006793,29.98253059387207,9149000
2022-11-10,31.977600776416217,32.6928169397182,31.356493892444465,32.55165481567383,13930100
2022-11-11,32.457550286794735,32.815154791330265,32.109351325675625,32.6363525390625,7375800
2022-11-14,32.43872843025569,32.95631692042202,32.22228246490986,32.6363525390625,5834700
2022-11-15,33.0598361458474,33.097476269944956,31.86467515062256,32.109352111816406,9172700
2022-11-16,31.94936589878766,32.21286466903615,31.667045274964067,31.695276260375977,5240600
2022-11-17,31.17769089376159,31.478833400543135,30.904779375146482,31.337671279907227,6988200
2022-11-18,31.234150543942558,31.75174255445885,31.10240115577535,31.610580444335938,4417700
2022-11-21,31.422366775846044,31.516476049733864,30.838903637348483,31.450597763061523,4792400
2022-11-22,31.638814751914143,32.946903228759766,31.638814751914143,32.946903228759766,9033000
2022-11-23,32.9374922976567,33.69976126890997,32.55165324576594,33.586830139160156,5812300
2022-11-25,33.40803179484703,33.45508464277483,32.99396170721934,33.1539421081543,3052600
2022-11-28,32.87161728460289,32.89984827181838,31.375313933853,31.450597763061523,7604700
2022-11-29,31.949374590835433,32.69282185475534,31.92114000784061,32.4387321472168,6451400
2022-11-30,32.871619371955326,33.84092162018945,32.30697805238052,33.61506652832031,8354800
2022-12-01,34.480848172616646,35.101955020642315,34.076187269670946,34.94197463989258,8119700
2022-12-02,34.217350530313375,35.214883737541996,33.97266999993144,35.02667236328125,5003300
2022-12-05,34.51849290424462,34.58436760296288,33.20099175007577,33.31392288208008,8834200
2022-12-06,33.70917300302656,33.98208453613189,33.01278226533256,33.08806610107422,4116200
2022-12-07,33.464491992216786,34.24557919410905,33.39861729771629,33.9726676940918,7081800
2022-12-08,34.33969363739269,34.5749614645908,33.82210154563514,34.03854751586914,3098700
2022-12-09,34.17029885691029,34.88551143733841,33.56801023298423,33.59624481201172,6801600
2022-12-12,33.39862218955409,33.61506815888698,32.946904804100434,33.42685317993164,4918000
2022-12-13,34.923152202016304,35.27134753481807,34.00090287276464,34.349098205566406,6362900
2022-12-14,34.29263372311469,34.49967053882633,33.42684992996016,34.01972579956055,6669000
2022-12-15,32.93749445232894,33.153940413656,32.43872782796231,32.47636795043945,9836100
2022-12-16,32.47636961030701,33.257460527536765,32.316389209372055,33.1539421081543,7329400
2022-12-19,33.08110318223491,33.270297332934994,32.059437446948316,32.22025680541992,7037500
2022-12-20,32.8729810461451,34.04600411588401,32.82568251457062,33.724369049072266,8157100
2022-12-21,33.89464909016391,34.46223872721891,33.89464909016391,34.178443908691406,5069900
2022-12-22,33.49733246020314,33.82842580385518,32.88244069782443,33.80950927734375,5587300
2022-12-23,33.904104980509786,34.49061471223219,33.23245644832392,34.16897964477539,4531900
2022-12-27,34.40547400475039,35.5784970118238,34.263578417607334,35.09604263305664,5421400
2022-12-28,34.63251687377437,34.717655681509356,33.648691452980536,33.752750396728516,5753700
2022-12-29,34.19736425397226,34.509537473671415,33.913565825058754,33.9892463684082,3085500
2022-12-30,34.06492064159649,34.093302647458486,33.44057064233211,33.724369049072266,4284500
2023-01-03,34.452775176988574,35.436600534703125,34.358178111635794,34.86901092529297,6219400
2023-01-04,35.49336546600557,36.723145515674275,35.39876477994048,36.5528678894043,8251400
2023-01-05,35.862293812235414,36.11771021383743,35.313624348852564,36.070411682128906,5486500
2023-01-06,36.79882272324718,37.48939142990738,36.14609067893031,37.34749221801758,6961200
2023-01-09,37.70696362442755,37.744803891453074,36.76097860066829,36.80827713012695,5601900
2023-01-10,37.016398665305225,37.555609893692036,36.60962477601036,37.53668975830078,4508700
2023-01-11,37.593451565023805,37.68804863685746,36.723143347836846,36.98801803588867,3763500
2023-01-12,37.640749255154475,37.877245538071534,36.92179853424435,37.744808197021484,4874200
2023-01-13,37.602904618030784,38.35969191377129,37.56506435108214,38.217796325683594,5226900
2023-01-17,37.93400318881316,37.96238519728084,36.68530307564459,36.98801803588867,8727800
2023-01-18,37.70696806431228,37.981304619579944,36.47718811035156,36.47718811035156,6219900
2023-01-19,36.7798993891939,37.725884429800196,36.55286139164391,37.46100616455078,5750100
2023-01-20,37.271815870516726,38.1232003292969,36.95018077933837,38.09482192993164,4647900
2023-01-23,37.5272273776404,37.94346313331269,37.19613403439816,37.86778259277344,4241000
2023-01-24,37.70696626135173,38.52997227915574,37.2150535815589,38.43537521362305,4675000
2023-01-25,37.8299461318272,38.93674697823403,37.75426559088648,38.89890670776367,3898800
2023-01-26,38.709708449341264,38.73809045614004,37.66912628577062,38.104278564453125,7380400
2023-01-27,37.76372293462385,37.86778187156006,37.16775492813837,37.35695266723633,5053400
2023-01-30,37.1677571787207,37.338034793354836,36.685302734375,36.685302734375,4078000
2023-01-31,36.51502198975119,36.978556258443604,36.287987595464536,36.84611892700195,3611300
2023-02-01,36.723137321772775,38.03805589118342,36.3542037500557,37.70696258544922,6611300
2023-02-02,37.83940203535992,38.09481843213619,36.19338645901726,36.590702056884766,8412400
2023-02-03,35.59741987617893,35.833916148207614,34.79333038609336,34.86901092529297,9461700
2023-02-06,34.906852060306605,35.03928939854259,34.547376707489775,34.74603271484375,3767100
2023-02-07,34.84063364186686,35.6730979478103,34.59467549024737,35.19064712524414,5225400
2023-02-08,35.247404233682445,35.29470637693581,34.78387354243321,34.85955047607422,2928300
2023-02-09,35.36092057602643,35.46497950419147,33.89464453674211,34.064918518066406,6607500
2023-02-10,34.08383835736291,34.17843902244564,33.4500301402174,33.71490478515625,3703900
2023-02-13,33.620313475007904,33.88518816521839,33.32705677609844,33.468955993652344,2749200
2023-02-14,33.39327266707298,34.036542811413035,33.00541892786619,33.837886810302734,5703500
2023-02-15,33.05272095764562,33.05272095764562,32.5513499659879,32.948665618896484,6580900
2023-02-16,32.7216222704706,33.25137518538646,32.24862975636067,32.816219329833984,4666900
2023-02-17,32.30539411740936,32.89190389638351,31.89862021671764,32.72162628173828,5960000
2023-02-21,32.65540525487798,32.85406125475256,31.936454576312816,32.12565231323242,5420600
2023-02-22,32.06889728020248,32.06889728020248,31.40670696892382,31.63374137878418,4313300
2023-02-23,31.605361554742107,31.879698095547504,31.245886211915952,31.548601150512695,3345200
2023-02-24,30.962091048441657,31.274267855107436,30.706674645346023,31.245885848999023,5548700
2023-02-27,31.349947251325222,31.728342754273548,31.236430043899507,31.45400619506836,5313800
2023-02-28,31.52022386738412,32.21079257101923,31.245887316877244,31.9648380279541,8750800
2023-03-01,32.25808877736093,33.147317034330825,32.12565144767944,32.92974090576172,8040300
2023-03-02,32.63648290647051,32.78784036400973,32.418906786798274,32.702701568603516,4684900
2023-03-03,32.96757934758483,33.345974831686796,32.750003207252576,33.22299575805664,5043700
2023-03-06,32.94865977987635,33.090555366832,32.35268821045255,32.5608024597168,7659200
2023-03-07,32.163492539446565,32.163492539446565,30.753973190354515,30.905330657958984,12252600
2023-03-08,30.95263348500794,31.44454616779266,30.508019335277247,30.725595474243164,4998000
2023-03-09,31.05669097823709,31.558061900851413,30.51747617883448,30.64045524597168,5275200
2023-03-10,31.378323486443442,32.07835403601343,31.0756085484258,31.10399055480957,9307300
2023-03-13,32.36215253098029,33.56355415706853,32.36215253098029,33.251380920410156,15750800
2023-03-14,33.251374444195605,33.71490507684894,32.93919765969132,33.5730094909668,5145400
2023-03-15,34.01762583632697,34.16898331913305,32.80676597387837,33.232460021972656,8455800
2023-03-16,33.393270784050856,33.43111105126572,32.20133123595495,32.91082000732422,7083600
2023-03-17,33.45949165041709,35.35146183197424,33.185158716662826,34.72711181640625,15322800
2023-03-20,35.28524141310882,35.635254868904674,34.93522795731296,35.55957794189453,6876800
2023-03-21,34.9919928086884,35.02037120884503,33.63923373530176,33.96086883544922,9828000
2023-03-22,34.06491910727364,35.72985476941913,34.00816231539932,34.95414733886719,9118500
2023-03-23,35.0487449573845,36.079868793774466,34.87846736174971,35.6541748046875,7474900
2023-03-24,35.86229629539077,36.136632850400964,35.34200519327802,35.84337615966797,6308700
2023-03-27,35.12442456819021,35.99472904862132,34.89738657710367,35.91905212402344,5459600
2023-03-28,36.02311625120906,37.16775741685807,35.72985955553869,37.12991714477539,7069200
2023-03-29,36.666380972682255,37.25289433425938,36.65692270946504,36.78936004638672,4654400
2023-03-30,37.338032034664586,37.71642389916898,37.016396965080176,37.688045501708984,5971800
2023-03-31,37.801565415786634,38.056981837215226,37.129916830907895,37.36641311645508,6147200
2023-04-03,37.602907520152414,38.63403141788108,37.32857097657168,38.246177673339844,6675700
2023-04-04,38.30293531584355,39.52325325761824,37.88669959459487,39.29621887207031,7727500
2023-04-05,39.61785632941927,39.77867206155322,38.6529511106754,39.11648178100586,5900900
2023-04-06,38.757012416978014,39.334063930899205,38.33131838140936,39.125946044921875,4032200
2023-04-10,38.615111441879414,38.8232293183692,38.14211889250936,38.73809051513672,5283700
2023-04-11,38.974584194339485,40.128683484066265,38.9083655305292,39.598934173583984,6497100
2023-04-12,40.25166197204489,40.374641035349356,39.41919414210516,40.07192611694336,8265000
2023-04-13,40.724659005429686,41.519286656646955,40.667902207330016,41.26387023925781,8613900
2023-04-14,40.677358947989454,41.01791415842587,39.39081864573933,40.10030746459961,8957400
2023-04-17,39.70299533700683,39.74083199799237,38.64348943918365,39.02188491821289,7475800
2023-04-18,39.04080485466279,39.94894966934261,38.93674591802613,39.211082458496094,3743200
2023-04-19,38.48267506786701,38.96512589248568,38.28401905823855,38.47321319580078,5792900
2023-04-20,38.71916981513261,39.192162357600736,38.38807647886361,38.529972076416016,3468100
2023-04-21,38.13265944374851,38.5015930434032,37.39478863579247,37.87724304199219,6082700
2023-04-24,37.80156286424407,38.2556352688079,37.54614646005566,38.085357666015625,3502900
2023-04-25,37.86778259277344,38.009681801961136,37.215054169532976,37.86778259277344,4690800
2023-04-26,38.236716048500874,38.38807712895478,37.300192819396386,37.37586975097656,4615200
2023-04-27,37.2245125348173,37.95292150059374,37.01639826505747,37.91508483886719,5943700
2023-04-28,37.78264113160658,38.03805752499205,37.34748888005203,37.6029052734375,4605000
2023-05-01,38.22725721126992,38.59619081771941,37.243431854973466,37.262351989746094,4716900
2023-05-02,37.404252407037845,38.79484807569757,36.86504117882649,38.75701141357422,7708500
2023-05-03,38.7097113438207,39.24892620955563,38.406996378741425,38.90837097167969,5175800
2023-05-04,39.050261678604514,40.34626379431355,39.050261678604514,39.71245193481445,9207600
2023-05-05,38.77593203951641,39.82597250182219,38.454296951194394,39.551639556884766,4615300
2023-05-08,39.863811695118336,40.06246770083299,39.428659413463365,39.67461395263672,3388300
2023-05-09,39.58001861483995,39.81651490111202,39.33406406492165,39.61785888671875,2884500
2023-05-10,39.79759189356277,39.84489042567495,38.709707611749145,39.35297775268555,4516500
2023-05-11,38.60565405723654,38.861070472746434,37.35695398717497,37.39479064941406,10289900
2023-05-12,37.42317376045438,37.87724619853515,37.271816281094125,37.81102752685547,6401200
2023-05-15,37.94346217419052,38.4826733816389,37.896163641872484,38.132659912109375,3240400
2023-05-16,37.91508353410345,38.132659668292625,36.84611938904648,37.006935119628906,5845300
2023-05-17,36.96909865643788,36.98801518242771,36.363665174009256,36.8177375793457,4275500
2023-05-18,36.16501114528287,36.18393128095106,35.45552229663677,35.89067459106445,7797700
2023-05-19,36.12716893847909,36.75151894749302,35.74877707132784,36.23122787475586,5190700
2023-05-22,36.1177103092226,36.392046845961865,35.852835644038024,35.92851257324219,3330700
2023-05-23,35.7014796925277,36.17447224823415,35.559580482357035,35.87175369262695,3877400
2023-05-24,35.90013560147693,35.97581253368625,34.746032613948636,34.88793182373047,5656300
2023-05-25,34.604138715868835,34.67035738805352,33.856809577045134,34.10276412963867,6238200
2023-05-26,34.58521902779258,34.68927436496876,34.07438617119522,34.35818099975586,4391000
2023-05-30,34.65143365241641,34.86900978251447,34.24465978916672,34.45277404785156,4045500
2023-05-31,34.509534436829256,35.54065829302147,34.41493737461392,35.13388442993164,8639300
2023-06-01,35.37038140361161,36.779900754231946,35.32308287155518,36.42042541503906,8033300
2023-06-02,36.23122956637825,36.68530199334825,35.22848764339543,35.5406608581543,5920200
2023-06-05,35.50282017808445,36.04203140444001,35.35146270417143,35.82445526123047,3216100
2023-06-06,35.83391910013909,36.14609232843691,35.39876318118746,36.117713928222656,3463200
2023-06-07,35.95689031696448,36.846118577313426,35.02036713428852,35.181182861328125,5647400
2023-06-08,35.61634088930422,36.19338877602139,35.597420754037735,35.96635437011719,4829700
2023-06-09,35.87175596431474,35.9758149105435,35.35146484181799,35.389305114746094,4434500
2023-06-12,35.39876174926758,35.48390055511339,34.86901238724642,35.39876174926758,2969100
2023-06-13,35.59742065389314,35.90959386329491,34.793331146240234,34.793331146240234,6417800
2023-06-14,35.33254268252729,35.521740427688975,34.28250223374125,34.65143585205078,3883200
2023-06-15,34.44331701090202,34.74603195125943,34.22574087306056,34.72711181640625,4238600
2023-06-16,34.97307022233307,35.644718775732336,34.55683446974452,35.17172622680664,5518500
2023-06-20,34.52845548700523,34.53791375001904,33.66760920688056,33.837886810302734,7588900
2023-06-21,33.582472781258545,33.96086828422447,33.13785860657063,33.752750396728516,4345800
2023-06-22,33.18516051608438,33.478413600593086,32.97704263006122,33.308135986328125,6604000
2023-06-23,33.535174008230385,33.96086804389279,33.15677850794226,33.308135986328125,5011200
2023-06-26,33.49733256017158,33.86626617524112,33.147319080316734,33.66761016845703,3950200
2023-06-27,33.62031090848239,33.724369845591944,32.75000275064072,32.96757888793945,4898700
2023-06-28,32.77838480084547,32.94866240567948,32.437829591177454,32.475669860839844,6806300
2023-06-29,32.27700937190554,33.19461603871399,32.11619364318267,33.185157775878906,5560700
2023-06-30,33.37435413946265,33.733829498291016,32.929743583470426,33.733829498291016,4751200
2023-07-03,33.8662658237096,34.500077716559105,33.818967290487215,34.49061584472656,3971800
2023-07-05,34.57575285593557,34.67981178881952,33.497330476313884,33.51625061035156,5499400
2023-07-06,33.383813485395024,33.383813485395024,32.541887363113,32.64594268798828,7171800
2023-07-07,32.87298399622491,33.554094459690695,32.797303451996726,33.16624069213867,5689500
2023-07-10,33.043258076952505,34.28249979125627,32.96757754082102,34.19736099243164,9600900
2023-07-11,34.3581787098313,34.83117126212374,34.19736297420233,34.30141830444336,4520600
2023-07-12,34.96361003003801,36.392049617252894,34.89739135869925,36.240692138671875,10856300
2023-07-13,36.42042531948211,36.70422011972277,36.27852611503845,36.56232452392578,3982100
2023-07-14,36.571783749120975,36.73260309229835,36.07987106505898,36.297447204589844,3524200
2023-07-17,35.985274654235816,36.54340601664202,35.72039636805616,36.45826721191406,3148100
2023-07-18,36.89341913901672,37.555609435036125,36.56232579533042,37.281272888183594,5812500
2023-07-19,37.04477329770536,37.21505089026759,36.83665543820787,36.95017623901367,2738900
2023-07-20,36.92179471505786,36.997475249913435,35.93797302246094,35.93797302246094,6270900
2023-07-21,35.71093577915368,36.04202910450839,35.6257969799701,35.8622932434082,3188600
2023-07-24,35.81499730670131,36.00419505288561,35.20010553376405,35.58795928955078,4359300
2023-07-25,35.569034121852035,36.11770714729697,35.43659680085398,35.994728088378906,4222800
2023-07-26,36.1177103092226,36.1177103092226,35.53120057546532,35.92851257324219,4455200
2023-07-27,35.51227952327632,35.55957805388744,34.15005874633789,34.15005874633789,10154300
2023-07-28,34.48115900265455,34.75549555875637,34.235200845926386,34.57575607299805,4124200
2023-07-31,34.869009944258174,36.032571136865066,34.869009944258174,35.625797271728516,6845700
2023-08-01,34.69873711411109,35.039292360446396,34.25412291932364,34.329803466796875,7580100
2023-08-02,34.29196072077588,34.29196072077588,33.06218078217398,33.24191665649414,7780600
2023-08-03,33.383814237665895,33.65815077610611,33.081099301679,33.34597396850586,3861200
2023-08-04,33.77166614704604,34.235196788904425,33.63922882080078,33.63922882080078,5665600
2023-08-07,33.724372420061165,33.724372420061165,33.06218208588796,33.468955993652344,3233100
2023-08-08,32.97704121944311,33.36489496675657,32.7216248089713,33.22299575805664,3740000
2023-08-09,33.2892123265585,33.393271258554726,32.8162198055913,33.07163619995117,3108600
2023-08-10,33.37435353854315,33.57301315428919,32.7689236452997,33.08110046386719,5345700
2023-08-11,33.07163572739694,33.53516997912592,32.93919840080194,33.49732971191406,3845000
2023-08-14,33.137856597692206,33.270293933107595,32.6175655191403,33.0148811340332,4765500
2023-08-15,32.986497810317545,32.986497810317545,32.11619329311089,32.201332092285156,6653100
2023-08-16,32.229714567247186,32.34323177762768,31.75672198057359,31.766183853149414,4487600
2023-08-17,31.955373868167573,32.097273069276895,31.406704415081148,31.567520141601562,5676200
2023-08-18,31.529682816578283,31.57698134640078,31.1985858905278,31.501300811767578,5803300
2023-08-21,31.728341091581292,31.945917231348282,31.312105338421162,31.898618698120117,5744600
2023-08-22,32.11619481593357,32.239173889160156,31.652660529862125,32.239173889160156,4364800
2023-08-23,32.50404931470684,33.6770688431743,32.50404931470684,33.38381576538086,12821000
2023-08-24,33.22299499425394,33.72436954045937,32.721624056695205,33.20407485961914,7884700
2023-08-25,33.10947598769488,33.41219090803351,32.32430668212208,32.816219329833984,6731800
2023-08-28,32.86352332676759,33.904105473201234,32.797301051092205,33.7432861328125,6418400
2023-08-29,33.63923142078348,34.50953597974487,33.450033679247205,34.49061584472656,6544200
2023-08-30,34.75549577005001,35.077130863278946,34.23520105405693,34.386558532714844,4073400
2023-08-31,34.40548084284534,34.51900166549781,33.78113075284545,34.0460090637207,7814300
2023-09-01,34.61359224273072,34.812248232098604,33.62976694969956,33.63922882080078,6762500
2023-09-05,33.19461663173762,33.450033036607536,32.51350621875118,32.6175651550293,7331200
2023-09-06,32.4662056949397,32.920278072862004,32.31484823563227,32.418907165527344,5198900
2023-09-07,32.36214848095649,32.36214848095649,32.04051341179359,32.172950744628906,4165700
2023-09-08,32.34322768514454,32.84460221745816,32.12565155584287,32.201332092285156,3465800
2023-09-11,32.53242797861758,32.9486637445238,32.324310095664465,32.51350784301758,4109700
2023-09-12,32.13511660751479,32.95812267521818,32.10673459921677,32.57972717285156,3864600
2023-09-13,32.55134668642846,32.816221355916575,32.32430867783384,32.428367614746094,3240000
2023-09-14,32.475672070404165,33.37435507982625,32.475672070404165,33.02434158325195,5995000
2023-09-15,33.48787032275616,34.18789719939103,33.46895018978679,33.85680389404297,8046600
2023-09-18,33.77166585261796,33.93248157347189,33.317593477173,33.781124114990234,4750800
2023-09-19,33.86626524027584,33.86626524027584,33.04325922871523,33.156776428222656,5840500
2023-09-20,33.279759975769636,33.98924888325424,33.25138157423736,33.31760025024414,6188100
2023-09-21,32.62702732748306,32.89190199779903,32.27701024611213,32.38106918334961,7581000
2023-09-22,32.77838577793317,33.01488205740268,32.286473083598956,32.30539321899414,3155900
2023-09-25,32.23917391119776,32.25809043757161,31.586441883250018,31.898618698120117,5685200
2023-09-26,31.652659836238417,31.709420240017657,30.83911209196942,30.8580322265625,6904400
2023-09-27,30.744515450772617,30.801275855333024,29.949887830160627,30.328283309936523,10250600
2023-09-28,30.356661585297427,30.64045638965987,30.035026511380867,30.621536254882812,8226200
2023-09-29,31.15128979782435,31.406706209224122,30.167464422502295,30.489099502563477,8214900
2023-10-02,30.195844623263945,30.195844623263945,29.24985951827989,29.363378524780273,9814800
2023-10-03,29.26878020852358,29.7133925667421,28.909304851390793,29.476896286010742,7080100
2023-10-04,29.51473581587399,29.59987461914528,28.814705254682647,29.16472053527832,7802300
2023-10-05,29.145799623867465,29.48635482788086,28.975522021860765,29.48635482788086,5577000
2023-10-06,29.618791757197982,30.3661190172029,29.287696624955387,30.11070442199707,7831800
2023-10-09,30.621536438202376,30.933713250922654,30.555317770409605,30.867494583129883,6548200
2023-10-10,30.943172629657962,31.208050919025617,30.706676347972444,31.09453010559082,4668400
2023-10-11,31.491843214017422,31.709419342710884,31.160746280977868,31.567520141601562,5868500
2023-10-12,31.44454501269965,31.58644060664929,30.318820480674077,30.498559951782227,9231900
2023-10-13,31.491843393027953,32.36214791274891,31.435082990532262,32.05943298339844,12285100
2023-10-16,31.87969929557114,32.39053212692456,31.747261956030666,32.16349411010742,5056300
2023-10-17,32.15403578785585,32.8635246272215,31.92699777145423,32.750003814697266,7331400
2023-10-18,33.16623823835345,33.54463010555836,32.48512782527922,32.71216583251953,6797100
2023-10-19,32.73108271654769,32.9675789893801,32.23917364466539,32.92028045654297,8286600
2023-10-20,32.91082458793186,33.70545226680949,32.80676564293108,32.83514404296875,8543900
2023-10-23,32.61756459111845,32.93919965739625,31.794558595419563,32.50404739379883,6729900
2023-10-24,32.37161117758679,32.82568359115799,32.21079183458319,32.731082916259766,4210800
2023-10-25,32.51350586399086,32.929741604561706,31.96483639957473,31.974294662475586,6511100
2023-10-26,31.76618194515142,32.09727529247739,31.037772972387454,31.671581268310547,11535200
2023-10-27,31.936454840996223,32.57026672363281,31.387785368893447,32.57026672363281,9412900
2023-10-30,32.6648655284222,32.76892447056536,32.16349456207452,32.324310302734375,6375000
2023-10-31,32.18241469588629,32.598646855787315,31.340488503900733,31.53914451599121,10396500
2023-11-01,31.76618194515142,32.02159475100469,31.018852837019278,31.671581268310547,9133900
2023-11-02,32.04051084424901,32.106729505360285,31.40670262828505,31.860774993896484,9402600
2023-11-03,32.18241173890589,33.91356249879236,32.18241173890589,33.56354904174805,16256600
2023-11-06,33.440571231314586,33.70544950836087,33.156776428222656,33.156776428222656,5652900
2023-11-07,32.68378468920765,32.88244069538413,31.95537572458041,32.58918762207031,8766800
2023-11-08,32.41891076711454,32.5040495729739,31.46346376706547,31.63374137878418,9952400
2023-11-09,31.879699532887592,32.5986466423079,31.46346376706547,31.63374137878418,6766700
2023-11-10,31.38778651287521,31.491845453268354,30.858033547531402,31.085071563720703,7232100
2023-11-13,31.037773443365136,31.368866795715228,30.80127716064453,30.80127716064453,3693500
2023-11-14,31.90807569461785,32.778383827783024,31.71887796056919,32.55134582519531,12615200
2023-11-15,32.570267897233,32.68378510095725,32.04051493210843,32.30539321899414,4456300
2023-11-16,32.494588807928764,33.37435529556639,32.381071599131104,32.83514404296875,8691400
2023-11-17,32.986499325514835,33.20407546481061,32.60810745186222,32.731082916259766,5094700
2023-11-20,32.31485087549386,32.83514195882633,32.11619487054548,32.778385162353516,5165100
2023-11-21,33.28921543639774,34.01762441977192,33.25137877375709,33.5919303894043,12432200
2023-11-22,33.667612011310204,33.80004935641544,33.25137983974416,33.468955993652344,5862800
2023-11-24,33.601388174349616,34.12167921100213,33.497329245289826,33.92302322387695,4665000
2023-11-27,34.40547770074653,34.79333145443692,34.102762751946564,34.65143585205078,9454700
2023-11-28,35.10550554208078,36.17446965166937,34.87846754383362,36.146087646484375,11803100
2023-11-29,36.06095417381722,36.40150941715894,35.89067655214637,36.18393325805664,5777700
2023-11-30,36.023112560940646,36.47718495347604,35.74877602941512,36.44880294799805,6711800
2023-12-01,36.35420707392031,37.338032427547894,36.18392947007528,37.30965042114258,11723100
2023-12-04,36.42988320793754,36.694761479599855,35.928512279044554,36.165008544921875,12076000
2023-12-05,35.87175596431474,36.023117056027154,35.077131884706866,35.389305114746094,7519400
2023-12-06,35.89067377874885,36.0987916577417,35.332542419433594,35.332542419433594,5962800
2023-12-07,35.58795924690408,35.625799517824966,34.84063374377428,35.143348693847656,5425600
2023-12-08,34.4527786242933,35.05821217252896,34.13114712645307,34.47169876098633,8173000
2023-12-11,34.05546559359918,34.17844467421945,33.733830496424865,34.10276412963867,5876700
2023-12-12,34.168980074113705,34.21627860637736,33.07163752582225,33.20407485961914,8375200
2023-12-13,33.21353689288478,35.635256399576555,33.043259288989674,35.59741973876953,14580100
2023-12-14,36.231231247982514,36.71368570497507,35.59742291695537,35.97581481933594,9438100
2023-12-15,35.654177296991165,36.08933318772425,35.43660115594802,35.5217399597168,6932100
2023-12-18,35.763783419167154,35.9162534451748,35.3349639702015,35.6399040222168,5806400
2023-12-19,35.906727513789974,37.07884158086708,35.763785266635935,36.945430755615234,8819400
2023-12-20,36.897783967776036,36.993076374255985,35.81143453914653,35.83049011230469,6034800
2023-12-21,36.44990113905284,36.878724232429086,36.43084193099475,36.78342819213867,5699700
2023-12-22,37.40283788215248,37.946012561856605,36.94542781688439,37.00260543823242,6955500
2023-12-26,37.29801848735528,37.421901530726515,36.83108058069619,37.13602066040039,3022000
2023-12-27,37.298018367966634,37.793546904692924,37.183666747236714,37.49813461303711,6542800
2023-12-28,37.23131159353578,37.50766466578419,36.39272459006613,36.40225601196289,8372300
2023-12-29,36.202137097402385,36.40225332036947,35.8495472167399,36.12590026855469,5936000
2024-01-02,36.230726319176505,36.43084255445269,35.38261153952499,35.46837615966797,7246000
2024-01-03,34.62978788014352,34.868022523337906,34.11520017840231,34.296260833740234,11034100
2024-01-04,34.420143765090444,34.667909855149304,34.05802968757755,34.37249755859375,5445000
2024-01-05,34.46778875232243,35.18249273000846,34.06755626970101,34.2867317199707,5370000
2024-01-08,33.82932040779104,34.439200532106746,33.68637816326667,34.200965881347656,6080700
2024-01-09,34.35343777046675,34.39155618909122,33.59108757383963,33.6959114074707,8697700
2024-01-10,33.72449615410756,33.97226222346582,33.41002830936484,33.81026077270508,5445700
2024-01-11,33.8483809767049,34.01991022296034,32.96214774944262,33.486263275146484,7823500
2024-01-12,34.505907237420224,35.230142638581974,34.496379450508385,34.64884948730469,10665800
2024-01-16,34.010380043301375,34.029439253045176,32.962148953600156,33.02885437011719,10083200
2024-01-17,32.44755794036917,32.5047355638636,31.837677830450815,32.07591247558594,10736800
2024-01-18,32.39038267712999,32.39991046308461,31.904381984487376,32.17120361328125,5589500
2024-01-19,32.41897276193663,32.43803197083558,31.770974200062085,32.29508972167969,5445800
2024-01-22,31.885328460434863,32.399916237830084,31.75191762225967,32.02827072143555,4060500
2024-01-23,32.199798914222725,32.80014766612967,32.10450286498724,32.77156066894531,5806200
2024-01-24,33.23849834704976,33.50531998345569,31.942501309925827,32.047325134277344,7719900
2024-01-25,32.704855252066764,32.81920687597676,32.39991516485837,32.77156066894531,4993900
2024-01-26,32.71438453236117,32.952619187090846,32.41897225183434,32.52379608154297,6247100
2024-01-29,32.8382637215327,33.00979296263422,32.25697058615225,32.9621467590332,4498400
2024-01-30,33.14320459385425,33.22896921649346,32.418972830035024,32.65720748901367,4734500
2024-01-31,32.81920400410536,33.40049713047125,32.199796096553115,32.20932388305664,7362200
2024-02-01,32.57144148152806,33.581557701312285,32.514263857142154,33.5529670715332,10426500
2024-02-02,32.60003002997238,32.60003002997238,32.02826829955002,32.3999137878418,8268400
2024-02-05,31.885325274972175,31.990149104544024,31.39932817943363,31.580385208129883,5443200
2024-02-06,31.780498956045054,32.218853448570485,31.637560355693502,32.17120361328125,3684700
2024-02-07,32.00920791123717,32.20932414599512,31.704267848223456,31.73285484313965,3918600
2024-02-08,31.647091202234574,31.818620447382653,31.51368037493549,31.570858001708984,3472700
2024-02-09,31.608972072453525,31.608972072453525,31.018151149790818,31.256385803222656,3993900
2024-02-12,31.16109375769156,31.82815152207955,31.103916131542064,31.685209274291992,4496800
2024-02-13,30.81803528953031,30.846622285035934,29.43627355572469,29.65545082092285,12931300
2024-02-14,29.826977254586502,30.122389527283737,29.617331418311867,30.036624908447266,7845100
2024-02-15,30.39874191042605,31.227799317635153,30.370154914802896,30.884740829467773,7446300
2024-02-16,30.560740579732357,31.199211331364808,30.522622163330244,30.903799057006836,4500100
2024-02-20,31.122974902094445,31.142034110542617,30.627446387958866,30.894268035888672,3690500
2024-02-21,30.856152320688576,30.87521152856016,30.303446197929222,30.732269287109375,5772300
2024-02-22,30.722743692779893,30.751330689040806,30.15097832135438,30.255802154541016,7673400
2024-02-23,30.341566782102067,30.89426930918937,29.912743662275084,30.79897689819336,7050800
2024-02-26,30.47497622041285,30.522622423735854,30.1033307452522,30.427330017089844,5068300
2024-02-27,30.417800573192693,30.494035589462904,30.150977107453876,30.17003631591797,4163800
2024-02-28,29.960390688866575,29.99850728847996,29.541097187602283,29.731685638427734,5898600
2024-02-29,30.27486052818624,30.70368363612674,30.208155115303537,30.379682540893555,6762900
2024-03-01,30.522623548017354,31.780502264973766,30.236742682376793,31.675682067871094,9887400
2024-03-04,32.16167779277555,33.11461639404297,32.075913173254584,33.11461639404297,13601100
2024-03-05,33.56249905080339,33.68637845293932,33.0574391149339,33.14320373535156,8588700
2024-03-06,33.5910856772882,34.16284738368377,33.47673406304354,33.83884811401367,7163200
2024-03-07,34.191438224001324,34.420141453897834,33.924612942225664,34.38202667236328,6816400
2024-03-08,34.6488500634212,34.73461468774343,34.09614389886184,34.23908615112305,6961900
2024-03-11,34.210497906713016,35.14437731794612,33.886498630556844,34.8775520324707,7161300
2024-03-12,34.09614384002458,34.458261546001616,33.772144552607756,34.420143127441406,7326200
2024-03-13,34.553552596593,35.411198804563256,34.44873240243871,35.13484573364258,6903600
2024-03-14,34.80131877629952,34.99190722699269,34.46778807879338,34.77273178100586,10061100
2024-03-15,34.58214413934008,35.068141246563535,34.38202789725821,35.01096725463867,4613700
2024-03-18,35.125317279172116,35.17296348200411,34.63931655883789,34.63931655883789,4562400
2024-03-19,34.49638096250001,34.49638096250001,33.819795371759646,33.85791015625,5496300
2024-03-20,33.75308408611298,35.79237578105612,33.67685088700452,35.49696350097656,9721200
2024-03-21,35.97343278655313,36.09731582459349,34.95378875732422,34.95378875732422,8405000
2024-03-22,34.77272972522166,35.0586105667738,34.42967126129024,34.44873046875,5906900
2024-03-25,34.78225644931728,35.43978272832739,34.78225644931728,34.82990264892578,5032700
2024-03-26,35.51602309314059,35.60178771504662,34.791787700340244,34.80131912231445,5299600
2024-03-27,35.01096486038656,36.106842041015625,34.96331502347784,36.106842041015625,6527800
2024-03-28,36.45942968176907,37.069313446761726,36.22119502885974,36.91684341430664,8494000
2024-04-01,37.66013415498115,37.81260418657329,36.96448940864375,37.355194091796875,6838100
2024-04-02,37.54578474383749,38.06036885868189,37.30755007829327,37.9650764465332,8435000
2024-04-03,37.86978184691695,39.270599127484395,37.75542659673701,39.165775299072266,9563700
2024-04-04,39.10860092940749,39.375422573558566,38.55589479775481,38.59401321411133,9898800
2024-04-05,38.89895042610164,40.13776978559321,38.5844826021191,39.91859436035156,8977300
2024-04-08,40.4045979139825,40.63330114126668,39.43260011009409,39.93765640258789,6420800
2024-04-09,40.680949819843576,41.22412456166619,40.38554116369206,40.65236282348633,8457500
2024-04-10,39.52789217222062,40.538008383605565,39.12765971036401,39.9090690612793,9129900
2024-04-11,40.48083191440441,40.90965501803448,39.747068744897916,40.900123596191406,6913000
2024-04-12,41.74824107622985,42.596355842539644,39.73754006297553,40.013893127441406,17757400
2024-04-15,40.38553915770609,40.50941855921596,38.97519045643291,39.604129791259766,11010600
2024-04-16,39.04189623712928,39.20389405686845,38.20330923770892,38.908485412597656,9809100
2024-04-17,39.56601246549062,40.214011026533306,39.03236552252241,39.50883483886719,10238700
2024-04-18,40.1187125937141,40.175890216933496,39.37542166772287,39.69942092895508,5788300
2024-04-19,39.87095215336722,40.58565612100513,39.747069114461716,40.2044792175293,5634800
2024-04-22,38.49872061729514,39.222952348612715,38.18424913667324,38.30813217163086,12608200
2024-04-23,38.24142574757638,39.37542133471247,38.00319110560199,39.232479095458984,6466500
2024-04-24,38.96566032956031,39.33730581678484,38.813190292874026,39.07048416137695,4624600
2024-04-25,38.870366088581314,40.15683173531626,38.58448523765935,40.013893127441406,9368600
2024-04-26,40.34742291645919,40.63330378676327,39.79471675005512,40.39506912231445,4605000
2024-04-29,40.57612713873433,40.86200799033199,39.880478765111256,40.661888122558594,3990300
2024-04-30,39.499303710361566,39.823302963472464,38.51777452981181,38.55589294433594,10390900
2024-05-01,38.92754011251694,39.994833955167174,38.47966144523467,38.8513069152832,9208900
2024-05-02,38.57495443034371,39.28965838661652,38.29860136147688,38.984718322753906,5126800
2024-05-03,39.127661957010766,39.413542822633474,38.498722598571824,38.81319046020508,4493300
2024-05-06,39.7184781418925,40.147301206570496,39.7184781418925,39.91859436035156,7015500
2024-05-07,39.78518671779489,40.15683219173475,39.65177589485979,39.966243743896484,4389500
2024-05-08,39.66130052154476,40.4045950453773,39.470712088890984,39.91859436035156,3627800
2024-05-09,40.22353674272899,41.69106303396592,40.22353674272899,41.61482620239258,7471300
2024-05-10,42.17706215663994,42.17706215663994,41.37659356217888,41.395652770996094,5137500
2024-05-13,41.23365546293335,41.55765474652103,40.60471610481285,40.88106918334961,4287600
2024-05-14,41.21459803872188,41.65294896044953,40.995422577858065,41.6434211730957,5370600
2024-05-15,42.024589913683904,42.529649832877844,41.166947372996354,42.31047439575195,7205700
2024-05-16,42.23423963331956,42.48200571189233,41.68153712026991,42.19612121582031,4913000
2024-05-17,43.0823517860036,44.19729180083151,42.81553015022386,44.168701171875,10160000
2024-05-20,44.283059273838965,45.02635024155551,43.720825337056034,44.73093795776367,7656200
2024-05-21,44.549878388200824,44.85481844143463,44.28305675041429,44.635643005371094,4419700
2024-05-22,43.97811681723011,44.03529080538491,42.577295944682554,42.67258834838867,8341500
2024-05-23,42.72024047888296,43.06329533174547,41.71965201039037,41.834007263183594,7310700
2024-05-24,42.38670887066591,42.8250597581429,42.33906266727447,42.501060485839844,3511900
2024-05-28,43.577882314620375,43.95905921369994,43.24435525430499,43.768470764160156,6131500
2024-05-29,43.10141097788407,43.53976184655459,42.6916471029875,42.720237731933594,4410400
2024-05-30,42.81553063385054,43.57788076981253,42.79647142605497,43.215763092041016,3906900
2024-05-31,43.70176737219092,43.901883617630425,42.55824025726554,43.00612258911133,4378900
2024-06-03,43.05376659312015,43.23482361994812,42.634474914331655,42.939414978027344,4955000
2024-06-04,42.24377161515484,42.24377161515484,40.957302271297785,41.24318313598633,8003200
2024-06-05,41.481414843768796,42.1008263691578,41.0811823887215,42.02458953857422,4791600
2024-06-06,42.18659036079525,43.3682321359521,42.0627073305189,43.23482131958008,4826500
2024-06-07,41.62436146446781,41.71012609031493,39.91860036993756,39.98530578613281,12690100
2024-06-10,40.23307089368115,40.58565717569685,39.76612935654755,40.54753875732422,4876800
2024-06-11,40.16636310925318,40.242596306328146,39.70894938611446,40.194950103759766,3654000
2024-06-12,41.21459459486207,41.481416240544775,40.10918596038364,40.404598236083984,6636400
2024-06-13,40.2235365722368,40.64283187376853,39.27059799264244,39.4421272277832,3995300
2024-06-14,39.96624634532177,39.96624634532177,39.28966076487027,39.8804817199707,3586500
2024-06-17,39.594599987083434,39.71848302882667,38.994247622667295,39.53742599487305,3179900
2024-06-18,39.442126781891496,40.42365234452248,39.280128970074486,40.21400833129883,3883200
2024-06-20,40.595184121745184,41.47188955029184,40.40459930417504,41.29083251953125,4880900
2024-06-21,41.109769586898985,41.15741578866442,40.18541800492644,40.42365264892578,5402900
2024-06-24,40.81436119772607,41.05259584314309,40.35694747957386,40.52847671508789,3006300
2024-06-25,40.10918627802567,40.22353789348496,39.86142383866849,39.890010833740234,3037000
2024-06-26,39.26107257114198,39.95671733992611,39.203894944260334,39.794715881347656,2441300
2024-06-27,40.31883361637565,40.75718450147503,40.31883361637565,40.404598236083984,3272300
2024-06-28,40.59518554263118,40.862010839878906,39.86142597192432,40.13777542114258,3053300
2024-07-01,40.395068714011906,40.75718641816222,39.96624559530396,40.004364013671875,1922700
2024-07-02,40.03294743520828,40.557066553035966,39.66130197723747,40.10918426513672,2563400
2024-07-03,40.85247738354452,42.081769068624006,40.81436260169756,41.88165283203125,5258400
2024-07-05,42.40576839077051,43.311060802551765,42.35812218702883,42.96800231933594,5025700
2024-07-08,42.55823853226864,42.9680024288012,42.21518004817883,42.89176559448242,4042600
2024-07-09,42.95847429530299,43.30152914145105,42.539178980279296,42.86317825317383,2305200
2024-07-10,43.40635098292583,44.21635094566394,43.33964557407556,44.063880920410156,4654100
2024-07-11,45.235996436288666,45.60764190809449,44.21635242665699,45.52187728881836,7819700
2024-07-12,44.9310577388488,45.68387649181188,44.92152631687766,45.35034942626953,4381600
2024-07-15,45.502817298494854,45.969758803232665,44.77858557552337,45.10258483886719,4000300
2024-07-16,45.588581423830135,46.798813846330006,45.226463748670035,46.779754638671875,6218100
2024-07-17,46.39857620312083,46.817871487223556,45.26458064920274,45.32175827026367,6324400
2024-07-18,45.6267010479126,45.69340645889716,44.13058774124933,44.43552780151367,4953000
2024-07-19,43.20623649539829,44.28305813687887,43.06329425058171,43.73988342285156,3599400
2024-07-22,43.73988117920175,43.959056610884815,43.26341190115019,43.85423278808594,2223500
2024-07-23,43.6350609184022,43.83517715907836,43.39682625992895,43.749412536621094,1898300
2024-07-24,44.20682037930369,44.940583526020525,43.1204709739629,43.139530181884766,4141700
2024-07-25,42.01506429401429,42.329532151264694,41.586241183970664,41.834007263183594,6778400
2024-07-26,42.358120945032844,42.59635559192822,42.01506247187594,42.33906173706055,2868500
2024-07-29,42.52012032977171,42.54871096037176,41.55765392025839,42.45341491699219,2971200
2024-07-30,42.786945452576425,42.92035627762571,42.119887692157654,42.71070861816406,3176100
2024-07-31,43.53976321866748,44.14011555304488,43.311059990924264,43.99717330932617,5498900
2024-08-01,43.882823931861836,44.12105859341936,42.16753509568214,42.79647445678711,5605000
2024-08-02,43.38729707265246,43.66365016315699,41.20507025136806,41.6434211730957,6976500
2024-08-05,38.813191879653274,40.39506993813419,38.36530953818885,40.09012985229492,9764600
2024-08-06,39.8518924427409,40.938241878240355,39.527893169418924,40.43318557739258,3891200
2024-08-07,41.166946385461145,41.262238787083106,39.11812703404004,39.280128479003906,6119600
2024-08-08,39.82330269341255,40.46176977408753,39.24200959896395,40.23306655883789,4744600
2024-08-09,40.55706821759197,40.7762436598735,39.99483429689681,40.585655212402344,2508600
2024-08-12,41.07165424890756,42.33906439483346,40.85247879622605,42.072242736816406,7454900
2024-08-13,41.9483562447765,42.96800022282131,41.9292970371753,42.82505798339844,3865300
2024-08-14,42.43435531069835,42.75835458480823,42.02459141593666,42.60588455200195,2896800
2024-08-15,42.7774128929891,43.196708200760895,42.17706056106182,42.987060546875,3270700
2024-08-16,43.53023647575569,44.35929205775199,43.23482419473524,44.340232849121094,5401800
2024-08-19,43.97812006332834,45.35987819491792,43.97812006332834,45.33129119873047,4293300
2024-08-20,45.91258044878027,46.188933505651015,45.16928952977687,45.51234436035156,4826400
2024-08-21,45.49329278407628,46.14128772219621,45.14070286599169,46.05552673339844,4067500
2024-08-22,45.22646741965081,45.29317283428258,44.35929339426538,44.607059478759766,5565500
2024-08-23,45.29317237877799,45.77917312069034,44.7595290670906,45.483760833740234,3768700
2024-08-26,45.693406794897136,45.807758409544064,45.00728983667097,45.18834686279297,2312600
2024-08-27,44.87388165657084,45.03587948393051,44.51176394782761,44.92152786254883,2243800
2024-08-28,44.2925866241201,44.39741045395416,43.34917942595823,43.79705810546875,4640600
2024-08-29,43.8065904639176,44.483176026182996,43.8065904639176,44.21635437011719,2679600
2024-08-30,44.111527270776364,44.273525082768145,43.35870492815391,43.80658721923828,3783000
2024-09-03,43.19671224419528,43.19671224419528,41.33848108535712,41.6434211730957,7948600
2024-09-04,41.22412231280745,41.97694468064186,41.119302120158196,41.30988693237305,3689700
2024-09-05,41.8625942044812,42.48200576653749,41.78635736938463,42.01506423950195,4953600
2024-09-06,41.83400644682932,41.986476479072586,40.50941872494889,40.61424255371094,5245400
2024-09-09,40.89059272999108,41.36706200143594,40.8524743158342,41.21459197998047,2734500
2024-09-10,41.38612244071149,42.053180167629144,40.92871236272651,42.02458953857422,3084900
2024-09-11,41.87212166732827,42.56776642392673,41.262241531963724,42.5296516418457,3799600
2024-09-12,43.45399995814656,45.63623028747331,43.27294292759105,45.35034942626953,10159300
2024-09-13,46.350931314343214,46.91316521424481,46.169874295286554,46.674930572509766,7601900
2024-09-16,46.60823047674536,47.0846998145306,46.312818178656386,46.68446731567383,4954000
2024-09-17,46.47481680032564,46.9417546870899,46.04599369552109,46.122230529785156,3690400
2024-09-18,46.608226759640665,47.98998845605395,45.26458347965158,45.3408203125,8786500
2024-09-19,46.894110010182935,46.96081542474983,46.007876776454275,46.417640686035156,5196800
2024-09-20,47.13234410665414,47.63740405610718,46.77975782886421,47.37057876586914,6551200
2024-09-23,47.41822583943952,48.104342833804424,46.86552331022417,46.88458251953125,3898600
2024-09-24,47.55163929273248,48.83810499461935,47.11328475834244,48.7142219543457,6318700
2024-09-25,48.50457890216404,48.86669297305747,48.05669657190286,48.1519889831543,5143700
2024-09-26,48.895281000350415,49.305044890217516,48.32351565777729,48.78092575073242,5453000
2024-09-27,48.74281147606763,48.94292771222099,47.094224477740475,47.284812927246094,6423300
2024-09-30,47.027515876777954,47.15139890583202,45.97928492833551,46.51293182373047,4143300
2024-10-01,47.19904888739921,47.77081424295029,46.69399257989227,47.4182243347168,4319800
2024-10-02,47.370575976831425,47.70410666119859,46.68446267060577,47.17045974731445,3556200
2024-10-03,46.455755330099855,46.551047733118374,45.83634380496299,46.23657989501953,4852600
2024-10-04,46.341405288395606,47.475400917466494,46.06505222104456,46.35093307495117,4146600
2024-10-07,45.93163866770461,45.96022566084416,45.21693475783941,45.531402587890625,3364600
2024-10-08,45.31222963388286,45.60764190809449,44.63564410135572,45.52187728881836,3157300
2024-10-09,45.03587804397078,45.32176254104297,44.51176252462575,45.274112701416016,3887600
2024-10-10,45.37893613642787,47.056110145906956,45.28364372835007,46.95128631591797,6152200
2024-10-11,47.21811011283662,47.77081628329209,47.141876909943896,47.19905090332031,3734900
2024-10-14,47.17046229056273,47.56116698433019,46.69399297449644,47.26575469970703,2453400
2024-10-15,47.35152008673912,47.97093166169784,47.008465227175826,47.942344665527344,4228300
2024-10-16,48.618929656597786,49.305046637937465,48.29493037487321,48.352108001708984,4761500
2024-10-17,48.97151380197306,49.50516072368851,48.561749915421814,48.93339538574219,3323900
2024-10-18,49.61951198876565,51.55397615924486,49.47656974648979,51.334800720214844,6808800
2024-10-21,52.411620944290384,52.64985558494625,51.372917765623924,51.50632858276367,4216000
2024-10-22,52.36397446317039,52.96432677226091,52.24962285411529,52.745147705078125,4942400
2024-10-23,52.04950613624365,52.10668376180875,50.96315669671295,51.525390625,5840300
2024-10-24,52.211508754636036,52.22103654152305,50.257985277281044,51.24903869628906,4215400
2024-10-25,51.15374421314663,51.430097278909074,50.200805615487674,50.38186264038086,5181100
2024-10-28,50.32469066736681,50.64868994895927,50.06739679946935,50.162689208984375,2001300
2024-10-29,50.63915723935664,51.334801989611655,50.419981794906896,51.23950958251953,4470100
2024-10-30,51.13468712244752,51.1537463314106,49.77198458055225,50.52480697631836,3902000
2024-10-31,49.72433817239814,49.81010279479512,48.34257642719008,49.1525764465332,5990700
2024-11-01,49.40033775061589,49.72433702383472,48.409280722514474,48.4473991394043,3411700
2024-11-04,48.971514700433325,49.133516154800574,48.13292770383019,48.26634216308594,2889000
2024-11-05,48.761868270928616,49.19069138426591,48.094814133706606,48.352108001708984,5099600
2024-11-06,45.94117022872005,47.25622654877952,45.417054712119615,46.693992614746094,9019400
2024-11-07,47.03704978288362,48.19010461411975,46.67493209776478,47.95186996459961,5697700
2024-11-08,47.58022263943935,47.704105670212066,46.560578670028214,47.189517974853516,6596000
2024-11-11,45.41705657833698,45.84587970414792,43.74941391642864,44.66423416137695,11137800
2024-11-12,44.34023183527035,44.48317407914753,43.27294162255017,43.81611633300781,8989700
2024-11-13,44.50223598912144,44.61658761006223,42.977531957496765,43.00612258911133,4754300
2024-11-14,42.758354501167545,43.55882308062778,42.65353067222347,43.22529602050781,6229200
2024-11-15,43.44447063566694,43.98764534330563,42.88223671993205,42.987060546875,4671000
2024-11-18,44.34976248651359,45.63622811837074,44.34976248651359,45.10258483886719,8260200
2024-11-19,45.74105315730725,45.95070081420004,44.98823078498521,45.91258239746094,4483300
2024-11-20,45.61716695703484,45.750577771197655,45.24552150753213,45.426578521728516,3214300
2024-11-21,45.9697570413859,46.227047249758606,45.378932525762174,46.150814056396484,6456600
2024-11-22,46.436697504545144,46.51293433736671,45.83634516917829,46.0650520324707,4461900
2024-11-25,44.65470319411673,45.026348664961866,44.2068208907022,44.61658477783203,8052100
2024-11-26,44.68329191910397,44.77858796350605,44.2354095983452,44.4736442565918,3181400
2024-11-27,45.02634822097781,45.56952292457583,44.77858578791488,44.950111389160156,5076800
2024-11-29,45.52187988906766,45.79823297087321,45.2836452258227,45.43611526489258,2337500
2024-12-02,45.388468233269094,45.436114438016496,44.559409002940214,44.65470504760742,3109500
2024-12-03,45.17881668361162,46.58916530680771,45.07399286108149,45.99834442138672,4407100
2024-12-04,46.084111348867864,46.55104922789322,45.85540448503851,45.98881530761719,2546500
2024-12-05,46.21752299454139,46.7988161334199,45.79823131108801,46.22705078125,2884200
2024-12-06,45.94116917282462,46.00787458421305,44.92152515854745,45.083526611328125,3610500
2024-12-09,46.57964312550966,48.17104895672739,46.551052493542635,46.94175720214844,8700400
2024-12-10,47.484929746532906,47.91374918639328,46.922695855973025,46.9798698425293,3399400
2024-12-11,47.45634211130288,48.62845616687247,47.11328362963914,48.4473991394043,4550700
2024-12-12,47.037047838850015,47.23716406373482,46.08410928015426,46.10316848754883,6887800
2024-12-13,45.903050379009535,45.903050379009535,44.60705694327681,44.79764175415039,4872500
2024-12-16,45.016822621752645,45.13117423986274,44.40693884309654,44.4736442565918,3704300
2024-12-17,43.968584557686015,44.57846465419373,43.73034991778943,44.321170806884766,3331600
2024-12-18,44.187762728165495,44.283058771132204,42.02459162764783,42.16753387451172,6707200
2024-12-19,42.62494349474569,42.82505972996146,41.80541571033183,41.9578857421875,3711400
2024-12-20,42.17706322088986,42.95847626142342,42.062711600273545,42.28188705444336,5333400
2024-12-23,42.17827270193095,42.5594893885703,41.76772907331012,42.50083923339844,3652200
2024-12-24,42.667013908281014,42.75498727891053,41.95345005273541,42.295570373535156,2274800
2024-12-26,42.60836356253406,42.78431030301237,42.25647008157745,42.56926345825195,3235000
2024-12-27,41.9143545902104,42.168497817126166,41.640657581849645,42.08052444458008,3067400
2024-12-30,41.61133248680252,41.787279223943465,40.907545538238736,41.36696243286133,4174000
2024-12-31,41.23989074944201,41.98277783376738,41.20079437299694,41.78728103637695,2454100
2025-01-02,42.49106843875854,43.89863868216743,42.481291547956424,43.82044219970703,5526000
2025-01-03,43.62494543827557,43.72269197363383,43.21440178643002,43.253501892089844,3088400
2025-01-06,43.224176503419734,43.70313972289511,42.745209555153245,42.80385971069336,3150000
2025-01-07,43.898636046681524,44.40692620292811,43.05800247015029,43.34147262573242,4412000
2025-01-08,43.80089122252362,44.39715104117355,43.60539442731142,44.32872772216797,3414600
2025-01-10,45.11071453268036,45.433281072659845,44.03548403223598,44.29940414428711,4319100
2025-01-13,43.693365823478366,43.70313898484111,42.96025567116762,43.321922302246094,5139500
2025-01-14,43.58584329545082,45.02274041656396,43.51741997813983,44.817466735839844,4578900
2025-01-15,45.57990319612515,45.57990319612515,44.34827604448938,45.05206298828125,4575700
2025-01-16,45.296433042337206,45.618999572393705,44.768592834472656,44.768592834472656,2410400
2025-01-17,44.60242586853949,45.3159860198544,44.20165910605328,44.983642578125,3973800
2025-01-21,45.41373069714857,46.40098781988159,45.41373069714857,45.99044418334961,3631400
2025-01-22,46.31301490272328,46.72355481447881,45.677651254006925,46.019771575927734,2997700
2025-01-23,45.4137301607275,45.97089358824671,45.032513471245004,45.95134353637695,3332200
2025-01-24,46.60625775680514,46.80175454894971,46.36188769882223,46.5573844909668,4831800
2025-01-27,45.82427509099165,45.882921519471736,44.66107120892006,45.18891143798828,5122000
2025-01-28,45.38440595741842,46.01976957855847,45.179136010449874,45.873146057128906,2541300
2025-01-29,45.77540141943094,46.65513139797194,45.58967778744348,46.30323791503906,2710600
2025-01-30,47.26116911267493,48.63941613109122,47.163422578122784,48.0920295715332,5650300
2025-01-31,48.22887292382937,48.33639634178199,47.09499604787712,47.28071594238281,4553400
2025-02-03,47.55441527784608,48.77626558068086,47.31981837903367,48.02360534667969,5518700
2025-02-04,48.48301812780452,49.2943285120605,48.44392175231539,49.13793182373047,3668600
2025-02-05,49.61689609086794,51.01469315347575,49.55824966200884,50.35978317260742,5158900
2025-02-06,50.222934086131225,50.33045750552152,49.685320717970825,50.1740608215332,3796600
2025-02-07,50.43797968436733,50.91694665015531,49.753746488657725,49.792842864990234,5076800
2025-02-10,51.288390043694775,51.444786734948636,50.67257644053654,50.926719665527344,5508600
2025-02-11,50.49662744448398,50.89739418099611,50.183834075927734,50.183834075927734,3813100
2025-02-12,49.91014098745553,51.41545768066869,49.83194078064388,51.05379104614258,3910500
2025-02-13,50.946267985234854,51.36658477783203,50.379331397019136,51.36658477783203,4633800
2025-02-14,51.474110580038115,51.65005732595353,49.431176678056865,49.538700103759766,6138800
2025-02-18,50.262032832020225,50.42820641404327,49.72441943849392,50.0665397644043,5321500
2025-02-19,50.02743702737761,50.07631029171033,49.489823662135606,49.87104034423828,2964600
2025-02-20,50.09586052670728,51.71847751851825,50.09586052670728,51.30793762207031,4935700
2025-02-21,51.073343558368165,51.17109009280069,49.10860987746082,49.235679626464844,6127600
2025-02-24,49.743967418843965,49.851490838828404,48.50256710148095,49.626670837402344,2683100
2025-02-25,49.362751471216825,49.54847137201105,47.8672079168862,48.825138092041016,3691900
2025-02-26,48.170225361059224,49.81239247371271,48.07247882791201,49.47027587890625,2937500
2025-02-27,48.72738636659735,49.01085651885631,47.25139290865454,47.29049301147461,5613700
2025-02-28,46.56715585074532,47.62283625020272,46.22503927432359,47.564186096191406,3936900
2025-03-03,48.29729956531096,49.04018292328662,47.19274582589739,47.525089263916016,3172900
2025-03-04,48.336398628578024,48.922885281241356,47.026574957424785,48.307071685791016,4475000
2025-03-05,48.40482100241366,50.52595129264765,48.307070743016695,50.516178131103516,5202100
2025-03-06,49.99811390764251,51.014690485545685,49.9199137015317,50.164283752441406,3130800
2025-03-07,50.086088170948145,51.38613492606873,49.64622132568512,50.79964828491211,5414800
2025-03-10,50.12518645188783,50.53573009934101,48.24842614579122,48.658966064453125,5999700
2025-03-11,49.17703021364664,50.86807051251089,49.12815322060458,50.7214469909668,4669800
2025-03-12,50.20338571960648,51.630505974999934,50.13496240111441,51.444786071777344,3626500
2025-03-13,51.80645363293534,53.48772086857588,51.6207337264274,53.23357391357422,7458200
2025-03-14,53.829836800462395,54.103530075882844,53.22380009254945,53.75164031982422,4510800
2025-03-17,53.927583810086745,55.25695755180614,53.86893738128758,55.21786117553711,4669500
2025-03-18,55.93141993860462,56.35173673569362,55.03213618827774,55.12010955810547,4738600
2025-03-19,55.061465116168314,55.50132825237648,54.445651505169074,55.2667350769043,3745000
2025-03-20,54.44564945030723,55.34492947032922,54.13285607562209,55.11033630371094,2648300
2025-03-21,54.279476165771484,54.47497295820353,53.44861945892424,54.279476165771484,4083300
2025-03-24,54.59226936345099,54.75844294155121,53.927582508632426,53.97645950317383,2393600
2025-03-25,54.895291187319565,56.05849135297466,54.8170947055838,54.953941345214844,2970000
2025-03-26,55.19830867464765,55.38402857225935,54.35767509709485,54.4651985168457,3143400
2025-03-27,55.325378235511636,56.27353522970035,54.82686497051214,56.166011810302734,4165500
2025-03-28,56.54722812561948,57.28033827623058,55.3156047132609,55.56974792480469,4242400
2025-03-31,55.81411879028831,55.990065527308325,53.89825846361609,55.911869049072266,3694400
2025-04-01,55.823895684052694,56.15623910635671,54.99303526389711,55.62839889526367,3142800
2025-04-02,55.34493019018636,55.8727704151297,54.77799358949223,55.45245361328125,4072800
2025-04-03,53.23357101311177,56.469031830606035,52.84258116879976,55.29605484008789,6595000
2025-04-04,53.64411549121367,53.68321186611314,49.685321347923676,50.22293472290039,13591800
2025-04-07,49.12815420652439,52.61776202170138,48.2191010325974,49.37252426147461,12534300
2025-04-08,51.94329818589313,52.15834502705792,49.010857532007186,49.36275100708008,4999500
2025-04-09,51.679378628729054,54.91483952692774,50.95604534787414,54.54339599609375,12446700
2025-04-10,54.514073950638284,57.49538796522985,54.37722731234358,56.91867446899414,8964100
2025-04-11,59.04958257020777,60.19323641749989,58.81498566629434,59.84134292602539,7848200
2025-04-14,59.16687654417262,60.92634392382363,58.74655975112167,60.789493560791016,5113000
2025-04-15,61.4248598104584,61.91359994143633,61.03386621415954,61.55193328857422,3346200
2025-04-16,63.907654537135365,64.68964170153096,62.94972809121217,63.67306137084961,8263800
2025-04-17,63.06702297189461,63.38959324689058,61.72787979113729,62.6760368347168,7032200
2025-04-21,64.72874143500556,65.29568175306812,62.59783425468615,63.64373779296875,6937800
2025-04-22,63.878332983546024,63.92720997918427,61.03386559907209,61.21958923339844,8876800
2025-04-23,59.372152053927024,60.42782878545805,58.697688294679615,59.49922180175781,11129700
2025-04-24,60.848144623963414,61.04364141670627,59.7924641804267,60.85791778564453,3626400
2025-04-25,58.893183556680185,59.73381714679291,58.77588697374085,59.6653938293457,4373600
2025-04-28,59.40147299619439,60.20300647261492,58.775886256431164,60.18345642089844,4925700
2025-04-29,59.58719234966085,60.261656076945954,59.22552571818936,59.284175872802734,2924900
2025-04-30,58.69768764716203,60.0368345314652,58.69768764716203,60.01728820800781,3325900
2025-05-01,58.47286708293007,58.47286708293007,57.24124363332145,57.407413482666016,8162900
2025-05-02,58.580390227814235,58.85408349781253,57.06529662365186,57.38786315917969,3769500
2025-05-05,59.704494297659345,59.81201399088181,58.7270140666862,59.69471740722656,5712200
2025-05-06,61.42485866424768,63.31139210413111,60.994768699377595,63.184322357177734,9386600
2025-05-07,61.59102830819478,62.27526522224701,61.00454165545927,61.45418167114258,5134000
2025-05-08,61.835397380866944,62.12864443134312,60.437604089875265,60.52557373046875,5786000
2025-05-09,61.50305497510355,63.027929222249426,61.03386490686932,62.88130569458008,4873000
2025-05-12,59.860892257641886,59.92931557696086,57.583361481252055,57.788631439208984,12258900
2025-05-13,57.96457689985903,58.37512053547731,57.36831336288438,57.9743537902832,4870100
2025-05-14,56.674303691603555,56.947996964739744,56.107367093137,56.57655715942383,7900800
2025-05-15,57.28033864985866,57.90592911464522,56.53745533306181,57.87660217285156,5814500
2025-05-16,56.332186454335435,57.38786315917969,56.166012876985654,57.38786315917969,5202900
2025-05-19,58.296921025108304,58.9127346215119,57.925477489157906,58.8834114074707,5147300
2025-05-20,58.893184326942404,60.965441386999004,58.74656079975719,60.86769485473633,7655800
2025-05-21,61.01431507446286,62.07976869016478,61.01431507446286,61.7572021484375,4222300
2025-05-22,61.698551093110176,62.00157130687112,60.867694388863086,61.40530776977539,4012000
2025-05-23,62.89107566295629,63.54599309777739,62.13841915230005,63.213645935058594,6013200
2025-05-27,61.87449817113596,62.98882877196605,61.766974748607446,62.28504180908203,4966100
2025-05-28,62.48053556500487,63.2136457498628,62.42188913664262,63.19409942626953,3748600
2025-05-29,63.67306174516145,64.00540890213713,62.74445850736725,63.125675201416016,3403300
2025-05-30,62.578279404084604,63.86855297558381,62.44143650086682,63.84900665283203,4415600
2025-06-02,65.17838085829028,68.18902170217059,65.14905764513271,67.87622833251953,10113400
2025-06-03,66.81076886525277,67.18221610680415,66.13631261166569,67.15288543701172,4836700
2025-06-04,67.61230558781432,68.08149937863824,67.1137960409429,67.67095947265625,3795200
2025-06-05,68.77550977885029,70.22217634719942,68.22812323488927,69.12740325927734,6757700
2025-06-06,68.82438719090398,69.28379663875313,67.25064340988983,67.44613647460938,6325000
2025-06-09,67.7589263957215,68.46271332493718,67.52433323851028,68.04239654541016,3706700
2025-06-10,68.3063138189833,68.56046075958146,66.50775382725992,66.96717071533203,4233000
2025-06-11,67.07469251118594,67.59275581240627,66.86942256867876,67.41680908203125,2301600
2025-06-12,68.36497221352735,69.4304221241871,68.25744878762447,69.01988220214844,5192400
2025-06-13,69.938716545928,70.09510951173155,69.28379909497666,69.62592315673828,4910500
2025-06-16,68.9319036847653,69.25447395585017,67.8371305818093,68.05217742919922,4437200
2025-06-17,68.42361486231805,68.62888481199514,67.59275817336348,68.15969848632812,2643100
2025-06-18,68.05217471273446,68.20856766795004,66.97694051870543,67.28973388671875,3371000
2025-06-20,66.51753255658835,67.39725879649164,65.64757574951435,65.6866683959961,5929700
2025-06-23,65.78442631042176,67.53410946180577,65.63780277582782,66.54685974121094,3497800
2025-06-24,64.9535567822893,65.39342735005748,63.721937090735565,65.28590393066406,5135800
2025-06-25,64.78739054547077,65.45207742166039,64.5723436947061,65.27613067626953,2836200
2025-06-26,65.26635498512103,66.25361215560336,65.12950834258875,66.22428894042969,2925900
2025-06-27,64.11292539151272,64.29864902362469,63.458015420230616,64.02495574951172,6223900
2025-06-30,64.464819343157,66.16564034336044,64.31820327208986,66.06788635253906,4082400
2025-07-01,67.06491650166971,67.43635628952325,65.98968978307725,66.05811309814453,3226000
2025-07-02,66.59572763780419,66.78145127421271,65.5107239491968,66.71302795410156,3100500
2025-07-03,66.0092359464359,66.92806971019473,66.0092359464359,66.90851593017578,1897500
2025-07-07,66.03856272579438,67.49501365501109,64.84603563801474,67.46568298339844,3301700
2025-07-08,67.3874903217782,67.40703664529698,64.21067953283283,64.89491271972656,6213000
2025-07-09,64.89491214999809,65.97013891606959,64.6407652009906,65.70622253417969,3069800
2025-07-10,65.97013510087216,66.05811219480245,65.0122087030298,65.99945831298828,2669900
2025-07-11,66.72280103428234,67.58298093192342,66.4686540922771,67.28973388671875,4500300
2025-07-14,67.5829853200521,68.46271905520462,66.8596520078523,67.03559875488281,3136400
2025-07-15,67.02582082617451,67.12356736021506,65.35433048405864,66.10698699951172,3132400
2025-07-16,66.15586217969238,66.76190260624324,64.84603479523271,65.97013854980469,3296400
2025-07-17,64.74829025664368,65.50095423218747,64.0542801677857,65.25658416748047,4827300
2025-07-18,65.77464384755804,65.90171358939772,64.69941711425781,64.69941711425781,2470000
2025-07-21,65.65734426414019,67.74915132802899,65.65734426414019,67.04536437988281,4956500
2025-07-22,67.65140782266137,68.94168146608895,67.07469804955764,68.69731140136719,5009300
2025-07-23,68.17924371679537,68.44316008855654,67.00627046384032,67.51455688476562,6091700
2025-07-24,66.64460409268837,67.37771428403171,65.97991722090045,66.6739273071289,3270200
2025-07-25,65.81374612275566,66.35135577835796,65.0415358409006,66.29270935058594,5525100
2025-07-28,65.32500678550375,65.33477621852764,64.04450258903948,64.63099670410156,5933900
2025-07-29,64.67009462672742,65.31522769091099,64.39639390206234,65.04153442382812,2998000
2025-07-30,64.15202313053089,64.70918654873985,62.939949765188665,63.282066345214844,5445500
2025-07-31,63.49711409629174,63.7023840472586,62.4609874511498,62.773780822753906,4340600
2025-08-01,64.14225369756309,64.51369349050613,63.07679639682263,63.56553649902344,4797600
2025-08-04,64.74828950985757,66.23406366238592,64.74828950985757,66.06788635253906,5258400
2025-08-05,65.67689960890138,68.1108233145566,65.54005297212285,68.01307678222656,5450400
2025-08-06,67.93487528713308,69.68456577576912,67.93487528713308,69.63568878173828,5131700
2025-08-07,70.28083271491525,71.34628262670125,70.23195571851406,70.74024963378906,7077200
2025-08-08,71.2583111566164,71.52222754070642,70.28083091429679,70.60340118408203,4482000
2025-08-11,68.93190645302397,70.70115084095835,68.43339687687204,70.27105712890625,4395200
2025-08-12,70.52520239210519,71.2974126939654,70.12443190506096,71.28763580322266,2810700
2025-08-13,71.99142039697621,72.32376009537955,71.1507868029671,71.39515686035156,3125800
2025-08-14,70.9064169381738,72.20646743680996,70.77934719271839,71.13123321533203,3200800
2025-08-15,71.30718297644337,72.54858710016786,70.93574315720328,72.21623992919922,4050600
2025-08-18,71.97186751390167,72.29443778349258,71.16056458102783,72.04029083251953,2817900
2025-08-19,71.72749566448455,71.94254250551492,69.5770421693453,69.61614227294922,4008800
2025-08-20,70.66204973198944,71.75683032095947,70.4763260939508,71.62975311279297,4510300
2025-08-21,71.26809044841745,73.44786728598784,71.26809044841745,73.08619689941406,4028400
2025-08-22,72.29443699314318,75.2073313629921,71.98164361751222,74.55241394042969,4843500
2025-08-25,74.26895160142388,74.894538355763,74.1223280745295,74.28849792480469,3822600
2025-08-26,74.41556495097385,75.8133619354594,74.32759531260177,75.79381561279297,4988900
2025-08-27,75.002059037116,75.83291571570791,74.27871831956257,75.79381561279297,2850000
2025-08-28,75.89156451722015,75.91111829808084,74.73813754665622,75.40282440185547,3981000
2025-08-29,75.48102821928202,78.25706862765108,75.37350479215394,78.24729919433594,7514600
2025-09-02,80.03607829316454,81.4045521023294,78.25706457852489,81.09175872802734,8180000
2025-09-03,82.66550595115385,82.86099902168462,81.22860876424663,81.91284942626953,5540100
2025-09-04,81.17973984458918,81.76622651823742,80.28045232357371,80.81806945800781,5892600
2025-09-05,82.66550444197273,83.74073122542731,81.81509393976592,82.948974609375,7444600
2025-09-08,84.5324921465975,84.90393194300573,83.63320468239608,84.43473815917969,5024300
2025-09-09,85.22650738746792,85.32425392324929,83.1933466298517,83.67230987548828,6589200
2025-09-10,84.24902517951416,86.13556236133827,84.24902517951416,86.10623168945312,7350200
2025-09-11,86.21374986273298,88.16871024472313,85.89118706746694,87.98299407958984,4834100
2025-09-12,88.48150379485752,88.8529510410745,87.46493095674269,88.0025405883789,3902100
2025-09-15,87.89502094117331,90.33872152866756,87.49425792276709,89.4296646118164,6573000
2025-09-16,89.80110781692929,89.80110781692929,86.47767367656691,86.84911346435547,5642700
2025-09-17,85.46110006754917,88.06119370060009,84.70844354307151,85.63704681396484,5610600
2025-09-18,85.45132263630936,85.62726938161224,83.67230885939469,85.59794616699219,5264400
2025-09-19,85.75434687680492,90.1627774997718,85.75434687680492,89.90863800048828,9026900
2025-09-22,91.85381751606144,93.16363743192709,90.88611418586352,93.03656768798828,6313700
2025-09-23,94.25841962285817,94.5809898911297,92.49895221190654,92.87039947509766,4148300
2025-09-24,92.71399653164968,93.41778347685735,90.67106647008283,90.69061279296875,5095300
2025-09-25,90.97408726253643,91.9026905240806,90.62219377324796,91.87336730957031,3989600
2025-09-26,92.70422249277966,94.61031343760766,92.1079664066427,94.04337310791016,5598100
2025-09-29,96.70212030625886,97.27883006741274,95.65621674922492,96.02765655517578,5955500
2025-09-30,94.66895852869916,98.03149289725809,94.45391168546588,96.79986572265625,5253100
2025-10-01,98.18788583446668,98.99919621282328,96.8194194825186,97.65027618408203,6012200
2025-10-02,98.70596086147371,99.07740067902613,93.55463566673542,97.39613342285156,8569000
2025-10-03,97.8066669636088,98.57887722076659,96.72166333903363,97.4938735961914,3696200
2025-10-06,98.89167596594712,101.7068238833745,98.62775957747957,100.17218017578125,7617300
2025-10-07,100.29924928235853,100.29924928235853,98.00217218103303,98.41271209716797,5201300
2025-10-08,100.78798601202242,102.5865460359555,99.91802921342271,102.44969940185547,6482300
2025-10-09,102.81137441879198,102.87002084817873,96.2231595305689,97.6405029296875,9826700
2025-10-10,97.98261588167448,98.96987299922186,96.32090247854762,97.65027618408203,6836900
2025-10-13,101.02257970595163,103.14371000320016,100.83686353446105,102.77227020263672,8223900
2025-10-14,100.8075359586827,102.90911999730807,100.50451946622364,101.28650665283203,4678400
2025-10-15,103.14370799841528,106.74083545279784,103.09483846269175,106.03705596923828,6021800
2025-10-16,107.33710273843684,109.91764997472013,106.08592922479431,109.18453979492188,6340800
2025-10-17,105.26484798275405,106.03705825663225,98.96987293739605,100.7879867553711,14744700
2025-10-20,104.06254524395,104.56106225345967,101.80456828056641,103.73997497558594,7546400
2025-10-21,95.69531807328465,96.18405819882994,91.86359727882936,92.96814727783203,19870700
2025-10-22,89.97705499703235,93.54485174526435,89.73268494810786,92.8606185913086,12631100
2025-10-23,95.39229131476523,95.558468620319,93.52530796811212,93.90652465820312,8541400
2025-10-24,92.83129755573637,94.48324151163372,92.37188065977091,92.73355102539062,5531700
2025-10-27,89.81087874893134,91.20867574347031,86.67316817886459,89.23416900634766,13157600
2025-10-28,87.32807691059868,91.1402511568938,86.99573722443685,90.85678100585938,6021500
2025-10-29,93.63283387952573,93.69148030799732,90.24097622471304,90.66129302978516,6442000
2025-10-30,90.15300455316985,92.89972160265215,89.70335708639851,92.79219818115234,6965900
2025-10-31,92.47940354984287,92.70421982259002,90.22142664420728,91.5605697631836,5283300
2025-11-03,91.20867463781165,92.04930820238354,89.27326802734673,90.00637817382812,5196800
2025-11-04,87.24010923383311,87.79727265836775,85.38289533285692,85.58816528320312,8750700
2025-11-05,87.28898403889319,88.22736412733862,86.31150384789811,87.98299407958984,7021200
2025-11-06,89.08754841877084,91.07183211146084,88.11006817940967,88.31533813476562,6119600
2025-11-07,88.83339836703287,91.00340561586785,88.01231857427484,90.93498229980469,5174900
2025-11-10,94.19976971440241,96.18405333046846,93.62305251750665,95.47048950195312,9490000
2025-11-11,96.07653100288634,96.14495431947326,93.72080011059836,95.83216094970703,4522800
2025-11-12,96.13517617619938,100.19172049761941,95.26521939482663,99.15559387207031,8063100
2025-11-13,99.66388497819653,100.240602201227,95.5682403614022,96.3697738647461,6391000
2025-11-14,91.70719308523289,96.14495413747865,91.44327670963497,95.24567413330078,6545700
2025-11-17,94.85468515324642,96.26225911151954,92.70422411059775,93.87720489501953,5447700
2025-11-18,94.64941115580288,95.67576090860337,92.95836709988083,94.71783447265625,4702300
2025-11-19,96.41865216469587,98.2172197194514,94.38549143587049,95.59757232666016,4748900
2025-11-20,96.32090587354915,97.61117952056556,91.23800403864927,91.32598114013672,6021900
2025-11-21,91.38462337948992,93.54485376368397,90.57332046731746,91.86359405517578,4528700
2025-11-24,92.52828481417882,97.66982560248061,92.36210750253409,97.60140228271484,5850600
2025-11-25,97.23973573222449,99.19469617554753,96.74121873105409,97.89464569091797,6165800
2025-11-26,98.8721249679011,103.25123214285827,98.64730123773084,102.95799255371094,5182600
2025-11-28,104.6099309821577,106.9167849226425,103.88659769974268,106.81903839111328,4435100
2025-12-01,107.6889974411812,107.94314439451315,104.94228032285028,105.84156036376953,3942400
2025-12-02,105.6656121968787,106.22277563402763,101.7263680324209,104.87385559082031,4657300
2025-12-03,105.56786623380782,106.71151632818763,104.11142276000152,104.34601593017578,4688200
2025-12-04,103.52493537400989,104.71745499755622,102.68430177444647,104.57083892822266,2087700
2025-12-05,105.72426186596783,107.93336174546494,103.9354713126128,104.277587890625,3457100
2025-12-08,104.48286358213313,104.75655685959116,102.03916295114006,102.13690948486328,3322600
2025-12-09,102.48880330044378,106.7799410255988,102.48880330044378,106.44760131835938,4756900
2025-12-10,105.9979604937641,109.16499440958582,104.28737005953465,108.39278411865234,5314500
2025-12-11,108.31458252092203,114.06217107912994,108.25593609321211,112.28315734863281,6060900
2025-12-12,115.61635733091623,115.61635733091623,109.51688294634252,111.72599029541016,5347400
2025-12-15,113.16288030039414,113.29973439037067,108.31457936784108,110.04472351074219,4502500
2025-12-16,110.45526811933982,112.30270519304784,108.86197799845425,110.68009185791016,3356600
2025-12-17,112.64482081800523,113.27040757526814,110.56279059063793,112.03878784179688,3905300
2025-12-18,111.72599648455241,114.14036645770497,110.9146860805046,111.62824249267578,5223000
2025-12-19,112.23427815637815,116.19307601610028,112.06810830939858,114.98099517822266,8284200
2025-12-22,119.26000213623047,121.26000213623047,118.2300033569336,120.0,7150700
2025-12-23,120.33000183105469,120.44000244140625,117.80000305175781,120.0,4752200
2025-12-24,119.27999877929688,119.68000030517578,116.70999908447266,118.97000122070312,3188700
2025-12-26,121.06999969482422,122.16999816894531,119.0999984741211,121.5999984741211,4120400
2025-12-29,115.31999969482422,115.87000274658203,112.66999816894531,113.81999969482422,9696600
2025-12-30,117.11000061035156,117.72000122070312,114.88999938964844,115.13999938964844,4847100
2025-12-31,114.6500015258789,116.69999694824219,113.62999725341797,113.77999877929688,3021800
2026-01-02,116.26000213623047,116.4800033569336,110.04000091552734,113.19999694824219,5020000
2026-01-05,115.93000030517578,120.45999908447266,115.38999938964844,117.33999633789062,7752000
2026-01-06,118.36000061035156,121.94000244140625,118.12000274658203,121.87999725341797,4814800
2026-01-07,118.0999984741211,120.31999969482422,115.91999816894531,120.19000244140625,3825300
2026-01-08,117.33000183105469,121.02999877929688,117.11000061035156,120.9800033569336,4456500
2026-01-09,120.83999633789062,122.87999725341797,120.33999633789062,121.94999694824219,4786800
2026-01-12,125.19999694824219,128.2899932861328,125.08999633789062,126.30000305175781,7608600
2026-01-13,128.0,129.4199981689453,125.88999938964844,126.16000366210938,3727900
2026-01-14,128.97999572753906,129.0500030517578,124.83000183105469,126.68000030517578,4305000
2026-01-15,125.26000213623047,128.02000427246094,124.0199966430664,127.1500015258789,3598100
2026-01-16,126.06999969482422,128.19000244140625,123.36000061035156,128.07000732421875,3996100
2026-01-20,133.4499969482422,136.38999938964844,132.72000122070312,136.0,9810800
2026-01-21,139.07000732421875,139.52000427246094,133.0800018310547,134.74000549316406,7615900
2026-01-22,134.72000122070312,143.0399932861328,134.47999572753906,142.08999633789062,9137100
2026-01-23,143.0399932861328,146.0,141.8000030517578,145.02999877929688,6712100
2026-01-26,150.75,152.24000549316406,144.1199951171875,144.2899932861328,9440300
2026-01-27,144.66000366210938,147.8000030517578,139.47000122070312,147.4199981689453,6460100
2026-01-28,148.49000549316406,150.66000366210938,145.7100067138672,150.4199981689453,5203900
2026-01-29,151.72999572753906,151.9600067138672,139.00999450683594,143.67999267578125,13631600
2026-01-30,130.05999755859375,134.9499969482422,122.2699966430664,124.08999633789062,22121000
2026-02-02,124.25,127.7699966430664,120.91000366210938,124.08000183105469,7154200
2026-02-03,132.24000549316406,132.24000549316406,126.29000091552734,129.86000061035156,8178800
2026-02-04,133.57000732421875,133.57000732421875,125.05999755859375,130.35000610351562,5196400
2026-02-05,124.0,127.56999969482422,120.91999816894531,121.16999816894531,7936200
2026-02-06,124.81999969482422,128.72000122070312,124.61000061035156,128.55999755859375,6490300
2026-02-09,131.49000549316406,137.02999877929688,130.60000610351562,136.89999389648438,6967800
2026-02-10,135.99000549316406,137.72000122070312,134.9600067138672,136.3300018310547,4800700
2026-02-11,140.58999633789062,141.60000610351562,135.89999389648438,141.1699981689453,4723700
2026-02-12,138.8699951171875,139.77999877929688,128.63999938964844,128.85000610351562,8757800
2026-02-13,132.5800018310547,136.94000244140625,131.22999572753906,136.33999633789062,5763800
2026-02-17,131.16000366210938,132.2899932861328,126.87999725341797,130.8000030517578,6680100
2026-02-18,133.80999755859375,135.38999938964844,132.58999633789062,134.07000732421875,3732300
2026-02-19,133.6699981689453,138.2100067138672,132.39999389648438,137.92999267578125,4285500
2026-02-20,138.63999938964844,142.14999389648438,135.6699981689453,142.00999450683594,5284700
2026-02-23,144.30999755859375,147.5,143.9600067138672,146.63999938964844,5298700
2026-02-24,141.58999633789062,148.4499969482422,141.58999633789062,147.0800018310547,4322300
2026-02-25,149.0,150.69000244140625,147.14999389648438,147.85000610351562,3058700
2026-02-26,147.02000427246094,153.6300048828125,145.67999267578125,153.27999877929688,6257500
2026-02-27,154.19000244140625,156.32000732421875,152.86000061035156,156.19000244140625,3684700
2026-03-02,156.64999389648438,157.49000549316406,149.86000061035156,155.02999877929688,5205300
2026-03-03,144.17999267578125,144.8699951171875,137.6199951171875,141.22000122070312,13127900
2026-03-04,146.13999938964844,146.13999938964844,140.4600067138672,142.49000549316406,3206900
2026-03-05,140.14999389648438,140.47000122070312,133.8000030517578,136.7100067138672,6865500
2026-03-06,133.19000244140625,137.80999755859375,131.50999450683594,136.1699981689453,3888600
2026-03-09,131.6999969482422,137.58999633789062,127.79000091552734,137.22999572753906,6655800
2026-03-10,139.27000427246094,142.39999389648438,138.36000061035156,138.94000244140625,4714800
2026-03-11,137.0,137.2899932861328,132.42999267578125,135.36000061035156,4227800
2026-03-12,134.47000122070312,134.80999755859375,130.33999633789062,131.58999633789062,3400000
2026-03-13,131.4499969482422,131.4499969482422,123.63999938964844,123.93000030517578,7638600
2026-03-16,124.44000244140625,127.88999938964844,122.47000122070312,125.83999633789062,4931800
2026-03-17,126.44000244140625,128.22999572753906,124.1500015258789,125.12999725341797,3960100
2026-03-18,120.04000091552734,120.19999694824219,116.0999984741211,116.37000274658203,7764800
2026-03-19,106.61000061035156,109.80999755859375,104.16999816894531,108.97000122070312,10880600
2026-03-20,109.56999969482422,109.87999725341797,102.87999725341797,104.7699966430664,8325300
2026-03-23,107.02999877929688,112.5,106.58999633789062,110.02999877929688,12880800
2026-03-24,107.33000183105469,110.45999908447266,105.93000030517578,109.79000091552734,6107300
2026-03-25,115.26000213623047,115.91000366210938,111.87999725341797,113.29000091552734,6269600
2026-03-26,108.66000366210938,112.3499984741211,105.8499984741211,105.91999816894531,6919100
2026-03-27,107.16000366210938,112.69000244140625,106.12999725341797,110.58000183105469,6380800
2026-03-30,113.27999877929688,114.05999755859375,109.05999755859375,110.61000061035156,4410400
2026-03-31,113.73999786376953,120.18000030517578,113.63999938964844,120.04000091552734,9639400
2026-04-01,123.62000274658203,128.1199951171875,121.87000274658203,125.25,6292100
2026-04-02,116.12999725341797,124.13999938964844,116.12999725341797,122.19000244140625,4852100
2026-04-06,122.2699966430664,123.19999694824219,120.58999633789062,121.22000122070312,2674800
2026-04-07,120.91999816894531,123.0,117.83000183105469,122.91000366210938,3215100
2026-04-08,131.80999755859375,132.19000244140625,124.87000274658203,127.25,7674700
2026-04-09,128.14999389648438,129.99000549316406,125.41999816894531,127.87000274658203,3387600
2026-04-10,128.94000244140625,130.47000122070312,127.83999633789062,128.83999633789062,2361900
2026-04-13,127.05000305175781,129.63999938964844,126.54000091552734,129.0500030517578,2245500
2026-04-14,130.80999755859375,133.32000732421875,130.25999450683594,132.77000427246094,3609300
2026-04-15,132.17999267578125,132.75,128.97000122070312,129.3800048828125,2767100
2026-04-16,129.85000610351562,131.2899932861328,128.9499969482422,129.42999267578125,3130100
2026-04-17,132.8699951171875,136.5500030517578,132.38999938964844,133.1199951171875,6102500
2026-04-20,131.4600067138672,132.32000732421875,130.1199951171875,131.55999755859375,2819900
2026-04-21,130.14999389648438,130.7100067138672,122.31999969482422,122.4800033569336,6886400
2026-04-22,125.77999877929688,127.5199966430664,124.69999694824219,125.7300033569336,3980200
2026-04-23,124.55999755859375,125.33999633789062,119.0999984741211,122.0,5271100
2026-04-24,123.31999969482422,124.02999877929688,121.13999938964844,123.75,2862000
2026-04-27,122.69999694824219,122.83999633789062,120.61000061035156,121.4800033569336,3015300
2026-04-28,118.31999969482422,119.22000122070312,116.13999938964844,116.7300033569336,5250000
2026-04-29,115.04000091552734,115.23999786376953,113.20999908447266,113.5199966430664,4085800
2026-04-30,117.05999755859375,118.0,114.91000366210938,116.33999633789062,3823500
2026-05-01,115.36000061035156,117.9800033569336,114.8499984741211,115.37999725341797,3424700
2026-05-04,113.81999969482422,115.6500015258789,112.80000305175781,113.08999633789062,4012900
2026-05-05,115.94999694824219,115.98999786376953,113.13999938964844,113.16000366210938,4191000
2026-05-06,119.5,124.02999877929688,119.5,122.75,7817000
2026-05-07,126.41000366210938,129.32000732421875,122.2699966430664,122.41999816894531,7113800
2026-05-08,124.31999969482422,127.63999938964844,123.38999938964844,125.83999633789062,5082600
2026-05-11,126.68000030517578,131.36000061035156,126.62000274658203,129.5,6506900
2026-05-12,127.02999877929688,130.5800018310547,123.26000213623047,129.8699951171875,7173400
2026-05-13,128.25,130.0,126.30000305175781,128.94000244140625,3944600
2026-05-14,128.2899932861328,128.5399932861328,124.8499984741211,125.66999816894531,4714700
2026-05-15,119.55999755859375,119.68000030517578,115.47000122070312,116.37000274658203,8177800
2026-05-18,118.0,118.77999877929688,114.2699966430664,115.47000122070312,4288300
2026-05-19,112.93000030517578,113.01000213623047,109.5199966430664,110.30000305175781,5929500
2026-05-20,111.3499984741211,114.4000015258789,109.5999984741211,113.37000274658203,6599500
2026-05-21,110.62000274658203,115.0199966430664,110.05000305175781,112.20999908447266,5895900
2026-05-22,112.69999694824219,113.33999633789062,110.11000061035156,111.62000274658203,4183200
2026-05-26,114.75,116.7300033569336,114.4800033569336,116.66000366210938,5173700
2026-05-27,113.0,114.88999938964844,112.5199966430664,112.55999755859375,6411100
2026-05-28,111.05000305175781,116.20999908447266,109.4000015258789,114.83000183105469,6928100
2026-05-29,115.20999908447266,120.05000305175781,114.27999877929688,119.29000091552734,9476100
2026-06-01,115.70999908447266,116.5999984741211,111.76000213623047,114.94999694824219,6947500
2026-06-02,116.22000122070312,116.94999694824219,113.5199966430664,115.9800033569336,3489400
2026-06-03,113.7699966430664,114.13999938964844,110.5999984741211,110.87999725341797,5840200
2026-06-04,112.44000244140625,113.80999755859375,110.87000274658203,111.9000015258789,3186700
2026-06-05,108.08000183105469,108.80000305175781,100.55000305175781,100.58999633789062,11370600
2026-06-08,102.08000183105469,103.2300033569336,101.18000030517578,101.61000061035156,4858900
2026-06-09,102.87000274658203,103.54000091552734,96.29000091552734,99.54000091552734,7326300
2026-06-10,95.95999908447266,98.63999938964844,94.33000183105469,94.54000091552734,8568900
2026-06-11,95.41000366210938,101.36000061035156,95.01000213623047,101.08000183105469,10561600
2026-06-12,101.62999725341797,105.20999908447266,101.0999984741211,104.26000213623047,5936300
2026-06-15,112.16999816894531,114.62999725341797,111.04000091552734,111.87999725341797,8291000
2026-06-16,113.4000015258789,114.94000244140625,112.08000183105469,114.44000244140625,5705900
2026-06-17,114.69999694824219,118.19000244140625,109.72000122070312,109.79000091552734,13548200
2026-06-18,110.98999786376953,112.83999633789062,106.05999755859375,107.22000122070312,10609400
2026-06-22,105.86000061035156,106.95999908447266,104.9000015258789,106.12000274658203,4584500
2026-06-23,101.0999984741211,102.86000061035156,100.08000183105469,100.55999755859375,6650700
2026-06-24,96.33000183105469,99.0199966430664,95.06999969482422,96.08000183105469,7749400
2026-06-25,98.08000183105469,99.6500015258789,95.8499984741211,97.9000015258789,5843400
2026-06-26,99.11000061035156,102.70999908447266,98.62999725341797,100.29000091552734,5956400
2026-06-29,98.83999633789062,99.37000274658203,97.08999633789062,98.91999816894531,4075900
2026-06-30,98.56999969482422,98.94000244140625,96.6500015258789,98.25,4002700
2026-07-01,98.19000244140625,102.02999877929688,97.83000183105469,98.05000305175781,3223700
2026-07-02,101.97000122070312,105.08000183105469,100.69000244140625,102.91000366210938,6392500
2026-07-06,105.37999725341797,105.94000244140625,102.43000030517578,103.91000366210938,3597900
2026-07-07,103.0,103.55999755859375,98.0199966430664,98.93000030517578,4815000
2026-07-08,96.55999755859375,97.5999984741211,93.2300033569336,95.5999984741211,4881100
2026-07-09,97.8499984741211,99.58000183105469,97.01000213623047,99.0,4306200
2026-07-10,98.3499984741211,99.80000305175781,97.44999694824219,98.87999725341797,2554100
2026-07-13,96.9800033569336,97.48999786376953,94.66000366210938,95.4000015258789,5175500
2026-07-14,99.83000183105469,100.83000183105469,97.72000122070312,98.37000274658203,5013400
2026-07-15,97.61000061035156,98.72000122070312,94.58999633789062,96.55000305175781,3722300
2026-07-16,94.30000305175781,94.76000213623047,92.05999755859375,92.6500015258789,5829800
2026-07-17,90.9800033569336,93.27999877929688,89.83000183105469,92.19999694824219,5095800
2026-07-20,92.06999969482422,92.83000183105469,91.37000274658203,91.66000366210938,2343800
2026-07-21,94.41000366210938,97.12999725341797,94.26000213623047,97.08999633789062,5007900
2026-07-22,99.73999786376953,102.70999908447266,99.58999633789062,100.55999755859375,5505700
2026-07-23,97.30999755859375,98.4000015258789,95.87999725341797,97.5999984741211,5102100
2026-07-24,98.23999786376953,99.70999908447266,97.06999969482422,97.80000305175781,2899100
2026-07-27,99.27999877929688,99.70999908447266,96.5999984741211,99.0,3286300
2026-07-28,97.11000061035156,97.95999908447266,95.23999786376953,96.77999877929688,4234000
2026-07-29,96.08999633789062,99.06999969482422,93.48999786376953,94.9800033569336,6315800
2026-07-30,97.37999725341797,99.11000061035156,95.7300033569336,99.04000091552734,6438900
2026-07-31,96.56999969482422,97.30999755859375,94.11000061035156,95.38999938964844,4741800
2026-08-03,95.6500015258789,98.80999755859375,94.69999694824219,98.66999816894531,4670900
2026-08-04,100.73999786376953,103.1500015258789,100.4000015258789,101.91999816894531,5912200
2026-08-05,107.43000030517578,110.12999725341797,106.91999816894531,109.4800033569336,9312900
2026-08-06,107.69999694824219,110.27999877929688,107.2300033569336,109.4000015258789,4845600
2026-08-07,115.9000015258789,118.0999984741211,115.25,117.62000274658203,10767500
2026-08-10,116.4000015258789,119.0999984741211,114.80999755859375,118.77999877929688,4693500
2026-08-11,118.16000366210938,119.47000122070312,117.19000244140625,118.5999984741211,3552800
2026-08-12,121.70999908447266,121.86000061035156,118.51000213623047,119.48999786376953,3140400
2026-08-13,117.2699966430664,117.52999877929688,114.91000366210938,115.88999938964844,4441500
2026-08-14,117.83000183105469,119.88999938964844,117.5199966430664,118.08999633789062,4272900
2026-08-17,119.30000305175781,121.63999938964844,118.63999938964844,120.37999725341797,3398300
2026-08-18,117.9800033569336,119.0999984741211,115.36000061035156,115.41999816894531,5007900
2026-08-19,122.18000030517578,126.68000030517578,121.93000030517578,126.55000305175781,8916700
2026-08-20,125.43000030517578,130.22999572753906,125.38999938964844,129.13999938964844,4267500
2026-08-21,132.99000549316406,133.4199981689453,130.88999938964844,132.58999633789062,5999400
2026-08-24,134.39999389648438,135.32000732421875,131.05999755859375,133.5800018310547,5251500
2026-08-25,131.0399932861328,136.25,130.82000732421875,135.89999389648438,4261400
2026-08-26,133.35000610351562,134.8000030517578,132.6999969482422,132.86000061035156,4434700
2026-08-27,132.8300018310547,135.25999450683594,132.05999755859375,134.7899932861328,3349000
2026-08-28,135.75999450683594,136.1999969482422,127.2300033569336,128.8000030517578,7127500
2026-08-31,128.72999572753906,129.16000366210938,125.43000030517578,127.93000030517578,3512900
2026-09-01,123.45999908447266,127.45999908447266,122.0,122.27999877929688,5280800
