Date,Open,High,Low,Close,Volume
2013-10-03,34955.42369310268,35238.60687238858,34928.87527004463,34946.57421875,1
2013-10-04,32743.047416766913,32743.047416766913,30353.689902570408,31265.185546875,7
2013-10-07,30079.36019897461,32088.190668279472,29256.35916969993,31150.146484375,12
2013-10-08,30990.85963600225,31451.032309066817,27548.4140625,27548.4140625,9
2013-10-09,27344.87101496849,27344.87101496849,24849.31967962185,26327.181640625,29
2013-10-10,26123.646484375,27088.23912217882,25291.795952690973,25486.484375,10
2013-10-11,24601.53083944668,24601.53083944668,22822.787062925538,23070.572265625,11
2013-10-14,23946.67105779289,24167.907856183436,22831.63759390453,23265.26171875,12
2013-10-15,22884.734485212055,24778.521484375,22787.390293666296,24778.521484375,14
2013-10-16,24061.714663405375,24645.779822575936,23088.27273145444,23672.337890625,17
2013-10-17,26946.644389611163,28893.52838491969,26716.55809925652,27822.7421875,48
2013-10-18,27433.37240016207,28433.363071522814,26344.886979123377,26619.220703125,17
2013-10-21,27433.364363196943,29858.119794008544,27433.364363196943,29521.83984375,46
2013-10-22,32274.022355648405,35583.724675640864,32229.774998429253,35212.046875,74
2013-10-23,34459.84756528254,34716.48228007278,32300.576171875,32300.576171875,49
2013-10-24,34725.33397002082,36937.70234221889,33990.827670451064,36123.55078125,45
2013-10-25,35035.05809047355,37335.920708185884,34433.29402122571,36884.59765625,65
2013-10-28,36813.80545343137,38035.03265356924,35840.36348230698,36105.84765625,25
2013-10-29,35247.453730085785,35840.36846769958,31468.728462009803,31592.62109375,47
2013-10-30,33504.099054583676,34442.143032340115,28512.997135200374,31964.291015625,59
2013-10-31,28628.04479929129,29875.820476787445,27008.591260413294,27353.720703125,62
2013-11-01,26477.626650606708,26787.35824578426,24344.903380955566,24796.2265625,54
2013-11-04,25256.397220755913,26274.086667282518,24513.041451119087,26194.44140625,37
2013-11-05,26035.152255285742,26035.152255285742,24336.05326377831,25008.61328125,20
2013-11-06,26123.647140753073,26327.185041917477,25672.323968605917,25911.259765625,11
2013-11-07,24442.24678773113,24805.075215789413,22875.88991538196,23212.169921875,70
2013-11-08,22079.432166607818,23769.681282368176,20424.580938088515,23495.34765625,69
2013-11-11,22884.734531604576,23504.197569969743,21636.9589828976,23398.00390625,33
2013-11-12,22654.655737704918,23548.452702356557,21061.75025614754,21592.71875,71
2013-11-13,21946.69214896579,22725.44574134845,21849.34794991796,22247.57421875,41
2013-11-14,23654.63989551958,24690.028173774645,23105.97260276903,24238.705078125,59
2013-11-15,24778.52408137106,24778.52408137106,23221.016853399164,23300.662109375,42
2013-11-18,22344.91620640262,22920.131871121896,21433.420614616694,22105.98046875,36
2013-11-19,21982.091578608248,22309.52208923969,21318.381084085053,21459.97265625,31
2013-11-20,20344.937529039267,21238.73426258993,17982.128342326137,18451.150390625,86
2013-11-21,18238.764860400846,18336.10906877756,16822.849102194083,18061.775390625,66
2013-11-22,18256.46502787272,18875.928213500974,16946.74286397298,16990.990234375,60
2013-11-25,16265.3322027235,17203.37638851713,15362.685910733404,16530.81640625,93
2013-11-26,16274.181073929562,16300.729493299757,15442.330600330117,15539.6748046875,40
2013-11-27,15999.849372837369,16088.344114943771,15221.095642301038,15344.98828125,77
2013-11-29,16052.94549325193,17380.366564910026,15929.052859897172,17212.2265625,43
2013-12-02,15521.973811583875,15698.96325071254,13283.05740660627,13583.939453125,122
2013-12-03,13106.069280606143,13539.693449917218,12026.43359375,12026.43359375,222
2013-12-04,12645.896705816263,13716.682920934365,11937.938877639006,13229.9619140625,226
2013-12-05,12035.28255499627,12814.036132084266,11822.895215790455,11867.142578125,120
2013-12-06,12389.262862404943,12849.435483008554,11592.810249821769,11637.0576171875,99
2013-12-09,12353.8642578125,12522.004244129432,11814.046407005508,12353.8642578125,93
2013-12-10,13973.317792079843,14495.43669628042,13849.425170744113,13999.8662109375,195
2013-12-11,14132.61006759279,14132.61006759279,12743.242640784983,12964.4794921875,97
2013-12-12,11601.660074869791,12743.2421875,11477.76744249132,12743.2421875,106
2013-12-13,13088.371744136695,13424.65174838091,12681.295949525276,13194.5654296875,100
2013-12-16,13345.002897114127,14318.444753004414,12858.281969168984,13530.841796875,65
2013-12-17,13141.46576816596,13645.885666337987,12601.647982402914,12760.9384765625,54
2013-12-18,12999.87666890681,14265.351388888888,12300.768257168458,12345.015625,160
2013-12-19,11822.896168582374,12008.735105363985,11380.422509578544,11548.5625,126
2013-12-20,11725.551288800725,11991.035468924516,11513.163944701693,11884.841796875,84
2013-12-23,11769.798955502716,11991.035777974572,11327.325310559007,11398.12109375,68
2013-12-24,11557.411000022132,12645.896109518855,11442.367858368007,12495.455078125,67
2013-12-26,13132.61459065355,13362.700830112439,12398.108518534786,12592.796875,79
2013-12-27,12858.283173648704,13486.595703125,12663.594784233514,13486.595703125,73
2013-12-30,13283.058031568547,13539.692730379666,12690.143382591137,12805.1865234375,78
2013-12-31,12433.511192908654,13999.868118990384,12309.6185546875,13805.1796875,126
2014-01-02,15274.190266481166,16212.23439640411,15203.394483090755,16150.2880859375,206
2014-01-03,16610.459391499247,16902.49197536684,15911.3510846647,16132.587890625,141
2014-01-06,16371.52417764279,17194.525122789157,16017.545276504567,16229.9326171875,90
2014-01-07,15575.06915412486,15911.349056316192,14867.111465301003,15875.951171875,134
2014-01-08,14814.018579877775,15238.793306182513,14575.082796331359,14752.072265625,107
2014-01-09,14752.072324566192,14778.620745066311,13831.727080562063,13929.0712890625,198
2014-01-10,14601.627331992056,15973.295354088279,14601.627331992056,15875.951171875,175
2014-01-13,15982.148977686971,18893.62572943615,15973.299504277398,18813.98046875,240
2014-01-14,18274.163504464286,19406.896157525513,17097.183482142857,17344.96875,280
2014-01-15,16654.706291502705,18079.471282433595,16575.06104356247,17990.9765625,133
2014-01-16,18451.15210793235,18946.72262018377,18176.818431507458,18690.087890625,166
2014-01-17,19840.514994039164,22123.678628500405,19805.117108233564,21805.09765625,361
2014-01-21,20318.38954370471,24760.824888190673,20318.38954370471,24424.544921875,402
2014-01-22,24176.758871433067,24194.45781643412,20875.90562873741,21088.29296875,392
2014-01-23,23017.478398882962,24610.383478390435,22389.165839743902,22504.208984375,405
2014-01-24,23610.39745848177,24008.62380242168,19132.56345773523,21114.845703125,508
2014-01-27,20964.40115851202,20964.40115851202,17619.30042490394,17849.38671875,561
2014-01-28,18167.96816560755,19194.507039066135,17628.150309737088,19017.517578125,327
2014-01-29,20088.303876103244,21734.305867713465,19035.21658039563,21557.31640625,523
2014-01-30,19548.483857078674,20132.54901532548,18867.074505790737,19389.193359375,359
2014-01-31,20513.078036385996,20513.078036385996,18203.365625904225,19114.861328125,262
2014-02-03,19619.281978926098,21336.079770496537,19035.216750866053,19159.109375,432
2014-02-04,18937.869025735294,21318.376861213233,18937.869025735294,21061.7421875,323
2014-02-05,22123.68187692477,22344.918695694018,20097.15261699846,20114.8515625,338
2014-02-06,20920.15800015971,21548.47069813405,20167.952657514375,20778.56640625,234
2014-02-07,21424.577112135397,24176.763597833087,21061.74866868329,24044.021484375,463
2014-02-10,26397.9753794425,27760.794088270577,25751.963913569452,27203.27734375,550
2014-02-11,28459.904767040553,31300.585560019415,27964.334286022433,30769.6171875,701
2014-02-12,30875.811993657935,30928.90883285597,26415.67750102291,27035.140625,605
2014-02-13,27344.869537099625,32150.13301886179,26920.09486467866,31911.197265625,656
2014-02-14,34689.933522300176,36619.11860083626,33689.94309168285,35318.24609375,915
2014-02-18,35397.89870689655,35911.16823814655,32840.400525323275,33875.7890625,584
2014-02-19,32751.897362012987,34442.14659090909,26884.69715909091,27256.375,720
2014-02-20,27982.029493330316,32955.43258480774,27725.394814232724,31760.75390625,616
2014-02-21,32335.96614114049,33008.525918569794,29805.017505024953,31920.041015625,622
2014-02-24,33592.60546875,34663.391891752835,33167.83068937698,33592.60546875,524
2014-02-25,32902.33726116071,33061.627758928575,30574.926099330358,30973.15234375,481
2014-02-26,29468.745265902602,30079.35890654743,26743.107565632934,27893.5390625,814
2014-02-27,28318.31251988546,30433.336486214404,26946.64425720351,27813.892578125,642
2014-02-28,28167.876141628305,28884.68354579792,27079.39082418555,28114.779296875,455
2014-03-03,32468.711363615137,32760.74392698371,29300.600524646965,29610.33203125,733
2014-03-04,27397.97065262327,29875.823295625374,27327.17486282321,29433.349609375,445
2014-03-05,29805.02386881047,31769.606796030163,29026.2702760387,31097.046875,493
2014-03-06,32433.319576859696,33114.7290195386,31751.91013418079,32893.4921875,592
2014-03-07,29946.614645211535,30884.658720977615,29557.237859044482,30539.529296875,589
2014-03-10,30097.05486555573,30105.90433773025,27787.342628004993,28344.859375,658
2014-03-11,29734.229698691994,30220.950720545585,27893.539288772965,28415.658203125,517
2014-03-12,31035.09722742233,31946.592811803428,30097.053227962177,31760.75390625,807
2014-03-13,31858.10475772031,35999.65837622395,31495.27634242405,35247.453125,884
2014-03-14,37858.04151211475,38176.622506606596,34026.22010614334,34743.02734375,984
2014-03-17,34504.09617417615,35220.90350685331,30256.349017570723,30344.84375,839
2014-03-18,28318.31386292835,30628.02633737344,27300.62445847936,28406.80859375,1004
2014-03-19,27433.36794476045,27902.39004188055,23920.126953125,23920.126953125,1505
2014-03-20,22831.644100361664,26097.10017518083,22601.557764466546,24468.796875,1281
2014-03-21,26114.79364128833,26955.4935382461,23893.576018799893,24389.146484375,771
2014-03-24,22707.75178352091,22707.75178352091,19026.370356418534,19362.650390625,1703
2014-03-25,20194.50008900742,21123.694878378923,19920.16638928821,20583.876953125,858
2014-03-26,21044.050943597947,21265.28781222282,17353.81997493506,17460.013671875,1545
2014-03-27,17389.21829737974,19247.608039084447,16999.841399117802,18902.478515625,1366
2014-03-28,18725.48541021894,20353.78848936841,18141.420175306626,19300.701171875,1217
2014-03-31,19106.01392534897,19698.928669674297,17477.710746903293,17592.75390625,1151
2014-04-01,18035.224252804488,18884.773579727564,17079.481260016026,17256.470703125,977
2014-04-02,18884.77346182718,20159.097444256004,18690.085075622774,19893.61328125,1438
2014-04-03,18849.37665804856,18964.419801970922,17990.97781493555,18451.150390625,1005
2014-04-04,20291.842126993164,20575.025270501137,18990.969561503418,19424.59375,1287
2014-04-07,18743.181508889294,20247.591733870966,18008.675340221773,18106.01953125,1149
2014-04-08,19610.42981725306,20353.785460145325,18690.084735576926,20247.591796875,992
2014-04-09,19557.337325465425,21610.415270944148,19114.86363031915,20796.263671875,943
2014-04-10,21690.058745976243,21902.446102117992,19274.152569863832,19415.744140625,1227
2014-04-11,19433.444130421387,20114.85360129682,17530.807296158822,17955.58203125,1182
2014-04-14,18831.678503562944,19468.840558194774,18141.41961104513,18628.140625,947
2014-04-15,16061.79640646058,16698.958577956535,15575.075303234502,16415.775390625,1990
2014-04-16,16557.361809768387,16946.738570660855,15760.909344306518,16274.1787109375,675
2014-04-17,16106.04296875,16486.570357572116,14867.116586538461,14955.611328125,1053
2014-04-21,14875.966833524286,15468.881632956842,13911.374100119081,15327.2900390625,1553
2014-04-22,15353.834877381349,16548.513671875,14628.178128133355,16548.513671875,1235
2014-04-23,16628.160309586605,18406.904440628066,16106.041385549559,18035.2265625,1681
2014-04-24,16813.997987373063,18743.1830196085,16442.32013712587,16557.36328125,1403
2014-04-25,17521.957397460938,18734.335257790306,16990.988991477272,18690.087890625,1610
2014-04-28,18575.043511794145,18592.742457493805,16592.761593432122,16964.439453125,1969
2014-04-29,16858.250015348724,18362.66077787328,16814.002639980354,18017.53125,1161
2014-04-30,17309.570774421594,18052.92657455013,16902.49497911311,17212.2265625,1293
2014-05-01,16256.480379971592,16964.43815373192,15663.565744447315,16061.7919921875,1722
2014-05-02,16212.235638195161,17583.904046448573,16194.53669099189,17185.677734375,1842
2014-05-05,18389.199247930155,18495.392891325322,17557.349041334663,17769.736328125,1298
2014-05-06,17902.48312345415,17999.82732234589,17362.665293236303,17442.310546875,722
2014-05-07,17088.33245136663,17229.924020098824,15256.491530893874,15530.8251953125,2243
2014-05-08,15752.060928520115,16283.029274425287,15283.038889637213,15398.08203125,1152
2014-05-09,15814.008329872773,15849.40622204932,14451.189481075678,15150.2978515625,1391
2014-05-12,15911.35137728031,15990.996628890724,15327.286198803948,15583.9208984375,766
2014-05-13,15778.609968419001,16221.083607466084,15132.598455410258,15247.6416015625,1244
2014-05-14,16106.038097249037,16336.124355781165,15663.564523148787,16044.091796875,1540
2014-05-15,15707.813356633773,15875.953330592105,14663.575623629386,15132.59765625,1501
2014-05-16,14955.610999926555,15283.04153661134,14610.481515312866,15061.8046875,1160
2014-05-19,15645.865924594396,15645.865924594396,14601.628266731195,14999.8544921875,1063
2014-05-20,14637.027308621853,15176.845123510568,14468.887333492581,14760.919921875,926
2014-05-21,14521.985265428775,15176.84627069491,14256.501074104664,15150.2978515625,1250
2014-05-22,15619.32115342882,15681.267469618057,14999.857991536459,15291.890625,988
2014-05-23,15141.446484490982,15291.887507422802,14716.671831507014,14902.5107421875,676
2014-05-27,13982.167764590593,14070.662497277874,12522.004675250435,12698.994140625,3251
2014-05-28,12610.49879194575,12778.63877583836,11787.497818155607,12468.9072265625,2883
2014-05-29,12389.26336962179,13345.006543849757,12389.26336962179,12752.091796875,2019
2014-05-30,12893.683059682377,13743.232526895492,12097.230434170082,13495.447265625,1805
2014-06-02,13185.713835467779,13893.671625291552,12592.799186490369,12805.1865234375,1255
2014-06-03,12929.080707611909,13229.962804845862,12203.4238848712,13097.220703125,1417
2014-06-04,13212.263934924391,13345.006037418609,12831.736574440969,12911.3818359375,1068
2014-06-05,13345.006038059879,14141.458653063451,13283.059723559601,13929.0712890625,1998
2014-06-06,14159.157748937461,14601.631428591758,13495.447229456018,14575.0830078125,1227
2014-06-09,14769.768626405677,14973.306480454406,14433.488693629515,14460.037109375,1242
2014-06-10,15026.4064623419,16442.322265625,14831.718039390475,16442.322265625,1734
2014-06-11,16654.710086633666,17875.9375,16150.290068069307,17875.9375,2359
2014-06-12,18176.820519824134,21088.297613797913,18132.573147575295,21008.65234375,3339
2014-06-13,20513.07916499733,20999.80019781651,18805.130813468215,20707.767578125,2801
2014-06-16,21097.14516583935,21150.242007699682,19406.895699952052,19610.43359375,1761
2014-06-17,18619.292436406537,20176.79978850138,18318.410334297307,19221.056640625,2231
2014-06-18,19433.440803335703,22044.035082472332,19114.859806559707,21787.400390625,2726
2014-06-19,23725.43619140625,27105.93474609375,23566.14568359375,26548.41796875,4485
2014-06-20,25397.98260278828,26070.542420841208,22167.92558187618,23406.8515625,4916
2014-06-23,23672.338840447017,25212.147049134037,23008.62840566813,24238.705078125,2668
2014-06-24,25070.55534637578,25796.212084251816,21300.680098385634,21327.228515625,4012
2014-06-25,21327.230153309974,23221.01739513916,21291.832260939336,22575.005859375,3368
2014-06-26,22123.682114684463,23114.82307342233,21575.01479824029,22787.392578125,1837
2014-06-27,23132.52358058608,23486.502518315017,21318.381524725275,21743.15625,2525
2014-06-30,21238.73869801085,24601.538991862566,20645.823909358045,24468.796875,3411
2014-07-01,24601.534511529124,25220.99761074029,22787.392578125,22787.392578125,2371
2014-07-02,23123.673283136497,24867.019489327806,23052.8774981135,23088.275390625,2434
2014-07-03,22247.57339638158,25309.490816885966,21681.207168311405,25220.99609375,1940
2014-07-07,23698.88898982558,24999.76153706395,23282.96375363372,23973.22265625,1945
2014-07-08,24751.975523559482,25973.20277499002,23849.329294241263,24937.814453125,3183
2014-07-09,25690.02200703387,29424.499887491427,25663.47358608275,29035.123046875,3612
2014-07-10,31858.101515842736,31858.101515842736,26282.933750570257,26672.310546875,3544
2014-07-11,26893.545740814847,29849.26942539272,26548.416328543775,29716.52734375,2757
2014-07-14,25672.322588103583,27309.475183346312,24999.762603030893,25566.12890625,4321
2014-07-15,25990.902791179033,26822.753272067977,22123.68300236554,22212.177734375,5456
2014-07-16,22884.732656994933,24159.056517245233,21911.290819303733,22274.119140625,2851
2014-07-17,23123.67103903457,27327.17036683458,22654.64900877478,27229.826171875,5152
2014-07-18,24769.676112379395,25681.171875,23468.803519124744,25681.171875,3540
2014-07-21,26220.987597854335,26725.40754151876,24619.233039902385,26176.740234375,2817
2014-07-22,25822.762584744796,26256.38676797046,23920.125862428096,24229.857421875,3152
2014-07-23,24203.306204939363,25336.038634274733,22344.91706306102,23167.91796875,3508
2014-07-24,22088.28321788413,22114.83163521332,20070.60350086587,21079.443359375,3999
2014-07-25,21274.132581689417,23982.071254733077,20973.25050690679,23663.490234375,3449
2014-07-28,23035.179771056148,25928.957637032083,23017.480823863636,24822.7734375,3209
2014-07-29,25610.376977585387,25610.376977585387,23097.12643797438,23318.36328125,2964
2014-07-30,23141.370500967096,23893.575660654362,21893.594883132922,23734.28515625,2927
2014-07-31,22088.28363022113,22946.68247322251,21459.97107503455,21610.412109375,3117
2014-08-01,22831.643298829662,23513.052808135817,21902.448513412175,22495.36328125,2765
2014-08-04,22238.72159578745,22477.657323239204,20097.149520108753,20291.837890625,3158
2014-08-05,20221.042948147417,21150.237481869728,18716.632750692246,20973.248046875,4023
2014-08-06,22858.19042623675,23256.416740282686,21592.715694935217,22539.609375,3254
2014-08-07,22477.661745542675,23477.65220902548,21504.21970144437,22707.748046875,2291
2014-08-08,22822.79357257268,23229.869378830277,21513.071413309106,21840.501953125,2202
2014-08-11,21769.70333123059,23185.618995050467,21504.219144264363,22796.2421875,1870
2014-08-12,23362.612327188937,24194.462917626726,22787.396493375574,23044.03125,2652
2014-08-13,23336.059894569175,23937.82404808859,22513.058919902913,22787.392578125,1880
2014-08-14,23300.65591771915,23583.838974827777,21990.934278591754,22159.07421875,1706
2014-08-15,20929.00560060134,22946.685633132885,20796.26349319795,22442.265625,2810
2014-08-18,21805.10429779701,22858.19172127016,21681.211659741344,22495.36328125,1230
2014-08-19,22867.035558153722,22884.734502084182,21690.05578677816,21760.8515625,1525
2014-08-20,22044.037940526494,22521.909497647503,21291.832711724906,21336.080078125,1749
2014-08-21,20150.247199636568,20884.753355793717,19822.816744482174,20849.35546875,2848
2014-08-22,20787.413680016554,21238.736837820234,20282.993680118325,20380.337890625,1500
2014-08-25,20229.89453303694,20238.744005711058,19336.09779295088,19344.947265625,1974
2014-08-26,20265.293288520574,20796.261671625914,19575.034390483626,20539.626953125,2085
2014-08-27,20787.41126953125,20982.099667968752,20229.8944921875,20353.787109375,997
2014-08-28,21238.739894278606,21760.858916679623,20875.91142108468,21344.93359375,1765
2014-08-29,21238.73695303091,22123.684326073868,21114.8443208049,22044.0390625,1413
2014-09-02,20265.29461198274,20752.015661615515,19353.798828125,19353.798828125,3031
2014-09-03,19380.346431181224,19813.970620737335,19176.80854628754,19300.701171875,1283
2014-09-04,19752.020928590642,19840.51564601264,15663.56498369419,16451.16796875,4201
2014-09-05,16583.911148094398,17875.934108404846,15716.662859666836,17530.8046875,2871
2014-09-08,16902.488707049764,16902.488707049764,14690.121075236968,14937.90625,4278
2014-09-09,14893.66226539071,16583.911518325724,14256.50024334191,16229.9326171875,4460
2014-09-10,15433.482122008172,16088.343175350263,14690.126331727963,15159.1484375,3844
2014-09-11,14681.274193652182,16583.910692528145,14212.252172999039,16114.888671875,5089
2014-09-12,15256.490600513749,15875.953675940642,14893.662227763713,14964.4580078125,3552
2014-09-15,15353.834333644747,16318.426807631651,15088.35016649239,16132.587890625,3903
2014-09-16,16283.034250393495,17566.20814512559,15389.23726164907,16867.099609375,4380
2014-09-17,16937.889238911288,17557.352272727272,14583.929710410557,15088.349609375,5155
2014-09-18,14822.869156671803,15451.181819432219,14610.481777710535,15079.50390625,3580
2014-09-19,15017.55614847362,15017.55614847362,13291.908859756852,13398.1025390625,5538
2014-09-22,13176.864785156251,13176.864785156251,11150.335546875,11504.314453125,9776
2014-09-23,12345.013382393974,13044.121667131696,11681.302985491071,12389.2607421875,6716
2014-09-24,12070.68086170015,12734.391319638207,11530.863022577196,11893.69140625,5055
2014-09-25,11309.627880241298,12743.242681962025,11097.240502208597,12583.9521484375,7428
2014-09-26,12221.12139064277,12451.207673160301,11522.013070685653,11672.4541015625,4981
2014-09-29,11875.992304687501,11964.48703125,11468.9165625,11504.314453125,3685
2014-09-30,11150.33396454632,11672.452777171902,10362.731009907731,10460.0751953125,6726
2014-10-01,10743.261369569758,11309.62770206767,10592.8203125,10592.8203125,5037
2014-10-02,10893.702062367585,10964.497851562499,10256.539959613347,10442.37890625,3724
2014-10-03,9734.419464760638,9911.408909574468,8274.256545046543,8318.50390625,10486
2014-10-06,8619.386705936622,9734.420304445877,8353.90251581537,9442.3876953125,6980
2014-10-07,9513.182993190174,9760.968224640708,8150.364220212232,8274.2568359375,8029
2014-10-08,8796.375608404178,10929.098467182252,7460.1052695017315,10539.7216796875,17370
2014-10-09,10451.226879072867,10504.323713344194,8203.460894920025,9336.193359375,13749
2014-10-10,9017.612497262888,9973.355529357483,8406.998893424676,8840.623046875,8838
2014-10-13,9291.945422535211,10221.139964788732,9203.450704225352,9424.6875,7877
2014-10-14,9380.441839044744,9937.958665327591,9088.409215753729,9345.0439453125,7576
2014-10-15,9522.033800422138,10185.74433483818,8920.269582551595,9433.5390625,8665
2014-10-16,9114.955432412791,9955.655205305233,9053.009133357558,9513.181640625,6080
2014-10-17,9539.731988500878,9548.581461588541,8681.333098997553,8814.0751953125,5856
2014-10-20,9114.957167646702,9247.699262321168,8867.171924254364,9123.806640625,4457
2014-10-21,9486.635765913508,9601.678923522535,8955.667346179544,9106.1083984375,5351
2014-10-22,8831.775262218858,8893.721581693339,7663.64466641436,7672.494140625,8074
2014-10-23,7415.858247455798,8070.71923828125,6734.448838083368,8070.71923828125,11967
2014-10-24,8008.774025395232,8053.021395701283,7415.859263294148,7504.35400390625,5493
2014-10-27,7256.567598978679,7291.965489705403,6769.846601486206,6796.39501953125,6381
2014-10-28,7079.578676246959,7442.407083404615,6663.6534290174495,7274.26708984375,9074
2014-10-29,6920.288561698718,7415.859098086349,5716.7601161858975,5867.201171875,14489
2014-10-30,5584.016997119634,5592.866469381313,4309.692991437816,4380.48876953125,18681
2014-10-31,3522.0902750237947,3991.1123468234455,3221.2081912277918,3486.6923828125,29422
2014-11-03,3575.187560096154,4230.048647836538,3415.8970252403847,4026.5107421875,18947
2014-11-04,3991.1128455528847,4159.252854567308,3362.8001802884614,3451.294921875,18257
2014-11-05,2946.8745518838205,3300.85347703503,2513.2503685735887,2743.336669921875,30533
2014-11-06,2902.6266544117643,3318.5518152573527,2805.282467830882,3008.8203125,24180
2014-11-07,3203.5084987939226,3929.1651200676843,3176.9600858204926,3840.67041015625,32745
2014-11-10,3584.0361432756695,3654.8319189453127,2840.6804987444198,3097.315185546875,27009
2014-11-11,3283.154534384645,3893.768180941358,3230.0576955536267,3584.03662109375,28085
2014-11-12,3761.02586829144,4044.2089924922075,3230.0575104150016,3460.143798828125,28404
2014-11-13,3778.725478999871,3805.2739015689567,3141.563337341813,3212.359130859375,29613
2014-11-14,2982.272779581133,3893.7686142899065,2876.079090100499,3769.8759765625,43977
2014-11-17,3707.928761347103,4389.338104124494,3539.7887936487855,4371.63916015625,29706
2014-11-18,4707.919908700464,5389.3293691702675,4681.371488162679,5247.73779296875,33444
2014-11-19,5176.942241053427,5265.436980216734,4070.7580015120966,4115.00537109375,46791
2014-11-20,4566.328665865384,4867.210787259615,4300.844441105769,4601.7265625,30549
2014-11-21,5168.092136863425,5247.73739239728,4584.026929615162,4778.71533203125,37216
2014-11-24,4752.167037001076,5035.350175146391,4628.2744140625,4628.2744140625,21575
2014-11-25,4716.769529533722,5035.3505859375,4654.823213010764,5035.3505859375,21502
2014-11-26,4973.403322155071,5088.446459500295,4690.22021484375,4690.22021484375,14145
2014-11-28,3920.3158777573526,3938.0148207720586,2955.723483455882,3008.8203125,30651
2014-12-01,3353.949505643361,3955.7135330411147,3230.056911767353,3840.67041015625,43497
2014-12-02,3380.4982882254462,3628.2835030691963,2929.1752183314734,3097.315185546875,40563
2014-12-03,3309.7030695734798,3584.03674646326,3230.057808540963,3274.30517578125,28275
2014-12-04,3362.800021701389,3433.5958116319443,2982.272650824653,3026.52001953125,33748
2014-12-05,2734.487743340164,2920.3267161885246,2637.143519467213,2699.08984375,31090
2014-12-08,2849.530462301002,2955.7241441258843,2283.1641592349647,2814.132568359375,48622
2014-12-09,3141.5627144011155,3362.799525274433,3070.7669349216535,3123.86376953125,36310
2014-12-10,3115.0143430727553,3327.4016846458976,2814.132275844137,2858.379638671875,31948
2014-12-11,2658.531707550262,2951.88693045236,2603.527603256119,2621.8623046875,30745
2014-12-12,2566.8585526315787,2649.3647203947367,2383.5115131578946,2438.515625,28714
2014-12-15,2264.3355839795404,2401.84584211595,1824.3027579430307,1851.8048095703125,33083
2014-12-16,2053.486811155914,2099.3235703335013,1668.45803406418,1705.12744140625,35214
2014-12-17,1741.7964012111158,2090.155681453339,1686.7923043307649,2007.6495361328125,32638
2014-12-18,2163.4948621152053,2548.5236087628264,2062.653999897971,2456.85009765625,32093
2014-12-19,2429.3479378767843,2493.519392839567,2209.331520861528,2328.507080078125,20549
2014-12-22,2227.6661818098314,2301.00498614925,1760.1313041460396,1851.8048095703125,25058
2014-12-23,1870.1393439736878,2083.738592574604,1663.8739751530604,1728.962158203125,33761
2014-12-24,1700.5433228533407,1992.0650353424846,1684.042093844521,1913.225830078125,18988
2014-12-26,2146.9933574920574,2168.078262369221,2018.6504582397567,2091.9892578125,28069
2014-12-29,2074.571535247093,2080.988680959302,1917.8098328488372,1970.98046875,34729
2014-12-30,2099.3232457343374,2301.921689973328,2080.0718098564244,2271.66943359375,35224
2014-12-31,2192.8301375051356,2336.757533654093,2068.15417650986,2231.3330078125,22954
2015-01-02,2071.8212155693604,2521.021390626434,2040.6522238307064,2497.186279296875,38099
2015-01-05,2653.9477400608457,2926.218026346881,2497.1860600779773,2909.716796875,30847
2015-01-06,2981.222364786091,3496.4274598075494,2938.1358176935487,3391.0029296875,51132
2015-01-07,3115.065342770574,3526.6793330307232,2967.471016641656,3126.066162109375,41614
2015-01-08,3161.818788962596,3346.082510789642,2743.7876588475065,2867.546875,36272
2015-01-09,3129.7331135610516,3316.747043018127,3048.143703160661,3263.576416015625,34242
2015-01-12,3390.0863451704545,3893.3739069602275,3336.915710227273,3781.5322265625,39732
2015-01-13,4058.3856402197744,4061.135845081003,3189.3209040715146,3384.58544921875,59952
2015-01-14,3606.4354989735402,3644.938369069343,2878.5479071624086,3139.8173828125,52833
2015-01-15,3544.097390292018,3725.610914161087,3478.0924725214477,3559.681884765625,34527
2015-01-16,3688.024676137769,3937.376580664111,3601.8515914852833,3706.359375,33254
2015-01-20,4009.798988276962,4216.98110335483,3920.8756910975235,4175.72802734375,26942
2015-01-21,4389.327450616579,4446.1650241208035,3703.6096283398037,4014.3828125,31552
2015-01-22,4167.477797265436,4194.063115373817,3738.445767102606,3787.949462890625,27675
2015-01-23,3637.6050749076967,3711.86062205173,3180.1542350944555,3227.824462890625,36850
2015-01-26,3037.143629922144,3460.67528009541,2930.80234979206,3459.758544921875,30487
2015-01-27,3526.6792484921516,3859.4540255138963,3456.090659426933,3820.034423828125,29171
2015-01-28,3608.268565431384,3726.5273674996383,3060.9778302783006,3166.40234375,32133
2015-01-29,2906.0503480247885,3024.3091792220116,2571.442027195436,2788.708251953125,43844
2015-01-30,2887.7150764353464,3166.40249968498,2750.20483470033,3126.066162109375,35704
2015-02-02,2887.7155338075804,3300.246324351521,2853.7963354739677,3074.7294921875,34882
2015-02-03,3004.14041132762,3119.649014265453,2763.9558560124424,2835.461181640625,41173
2015-02-04,2977.555345567296,3144.4011192413254,2882.2149034678505,3058.22802734375,23720
2015-02-05,2992.2233750354408,3313.997396064068,2951.8870305190317,3233.32470703125,28818
2015-02-06,2828.1278196981216,3049.97771673765,2750.2053352007665,2751.1220703125,42046
2015-02-09,2869.380035543576,2979.388215820007,2854.712278173385,2930.80126953125,19549
2015-02-10,2847.3793904771046,2864.7973584162755,2734.62096644984,2760.28955078125,23198
2015-02-11,2806.126425520788,2831.795010922481,2583.35977364181,2646.614501953125,25922
2015-02-12,2744.704844813193,2814.376711281397,2678.699918685421,2728.20361328125,21695
2015-02-13,2842.7950217435273,2933.551779935275,2827.2105279126213,2832.7109375,19440
2015-02-17,2640.196948190206,2701.618196637686,2553.107118301987,2583.359375,23638
2015-02-18,2588.8600535625824,2810.7099590024354,2461.4338682066336,2775.8740234375,31699
2015-02-19,2764.8731776799877,2833.628313066592,2573.275533735983,2600.777587890625,21629
2015-02-20,2643.863160125969,2723.619087633236,2468.766813529554,2483.4345703125,25742
2015-02-23,2383.5112006932754,2602.6108841416185,2383.5112006932754,2450.432861328125,24307
2015-02-24,2389.9278373335233,2516.437251047381,2329.423335122548,2465.10009765625,21830
2015-02-25,2557.6908037458147,2647.5308391462054,2520.1046664864675,2566.858154296875,26725
2015-02-26,2733.7041976122246,2741.0380787594067,2572.3588123742124,2619.1123046875,18345
2015-02-27,2699.7850655022858,2768.540202993855,2634.6968686769333,2675.949951171875,17529
2015-03-02,2722.703044638864,2754.788770754137,2505.436842086874,2562.2744140625,17985
2015-03-03,2574.191953125,2658.5315755208335,2418.3469986979167,2475.1845703125,23020
2015-03-04,2456.85021875,2494.43636015625,2280.83706875,2291.837890625,25088
2015-03-05,2341.3409616007375,2429.3475130156435,2251.5009403646873,2300.087890625,18002
2015-03-06,2036.0687640951019,2080.9887863556423,1773.8825117172544,1795.8841552734375,58259
2015-03-09,1833.4700520833333,1837.1369921875,1508.0291178385417,1512.61279296875,64747
2015-03-10,1507.1123608348307,1552.03237645582,1206.423276678003,1339.349853515625,93578
2015-03-11,1322.8488341882405,1539.1983316715564,1214.6740854465825,1528.197509765625,102998
2015-03-12,1585.9515469651822,1613.4535969125554,1427.356392268664,1449.3580322265625,70214
2015-03-13,1511.6959106153977,1536.44775390625,1361.3513809968863,1536.44775390625,62020
2015-03-16,1517.1966651978532,1555.6995412935087,1420.9394749587145,1465.8594970703125,41700
2015-03-17,1371.4359130859375,1525.4474327372996,1349.4342674214572,1371.4359130859375,50045
2015-03-18,1376.019208386753,1677.6250175534697,1332.0159292378096,1670.2911376953125,68036
2015-03-19,1589.6185582895748,1730.795754354508,1551.115686635502,1677.6251220703125,40062
2015-03-20,1737.2127763146584,1924.226711073598,1721.6282817514136,1874.7230224609375,43660
2015-03-23,1936.1447124043225,2036.9855828420475,1902.2255105298148,2036.06884765625,38389
2015-03-24,2057.154001726423,2062.654413495745,1960.8967957632883,2053.487060546875,27899
2015-03-25,2094.739550087927,2136.909361599544,1959.0627652244639,1969.1468505859375,29660
2015-03-26,2066.3209321289064,2107.574011962891,1789.4669296875,1833.47021484375,44221
2015-03-27,1805.9678596953866,1841.72052290763,1687.7090506087343,1743.6298828125,38491
2015-03-30,1629.0381920173154,1662.957389037372,1544.6985669944718,1567.616943359375,36634
2015-03-31,1603.3695487976074,1639.122214551242,1488.7776713821124,1554.7825927734375,32228
2015-04-01,1608.8699649528576,1831.6365754847918,1596.0356746341454,1821.552490234375,55833
2015-04-02,1791.300252577838,1839.8872092751897,1666.6242882223692,1745.4635009765625,37759
2015-04-06,1970.9802626688947,2023.2341580047678,1921.4765723506994,1999.3990478515625,38624
2015-04-07,1948.061990265799,1976.4807769473236,1833.4701084854578,1851.8048095703125,30457
2015-04-08,1865.555673471955,1903.1418074337978,1728.96216224477,1772.0487060546875,35686
2015-04-09,1738.1297252010725,1738.1297252010725,1667.541123491957,1709.7109375,27788
2015-04-10,1816.9689988103084,1882.9739271222873,1815.13552857942,1869.222900390625,41299
2015-04-13,1849.054393641154,1879.3066469828289,1731.7123200734457,1760.131103515625,30398
2015-04-14,1764.7148828783472,1849.9712382589635,1737.2128327555677,1767.465087890625,30329
2015-04-15,1815.1350031672296,2016.8166701858108,1792.2166319151181,2001.232177734375,35345
2015-04-16,2021.4004777607165,2076.404572393661,1862.805338235726,1950.8118896484375,31599
2015-04-17,1948.9783953661665,2010.399633602071,1895.807771221652,1915.0592041015625,21331
2015-04-20,1849.0548565027573,1952.6459317555145,1815.1356548713234,1948.062255859375,22911
2015-04-21,1932.4775730143526,2048.9029296428266,1907.7257255421573,2003.98291015625,24792
2015-04-22,1970.9803748118775,2008.566512192011,1815.1354149430313,1817.8856201171875,33293
2015-04-23,1839.8866851289395,1982.8973093841037,1817.8850506281449,1947.1446533203125,35220
2015-04-24,1898.5579855683009,1967.3131033460036,1796.8004112573005,1805.051025390625,35024
2015-04-27,1852.7213249259944,2025.984229632087,1838.9703007429712,1964.56298828125,38862
2015-04-28,1999.3991364485064,2189.163291077044,1992.065256076389,2186.4130859375,37736
2015-04-29,2191.9130734866394,2312.922076288913,2094.7391772969345,2157.0771484375,39836
2015-04-30,2004.899667514535,2004.899667514535,1897.6416606104651,1970.98046875,35622
2015-05-01,1892.1411950768563,1977.3975570643308,1856.388527146625,1975.5640869140625,20278
2015-05-04,2090.1562247004535,2145.160335876781,2042.4859950143027,2123.15869140625,27401
2015-05-05,2176.3295900617327,2214.8324724469867,1993.89926637922,2053.487060546875,30898
2015-05-06,2089.2390756794753,2097.4896907216494,1914.1426897844424,1956.3125,39581
2015-05-07,1896.7249255087208,1970.98046875,1820.6359120639536,1970.98046875,31845
2015-05-08,2013.1500459298538,2060.820265596681,1919.6430765833852,2023.234130859375,35426
2015-05-11,2053.48589293672,2107.5732445810354,1957.2287417053114,2057.15283203125,26223
2015-05-12,2091.9895340224443,2179.0793700137383,2079.155242402675,2163.494873046875,25308
2015-05-13,2282.6703162413264,2391.761789186193,2244.1674434372558,2345.00830078125,33895
2015-05-14,2416.5138868802924,2530.1890469611562,2312.922813580796,2327.590576171875,36093
2015-05-15,2312.9219752619274,2450.432199712696,2254.2509461629325,2370.67626953125,27625
2015-05-18,2442.1825392743026,2461.4339782100237,2337.674727908961,2367.01025390625,21142
2015-05-19,2262.5018870793015,2298.2545506109436,2140.5761370867785,2155.243896484375,38797
2015-05-20,2190.0801611646743,2290.0042873961306,2176.329134619061,2247.83447265625,24208
2015-05-21,2210.2483524101135,2262.502253732128,2171.7454777517873,2179.99609375,16136
2015-05-22,2188.2463771165662,2249.667620211166,2154.327183168802,2190.99658203125,16347
2015-05-26,2045.2358381110669,2080.071769015693,1988.3982666350983,2002.1492919921875,22897
2015-05-27,2003.066330911435,2060.8206461734126,1961.8132485814513,2049.81982421875,16627
2015-05-28,1999.399002241124,2116.741080318549,1949.8953130522102,2107.57373046875,20001
2015-05-29,2096.5729458608807,2159.8276608868537,2060.8202808462,2092.906005859375,15297
2015-06-01,2168.0783639369174,2206.5812355163466,2048.902809048207,2064.4873046875,20133
2015-06-02,2112.1571458684652,2200.163693612985,2090.1555089323356,2174.4951171875,16911
2015-06-03,2134.1592791285902,2195.5805298595246,2064.4874126278287,2106.6572265625,21946
2015-06-04,2025.0676242994225,2047.9859994046672,1970.980259051045,1981.9810791015625,20790
2015-06-05,1899.4747108178253,1961.8126839527733,1865.5555195532213,1915.0592041015625,22217
2015-06-08,1952.6452274740177,2025.984015360366,1910.4754244393675,2009.4827880859375,14149
2015-06-09,2062.6536456427475,2071.820995178937,1935.2274870897065,1957.2291259765625,15546
2015-06-10,2044.3189609287022,2069.987539810318,2002.1491527660473,2035.151611328125,13983
2015-06-11,1989.3152069019652,1997.565822967457,1914.142927194149,1938.894775390625,16080
2015-06-12,1903.1418464183807,1946.228391110897,1849.0544818043709,1877.4732666015625,15471
2015-06-15,1877.4732926829267,1966.3965882836317,1838.0536874166348,1879.3067626953125,16970
2015-06-16,1844.4709549931226,1896.7248538174804,1817.8856380473967,1853.6383056640625,9575
2015-06-17,1844.4709420711436,2038.8187749335107,1832.5533862824136,2025.0677490234375,24484
2015-06-18,2125.9083687353072,2144.2430679050813,2077.3214159354056,2120.407958984375,24065
2015-06-19,2090.1560791344214,2103.907105970832,1981.0645995655634,2043.402587890625,13864
2015-06-22,1948.0622944078946,2010.4002878289473,1920.560238486842,1933.39453125,16099
2015-06-23,1893.057566524522,1973.730237640337,1889.3906269283486,1915.0592041015625,15097
2015-06-24,1885.7237429335114,1941.6445734240044,1874.7229238206276,1910.4755859375,15685
2015-06-25,1914.1428832116787,1937.9779957420924,1874.7232740267639,1883.890625,12176
2015-06-26,1875.639840450156,1893.9745407478115,1847.22105498879,1871.972900390625,11832
2015-06-29,1899.4749274068572,1904.9753374283057,1771.1320269063938,1793.1336669921875,25661
2015-06-30,1738.129875489589,1806.8850129693988,1695.9600578353056,1711.5445556640625,25499
2015-07-01,1705.1271810480252,1707.8773861787479,1503.4454714616998,1531.8642578125,27740
2015-07-02,1524.5305370764202,1639.1224295205286,1524.5305370764202,1629.955078125,19527
2015-07-06,1565.7832616965427,1665.707369146732,1536.447743913001,1612.5367431640625,24627
2015-07-07,1502.5289039637332,1508.9460499843228,1340.2667831573997,1370.51904296875,34392
2015-07-08,1402.604639970682,1404.4381100882908,1270.5947915028532,1275.178466796875,25377
2015-07-09,1380.6028158914096,1404.4379242666928,1304.5138160780052,1314.597900390625,23484
2015-07-10,1338.4331595333174,1350.3507150634086,1284.345792127519,1316.4315185546875,15274
2015-07-13,1277.0120544829413,1424.6064125387586,1233.925502752361,1413.6055908203125,24192
2015-07-14,1400.771124795649,1437.4405259683099,1353.1009032711897,1366.8519287109375,27918
2015-07-15,1324.6823141730204,1333.849665828197,1263.261058083337,1294.4300537109375,29464
2015-07-16,1269.678446378797,1308.1813306733163,1247.6767982105,1277.0123291015625,25785
2015-07-17,1244.0096628289473,1253.1770148026314,1081.7475328947369,1114.75,49065
2015-07-20,937.8199954392323,986.4069551247449,690.3015215696402,729.7211303710938,90342
2015-07-21,759.9733133250269,843.3961981411637,759.9733133250269,797.5594482421875,78486
2015-07-22,735.2215186585771,813.1439988156583,711.386407081117,775.557861328125,47941
2015-07-23,802.1432828840374,812.2273698688654,687.5513853291749,695.802001953125,77558
2015-07-24,670.1332256557705,827.8116316924223,633.4638289030607,814.0606079101562,112235
2015-07-27,818.6443508316136,899.3170304208431,712.3030913730837,728.8043212890625,102812
2015-07-28,757.2230919692096,790.2255511833639,746.2222722311581,779.2247314453125,46701
2015-07-29,766.3905624761813,843.3963127728312,735.2215683084899,826.8950805664062,71969
2015-07-30,782.891713096534,811.3104989349328,726.0541414197364,743.4721069335938,48868
2015-07-31,795.726053707519,811.3105501510994,760.8901204806921,785.6419677734375,47059
2015-08-03,761.8068326509915,773.7243883964343,697.6353786370693,715.0533447265625,57166
2015-08-04,728.8044723548794,758.139998286145,706.8028279064303,735.2216186523438,40466
2015-08-05,745.305585927682,759.9733465363449,672.883517922409,683.8843383789062,56644
2015-08-06,696.7187408675577,755.3897927300889,687.5513890140372,735.2216186523438,77423
2015-08-07,732.4713542957596,802.143222789474,710.4697116135341,722.3872680664062,66292
2015-08-10,740.7219721283784,848.8967155827703,718.7203293918919,847.97998046875,64298
2015-08-11,870.8982808451074,933.2362630529676,815.8941788969953,928.652587890625,68611
2015-08-12,988.2405042860242,1155.0863037109375,975.4062120225694,1155.0863037109375,90936
2015-08-13,1027.660083184726,1082.6641911161119,910.3179862644362,948.8208618164062,81570
2015-08-14,989.1571768081606,1008.408613984223,885.5661100988722,942.4036865234375,68862
2015-08-17,984.5736863509469,1030.4104501475458,965.3222455563753,1012.0757446289062,55166
2015-08-18,939.6534033250902,979.0730095133622,896.5668570262811,936.9031982421875,69837
2015-08-19,971.739279023299,1044.1613573656014,967.1556031788494,1034.0772705078125,78804
2015-08-20,1137.6683991311259,1192.6725119013656,1110.166342746006,1142.2520751953125,83479
2015-08-21,1191.7556017691145,1194.5058070039663,971.7391829809702,1013.9089965820312,76108
2015-08-24,962.5717217259154,1067.9962436292299,743.4720631616356,774.6410522460938,78695
2015-08-25,842.4793994172046,842.4793994172046,693.9683409780455,712.3030395507812,90179
2015-08-26,682.0509795443703,687.5513906697281,594.044401538645,600.4615478515625,103939
2015-08-27,617.8793458280052,730.6377427669438,600.4613820732097,716.88671875,107464
2015-08-28,723.3039241192471,847.0631506795745,723.3039241192471,824.144775390625,109967
2015-08-31,776.47456392771,817.7276399333144,716.8867874751703,807.6435546875,65535
2015-09-01,841.5627305603027,859.8974305725097,733.3880004882812,733.3880004882812,82428
2015-09-02,755.389654641836,785.6419102282202,687.5512633269138,721.470458984375,91374
2015-09-03,680.2173852702915,776.4745624311819,676.550445187972,682.9675903320312,88764
2015-09-04,665.549665110363,709.5529487540234,642.6312882126232,703.1358032226562,83767
2015-09-08,726.0541590860445,748.9725353198212,691.218227210704,736.1382446289062,72224
2015-09-09,689.3847233436627,718.7202434859463,638.964298099113,656.3822631835938,82104
2015-09-10,684.8011314262778,685.7178665419757,641.7145809884798,649.0484619140625,49854
2015-09-11,628.8801595052083,686.6344598679315,590.3772925967262,673.8001708984375,107659
2015-09-14,657.2990385014959,710.4696720204455,642.6312775307513,689.384765625,72274
2015-09-15,684.8009643554688,712.3030111167326,669.2164711907526,684.8009643554688,41182
2015-09-16,724.2206522042411,805.810067452567,722.3871821986608,802.1431274414062,97298
2015-09-17,781.0581619641013,896.5667633813274,759.0565235989153,887.3994140625,106233
2015-09-18,927.7358059494878,953.4043855607385,837.8957773101106,878.2321166992188,78477
2015-09-21,839.7292812747802,858.063981739295,785.6419149044614,794.8092651367188,54290
2015-09-22,742.5553923576108,759.056623298891,696.7186397429435,710.4696655273438,77828
2015-09-23,746.2223991163457,752.6395450546927,690.3015559393223,697.6354370117188,53541
2015-09-24,742.5553320534951,832.3953598821896,733.387982275057,804.893310546875,84151
2015-09-25,762.7237723214286,793.8927726326408,733.3882426167582,750.8062133789062,55558
2015-09-28,692.1349790346372,720.553766253278,643.5480202414773,655.465576171875,69347
2015-09-29,669.2165310028034,702.2189900659554,642.6312167574865,659.1324462890625,46320
2015-09-30,633.463926924036,692.1349708070146,630.7137217420212,689.384765625,55137
2015-10-01,691.7680908486851,729.354219449833,630.7135726241398,646.8480834960938,58475
2015-10-02,710.1030035908374,777.3913839714845,709.1862684682295,773.3577270507812,80910
2015-10-05,786.9253863914715,831.6620454754386,777.5746777254335,814.2440795898438,71440
2015-10-06,870.1648729393012,910.8678733557074,842.2961065661244,879.1488647460938,67620
2015-10-07,895.2833741755632,899.6837469161757,826.7116077064915,880.4323120117188,42780
2015-10-08,831.2953454270508,940.7534785735043,817.9110358645,829.09521484375,41650
2015-10-09,910.317993759205,964.4053670037097,884.0993911439454,952.12109375,38700
2015-10-12,1022.1595088635005,1025.27643019552,883.7325260488021,922.6021118164062,28185
2015-10-13,905.1841037506833,968.6221169493112,879.1488090270523,902.4338989257812,27235
2015-10-14,959.8215686471746,1117.4999925319062,954.5044607537255,1101.365478515625,51785
2015-10-15,1041.2276782340114,1153.0693504329288,1015.1923813409063,1116.583251953125,41210
2015-10-16,1105.215607648695,1129.967450723353,1000.1578072019255,1005.4749145507812,31135
2015-10-19,982.7400432294799,996.1243535265634,834.2289546071144,868.8815307617188,47825
2015-10-20,895.2834889587772,1005.2917025168364,890.699813393858,967.8889770507812,49720
2015-10-21,946.0705925410113,949.5542305705742,865.9479250162913,895.283447265625,31820
2015-10-22,878.0489009240413,956.8881784702022,875.4820537372063,911.6014404296875,23225
2015-10-23,943.3205639174597,1012.992442302034,886.1162624415251,991.9075317382812,37710
2015-10-26,994.8407569032842,994.8407569032842,907.5676314495734,918.0184326171875,21185
2015-10-27,882.2659084716407,930.8528701952399,857.5140600464109,903.5341186523438,25105
2015-10-28,958.5382726538687,1018.1260587836329,825.0616541044268,865.5813598632812,51665
2015-10-29,826.3449224579547,844.1295472636286,729.7210344587053,744.3887939453125,56505
2015-10-30,735.4047450854438,779.2246619429162,722.5704565357958,730.27099609375,45895
2015-11-02,715.2367223173094,755.2063495196808,679.6674123188488,732.1046142578125,41675
2015-11-03,699.8355811663846,741.0886596905293,678.3839579526018,726.4208984375,50535
2015-11-04,745.8556788836522,770.0575086805555,682.6009549563208,693.0517578125,65785
2015-11-05,695.2518313600983,695.2518313600983,635.1139830875564,650.8818359375,56310
2015-11-06,591.1107500473455,594.9610484544593,560.6751351453483,571.8593139648438,74250
2015-11-09,566.1755177333002,614.0290962716758,555.5414140372453,612.0122680664062,58060
2015-11-10,586.7103707561221,606.3285211595045,563.7919968984611,577.7263793945312,60635
2015-11-11,577.7264469045574,611.8290023804117,570.0258500073082,599.7280883789062,60355
2015-11-12,570.5759258888609,616.7793395162245,559.208388720528,586.893798828125,61605
2015-11-13,576.2595698115632,618.0627172936626,568.5590297683515,601.0114135742188,52260
2015-11-16,608.7121009085389,630.8971013190122,605.2285187505798,613.2957763671875,47105
2015-11-17,597.7112858329668,603.9450733289543,522.5390075533605,538.6735229492188,96670
2015-11-18,541.790303283368,572.592572256327,505.6709273499212,567.0921630859375,78820
2015-11-19,589.4605554180836,628.8801571023411,575.5261733995482,615.495849609375,76605
2015-11-20,619.896313386242,622.4631605898123,532.0730980901054,553.34130859375,67690
2015-11-23,540.6904383184218,554.6248252847876,531.7064440746724,540.507080078125,30585
2015-11-24,563.0587516481909,600.8282517786497,555.541512076345,578.6432495117188,59410
2015-11-25,563.4253688410582,597.3445674665458,551.5078125672384,581.7600708007812,27310
2015-11-27,534.0897957598055,559.208357476878,527.1226320478768,546.7407836914062,36045
2015-11-30,540.8737107941222,569.659215410834,539.9569756910813,561.9586181640625,46455
2015-12-01,574.2427851461596,607.4285450007146,561.5917982921469,600.0946655273438,40695
2015-12-02,559.9418463472616,577.7265315252091,540.8737654671698,560.8585815429688,50740
2015-12-03,576.2596330066165,604.1284010508889,554.9914244999039,598.6279907226562,54130
2015-12-04,617.8793925246147,677.4671677680865,617.8793925246147,669.216552734375,62785
2015-12-07,647.2149018349712,649.0483718118408,558.6583243333945,597.1611938476562,61690
2015-12-08,608.7120910644531,619.5295537813101,568.1923894746695,586.71044921875,30305
2015-12-09,618.7961030481816,637.1308023977574,592.5775053595131,610.1787719726562,52275
2015-12-10,596.7946718597706,620.0797705316916,582.6769260581993,601.5617065429688,28385
2015-12-11,575.7095764557257,626.8633779501919,575.7095764557257,614.5791625976562,32285
2015-12-14,607.4285819804862,612.0122569303935,541.2403604662759,549.3076171875,45150
2015-12-15,561.5919023231598,571.1259697858859,541.4237300353758,556.0914916992188,21135
2015-12-16,588.9106432240158,634.3806812316459,573.3261467197701,631.9971923828125,51500
2015-12-17,568.9258524813692,572.0427745959755,527.1227490267403,532.8065185546875,54450
2015-12-18,561.775228397819,583.410209186185,552.791236083265,571.8593139648438,44065
2015-12-21,599.1780756641475,604.6784866009166,580.8433725415839,593.8610229492188,27395
2015-12-22,582.4935550630711,606.8786884409487,571.6760351894281,587.8106079101562,18325
2015-12-23,579.3764293901287,616.9625585119567,578.6430526954358,608.1619262695312,19545
2015-12-24,622.4630182627116,659.4991318631012,621.5462833315441,656.1988525390625,21700
2015-12-28,626.6800711240248,626.6800711240248,577.5430937804401,591.4774780273438,31280
2015-12-29,614.7624730863927,624.663255920795,595.8777543303787,612.0122680664062,22345
2015-12-30,575.7096703144741,582.126816321164,559.5751541645969,567.2756958007812,30985
2015-12-31,566.909052439226,582.4935503547919,557.9250029960284,569.2925415039062,32830
2016-01-04,614.2125493458964,644.0980927985123,596.4278650880844,621.9131469726562,48185
2016-01-05,627.9634485149107,638.2308912724822,612.5623123550844,627.7800903320312,17940
2016-01-06,650.8817881653627,663.7160769460882,639.6976110372616,658.7656860351562,34070
2016-01-07,695.8018147945404,731.187760860048,667.0163154903275,704.0524291992188,51240
2016-01-08,656.3824056154423,666.8332093151311,605.5952529673186,645.56494140625,45700
2016-01-11,647.2149660153129,653.2653951577414,559.9417752713596,573.8761596679688,43940
2016-01-12,553.7078840467665,553.7078840467665,493.9367568961396,528.039306640625,75660
2016-01-13,516.121894882065,556.6416001291403,502.1875092647942,521.8056640625,49770
2016-01-14,506.22111001634573,516.1218374481841,458.367528817215,466.9848327636719,54380
2016-01-15,509.70466174334354,511.35477355837463,452.5004031429941,457.6341247558594,63145
2016-01-19,463.6846592309493,468.2683352928469,388.69573004891936,392.3626708984375,64075
2016-01-20,408.86375924368735,416.9310150516061,376.22799169978236,414.9142150878906,38690
2016-01-21,398.9630735231321,426.0984064843762,380.44501578123993,418.2145080566406,41810
2016-01-22,403.3634388269639,450.3002865356245,402.6300619469833,431.7822265625,36490
2016-01-25,453.78382872649235,462.0344437942467,436.7325519911601,452.3170471191406,31425
2016-01-26,461.8512303734531,516.6719898170792,461.8512303734531,513.3717651367188,54595
2016-01-27,507.32114123789563,547.8407810679026,495.03687058656044,541.6069946289062,48445
2016-01-28,518.8719964387716,539.7735427018764,506.77108356442807,508.0545349121094,24790
2016-01-29,506.4044063482973,540.3235993366784,491.7366472181866,538.1234130859375,25500
2016-02-01,548.2075436276554,587.993865997912,546.7407899724195,585.060302734375,36885
2016-02-02,568.3757665413525,586.7104686878477,521.8056342798686,545.6407470703125,24770
2016-02-03,558.6583901806451,637.4976084785609,556.8249199876703,623.74658203125,45810
2016-02-04,681.6842341851378,727.8877080603758,675.6338045850088,684.6177978515625,46005
2016-02-05,653.8154880707157,785.8253431895248,632.1805060210687,785.2752685546875,51405
2016-02-08,859.1640823341012,935.0697317182647,851.2801274948331,885.5660400390625,60475
2016-02-09,929.0192963539827,934.3363483062964,766.757196992252,772.624267578125,38565
2016-02-10,776.65797310618,806.7268726224011,705.1526366691944,804.3433837890625,47115
2016-02-11,971.7393122865147,1046.3615799697475,919.6687641017771,1014.8258666992188,61490
2016-02-12,940.386781641728,1128.3174514216578,923.5188357290361,1126.8505859375,35595
2016-02-16,971.7390762427153,1041.777650911623,836.7956763512276,839.91259765625,39190
2016-02-17,891.9831067795667,968.0721076662102,882.0823805054109,945.3370361328125,32090
2016-02-18,905.0010099371975,1162.4202455537543,902.6174648208406,1156.1864013671875,55675
2016-02-19,1107.4159741346352,1127.5841458490079,1030.0435111764516,1051.12841796875,30505
2016-02-22,938.0035393705579,1047.2783947353814,925.9026226170262,1004.0084228515625,21500
2016-02-23,1066.8964192439746,1095.498511346805,1006.5752012207462,1040.127685546875,24075
2016-02-24,1152.1526517901957,1228.4249629353712,1055.5287554586794,1108.8826904296875,51125
2016-02-25,1089.8147112171548,1186.4384994213203,1084.6809052284605,1182.5882568359375,19010
2016-02-26,1108.5159868696617,1167.1870305551192,1042.3277604744587,1066.712890625,22545
2016-02-29,1108.8826756872168,1200.9228955602352,1099.7153253394288,1195.4224853515625,26100
2016-03-01,1227.508161701139,1235.392060298726,1061.5791271470644,1070.3797607421875,27245
2016-03-02,1078.8140392164503,1165.35375346146,1070.3800081460274,1156.1864013671875,22770
2016-03-03,1160.586785238109,1400.5881099178985,1160.586785238109,1376.569580078125,42385
2016-03-04,1395.4542527266256,1615.287394675975,1331.0994875536412,1348.5174560546875,58875
2016-03-07,1404.071467708538,1573.3007461046477,1399.1210757487745,1525.263916015625,37160
2016-03-08,1590.535465956402,1599.336100908419,1303.230651050253,1309.0977783203125,33585
2016-03-09,1210.0904846191406,1335.6832091591575,1140.418608231978,1290.76318359375,40685
2016-03-10,1355.6674822859736,1463.2920594944294,1351.8171289389034,1445.6907958984375,33170
2016-03-11,1409.205054916373,1479.0603319192292,1296.9967758485855,1312.9478759765625,33155
2016-03-14,1327.6156678603315,1350.717458493927,1168.8372003825796,1177.2711181640625,27270
2016-03-15,1158.9365690918175,1225.1249161914313,1072.2134434975574,1210.4571533203125,31865
2016-03-16,1157.836496514699,1530.0309680784105,1118.966903704156,1498.1285400390625,45445
2016-03-17,1591.2685522953034,1645.5392159358653,1375.1024088600545,1384.636474609375,44765
2016-03-18,1396.0040076558828,1527.0971037248091,1396.0040076558828,1465.125732421875,30470
2016-03-21,1453.0247879436092,1569.0834016214785,1420.3890485262245,1482.177001953125,20015
2016-03-22,1567.6170478432866,1593.102328822143,1446.6080125711733,1514.4464111328125,22055
2016-03-23,1342.83342544153,1400.587728406291,1206.9732360855128,1213.390380859375,42845
2016-03-24,1246.026308051976,1279.9455068852117,1183.871735171515,1233.1920166015625,21750
2016-03-28,1272.244634093124,1282.5120193641903,1147.752000174386,1221.82421875,19400
2016-03-29,1263.0774497050256,1465.4924580522231,1215.9572512357997,1453.3916015625,47430
2016-03-30,1416.3557720416027,1480.3439287060044,1316.4316431402858,1380.4197998046875,25400
2016-03-31,1462.3754869002755,1468.7926312844525,1321.7484409204917,1349.25048828125,21850
2016-04-01,1231.5419384187246,1420.939385036564,1210.0903149988806,1405.9049072265625,32900
2016-04-04,1387.3870816507433,1388.1204026710634,1284.3460222258407,1296.8135986328125,21210
2016-04-05,1395.270916876731,1409.571963025907,1290.763108385307,1401.5047607421875,34845
2016-04-06,1343.3837297096595,1441.290977935615,1338.616639720258,1418.9227294921875,24460
2016-04-07,1491.1610345454183,1555.8824990810888,1485.1106063083491,1531.6807861328125,29430
2016-04-08,1532.2309222286674,1727.4954798854253,1521.780120705249,1710.0775146484375,34790
2016-04-11,1836.769803762842,2095.655730966923,1816.7850524747105,2065.95361328125,45895
2016-04-12,2108.490764580441,2187.6965889945495,1938.7114660384207,2146.076904296875,37930
2016-04-13,2065.7707806643857,2176.3291230271557,1975.0140059467412,2002.6995849609375,22535
2016-04-14,1981.6146143397734,2023.4175991917316,1714.2945787397282,1816.2354736328125,38585
2016-04-15,1877.840227603984,2074.75498634774,1790.2004798773398,2045.0528564453125,29495
2016-04-18,2141.309853166078,2141.309853166078,1989.4984337877383,2071.8212890625,25365
2016-04-19,2345.7415119393245,2566.857944386137,2315.3059553611965,2528.7216796875,39080
2016-04-20,2530.18835536293,2712.4353005044172,2218.498485499381,2252.234375,45145
2016-04-21,2549.2574472507167,2579.5097107296124,2317.323427245852,2435.582275390625,40395
2016-04-22,2337.673481103473,2522.487285840291,2120.957487909577,2226.931884765625,40975
2016-04-25,2263.7843560092438,2355.4578169930496,2112.1565410668927,2165.3271484375,38445
2016-04-26,2233.899546948801,2420.1800253496317,2132.5085821194925,2406.6123046875,30285
2016-04-27,2459.7839266692667,2547.9738111151128,2258.102175881036,2462.350830078125,35600
2016-04-28,2579.3260388001654,2832.711537979999,2498.1032171506463,2788.708251953125,45660
2016-04-29,2968.9377074937292,3283.010946860478,2951.8863489963737,3280.2607421875,53680
2016-05-02,3392.6528794893475,3392.6528794893475,3025.2254524964223,3132.666748046875,42425
2016-05-03,3190.054974413037,3209.4897145544796,2796.9589029150866,2854.1630859375,33705
2016-05-04,2723.9865232310995,2889.915572470124,2301.188349711576,2350.325439453125,51915
2016-05-05,2476.284880120501,2640.1971655793427,2420.1807351143975,2570.15869140625,37000
2016-05-06,2761.206216089653,3070.145955406457,2712.9858586476344,2983.78955078125,51885
2016-05-09,2603.5265819818374,2620.5779371492686,2313.10498046875,2313.10498046875,40675
2016-05-10,2372.69376299922,2601.8775401186153,2228.5830487090006,2566.49169921875,48205
2016-05-11,2794.20850531941,2923.28484849032,2490.5858935983383,2832.528076171875,61195
2016-05-12,2842.0612893368216,3005.0567876838236,2658.5310202205883,2727.2861328125,43380
2016-05-13,2715.55245572615,2907.333378859929,2651.7478320518558,2785.041015625,27690
2016-05-16,3025.225337749385,3152.4681936874745,2895.782407454193,2979.938720703125,47955
2016-05-17,2999.3733911197337,3366.250665634805,2935.9353786757742,3252.942138671875,49205
2016-05-18,3022.109162408721,3203.6227207509505,2460.8837287270057,2469.31787109375,57770
2016-05-19,2256.634978084847,2658.348212558245,2145.5265164166367,2550.723388671875,62240
2016-05-20,2677.049617574434,2690.8006431668773,2325.756795201932,2638.91357421875,50705
2016-05-23,2436.6817115881463,2655.9646861680126,2383.8776842951906,2499.56982421875,36710
2016-05-24,2326.673711642763,2374.3439374132213,1930.2775391840942,1951.912353515625,66015
2016-05-25,1911.3929737315564,2200.1645740794893,1803.4015177913586,2163.678466796875,82955
2016-05-26,2305.7721086199203,2331.990822344395,2055.503423078656,2117.29150390625,54600
2016-05-27,2065.2204718102575,2089.789012420042,1781.5826652810438,1817.3353271484375,70420
2016-05-31,1799.917581400553,2069.987699024977,1761.2312959668589,1977.3974609375,69155
2016-06-01,2002.5156636177876,2090.1556112274834,1829.619592520259,1949.528564453125,65735
2016-06-02,1935.2276417481621,2041.7522071094124,1884.9905175125693,1956.495849609375,41390
2016-06-03,2356.0092919420563,2679.9833984375,2349.04201540595,2679.9833984375,98620
2016-06-06,2669.3490689149753,2828.860961971689,2502.8699001998457,2817.126708984375,54065
2016-06-07,2684.9334014608467,2848.6621313862593,2652.8476777909327,2702.53466796875,46790
2016-06-08,3061.895319694917,3208.5729398000626,2980.489195774104,3069.0458984375,68625
2016-06-09,3054.561528376977,3287.962387747266,2983.9729216287697,3252.209716796875,52490
2016-06-10,3325.9144865133426,3436.2892878859634,3025.2254149652786,3078.579345703125,71250
2016-06-13,3336.915884766199,3348.650139233329,2942.719777499862,3119.649658203125,45010
2016-06-14,3110.848361064247,3136.8837685279777,2786.8743118379816,2933.185302734375,44895
2016-06-15,2914.1172171830444,3399.2533268326297,2867.547035148993,3318.030517578125,56365
2016-06-16,3617.619531411674,3622.936639055329,2901.8328146415315,3008.174072265625,61315
2016-06-17,3168.419496432699,3222.3235597769094,2933.5520316603443,3141.65087890625,45975
2016-06-20,2869.3803493689165,3297.1289599850384,2825.377072445687,3229.473876953125,50960
2016-06-21,3013.85824439058,3098.5644736117447,2905.6835083295778,2934.102294921875,42860
2016-06-22,2933.5519399847094,3022.6585353992946,2787.6077757329203,2997.723388671875,30930
2016-06-23,2954.453448924637,3139.267081014074,2927.1347025846676,2997.356689453125,28970
2016-06-24,3844.4203097389714,3891.3568771225973,3331.2319686974647,3434.089599609375,68675
2016-06-27,3454.25738466781,3630.087197577629,3208.572411448338,3455.357421875,40725
2016-06-28,3153.5685477482293,3369.3678873337685,3153.5685477482293,3256.0595703125,38545
2016-06-29,3426.5722850335774,3661.073153559034,3399.803666567416,3517.145751953125,45775
2016-06-30,3570.86584019643,3666.9397052360623,3436.2891082518186,3650.4384765625,31075
2016-07-01,3925.0929181450338,4418.479458324829,3920.692321287103,4364.39208984375,37615
2016-07-05,4492.001981376567,4838.52784851133,4308.654961728544,4753.271484375,37095
2016-07-06,5002.989375915373,5420.837447170411,4952.2023476945715,5388.01806640625,50625
2016-07-07,5123.081298952005,5133.715513469086,4712.017453434125,4833.39306640625,32560
2016-07-08,4867.497081088756,5531.579939561587,4737.3206887424285,5517.095703125,40990
2016-07-11,5287.910877398744,5776.163568420298,5225.572898915381,5610.78466796875,37205
2016-07-12,5463.924425666545,5645.2544395600535,4867.129907941051,4914.25,43390
2016-07-13,5204.856494373645,5733.6292430250505,5097.048332210589,5571.00048828125,38555
2016-07-14,5018.9403816040995,5542.212965518395,4978.054360474285,5528.64501953125,33805
2016-07-15,5209.8046501051895,5508.476713709677,5170.385047790475,5230.52294921875,26475
2016-07-18,5203.937830107373,5309.912482365481,4987.038246268657,5220.8056640625,32735
2016-07-19,5133.715391466439,5188.535958918385,4858.694924066451,4878.1298828125,23945
2016-07-20,4461.932277456503,4461.932277456503,3673.7233430760034,3774.381103515625,53165
2016-07-21,3894.2911950356834,4386.578005707567,3826.2692630028687,4332.1240234375,41885
2016-07-22,4143.826457932621,4299.854513915597,4052.519546281088,4197.18017578125,26165
2016-07-25,3995.497575414434,3995.497575414434,3563.715407603672,3626.603515625,41800
2016-07-26,3885.85650783748,4165.277630937845,3777.3151630584707,4017.499755859375,34450
2016-07-27,4220.6477893805095,4805.708224551647,3850.2868625973374,4677.73193359375,64525
2016-07-28,4838.343845887254,4908.565837020816,4465.782828182929,4765.55517578125,42745
2016-07-29,5133.716701458197,5491.793530909821,4988.139342616676,5347.49951171875,60420
2016-08-01,5349.149028426559,5662.855942271159,5190.73739049058,5621.052734375,38815
2016-08-02,5843.453942657689,5927.9766631646235,5535.7975067572515,5592.0849609375,39475
2016-08-03,5417.90326944193,5538.362146009198,5213.104781912114,5469.9736328125,31830
2016-08-04,5621.603637508157,5854.087320546247,5574.116486713617,5693.4755859375,32965
2016-08-05,5150.767579451046,5271.776604594365,4950.5527364660975,5103.83056640625,41490
2016-08-08,5115.382531622983,5548.265081897271,5069.912375150299,5363.451171875,33590
2016-08-09,5402.869976788982,5665.422815137092,5335.3981851291055,5513.794921875,29385
2016-08-10,5987.38008240576,6048.251199639617,5592.083753440605,5793.21533203125,36975
2016-08-11,5773.597919753871,6103.255966081501,5610.41906460681,5614.26953125,36200
2016-08-12,6043.301579803411,6043.301579803411,5506.8279958628,5630.037109375,36330
2016-08-15,5688.891092516167,5819.25054751779,5520.578448500286,5612.251953125,23055
2016-08-16,5707.958686638409,5812.099871655433,5592.083472728414,5682.4736328125,27395
2016-08-17,5537.263635401111,5720.427132815471,5118.682291253835,5491.9765625,51980
2016-08-18,5685.5916345330315,5815.217900558412,5518.745830359376,5808.61767578125,32120
2016-08-19,5445.406028116484,5550.463951113131,5237.857308758295,5268.8427734375,38475
2016-08-22,5014.541057529734,5078.712515304337,4822.026684205924,4913.7001953125,32165
2016-08-23,5133.534116020636,5142.8849950615195,4570.658645972905,4591.376953125,34805
2016-08-24,4358.524745794646,4365.492021241731,3474.4256111940695,3499.910888671875,77455
2016-08-25,3538.5974010596565,4064.803335828631,3349.749974992742,3848.453857421875,67840
2016-08-26,4088.638546105587,4398.495009913589,3589.934651692708,3751.280029296875,91689
2016-08-29,3569.7661298733315,3910.791553682494,3529.4297894227852,3776.9482421875,34801
2016-08-30,3626.60385244864,3736.6120582863136,3034.393011022497,3168.236328125,66105
2016-08-31,3025.2251688957813,3096.7304910696816,2823.543490969396,2928.05126953125,62588
2016-09-01,2854.7128320419993,3373.5848496835442,2786.8744410429276,3331.4150390625,89415
2016-09-02,3758.6135942800947,3927.2928385112014,3492.7604376115028,3918.12548828125,96662
2016-09-06,4233.48223886475,4701.01708984375,4097.805458580648,4701.01708984375,79526
2016-09-07,4587.341029604099,4616.676543782223,4024.4658513113504,4534.17041015625,74791
2016-09-08,4420.496510871531,4561.67371175793,4128.974758391824,4277.48583984375,64009
2016-09-09,4033.633702692621,4125.307195935635,3291.0784074242065,3379.0849609375,110562
2016-09-12,3149.9009340423145,3936.459432705966,3107.731131083657,3831.95166015625,126459
2016-09-13,3621.1031799651396,3760.446897270127,3155.4018089721544,3340.582275390625,93319
2016-09-14,3492.760092558837,3710.943006477211,3342.4155636402943,3379.0849609375,92978
2016-09-15,3327.748716292843,3633.9382675991264,3177.404146190356,3410.2548828125,86161
2016-09-16,3245.2417597262247,3483.592849423631,3116.8988652737753,3181.0703125,77517
2016-09-19,3406.5875820225647,3439.5900451422667,3236.074855904105,3298.412841796875,65819
2016-09-20,3263.576365457157,3386.418846628859,3190.2375707277824,3311.24658203125,54089
2016-09-21,3533.0967026926355,4125.307514820151,3472.5921924752734,4066.636474609375,135541
2016-09-22,4249.984375,4348.991776315789,3773.282072368421,3866.7890625,97661
2016-09-23,3804.4507585548736,3886.9569195837744,3346.083197283202,3463.42529296875,71576
2016-09-26,3564.2660767942994,3665.1069380204754,3300.246367402129,3336.915771484375,54797
2016-09-27,3206.7391780608536,3267.2436908544546,2970.2215371404136,3115.065673828125,72772
2016-09-28,3122.3992524482833,3505.5944631128114,2887.7151042901037,3384.58544921875,113866
2016-09-29,3252.576353624132,3401.087449815538,3157.2358968098956,3300.24658203125,73162
2016-09-30,3501.92751054441,3534.9299687589646,3135.2335303826917,3195.738037109375,76041
2016-10-03,3149.9018575377386,3239.7418988761256,2885.8821442167637,3028.892822265625,84747
2016-10-04,2722.7021947770213,2722.7021947770213,2055.31929989565,2086.48828125,180985
2016-10-05,2172.661518920361,2212.9978509171942,1837.136575492153,2080.988037109375,158825
2016-10-06,1842.6372590309904,1948.9785137810375,1741.7964140093939,1820.6356201171875,144912
2016-10-07,2042.4856484712716,2104.823630561059,1763.7981991286922,1908.642333984375,199096
2016-10-10,1983.8146012324705,2033.3182927604528,1915.9762091385692,1985.6480712890625,78865
2016-10-11,1903.1418674211561,1954.4790276213414,1782.1328469492908,1793.1336669921875,108628
2016-10-12,1805.9676981200005,1972.8134448498686,1791.2999401657264,1919.642822265625,102041
2016-10-13,1943.4781567099687,2220.332120543181,1897.64140773096,2055.31982421875,136847
2016-10-14,1934.3111289204032,2119.4916256227357,1870.1396696671197,1897.6417236328125,144187
2016-10-17,1939.8110980580977,2022.3172411702096,1870.1392438745365,1978.31396484375,85740
2016-10-18,2102.9898869289163,2273.5025804636934,2031.4845638336872,2266.168701171875,139407
2016-10-19,2416.5130967722494,2535.6886288588926,2319.3392013785246,2495.352294921875,165715
2016-10-20,2506.35334898356,2533.855397436196,2302.8381904340536,2460.5166015625,116199
2016-10-21,2405.5125558035716,2471.5174734933034,2370.6766270228795,2464.18359375,86333
2016-10-24,2552.1907174667876,2561.3580691818265,2179.9962378362143,2277.170166015625,130203
2016-10-25,2348.6755267782573,2544.8568549322567,2280.837123584818,2469.6845703125,100517
2016-10-26,2471.51789764184,2513.6877134027914,2222.165943577085,2286.33740234375,117871
2016-10-27,2310.1715592047453,2323.0058456447714,2053.485830404218,2086.48828125,103991
2016-10-28,2079.155221676237,2255.168362135601,1985.6482408071997,2075.48828125,160156
2016-10-31,2080.988898026316,2246.0012335526317,2025.9847861842104,2229.5,114180
2016-11-01,2440.3491845375906,2566.8586463956626,2348.6756614520314,2462.350830078125,153946
2016-11-02,2649.364413855211,2733.704042254754,2268.002615874668,2332.174072265625,188215
2016-11-03,2288.1710994525547,2541.1900191035584,2288.1710994525547,2511.8544921875,113411
2016-11-04,2519.1879961749423,2519.1879961749423,2264.335644305716,2381.677734375,101533
2016-11-07,2152.4944685750934,2190.9973508920243,1985.6486452017257,2088.322998046875,99144
2016-11-08,2135.9927633412913,2255.168325244453,1912.3094009999713,2003.98291015625,121491
2016-11-09,2418.347319612798,2425.681200794338,1958.1462754711663,2134.159423828125,185994
2016-11-10,2049.8194203549497,2068.154120000343,1650.12296808538,1670.2911376953125,175272
2016-11-11,1677.6248062797213,1677.6248062797213,1195.4222663326539,1265.0941162109375,331234
2016-11-14,1169.753926036122,1448.4413817688658,1111.0828827239654,1334.7662353515625,250697
2016-11-15,1358.601437813895,1584.1182756696428,1307.2642714727492,1540.114990234375,174436
2016-11-16,1516.27991171798,1540.1150252032687,1340.2667659804636,1395.2708740234375,161084
2016-11-17,1411.772004927712,1510.7793922862788,1191.7555885753413,1276.09521484375,207865
2016-11-18,1237.5920702063518,1283.4288135473278,1173.4206295289855,1265.0941162109375,157127
2016-11-21,1349.4340746836526,1402.6047107785248,1290.7630279582763,1340.2667236328125,164006
2016-11-22,1375.1025629978553,1409.9384945938011,1250.4265972860499,1402.6046142578125,158161
2016-11-23,1226.5914868581722,1243.0927176230803,1134.9179826086825,1178.9212646484375,199071
2016-11-25,1228.4250030517578,1255.9270553588867,1151.419256591797,1173.4208984375,78553
2016-11-28,1219.2576042324056,1336.599689451765,1177.0877923566984,1316.4315185546875,171171
2016-11-29,1215.5906246892127,1323.7653559963976,1184.4216343125663,1296.2633056640625,133712
2016-11-30,1261.4274862201046,1272.4283073208614,1191.7556192486454,1226.591552734375,130919
2016-12-01,1210.09033203125,1323.7654844341855,1136.751524029356,1210.09033203125,216450
2016-12-02,1259.5940343854204,1354.9344853141565,1259.5940343854204,1340.2667236328125,172067
2016-12-05,1272.4280863993877,1411.7717961491765,1202.7562315244932,1356.7677001953125,180772
2016-12-06,1362.2682685226691,1444.7744220671107,1316.4315165535347,1342.10009765625,121538
2016-12-07,1420.9395102404674,1461.2758576279386,1356.7680484876719,1398.9378662109375,151825
2016-12-08,1382.436443333844,1408.105024509804,1334.7662211499182,1402.6046142578125,111663
2016-12-09,1349.4341887019232,1371.4358330829327,1166.0871521935096,1191.7557373046875,220507
2016-12-12,1233.9252037130377,1285.2623592909947,1180.7545782930108,1193.5888671875,130141
2016-12-13,1197.256066211233,1228.425060277988,1147.7523697522693,1211.923828125,127406
2016-12-14,1261.4273158482142,1290.7628348214284,980.9064156668527,988.2402954101562,274563
2016-12-15,891.0664846843184,907.5677158821761,777.3913364324095,810.393798828125,304939
2016-12-16,852.5636450600285,876.3987577176208,742.5554327942184,773.7244262695312,274078
2016-12-19,812.2272271210293,815.8941671983251,753.5561858842958,777.3912963867188,190697
2016-12-20,718.720406505549,792.0592234959112,691.2183501341632,784.725341796875,222215
2016-12-21,795.726080425715,803.0599613512977,751.7227948722193,757.2232055664062,106713
2016-12-22,757.2231704785628,814.060745018116,742.5554093070652,759.056640625,148548
2016-12-23,762.7235101744186,793.8924997728925,753.5561602925145,788.39208984375,99152
2016-12-27,823.2279929955135,878.2320905230534,808.5602336548362,876.3986206054688,139955
2016-12-28,858.0639611164122,968.072161259542,830.5619110806298,960.73828125,203211
2016-12-29,993.7407193669302,1232.091814418039,973.5725497856826,1224.7579345703125,348957
2016-12-30,1237.592069564327,1320.0982075352822,1023.0761108398438,1023.0761108398438,381721
2017-01-03,1045.0778484056364,1221.0909597160592,1041.4109085866692,1213.757080078125,289205
2017-01-04,1277.9286328406429,1283.429043025036,1177.0877794601045,1272.42822265625,269644
2017-01-05,1391.6037115799752,1646.456038206611,1380.602891725588,1602.4527587890625,385520
2017-01-06,1485.1109372419915,1617.1207983301683,1224.75815565142,1387.93701171875,457674
2017-01-09,1499.7783714833886,1611.6200348825166,1409.9383467857283,1452.108154296875,376803
2017-01-10,1532.7810909036211,1639.1223627605711,1444.7745210909732,1547.4488525390625,364857
2017-01-11,1468.6095009569854,1622.6209842034107,1382.436409140533,1554.7825927734375,368352
2017-01-12,1677.624808427652,1688.625626843571,1466.775788789204,1519.9464111328125,270555
2017-01-13,1450.2748758003845,1547.4487928894116,1389.7703613864621,1534.614501953125,274681
2017-01-17,1688.625950556216,1712.4610616932744,1628.121437669837,1686.79248046875,272831
2017-01-18,1657.4569447043411,1705.1271665653069,1475.943407618357,1530.947509765625,258779
2017-01-19,1466.7761171497584,1576.7843259359904,1402.6046620244565,1518.11328125,337052
2017-01-20,1521.7804525500146,1666.6246161059798,1468.609810232002,1569.45068359375,336671
2017-01-23,1637.2889498811512,1688.6261174026206,1593.2856634341774,1681.292236328125,253049
2017-01-24,1661.1237263540204,1767.464980359024,1567.616761625483,1631.7882080078125,306725
2017-01-25,1527.2803393948464,1593.2852520217546,1492.4444132862004,1591.4517822265625,256207
2017-01-26,1477.7767327819208,1519.9465402930673,1442.94080483793,1452.108154296875,251078
2017-01-27,1466.7761070041815,1541.9483824881459,1457.6087563354056,1534.614501953125,227313
2017-01-30,1565.7833341559492,1629.9547822770946,1514.4461756590329,1523.613525390625,231277
2017-01-31,1624.454769736842,1650.123355263158,1587.7853618421052,1637.2890625,219548
2017-02-01,1571.2836534258581,1710.6273613142655,1549.2820153382147,1679.4583740234375,244011
2017-02-02,1816.9692459028356,1838.970891665534,1747.297367654291,1791.3006591796875,178488
2017-02-03,1785.8000464036897,1851.8049762502326,1772.9657544890842,1846.3045654296875,165947
2017-02-06,1950.81226733438,2273.503018322022,1906.8089831087925,2262.502197265625,278866
2017-02-07,2185.4962410030034,2363.3428310846234,2126.825200976077,2212.998291015625,326284
2017-02-08,2328.506397077429,2389.0108940093623,2170.828011133603,2264.3349609375,298146
2017-02-09,2284.503782761534,2290.004193153415,2038.8187852574843,2051.653076171875,272750
2017-02-10,1980.1475149183418,2218.498604677031,1952.6454661000314,2189.1630859375,274619
2017-02-13,2113.991300547965,2174.4958217258336,2068.1545420798825,2102.990478515625,174703
2017-02-14,2200.163693612985,2218.4983910597593,2011.3163099112035,2174.4951171875,258050
2017-02-15,2090.155735359094,2176.328822694074,2044.3189867766578,2139.659423828125,176211
2017-02-16,2192.830592105263,2269.8363486842104,2163.4950657894738,2229.5,214449
2017-02-17,2236.833730844351,2271.6696659968447,2077.321817251352,2097.489990234375,181135
2017-02-21,1992.9826803051626,2108.4913361094177,1871.9736123197524,2020.4847412109375,205821
2017-02-22,2020.4841493144495,2066.3209040629627,1829.8032495606358,2013.1502685546875,212137
2017-02-23,2132.325827180053,2150.660529047465,2035.1519072827675,2038.81884765625,180819
2017-02-24,2139.659434564711,2141.4929045172084,1897.6414008350262,1917.8095703125,230345
2017-02-27,1904.9751056635396,1998.4820646518367,1356.7676402223478,1369.6019287109375,422889
2017-02-28,1483.2770792384058,1540.1146434613854,1371.435420606091,1439.2738037109375,342319
2017-03-01,1310.930861230351,1523.6133506047856,1296.2631033424589,1519.9464111328125,358153
2017-03-02,1395.2707907582244,1446.6079552013653,1127.5841475904178,1147.7523193359375,470102
2017-03-03,1144.085239955357,1283.428955078125,1050.5782732282366,1232.091796875,605380
2017-03-06,1189.9222414293101,1200.9230633839725,968.0723320102862,1024.909912109375,515258
2017-03-07,975.4061842698317,1118.4168654221755,953.404541015625,1048.7449951171875,411598
2017-03-08,993.7408412137477,1079.9139399905857,988.2404306535241,1019.409423828125,318558
2017-03-09,1028.576679628287,1061.5791399372158,971.7391090962425,982.7399291992188,282337
2017-03-10,1008.408464704241,1149.5856497628347,982.7398856026786,1129.41748046875,393873
2017-03-13,1156.919655986216,1296.2633863427175,1133.084544214709,1276.09521484375,484875
2017-03-14,1265.094487116887,1288.9296006422776,1028.5768221341646,1048.7449951171875,478727
2017-03-15,1090.914809518982,1430.106809117321,1046.911523084603,1395.2708740234375,686298
2017-03-16,1481.4440789473683,1483.2775493421052,1305.4309210526314,1358.6015625,418154
2017-03-17,1362.2681623186384,1389.7702113560267,1166.086879185268,1232.091796875,423914
2017-03-20,1254.0936382746293,1332.9328582246426,1211.9238229525292,1298.096923828125,260778
2017-03-21,1351.9922520962305,1431.0883974569624,1326.240018722969,1355.671142578125,415195
2017-03-22,1403.49712765636,1405.3365734331048,1294.9698268284108,1307.845947265625,283781
2017-03-23,1337.276788951394,1348.313461212341,1168.0478142835423,1228.74951171875,408613
2017-03-24,1221.3919945513426,1276.5753677991443,1188.2819706026617,1215.8736572265625,242883
2017-03-27,1315.203655422499,1322.5614381101773,1236.107491529957,1289.451416015625,287690
2017-03-28,1278.4150171279907,1291.2911396026611,1107.3465328216553,1177.2454833984375,367278
2017-03-29,1162.5296993371212,1239.7864198626894,1145.974687795928,1214.0341796875,221123
2017-03-30,1158.8507982505714,1199.318603903766,1140.456341135483,1157.0113525390625,216314
2017-03-31,1173.5664160760932,1263.6992599440064,1155.171958143866,1188.281982421875,282357
2017-04-03,1195.639544471595,1269.217362592924,1190.1212081124954,1252.662353515625,213124
2017-04-04,1287.611758674991,1296.8089855226697,1241.6256244365986,1291.2906494140625,198390
2017-04-05,1232.4287993332434,1302.3277461610992,1168.04819041285,1280.25439453125,382160
2017-04-06,1256.3414624308982,1280.2542574698466,1219.5525469863624,1258.180908203125,177665
2017-04-07,1329.9192144467497,1342.795334088696,1191.9607897116098,1239.786376953125,382620
2017-04-10,1226.9100670516057,1272.8962014988174,1195.639495627502,1263.698974609375,215641
2017-04-11,1306.0063449770662,1361.189711666238,1272.896324963563,1340.955810546875,310962
2017-04-12,1333.597895404881,1397.9784834589097,1296.808987945436,1396.1390380859375,256184
2017-04-13,1331.7584738338694,1346.4740370806526,1250.8228759765625,1250.8228759765625,365619
2017-04-17,1254.5021400393598,1276.5754914770025,1157.0115045231046,1208.5159912109375,264942
2017-04-18,1195.63960463692,1228.7496244576346,1153.332357088229,1179.0845947265625,181090
2017-04-19,1149.6535479012182,1166.2085589909957,1031.9290245961336,1085.27294921875,374261
2017-04-20,1070.5573942764945,1120.2224280315897,1050.3234916355298,1057.6812744140625,200204
2017-04-21,1052.1627316942402,1072.3966303806678,1024.5710516672934,1031.9288330078125,175534
2017-04-24,973.0666441127232,996.9794349888392,956.5116350446428,965.7088623046875,184245
2017-04-25,919.7227394187844,919.7227394187844,783.6037739848043,836.9476928710938,381117
2017-04-26,831.4292706485398,884.7731840308577,761.5303496648131,842.4659423828125,345164
2017-04-27,836.9478546072744,844.3056379444812,774.4066962410166,803.8378295898438,272925
2017-04-28,801.9983100043403,881.0944736056857,798.3194186740451,827.7505493164062,273044
2017-05-01,805.2173626168818,827.7505726501355,727.5007810736191,763.829833984375,397328
2017-05-02,749.5742298202839,792.341348454202,740.8368614972254,755.5524291992188,238820
2017-05-03,751.8734987196453,811.6554894435316,723.3620877590228,730.260009765625,460648
2017-05-04,690.2519193893615,703.1280378056855,630.9298023998695,649.7841186523438,563820
2017-05-05,655.3024139302504,716.0041112206314,653.0031072147056,689.3321533203125,353510
2017-05-08,701.2885840344634,702.2083067676234,654.3827246433059,694.8505249023438,377696
2017-05-09,670.47781640625,694.39060546875,656.6819765625,689.7919921875,365662
2017-05-10,714.6246846835816,755.0924917956505,714.6246846835816,733.47900390625,379932
2017-05-11,748.1944078656161,816.253886884738,747.7345465208923,811.6552734375,471270
2017-05-12,854.4226505560276,882.9340630073052,831.4295759985457,849.8240356445312,514128
2017-05-15,904.5474245117188,907.7664544921874,806.1370793945313,862.2401733398438,450092
2017-05-16,870.5176409721375,895.8100182851156,857.6415216128032,882.9338989257812,355182
2017-05-17,942.7158851492575,974.9061836665492,901.788219891558,937.6574096679688,490508
2017-05-18,918.3432457460024,918.3432457460024,834.188606801827,845.2252807617188,407970
2017-05-19,868.2184004711225,872.8170148803976,836.0280996061974,847.9844970703125,236528
2017-05-22,867.2985954404002,901.7882002431733,862.6999814666971,882.01416015625,235538
2017-05-23,892.1310842562717,898.1092822435561,786.8228274033407,792.801025390625,398060
2017-05-24,773.9467166194689,826.3709148931584,721.0626569574137,812.5750732421875,520362
2017-05-25,787.7426549320727,803.3779440550677,754.6326309069068,779.4651489257812,386658
2017-05-26,824.9913554721408,825.4512168742992,792.8010573210539,794.6405029296875,293328
2017-05-30,765.2093055972389,782.6840373356374,760.6106919818709,766.1290283203125,317032
2017-05-31,766.5890201466507,782.6841705396517,729.3402435228483,756.01220703125,437626
2017-06-01,735.3184112548828,768.4284335252715,731.6395198915063,754.1727294921875,351578
2017-06-02,779.0052832975757,796.9398795482282,763.3699942585453,784.5236206054688,356936
2017-06-05,801.0784654600819,806.1369402706795,755.5521921647041,797.8594360351562,406762
2017-06-06,835.568265877518,945.0152924481561,833.7288200528014,938.1173706054688,623190
2017-06-07,910.0658039863474,951.4533342333264,888.4523159684807,933.5187377929688,559552
2017-06-08,905.9268999422086,911.9050977590862,847.5245058850205,884.3134155273438,486542
2017-06-09,833.2688720034247,877.4155672089041,832.8090105950342,839.2470703125,410042
2017-06-12,823.1520026637214,910.0658174701143,820.852695393711,884.7734375,425888
2017-06-13,874.6564081203171,969.8477206759983,873.7366852936922,943.6356201171875,446164
2017-06-14,997.4392882405231,1002.4977631924114,770.7276381240741,814.8743286132812,729070
2017-06-15,786.8227856982642,849.8237919172368,782.2241721056384,814.8743286132812,325546
2017-06-16,819.0130775104485,843.845590809474,798.3193164279273,828.670166015625,330682
2017-06-19,804.2975923750136,836.9477519282588,791.4214731145788,794.6405029296875,294936
2017-06-20,797.3995972747358,798.3193199936225,768.8881929892492,788.6622314453125,265850
2017-06-21,784.06358996208,831.4293082999652,782.6840059328212,825.4511108398438,316558
2017-06-22,853.0427359931713,885.2330279174419,845.2250936687055,872.8167724609375,336416
2017-06-23,907.7663822021484,922.0220852661132,887.5324810791016,919.7227783203125,243940
2017-06-26,866.8386582170039,918.3431302171653,865.4590741455709,889.8317260742188,221576
2017-06-27,907.306709447066,919.2631080510314,866.8388987874908,868.6783447265625,271096
2017-06-28,883.8536756989192,907.3066088210029,858.1014354080038,905.4671630859375,233442
2017-06-29,878.3353521715276,884.7734123445126,827.7505936695025,847.9844970703125,324670
2017-06-30,837.867386667352,868.6780973735608,837.407525313528,856.2618408203125,177104
2017-07-03,812.5750729157962,816.2539640212441,770.2678252031459,773.9467163085938,236174
2017-07-05,774.4067622974115,799.6991446764838,748.654518420538,790.0420532226562,290876
2017-07-06,779.9248826458714,780.8446053848406,743.5958344565885,754.6325073242188,273392
2017-07-07,735.7782030230092,736.6979257767879,681.5145605500622,704.5076293945312,355072
2017-07-10,687.4929824502461,755.0926268784642,682.4345056562978,751.8735961914062,284130
2017-07-11,743.1360230598565,765.6692316798644,710.4858636308652,761.0706176757812,304586
2017-07-12,786.3630100878439,801.0785751889031,767.9685537115201,770.7277221679688,281488
2017-07-13,770.2679951985677,779.9250864816543,731.6396300662217,739.457275390625,258104
2017-07-14,775.786152345205,790.9615779690293,765.209340546782,771.6473999023438,270800
2017-07-17,791.8813754857513,813.9547239313472,790.9616526338515,798.779296875,197494
2017-07-18,822.2321168717319,829.1300373152867,803.8376623555858,813.4947509765625,194004
2017-07-19,807.056862172885,823.6118747302775,787.2828193959995,807.5167236328125,166600
2017-07-20,797.3996787434712,828.67025438047,792.8010646792067,814.41455078125,185476
2017-07-21,835.108225019076,838.3272545208016,815.7940480087229,828.670166015625,167608
2017-07-24,832.3490538437131,836.0279446894313,770.7276321779356,781.304443359375,233928
2017-07-25,779.4651413648733,803.3779362622026,764.749575274209,768.428466796875,172538
2017-07-26,767.9686902198957,871.8973872197139,764.2897982906986,849.8240356445312,425676
2017-07-27,851.2033490837465,858.1012692546034,796.9397104063385,811.6552734375,326030
2017-07-28,819.0132183308003,863.6197776671775,818.5533568943429,858.1014404296875,246336
2017-07-31,850.2838632089121,878.3354130497685,840.6267722800926,856.721923828125,172706
2017-08-01,843.385824710195,884.7733515498447,836.9477649795829,851.663330078125,178584
2017-08-02,840.1666509547584,863.1597174833506,821.3123364013128,825.9109497070312,190116
2017-08-03,827.2905268294088,840.1666439785047,811.6552417197923,818.5531616210938,154824
2017-08-04,795.5603833051961,799.6991367443561,746.8150650217564,762.9102172851562,309532
2017-08-07,750.49379694206,768.4283913542785,744.0557374094689,750.033935546875,160046
2017-08-08,761.5305282834386,767.5087268750357,722.4423067229965,755.0924682617188,274312
2017-08-09,790.5016768830858,802.4580722286124,768.4283316298059,788.6622314453125,266042
2017-08-10,819.9329118001573,830.9695858793518,808.8962377209629,826.3709716796875,244062
2017-08-11,821.7723730733401,849.8239202235773,806.1370844977981,848.4443359375,205710
2017-08-14,819.0130679080132,834.6483538759371,802.4580592360938,808.8961181640625,167920
2017-08-15,766.588829153723,784.0635595123563,759.6909092753152,774.8663330078125,203410
2017-08-16,770.7277398637485,838.7872300187812,765.6692642441178,826.3709716796875,252168
2017-08-17,839.2470941517162,853.042936795306,813.0349931288954,830.0498657226562,184566
2017-08-18,858.5611542459334,871.4372722528354,814.414463936555,828.670166015625,252730
2017-08-21,838.3273881952814,864.5394897460938,838.3273881952814,864.5394897460938,156600
2017-08-22,851.2034736239688,865.4591773961693,836.4879084397619,837.8674926757812,122246
2017-08-23,852.5829499897204,859.0210089432566,831.4293277138158,856.2618408203125,127862
2017-08-24,846.1450234375,875.1162932617187,841.0865477539063,862.2401733398438,138318
2017-08-25,873.7366689932894,886.1529269210888,834.6484495909581,870.5176391601562,175366
2017-08-28,887.5326011122064,971.2273852585389,887.5326011122064,969.387939453125,306108
2017-08-29,1029.6296583532953,1045.7248070993273,944.5553006956984,986.862548828125,265842
2017-08-30,981.8040471506235,984.1033540526156,933.978463589188,945.01513671875,165716
2017-08-31,949.1540136502217,1041.126301794623,949.1540136502217,1036.987548828125,268848
2017-09-01,1063.1992783744004,1066.4183073314164,1003.4173120298191,1054.4619140625,263688
2017-09-05,1079.294796148428,1153.3324877461687,1078.3750732714375,1151.4930419921875,260238
2017-09-06,1131.7190752832764,1167.5882698676305,1071.9370843093527,1102.747802734375,258582
2017-09-07,1149.6538281020491,1184.6033044763515,1127.120613071249,1174.0264892578125,274062
2017-09-08,1172.6465505364022,1175.4057188906056,1085.7327473789983,1111.4849853515625,299758
2017-09-11,1048.0243593403748,1099.9887088820433,1008.4762703086626,1018.1333618164062,265344
2017-09-12,1014.914165851798,1066.4186454962935,1002.4979073660714,1052.622802734375,208058
2017-09-13,1042.96579877068,1042.96579877068,968.9281031789343,985.0232543945312,237178
2017-09-14,977.2055445068693,1019.5127963161078,963.869562958305,1011.2352905273438,217394
2017-09-15,1010.7752758789062,1016.293612234933,955.5919123186384,965.7088623046875,220028
2017-09-18,920.1826514962762,934.4383547428451,881.5542943120247,895.8099975585938,275554
2017-09-19,903.1678006188995,920.6425340320961,892.131126884249,912.8248901367188,207030
2017-09-20,922.0222505575538,957.4315838707367,830.5098177091982,865.4592895507812,389798
2017-09-21,827.7505064349542,879.2549823909069,826.3709222575626,841.0864868164062,242534
2017-09-22,866.3788762925243,889.8318076571309,855.34220270918,876.9556884765625,210564
2017-09-25,864.0795169178383,938.1171977181427,861.780210060686,922.9417724609375,265328
2017-09-26,887.5325449333151,910.0657546233318,847.0647397757339,863.6197509765625,290736
2017-09-27,834.6483343516105,853.962510683714,819.0130487494316,821.772216796875,283194
2017-09-28,831.4292706485398,863.1597018845738,821.7721828810513,842.4659423828125,225812
2017-09-29,850.7435940658986,853.0429010768876,821.7723257274383,824.531494140625,167982
2017-10-02,816.2540850153429,833.7288203565164,796.0201809360893,821.3125610351562,190440
2017-10-03,829.5899979510097,864.0796042959795,824.0716609358144,852.5830688476562,187456
2017-10-04,870.5176035991468,877.4155243883635,852.5830095471833,873.7366333007812,192662
2017-10-05,870.977440976283,875.5760547089984,830.9695015016597,835.568115234375,213302
2017-10-06,836.0281130197247,893.9706555062403,814.4146249493577,891.2114868164062,346776
2017-10-09,905.9268953693446,929.3798251479419,889.831747482072,924.3213500976562,174134
2017-10-10,938.1173519470532,939.9567977351846,878.795225279813,887.5325927734375,226610
2017-10-11,897.6494380242239,919.2629234684547,846.6048234644447,918.3432006835938,298534
2017-10-12,908.6861003942382,914.2044370363085,885.2331696654395,894.8902587890625,167940
2017-10-13,915.1242658126453,918.3432958933932,875.1163205233487,890.291748046875,186880
2017-10-16,888.4522887882268,894.4304874187894,820.8526581195574,838.327392578125,282650
2017-10-17,823.1518169841935,839.246964243661,806.136947024185,831.4293212890625,263312
2017-10-18,827.2906376698899,836.9477268255695,810.275766300359,812.5750732421875,185112
2017-10-19,827.750417555275,839.706812475518,817.173606664291,825.4511108398438,183182
2017-10-20,809.3560090728743,813.4947613919969,783.6037724205555,789.5819702148438,248438
2017-10-23,776.2460232494986,790.0418648949282,751.8733696759066,773.9467163085938,248544
2017-10-24,764.7494972402933,773.4868637150772,740.8367047829902,746.3550415039062,220682
2017-10-25,746.3550960492485,749.5741260383703,720.6028561362738,726.5810546875,229660
2017-10-26,732.5591706437525,734.8584775195961,681.9744193751947,692.0913696289062,290606
2017-10-27,684.733571557585,716.0041443352317,673.2370374481562,699.9089965820312,209812
2017-10-30,684.7337245220501,742.676269377509,684.7337245220501,730.260009765625,199624
2017-10-31,710.4858211225444,711.4055438683341,691.1716434609607,697.1498413085938,185582
2017-11-01,707.2667654147323,740.3767830414298,696.2300928724998,702.6681518554688,246908
2017-11-02,713.705112913486,742.6763900485051,711.8656667461833,722.90234375,159864
2017-11-03,734.8584232667133,734.8584232667133,688.4124278036733,703.1279907226562,228736
2017-11-06,703.5878108964196,759.6908912424086,698.9891977533057,747.7344970703125,238412
2017-11-07,736.2381151372736,741.7564520402387,709.106292031028,728.4204711914062,169902
2017-11-08,744.9753770633137,761.0705240986322,738.07745690532,741.75634765625,177958
2017-11-09,752.3332836577106,752.3332836577106,720.1429842347034,733.0191040039062,195626
2017-11-10,728.8802625377921,733.9387375459407,694.8505215738825,699.9089965820312,194658
2017-11-13,707.7267926406092,710.0260999591297,681.0548277457715,685.6534423828125,180300
2017-11-14,675.0764738736087,689.7920373367937,661.7404944850974,671.3975830078125,191084
2017-11-15,684.2738170546559,685.1935399270411,663.1201909897942,681.5146484375,157792
2017-11-16,675.0766353812269,688.4126179602838,672.7773280400102,684.2738647460938,98204
2017-11-17,692.5512705537461,724.7415686538538,686.5730723351547,713.7048950195312,223398
2017-11-20,695.3103306361606,697.6096372850898,666.7989281894398,675.9961547851562,221918
2017-11-21,684.733539889223,704.9674389860166,682.8940945167872,689.3321533203125,165990
2017-11-22,703.5879469651443,725.6612943209135,701.7485013521634,717.3837890625,196488
2017-11-24,704.5076293945312,727.9605596158897,698.9892928718587,704.5076293945312,87968
2017-11-27,727.0408652586955,731.1796178123503,706.3471024904214,720.1429443359375,121880
2017-11-28,721.5226346712726,724.2818034463062,698.529561545993,706.8070678710938,143004
2017-11-29,689.3323151012562,689.3323151012562,663.580073843304,668.6385498046875,247018
2017-11-30,660.8208102624393,681.0547112029733,649.3242756371359,663.1201171875,205760
2017-12-01,663.1201360192838,700.3689092630854,659.4412448347108,667.71875,218804
2017-12-04,657.6018643943212,660.3610330561156,638.2876837617607,641.5067138671875,181346
2017-12-05,630.9299360329601,631.8496589717836,594.6008799494296,613.4552001953125,244998
2017-12-06,599.6593167422058,612.9952984795708,580.3451362949875,588.1627807617188,161424
2017-12-07,566.0893619798294,579.8852034578106,553.6731046496462,564.7097778320312,198818
2017-12-08,568.8485135428513,589.0824137820473,568.3886521737787,581.2647705078125,139652
2017-12-11,585.8634164130274,607.0170405535292,573.4471587653416,583.104248046875,161136
2017-12-12,576.2063899025275,587.7029260139107,572.0676369024295,586.783203125,114644
2017-12-13,583.1041135204082,669.0981744260205,583.1041135204082,653.462890625,344886
2017-12-14,648.40455050519,658.5215009386043,620.3530061216321,650.703857421875,242542
2017-12-15,670.0179758533793,670.9376985381472,638.2875432288885,645.6453247070312,174398
2017-12-18,659.4412880021752,682.8942208390727,659.4412880021752,675.5364379882812,192774
2017-12-19,679.6751960523201,693.4710390033143,665.8793531013257,682.8942260742188,170594
2017-12-20,694.3908629402282,734.8586748201885,690.2521094525049,724.2818603515625,242870
2017-12-21,723.3620091330241,761.0706453370343,719.6831177960476,746.81494140625,211806
2017-12-22,759.6910161447553,786.362976760007,748.194481396802,777.6256103515625,224876
2017-12-26,794.6406163386918,833.2689796329337,784.5236640473427,829.590087890625,237312
2017-12-27,838.7873608643395,839.7070838477434,801.5385800364824,824.9915161132812,185956
2017-12-28,832.3491835261376,841.5464120733877,801.5384678928497,823.61181640625,225566
2017-12-29,832.3490307782148,841.0863962946712,807.0566569147883,816.7137451171875,208718
2018-01-02,841.5464631074705,889.3720544534688,834.6485412787207,888.4523315429688,219708
2018-01-03,879.7149408468443,889.3720311541019,802.9180798319865,842.926025390625,263272
2018-01-04,833.2689887152778,862.7001229745371,817.1738371672453,856.721923828125,181430
2018-01-05,836.0280470277554,859.4809790400852,830.5097100836779,837.8674926757812,140280
2018-01-08,830.0499302655801,833.7288219232669,791.8814293170798,800.158935546875,206462
2018-01-09,774.4067411131621,774.8666025983836,745.4354675442016,753.2531127929688,192564
2018-01-10,779.0052715916642,800.1588976207177,762.4502599167528,778.54541015625,192196
2018-01-11,788.6623520724639,804.2976406849792,787.7426292129041,797.3997192382812,133116
2018-01-12,816.254075824549,872.3571728671377,816.254075824549,864.9993896484375,281128
2018-01-16,875.5761226034309,917.8833722250253,862.7000031533804,911.4453125,244194
2018-01-17,897.6495058583378,926.1609143435924,860.8605916838158,865.9190673828125,286236
2018-01-18,869.1379690062649,876.0358893952035,808.4362695836052,814.8743286132812,298214
2018-01-19,831.4294151735918,845.2252572395253,822.232187129636,824.531494140625,165120
2018-01-22,830.0499493584135,847.5246851343802,810.7357677112926,829.590087890625,140568
2018-01-23,814.4145239853277,873.7366434625199,790.0418702466363,867.298583984375,229370
2018-01-24,912.8248863755342,942.7158776170505,902.2480740900746,917.8833618164062,310374
2018-01-25,926.6207359577048,933.0587956616292,816.253998176142,826.830810546875,377158
2018-01-26,841.5464861883875,864.0796981136504,829.1302265560997,842.00634765625,148268
2018-01-29,816.2540384680577,818.553345618672,744.9755167990161,755.0924682617188,315316
2018-01-30,779.0052402820273,781.7644087836165,715.5443647454749,725.6613159179688,254040
2018-01-31,747.2747821207485,772.5671593617584,696.6900276387286,759.6910400390625,357848
2018-02-01,736.6980110568047,764.7495582942986,723.3620295832421,755.0924682617188,249022
2018-02-02,716.4639823402135,716.4639823402135,657.6017296190664,665.4193725585938,403744
2018-02-05,672.3173057242616,680.5948101723031,644.2657628725653,671.3975830078125,214260
2018-02-06,643.806012471517,659.9011627833049,614.3748804728191,618.0537719726562,294538
2018-02-07,604.7178549423335,641.5067738741865,592.301594802833,600.5791015625,300610
2018-02-08,606.0973736437868,634.6087827226295,592.3015305411209,605.6375122070312,285658
2018-02-09,606.5572120952761,607.9367963532638,521.4828495193656,563.7901000976562,480106
2018-02-12,578.9656447405649,642.8863950336058,566.5493838922764,622.192626953125,306860
2018-02-13,630.4699764237957,647.9447095413043,613.9149661019455,637.8277587890625,257440
2018-02-14,639.2073777199394,737.1578607806208,618.0537522702148,727.9606323242188,505270
2018-02-15,733.9388334896488,742.2163391305095,685.1935224934691,731.6395263671875,297708
2018-02-16,710.9458006968307,721.0627525825553,639.2074145980561,664.9596557617188,354456
2018-02-20,639.2073121221896,653.0031533910138,601.4986793207366,609.7761840820312,264370
2018-02-21,631.38974572384,673.2371360085227,607.01708984375,607.01708984375,320106
2018-02-22,622.1925703737672,629.5503539110771,602.8783885883288,604.7178344726562,209518
2018-02-23,609.7761676805135,633.6889585699454,601.0388017786057,626.3311767578125,157922
2018-02-26,645.6452243163382,660.3607849845167,635.9881376278458,658.981201171875,178372
2018-02-27,640.5870195927511,642.4264654494424,589.5423970695671,602.4185180664062,330940
2018-02-28,607.4770677825551,617.1341597003701,594.1410837055724,595.9805297851562,167612
2018-03-01,579.425356712567,629.5502486821463,555.5125642133182,621.7326049804688,389128
2018-03-02,640.1269911349177,648.4044953306278,609.7761424173138,614.374755859375,270800
2018-03-05,605.6373777659568,619.4332178061836,598.7394577458434,617.1339111328125,175204
2018-03-06,641.0469264660852,675.5365387221515,640.12720347259,651.1638793945312,348712
2018-03-07,644.7257441118156,653.0032500989859,598.7395997386476,607.9368286132812,325452
2018-03-08,611.6156391054951,617.1339756989282,595.060629325196,612.0755004882812,241756
2018-03-09,599.6591358343161,632.3092881688532,599.1992745338296,609.3162231445312,251438
2018-03-12,600.1192743339453,624.4919345176229,587.2431519727572,622.192626953125,218624
2018-03-13,625.4115685433015,633.6890745975511,602.4184961703861,615.2946166992188,179822
2018-03-14,614.3748938043021,627.2510143331348,608.3966949873441,615.2946166992188,112098
2018-03-15,605.6375848121672,609.3164767472449,590.9220170718564,599.1995239257812,237668
2018-03-16,598.7396650938231,599.6593880816783,578.045897867078,590.462158203125,199762
2018-03-19,590.9219397342566,617.1340413411458,580.8049882368608,607.01708984375,247068
2018-03-20,597.8198251716799,601.4987164035056,583.5641216483552,589.0824584960938,162886
2018-03-21,610.6959955412394,663.1201999777614,602.418489577578,650.2440795898438,487260
2018-03-22,636.9081190949946,648.864516998583,621.732690986594,624.9517211914062,224842
2018-03-23,666.7990017267247,686.1131797077746,655.302467214195,664.4996948242188,324376
2018-03-26,676.9158774447278,689.7919946787308,673.2369868064413,675.9961547851562,200832
2018-03-27,644.2657760368899,658.9813398007589,632.7692418463672,642.4263305664062,223648
2018-03-28,623.5720257806522,626.7910554122633,595.5204818480418,601.038818359375,298810
2018-03-29,598.739741772677,624.4919887306415,598.2798802198562,623.572265625,208408
2018-04-02,643.8059307150197,664.9595541527989,631.8495348588835,643.3460693359375,269690
2018-04-03,627.7108988337492,630.4700676198315,607.4769944024781,614.8347778320312,171472
2018-04-04,640.1270348734446,640.586896249072,603.3381248232466,609.7761840820312,196608
2018-04-05,597.8198469083991,619.4333336812413,597.3599854877003,618.5136108398438,156070
2018-04-06,635.0686194474337,640.5869564737691,625.4115296513467,635.9883422851562,201030
2018-04-09,633.6890033503388,652.5433205762922,618.0537158946701,634.1488647460938,154748
2018-04-10,645.185504932228,662.200375696656,638.7474457240661,649.7841186523438,146324
2018-04-11,671.397595206765,722.4422068971423,669.0982883738651,694.8505249023438,341684
2018-04-12,671.3975765830592,682.4342490748355,662.6602108604029,664.039794921875,161174
2018-04-13,683.3540094439564,711.8654149523853,681.5145639272836,699.4491577148438,188284
2018-04-16,710.4859225248614,710.4859225248614,686.1132662829083,697.6098022460938,142736
2018-04-17,691.1718703898558,721.0628694419787,686.5732551510678,712.3255004882812,128108
2018-04-18,730.7198008611393,753.2530105793243,725.6613252101182,727.9606323242188,219844
2018-04-19,734.8584081848487,754.6324454513998,708.6463122733742,737.15771484375,197592
2018-04-20,709.5661014747119,711.8654083492248,691.1716464786078,700.8287353515625,201174
2018-04-23,673.6969720851109,676.916001985859,654.3827926806232,658.5215454101562,186172
2018-04-24,667.258814931158,684.2736847812288,662.2003401108666,679.2152099609375,161390
2018-04-25,653.922966951069,672.777285970052,643.8060152823465,655.3025512695312,133704
2018-04-26,668.1786859071766,674.6167461980922,652.0835351798873,664.9596557617188,139142
2018-04-27,674.1567544561983,674.1567544561983,657.601745479102,666.339111328125,119966
2018-04-30,641.5065335400532,653.9227890279251,632.7691685671061,636.4480590820312,199730
2018-05-01,628.6304488300684,648.8643476951181,622.1923901002799,647.02490234375,176806
2018-05-02,655.7625044937972,708.6465774368454,652.5434739668291,669.558349609375,301360
2018-05-03,701.7485042122786,704.0478112378759,678.2955725511868,691.1716918945312,181122
2018-05-04,685.1934362041643,699.9089999347235,672.7771793065049,694.8505249023438,128898
2018-05-07,681.9744582031906,700.8287756585721,681.9744582031906,683.8139038085938,144550
2018-05-08,674.1568704561812,699.9091110738798,658.0617200701196,688.8724365234375,244596
2018-05-09,692.5512183140813,705.4273365828691,680.1349614120361,686.1131591796875,155188
2018-05-10,708.1866130997649,728.8803777682646,705.887305914376,727.5007934570312,223534
2018-05-11,736.6981612538584,737.617884301616,704.0479930584627,712.3255004882812,146482
2018-05-14,716.4639527500466,717.8435367412213,687.4926889353785,693.4708862304688,125912
2018-05-15,648.404534536309,661.2806529526329,633.6889706319389,649.7841186523438,285658
2018-05-16,648.4046179579608,662.2004608932365,644.7257265085539,649.3243408203125,177012
2018-05-17,649.3243023218794,649.7841637257901,640.5869356475765,648.8644409179688,128284
2018-05-18,637.3678616080314,661.7405143246444,634.1488320039505,649.7841186523438,157572
2018-05-21,653.003166717233,664.0398399575242,641.9664934769418,663.1201171875,151154
2018-05-22,666.7992129346331,671.8576897224132,641.5068289957333,642.8864135742188,160822
2018-05-23,638.2876431768833,663.120159554082,634.6087518617428,658.5215454101562,192470
2018-05-24,666.7991289528467,686.1133106190671,664.49982161163,684.2738647460938,201580
2018-05-25,670.9377717775517,671.397633170134,643.8059496151969,647.9447021484375,209222
2018-05-29,626.7911963455929,649.3244088334388,622.1925815521549,635.528564453125,195612
2018-05-30,642.8863389756945,660.8209364149305,642.4264775028935,658.061767578125,160272
2018-05-31,653.003161867345,658.5214984465058,637.3678748930565,638.28759765625,178186
2018-06-01,634.6087698950125,649.7841970011976,625.4115413458095,641.966552734375,152362
2018-06-04,655.7624186197917,657.6018643943212,638.7475452053931,641.5067138671875,109388
2018-06-05,641.5066964903228,652.0835094073676,632.7693292979816,649.3243408203125,155436
2018-06-06,653.0033253815214,659.4413863359872,641.5067879628327,651.1638793945312,136614
2018-06-07,653.4630161583001,655.7623230413342,643.8059272495567,648.404541015625,99576
2018-06-08,647.4848643358531,647.4848643358531,636.4481905119466,638.7474975585938,129272
2018-06-11,640.1271278564799,653.0032482443976,636.9080977595005,650.2440795898438,131536
2018-06-12,644.2657920941018,652.5432969175806,639.6671783032803,643.3460693359375,94964
2018-06-13,646.1052435885049,657.6017781719303,618.0536992049471,650.703857421875,279760
2018-06-14,660.3609394028357,668.1785828358777,655.7623256186935,660.82080078125,150862
2018-06-15,638.7475174613621,640.5869631559952,624.4918133279551,634.6087646484375,252638
2018-06-18,631.3897346828295,640.5869631559952,630.0101504118546,634.6087646484375,111386
2018-06-19,617.5938748261559,627.2509644548599,616.214290593484,621.2727661132812,134612
2018-06-20,622.1925333689633,629.0904550249385,602.4184912885011,607.9368286132812,177202
2018-06-21,607.9368558668252,622.1925612615844,604.7178256163957,614.8347778320312,101682
2018-06-22,619.4331904505029,636.4480590820312,618.053606507406,636.4480590820312,127842
2018-06-25,632.309439974657,634.6087470291104,616.214290593484,621.2727661132812,119952
2018-06-26,607.4769944024781,620.353115404196,604.7178256163957,614.8347778320312,131178
2018-06-27,607.0170684673819,618.5136038550216,596.4402559107533,598.7395629882812,154918
2018-06-28,600.1190956074861,606.5571548707082,593.681036344264,601.038818359375,81260
2018-06-29,610.2360227703612,633.6889520554315,607.9367159777072,627.7107543945312,185166
2018-07-02,612.0755362150533,619.8931801787315,599.6592781550935,608.8565063476562,151426
2018-07-03,625.4115633400537,647.0250511907761,623.5721175655242,641.5067138671875,206150
2018-07-05,657.1419097539361,665.4194145653923,651.6235732129653,660.82080078125,148516
2018-07-06,664.4996626344446,681.5145328887521,661.7404944850974,671.3975830078125,146418
2018-07-09,693.4709612736937,699.9090205958632,670.9377536461001,673.237060546875,132914
2018-07-10,659.441146461492,672.3172636866816,648.4044745541868,667.2587890625,122030
2018-07-11,648.8644576709419,658.5215474024017,617.1340199818598,619.8931884765625,237472
2018-07-12,632.7693979846845,640.5870431632743,625.4116142871882,626.7911987304688,136216
2018-07-13,618.9733693014362,626.3311508087342,613.9148945151688,614.374755859375,169232
2018-07-16,607.0172943185069,614.8349412907907,599.1996473462231,602.8785400390625,141236
2018-07-17,588.1628976747971,602.8784666549328,585.8635900216509,593.2213745117188,205420
2018-07-18,587.2431184497033,602.4185475090927,577.1261657434437,600.5791015625,152542
2018-07-19,570.687873494369,604.7176097059591,570.2280121942124,578.045654296875,315156
2018-07-20,592.7613951539136,597.8198709853278,582.6444434910849,588.1627807617188,148392
2018-07-23,580.8049685972394,586.7831670071872,563.7900961996957,568.8485717773438,194284
2018-07-24,574.3668372447096,587.702816652313,572.987253168061,584.02392578125,118726
2018-07-25,597.3600419605051,602.4185180664062,584.9437824278388,602.4185180664062,168918
2018-07-26,593.2210375548927,600.1189565962287,576.2061705862641,577.5857543945312,158394
2018-07-27,585.86347264299,588.1627798354664,572.5274909266268,575.7465209960938,128552
2018-07-30,577.1261137675464,578.0458366580126,563.3302704105532,565.6295776367188,107374
2018-07-31,565.1696645883413,584.0239821213943,559.651327749399,567.9288330078125,164822
2018-08-01,567.4689400550162,572.0675538317992,555.5125442353806,557.3519897460938,158064
2018-08-02,558.2716271193484,560.1110723487367,538.0377295960772,540.3370361328125,178496
2018-08-03,551.8337628362176,570.6880830664551,545.3957022697952,551.3739013671875,229782
2018-08-06,548.6145322863864,549.0743935875486,531.1398028422266,532.979248046875,138916
2018-08-07,544.4758259327524,545.8554099511631,512.2855321698363,514.5848388671875,212250
2018-08-08,516.4243099558205,522.8623690291789,502.1686077219555,517.8038940429688,203142
2018-08-09,525.1616431795552,538.9574831930287,515.9644165039062,515.9644165039062,197032
2018-08-10,513.6651240737735,526.0813804300777,503.54817445011815,506.3073425292969,189270
2018-08-13,493.4312831377742,493.4312831377742,446.98528164950284,455.2627868652344,329736
2018-08-14,459.40159379473386,464.91993125773365,441.4669970399845,444.2261657714844,151340
2018-08-15,415.71474056603773,417.5541863207547,352.2538620283019,365.58984375,561472
2018-08-16,379.38563520737114,388.1230013515409,332.01991347845086,332.93963623046875,352262
2018-08-17,343.51648347274113,366.50955465565556,336.6185621178668,359.61163330078125,604816
2018-08-20,372.48773193359375,382.6046826774691,356.3925830228829,372.48773193359375,425424
2018-08-21,375.2469203911939,384.4441488321545,365.5898305281852,378.9258117675781,258032
2018-08-22,388.5828962452288,388.5828962452288,372.48774669660986,382.14483642578125,211784
2018-08-23,369.7285902956699,370.1884517263859,336.15870585340133,345.8157958984375,427242
2018-08-24,360.53138725609296,396.8604428597044,357.312357012735,384.4441833496094,469996
2018-08-27,390.8822062864142,408.3569402145127,388.5828991906117,406.97735595703125,244912
2018-08-28,418.01402684841776,423.07250242084086,369.2687167868861,382.14483642578125,523352
2018-08-29,384.90403443120846,390.42237184240855,372.02791380507483,380.305419921875,205572
2018-08-30,372.02790259591546,372.947625470071,358.69192092066015,363.7503967285156,263308
2018-08-31,363.7504089589919,374.7870838199474,356.3926257183549,359.15179443359375,229848
2018-09-04,346.2755912574562,349.49462065825594,327.4212761956292,340.2973937988281,319344
2018-09-05,343.97634628061803,344.4362077061269,325.1220278347553,329.72064208984375,301562
2018-09-06,335.6987833372304,344.8960102779764,323.28252696722325,326.5015563964844,344128
2018-09-07,325.12196600487323,337.0783607943028,313.6254325534986,327.8811340332031,297588
2018-09-10,327.88113860861876,329.2607226420351,310.8662688631505,315.92474365234375,271268
2018-09-11,300.749331570932,316.8444792849727,294.3112724853157,313.16558837890625,309828
2018-09-12,309.02688144115695,353.1735787898936,305.80785142614485,345.8157958984375,471010
2018-09-13,357.7721145733684,360.99114388186916,328.8008507968617,337.9980773925781,373960
2018-09-14,336.6185676207286,339.8375976389596,321.9030018231011,324.66217041015625,209542
2018-09-17,333.3994953487668,353.1735343832454,326.50157475534405,348.5749206542969,280878
2018-09-18,349.49460937500004,355.93266796875,336.158630859375,344.89599609375,205044
2018-09-19,355.47279596270084,383.06447482138395,354.5530733340781,373.86724853515625,320690
2018-09-20,392.72164642839005,396.86039914250654,369.26871438172975,389.0427551269531,335044
2018-09-21,366.50954161619285,384.4441365007995,361.9109275432168,372.9476013183594,296186
2018-09-24,376.62651696669315,383.98429995993746,359.15178235773794,363.7503967285156,259228
2018-09-25,371.10818907004506,378.9258336972951,361.91096009680973,366.0497131347656,190542
2018-09-26,359.15173379893065,371.10812954639823,344.4361698020474,350.41436767578125,330352
2018-09-27,329.2607163616229,332.01988437582645,320.06348964761105,326.04168701171875,321350
2018-09-28,332.47975096831453,349.9544820012273,330.64030559642896,340.2973937988281,266008
2018-10-01,333.39956447642334,346.7355470554803,333.39956447642334,342.1369323730469,161260
2018-10-02,354.09330133806196,372.4877585504288,352.25385561682526,366.96942138671875,249378
2018-10-03,369.2686788611046,374.7870152824412,352.2538082286502,353.6333923339844,181292
2018-10-04,362.3707843269269,376.1666263698303,349.03480368545377,356.8524475097656,237450
2018-10-05,362.8306646384543,367.8891403178244,348.5749604511386,350.874267578125,175980
2018-10-08,331.10021033653845,359.1517559344952,329.72062612680287,358.69189453125,194918
2018-10-09,351.79391070110046,354.09321730698997,337.07834842340736,339.3776550292969,165378
2018-10-10,339.3776539350411,347.19529636985914,322.82264642601467,346.27557373046875,275318
2018-10-11,367.42923604443087,418.47384831092876,357.7721472372556,411.575927734375,618536
2018-10-12,408.35685815704005,418.47380734561534,382.6046238588483,409.2765808105469,297426
2018-10-15,425.3718679139355,452.96355664348806,420.7732531256767,431.3500671386719,392040
2018-10-16,441.92679404192427,445.6056851473721,411.57594242197945,429.97039794921875,272350
2018-10-17,426.29151119000346,438.7077687974793,410.6562238324413,416.174560546875,203088
2018-10-18,418.93371782984053,436.8683116776603,410.19635159628734,412.0357971191406,225970
2018-10-19,423.9922232539276,432.2697286970628,416.17457922429986,420.773193359375,147360
2018-10-22,413.8751940780811,417.5540846921085,400.99907692898523,409.2765808105469,199278
2018-10-23,442.8465273978268,450.66417118366587,415.7147048469734,423.5323486328125,262538
2018-10-24,423.5323780239028,434.10919093872343,405.59778221181574,411.1161193847656,223680
2018-10-25,415.71468542117884,418.0139923095703,367.88910214263615,371.5679931640625,302642
2018-10-26,379.3856620788574,396.8603956049139,363.7503741871227,364.2102355957031,261982
2018-10-29,366.04965442246964,378.9257729197424,350.41436767578125,350.41436767578125,227368
2018-10-30,349.49464001798196,371.1081243348835,338.91782854375356,353.6333923339844,251526
2018-10-31,343.05662342960034,343.05662342960034,322.82272070721103,329.72064208984375,353132
2018-11-01,349.49466508688386,367.4292597426582,346.7354966783032,356.8524475097656,345006
2018-11-02,354.0932856432679,365.589820891426,349.0348101340784,355.4728698730469,173490
2018-11-05,351.7940058441937,372.0279094483042,351.7940058441937,362.3708190917969,153584
2018-11-06,361.91094866300887,368.34900874087685,345.8157984683388,349.49468994140625,158072
2018-11-07,358.691872844465,360.9911797216731,340.29741782680014,341.677001953125,197686
2018-11-08,336.15873774467354,348.5749975519323,332.01998447558725,337.0784606933594,185502
2018-11-09,322.8227140626401,326.5016053909893,314.5452085738545,320.5234069824219,267282
2018-11-12,313.6254617889966,317.30435283637485,295.69086793302756,299.8296203613281,195824
2018-11-13,303.5085564823059,305.3480022791683,281.89506836917195,286.4936828613281,231404
2018-11-14,285.57401968579774,310.8664046821244,283.7345735042467,300.74945068359375,252280
2018-11-15,308.1070806249718,320.52333611284377,306.26763536750923,318.2240295410156,185314
2018-11-16,330.18049689398873,337.0784181382921,326.5016055636936,331.1002197265625,188398
2018-11-19,331.10028277386675,347.6552969125601,330.64042127001414,334.7791748046875,159942
2018-11-20,340.75724975413766,340.75724975413766,309.9465402621981,326.04168701171875,200026
2018-11-21,335.23893463094663,356.39255739229577,334.77907326656947,349.9544982910156,223286
2018-11-23,340.29744930512214,344.89606348492106,319.143824078047,322.36285400390625,144026
2018-11-26,326.50170250276545,333.8594873478982,309.0269634955752,311.7861328125,166594
2018-11-27,311.78610849380493,313.1656930446625,287.41344809532166,294.3113708496094,275182
2018-11-28,289.71271026966184,326.50162585946015,287.8732644901719,316.3846740722656,293984
2018-11-29,321.4431407581676,323.2825864849668,303.508544921875,303.508544921875,150386
2018-11-30,303.50861021529795,304.42833327655643,287.87331817390384,296.6106872558594,175930
2018-12-03,312.70574806709965,319.1438075861282,302.12893600012427,310.8663024902344,157016
2018-12-04,321.90294602338,325.5818368350758,309.02682818244483,312.7057189941406,200016
2018-12-06,318.6839117191764,325.58183188625816,309.026823485262,315.92474365234375,192344
2018-12-07,320.0635471573795,351.33412360379015,318.6839629023908,343.5164794921875,260264
2018-12-10,337.53834382780303,355.01308097420156,327.421390743046,334.7791748046875,194988
2018-12-11,340.757271203712,350.41435986130705,331.5600439107643,341.2171325683594,124822
2018-12-12,340.2974294354839,359.1517464717742,338.91784526209676,356.392578125,175400
2018-12-13,349.03485451783655,355.9327765438807,346.7355471758218,354.5531921386719,105234
2018-12-14,336.61854338842977,343.97632575757575,326.501592630854,333.859375,151952
2018-12-17,340.2974449157715,370.18843669891356,340.2974449157715,367.8891296386719,215128
2018-12-18,368.80892123665325,399.15978009154,364.67016775644146,395.0210266113281,238084
2018-12-19,403.2985076494114,429.0507498710386,337.9981791588568,342.1369323730469,409878
2018-12-20,383.0645886274751,390.42237184240855,368.80888364854144,380.305419921875,236778
2018-12-21,379.3856557832079,386.28357679744806,355.93272433479143,376.1666259765625,192092
2018-12-24,393.18143437417706,411.575887444314,389.50254376014965,409.2765808105469,153796
2018-12-26,424.91194381170203,427.6711122780118,375.2469114181265,387.20330810546875,278770
2018-12-27,398.93679057082085,407.6793499950949,388.8138270269246,403.0780029296875,162732
2018-12-28,401.2374508863304,410.900279405382,391.1144876758955,393.4151611328125,131004
2018-12-31,398.936755152401,424.24416176529843,388.81379250724206,423.7840270996094,183288
2019-01-02,421.02329299319035,438.0482786114942,410.9003285714961,427.4651794433594,197808
2019-01-03,445.87041907449367,479.92037883869654,440.80893856900406,473.9386291503906,289916
2019-01-04,449.55159672069925,472.09819676093906,444.95024977371156,465.65631103515625,232158
2019-01-07,474.8589518897587,478.0798943928869,444.0299307883887,448.171142578125,176312
2019-01-08,427.9251942932006,458.2940790494922,420.56304041288746,457.3738098144531,199792
2019-01-09,450.9319621324539,479.000176101923,449.5515581667423,471.1778869628906,220458
2019-01-10,465.65633298750976,473.0184884497629,440.3489235860147,442.64959716796875,177752
2019-01-11,449.551548744791,453.23262590953846,435.74750937698775,440.8089904785156,135242
2019-01-14,449.5515655838816,453.2326428865132,429.76577508223687,437.1279296875,126750
2019-01-15,438.50829942641855,446.330588083553,408.59954867855157,414.581298828125,210606
2019-01-16,414.58130594327304,424.2441332738044,409.0596903258266,416.4218444824219,132720
2019-01-17,409.5198867881233,426.5448708456071,407.679347971098,421.02325439453125,126462
2019-01-18,404.9185169646886,409.05972907000927,377.31043626255075,382.3719177246094,219870
2019-01-22,385.5927786381287,394.3353356716901,378.23062534670856,388.813720703125,136428
2019-01-23,379.61110901804756,400.77730418753873,377.31043563005943,394.3354187011719,123556
2019-01-24,386.51310614819795,396.1759338019029,384.2124328973158,390.1941833496094,77660
2019-01-25,407.67936269876657,434.82731123062575,404.9185543734928,429.3056945800781,226266
2019-01-28,433.4467787517827,459.6744500775275,430.68597124380955,458.7541809082031,169982
2019-01-29,471.1778414461248,487.28255282367786,459.21434156565675,486.8224182128906,329454
2019-01-30,479.46034641388025,524.09341129118,473.47859545094315,502.9272155761719,319030
2019-01-31,520.872532330774,534.6765747070312,517.6515891096473,534.6765747070312,268662
2019-02-01,524.5535602072011,533.2961195439877,502.0069598123302,529.1549072265625,206432
2019-02-04,506.14810428103885,521.7926820497255,500.626488597973,510.74945068359375,147974
2019-02-05,516.7312291440888,524.0933837890625,499.2461118622764,524.0933837890625,129044
2019-02-06,503.84750508949844,527.7745098974016,489.58332914632547,491.8840026855469,171938
2019-02-07,496.02518316530717,499.70626059139477,468.41710246965,469.3373718261719,186738
2019-02-08,481.3008108700023,505.6879456463982,478.07986854104433,500.62646484375,169652
2019-02-11,476.2392935139662,495.564946004388,473.0183514322292,479.4602355957031,119254
2019-02-12,488.20284781560343,491.88392489621117,471.63800095286854,483.60150146484375,131758
2019-02-13,477.15964209896396,506.1481256594603,477.15964209896396,480.3805847167969,210736
2019-02-14,480.840728168558,500.16638422892106,477.6197854918308,498.7859802246094,174744
2019-02-15,510.7494420706187,528.6946927379648,491.4237875057845,528.2345581054688,212418
2019-02-19,549.8610494451005,598.1752002331638,547.1002408286398,593.5738525390625,364376
2019-02-20,607.377699047739,630.3844300722747,588.5121796076199,599.0952758789062,400304
2019-02-21,575.1683353598601,575.1683353598601,552.1616019454657,563.204833984375,230738
2019-02-22,571.4873097243818,593.5737758006865,564.5852890755366,568.7265014648438,218428
2019-02-25,559.5238014155983,572.4075731587207,537.4373355702458,538.3576049804688,206716
2019-02-26,544.7993593096235,549.86083984375,518.5716874509676,549.86083984375,214722
2019-02-27,537.897428894043,546.6399876185826,507.98867536272326,515.350830078125,225348
2019-02-28,513.5103550857135,514.8907592660514,495.5651007413203,497.4056396484375,202254
2019-03-01,485.4420286846645,502.00687516110804,450.9319318587405,453.23260498046875,344238
2019-03-04,437.5880799833059,455.0731977954674,424.70430896381845,451.3921203613281,281332
2019-03-05,444.95022325331416,454.15291659878085,435.28739524057414,452.3123779296875,155134
2019-03-06,450.9319699870506,453.69277796656314,417.3421395696479,419.18267822265625,207994
2019-03-07,419.6428720317503,440.8090695245798,415.9617942069104,431.146240234375,221546
2019-03-08,463.81576833417336,490.96371509182836,450.93199699155747,484.9819641113281,374222
2019-03-11,484.52177753948956,488.66298931333137,451.8522179902932,473.4785461425781,230582
2019-03-12,479.92045653623074,503.3873244972545,478.54005253852347,500.1663818359375,228420
2019-03-13,511.6695898263425,525.0134909998711,499.70609222248913,516.2709350585938,258678
2019-03-14,484.98194098657416,491.4238263507222,471.17790092054264,474.8589782714844,223134
2019-03-15,485.90217464022356,496.9454058820468,469.79746241256464,483.60150146484375,208518
2019-03-18,490.50355473049933,494.64476673103826,463.3556093936331,470.25762939453125,184522
2019-03-19,488.00319645119447,490.7759418855763,476.4500904746037,478.7607116699219,183784
2019-03-20,485.2304265663468,523.586736475877,465.35908528791543,516.1927490234375,371478
2019-03-21,519.8896683473638,525.8972822927111,488.927350321343,518.5032958984375,298912
2019-03-22,501.4048631581634,518.9655864761452,492.16237720133086,499.5563659667969,263234
2019-03-25,512.9580062271713,539.2990930334314,506.0261412781554,533.7536010742188,311806
2019-03-26,526.3596117952685,537.9127200436283,516.192876536712,533.7536010742188,198234
2019-03-27,527.2837496569557,536.0641100806912,502.79116531706205,506.4881591796875,256172
2019-03-28,479.68498198840086,481.5334790288186,451.4954021220305,452.88177490234375,377286
2019-03-29,466.7454748124522,469.5182202073777,452.88174783782495,453.3438720703125,170750
2019-04-01,457.04089392768014,458.42726671006943,408.0557222832574,415.9118347167969,403968
2019-04-02,416.3739152602728,425.1542752935083,413.1390457743439,418.222412109375,175610
2019-04-03,421.4572926961219,429.3134045117294,415.91180200275187,423.7679138183594,204968
2019-04-04,406.6693517111947,454.2681508319368,402.5102333414211,449.1847839355469,328554
2019-04-05,448.2604883537918,451.95748207217355,435.32101033945554,451.0332336425781,195682
2019-04-08,469.51821269970367,475.52582762597945,459.3514797475448,472.7530822753906,231688
2019-04-09,480.60925633030143,483.8441263248323,472.7531434864407,481.0713806152344,172136
2019-04-10,477.3743754556317,485.2304881204388,459.81365302841584,463.04852294921875,250700
2019-04-11,443.1771532639925,451.03326546992355,425.1543076150919,430.6997985839844,283196
2019-04-12,430.6998012188354,439.0180377230618,421.91944046437413,422.84368896484375,209346
2019-04-15,408.5178731848321,422.8437262037572,401.123884529903,415.4497375488281,211784
2019-04-16,398.35110042839005,401.1238459070099,388.1843670067838,389.57073974609375,292586
2019-04-17,385.87371130092663,394.654071198792,376.1691029927596,384.949462890625,213378
2019-04-18,379.8660741345636,388.1843093345905,356.7598652455999,361.8432312011719,339218
2019-04-22,365.5402367199474,366.4644851060914,335.5021641702678,339.19915771484375,246174
2019-04-23,329.0324676513672,339.1992012023926,325.79759788513184,332.7294616699219,230148
2019-04-24,334.1159006486153,359.99486390770585,328.57040852166733,350.2902526855469,346680
2019-04-25,352.60080918908756,365.07816416694516,340.5855784696691,345.6689453125,294714
2019-04-26,359.53266576162315,383.10100246322054,357.2220445163685,377.5555114746094,312378
2019-04-29,369.69943576388886,370.6236843532986,343.3583509657118,349.365966796875,307748
2019-04-30,347.97959391276044,359.9948255750868,346.5932210286458,349.365966796875,243624
2019-05-01,343.8204788036561,359.0705806860763,321.63851242922664,329.0325012207031,573524
2019-05-02,314.24450319204755,319.78999442484843,303.61564499584597,309.6232604980469,441390
2019-05-03,317.47939046223956,329.9567464192708,312.3960232204861,316.093017578125,325746
2019-05-06,312.3960665325786,325.7976729370827,310.5475690974746,317.9415588378906,217336
2019-05-07,321.17639768009786,341.50986746128393,312.39603572913114,338.73712158203125,287072
2019-05-08,345.66892889674983,351.2144197346656,319.32784741664994,323.02484130859375,347014
2019-05-09,322.5627816803376,332.26739259049106,317.01728973167855,319.3279113769531,283716
2019-05-10,323.48689443057344,325.79751510507754,311.933791058053,313.78228759765625,240576
2019-05-13,330.4188444682161,344.2825722081413,319.7899865342735,341.50982666015625,365414
2019-05-14,340.1234361530173,343.3583057903422,322.56271526468214,335.0400695800781,268372
2019-05-15,335.96433143615724,341.5098224639893,328.5703433990479,332.7294616699219,170242
2019-05-16,324.4112998607547,324.8734242195307,311.0096934562506,317.9415588378906,291720
2019-05-17,312.39600677709154,324.41123780697967,308.23688834366874,322.1006164550781,221802
2019-05-20,318.8656982600601,322.5626918630754,313.3202078555374,315.6308288574219,172528
2019-05-21,311.00962368484835,318.4036117665089,305.4641326236029,316.55511474609375,165906
2019-05-22,314.70659074159425,316.5550876035126,291.60037996761525,296.6837463378906,271526
2019-05-23,306.8504833385257,317.47934044211917,296.22162623493216,301.30499267578125,306344
2019-05-24,301.76711068276387,306.3883528065428,297.14586855898494,304.53985595703125,144726
2019-05-28,295.29736068702005,302.22922361394535,291.60036712599316,298.9943542480469,192496
2019-05-29,300.3807127197645,303.1534577602547,293.4488501185392,297.1458435058594,142838
2019-05-30,297.14590866986447,315.6308796602137,291.60041737275964,314.2445068359375,242002
2019-05-31,325.3354718543046,352.60080259209434,325.3354718543046,348.90380859375,501726
2019-06-03,367.38876448492533,403.43445458533307,363.69177062847325,400.1995849609375,550970
2019-06-04,382.176753041936,402.048095703125,379.86613180226294,402.048095703125,339214
2019-06-05,416.373924525917,426.54065742222133,382.17673205652983,390.95709228515625,331056
2019-06-06,398.3511081664615,403.8965992314238,388.64649880277733,398.813232421875,231480
2019-06-07,411.29054427006827,415.9117863405185,389.1085823319073,393.2677001953125,304142
2019-06-10,370.62369128184713,373.85856140525476,355.3735892714968,362.767578125,277558
2019-06-11,356.29783444104737,382.1767951786591,356.29783444104737,374.7828063964844,206592
2019-06-12,386.335916988769,403.4345161856403,384.4874197782964,396.04052734375,200018
2019-06-13,399.27531533694133,416.3739110168798,395.1161974688482,413.6011657714844,234492
2019-06-14,431.1618964995998,443.6392504175946,401.12382225257517,414.987548828125,467948
2019-06-17,414.98754262344613,426.54064793033496,405.7450583779351,418.222412109375,215438
2019-06-18,438.093759027708,445.0256223034629,415.44967232690874,431.1618957519531,404228
2019-06-19,427.0028192967544,449.64690819885504,417.7603340305909,449.1847839355469,339566
2019-06-20,507.8745473942286,527.7458900129292,498.16993820835165,524.97314453125,532538
2019-06-21,529.132229886878,532.8292236328125,494.01078930050005,532.8292236328125,375288
2019-06-24,549.0035225455217,589.2083259642594,537.9125422920768,586.897705078125,394134
2019-06-25,601.2235898693634,608.6175771390865,520.3518541067665,555.0111694335938,618930
2019-06-26,524.9731923378662,573.4962426859963,514.3443336901804,552.238525390625,317092
2019-06-27,546.6930338195956,549.9279038421968,531.9050565734188,543.9202880859375,218214
2019-06-28,548.8187473715284,559.6324660911274,534.0307713889388,554.0869750976562,284510
2019-07-01,505.1942133035713,519.2428019463063,467.6697463397832,476.9122314453125,293380
2019-07-02,497.24559822150906,553.2550240810599,496.32134989767724,546.0458984375,370050
2019-07-03,549.558146744879,553.8097237785909,532.5520078449895,545.1217651367188,132850
2019-07-05,499.0942301628292,534.585397983515,484.76837726000724,530.611083984375,211080
2019-07-08,533.7535165230817,542.2566141292431,517.6715698242188,517.6715698242188,121670
2019-07-09,522.1079802065518,549.9278364257846,511.75638612091296,545.491455078125,144780
2019-07-10,575.6220837875601,591.2419095100312,558.4310803915643,590.77978515625,249520
2019-07-11,584.5871894956867,598.2660563232947,548.0793729184858,561.7582397460938,181670
2019-07-12,563.5143875621986,587.5448513694424,556.8597863024763,583.2932739257812,149670
2019-07-15,583.1085571247594,598.3586614522939,573.9584719635719,596.1404418945312,137570
2019-07-16,583.7553400569743,623.8677482102659,582.5538282686776,596.6024169921875,268410
2019-07-17,609.1720806246941,680.2468031366452,608.6175541650555,676.6422119140625,310330
2019-07-18,676.2727156732354,802.617511280067,657.0483559683718,796.2401733398438,495780
2019-07-19,767.1262262062708,811.0280283084369,731.4502580100124,771.3777465820312,356730
2019-07-22,771.7474381408032,801.6006511123036,771.7474381408032,791.711181640625,246580
2019-07-23,787.7369358102069,813.2462266556164,728.4001745532898,753.6322021484375,264470
2019-07-24,773.6882743136916,797.6263292390574,758.3457742070065,794.1141967773438,170940
2019-07-25,780.5279845564803,780.5279845564803,708.6214509027626,715.18359375,324480
2019-07-26,735.2397090182848,740.8776025127202,703.2607322969216,713.150146484375,143780
2019-07-29,724.5183762263268,756.1276278124428,701.3197064858467,753.6322021484375,162010
2019-07-30,760.2867884072431,789.4930746572392,752.2458716408,777.4778442382812,190350
2019-07-31,766.941438390219,779.8809181388519,643.0921322247312,650.116455078125,469080
2019-08-01,614.7175918199687,763.0594608753478,610.0039475174468,749.1033325195312,450180
2019-08-02,739.3987558638513,773.5959483225545,725.5350291914041,742.910888671875,228610
2019-08-05,814.0780623487447,873.3224246695681,800.3067936331752,837.2767333984375,479610
2019-08-06,833.6721059894297,847.9055547539087,797.9036795166444,830.1599731445312,243230
2019-08-07,918.3333194265035,961.2184739037958,880.6239905787622,882.6573486328125,428560
2019-08-08,859.5511488096142,941.6244085103948,838.3858345161996,929.42431640625,242120
2019-08-09,906.964893330572,932.196861968688,875.632908155467,881.9177856445312,197800
2019-08-12,888.2028125294681,921.1984954114885,827.0175502695615,829.143310546875,272170
2019-08-13,868.8860403486319,873.4148808138099,720.9138698780653,773.9657592773438,418080
2019-08-14,815.2795483899225,830.3448434983371,750.9518777923117,755.5731201171875,250830
2019-08-15,751.9685339938355,802.2476734178639,738.104806918642,791.341552734375,185790
2019-08-16,758.5306808807259,773.041392190708,718.880401552608,721.74560546875,221220
2019-08-19,676.0877822589011,732.3745388489441,659.2664481643875,687.9181518554688,220740
2019-08-20,702.8910272098283,782.0066810806183,700.0258792493746,761.580810546875,278980
2019-08-21,740.6003717428545,761.3035623840977,730.1563741294107,743.465576171875,207570
2019-08-22,726.5516809942463,746.2382180276545,709.9152089626215,712.225830078125,162290
2019-08-23,732.0047939741357,831.8236295160634,725.9971788720753,822.9508666992188,400680
2019-08-26,840.41919836514,862.2314980734332,795.038616955656,823.8751831054688,259720
2019-08-27,820.7325149380009,908.9982302269414,813.7082502126474,892.4541625976562,316510
2019-08-28,895.3194677096527,919.5347879198193,849.8464335552015,878.0360107421875,232270
2019-08-29,881.2708815214418,882.9345174197505,776.9232107934154,805.0203857421875,346150
2019-08-30,797.9961543989253,849.8464711855536,788.0142257581274,809.6416625976562,229470
2019-09-03,844.578128860827,895.8739121590816,844.1160046869687,862.8782348632812,275100
2019-09-04,857.0555921414569,909.4604915011391,854.9298319497497,907.5195922851562,224870
2019-09-05,845.6873509860508,846.6115994570738,744.1124214559625,755.66552734375,394240
2019-09-06,772.6716555163471,801.6930775824563,693.1862938244741,693.3711547851562,368750
2019-09-09,700.9502499561086,702.3366230324366,615.9193679413239,635.8831176757812,404360
2019-09-10,629.5057063950208,657.0483601324793,615.549574933416,619.8935546875,371400
2019-09-11,622.6662455356204,659.7285889996913,620.540485200343,626.6405029296875,297780
2019-09-12,675.7179665747951,694.3877950922723,587.5447051627148,592.9053344726562,522080
2019-09-13,602.0555742274793,618.1374663843724,542.3490794694953,542.6263427734375,442830
2019-09-16,590.5023651616146,607.0463787907331,559.8173049291847,591.9811401367188,394840
2019-09-17,602.05541265106,647.4359851942353,590.317447033304,636.80712890625,342010
2019-09-18,637.7314135120213,643.6466259991104,559.2626996326225,578.3946533203125,547310
2019-09-19,600.1145661965802,636.8072445448479,597.2494182850604,625.901123046875,315880
2019-09-20,629.6905392218268,680.1545449718396,617.675307816346,677.75146484375,352350
2019-09-23,688.5651366950262,729.6941951956017,687.4560272059388,727.7532958984375,357410
2019-09-24,701.5705518427535,762.2344081407077,682.8619924878792,757.4183349609375,390110
2019-09-25,737.968970843849,748.8977170548865,645.1671372346636,656.2811279296875,370680
2019-09-26,667.4876570467295,685.1773999877146,622.0128855051581,624.884033203125,252830
2019-09-27,590.4307972768842,628.9592784563414,576.2604694479758,592.8388061523438,357250
2019-09-30,558.4778706443557,582.002500078983,515.8742519882356,529.2110595703125,545680
2019-10-01,523.9319195337332,593.6721816760617,521.7090993621696,556.3477172851562,476820
2019-10-02,587.2817936888506,596.0803700251589,562.5532085771194,584.5032958984375,354190
2019-10-03,578.8536745319396,624.6062915784158,571.0738585347588,577.0013427734375,304020
2019-10-04,568.3879878304496,616.4559610529415,565.8873287544409,615.1593627929688,312750
2019-10-07,594.3204541080955,623.9577521752229,577.9273123089838,590.06005859375,309140
2019-10-08,618.6788894298464,639.4250304892681,600.9891414004378,637.2022094726562,358970
2019-10-09,638.1281489844348,641.7402177222284,598.3030250274961,605.249267578125,249920
2019-10-10,609.6022918912308,620.5310361474976,574.8710771814829,615.9002075195312,300520
2019-10-11,592.7461392470882,595.5246367748089,548.3827727763431,556.6256713867188,403080
2019-10-14,550.2350931033886,569.4993874542017,544.2150152509284,554.2176513671875,153740
2019-10-15,537.9169824220419,540.880723720765,495.5912021539137,497.9066162109375,387580
2019-10-16,515.2259100228678,534.3049552278038,502.5374300451925,533.00830078125,276650
2019-10-17,522.8206316736457,572.6483439888882,522.3575487403652,561.9974365234375,302600
2019-10-18,554.4027099609375,571.2589353208259,533.934472649499,554.4027099609375,205840
2019-10-21,566.9061125953318,569.036339342496,510.1321554511786,515.50390625,253640
2019-10-22,517.1709741249213,526.803063946508,494.6651013200059,516.33740234375,260890
2019-10-23,525.8769713845719,544.1224503884391,524.4877225750695,534.3051147460938,237060
2019-10-24,542.9185141806171,576.2604897921757,539.5842827022497,573.667236328125,288090
2019-10-25,614.6962250028988,623.1243107907734,567.4617713362491,596.358154296875,428430
2019-10-28,572.185161012911,578.9461593509553,549.308856802887,557.6443481445312,300890
2019-10-29,542.5479431706515,589.8750519832887,539.4916071739423,574.7785034179688,276130
2019-10-30,584.0399601764518,597.4693603515625,547.9195045330508,597.4693603515625,395720
2019-10-31,618.2156354239456,645.7227693844981,607.2868909274288,643.1295166015625,324320
2019-11-01,629.8852098856689,652.1131845657619,618.2155457900852,651.0018310546875,259780
2019-11-04,645.4450087568985,654.7066673326686,618.4009544099138,623.772705078125,193260
2019-11-05,581.1690216064453,595.5245910644531,562.5531122110784,574.2227783203125,360480
2019-11-06,580.6133212979389,608.9539701489146,570.5180921851428,597.0990600585938,218610
2019-11-07,578.297843560185,579.6870920089727,518.7453481658849,528.840576171875,559830
2019-11-08,504.66784581419944,531.5266582070772,502.07453594642334,509.2986755371094,321650
2019-11-11,504.76031756990756,518.0971265538647,494.94298354607076,507.63140869140625,255540
2019-11-12,507.90940755373816,535.8795728071909,485.1256922550931,533.1937255859375,335400
2019-11-13,544.4003248022211,552.3653857533341,532.9159011356629,538.5654907226562,336750
2019-11-14,544.4002650532104,560.3303286783976,533.4715195351356,560.052490234375,312620
2019-11-15,544.8633733234288,565.2390225871405,538.380212194066,540.2325439453125,205140
2019-11-18,541.4364350024169,563.5718174102776,536.2499297954819,561.6268920898438,223890
2019-11-19,552.3653216184373,582.4657109841758,548.1049248986964,553.9397583007812,310910
2019-11-20,553.383877936497,569.5917739430053,537.2685758671353,564.4978637695312,296160
2019-11-21,562.2752767309362,568.2027609068804,518.7454808668394,522.0797119140625,349390
2019-11-22,529.9520350735921,531.8043665093414,508.0018962542298,517.1709594726562,214560
2019-11-25,509.39117092311227,525.5064778510578,499.48118592851,501.7966003417969,200190
2019-11-26,504.9455613675834,549.0310269860204,498.27715688421694,544.86328125,302310
2019-11-27,531.4338714776467,540.8807729966786,516.1521373090761,535.8794555664062,238170
2019-11-29,537.9169775846914,577.1864222501407,536.3424847343415,576.0750122070312,249830
2019-12-02,564.7758551130197,583.3918203437953,556.6256079332094,581.4468383789062,266900
2019-12-03,616.641232500626,640.2584624751862,615.9003111012776,638.2208862304688,350420
2019-12-04,626.1807072541512,631.5525143957746,600.062875562124,624.050537109375,196940
2019-12-05,612.4734575594761,654.428758728554,611.8251301669335,630.53369140625,213640
2019-12-06,588.115261733872,606.4533326050363,565.7020388785947,568.2026977539062,301710
2019-12-09,577.0938542032773,581.5394950107283,563.2940184935505,571.9073486328125,152250
2019-12-10,580.2427419564276,586.6333071369255,567.7395064952756,576.81591796875,163350
2019-12-11,583.4844726397615,633.5900214089436,581.4468965089351,627.7551879882812,330250
2019-12-12,650.4462326305877,658.5038864284855,604.3231869122177,622.5686645507812,331400
2019-12-13,608.768735698297,633.4047785464403,594.3205726209432,624.4209594726562,232780
2019-12-16,629.5148538829484,631.6450237423279,598.303057679683,600.4332275390625,194530
2019-12-17,602.0076866536272,608.4908463560508,586.7259530693427,589.8749389648438,139750
2019-12-18,591.1716968271605,604.9715916792413,583.4845309787327,600.155517578125,170650
2019-12-19,606.1754241383403,610.3431696060601,589.5044422674616,605.7123413085938,171860
2019-12-20,610.7136837875381,610.7136837875381,575.8898196303915,579.594482421875,213460
2019-12-23,588.3005545248021,640.4436801574066,584.2254022058944,639.7027587890625,299140
2019-12-24,656.1884710653168,712.4067465822934,652.0207249541045,711.8510131835938,325610
2019-12-26,741.6734360506949,770.3845710008063,720.0937878616667,755.3806762695312,425410
2019-12-27,750.1943125670318,757.4183946415718,717.7785089375922,723.6133422851562,251060
2019-12-30,735.0050475287295,780.6650599365308,729.3554595960236,776.497314453125,284980
2019-12-31,806.0420981034553,812.9883417212525,770.3847141987628,773.0706176757812,287810
2020-01-02,805.3011787165448,815.4890027141089,761.4008963337529,778.998046875,270590
2020-01-03,824.1949930058219,824.2875869771578,744.6373257636347,754.084228515625,407030
2020-01-06,804.6526222644719,809.2834500359395,735.6532884696053,756.0289306640625,375320
2020-01-07,756.6774008813779,794.1871129201733,743.4332422573644,792.2421875,246850
2020-01-08,778.4422523050532,782.6099978557644,676.1009448931455,692.031005859375,547740
2020-01-09,670.4514158955328,695.8283237879489,659.3374267818309,661.1897583007812,269490
2020-01-10,672.9519918188344,706.3866083412302,668.8768965542397,690.3639526367188,281200
2020-01-13,677.0272277944496,677.6755551869921,628.0330323371152,630.53369140625,283350
2020-01-14,626.9216810855532,676.1010646861873,626.643786110001,673.4151611328125,351020
2020-01-15,685.5478805058193,721.4830993067637,667.0245660178408,708.8872680664062,304980
2020-01-16,696.4765274842845,706.2012662324029,673.5076320325564,691.9382934570312,196560
2020-01-17,707.4979773859742,714.1663249819657,671.0070274042818,686.1961669921875,291560
2020-01-21,668.321093214447,718.7971198393253,662.6715055064307,715.8334350585938,302070
2020-01-22,716.2040436059399,724.7247807686358,697.3102941011911,719.1677856445312,158630
2020-01-23,702.0335616348574,732.5044340850923,683.3250042275095,689.993408203125,279540
2020-01-24,690.5492143129242,735.1904182417225,690.5492143129242,726.5770874023438,306250
2020-01-27,752.5097575519359,756.8627483782795,685.8258159596412,703.7008056640625,328830
2020-01-28,687.2149214275274,700.3664851379384,642.1106423677235,652.1132202148438,289670
2020-01-29,648.3160120393554,702.9597901969582,643.9630217956429,693.1424560546875,228630
2020-01-30,707.590590933264,717.5005751748431,681.2874625855342,694.5316772460938,253890
2020-01-31,698.5143264194768,731.4858095333419,696.8472391211227,708.5169067382812,263480
2020-02-03,690.919665826016,700.9222448566367,664.3386968671895,673.044677734375,233550
2020-02-04,652.5763276260953,665.7278918318764,624.7913567105023,653.965576171875,286030
2020-02-05,652.9468146544507,674.526464031623,640.1657393754588,654.2434692382812,178900
2020-02-06,666.3763267368171,686.7519753653229,656.6515853459392,679.5278930664062,236530
2020-02-07,691.0122304538176,702.9597910153489,645.167026691947,646.64892578125,257230
2020-02-10,663.0420717012673,688.5116293908461,649.5200180652342,674.4338989257812,222350
2020-02-11,667.2097986642419,681.6579610977818,649.8904886186597,672.2110595703125,192790
2020-02-12,671.9331955396316,676.7492683433746,653.872964922095,658.0407104492188,174780
2020-02-13,677.9533016320017,696.2913714359861,666.0057413278391,681.2874755859375,232780
2020-02-14,690.2713574067651,708.7020793840992,677.4902807100412,678.3238525390625,218040
2020-02-18,707.590785562557,763.6238255187543,692.4942918883595,761.3084106445312,360610
2020-02-19,794.001971785857,836.2351684570312,769.6438212400715,836.2351684570312,353270
2020-02-20,817.4338806228004,855.962410319004,792.242217067161,818.3600463867188,353940
2020-02-21,863.1864630116917,893.00901091504,850.0348982995564,884.76611328125,361860
2020-02-24,968.7692906927969,974.6967735914851,847.4415879387277,884.8587036132812,506760
2020-02-25,840.0324525680219,883.1917599341356,746.5822927304054,754.9177856445312,403830
2020-02-26,756.4922034037302,789.463739333247,733.6158971624865,752.6949462890625,296930
2020-02-27,779.8316496058956,786.5926490390235,602.0078055152401,605.3419799804688,589250
2020-02-28,515.6890373691515,517.5413687221503,393.6204125122594,432.88983154296875,1079890
2020-03-02,479.2908277613122,505.50131003170253,461.9715150466172,502.6302185058594,493940
2020-03-03,532.5452841964423,628.8665182076248,500.5925671446557,566.8134155273438,1143370
2020-03-04,590.1529307256174,600.526000250912,540.6030544089763,585.2442626953125,420120
2020-03-05,604.5083686699493,628.4034326208368,566.7208191047469,619.6048583984375,440460
2020-03-06,627.8478716917037,628.5887930888211,523.3763153664589,583.2066650390625,540720
2020-03-09,501.8893131494164,527.5440628109556,430.66713434239585,455.7662353515625,388370
2020-03-10,463.91640157443317,487.34841115202113,402.0485430403115,459.8412780761719,494130
2020-03-11,426.1288467474153,438.9099221774016,299.42936127819917,319.1567077636719,625220
2020-03-12,223.29861059323022,305.63475582878254,101.8782519429275,122.43913269042969,2059930
2020-03-13,107.43521419524781,109.19493032373141,32.41579738649718,41.39960479736328,4162410
2020-03-16,38.89895927615282,82.79921472959913,36.58354503352468,75.94558715820312,5126930
2020-03-17,80.02072914007988,126.79209649768264,79.46503105519358,120.40155792236328,5846850
2020-03-18,99.65543677197846,121.8834226154296,46.30828911951454,47.04922103881836,6141230
2020-03-19,41.58484169627093,57.88535674144517,32.4157997752093,38.34326171875,10465210
2020-03-20,47.32708216116785,49.54988202014873,30.74871253967285,30.74871253967285,8385900
2020-03-23,37.04662892050532,42.04792523799028,32.60103415665305,37.139244079589844,7662650
2020-03-24,53.22857614516786,53.414365952863506,46.44727474162044,52.20673751831055,7546780
2020-03-25,52.94989972363696,66.69829757451586,49.23411728689051,58.6164665222168,7605590
2020-03-26,64.19013047261988,66.6982874905984,51.18489391023067,54.71488952636719,6288840
2020-03-27,49.141232032217495,52.578328503058195,40.037560765832424,42.824398040771484,5969490
2020-03-30,44.31071266587549,48.305178653492646,35.392831403658015,39.480194091796875,5866550
2020-03-31,38.086771389232965,42.45281662306944,36.04309026449606,36.87914276123047,4908360
2020-04-01,36.135982977211825,39.758868462413375,36.04308629688603,39.01571273803711,4086640
2020-04-02,41.43097655696921,44.58939333570711,40.87361055773152,41.988346099853516,4062950
2020-04-03,42.545708379460095,44.31070646214918,39.94466137100747,40.13045120239258,2461880
2020-04-06,44.868069852141566,48.305169133856744,43.38175837317364,46.91175079345703,3913400
2020-04-07,49.23411703909716,49.60569669836016,44.58938901654082,45.704124450683594,3790880
2020-04-08,47.00464837882693,48.8625396751228,46.447282407396735,47.654911041259766,1781760
2020-04-09,52.85700941704768,57.13015803119032,51.83516706591168,56.572792053222656,4463350
2020-04-13,56.758582676925656,67.53435172583126,51.463594851646796,65.67646026611328,5350630
2020-04-14,68.5561897366006,75.70906819088358,62.332249816999,65.95513916015625,6955210
2020-04-15,60.28856752485878,65.8622408167602,58.33777974650565,62.610931396484375,3174300
2020-04-16,63.72566175005027,66.69829168953953,60.84593203311687,64.28302764892578,3183360
2020-04-17,61.31041172572545,63.35408928166587,57.780419032064465,58.52357482910156,2845080
2020-04-20,59.17383612898972,64.74750625130204,58.988046298061846,63.632774353027344,2808920
2020-04-21,58.059099948767454,62.518041659749784,57.68752029163685,61.31040954589844,2474990
2020-04-22,65.95514607747396,70.59987467447917,65.86225292299252,69.67092895507812,3378920
2020-04-23,73.03371428536349,81.28274964028955,71.55668692079313,74.01839447021484,4896400
2020-04-24,77.5483921699805,78.76530880067571,70.29332124505349,75.9970474243164,3559000
2020-04-27,76.22000821710874,77.70632012824838,71.90970013115668,76.63803100585938,2363100
2020-04-28,75.91345735178425,77.59484710237972,72.59712089154613,76.31290435791016,2158200
2020-04-29,74.98449435841523,80.89258928748355,74.01839002734759,80.57674407958984,2862800
2020-04-30,76.11780250876524,79.02539960041793,70.2654425647778,71.11078643798828,3432700
2020-05-01,67.42288880736886,74.8730311090955,66.41962562839497,74.3063735961914,3180500
2020-05-04,75.69977232507905,78.02213624425688,74.9937787964994,76.86095428466797,2125200
2020-05-05,76.60085545192483,79.88003237698628,72.53207616240292,79.00682830810547,2278900
2020-05-06,75.57900681665659,77.02815953581135,72.53206669572002,74.28777313232422,2026200
2020-05-07,76.22927648024263,83.41932079234134,74.61291306105522,81.32919311523438,3116800
2020-05-08,80.76252390780252,84.0695676145406,78.82102413053912,80.52099609375,2132000
2020-05-11,80.65104948667943,81.40349308736891,74.82656421463663,76.33145141601562,2192700
2020-05-12,78.3194122774749,82.45322503094302,75.88557899921663,77.19538879394531,2611000
2020-05-13,79.56419780926836,80.75324712925965,74.1391514276919,77.28827667236328,2192300
2020-05-14,76.19210453356523,82.1930985225367,75.5604213287941,80.92044067382812,2526900
2020-05-15,85.71380056847472,91.03666155104096,84.71054478670307,90.91590118408203,2721100
2020-05-18,94.67815750459373,95.45847568893353,88.04548483052952,90.84161376953125,2640800
2020-05-19,93.9535652393073,101.30152894897701,93.28472321765473,99.48078918457031,3086300
2020-05-20,100.19607773934287,102.38839002639646,96.69394869221121,99.30429077148438,2580500
2020-05-21,95.67211622897666,96.15517196474096,89.77331241626531,93.88854217529297,2152500
2020-05-22,95.23551182652838,98.09666633698335,92.5508592703079,93.1268081665039,1533900
2020-05-26,93.35904545937815,93.35904545937815,85.84387793823056,86.39195251464844,2303400
2020-05-27,81.09696469785578,86.54987157247422,78.69099158262344,86.53129577636719,2672500
2020-05-28,89.58750682675227,91.3153460341276,84.38540632563117,86.6241683959961,2110600
2020-05-29,90.98093588125641,92.47653888970858,88.92796692077131,90.64651489257812,1865300
2020-06-01,93.75850318943931,98.51470840487447,92.73666419080243,98.08738708496094,1992700
2020-06-02,99.51793935498742,99.75946719489153,90.16345746730786,90.56290435791016,2817300
2020-06-03,85.06356524705481,87.72035075907887,82.04449144587237,84.61766815185547,2823200
2020-06-04,87.64600956909598,89.17877111509507,84.47830898883703,87.62743377685547,1950100
2020-06-05,81.31061209167761,84.37613558973459,78.2729629166116,84.01384735107422,3217700
2020-06-08,85.4630079665667,86.89358525474316,82.55541035565159,86.47555541992188,1415900
2020-06-09,87.32087963857157,88.95582575241636,84.55261884651479,85.24004364013672,1600100
2020-06-10,88.14764972356572,94.2229549570126,82.3603224530132,93.95355987548828,3303500
2020-06-11,91.96561917693933,94.01858820910091,79.43414436646303,82.04447937011719,3033300
2020-06-12,85.34222876066104,87.45093200444879,80.40023880323474,81.45923614501953,2068500
2020-06-15,75.69978160350003,86.76352807243212,74.07412666082118,85.50945281982422,2805900
2020-06-16,85.55590527474091,86.28048185217362,78.97896742416201,79.90791320800781,2048500
2020-06-17,80.7811138798043,83.04774356197312,79.91719413105085,81.6357421875,1393200
2020-06-18,79.74069209508274,81.7657939184559,77.72488171275654,78.75601196289062,1486800
2020-06-19,81.6357319928173,86.7263567009214,80.16800341716674,84.13459777832031,3299000
2020-06-22,89.17879510022323,94.34373138184378,88.53782024250633,92.41152954101562,3513200
2020-06-23,96.14587871844952,98.17098060200135,94.16722695422001,96.6103515625,2011400
2020-06-24,93.6005695156569,97.02837428532278,88.38918363852939,91.20388793945312,3082400
2020-06-25,91.00881366433117,92.48583396278023,87.82252954926703,92.43009948730469,1529400
2020-06-26,89.5503512336388,94.5852343460051,86.6427471653586,94.08360290527344,2226200
2020-06-29,94.59452900347229,96.601047747359,92.69018775187887,96.28520965576172,1261100
2020-06-30,95.38412768836213,103.70747882023652,94.41802348279296,102.49056243896484,2323600
2020-07-01,102.76925539785908,102.89930722274856,96.71253283761538,102.54631042480469,1854100
2020-07-02,101.15289658289873,107.1167262686895,100.6698479378957,101.25508117675781,1768400
2020-07-06,104.92441671095422,107.70196952909683,102.88073895268064,106.05773162841797,1359900
2020-07-07,104.85937179498113,112.9226195034091,104.56210950059499,111.41773223876953,2015800
2020-07-08,117.49303417383584,121.36672825957491,114.09309011995227,119.80610656738281,2521900
2020-07-09,121.46893790203485,124.0421215292515,112.68111928102235,118.91433715820312,2345900
2020-07-10,121.2367021005275,121.69189061100775,114.39966804910453,117.51163482666016,1476000
2020-07-13,121.7383346000791,123.22463918822518,108.70522071340515,110.15438079833984,1875600
2020-07-14,109.662033708593,118.71925353932862,108.32434974258148,118.57991027832031,1672000
2020-07-15,118.35695974902423,120.8558256271435,113.88872668989097,120.84652709960938,1198800
2020-07-16,117.50231660458466,120.30772895094705,113.28490310177206,115.37503051757812,1370700
2020-07-17,118.90504474506197,125.35192990776704,117.19578812875233,124.38581848144531,1739400
2020-07-20,128.07376246617028,133.89825703564117,127.09838064306399,132.37478637695312,1558100
2020-07-21,142.1286842910933,144.19094476575444,135.0036728645097,139.03529357910156,2088600
2020-07-22,142.94616018805766,148.63130299161972,141.01395154821634,146.95919799804688,2243100
2020-07-23,146.05809435397126,150.46130104716866,132.95067301909708,138.385009765625,2778100
2020-07-24,141.98001515916428,145.36137593451463,138.3850009052418,144.39527893066406,1714000
2020-07-27,157.92075197935355,164.6927591656508,155.32899999250978,160.7819061279297,2490200
2020-07-28,155.54268331265,161.8223516681255,152.0219708767952,157.54920959472656,1945500
2020-07-29,157.51203923669672,161.56224327714207,146.54119218775355,156.52735900878906,2567800
2020-07-30,145.12917487875708,150.37772630413303,138.11563238884608,142.8904266357422,2219800
2020-07-31,146.4389920097249,152.70937516052913,144.94338894306816,150.34056091308594,1700400
2020-08-03,148.88211884487052,151.41813642469472,142.8346737723705,148.8914031982422,1658100
2020-08-04,147.7302188680815,163.63376313706286,145.51932378574585,162.89990234375,2597800
2020-08-05,172.63524515193905,177.5865268506936,161.98023809399174,167.85118103027344,2747900
2020-08-06,173.0997446537997,174.9669346506827,160.32674081261752,165.9097137451172,2343200
2020-08-07,157.82788127953447,158.78469429246476,147.04282028004843,152.41213989257812,2395200
2020-08-10,155.32900142217562,163.708080604501,149.08648579956815,150.4148712158203,2120100
2020-08-11,130.70265237418045,137.38177398080228,121.93340301901229,123.75414276123047,3511700
2020-08-12,132.5419565724075,134.07472537692576,125.40766089002072,126.1043701171875,1948300
2020-08-13,131.6687635121691,139.7412894253065,129.44858394229442,136.03480529785156,2200600
2020-08-14,137.32604755812898,138.65443313460037,130.66550844330473,135.76541137695312,1344700
2020-08-17,145.64007336775006,152.33777661411753,144.30238958889396,151.29734802246094,1903900
2020-08-18,158.55242689888996,158.6917772424937,143.25270603346564,148.21327209472656,1876500
2020-08-19,145.00843387256265,145.94666395539204,132.2725816994254,134.71571350097656,2625900
2020-08-20,133.77746348199344,140.37298353938712,132.01247234388958,138.81234741210938,1710000
2020-08-21,132.3561682054271,134.04685604065173,127.96225938385275,131.13925170898438,1809600
2020-08-24,135.62605464125772,136.77795226297917,129.38353921147416,130.52613830566406,1279800
2020-08-25,128.75186054792096,129.82942662703033,121.37603051857322,129.58790588378906,1688900
2020-08-26,126.485239607728,137.9855767979476,126.08578561849103,136.68505859375,2111200
2020-08-27,142.4816840342443,142.96472555196937,126.49452364325367,131.9102783203125,2289400
2020-08-28,137.29815278922734,143.42918481017688,135.55173064907018,141.88714599609375,2012700
2020-08-31,143.4478218163201,147.83244752612922,141.38556081829168,144.35818481445312,1474900
2020-09-01,150.47986543806743,150.4891497889088,136.9265417306931,140.18714904785156,2105300
2020-09-02,138.05064258781925,139.34187674534255,130.34038923965923,138.95172119140625,1416400
2020-09-03,136.70365900097102,140.12217253288932,128.6589854612069,137.4746856689453,1680100
2020-09-04,135.56103279243356,136.8522808620298,124.10714532622411,135.60748291015625,1861600
2020-09-08,126.3365829727746,137.00087291953443,123.04812227044677,130.6561737060547,1321400
2020-09-09,133.76820563370026,143.2434506978362,133.76820563370026,141.72927856445312,1552900
2020-09-10,145.35212797792903,147.4422557046429,136.28562347512346,138.47793579101562,1430100
2020-09-11,140.49375591656027,143.81008476902917,132.84852242867828,134.50204467773438,902200
2020-09-14,139.6205364803098,149.13293103152103,139.3418499455016,148.5384063720703,1605600
2020-09-15,154.69731088375937,155.59838925700555,147.24716314268937,148.93785095214844,1359700
2020-09-16,155.13392024164403,155.50549282388565,148.9935890591081,150.79574584960938,1180300
2020-09-17,143.05761320823188,149.09575922026764,140.1593076583216,147.6466064453125,950700
2020-09-18,149.11438507175495,152.5328988414548,144.74834260899323,145.51007080078125,913900
2020-09-21,134.37197969507073,138.8123386720216,127.59068793647563,130.4518280029297,1990500
2020-09-22,130.05236823529808,132.48620087640631,126.23440171512135,130.26602172851562,1291500
2020-09-23,124.47872747778862,125.1197022976604,108.06425817476499,110.5538330078125,3353400
2020-09-24,107.03311797376978,119.37879931550601,105.54680636446489,117.13075256347656,2128400
2020-09-25,113.42426245644855,117.41873158667937,110.55382379962371,115.17068481445312,1082800
2020-09-28,119.78754008860251,121.19954146147066,115.82094523660871,119.18373107910156,1364000
2020-09-29,119.9176028999694,124.20004335425338,119.73181658576317,122.58368682861328,1073600
2020-09-30,120.36349784263388,122.89021703652593,117.36299310844976,119.83399200439453,951700
2020-10-01,123.45684749543005,126.6431378335334,120.86509586670041,123.5125961303711,1194500
2020-10-02,120.76293766495688,123.91206293400577,118.0318351144464,120.11267852783203,1173700
2020-10-05,121.9426779530707,126.76390729480559,121.24596883835949,124.44154357910156,1062700
2020-10-06,127.64641882072652,129.002671464514,115.76520369758724,116.45262145996094,1360500
2020-10-07,119.67606585872623,122.22138195895569,117.37227760400386,119.41596221923828,905900
2020-10-08,122.02629175451409,125.00821329821298,120.29845241158058,124.3486557006836,970200
2020-10-09,130.05238076353638,137.90196805327577,129.95019618309593,137.251708984375,1746700
2020-10-12,136.2856433465662,139.08176507692525,133.30372111818397,136.4156951904297,853800
2020-10-13,130.80483072421518,133.68456782133188,126.35518743307024,131.97531127929688,1198900
2020-10-14,135.7468181136272,140.07569361530412,134.04684605171562,136.6571807861328,1102500
2020-10-15,130.98132359058457,135.71895160305647,130.23816430976368,133.508056640625,895500
2020-10-16,133.30369657296458,134.32554242558797,128.7611530546393,129.1048583984375,856500
2020-10-19,132.83922590853606,133.02501220076377,124.56231689233444,124.84100341796875,949100
2020-10-20,124.99891975988625,129.26277673334025,122.97382512179766,127.55352020263672,890000
2020-10-21,129.80157700104104,134.6878403911174,129.07700049844783,130.869873046875,1119200
2020-10-22,126.93112296501633,127.8879357745358,122.06344304287666,126.52238464355469,1080600
2020-10-23,126.2158281201903,126.33659557830123,120.63287043314658,123.54975891113281,1050600
2020-10-26,121.13450306476936,125.20328941242776,117.68812275556334,118.7842788696289,1029800
2020-10-27,117.67882877921721,122.4814829129774,116.6755658312242,122.34213256835938,865200
2020-10-28,114.41822192220134,115.40290902653636,103.02006311923236,104.19053649902344,2004000
2020-10-29,101.71955734735072,108.42654664613842,101.39442775958956,106.48504638671875,995500
2020-10-30,109.42979958214059,110.02432422668707,102.93646443461157,109.19756317138672,1129100
2020-11-02,112.40242482783438,115.93242116974139,108.8074025732377,115.25428771972656,1179400
2020-11-03,118.50558307354663,121.78476680574117,116.72200932536673,119.19300079345703,968300
2020-11-04,118.95149199477486,119.9268877513464,111.59423714223887,112.91334533691406,1258100
2020-11-05,121.52467424255074,135.59819488136247,121.44105836308178,134.0933074951172,2235200
2020-11-06,136.94516328818898,138.23639714892843,132.0310471346081,134.79930114746094,1171000
2020-11-09,121.69187377531345,122.3700000954066,113.33136336326902,119.11869049072266,1784200
2020-11-10,118.90504557348632,119.15586487287698,110.08006172232913,110.5631103515625,1274700
2020-11-11,107.09814628086608,108.5565906875098,104.51567847306448,105.85335540771484,1230200
2020-11-12,107.78556648308579,112.56034672754465,107.53475426704156,107.98064422607422,1310000
2020-11-13,114.4460909889178,114.72477749386026,110.75818304223822,112.41170501708984,946400
2020-11-16,111.5384919985422,114.33462009082876,109.40191439683367,111.06472778320312,941000
2020-11-17,108.900282144233,109.04890973619472,105.31455201110037,106.6429443359375,1159000
2020-11-18,105.40747390449607,106.36428687957682,100.22395499142301,100.87421417236328,1824500
2020-11-19,97.84583268403311,101.81242691013972,97.00978030403061,100.15890502929688,1234000
2020-11-20,102.39769222995879,104.831525537439,100.20537971247855,101.36656188964844,1162800
2020-11-23,99.22997623403501,99.22997623403501,92.1514076737764,92.6623306274414,2125600
2020-11-24,85.71381611532118,89.03944340266749,85.4351366593399,87.20941925048828,1815400
2020-11-25,89.1787698418293,91.81697171441664,88.52851081331603,90.48858642578125,1345600
2020-11-27,86.85643725449712,92.4765625,86.75425264368475,92.4765625,873000
2020-11-30,89.91265008895452,94.04645538619188,87.8039394998479,93.90711212158203,1268200
2020-12-01,101.05998677581752,104.13479426441393,97.65075832375717,103.48453521728516,1834800
2020-12-02,103.25230529099676,104.27414403782879,100.39115113003308,103.75393676757812,1010100
2020-12-03,104.09764976153869,104.30201894339496,99.42505416421658,102.07254791259766,1259700
2020-12-04,101.49659950851134,103.19656459140793,98.78407293627953,99.97312927246094,1092800
2020-12-07,99.16495218489828,109.68990852992262,99.16495218489828,107.20962524414062,1359000
2020-12-08,108.22216059364057,108.30576229434476,104.70145597793031,105.416748046875,840200
2020-12-09,103.35450780463648,104.18126896855334,96.23877984240215,99.07206726074219,1682400
2020-12-10,98.56111969652488,102.48127098224475,97.53928102703341,98.91412353515625,867100
2020-12-11,99.03489378679917,100.53978825283012,96.49886910859209,97.2513198852539,714800
2020-12-14,96.14587628625654,98.93271328006107,92.29075036070167,92.72735595703125,939500
2020-12-15,96.35953536932999,100.68841841187844,96.07155739854132,99.8709487915039,1159000
2020-12-16,101.18075869515454,105.50964883453078,98.7469256232567,104.99872589111328,1304200
2020-12-17,110.52596506689608,116.11821519214047,109.95930760977497,114.48326873779297,1793500
2020-12-18,113.9630372209939,114.43680142289672,109.50409586879633,109.91283416748047,828200
2020-12-21,109.81995979026496,114.54828991535256,109.17898500099089,112.04943084716797,1119100
2020-12-22,110.82321644270242,111.39915819716893,101.66381196815183,102.65778350830078,1582700
2020-12-23,105.12877041680035,108.71450095086439,104.970851367905,108.29647827148438,794400
2020-12-24,106.85660460050632,109.89426049281614,105.89979182587086,108.5287094116211,416100
2020-12-28,112.6439542691734,115.1799719870559,107.5347530687279,108.03638458251953,1155100
2020-12-29,109.68990674416044,111.42703061641284,105.99269984804167,107.2653579711914,801600
2020-12-30,108.00850202914916,114.41822810058675,107.75768983501085,114.06523132324219,941500
2020-12-31,114.7247930963344,115.70018890899378,109.78280229259941,111.99369049072266,779600
2021-01-04,123.08528436560026,129.07698027904664,120.6886031653049,127.38630676269531,1947500
2021-01-05,129.77368958069368,129.95947585446063,124.24646643226848,128.09230041503906,708900
2021-01-06,123.95850799938482,127.48850425291339,119.28591258187384,126.59671020507812,1237900
2021-01-07,124.18143272065169,125.63988401916617,120.37276451946065,123.25248718261719,732200
2021-01-08,117.23295119242061,117.91108471051253,103.75395341938713,108.96533966064453,2641800
2021-01-11,105.03586968462781,107.47899385130793,103.39163923229624,103.94900512695312,947300
2021-01-12,104.54355211608082,104.85939025878906,99.66658708902884,104.85939025878906,1266200
2021-01-13,103.98619702917624,105.66758669011337,101.27366985702935,101.51519775390625,827700
2021-01-14,101.74741654526528,104.58070363035736,100.38186529727969,101.56163024902344,1047200
2021-01-15,98.84910585398059,99.09991805050525,91.51043411069337,91.69622039794922,1941700
2021-01-19,95.87647884995798,96.06227223071352,92.19785495851164,94.11148071289062,1038400
2021-01-20,97.3906540970018,102.64848963781662,96.80542091565042,101.3758316040039,1532600
2021-01-21,101.87747008246338,101.87747008246338,96.61034982652527,98.97916412353516,1081200
2021-01-22,92.89456133705546,96.81471295944603,91.03667011031436,94.99398040771484,1308200
2021-01-25,96.22946895465927,97.43710104011706,91.6218997415323,93.48908233642578,928300
2021-01-26,93.46121689470398,96.36881405608821,92.85740084040006,93.78634643554688,646300
2021-01-27,91.26891200734782,91.26891200734782,84.58050602340595,86.4848403930664,1470400
2021-01-28,93.47978744695628,98.42177745255721,89.29953250317494,93.87923431396484,1751200
2021-01-29,99.77805786916214,101.82173550932151,92.80167389934505,93.43335723876953,1362200
2021-02-01,105.28670325710223,109.27188119922313,100.14035026601425,104.14410400390625,2369700
2021-02-02,98.00376640321701,98.00376640321701,92.89456531110618,93.62843322753906,1508500
2021-02-03,94.75246312834757,95.82075212029252,93.02462352784718,94.39017486572266,664900
2021-02-04,88.26840073515129,90.88802683417948,86.24329920559815,90.63721466064453,1961000
2021-02-05,92.19784861552542,94.5480797938738,90.4700092734803,93.9814224243164,1365900
2021-02-08,97.4092477949151,98.63545584959684,95.29125270840059,96.7032470703125,1331000
2021-02-09,97.9944708655246,98.12452268453983,93.91640018583674,95.9786605834961,840300
2021-02-10,97.90157953775807,98.56113008565438,94.00001072033704,96.27592468261719,916100
2021-02-11,97.0283651128109,97.91086768543857,91.5568760942307,92.9502944946289,1147700
2021-02-12,91.0366797237622,96.12730534101021,89.67112839393884,93.68417358398438,935600
2021-02-16,89.5596472396498,93.81421263203276,89.06730012634074,89.84761810302734,1267800
2021-02-17,86.77280528706372,86.94000867852445,84.58049327110288,85.8717269897461,1696200
2021-02-18,85.46300755190046,87.0793711450703,81.69149013873964,82.6761703491211,1313400
2021-02-19,83.93023440612599,85.46299607935555,82.2209778864393,83.48434448242188,871000
2021-02-22,86.3269279663284,94.26012544234355,85.72311181741759,93.00605010986328,2048000
2021-02-23,90.36783952682968,90.8416038338151,84.21822332694018,89.62468719482422,1293600
2021-02-24,86.30835384884209,93.26615559755656,85.13788020835482,92.53228759765625,852400
2021-02-25,87.97114264211889,91.07382453124158,82.58326258861455,82.96412658691406,1803100
2021-02-26,82.36034072286478,82.69475470148873,74.37140091181253,76.63803100585938,2141700
2021-03-01,79.1926230343946,79.95435824519264,73.6282401276224,74.0276870727539,1201100
2021-03-02,74.47357521557386,80.17730125788889,74.3435233842997,78.99754333496094,1549100
2021-03-03,75.60688425533058,76.91670099547243,71.7796257084766,75.01235961914062,1578600
2021-03-04,75.23529558965362,78.78386718828375,71.00859773112451,74.15772247314453,2032900
2021-03-05,74.71510023874932,76.13638597450199,70.59987065273626,75.8112564086914,1380200
2021-03-08,74.13915129687669,75.71836318062923,72.55065505931995,72.93152618408203,1055500
2021-03-09,78.71885914799253,80.99478043806586,76.63802269796865,78.24510192871094,1284800
2021-03-10,79.09971907117318,79.48987452130415,77.05603450361072,78.49590301513672,993500
2021-03-11,79.43414317431167,81.57071388084961,78.47733030493896,80.77182006835938,1265300
2021-03-12,76.19210954092095,81.7007568381876,75.7090609818989,81.04120635986328,1149200
2021-03-15,81.8493891273011,84.04170108915845,81.42207504487693,83.89306640625,1161700
2021-03-16,83.60511131612722,83.84663917770476,81.19914540348603,82.4903793334961,860700
2021-03-17,80.81826935452348,88.05475662191513,79.54561129717057,86.23402404785156,1414700
2021-03-18,82.89911239203091,86.67063675832534,82.10950996345638,83.14064025878906,1089000
2021-03-19,83.19637300355234,85.91818413502814,82.63900701186746,85.5837631225586,667500
2021-03-22,83.50291905292252,86.02036076747073,82.53681478265989,82.84336853027344,707800
2021-03-23,81.27310331012202,81.34769459904555,75.76226900525124,76.13525390625,1186700
2021-03-24,76.77865646445426,77.46868111915911,73.8973621013872,74.07453155517578,677000
2021-03-25,73.7854630285831,75.46389173118331,72.20028589820211,74.1771011352539,706900
2021-03-26,74.13978512207017,76.37768718018395,73.58031138606535,76.29376220703125,558400
2021-03-29,74.28901245837936,75.2028254779066,71.5102884114726,75.10958099365234,765500
2021-03-30,70.80160834679933,71.35175571244514,67.46340359894711,68.56370544433594,1390600
2021-03-31,69.34696201120383,74.45683214034909,69.00194970162119,72.89962768554688,1041500
2021-04-01,75.6597081918365,78.66222673470497,75.19347878118229,78.45708465576172,1207800
2021-04-05,78.88602524094493,80.48052918152085,77.34746656049889,78.5689926147461,906000
2021-04-06,80.17281845277445,83.92130005851907,79.86510531184332,82.44801330566406,957900
2021-04-07,81.51555594928973,82.1962540816586,79.62266550617889,80.31268310546875,589000
2021-04-08,83.27789638532062,86.29906813678735,83.08208088340828,85.61837005615234,866200
2021-04-09,82.38273873204068,86.09392811936078,81.96313509132176,85.04024505615234,523800
2021-04-12,83.54831733682153,84.03319995637445,79.88375351737608,80.66702270507812,886000
2021-04-13,82.59720994942934,85.59972870497302,82.32679601840434,84.1264419555664,776700
2021-04-14,83.38979587197606,84.70455916110893,81.43163369495676,81.98178100585938,502600
2021-04-15,83.63223052057297,89.76780390576472,83.52965948531923,88.61155700683594,1238300
2021-04-16,90.44850103799816,90.94270304974425,88.59291007050565,90.58837127685547,848300
2021-04-19,89.88902996719717,90.28998753676187,86.42028208428323,87.34341430664062,749500
2021-04-20,86.13122860309313,89.23631124141512,85.9354130935843,88.98455047607422,531400
2021-04-21,88.88198010860854,93.49764871645502,88.35980541260399,93.26453399658203,888600
2021-04-22,91.52084213952334,92.77966022732599,88.1733110008352,89.25496673583984,1055000
2021-04-23,90.95204778576489,91.8472075334141,87.89358353610575,88.1733169555664,812100
2021-04-26,88.96590120503618,89.31090642229434,87.18490140855505,88.34114837646484,583500
2021-04-27,88.7327881662455,89.66524702239808,84.79781065502618,85.35728454589844,849800
2021-04-28,82.98882646739699,87.60449430730503,81.9724498726183,86.84920501708984,737600
2021-04-29,84.77916136737396,84.900385577234,80.95608130529996,83.15668487548828,863500
2021-04-30,82.08433845000171,83.28721103002339,79.93968770252125,80.37793731689453,555500
2021-05-03,83.3431655339888,88.14532980855984,82.98883374872055,87.18489837646484,1237500
2021-05-04,87.04503309401628,90.1407962223704,82.38273879745304,83.8373794555664,918500
2021-05-05,84.30360412597656,84.44346725570047,82.18691865093743,84.30360412597656,463700
2021-05-06,85.31998897361072,92.54654541673075,85.31998897361072,89.92633819580078,1254700
2021-05-07,93.27386572823906,94.97094069806906,91.55814470999206,94.00118255615234,1026500
2021-05-10,97.90817395855554,98.23453311559817,91.53947864986834,91.88449096679688,828700
2021-05-11,88.10804492161006,94.27159920116871,87.10099465400245,94.11308288574219,635700
2021-05-12,92.73303596348943,94.78444983858492,88.31318271204525,89.15239715576172,930100
2021-05-13,88.33183008800209,89.40415207540613,85.91675796451169,86.8585433959961,699200
2021-05-14,88.63021401226808,92.62113663827543,88.63021401226808,92.1549072265625,631300
2021-05-17,94.0757704636534,104.06240364466386,93.48832396386324,101.82450103759766,1440900
2021-05-18,103.59617824589992,104.29552239307849,99.47471177924403,102.15087127685547,717500
2021-05-19,100.04350517465899,104.50998366557145,96.8638172624141,99.64254760742188,1335300
2021-05-20,100.76149599050409,103.85725893235603,99.40010699161519,102.87818145751953,630700
2021-05-21,104.01579045969915,104.76175329201433,99.87567077389706,102.38398742675781,583700
2021-05-24,103.4190132258627,104.72444990890294,102.28141230427362,104.07173156738281,416800
2021-05-25,103.48429724223348,106.17910303446602,100.33258144305283,104.6125717163086,966700
2021-05-26,105.2839384729342,107.64305836644881,102.47723517441472,103.7174072265625,929300
2021-05-27,102.98075557616377,104.03443149416016,101.2836807882415,103.3630599975586,425400
2021-05-28,101.98301532941612,105.51703482068659,101.40488834741848,105.4610824584961,492300
2021-06-01,107.38197380915356,109.5639242909037,105.34921305689463,106.21640014648438,598500
2021-06-02,107.23277955847865,108.50092430325452,105.48907875588752,107.19548034667969,400700
2021-06-03,101.34895590450895,101.34895590450895,97.24613549224082,97.92682647705078,912700
2021-06-04,99.94094363806981,102.28141743275341,99.61458445094581,101.07854461669922,558400
2021-06-07,100.16473177865531,101.6659911535224,98.3930584732864,101.07854461669922,412900
2021-06-08,99.22294857407014,100.83609838329332,97.73100873886966,98.4863052368164,505100
2021-06-09,98.60752406601088,100.56568624166556,97.20883578138661,97.39532470703125,424800
2021-06-10,98.07602290999837,103.59617763865413,96.39759412096956,103.15792083740234,760900
2021-06-11,101.68463984829407,102.8688594507223,98.93388198829258,99.3534927368164,516700
2021-06-14,95.26000149335331,100.2673010679941,94.73781968900951,98.635498046875,488100
2021-06-15,98.45833648070146,98.6261793751828,94.75648044891918,95.9313735961914,438700
2021-06-16,95.56771093241721,98.1412994954566,91.7539574356738,92.1735610961914,986100
2021-06-17,86.14054035920687,88.56493890167148,82.4293583632054,83.24059295654297,1716900
2021-06-18,83.47371662888993,85.22674389356393,79.3895492553711,79.3895492553711,1046500
2021-06-21,81.76729759909199,82.35474396096498,79.06316621350095,81.50621032714844,820600
2021-06-22,80.56444661828996,81.1239205093281,79.30562858493003,80.28470611572266,491100
2021-06-23,81.82327493543161,83.67886630099441,78.8580551147461,78.8580551147461,906800
2021-06-24,81.4875778051363,81.5808222667137,78.91398940384076,79.89307403564453,632700
2021-06-25,82.16825926392254,82.33610210643586,78.11205842219955,78.67153930664062,857700
2021-06-28,77.83232987736895,78.41977630522047,74.13046765016819,75.36131286621094,1166300
2021-06-29,72.61989206456975,75.28672492220983,72.08839080911541,73.4591064453125,1021200
2021-06-30,73.06746952847244,76.78797801569593,72.67583855383751,76.06066131591797,923300
2021-07-01,77.77638801973208,78.02814875289576,74.3169597849312,76.00471496582031,636700
2021-07-02,77.86963527238306,79.20305162198132,75.9580919139331,78.3265380859375,866500
2021-07-06,80.86282523741757,81.4036530284896,75.65970362143996,77.24488067626953,1121800
2021-07-07,77.89761363375472,78.32654385354685,75.16550890287071,76.55487060546875,681800
2021-07-08,76.47094036417003,77.02108758517566,71.14660201404006,72.30284881591797,1472200
2021-07-09,72.93693549443293,76.06999793311776,72.7784191905588,75.65971374511719,961500
2021-07-12,74.69927621822119,75.85552315655606,71.82730136142844,72.34015655517578,869300
2021-07-13,72.21892013366187,76.33106622549283,71.96715942649232,73.14205932617188,821000
2021-07-14,76.61081898651257,77.34745518352862,74.44750772506146,75.69700622558594,808600
2021-07-15,75.9860750712131,76.67609979118765,74.66198511790564,75.91148376464844,535900
2021-07-16,74.91376871314107,75.05363901596073,69.38429248668297,70.07431030273438,1409100
2021-07-19,67.46339462656631,68.38652687219906,64.07857164984871,65.29076385498047,1429000
2021-07-20,65.784978642828,67.3328567269609,64.40493633218823,65.53321075439453,937200
2021-07-21,64.39560409631414,69.00195296248256,64.16248939035981,68.31193542480469,806000
2021-07-22,68.31194562436004,68.38653693468939,65.50524215365819,67.23961639404297,591000
2021-07-23,66.8946065016505,67.17434704659367,65.04834167013779,65.81295776367188,511900
2021-07-26,65.55185536974003,68.75018928385818,65.21616963832676,67.845703125,775000
2021-07-27,67.32351919429841,67.74312990206293,65.07629729645024,66.92256164550781,753000
2021-07-28,65.9528177784352,69.82251632567302,65.83159357456842,69.4308853149414,782900
2021-07-29,72.45204145739856,74.73656964532107,72.07906365161955,73.10476684570312,1163000
2021-07-30,72.06973055583586,74.05586493699958,70.80158621138266,72.48933410644531,771300
2021-08-02,72.4986746976602,72.8436870290003,71.23053010809754,71.7433853149414,385600
2021-08-03,71.8646034227277,72.89963331733996,70.92281799047494,72.80638885498047,447000
2021-08-04,74.49416984868286,76.38706101169312,70.73636016225764,70.98812103271484,816500
2021-08-05,71.13727478048808,71.6408033300829,68.59165940988565,69.244384765625,603800
2021-08-06,65.19752944317972,66.42837499841478,63.5470801972885,65.71971130371094,1175500
2021-08-09,63.4165309177557,64.06924929323252,60.432658209912454,60.73104476928711,2009100
2021-08-10,60.42333424937078,61.131997828870226,58.97802023589611,59.677364349365234,1294000
2021-08-11,61.141326986532675,63.27665862336915,61.10402777855035,62.502716064453125,1448800
2021-08-12,61.85931325006409,61.85931325006409,59.11788922128521,60.30210876464844,1090400
2021-08-13,61.89661097494955,63.53774041226251,61.3278105525984,62.92232131958008,1075900
2021-08-16,62.44676610048125,63.25800069210872,61.15996842146503,61.626197814941406,658400
2021-08-17,60.96416134922874,61.905946846061276,58.05489052813062,59.10857009887695,1046100
2021-08-18,59.351001123262385,59.50019438164145,55.59318992532159,56.973228454589844,1588600
2021-08-19,56.693495605339734,56.693495605339734,53.78422507979581,54.44626998901367,1299300
2021-08-20,53.78421840011257,55.16425685695291,53.40191047326523,53.98003387451172,998700
2021-08-23,57.01986368903527,60.591183016690096,56.786748961863495,59.77061462402344,1539400
2021-08-24,60.56320061667384,61.02943005056385,59.37898098479571,60.488609313964844,604700
2021-08-25,59.55614558031754,59.742638061184806,57.504735404874076,58.74490737915039,818000
2021-08-26,57.63528738344908,59.742642986970615,57.20635357497428,57.942996978759766,869600
2021-08-27,57.46744577194726,63.696268251588215,57.308925901644066,63.09017562866211,1430700
2021-08-30,63.202065529346164,63.742893419485576,60.75902767060796,61.374446868896484,1007400
2021-08-31,61.72877541846712,63.36990505006415,61.17862809039635,63.099491119384766,1144100
2021-09-01,63.91072868717168,64.30235968609236,62.01783841162543,62.39082336425781,902600
2021-09-02,62.39082505786717,63.034216826674346,61.122680452950824,61.80337142944336,696700
2021-09-03,64.08790729377493,66.857304422339,63.901411233774084,65.34672546386719,1622000
2021-09-07,63.62168432954955,64.6940065494429,60.69375635755392,61.03876876831055,1473400
2021-09-08,60.78699646935158,60.95483935177879,58.6703108346253,60.01305389404297,1040100
2021-09-09,61.10402278714978,61.10402278714978,57.8777162582394,58.903419494628906,1398300
2021-09-10,59.10855870321917,59.40694521416175,56.544297179336006,56.74943923950195,1155400
2021-09-13,57.29960311705383,61.766078778595755,57.01986614381435,60.55388641357422,1789300
2021-09-14,61.24390065296756,62.23230480749355,59.68669600201897,61.25322723388672,1196700
2021-09-15,60.02237857296784,62.11108439936231,59.91048095019626,61.28119659423828,611500
2021-09-16,57.35554098205863,57.55136003942113,54.51154226623955,56.48835754394531,2518200
2021-09-17,55.49062101629307,55.9382043656025,54.38099633696043,55.54656982421875,1856700
2021-09-20,54.035988310046164,54.054637912939775,52.077822690793404,53.88679504394531,1966000
2021-09-21,55.01507483227465,55.86361228486339,53.299350322342114,53.79355239868164,1321500
2021-09-22,54.24113644422328,57.1783836153247,53.80288314819336,53.80288314819336,2062500
2021-09-23,53.523136062280905,53.90544402456656,51.75146293536802,51.835384368896484,1625600
2021-09-24,50.75373835919659,52.292296971491325,50.306158512740474,51.08942413330078,1058500
2021-09-27,51.378487534998115,53.17813362153275,50.791040948279594,50.90293502807617,1340000
2021-09-28,49.70005604418856,50.61386529127309,48.6650261505071,50.11966323852539,1619800
2021-09-29,49.662757706964236,49.96114781698267,46.86538110508297,47.275665283203125,2021200
2021-09-30,48.45056485474133,51.070775712659405,47.84446868815286,49.280452728271484,1933400
2021-10-01,50.119663277146906,50.17561208878434,48.487860286728164,49.61613464355469,1029200
2021-10-04,49.466951072562686,51.770126026207826,49.466951072562686,50.55792999267578,1220100
2021-10-05,50.194257488620046,51.6955131261464,48.78624274858351,51.62091827392578,1038800
2021-10-06,50.688463301843136,53.70962796283945,50.36210057238886,53.653682708740234,1182400
2021-10-07,53.1781262200989,55.83563603399306,53.122180966511515,54.30640411376953,1032700
2021-10-08,57.355542606822105,58.00826451674169,55.3694078067166,55.89158248901367,1247900
2021-10-11,56.283211745607645,58.00825904174951,55.41602480772826,55.49061965942383,834200
2021-10-12,56.07807183274211,58.502466854314825,55.52792099679369,58.28799819946289,1393400
2021-10-13,59.35099904785868,62.9502902820712,59.145856990868,62.26959228515625,1615200
2021-10-14,64.22776099520935,65.02967614997009,63.32328191516174,64.91778564453125,965500
2021-10-15,62.409469183427625,65.29076352598236,61.421065109530595,63.910728454589844,1107500
2021-10-18,63.472464678433965,63.89206825608577,62.0737766008007,62.08310317993164,573800
2021-10-19,65.18819683266057,65.32805995861575,62.381493908259664,63.12745666503906,915500
2021-10-20,64.8058921642637,67.03446831848258,63.85478723680366,65.45861053466797,1437500
2021-10-21,64.96440962426465,65.43063907260431,63.8547883748021,64.64737701416016,694100
2021-10-22,66.52161429922381,69.85981885796794,64.86183860076915,66.0087661743164,1611300
2021-10-25,67.93895492673539,69.93441637140508,67.07176787916609,69.0299301147461,988700
2021-10-26,67.93895787339301,68.66627469694544,67.02514499630341,68.48910522460938,732100
2021-10-27,68.20938538906088,69.24441557134703,67.13705598864478,67.88302612304688,665600
2021-10-28,68.19070050496462,68.46111437505357,65.76630936697822,66.5029525756836,865600
2021-10-29,63.78016658211163,64.33964029226905,62.12971095593894,62.79175567626953,980000
2021-11-01,63.062193661103464,64.15317599491972,61.31850004858545,63.5097770690918,684300
2021-11-02,62.46542485553703,62.46542485553703,60.059686102428564,61.48634719848633,1054900
2021-11-03,59.72399345334652,63.83613336962897,59.20181520574721,63.211387634277344,1277600
2021-11-04,65.04832639098714,66.52160585455069,62.372167135169995,62.605281829833984,1051300
2021-11-05,63.780195175604604,66.67081656906632,62.409479347047935,66.42837524414062,1087900
2021-11-08,68.15342424382368,68.61965373936746,67.09974814496984,68.02288055419922,853900
2021-11-09,68.58235855530842,70.45659592094137,66.68014144535942,69.92509460449219,1086000
2021-11-10,73.39382785044559,74.848461233679,70.86686547470993,71.8179702758789,1449000
2021-11-11,74.59670257278464,76.76000666283156,73.67357037039329,75.93944549560547,1194200
2021-11-12,75.52916673468964,77.39408443184247,74.07453320742128,76.69474029541016,789300
2021-11-15,76.2471630921603,76.92786123694444,74.48481629476898,76.46163177490234,469200
2021-11-16,76.00471733103247,77.16096422904349,73.01152549378465,73.58964538574219,835000
2021-11-17,74.78321115149254,76.64812920628384,73.7854802767431,74.62469482421875,686700
2021-11-18,74.16777787283303,75.23078039399725,72.6478725065605,73.4777603149414,512300
2021-11-19,73.06745901116282,74.17708706033807,69.9437240151352,70.22345733642578,737100
2021-11-22,67.13703281637385,69.19776588662936,64.9177834593516,67.01581573486328,917100
2021-11-23,64.00398375821099,65.76633065963492,62.47475160156904,64.21845245361328,1051500
2021-11-24,62.670567249203444,65.04834049600866,62.670567249203444,64.57278442382812,517800
2021-11-26,64.85251725467656,64.85251725467656,58.819507227471064,61.01078414916992,1161900
2021-11-29,61.08538939283744,61.72878124746025,59.714673562484336,61.49566650390625,622200
2021-11-30,61.64485318736628,64.68467093389586,58.912748558959755,60.53522491455078,1550900
2021-12-01,61.430390505547095,62.773133614115416,55.388060745183466,55.8729362487793,1202500
2021-12-02,55.984830784657234,56.01280341219008,52.600004128300554,54.539520263671875,1218200
2021-12-03,54.53951564143864,54.87519781452846,52.28296354276127,54.511539459228516,902800
2021-12-06,53.989366226926,55.854283836739704,52.85176534668426,55.751712799072266,974100
2021-12-07,55.854289097995164,58.46517328625981,55.854289097995164,57.51406478881836,800200
2021-12-08,57.094454385760876,58.558414481007446,56.86133967559998,58.22272872924805,512200
2021-12-09,57.243642552559436,57.327563983014535,54.34369524766949,54.79127502441406,925400
2021-12-10,55.86360669670555,56.13402060303114,53.89611805496455,54.390323638916016,659700
2021-12-13,54.90317924938298,55.798338910692635,53.588412385256845,54.06396484375,617500
2021-12-14,51.639573141512585,53.62570797065085,51.359836192328856,51.686195373535156,1040100
2021-12-15,51.24793815427715,51.24793815427715,47.21039313522855,50.14763641357422,1901200
2021-12-16,52.12445354138053,55.20156717686266,52.00323288931731,54.96845245361328,1852400
2021-12-17,55.481296417489936,56.432404782921225,53.802871354925024,54.12923049926758,986200
2021-12-20,53.663001020846785,54.27842366124583,52.10579659629462,54.11990737915039,797500
2021-12-21,55.46265987645961,56.16200411363983,54.25978693481795,55.72374725341797,634700
2021-12-22,56.26457020108159,58.21340944549961,54.90318105997958,58.04556655883789,896100
2021-12-23,58.37192248910858,59.323030941356386,56.861340150620045,59.08991622924805,1023800
2021-12-27,58.45584628846029,59.91048343129849,58.11083749658044,58.85680389404297,656300
2021-12-28,58.85680235443857,60.236841042906626,57.34621999446045,57.597984313964844,834800
2021-12-29,56.50700275236532,58.53976325313217,56.1899666130609,57.29959487915039,792100
2021-12-30,56.991880143844334,58.978018358859195,56.991880143844334,58.75422668457031,764000
2021-12-31,59.388303367516485,59.98508002437649,58.502470298323075,59.798583984375,754000
2022-01-03,57.87771945605161,58.55841397701716,57.01053245715277,57.35554122924805,808700
2022-01-04,57.91502288188954,60.06900066563422,57.54203789885274,58.04556655883789,820700
2022-01-05,59.16450975094947,60.591174089844436,54.90317345063234,55.32278060913086,1504300
2022-01-06,52.70258012230502,53.78423235876923,51.08009998908441,51.20132064819336,1579900
2022-01-07,51.77944465559637,52.7025805865525,50.632520567289355,52.24567413330078,970600
2022-01-10,51.29456634602014,53.299354553222656,50.194268034517954,53.299354553222656,974000
2022-01-11,53.17812631035812,56.245916736308814,52.39486074537173,56.00347900390625,1278400
2022-01-12,56.51632894248512,58.7449049252849,55.928878897258805,58.63301086425781,1140400
2022-01-13,58.10151497008189,58.92207623578924,56.76809846699693,56.84269332885742,831500
2022-01-14,57.280949652922985,57.280949652922985,54.502222599421884,55.46265411376953,806400
2022-01-18,54.96845243838901,56.674850362436686,53.728280403662566,54.287757873535156,813800
2022-01-19,55.863600206457576,62.30688963870062,55.54656410826561,61.85930633544922,2126400
2022-01-20,63.12746972824587,63.4445094789077,60.13427727378142,60.46996307373047,1210900
2022-01-21,60.563198740720026,60.908211072186596,56.17132202025501,56.8613395690918,1063500
2022-01-24,55.220210026389786,55.41602551627322,51.12671655602219,55.00574493408203,1316600
2022-01-25,53.0009596416132,56.665523100567825,52.10580002522456,56.14334487915039,1065600
2022-01-26,54.688719844317035,55.97551065786546,49.3270807833859,50.744415283203125,1781300
2022-01-27,48.91678087383393,50.511284342560906,46.98659171547022,47.163761138916016,1565300
2022-01-28,46.44577463282583,46.45509765582994,44.68342449301175,46.305904388427734,1381900
2022-01-31,47.04254973459491,49.22450358776392,46.46442624306842,48.93544006347656,989000
2022-02-01,50.35277511831302,51.36915535094607,48.78624405229055,50.50196838378906,979600
2022-02-02,50.921575462505515,51.751463222531946,49.35504439931368,50.156959533691406,892400
2022-02-03,48.95409439320668,49.44829649358732,46.79078993506124,47.779197692871094,869800
2022-02-04,47.21971697366918,49.19652879741779,47.182417764888484,48.655704498291016,639200
2022-02-07,49.59748776975553,53.12218484186877,49.261805552598084,52.45081329345703,1090400
2022-02-08,51.90998536562119,53.63503646850586,51.55565354394517,53.63503646850586,811400
2022-02-09,54.02666570057866,54.87520313083411,52.97298973751362,53.39259338378906,888500
2022-02-10,52.22702055644874,55.2481889073708,50.29683095007156,51.04280090332031,1353400
2022-02-11,51.02415354566044,57.94299706603564,50.94023210007684,56.75877380371094,2214400
2022-02-14,57.71919700264062,58.549084705985365,56.58159620998497,58.42786407470703,1348000
2022-02-15,55.257507461178974,57.467437399781154,53.80287399551969,57.1224250793457,929800
2022-02-16,57.25297576659112,60.7869957206556,57.25297576659112,60.33008575439453,1512600
2022-02-17,61.822019870529004,64.02262315728477,60.535222202962395,62.605281829833984,1721800
2022-02-18,62.01783608199644,62.36284128109226,59.53749228714418,60.77766418457031,1218500
2022-02-22,60.964155827473476,61.4117391966863,58.036239223455986,58.866127014160156,1147000
2022-02-23,59.21113330626867,63.36989866589933,58.88477415180923,62.13905334472656,1172100
2022-02-24,67.23960152402404,67.26757414847357,57.26229211455052,59.66803741455078,2066900
2022-02-25,58.13882025413006,61.197284795110875,57.21568778801526,60.86159896850586,1001600
2022-02-28,62.79177443918449,62.79177443918449,60.01305109898023,61.411739349365234,1207000
2022-03-01,62.689209227069334,67.78975296638342,62.278925072191434,67.62191009521484,1552300
2022-03-02,65.64510017660696,67.57528958551387,64.89913029967552,67.01581573486328,978000
2022-03-03,67.11839649364717,67.9016585752031,64.95509207408224,67.79908752441406,867500
2022-03-04,68.64761966844041,72.05108860962598,68.21868947256134,71.2957992553711,1445000
2022-03-07,72.34947808161155,75.90215110454571,71.12795927602089,74.4661636352539,1389800
2022-03-08,77.20760408663942,83.00749279339465,73.48708774526729,75.70634460449219,2000900
2022-03-09,70.75498143668345,75.41727611233965,69.561435137971,74.1118392944336,883200
2022-03-10,75.61308509033739,78.46641402245523,74.96969331837163,77.56192779541016,855800
2022-03-11,74.08384864715245,76.45229484749834,73.27261404600492,74.81117248535156,852500
2022-03-14,72.20960993320456,72.517315922756,66.4190417844675,67.64988708496094,829400
2022-03-15,64.58210302258746,70.68038485722604,63.92005808171141,68.79681396484375,609800
2022-03-16,68.30260168587779,69.73858897774333,65.20683899983254,69.69196319580078,771600
2022-03-17,71.26781973546323,76.62945733644023,71.26781973546323,73.8414077758789,869200
2022-03-18,72.35879862548035,74.14911774403467,70.4845545188804,72.34947204589844,578100
2022-03-21,72.62922944231204,76.88124011806899,72.62922944231204,75.14686584472656,888700
2022-03-22,73.72950713562649,74.44749718505719,70.86685928840852,72.70380401611328,775600
2022-03-23,73.67357055932807,76.41499454832301,72.56394232920157,75.95809173583984,1213700
2022-03-24,77.08637862359258,79.10981280974039,75.13754285979695,75.49187469482422,933100
2022-03-25,74.70858236139793,76.28443248964695,74.00923844164952,76.14456939697266,561100
2022-03-28,73.10476803025115,73.30058351568672,69.44020482773824,69.9623794555664,1037100
2022-03-29,67.1183844048024,71.92986788770291,66.16727248953768,71.8179702758789,676400
2022-03-30,72.27487875982746,74.88575895724632,71.50093630005978,72.59191131591797,744600
2022-03-31,73.44046068954111,74.37291953537141,71.45431879490087,71.603515625,574400
2022-04-01,70.9041632485445,75.6876740105316,70.45657992437178,75.45455932617188,758200
2022-04-04,77.021095098102,77.79503760587687,73.99993059213382,75.99539184570312,658200
2022-04-05,76.46162702089394,78.30789870599119,70.23280151072555,70.49388885498047,966600
2022-04-06,71.2025766135187,71.76205064416466,68.44249856344678,70.05564880371094,608200
2022-04-07,70.55915984697441,73.24464590226324,69.6826533609034,72.1536636352539,809300
2022-04-08,72.7411077811634,76.84392763075539,72.7411077811634,75.94876098632812,845100
2022-04-11,78.74614828422875,78.74614828422875,73.66425031686825,75.90215301513672,803100
2022-04-12,78.03747340745538,80.98403929557685,76.67608451504601,77.78570556640625,1052100
2022-04-13,79.60402120032063,83.84670505191123,79.30563462808988,83.11006164550781,824700
2022-04-14,82.55991357666103,85.47850743328313,81.12392598710568,84.25698852539062,558500
2022-04-18,86.61609953020323,87.33409680806294,83.11005236252709,83.19397735595703,837700
2022-04-19,80.91877813882384,81.89786278027867,77.74841661526625,78.90467071533203,934500
2022-04-20,78.90466014923724,81.59013872564701,77.30082999831782,81.30107879638672,692400
2022-04-21,78.34520132681003,78.5969692383813,70.8016115011908,72.77842712402344,1495500
2022-04-22,69.93439135254529,71.50092200340607,66.2978015793941,66.94120025634766,1041300
2022-04-25,62.008500411907036,63.54705861186357,58.75421814849704,62.05512619018555,1667100
2022-04-26,62.847732421408224,63.35126109022209,58.49314742985266,58.60504150390625,1130000
2022-04-27,58.62368430996397,60.16223921016803,57.51405960809208,57.79379653930664,1151500
2022-04-28,58.1574495471857,61.5609217513013,57.09444717228253,61.08537292480469,1586500
2022-04-29,62.39082732163243,63.20206199741002,59.12721767171259,59.351009368896484,1208400
2022-05-02,56.10604464430199,57.28094473169718,54.42761950507119,57.10377883911133,1996900
2022-05-03,57.10378376852544,60.52590973129586,57.10378376852544,59.537498474121094,1534600
2022-05-04,58.707609005557025,62.18568368555298,57.03850679150879,61.822025299072266,1486600
2022-05-05,63.323281539790955,63.323281539790955,55.08034191607249,56.96390914916992,1900900
2022-05-06,56.60957817562131,57.19702827040011,54.353029376482745,54.95912551879883,1466000
2022-05-09,51.6302486309832,51.648898235949645,46.76281556029241,46.85606002807617,2221200
2022-05-10,48.487859158600926,49.59748388573157,43.778942778646424,45.168304443359375,2036100
2022-05-11,47.089164482186874,49.19651958500159,45.11235302861098,45.23357009887695,2221100
2022-05-12,42.93972805780656,43.17284276339405,38.80893519023234,40.41276550292969,2579000
2022-05-13,40.133030984555795,44.26382410089774,40.09573177572399,43.40596008300781,1651800
2022-05-16,43.46190239771742,44.636798843859104,42.87445239612268,44.30111312866211,1849700
2022-05-17,45.69048156278489,46.38982566833772,44.15192310774944,44.944515228271484,1419000
2022-05-18,45.03776209875069,45.420070087983575,42.9210800657131,43.19149398803711,1528200
2022-05-19,45.78372806127836,49.62546108008184,45.72778280685142,48.926116943359375,2360500
2022-05-20,49.2338260160731,49.504239933230004,46.753485645190175,48.058929443359375,1671800
2022-05-23,50.03574216854362,50.33412871848338,47.96568236591932,48.77692413330078,1056400
2022-05-24,49.54154059172937,51.51835239347846,48.42258924009936,50.660491943359375,1192400
2022-05-25,49.56951140411439,50.20358369491506,47.928385423661446,49.73735427856445,845400
2022-05-26,48.776922296132916,50.82832886044109,48.553130613583015,49.373695373535156,1560200
2022-05-27,50.39007764116938,50.76305905088918,48.89814133114537,49.80262756347656,916800
2022-05-31,50.65116302101422,51.77011432091231,47.35025793128168,48.198795318603516,952100
2022-06-01,49.252474738277705,49.9797914818439,47.88175913043546,49.20585250854492,1184300
2022-06-02,50.1662799419106,55.49061854045812,50.1662799419106,54.93114471435547,1082600
2022-06-03,53.44854006879534,54.548841777242025,51.61159502795588,52.10580062866211,1230300
2022-06-06,53.42988844541579,53.74692457920418,49.681403648405315,50.33412551879883,634900
2022-06-07,49.80262897354997,51.6022749086204,49.5508646474105,51.0521240234375,688900
2022-06-08,50.268849424605726,51.27590654902144,49.13124864859117,50.31547164916992,651900
2022-06-09,49.52288848684861,49.52288848684861,46.02616791272973,46.15671157836914,1022100
2022-06-10,44.543568237098036,50.94023774443666,43.52718775332195,50.380760192871094,1876400
2022-06-13,45.18694777693249,46.194004880953294,42.15645700001281,42.20307922363281,1488300
2022-06-14,42.380249585985055,42.380249585985055,39.09799446082237,40.049102783203125,1268300
2022-06-15,42.137812470275314,43.22879113092617,39.4150344442578,42.08186721801758,1711400
2022-06-16,40.729799484540045,43.872184553216805,39.35908395013166,43.182167053222656,1781900
2022-06-17,42.60404385616081,42.61337043666915,40.5619602417678,41.49441909790039,1009700
2022-06-21,41.54104169910717,43.014328412295434,40.53398797518399,41.33590316772461,957100
2022-06-22,41.07481531618488,42.520125951943655,39.67612691569925,39.7786979675293,1054600
2022-06-23,39.20988782111078,39.76003859916408,35.33085975185204,36.151424407958984,1927400
2022-06-24,36.3565745199454,38.85556112996869,35.685202965493744,38.715694427490234,1154500
2022-06-27,38.04431241087707,38.230804853278165,36.365887543362156,37.91376876831055,903300
2022-06-28,37.941750972195294,38.28676332273955,34.89260997355209,35.11640167236328,1105900
2022-06-29,35.93696898138489,36.030213454070605,33.092969879886866,33.68974304199219,1282200
2022-06-30,33.19553264507325,33.410001304365906,31.022905439171147,31.200071334838867,1869200
2022-07-01,30.118420671217947,33.59649181580252,29.64286821448823,33.04634094238281,2176300
2022-07-05,31.89009635053766,32.197805950021895,28.03903994551148,29.325834274291992,2316500
2022-07-06,29.13933871553049,29.596243333167116,26.854813848823262,28.4306697845459,1921500
2022-07-07,28.812978540261778,30.69654409375665,28.803653738199408,29.652191162109375,1849400
2022-07-08,29.782735160817666,30.538026305814434,28.551889804963956,29.41907501220703,1394900
2022-07-11,28.58918378738607,29.801379393933757,28.216200660642464,28.337419509887695,1691000
2022-07-12,28.365395943672034,29.0833896256739,27.059954017274805,27.582130432128906,2158600
2022-07-13,27.237118128716965,30.36085694870622,27.069277054486875,29.521642684936523,3516600
2022-07-14,27.041306214137737,27.432938995966214,24.99922086756611,27.153202056884766,3125200
2022-07-15,27.66605370470878,27.759299943910623,25.801136034768245,27.153202056884766,2150500
2022-07-18,28.076335692393382,29.05541674383427,27.740649947431223,27.81524658203125,2551400
2022-07-19,28.719731043007037,29.782735310846093,28.18822979834954,28.999469757080078,2514400
2022-07-20,29.06474179066914,29.689489277661366,27.51686027576734,27.656728744506836,2558600
2022-07-21,27.992419998180697,29.363134107074536,27.38632199541231,29.17664337158203,3205400
2022-07-22,29.64286886134479,31.43318821639297,28.30012756653447,28.41202163696289,3082900
2022-07-25,28.533242478731054,28.7477075972544,27.059957499075246,27.90849494934082,2270500
2022-07-26,27.936463864039617,28.952844064476636,27.740648376251695,28.505264282226562,2121400
2022-07-27,28.84095749085833,31.06021093270917,28.01106954030939,30.631277084350586,3260100
2022-07-28,32.281715813954435,33.60580887881536,31.507777023750737,32.62672805786133,4646000
2022-07-29,33.1209355509347,34.0067720835122,31.601026777588974,33.717708587646484,2627700
2022-08-01,33.80162617111367,34.17461105513115,32.84119489678273,33.549861907958984,1480100
2022-08-02,33.62445847770606,35.19098921405142,32.56145268322026,32.62672805786133,2095900
2022-08-03,33.2328343307746,33.288783144813536,30.94830933471956,31.470487594604492,1768100
2022-08-04,32.27240275204769,35.29356756370247,31.712925283818315,34.435707092285156,2170000
2022-08-05,32.263068541164245,33.94149699186499,31.489129695161157,33.91352081298828,1645800
2022-08-08,34.911254800784576,36.421840557685485,34.86463257405136,35.741146087646484,1704600
2022-08-09,35.97426132976447,36.226022069392315,34.11866679813825,35.097747802734375,1346700
2022-08-10,35.834402169522996,36.92537756870729,34.64085570401216,35.23762893676758,1792000
2022-08-11,35.35883548942438,35.8250648828422,33.549866723500514,33.76433181762695,1506900
2022-08-12,34.351793509424304,35.610611876117176,33.932186201510284,35.30290222167969,1551100
2022-08-15,33.40067849891146,33.82960875187528,32.552141017157595,33.64311981201172,1582300
2022-08-16,33.14890628055122,33.69905705926792,32.701326528602536,33.4659423828125,1244900
2022-08-17,32.73863792672792,32.85053201713733,30.248970405037593,30.519384384155273,2018100
2022-08-18,30.761819374132553,31.24669485140799,30.071798252235826,30.911012649536133,939900
2022-08-19,30.258289524098608,30.33288438028921,28.88757391574605,28.999469757080078,1298200
2022-08-22,28.113632957290918,28.9621703378888,27.768624191214357,28.65445899963379,1452200
2022-08-23,28.69175912880284,31.19074912156445,28.673109525030206,29.79206085205078,1979500
2022-08-24,29.60556352983606,30.966952369170162,29.064737558542213,30.92965316772461,1160400
2022-08-25,31.461161210406768,31.619677497679977,30.538025441130998,31.40521240234375,922000
2022-08-26,30.938985813288838,31.28399460169229,27.694029349237624,28.22553062438965,2549500
2022-08-29,27.749973065342008,28.887572118599643,27.134550422601524,27.40496253967285,1705800
2022-08-30,27.21847791440494,27.26510015163586,25.40950700916046,25.71721839904785,1968500
2022-08-31,25.63329549630738,26.49115777381255,25.306934518616153,25.73586654663086,1679100
2022-09-01,24.37447097562498,24.393120577332812,23.087678692691238,23.33011817932129,2371800
2022-09-02,24.2066288069806,25.829108631310092,23.72175159842963,24.878000259399414,2254300
2022-09-06,25.06449282976267,25.968979042569572,23.898919280082925,23.94554328918457,1849600
2022-09-07,23.92689240597695,26.40723264476941,23.47931261368147,25.91303062438965,2268200
2022-09-08,25.577344445313397,26.323310752810105,24.98057139931603,26.062223434448242,1392300
2022-09-09,26.752249324133878,28.169585658608813,26.752249324133878,28.05769157409668,1943700
2022-09-12,29.38177421539158,30.090443049617242,28.812973832198544,29.269878387451172,1899700
2022-09-13,27.171854258701643,28.55189490843053,26.481834823099387,26.66832733154297,2103000
2022-09-14,26.929409483434913,27.60078096073148,26.593725523310656,26.780216217041016,1244100
2022-09-15,26.08087138483202,26.8641369007673,24.46771812546311,24.97124671936035,2328000
2022-09-16,23.98284334913691,25.801138997535002,23.395394998199045,24.83138084411621,2259200
2022-09-19,23.90824134694423,26.07154532311702,23.721750667443338,26.01559829711914,1609600
2022-09-20,25.0738164378414,25.0738164378414,23.926892546406318,24.48636817932129,2014400
2022-09-21,24.943277427081316,26.397912921103728,23.74040450307431,24.60759162902832,3030100
2022-09-22,24.896651488423608,25.623968238036024,23.861621617330155,24.104061126708984,2744300
2022-09-23,22.490907155478247,22.621450819029242,20.53274330959317,21.12019157409668,3348500
2022-09-26,20.821806416938877,21.288035850169504,19.068784530542338,19.656232833862305,2944400
2022-09-27,20.27165897067186,20.97100323875241,19.674885764370952,19.805429458618164,2626600
2022-09-28,20.709912101569742,22.919840561021346,20.607342828072113,22.779972076416016,3058900
2022-09-29,22.33239331808609,23.367421578143002,21.60507467225542,23.25552749633789,2201100
2022-09-30,23.190253973874995,25.43747981434704,22.919840035121677,24.626239776611328,2841900
2022-10-03,25.64261456767685,27.24644291127751,25.316253662928922,27.078601837158203,3029400
2022-10-04,28.35607201181061,29.614891749561615,27.777948550844325,28.803651809692383,3045300
2022-10-05,27.414291632131924,27.973767334527317,26.07155030208783,27.93646812438965,2545100
2022-10-06,27.59145643330636,28.449318612853624,26.910761926308,28.39337158203125,1985300
2022-10-07,27.302394594797182,27.852545434933337,25.43747697495234,25.689239501953125,2542100
2022-10-10,24.60759140459274,25.586674380476055,24.178661136347642,24.5982666015625,1474100
2022-10-11,24.626236418487466,25.913030540317084,23.945541930931043,24.057435989379883,2422500
2022-10-12,24.085411362699954,25.11111642522726,23.50728610903123,24.77543067932129,2262000
2022-10-13,22.453610842506958,24.430424546026636,21.50250231217605,24.215957641601562,2867000
2022-10-14,23.703103724005146,23.777700359875556,21.549124307038458,21.66101837158203,2187700
2022-10-17,23.087681741416716,23.78702589109343,22.87321662902832,22.87321662902832,1548900
2022-10-18,23.656478174513083,23.87094325023541,22.677395465240295,23.292818069458008,1551300
2022-10-19,22.285769229024236,22.574831014353986,21.34398544737636,21.63304901123047,2109400
2022-10-20,21.819538513500525,23.48864084479378,21.586423781991922,22.173873901367188,2385600
2022-10-21,22.490907216429225,24.812729433369434,22.19251890410912,24.75678062438965,2975400
2022-10-24,24.1133883249779,24.169335362387514,22.985112102984473,23.870948791503906,2195800
2022-10-25,24.010813318128104,25.204361183530864,24.010813318128104,24.794078826904297,1943400
2022-10-26,25.446802731542085,26.93873546059385,25.38152911843748,26.239391326904297,2547700
2022-10-27,26.500481362296995,26.89211416187869,25.176389685475467,25.260311126708984,1888900
2022-10-28,24.374473317681918,24.92462417125756,23.703103598405715,24.868677139282227,2006600
2022-10-31,24.020140908174827,24.85935354258167,23.693779945204344,24.160009384155273,1556200
2022-11-01,25.670594957718855,26.239393695058446,25.288286939079818,25.577348709106445,2156300
2022-11-02,25.922354655305416,26.248715600159517,22.388336629064188,22.490907669067383,3035400
2022-11-03,21.78224186842274,22.91051635600448,21.409256861711246,22.0433292388916,1816000
2022-11-04,24.41177303029823,26.668323523313802,24.39312342641216,26.584402084350586,3106800
2022-11-07,26.798864147254918,27.25576871938292,26.00627385743127,27.041303634643555,1663000
2022-11-08,27.106579334815184,30.26761436629615,26.61237726707578,29.335155487060547,3301800
2022-11-09,29.16731211358063,29.969225477939027,27.460912568476033,27.712675094604492,1857300
2022-11-10,31.283988226411132,32.63605403349398,30.165037090996105,32.0952262878418,2659200
2022-11-11,32.179150440850286,32.89714411732172,31.489132946143854,32.54281234741211,1662200
2022-11-14,32.20712097543895,33.17687877547127,31.69426945561038,32.62672805786133,1413600
2022-11-15,33.400671731764476,33.42864435566691,30.99493003586465,31.58237648010254,2178300
2022-11-16,31.10682725769017,31.675627715307776,30.62194823737759,30.705869674682617,1186100
2022-11-17,29.670838754851165,30.239639192427724,29.13001272156533,29.894630432128906,1248600
2022-11-18,29.764087036418214,30.752492935148055,29.53097232021147,30.416807174682617,1246300
2022-11-21,30.099771041173767,30.295590106292547,28.971496667569525,30.165042877197266,1491000
2022-11-22,30.631270990684882,33.02768988732973,30.631270990684882,32.9810676574707,2111300
2022-11-23,32.97174832832982,34.52895303378214,32.235104920063236,34.33313751220703,1448700
2022-11-25,34.0906987807938,34.0906987807938,33.1022910628857,33.4379768371582,600500
2022-11-28,32.859854078444215,32.859854078444215,29.81071118866349,30.08112335205078,1972100
2022-11-29,30.88304269515491,32.32835350914515,30.88304269515491,31.71293067932129,1226900
2022-11-30,32.71998499842418,34.584902915559674,31.601033536733155,34.04407501220703,2001800
2022-12-01,35.75979287547468,37.1211854008783,35.125720618998464,36.794822692871094,1456300
2022-12-02,35.22829208480892,37.372950155779456,34.79003887059891,36.98131561279297,1159100
2022-12-05,35.918309775096866,36.07682604770367,33.13025667958907,33.4659423828125,1974200
2022-12-06,34.211913958203326,34.69679298750606,32.775930031206734,33.018367767333984,1505900
2022-12-07,33.652430873787594,35.21896159971822,33.59648207748748,34.63151168823242,1977700
2022-12-08,35.237617943249695,35.8996628194758,34.36110441867909,34.92058181762695,1180800
2022-12-09,35.116398337118085,36.487113914160446,33.82960419452827,33.960147857666016,1757000
2022-12-12,33.40999804238575,33.88555043014132,32.589433363051995,33.50324249267578,1295200
2022-12-13,36.47778786893611,37.22375420997863,34.66881904727698,35.33086395263672,2139100
2022-12-14,35.28424312671749,35.675874137449114,33.45662462920681,34.7154426574707,1450000
2022-12-15,32.63606025848542,32.95309641470693,31.47980970136927,31.601030349731445,1812700
2022-12-16,31.3492714429977,33.01837395242289,31.209404723394623,32.60809326171875,1875200
2022-12-19,32.692006535935384,33.0743144984656,30.677895687011947,31.06952667236328,1206800
2022-12-20,32.30970332742295,34.49165736456124,32.15118345975534,33.82028579711914,1844500
2022-12-21,34.40772975370016,35.3308619364843,34.26785951652783,34.73408889770508,1260800
2022-12-22,33.47527740522685,34.06272397699078,32.15118385932152,34.006778717041016,1508400
2022-12-23,34.16529779152792,35.358844194255894,32.85053072069512,34.64085388183594,1180500
2022-12-27,35.22829349343648,37.578090174169596,34.92058392890199,36.543060302734375,1427200
2022-12-28,35.52667672611039,35.80641719496856,33.57783780872972,33.85757827758789,1393400
2022-12-29,34.65016837287805,35.302890235003794,34.10001754642109,34.267860412597656,807300
2022-12-30,34.407733625784424,34.407733625784424,33.13958899714362,33.72703552246094,864000
2023-01-03,35.19099360668614,37.12118286971324,34.97652497119626,36.01155471801758,1745000
2023-01-04,37.30767577654623,39.80666569559184,37.06523804874992,39.387062072753906,1948500
2023-01-05,37.75526470011457,38.49190457212586,36.75753034453613,38.45460891723633,1239300
2023-01-06,39.862614720074625,41.373197018756606,38.55717094384942,41.09346008300781,1692200
2023-01-09,41.9233502907487,41.969972523227426,39.83464439649589,40.011810302734375,1269600
2023-01-10,40.37547103362992,41.513072068627906,39.45233868313855,41.475772857666016,817500
2023-01-11,41.61564563226445,41.83011077266814,39.69477883636148,40.39412307739258,1083200
2023-01-12,41.596993907438524,42.203090084572345,40.09573444401171,41.830108642578125,1154100
2023-01-13,41.58765755916404,43.29405872701847,41.457113907272,42.91175079345703,1027900
2023-01-17,42.33362900842207,42.33362900842207,39.49895353225849,40.291542053222656,1299300
2023-01-18,41.74617875616301,42.28700298268763,39.05137353186367,39.09799575805664,1268500
2023-01-19,39.853293009089015,41.68091151033932,39.172594915056166,41.149410247802734,1378900
2023-01-20,40.720476985680314,42.56674867123581,40.01180981236323,42.529449462890625,978800
2023-01-23,41.03751638066048,42.14714479567319,40.49669204517368,41.99795150756836,1128500
2023-01-24,41.60631321912699,43.44325830636827,40.53398766739974,43.19149398803711,1141900
2023-01-25,41.96065540991535,44.347751753772556,41.70889105061,44.189231872558594,1090400
2023-01-26,43.92813392281944,43.92813392281944,41.457116720181034,42.53876876831055,1513600
2023-01-27,41.71820453901647,41.979291841366845,40.34748908758159,40.88831329345703,1245900
2023-01-30,40.37547107435387,40.72980646475217,39.349767671207005,39.43368911743164,786000
2023-01-31,38.79029068425777,39.94654134101241,38.43595884627772,39.6295051574707,833300
2023-02-01,39.359092055639664,42.18444513814453,38.55717677667949,41.37320327758789,1479900
2023-02-02,41.76482797837421,42.35227442575144,38.16553665905063,39.08866882324219,1968900
2023-02-03,36.4498127094726,37.39159448263869,35.2003178411729,35.386810302734375,1684800
2023-02-06,35.43343783740091,35.65722953621209,34.68747143644425,35.11640167236328,697800
2023-02-07,35.20032213493907,36.93469619203995,34.79936453863948,35.91831588745117,980900
2023-02-08,36.1794013325191,36.22602356188774,35.135048455059575,35.33086395263672,592400
2023-02-09,36.27264979922697,36.50576450601622,33.32608004769274,33.66176223754883,1100100
2023-02-10,33.95083196326442,33.95083196326442,32.42159977619623,32.90647888183594,826600
2023-02-13,32.72930135301508,33.288778748369204,32.18847711692547,32.5521354675293,481500
2023-02-14,32.4029561382743,33.57785312667544,31.54509540976703,33.17689895629883,1103700
2023-02-15,31.52643248953054,31.601027341927704,30.659245543494837,31.46116065979004,982100
2023-02-16,30.640594158425372,32.01130961732178,30.09044337044396,31.134796142578125,1149000
2023-02-17,30.174364697269375,31.26533969044042,29.409748832727008,31.04155158996582,1198200
2023-02-21,30.733842251219407,31.181422063765535,29.465699449005374,29.857332229614258,1015800
2023-02-22,29.73611257260306,29.73611257260306,28.43999532213198,28.887575149536133,884800
2023-02-23,28.97149752313271,29.35380552700963,28.206881515378875,28.673110961914062,831700
2023-02-24,27.77794802284665,28.188228607177734,27.19049799308444,28.188228607177734,1292500
2023-02-27,28.216204896434522,29.02744309656876,28.141608259887416,28.523916244506836,1173500
2023-02-28,28.617162296173195,29.913281293105555,28.169580701316992,29.447050094604492,1601300
2023-03-01,30.127744418911572,31.61967704194194,29.76408428583944,31.302640914916992,1767400
2023-03-02,30.61262720145757,30.938986391581437,30.25829182571709,30.799116134643555,1285400
2023-03-03,31.367915618602407,31.992664907202684,30.873713558894213,31.76887321472168,1607600
2023-03-06,31.367918635416135,31.498462319814998,30.099773889172432,30.46343231201172,1564200
2023-03-07,29.67084065716496,29.71746466730541,27.125228394792657,27.526185989379883,2817400
2023-03-08,27.404964829790128,28.35607327660516,26.686972872275973,26.99468421936035,1654100
2023-03-09,27.759303895529523,28.514595161386637,26.66832683216954,26.90144157409668,2181600
2023-03-10,28.16957548758245,29.41907024414131,27.66604873203454,27.69402313232422,3549000
2023-03-13,30.127747547406003,32.06726015874634,30.03449952562867,31.442514419555664,3492000
2023-03-14,31.619678570754754,32.38429452165803,30.911011429813232,32.132530212402344,1447300
2023-03-15,33.06498638586992,33.260801869468565,30.649918083676443,31.507781982421875,2601200
2023-03-16,31.759552505876286,31.890096187234352,29.50300004067024,30.84574317932129,2100400
2023-03-17,31.899414240593266,35.41478429343884,31.311967766023283,34.267860412597656,3277200
2023-03-20,35.293570473832176,36.01156430518057,34.6594980917855,35.75979995727539,2129300
2023-03-21,34.68088313176504,34.70898241586608,31.974220037319945,32.72346878051758,1971800
2023-03-22,32.7796504399368,36.02951978395973,32.73282308241942,34.39053726196289,2386200
2023-03-23,34.802624672336385,36.75067427785893,34.343707972268575,35.776649475097656,2157400
2023-03-24,36.31985287192455,36.85369262707456,35.23344170339314,36.27302551269531,1685800
2023-03-27,34.74643123548158,36.52589956651971,34.334345449620585,36.41351318359375,1483600
2023-03-28,36.57273173946992,38.94223514479894,36.03889188447188,38.670631408691406,1501200
2023-03-29,38.043140875517395,39.110820799663244,37.855827793297095,38.20235824584961,1391600
2023-03-30,39.129550374489426,40.04738049835996,38.623809724025854,39.81324005126953,1434900
2023-03-31,40.27214581874635,40.76852228673708,38.76428118273824,39.50416564941406,1475300
2023-04-03,39.87880214227418,41.95796685583466,39.2138405659741,41.058868408203125,1906100
2023-04-04,41.33046376936513,43.86854480867731,40.36580290684399,43.26914596557617,2279800
2023-04-05,44.06521824384914,44.43047666039529,41.967322466307635,42.96007537841797,1521200
2023-04-06,42.07971147355297,43.42835884329817,41.2087089307908,43.044368743896484,1013600
2023-04-10,41.77064753463523,42.27639167550019,40.82472185430553,42.164005279541016,1181500
2023-04-11,42.66037750965307,45.132899408095234,42.613550147108086,43.877906799316406,1522600
2023-04-12,45.36704560986215,45.6573810111819,43.606312258082056,45.048614501953125,1313100
2023-04-13,46.444084986648605,48.26101301277509,46.31296694811454,47.51176452636719,1915900
2023-04-14,46.33170574625024,47.099686009745994,43.35343942773778,45.198463439941406,1820600
2023-04-17,43.999665202002184,44.168246582188715,41.6769927749534,42.632286071777344,1320000
2023-04-18,42.510532452115896,44.56160473912821,42.370050349126835,42.88515853881836,899700
2023-04-19,41.29299461757465,42.37940576045971,40.89963694939814,41.5364990234375,955400
2023-04-20,41.96733250627717,42.84769924837804,41.152521226915205,41.48031997680664,1085500
2023-04-21,40.74043427627754,41.35856486031998,38.99842892869446,40.06610870361328,1496300
2023-04-24,39.93498426740328,40.805986802288196,39.298122122053044,40.35643768310547,777500
2023-04-25,39.953720804673544,40.30024762313175,38.586341620314776,40.0848388671875,1251500
2023-04-26,40.740433183748124,41.068228343503165,38.773655079819314,39.02652359008789,988700
2023-04-27,38.48331936632853,40.12230229747932,38.174252298701596,39.99118423461914,1047800
2023-04-28,39.728946908668995,40.30961775415288,38.848580167821694,39.5416374206543,820900
2023-05-01,40.80598985741189,41.480315373021796,38.651898826956895,38.72682189941406,1353100
2023-05-02,39.05462560779621,41.8268475245459,37.80899676800761,41.6114387512207,1532000
2023-05-03,41.56460147091141,42.78213073860967,40.974566709932745,42.060977935791016,1125600
2023-05-04,42.44497288160944,45.17036708815442,42.379413853177354,43.66250228881836,1562800
2023-05-05,41.780017325611915,44.02776322524614,40.993305367565114,43.77489471435547,869700
2023-05-08,44.02776121819936,44.552237023888274,43.175490266891835,43.63440704345703,730400
2023-05-09,43.43773180181193,43.99966738180668,42.922623591366865,43.681236267089844,490100
2023-05-10,43.952837298314655,44.01839632617602,41.545874210550316,42.941349029541016,933100
2023-05-11,41.36792419160372,41.86430426945299,38.59570271073955,38.81111145019531,1618900
2023-05-12,38.74555200955545,39.64465385194019,38.399025221328436,39.49480056762695,790200
2023-05-15,39.71020627412787,40.899636152634734,39.70083865906655,40.09419631958008,634100
2023-05-16,39.70085090380985,40.12230439409753,37.43437324690636,37.79026412963867,1002400
2023-05-17,37.771534262846394,37.771534262846394,36.46971052680128,37.462467193603516,816600
2023-05-18,36.01079865744098,36.06699007381515,34.63405179308316,35.50505447387695,1233700
2023-05-19,35.95459798343293,37.18149492230405,35.21471348809771,36.11381530761719,1082800
2023-05-22,35.907771389512725,36.43224716441931,35.411394891652215,35.49568557739258,518500
2023-05-23,35.10233527412847,36.001433730307504,34.80263578873546,35.402034759521484,427200
2023-05-24,35.589341516804964,35.589341516804964,33.21984176434454,33.538272857666016,1202500
2023-05-25,33.06062726056082,33.06062726056082,31.515302600811705,31.983583450317383,866800
2023-05-26,32.86394301142819,33.04188840935527,31.871186540285727,32.44248962402344,679900
2023-05-30,32.94823807218258,33.3977872209873,32.198989490841406,32.60171127319336,770800
2023-05-31,32.77028777227813,34.624679074808256,32.52677978665482,33.903526306152344,1150200
2023-06-01,34.371815302142465,37.031650688341756,34.25006128008668,36.28240203857422,1228500
2023-06-02,35.973333200050625,36.86306749115414,33.940996113742905,34.64341735839844,1199500
2023-06-05,34.446735049260546,35.533146379526265,34.18449894037886,35.03676986694336,642500
2023-06-06,35.07424139176555,35.72983538999198,34.2781616893835,35.63617706298828,611600
2023-06-07,35.31773365162575,37.11593360694749,33.51953726900263,33.91289138793945,1343700
2023-06-08,34.65278388869507,35.767291057321835,34.643419843415614,35.28964614868164,1362800
2023-06-09,35.18662404723776,35.3083780729675,34.090848533768515,34.259429931640625,560700
2023-06-12,34.165770339366475,34.31562006824837,33.14491794489001,34.25006103515625,720700
2023-06-13,34.55913025244444,35.12106587740306,33.01380192475887,33.07936096191406,1279400
2023-06-14,33.950359465628054,34.362445301246055,32.01167715575156,32.73283004760742,1447800
2023-06-15,32.30201290322873,32.86394846454467,31.889923490411146,32.79838943481445,1271900
2023-06-16,33.35096315258113,34.54976100127506,32.536155463090694,33.56637191772461,1393000
2023-06-20,32.35819896763772,32.45185726084349,30.784775368766606,31.131305694580078,1927200
2023-06-21,30.602925008595815,31.317465375003945,29.79436966505151,30.988399505615234,1361200
2023-06-22,29.982404498813235,30.43369144487841,29.493511203870085,30.13283348083496,1460600
2023-06-23,30.565316710287448,31.279857073059258,29.831975862741004,30.104629516601562,1202500
2023-06-26,30.471295791949377,31.08241547271223,29.831971801354495,30.72514533996582,1001700
2023-06-27,30.649933754405712,30.856774955511657,29.070429398238772,29.531118392944336,1432900
2023-06-28,29.192651775533896,29.418297044364124,28.525123384447202,28.675552368164062,1451000
2023-06-29,28.2054618573413,29.81317232244737,27.961014306053748,29.728557586669922,1478500
2023-06-30,30.076419315008696,30.76275347741479,29.371282877132817,30.72514533996582,1358800
2023-07-03,30.847371141766544,32.16362372289565,30.847371141766544,31.843961715698242,1078000
2023-07-05,32.26704567906333,32.46448303662434,30.302065172289808,30.471298217773438,1695800
2023-07-06,30.085827452756693,30.085827452756693,28.553331405914125,28.79777717590332,1649300
2023-07-07,29.155042635643273,30.32086804448886,29.004613666324797,29.54991912841797,1635400
2023-07-10,29.333675083870197,31.637121384444235,29.314871016074626,31.486692428588867,1841500
2023-07-11,31.834566463553347,32.66192771535285,31.48670009095416,31.73114585876465,1313700
2023-07-12,32.90637086002799,35.53887981152827,32.90637086002799,35.23802185058594,2923900
2023-07-13,35.71752666497592,36.13120558015582,35.31324799460226,35.849151611328125,1357300
2023-07-14,35.72692153730679,36.19701261016609,34.880756171555944,35.426063537597656,1126100
2023-07-17,34.79613628261856,35.80213438120608,34.19442034117139,35.7175178527832,777500
2023-07-18,36.43205369106501,37.77651428193993,35.811533694238875,37.108985900878906,1695800
2023-07-19,36.90214424222954,37.09958160543836,36.34743670761207,36.573081970214844,945400
2023-07-20,36.47905869681487,36.62948766434053,34.55168642960802,34.63630294799805,1533200
2023-07-21,34.156812389718525,34.73972420174358,33.94056738240143,34.42946243286133,927500
2023-07-24,34.241427097570245,34.64570564896688,33.132015624876615,33.8653564453125,939600
2023-07-25,33.846557773139025,34.84315215426961,33.54569976874306,34.53289031982422,791700
2023-07-26,34.78673381890129,34.88075058380796,33.7431312304927,34.56108856201172,1380400
2023-07-27,33.658522620314336,33.67732669501829,31.101229431255554,31.21405029296875,2407600
2023-07-28,31.63712662569003,32.13542195204183,31.22344423867211,31.90977668762207,819900
2023-07-31,32.43627575626291,34.47646877071206,32.398667619261516,33.66791534423828,1355000
2023-08-01,31.966186365084784,32.60551037930724,31.148229071142044,31.40207862854004,1592000
2023-08-02,31.214045506724,31.251653650365217,28.976411171211314,29.427698135375977,2084900
2023-08-03,29.53111727784833,30.029414396941064,28.985811774781997,29.324277877807617,1211900
2023-08-04,30.198645455861925,31.026006637073284,29.973001986419252,30.114028930664062,1689300
2023-08-07,30.142235775390677,30.142235775390677,28.948204222271094,29.70975112915039,978700
2023-08-08,28.778972605352735,29.484109130136577,28.327683866617342,29.296072006225586,1338600
2023-08-09,29.36188537123181,29.521716393531147,28.515721873928538,29.014019012451172,974500
2023-08-10,29.474706546449273,29.813170852637462,28.4217018999902,28.957605361938477,1689400
2023-08-11,28.99521516305495,29.75676213713913,28.703759223659397,29.70035171508789,872100
2023-08-14,28.985813965623674,29.12684092145866,28.120846365046066,28.90119743347168,1588300
2023-08-15,28.71316202923675,28.71316202923675,27.23707463441186,27.425111770629883,2098200
2023-08-16,27.41571001158527,27.6225494289116,26.644760973158427,26.6823673248291,1197900
2023-08-17,26.926815453177007,27.190067093426396,26.052445791077165,26.30629539489746,1570000
2023-08-18,26.287490111189296,26.296892147185314,25.676372117488057,26.17466926574707,1262100
2023-08-21,26.578945566869695,26.89860759028785,25.84560296139483,26.79518699645996,1488300
2023-08-22,27.25587739252382,27.38750230557703,26.40971390685115,27.36870002746582,1568500
2023-08-23,27.86699602028361,29.822574656913073,27.838791705827,29.30547523498535,3124800
2023-08-24,29.089232439967116,29.94479794173777,28.17725472538934,29.051624298095703,4117400
2023-08-25,28.807179888480704,29.352485452133887,27.4439168759753,28.34649085998535,2211400
2023-08-28,28.39349933489619,30.179843122507716,28.290078732977264,29.747360229492188,1592400
2023-08-29,29.75675679077881,31.25164794921875,29.371282355052255,31.25164794921875,1749700
2023-08-30,31.684136289886556,32.28585223730473,30.753354467998477,31.007204055786133,1797500
2023-08-31,31.12942814587405,31.261053058594975,29.925994480302226,30.424291610717773,1164200
2023-09-01,31.533707975287317,31.74994942434382,29.662744049044473,29.71915626525879,1709000
2023-09-05,28.957606369134872,29.32427858737,27.669557967240156,27.885799407958984,2395300
2023-09-06,27.566138488365446,28.36529362051554,27.331092966748066,27.453317642211914,1461300
2023-09-07,27.472122534901857,27.472122534901857,26.86100447920286,27.124256134033203,1200700
2023-09-08,27.453318564182037,28.205463541315076,26.98322750516012,27.09604835510254,1334200
2023-09-11,27.763576476081603,28.37469444759761,27.33109180224008,27.566137313842773,1389100
2023-09-12,26.945618490132087,28.384097729890794,26.936216454064446,27.697763442993164,1114400
2023-09-13,27.697760176543397,28.13964685333488,27.302885467800927,27.519126892089844,785100
2023-09-14,27.631951191347458,29.070430441912098,27.61314891232595,28.459312438964844,1729700
2023-09-15,29.3900896136723,30.45249448747715,29.267864949123197,29.850778579711914,1894400
2023-09-18,29.963603231570676,30.010611617567303,28.920000564499787,29.77556610107422,907900
2023-09-19,29.95683815997312,29.95683815997312,28.43681070080392,28.682279586791992,1370700
2023-09-20,28.85221670966795,30.079569962180624,28.795570190555175,28.861658096313477,2000700
2023-09-21,27.653191492379722,28.181896578869686,27.096162243828314,27.284984588623047,1573400
2023-09-22,27.936424179197374,28.351836193226443,27.12448292467701,27.190570831298828,1229200
2023-09-25,27.105601956336567,27.105601956336567,25.92545554303538,26.501367568969727,1526200
2023-09-26,26.038751115061352,26.07651666570212,24.707546067903944,24.754751205444336,1990300
2023-09-27,24.594251552719957,24.6414584916658,23.25360509958802,23.914487838745117,2504700
2023-09-28,23.93336768123364,24.358219275116145,23.404662635158353,24.339338302612305,1663000
2023-09-29,25.226809504343198,25.557250865745903,23.59348727320135,24.131633758544922,3349100
2023-10-02,23.621810328808728,23.621810328808728,22.13954676650262,22.356693267822266,2826500
2023-10-03,21.988487766172206,22.847634169154933,21.62972226557433,22.526634216308594,2339400
2023-10-04,22.70601642523989,22.71545781270144,21.488106254868136,22.035694122314453,2210400
2023-10-05,21.941282910945773,22.46054843717969,21.724136393075884,22.43222427368164,1985500
2023-10-06,22.48886826032907,23.820073181478797,22.158426926543164,23.41410255432129,2806000
2023-10-09,24.23548637712746,24.707544933907695,24.112751944699216,24.471515655517578,2121300
2023-10-10,24.71698306133457,25.141834625948928,24.339336625868395,25.00021743774414,2044900
2023-10-11,25.63278005151087,25.92545586139057,25.066309406018142,25.651662826538086,1866900
2023-10-12,25.35898350978904,25.746071340514288,23.678454580736805,23.990013122558594,2360200
2023-10-13,25.566688522537337,26.841246844383132,25.415629945212235,26.340864181518555,3200900
2023-10-16,26.085953628212376,26.926219037828492,25.868807136155787,26.520248413085938,1533500
2023-10-17,26.624099409692423,27.709833570561536,26.189804664888644,27.511568069458008,1766700
2023-10-18,28.32350924403014,28.842772859866606,27.077275125414452,27.511568069458008,2022100
2023-10-19,27.511569330316696,27.87033480560907,26.64298160166188,27.80424690246582,2396900
2023-10-20,27.91754224724926,29.116571391637418,27.587100903418445,27.65319061279297,2467900
2023-10-23,27.29442463338191,27.804248720846847,25.88769040054927,27.07727813720703,1760600
2023-10-24,26.661866860235232,27.605983966337444,26.576896176625194,27.50213050842285,1122700
2023-10-25,27.14336633497437,27.77592485724593,26.16148369710072,26.21813201904297,1750200
2023-10-26,25.991547335677957,26.34086969355564,24.63201805449941,25.698869705200195,1969000
2023-10-27,26.152047340577365,27.133928298950195,25.19848874591295,27.133928298950195,2375600
2023-10-30,27.369953020771945,27.44548231262387,26.43527735881922,26.661865234375,1313300
2023-10-31,26.539130291789785,27.133923228405592,25.04742545629393,25.34954261779785,3230400
2023-11-01,25.764959799691436,26.170928691676508,24.51872355657863,25.576135635375977,3400600
2023-11-02,26.284222721625376,26.293664109619513,25.179605536960235,25.868810653686523,1470900
2023-11-03,26.425836851993978,29.210982958180654,26.425836851993978,28.587865829467773,3174000
2023-11-06,28.52177584185283,28.88998272394769,27.926982879638672,27.926982879638672,1001100
2023-11-07,27.237778486192145,27.473807759381398,25.92545450274278,26.94510269165039,1879700
2023-11-08,26.737399805999637,26.831811889647973,25.132401587020816,25.434518814086914,2130100
2023-11-09,25.82160287507587,26.935661333859702,25.15127880209558,25.425073623657227,1968300
2023-11-10,24.9907810626428,25.13240008000374,24.141075962280187,24.565929412841797,1802000
2023-11-13,24.36766323687969,24.934133889347013,24.0655460357666,24.0655460357666,1230100
2023-11-14,25.538365411283884,27.133923725566426,25.47227750608905,26.690189361572266,1836600
2023-11-15,26.75627979322306,26.992309077354694,25.953779867023393,26.45416259765625,983700
2023-11-16,26.70907287059058,28.096924320201303,26.473043602242885,27.14336585998535,2438500
2023-11-17,27.521012516446188,27.82312969386522,26.831807480363963,27.07727813720703,1828000
2023-11-20,26.29366456140144,27.209457603440413,26.010428318992624,27.133928298950195,907600
2023-11-21,27.95531133196181,29.154338827272998,27.95531133196181,28.446250915527344,2241400
2023-11-22,28.625630616653176,28.767247823642112,27.85145487107052,28.172454833984375,1007800
2023-11-24,28.4934563865168,29.30539772633275,28.276309870302033,29.012720108032227,762100
2023-11-27,29.90018949662788,30.457216945091222,29.267630949242857,30.249513626098633,1682000
2023-11-28,31.023688662486308,32.87415732487223,30.608274831099425,32.741981506347656,2077600
2023-11-29,32.66645385382417,33.27069189032858,32.32657468528718,32.85527801513672,1413400
2023-11-30,32.57204394341716,33.4500732421875,32.06221978254637,33.4500732421875,1270400
2023-12-01,33.11963211358234,34.96065771727022,32.836394080841565,34.74351119995117,2300300
2023-12-04,33.346217723764056,33.752188389720146,32.307690290842665,32.732540130615234,2442500
2023-12-05,32.109416975277526,32.524830752358135,30.797094946453885,31.31635856628418,1600200
2023-12-06,32.279364512059885,32.609807680080294,31.250276660149314,31.259719848632812,1622400
2023-12-07,31.78842198046613,31.78842198046613,30.381689476180323,30.9953670501709,1490400
2023-12-08,29.626394237361364,30.731011332487522,29.097689157870356,29.65471839904785,2169200
2023-12-11,28.93719054554056,29.19210261049755,28.408485441036134,29.135456085205078,1341000
2023-12-12,29.267632103323056,29.267632103323056,27.303868472936966,27.577661514282227,1417800
2023-12-13,27.49269210484828,31.49574859085378,27.322750730316823,31.43910026550293,2804600
2023-12-14,32.373772083688294,33.45006486381797,31.476860233073403,32.1849479675293,2367000
2023-12-15,31.750660796254447,32.31712964624062,31.165305569544802,31.410778045654297,1725200
2023-12-18,31.65624658678778,32.015012108811185,30.995367469272395,31.50518798828125,1331300
2023-12-19,32.005575796918286,34.063751663115376,31.73178093363486,33.8938102722168,2109800
2023-12-20,33.65776857636216,33.90323738314621,31.7695347959552,31.82617950439453,1228900
2023-12-21,32.916783634889185,33.617945074011395,32.82202964683547,33.447391510009766,1368200
2023-12-22,34.74549186571887,35.54140732594003,33.731647645668666,33.7979736328125,1760500
2023-12-26,34.46122988662603,34.60335903753249,33.52318905702564,33.93062210083008,787500
2023-12-27,34.40438163402903,35.27609650348329,34.14855132725584,34.73601150512695,1471600
2023-12-28,34.30016022346902,34.726544144579556,32.67990493774414,32.67990493774414,1207600
2023-12-29,32.537773045708335,32.66095141586668,31.656580887065648,32.11138916015625,1215300
2024-01-02,32.34826913557037,32.727277842222335,30.85119233473439,31.031219482421875,1456900
2024-01-03,29.467818041256074,29.94157716794107,28.6055765752692,29.126710891723633,2231400
2024-01-04,29.183561480896493,29.562570228042603,28.52029978788609,29.126710891723633,1903100
2024-01-05,29.23093514863691,30.386906635479004,28.539247336196496,28.899303436279297,2154000
2024-01-08,28.169714068069762,29.14565840979433,27.894934745291355,28.719274520874023,1630000
2024-01-09,29.069860718135438,29.069860718135438,27.71490930728626,27.980215072631836,1939700
2024-01-10,27.89493480021547,28.36869387450532,27.421175725925625,28.112863540649414,1333100
2024-01-11,28.10338709924822,28.39711720837697,26.672634531124984,27.534875869750977,2260100
2024-01-12,29.136185105415137,30.367958061769432,29.126709706397325,29.39201545715332,2358600
2024-01-16,28.387643247894108,28.397118646377745,26.549459316007365,26.7294864654541,2478000
2024-01-17,25.848295509706034,25.848295509706034,24.7302238153509,25.07132911682129,2450800
2024-01-18,25.6208922770037,25.6208922770037,24.83445045809989,25.27978515625,1508300
2024-01-19,25.63036390436703,25.63036390436703,24.597569029890018,25.45981216430664,1444300
2024-01-22,24.787075464941843,25.611417077419883,24.56914671709906,25.042905807495117,1226200
2024-01-23,25.25136019545207,26.198878415223238,25.109232823935912,26.170454025268555,1489600
2024-01-24,26.85266809473463,27.31695183324867,24.824979561786026,25.061859130859375,2433100
2024-01-25,25.85777186226623,26.18940177770589,25.545089129570275,26.132551193237305,1490100
2024-01-26,25.971474520104376,26.38838304701882,25.53561700211242,25.7535457611084,1346900
2024-01-29,26.25572469586691,26.473655224177065,25.298733041243473,26.39785385131836,1288500
2024-01-30,26.710538539785972,26.814764312763042,25.526140790860968,25.971473693847656,1331200
2024-01-31,26.189400401357926,27.08006794504626,25.185031694707828,25.298734664916992,2365000
2024-02-01,25.8388230222425,27.32642638045911,25.696695646681558,27.231674194335938,2483700
2024-02-02,25.630363453050105,25.67774044160543,24.7870729364859,25.203981399536133,2430300
2024-02-05,24.51229708960697,24.71127504786558,23.82060741710673,24.161714553833008,2062900
2024-02-06,24.44596869430474,25.052381567690826,24.180664756492884,24.995529174804688,1102300
2024-02-07,24.900775776289947,25.03342772908174,24.256463193162986,24.351215362548828,1124800
2024-02-08,24.133287271556057,24.427019207084076,23.98168450810498,24.06696128845215,1017300
2024-02-09,23.962736228252556,23.962736228252556,23.214195980188077,23.602678298950195,1376100
2024-02-12,23.40369841134165,24.417542515972904,23.308946237388355,24.209087371826172,1347400
2024-02-13,22.93941378080518,22.93941378080518,20.7695981346767,21.139129638671875,3849000
2024-02-14,21.37600942015897,21.764491725478866,21.034904107711913,21.755016326904297,1771800
2024-02-15,22.200347914744242,23.327894885751945,22.124546544010368,22.806758880615234,1950700
2024-02-16,22.380377923072167,23.289994415575165,22.304576548696918,22.901512145996094,1332300
2024-02-20,23.26157256922331,23.308949566590485,22.446708094232157,22.854141235351562,1096300
2024-02-21,22.835185234941466,22.854136029571674,21.972943958986903,22.56987953186035,1261000
2024-02-22,22.598306398430594,22.598306398430594,21.745540494333596,21.925567626953125,1123400
2024-02-23,22.048745311761575,22.78780822924699,21.366531163624586,22.749908447265625,1712000
2024-02-26,22.152974254485887,22.181400450496625,21.6318399783549,22.124549865722656,1288200
2024-02-27,22.17192624437544,22.209827841095017,21.698167128866363,21.736068725585938,1137600
2024-02-28,21.45181165537002,21.48971325117692,20.82644978253662,21.110706329345703,1716300
2024-02-29,21.849769234146958,22.45618211241236,21.641315880296457,22.020322799682617,1620000
2024-03-01,22.34247746228232,24.019584988311472,21.792917018454666,23.725854873657227,2667700
2024-03-04,24.654422752569083,26.018847590440647,24.464918399240975,25.99042320251465,2931900
2024-03-05,26.767386688484255,26.92846483996149,25.933571544350407,26.01884651184082,2855200
2024-03-06,26.74843637475119,27.658054719271913,26.60630901670816,27.184295654296875,2114800
2024-03-07,27.771757702115373,28.093914031982422,27.2885232073148,28.093914031982422,1456600
2024-03-08,28.444497391228662,28.59610016181202,27.544354359548326,27.752809524536133,2276500
2024-03-11,27.57277750681768,29.230934207999614,27.193770622282713,28.87087631225586,1697600
2024-03-12,27.648578483970205,28.103386738836363,26.966364294423617,28.008634567260742,1649200
2024-03-13,28.226566394126074,29.64784361097639,28.103388023273816,29.2025089263916,1376300
2024-03-14,28.72875074027835,28.956154885119243,28.093913491546385,28.624523162841797,1625500
2024-03-15,28.29289255812088,29.06985715253253,27.932834648797584,28.96562957763672,910700
2024-03-18,29.117235146558993,29.25936252142723,28.368696675054224,28.44449806213379,1025000
2024-03-19,28.089778290917085,28.089778290917085,27.0064531468431,27.150257110595703,1271500
2024-03-20,26.939344255103915,30.160559932260583,26.757191595810465,29.56616973876953,2039800
2024-03-21,30.534455541305693,30.649497990497352,28.760868297261233,28.78004264831543,1915400
2024-03-22,28.281517759570875,28.90466948008539,27.878865569173303,27.99390983581543,967400
2024-03-25,28.37738539709501,29.508646309159914,28.089775667880335,28.492427825927734,1052900
2024-03-26,29.777082970336266,29.777082970336266,28.454083929264172,28.502017974853516,1298000
2024-03-27,29.010128574807975,30.65908432006836,28.7321059778937,30.65908432006836,1391600
2024-03-28,31.28223278048212,32.21216485703329,30.76453637262921,31.9437313079834,1774800
2024-04-01,33.266734934854526,33.46806011428147,32.03001684900361,32.64358139038086,1928300
2024-04-02,33.1804518150506,33.899473439506885,32.614821324193,33.7460823059082,1450700
2024-04-03,33.554343426968636,36.06612468236156,33.39136694289015,35.86479949951172,1460500
2024-04-04,35.75934446231234,36.25786660360117,34.75271483305736,34.810237884521484,1617700
2024-04-05,35.06908622905442,37.59045298262278,34.7910636318959,37.130279541015625,1501400
2024-04-08,37.973931635422566,38.539562160896644,36.3057997554561,37.29325866699219,1313700
2024-04-09,38.587496029712014,39.61329997942189,38.079388556622064,38.60667037963867,1213400
2024-04-10,36.478364628748224,38.36699601610168,35.63471152808984,36.97688674926758,2121300
2024-04-11,38.14649668385156,38.97097543921857,36.83308115163515,38.846343994140625,1434000
2024-04-12,40.7349805648066,42.18260941514194,36.75639207757039,37.43706512451172,3907000
2024-04-15,37.897229476535976,38.204011723985126,35.31834006606253,36.52629470825195,2305200
2024-04-16,35.49090531512758,35.76892786799124,33.93781974000106,35.279991149902344,1838200
2024-04-17,36.43043333768422,37.571279801954155,35.44297802539288,36.17158508300781,1710400
2024-04-18,37.5137544155574,37.5137544155574,36.04694787327415,36.77555847167969,1068400
2024-04-19,36.90977635780891,38.23277715774841,36.71803652841965,37.7534294128418,1449600
2024-04-22,34.465112210158914,35.70183057904115,33.774850114571805,33.889892578125,1621600
2024-04-23,33.640625489633734,35.87438411941501,33.55434274771144,35.61553955078125,1152700
2024-04-24,35.17453733709568,35.79769088838943,34.8581697169813,35.30875778198242,817200
2024-04-25,35.001972616879364,37.254909334061054,34.42675675473648,36.97688674926758,1699800
2024-04-26,37.80136423043382,38.03144910470878,36.6029948436134,37.65755844116211,1049000
2024-04-29,37.8205387202892,38.58749439928311,36.765971461681076,38.28071212768555,999300
2024-04-30,35.76892586367397,36.61257516303521,34.225425720214844,34.225425720214844,1835500
2024-05-01,35.09783767180215,36.78513989419956,34.100793620910125,34.771881103515625,1749500
2024-05-02,34.14873370804433,35.529257609927384,33.77484303699541,34.89651870727539,1133700
2024-05-03,35.29916670819473,35.77851444041588,34.09121203213595,34.59931945800781,1543700
2024-05-06,36.24827150924523,37.03440138218629,36.24827150924523,36.72761917114258,1555500
2024-05-07,36.411251293606504,37.09192415812866,36.14281774864177,36.51670837402344,863800
2024-05-08,36.267455254365544,37.50416976317136,35.788107468230976,36.81391143798828,1266200
2024-05-09,37.302837908643575,39.88172722090537,37.302837908643575,39.79544448852539,2088400
2024-05-10,40.75414480238352,40.782908154732674,39.27775648620971,39.35445022583008,1515400
2024-05-13,38.91344761630413,39.574946145863755,37.78218671731266,38.14649200439453,1133400
2024-05-14,38.84634815078743,39.70917204092821,38.491631784522895,39.50784683227539,977600
2024-05-15,40.50488089166358,41.37729356458333,38.788815237713195,40.93629455566406,1634100
2024-05-16,40.70621441413828,41.291019316944,39.747518811409826,40.840431213378906,812300
2024-05-17,42.18261029643397,44.579349517822266,41.895002321294136,44.579349517822266,1954100
2024-05-20,44.67521247091017,46.20912758995462,43.60147444757243,45.43258285522461,1369900
2024-05-21,45.317535400390625,45.86399152686113,44.694381880736124,45.317535400390625,1081400
2024-05-22,44.20544782021014,44.20544782021014,41.252664076410454,41.645729064941406,1626300
2024-05-23,41.48275661119361,42.18260391917853,39.584539873686566,39.98719024658203,1935500
2024-05-24,40.84042904840981,41.67449681170538,40.72538660617822,40.99382019042969,802500
2024-05-28,43.122126509533295,43.82197384018205,42.460627879583114,43.28510665893555,1299500
2024-05-29,42.32640919157031,42.949559092956655,41.358124656463495,41.60738754272461,1164300
2024-05-30,41.67449821652584,43.03584419070072,41.549866766579285,42.35517120361328,997000
2024-05-31,43.28510611554376,43.66858214631528,41.032169349086075,42.17301940917969,1068200
2024-06-03,42.01003571680964,42.3935153723546,41.185557017381115,41.93334197998047,1212300
2024-06-04,40.4569531242143,40.4569531242143,37.92599744592058,38.434104919433594,1810500
2024-06-05,38.85593081075697,40.14058303833008,38.15608347398607,40.14058303833008,1025100
2024-06-06,40.07347312754168,42.46062664837485,39.977605035708464,42.201778411865234,1330000
2024-06-07,39.24899324733649,39.24899324733649,35.75934214189128,36.10447311401367,2583800
2024-06-10,36.34415001289321,36.90978056260549,35.452562813225825,36.65093231201172,1010900
2024-06-11,36.171591468898285,36.296222944738105,35.299178452287904,36.2291145324707,1141200
2024-06-12,38.060209359498664,38.491623035072145,36.04694675920003,36.59340286254883,1685600
2024-06-13,36.11406055101653,36.967302684668574,34.50345534974914,34.87734603881836,1060200
2024-06-14,35.72099735034908,35.72099735034908,34.522627820038835,35.5867805480957,994400
2024-06-17,35.23205971706761,35.26081941186017,33.95699294331175,35.16495132446289,982400
2024-06-18,34.58973750555227,36.58382236549114,34.47469140539811,35.97984313964844,1373300
2024-06-20,36.84267395738589,38.34782582858725,36.45919423624655,38.15608596801758,1553200
2024-06-21,37.63837757876744,37.743834651699515,35.99900941900296,36.63174819946289,1242600
2024-06-24,37.14945303766351,37.561692422006956,36.29621457239141,36.4304313659668,904500
2024-06-25,35.86465016686389,36.02850563101407,35.38272795443054,35.565860748291016,771100
2024-06-26,34.36105884340242,35.54658716988679,34.23575802544958,35.47911834716797,762900
2024-06-27,36.32729561512702,36.93451864174315,36.25982679847798,36.433319091796875,749600
2024-06-28,36.674280698569774,37.13692559476242,35.34417432403167,35.90320587158203,758500
2024-07-01,36.346575848581885,36.915244260603686,35.53694630734364,35.61405563354492,521500
2024-07-02,35.57550362321708,36.568262373048235,34.987557835803365,35.932125091552734,763700
2024-07-03,37.03090526016565,39.247750631506115,37.03090526016565,38.7079963684082,1151300
2024-07-05,40.2597852084424,41.53205965437086,39.74894879998211,40.95375442504883,1382800
2024-07-08,40.20194858585018,40.96338653564453,39.45978796505027,40.96338653564453,706200
2024-07-09,40.85737146315837,41.55134074251106,40.08629652875278,40.78026580810547,635900
2024-07-10,41.63808314461594,43.22842436390467,41.55133699252565,43.00674057006836,975800
2024-07-11,45.12720102073369,45.92719375293618,43.24770343437466,45.69586944580078,1659100
2024-07-12,44.510339643993305,46.09104404777851,44.40431615989978,45.319969177246094,1144700
2024-07-15,45.77297475846015,46.65970989167994,44.25973558237889,44.86695861816406,1262700
2024-07-16,45.85972605831029,48.25969696044922,45.15611629197414,48.25969696044922,1506800
2024-07-17,47.382600539263734,48.28861314249919,44.96335220336914,44.96335220336914,1148600
2024-07-18,45.78261109809036,45.97538072227937,42.8621636088222,43.517578125,1181600
2024-07-19,41.0308627271824,43.141680995197085,40.838093079347566,41.92723846435547,817100
2024-07-22,42.206753541561135,42.48626934225959,41.1754401717325,42.197113037109375,675400
2024-07-23,42.0236192335575,42.22602937533532,41.416399838549076,41.82121276855469,531900
2024-07-24,43.045292528216905,44.336844224434465,40.867005712362534,40.982666015625,1800100
2024-07-25,38.89112195428252,39.37304417764054,37.94655483771377,38.48630905151367,1685100
2024-07-26,39.40196291083559,39.78749849225931,38.73690787428178,39.21883010864258,779100
2024-07-29,39.614005559791885,39.71039221118645,37.86944945246041,39.40196228027344,606000
2024-07-30,40.009180311961835,40.385082724774406,38.90076143348788,40.02845764160156,818800
2024-07-31,41.50314576356271,42.669396733721655,41.107969663063606,42.129642486572266,1208300
2024-08-01,42.11036428232586,42.67903267630735,38.86220939302903,40.173038482666016,1618700
2024-08-02,41.1657940859973,41.67663412620089,37.07909582501652,37.88872528076172,1618400
2024-08-05,33.19480138557385,35.60441249977338,31.941804341545048,34.987552642822266,1603400
2024-08-06,34.66948663212543,36.520066242716105,34.11045507677522,35.37309265136719,915300
2024-08-07,36.915244737407114,37.10801437862512,33.33938241607472,33.68636703491211,933400
2024-08-08,34.39960551962983,35.604411026889174,33.54178458674512,35.267066955566406,792100
2024-08-09,35.951399026992334,36.14416866187734,34.794784894457266,35.88393020629883,816500
2024-08-12,36.62608897520972,38.87184830091,36.26946755942172,38.48630905151367,1387400
2024-08-13,38.14896942105256,40.04774070262195,38.14896942105256,39.70075607299805,1016700
2024-08-14,38.99714858056834,39.64292632393493,38.3128198505691,39.41160202026367,945800
2024-08-15,39.65256322250883,40.46219277164756,38.57305838258223,40.15376281738281,815400
2024-08-16,41.04050114638904,42.5922877245085,40.52002422671479,42.56337356567383,1624200
2024-08-19,42.02361569948137,44.5199729215706,41.92723272714036,44.442867279052734,1442600
2024-08-20,45.618757177158905,46.12959353214656,44.15371324922069,44.722381591796875,1589700
2024-08-21,44.944069420688294,46.013937388646795,44.0766079124044,45.811527252197266,845300
2024-08-22,44.336849162757424,44.336849162757424,42.49590622502698,42.939273834228516,1192300
2024-08-23,44.144079267833376,45.22358412487719,43.22842621800174,44.55853271484375,945200
2024-08-26,45.0115435750307,45.24286422013761,43.7103511583967,44.047698974609375,886900
2024-08-27,43.34409210913123,43.74890506946647,42.74650581990974,43.57541275024414,647900
2024-08-28,42.23566319381881,42.495901634615294,40.50074393195036,41.156158447265625,989200
2024-08-29,41.44530919462676,42.61156003604965,41.44530919462676,42.05253219604492,704900
2024-08-30,41.93687487918954,42.21639068195853,40.462193889810344,41.32001495361328,573800
2024-09-03,39.999546333699634,40.2983394492289,36.67428210795275,37.32969665527344,981600
2024-09-04,36.63572491633437,37.840530445606774,36.28874401239465,36.616451263427734,556900
2024-09-05,37.801978164112185,38.65015858029802,37.48390775046158,37.811614990234375,855800
2024-09-06,37.62848700377037,37.830893449353724,35.14176663766164,35.30562210083008,1073900
2024-09-09,35.797183545078965,36.64536772043915,35.797183545078965,36.41404342651367,510600
2024-09-10,36.69355524369541,37.859806060791016,35.84537116000109,37.859806060791016,536200
2024-09-11,37.54173803947373,38.794734954833984,36.40440141622111,38.794734954833984,552400
2024-09-12,39.99954614346723,44.28865483878436,39.86460850379735,43.758541107177734,1844900
2024-09-13,45.522373864197874,46.775370939493634,45.36815889611185,46.389835357666016,1432100
2024-09-16,46.12959926479616,47.131998446920726,45.599485514733665,46.274173736572266,825600
2024-09-17,46.01393579337455,46.82356528077857,45.05009134059714,45.348880767822266,703300
2024-09-18,45.89827467193118,48.876554363676966,43.585050047180836,43.78745651245117,2291300
2024-09-19,46.56332887734704,46.80429000109837,44.99226132099135,45.763336181640625,1153100
2024-09-20,46.813923924150565,48.095838787835646,46.428384679355496,47.54644775390625,1226500
2024-09-23,47.835601272747056,49.07895782383025,46.524772227263405,46.57296371459961,746600
2024-09-24,47.25550167030982,50.513500579366784,47.12015508179083,50.20413589477539,1280200
2024-09-25,49.91410579430776,50.54250118169454,48.879666962961004,49.07301712036133,848500
2024-09-26,50.27181108345327,51.431930538347345,49.45972783381922,50.2428092956543,1541400
2024-09-27,50.07845748342546,50.629513581943655,46.926803241235106,47.1588249206543,1080900
2024-09-30,46.43375069005341,46.99447650948809,44.62590004669192,45.650672912597656,586700
2024-10-01,46.93646771251952,48.15459439664401,46.06638091177715,47.361846923828125,1028600
2024-10-02,47.30383485202617,48.048244708205644,45.96969746770988,46.94613265991211,577900
2024-10-03,45.59266587290948,45.73768218910862,44.33587132155005,45.022274017333984,917700
2024-10-04,45.19629246778503,47.46819018618557,44.71290966064294,45.18662643432617,813600
2024-10-07,44.529225962324155,44.56789378446046,43.07907752654451,43.61079788208008,844900
2024-10-08,43.17574616740271,43.852482740643275,41.976955350126474,43.47544479370117,628100
2024-10-09,43.05973989523165,43.20475251973993,41.69660057251296,43.175750732421875,553400
2024-10-10,43.494787663077865,46.540097209100885,43.175753232434126,46.24040222167969,1072100
2024-10-11,46.859128966898886,47.951571419892616,46.694776900146024,46.820457458496094,727000
2024-10-14,46.40475520290025,47.54553906333837,45.79569175824497,46.65611267089844,541100
2024-10-15,47.08148758546663,48.30928039550781,46.385415141873324,48.30928039550781,743900
2024-10-16,49.4984010848816,50.99688707656186,48.97634675861832,49.169700622558594,849300
2024-10-17,50.27180918903488,51.41259284643488,49.517733231333104,50.20413589477539,586100
2024-10-18,51.85730857554638,55.608360308435294,51.354589997908214,55.21198654174805,1164900
2024-10-21,57.19385614846489,57.99627341436657,55.22165332212375,55.38600540161133,1062500
2024-10-22,57.21318839429343,58.64400103702384,57.21318839429343,58.170284271240234,700700
2024-10-23,56.710470964249566,56.75880850753175,54.245219377676975,55.33766555786133,692900
2024-10-24,56.87482311150406,56.932826688351476,52.70806196775599,54.78660583496094,743500
2024-10-25,54.32256110870735,55.202317711806124,52.64039092551194,53.00776290893555,698800
2024-10-28,52.949752239130305,53.568481631714704,52.340688879840876,52.62105178833008,455400
2024-10-29,53.63615530553172,54.970292872618025,53.07543317253018,54.6899299621582,746300
2024-10-30,54.34189457319586,54.62225748788003,51.634951576866854,52.80473709106445,600300
2024-10-31,51.52860584874662,51.982986861818034,48.676646585277936,50.40715789794922,890600
2024-11-01,50.75519688478439,51.61561772762143,48.79266378537325,48.95701217651367,574000
2024-11-04,49.53707242308423,50.27181267800179,48.26093840068098,48.53163528442383,415700
2024-11-05,49.48873044949841,50.387822765488075,48.183598345858265,48.6766471862793,457800
2024-11-06,43.38844400839727,46.433753635523885,42.65370003893856,45.23496627807617,884600
2024-11-07,46.926805647861926,48.22227176946396,45.302639056960324,47.92257308959961,692000
2024-11-08,47.3231787383084,47.3231787383084,44.98360397561127,46.16305923461914,748000
2024-11-11,42.68270502430501,43.53345614302968,39.521380898726946,41.41624069213867,1269000
2024-11-12,40.845850662725184,40.88452217567198,38.74797087226063,39.94675827026367,1224400
2024-11-13,40.77817774428483,41.08754247494505,38.14857384575443,38.206581115722656,979100
2024-11-14,37.858539758517445,39.154005776158925,37.61684836483745,38.57394790649414,1069400
2024-11-15,39.086334439686965,39.90808374421189,37.935884675768435,38.1389045715332,878200
2024-11-18,40.768505972352294,42.79871606414908,40.55582003566528,41.97696304321289,1362700
2024-11-19,42.94372933500728,43.41744613647461,41.648266876287366,43.41744613647461,1375800
2024-11-20,42.54735503243495,43.02107182805717,42.0543061689997,42.37334060668945,818300
2024-11-21,43.465782681691906,43.871826171875,42.334668642881404,43.871826171875,765400
2024-11-22,44.24886579175422,44.413214187805615,43.156419536401636,43.66880416870117,812300
2024-11-25,41.145548121392046,41.628930954965135,40.07243764079285,40.87485122680664,1248300
2024-11-26,40.903853643072,41.11653956614076,40.169109725800055,40.65249252319336,687300
2024-11-27,41.80294900563855,42.54735532282534,41.13587833606835,41.348567962646484,628000
2024-11-29,42.49901752310273,42.97273431912664,42.03497044891186,42.295997619628906,294600
2024-12-02,42.10263758141549,42.26698963723216,40.6814947773987,40.9811897277832,443100
2024-12-03,41.79327821062371,44.345538912353675,41.77394245525688,43.38844299316406,822900
2024-12-04,43.43678073413308,44.30687128998567,43.10808026724636,43.233760833740234,633300
2024-12-05,43.67847389077385,44.770920146126436,42.9050620812882,43.66880416870117,573600
2024-12-06,43.214426380893286,43.34977298523492,41.203552008050764,41.435577392578125,643100
2024-12-09,44.113515674518,47.168494844739755,44.113515674518,45.022274017333984,1161800
2024-12-10,45.989035488470016,46.762447166837745,44.8579216003418,44.8579216003418,783200
2024-12-11,45.81502074680127,48.09658813060119,45.25429862199104,47.70021438598633,634500
2024-12-12,45.2832999956207,45.457318095365046,43.117743469867754,43.175750732421875,867100
2024-12-13,42.29599142264543,42.64402759927575,40.35279435368314,40.9811897277832,990500
2024-12-16,41.29056275894105,41.551589944265594,39.9950965546925,40.12077713012695,583500
2024-12-17,39.20233903749564,40.2754492983476,38.757627806774984,39.83073806762695,675500
2024-12-18,39.627722695922316,39.705062024505494,35.71231915162315,35.963680267333984,1320200
2024-12-19,36.81443933147985,37.046461032388045,35.34495503669372,35.654319763183594,837700
2024-12-20,36.02168232908444,37.25914472571086,35.78966066516051,36.01201629638672,822300
2024-12-23,36.01492542929995,36.537438988692735,35.240824158281086,36.43100357055664,593000
2024-12-24,36.88578333472877,36.88578333472877,35.53111351073334,36.131038665771484,463400
2024-12-26,36.5761423147391,36.905134225297004,36.092330898694435,36.40196990966797,500700
2024-12-27,35.55046507113145,35.83107289183907,34.94086164316174,35.77301788330078,573900
2024-12-30,34.834426007216294,35.21179836503763,33.70230893375229,34.54413986206055,878600
2024-12-31,34.14741125958227,35.46337892606437,34.14741125958227,35.30855941772461,359400
2025-01-02,36.33423834247984,38.6371818264016,36.33423834247984,38.45333480834961,826000
2025-01-03,38.31786452790163,38.31786452790163,37.43732785575161,37.5244140625,708800
2025-01-06,37.65020964369502,38.30819355909068,36.63420626265983,36.914817810058594,756300
2025-01-07,38.36624813223603,39.47901221397008,37.16639415368333,37.61149978637695,1026000
2025-01-08,38.211423365364,39.449979282912416,38.07595308209282,39.34354019165039,832900
2025-01-10,40.33051829378983,41.29814108646005,38.8210254083966,39.295162200927734,1292100
2025-01-13,37.9985466285762,38.22109942277895,36.895457261141765,37.379268646240234,890200
2025-01-14,37.89211561723876,40.4466396849555,37.89211561723876,40.14667892456055,860000
2025-01-15,41.16267195446149,41.35619723933081,39.28548148977318,40.582096099853516,868100
2025-01-16,40.65951504096948,41.51102423362323,39.972503662109375,39.972503662109375,619100
2025-01-17,39.508043135332315,40.930446229155685,38.78232599052038,40.39825439453125,592000
2025-01-21,41.00785623443276,42.894721475779285,41.00785623443276,42.052886962890625,667300
2025-01-22,42.67216550072052,43.47529422466936,41.57875435601249,42.19803237915039,606200
2025-01-23,40.9788250923562,42.13029861450195,40.43695867364115,42.13029861450195,561000
2025-01-24,42.98180307034734,43.59140646881773,42.30447006225586,42.30447006225586,640400
2025-01-27,41.61746197504102,41.92710471880096,39.67254144537841,40.69822311401367,694000
2025-01-28,41.06590942351225,42.11094379689716,40.59177632873382,41.781951904296875,445900
2025-01-29,41.8013066915309,43.252740926020245,41.37555028705361,42.285118103027344,779200
2025-01-30,44.31712979568674,46.861979154639215,44.17198856978659,45.7298583984375,1049600
2025-01-31,46.14592789386358,46.271719885646334,43.968776693380136,44.27841567993164,608600
2025-02-03,44.84931430451927,47.11355175373156,44.43323621449225,44.72352600097656,780900
2025-02-04,46.51363124512017,48.09085756284007,46.51363124512017,47.41352081298828,852400
2025-02-05,48.806892828850096,51.409800529912935,48.806892828850096,50.03577423095703,1188900
2025-02-06,49.90030671103724,50.09383200621233,48.787539032171466,49.745487213134766,702800
2025-02-07,50.76149530062196,51.25498503553186,48.94236694740007,49.029449462890625,735800
2025-02-10,51.94199563288713,52.241960049543785,50.77117285337578,51.206600189208984,846100
2025-02-11,50.36477151334575,51.18725319806547,49.697113037109375,49.697113037109375,449400
2025-02-12,49.34877025219612,52.174227483100346,49.03913120473233,51.196929931640625,792100
2025-02-13,51.28401029819035,52.00972742505154,50.074481753421715,51.932315826416016,577400
2025-02-14,52.44516248657554,52.56127620230109,48.129565191693494,48.45855712890625,836500
2025-02-18,49.82290030984529,50.02610021487103,48.719807201445306,49.406822204589844,648900
2025-02-19,49.106860582204284,49.416499604865976,48.19729641453411,49.11653518676758,596500
2025-02-20,49.37778997629467,52.59029735575598,49.37778997629467,51.671058654785156,819100
2025-02-21,51.35174759005593,51.35174759005593,47.384495131540945,47.68445587158203,902100
2025-02-24,48.63272050856462,48.71980670857867,46.16528309641718,48.255348205566406,592100
2025-02-25,47.907008849219785,48.17794577515476,44.94608509466608,46.91035842895508,783600
2025-02-26,45.67179487604305,48.642396445219696,45.17830520282782,48.07149887084961,498800
2025-02-27,46.68780202660835,46.93938234086727,43.69784730357803,43.968780517578125,896800
2025-02-28,42.57540771145837,44.30745359287792,41.7722789305854,44.1429557800293,724500
2025-03-03,45.66211956742005,47.036145891853174,43.543026919498836,44.06554412841797,750200
2025-03-04,45.546004840933726,46.76521163439903,43.243061546423284,45.55568313598633,781300
2025-03-05,45.52665350483443,49.75516424690694,45.52665350483443,49.54228973388672,749400
2025-03-06,49.23264647818168,50.72278270559824,48.55530981598078,49.010093688964844,576200
2025-03-07,48.80689099066776,51.4388260955003,48.071499312593446,50.22929763793945,755500
2025-03-10,49.03912312111539,49.53260911816805,45.226690670666585,46.184635162353516,702600
2025-03-11,47.00711665188701,50.19059280820588,47.00711665188701,49.745487213134766,794500
2025-03-12,48.91333278301419,51.70008753645202,48.77786617888668,51.33238983154297,565800
2025-03-13,51.864576888081565,55.367373830805704,51.60332199904266,54.68035888671875,1227600
2025-03-14,56.07374671860228,56.6059385651653,54.86421811678251,55.744754791259766,817600
2025-03-17,55.90924356059214,58.986284324541316,55.90924356059214,58.40571212768555,751600
2025-03-18,60.64092130066066,61.37631672236219,58.54118152037777,58.65729522705078,809600
2025-03-19,58.54117769860573,59.508800470483514,57.32197463016242,58.9669303894043,871400
2025-03-20,57.3993905338732,59.21852263212,56.5091792314219,58.64762496948242,495700
2025-03-21,57.167157185091156,57.18650639297744,55.12547247259675,56.838165283203125,695500
2025-03-24,57.42841310767415,57.81546371361292,56.16082957104154,56.19953536987305,401200
2025-03-25,58.20175384466521,60.684900389294256,58.20175384466521,58.211570739746094,632000
2025-03-26,58.88879259443237,59.193052704027764,57.02397933132257,57.32823944091797,465200
2025-03-27,59.25193571626863,61.02841553926155,58.03490283549484,60.52785873413086,747000
2025-03-28,61.342489572216316,63.18766896283371,58.93786323217575,59.47767639160156,1059900
2025-03-31,60.06656567363851,60.419899007538184,55.93453653408056,60.223602294921875,870000
2025-04-01,60.00767352068969,60.763413405242055,58.29990078961149,59.62489700317383,570400
2025-04-02,59.232302130323674,60.14507860837258,57.83860266563284,59.35008239746094,396600
2025-04-03,54.010829940217654,61.34248493811678,53.68694356664944,58.849525451660156,758200
2025-04-04,55.30638947979472,55.58120639085293,46.93436734093653,47.78825378417969,1051700
2025-04-07,46.247327057835044,52.64657579345826,44.362887641823654,46.306217193603516,990900
2025-04-08,50.899545192287846,51.625838178516915,45.77621922024877,46.5123291015625,560300
2025-04-09,50.5756508149305,56.76878944596643,49.41750439905945,55.68916320800781,954100
2025-04-10,56.04249837022924,62.078600991968955,55.8854617427783,60.84193801879883,835000
2025-04-11,65.64136693362366,67.94785047537113,65.03285424439385,66.8289566040039,987800
2025-04-14,65.56285051791602,69.57709911476381,64.77766372001072,69.48876953125,555300
2025-04-15,70.95117814094849,71.75599130578689,69.90099501746305,70.98062133789062,366500
2025-04-16,76.51615588059806,78.35152560013306,74.28820027478665,75.85856628417969,850400
2025-04-17,75.1715311121821,75.26968507851299,71.32413225585405,73.56190490722656,541500
2025-04-21,78.05709042589973,79.67653365845678,73.33617479478762,75.66227722167969,560800
2025-04-22,76.45726959888482,76.45726959888482,69.6163549390973,70.25431823730469,793900
2025-04-23,65.3272880891475,68.15395448906764,64.20840180187778,66.23025512695312,704900
2025-04-24,69.00784728836008,69.42007452486237,66.63266779924805,69.02748107910156,329300
2025-04-25,64.56173340087511,66.43636322021484,64.28692028325577,66.43636322021484,251500
2025-04-28,65.72970030518194,67.53561945775311,64.38507034686151,67.4178466796875,236500
2025-04-29,66.23026363641135,67.61414633243085,65.30767018033369,65.48433685302734,172300
2025-04-30,64.237846900867,67.06451338462804,64.05137083952174,67.02525329589844,263800
2025-05-01,63.442854111886454,63.442854111886454,60.88119121711566,61.27378463745117,520300
2025-05-02,63.38396478075979,64.21822108023056,60.46896869165568,61.224708557128906,365100
2025-05-05,66.13211469423605,66.30878138037602,63.99248815680633,66.04378509521484,476200
2025-05-06,69.88135728423947,73.88579658054373,68.92932818841054,73.64042663574219,900100
2025-05-07,70.0285818799124,71.62839873824203,68.66432556382671,69.64580535888672,425800
2025-05-08,70.66653738619486,71.1867204216368,67.34913874350185,67.57487487792969,363000
2025-05-09,69.91081530440925,73.12025122446528,68.7330349529018,72.7472915649414,506400
2025-05-12,65.77877315822273,66.15174027606169,60.5965647361206,61.16582107543945,1059800
2025-05-13,61.33267056212569,62.23563012522529,60.11563403789571,61.45044708251953,484100
2025-05-14,58.66305026590512,59.24212351909362,57.573607048546386,58.49619674682617,593400
2025-05-15,59.67396798761579,61.25415098248001,58.299898585508544,60.98915100097656,692600
2025-05-16,58.250821327352625,60.0076709682443,57.48526832488394,59.988040924072266,614200
2025-05-19,62.206189442163435,63.19748237158512,61.136376333277575,62.96192932128906,498400
2025-05-20,63.089526181658755,67.48655938714495,62.81471301033411,67.21174621582031,677600
2025-05-21,67.61414859630985,70.00896190898628,67.61414859630985,69.1747055053711,530000
2025-05-22,69.05692398191107,69.85192027730781,67.30007412291694,68.41896057128906,444500
2025-05-23,71.99153352079391,73.21838312915132,70.13653751200515,72.3939437866211,451900
2025-05-27,69.19432785020084,71.962100664685,69.02747807664147,70.2641372680664,391600
2025-05-28,70.87265550349292,72.44302168684997,70.66654564393637,72.43321228027344,208600
2025-05-29,73.58154429215652,74.19987389134972,71.37321466748482,72.266357421875,264000
2025-05-30,71.25542858933025,73.94468101660603,70.61746525208956,73.73857116699219,421600
2025-06-02,77.04616578447371,83.8478212290473,76.79097893488989,82.90560150146484,758100
2025-06-03,80.36355961304993,81.44319333361538,78.90115687532438,81.34503936767578,509900
2025-06-04,82.44430791303958,83.61227133799869,81.34504777848412,82.67005157470703,441100
2025-06-05,85.31022557151704,88.89262847152494,84.01467248716342,86.05615234375,485100
2025-06-06,85.79115830791616,86.38985413452082,81.42356843036907,82.10079193115234,499600
2025-06-09,82.68967609514372,84.38763950438229,82.14985919067851,83.376708984375,286000
2025-06-10,83.96560186430843,84.6133746537662,79.61764594830322,80.94264221191406,563900
2025-06-11,81.5511595372378,82.1204196640993,80.48135006360579,81.67875671386719,240600
2025-06-12,84.27966782544016,86.6646638890869,83.78892795627907,85.51632690429688,477200
2025-06-13,88.25466378236487,88.26448067725033,86.28189473190388,86.97874450683594,260500
2025-06-16,85.52615040167375,86.19355697478598,82.65041424683527,83.08226776123047,325300
2025-06-17,83.91651581015392,84.40725566869284,82.07133663776217,83.5435562133789,251400
2025-06-18,83.25893944115404,83.48467561865685,80.57949609254065,80.96227264404297,236800
2025-06-20,79.55875699984013,81.46283037096711,77.29154086401999,77.42894744873047,315500
2025-06-23,77.61541544482475,81.69836704892032,77.14430190030431,79.28392791748047,353700
2025-06-24,75.20738481649231,76.5941000319931,72.65031560446019,76.51542663574219,482000
2025-06-25,75.25655197331669,76.77112547073777,74.75497813910923,76.52525329589844,229400
2025-06-26,76.5842660045891,78.6594277140203,76.00400378318687,78.45288848876953,297000
2025-06-27,73.44693605395524,73.67314175534604,71.95203653883316,73.26007080078125,408800
2025-06-30,74.29272813801329,78.15783855257668,73.95833811946392,78.06932067871094,325900
2025-07-01,80.59689975052864,81.09848111205429,77.73495140083824,77.91197967529297,420700
2025-07-02,79.15117900813642,79.54456851089753,76.6334426706073,79.2790298461914,296000
2025-07-03,77.82345003502354,79.91828555032181,77.82345003502354,79.71175384521484,186600
2025-07-07,77.69560266999257,81.23616027832031,75.0106753774855,81.23616027832031,358400
2025-07-08,81.0984756526283,81.0984756526283,73.32891357992075,75.158203125,700200
2025-07-09,75.0795181698222,77.42022590384518,74.37141266138666,76.82029724121094,205600
2025-07-10,77.59726103559213,77.64643096923828,75.20738316042572,77.64643096923828,238700
2025-07-11,79.26917946160508,81.1378092976289,78.66925081682759,80.37068939208984,449100
2025-07-14,81.04931064575618,83.2916637718748,79.40687874774508,79.6429214477539,345000
2025-07-15,79.76092138961455,80.14448133098338,75.75812321671178,77.71526336669922,427100
2025-07-16,77.96114866801884,79.10199920147303,74.70580335851606,77.17436218261719,294100
2025-07-17,74.70580014321553,76.20070715695867,72.80766666753622,75.37457275390625,515000
2025-07-18,76.78096176467315,77.05633739745637,74.31240305064082,74.33207702636719,202600
2025-07-21,76.52524955554519,81.2558350705632,76.52524955554519,79.6134033203125,537400
2025-07-22,81.23616278465474,84.08828143337186,79.71175984551881,83.34082794189453,339800
2025-07-23,82.37701001592102,82.93759823669538,79.40687014180764,80.74441528320312,326400
2025-07-24,78.67909358901825,80.20350402867471,77.03666931116904,78.62008666992188,344300
2025-07-25,76.71210832852432,77.71526336669922,74.67628729225038,77.71526336669922,511700
2025-07-28,75.52209691207213,75.8269760028847,72.32575869045604,73.70264434814453,546800
2025-07-29,74.0370276077724,75.30572892214086,73.26990762778759,74.71563720703125,252800
2025-07-30,73.06337564388512,73.97802042526357,69.93588131111598,70.65382385253906,599800
2025-07-31,71.23408886398411,71.48979803420406,68.8638774280336,69.46380615234375,348200
2025-08-01,72.6503133255412,73.35841889012873,70.1522511149132,71.25375366210938,436900
2025-08-04,73.95834445766366,77.05633524685828,73.83049363270347,76.67277526855469,498700
2025-08-05,76.0531826276445,81.46237045316533,75.72862955729167,81.1378173828125,437700
2025-08-06,81.20666453708442,85.25864082593169,81.20666453708442,85.16028594970703,387200
2025-08-07,86.63550440087302,89.3696089242835,86.54699403134731,87.62882995605469,554100
2025-08-08,88.87787190876713,89.70399877226001,86.75353282534616,87.5206527709961,256900
2025-08-11,83.59653691816446,87.67801639779475,82.08196346653047,86.63551330566406,273200
2025-08-12,87.28461808149584,88.98605675518209,86.15360462820594,88.94671630859375,305000
2025-08-13,90.92352090996785,91.66113738301817,88.79918936936275,89.44828796386719,290900
2025-08-14,88.22876981808902,91.2284133354702,87.81570636752537,88.63200378417969,182900
2025-08-15,89.2024143415768,92.0545328245606,88.258266171985,91.23823547363281,227400
2025-08-18,90.73667085553369,91.56279777365896,88.57299118265733,90.76617431640625,165600
2025-08-19,90.61864596655171,90.61864596655171,84.75705436057785,84.90457916259766,296300
2025-08-20,87.02891602016837,89.9007088276826,86.94040563570137,89.88103485107422,229100
2025-08-21,89.02538199299293,94.11985308218753,88.89753118021386,93.17570495605469,277200
2025-08-22,91.5726253317741,98.54555599440292,90.4809523713675,96.92280578613281,325700
2025-08-25,96.69660990615363,97.75877951640155,95.81146856428036,96.2835464477539,288900
2025-08-26,96.41139226414138,100.20765909693283,96.38188880485085,100.08963775634766,329100
2025-08-27,98.4275512880987,100.20766344107969,96.01799946146608,100.12898254394531,327900
2025-08-28,100.27650191686224,100.27650191686224,97.3457099399298,98.83077239990234,287300
2025-08-29,99.21432586270748,106.5806607749249,99.21432586270748,106.43313598632812,334000
2025-09-02,111.59646100446425,115.07801180974737,106.58067026931583,114.22237396240234,575300
2025-09-03,118.27435393562176,119.2578426420467,114.66494468044048,116.65159606933594,520300
2025-09-04,114.497747065465,116.09100138294349,111.989855504909,113.29788970947266,465400
2025-09-05,119.00213116650882,121.60837768860874,116.37621817216858,119.1299819946289,812400
2025-09-08,123.92941311945934,124.9424052793517,121.2641596443433,123.51634216308594,490900
2025-09-09,125.7095155699693,126.09308303632696,119.98561208068344,121.24447631835938,461900
2025-09-10,123.32948454966667,128.40428234272503,123.32948454966667,128.23709106445312,413100
2025-09-11,128.60098477422002,134.4822583602498,127.7453543557496,133.86265563964844,347400
2025-09-12,135.91812518501862,136.5377278219228,130.9908525685698,133.87246704101562,459000
2025-09-15,133.4987482128726,141.00275604006865,132.40707526458382,138.27850341796875,397700
2025-09-16,139.85206375309536,139.85206375309536,129.1713778859195,130.30239868164062,437500
2025-09-17,126.05374866819122,133.8528220972434,123.82123255357321,126.46681213378906,520700
2025-09-18,126.02423222765637,126.55530948391609,120.82157648363903,126.4864730834961,385800
2025-09-19,127.54865485564281,139.9602777346638,127.54865485564281,139.0948028564453,601200
2025-09-22,145.47764529315444,149.09689147763558,142.24197410452828,148.66415405273438,463600
2025-09-23,152.64542173058388,153.67914088891547,147.0928898476549,148.27427673339844,455000
2025-09-24,147.7032845773353,149.987312470548,141.2745551509825,141.530517578125,374100
2025-09-25,142.11137791529998,145.0549983807928,141.02843107445437,144.95655822753906,323200
2025-09-26,148.12660528270405,153.52161477268615,145.84257767514805,151.74952697753906,548500
2025-09-29,160.3933810975623,162.10640201159097,156.84922009832638,158.444091796875,518100
2025-09-30,153.83666069486955,164.57746826269704,152.77340790417188,160.4819793701172,498800
2025-10-01,164.8432847564636,168.02318858896146,160.48197892282738,163.2484130859375,523400
2025-10-02,167.39311176243822,168.14131999824934,149.7608629463417,162.21469116210938,609600
2025-10-03,164.1836669764683,166.3790790200577,160.37367430100645,163.20901489257812,329000
2025-10-06,167.36357075974948,176.9426697505615,167.06822027750823,171.69532775878906,653000
2025-10-07,173.0047210170839,173.0047210170839,164.4101127427804,166.04437255859375,443400
2025-10-08,173.5166580358388,179.7878652099607,170.97666770703904,179.1577911376953,545400
2025-10-09,180.71327267482414,180.8412613877748,157.5186533696823,162.962890625,869600
2025-10-10,163.58314974624662,166.87134852484155,158.06999003981008,162.0965576171875,562900
2025-10-13,173.74308557303758,180.51639306417596,172.87674311920992,179.45314025878906,626000
2025-10-14,172.97517258364513,179.89614738861286,171.3409129084589,174.3534698486328,370200
2025-10-15,181.51071174264385,192.64530935091022,179.98476177819686,190.5384979248047,523500
2025-10-16,194.75215195383012,204.22295713779206,190.68619649569843,201.4368438720703,721200
2025-10-17,188.07729438560077,189.82970349373014,164.07539610890004,170.82901000976562,1010100
2025-10-20,181.15629400154188,183.36156059465415,174.2550132899532,180.48684692382812,435200
2025-10-21,152.58637338242067,154.09264447564118,139.3055749944135,142.98757934570312,1251300
2025-10-22,133.9597748470147,144.8777827290766,132.99496229458126,143.15492248535156,883300
2025-10-23,150.29248654916367,151.1194558619196,144.55289889846023,145.80320739746094,453900
2025-10-24,142.22951115071584,147.79188301415803,141.03826963380394,142.00308227539062,331100
2025-10-27,133.47737215257763,137.43503256770913,123.72105684813425,131.67575073242188,839200
2025-10-28,125.24701554280779,137.09044762607488,125.05995974573469,136.2831573486328,451600
2025-10-29,144.611960495239,144.70056112777922,134.38309408142865,135.61370849609375,520900
2025-10-30,134.4028218769447,142.25906206725918,132.6799612636734,141.58961486816406,328400
2025-10-31,141.20561724012663,141.66832947509843,134.09760199730587,138.0355682373047,303400
2025-11-03,137.23811464417295,139.6698099493379,131.28195284588872,133.2115478515625,406800
2025-11-04,125.56205873863222,126.6745315353208,119.86185151083323,120.5116195678711,453300
2025-11-05,125.20764285015782,127.68855839435928,122.44122383866248,126.53670501708984,343800
2025-11-06,130.0907253773053,135.94844766098055,127.4424404485506,128.15127563476562,296800
2025-11-07,129.94306281062362,135.72202419001573,127.24555018783558,134.97381591796875,297800
2025-11-10,145.01561336458727,150.9028688322058,143.27305905426135,148.52040100097656,565000
2025-11-11,150.9816351775917,150.9816351775917,143.41089222961065,149.56396484375,350600
2025-11-12,150.87333404778227,163.40590760620213,147.9296988270655,160.00941467285156,480400
2025-11-13,161.9390335700206,163.61266633600508,148.5794749449623,151.3163604736328,460900
2025-11-14,136.62773830754307,150.0168296120266,135.8598360879483,147.48667907714844,265200
2025-11-17,146.28560748252073,150.6272191697895,139.8076507639332,143.4305877685547,222500
2025-11-18,146.00010576075545,148.7862187623372,140.4968013795045,145.69491577148438,264700
2025-11-19,151.1096331187824,156.5932439557049,144.83841091259436,148.75669860839844,313500
2025-11-20,150.62721148102048,155.05742358340342,134.88518573591261,135.3380584716797,318300
2025-11-21,135.51526623815337,141.73726052180484,132.90636943949733,136.62774658203125,327000
2025-11-24,138.67549520361501,153.96464941275013,138.42937228972403,153.6791534423828,274400
2025-11-25,152.59620898910086,158.79850952018478,151.21792665870476,155.25433349609375,244300
2025-11-26,158.19796863408052,171.69534099845535,157.27254406203366,170.54348754882812,334700
2025-11-28,176.6374822684783,183.4993899688336,173.90059680367042,183.44032287597656,298400
2025-12-01,186.85651477207458,187.05341009405936,177.2084937733194,180.32933044433594,263200
2025-12-02,179.6697421009867,180.93972983266607,166.19204781052457,176.9131622314453,281100
2025-12-03,178.6655233009855,182.6428775979439,174.422367099967,175.2198028564453,195600
2025-12-04,171.64611305579567,175.9877095086323,169.41131296203122,175.35763549804688,144900
2025-12-05,179.2070143639863,186.91558580835115,173.14254217719972,174.26486206054688,222900
2025-12-08,175.23951352817974,175.57423708353545,166.97962919366446,167.0386962890625,151000
2025-12-09,168.2004020005123,182.573970871203,168.2004020005123,181.2350616455078,368000
2025-12-10,179.9256860348093,190.59758678869628,173.3689831541553,187.5554962158203,399800
2025-12-11,188.48091799657522,207.46191526385195,187.59488154578045,201.38760375976562,500800
2025-12-12,213.09319938706503,213.14242697047192,191.55253384178513,199.48753356933594,461100
2025-12-15,205.2960351029662,205.2960351029662,187.45705186113142,193.73809814453125,275800
2025-12-16,194.59461007412318,200.86581665632156,189.0223841040727,196.06149291992188,180200
2025-12-17,202.26380612852032,204.55767347160074,195.2050028132263,200.8067626953125,228400
2025-12-18,199.1823537075376,207.72773384167195,196.67189704767506,198.44398498535156,271500
2025-12-19,200.8362759100066,214.74714629850794,200.8362759100066,211.0159149169922,279500
2025-12-22,226.02943722810548,233.1768563132982,222.60341044820063,228.0279541015625,322000
2025-12-23,229.59476263991857,230.31365770825204,220.32785193004966,228.62966918945312,417500
2025-12-24,224.56247029041205,225.03516698331228,215.87659905961965,223.68600463867188,204900
2025-12-26,231.70221508111754,236.517854728369,225.18288687456922,234.18389892578125,242500
2025-12-29,209.879181880753,211.9964968811442,199.92291918589066,204.6893310546875,422200
2025-12-30,215.6599275852127,218.39765223196082,208.17549119625377,209.32769775390625,283700
2025-12-31,207.76292965643546,214.20204182561864,203.50974604022443,204.2911376953125,156300
2026-01-02,212.78761777447073,213.32173148414597,190.89856969437517,201.6601104736328,290800
2026-01-05,211.79850191961384,227.921011223007,210.68080082269134,216.8726348876953,310500
2026-01-06,220.1762833115067,233.41058836715905,219.5828102197995,233.3611297607422,221800
2026-01-07,218.93000411574113,227.0011600969805,210.58189803547722,226.56594848632812,265100
2026-01-08,215.5076719253734,229.6321864427962,215.13180463246027,229.26620483398438,244100
2026-01-09,230.4630462546936,236.82302779742287,227.48582521067942,232.9556121826172,217700
2026-01-12,245.79427715520217,257.4559134849918,244.99309902879563,250.29473876953125,318500
2026-01-13,256.95145969172074,262.31245887699004,248.1087978710989,248.8506317138672,265700
2026-01-14,260.1363918760855,260.23530908876285,243.94463725701976,251.214599609375,228600
2026-01-15,246.3284027182284,256.46681403610074,240.84872983823885,253.34121704101562,189200
2026-01-16,249.04844675698783,256.9316838902025,238.12865942058465,255.9722442626953,241300
2026-01-20,278.454742353446,290.0768059735682,275.3588477830541,288.73162841796875,366100
2026-01-21,302.4308227187234,303.1528549880901,275.82369211019574,282.4903259277344,453600
2026-01-22,282.7573895350721,317.7125974315309,282.7573895350721,315.0716857910156,397000
2026-01-23,318.6027820242112,330.6699578543772,312.420833378695,326.6145935058594,356400
2026-01-26,352.86560582350813,359.047554068489,322.85595988530827,324.1813659667969,612700
2026-01-27,324.49792034888816,338.8993859585723,301.7780207539113,337.08929443359375,330800
2026-01-28,342.2326558821884,351.33249580057236,329.82918643388217,350.7093505859375,348200
2026-01-29,357.9199803787625,358.05847051928686,298.22710757716834,319.1270446777344,535000
2026-01-30,260.1363939186199,279.9186291976024,224.44923966421774,232.6390838623047,873900
2026-02-02,232.4610508502718,246.17014049411563,220.14661241499778,231.47193908691406,448400
2026-02-03,261.442036022161,263.04439229504027,240.06732960018223,253.95445251464844,411500
2026-02-04,268.57353419397583,268.57353419397583,235.08220700134422,254.80508422851562,318200
2026-02-05,230.59162412167763,244.31059908691086,218.69261113064593,219.1278076171875,344300
2026-02-06,232.44127112823816,246.87240855179405,232.27312393470996,245.863525390625,257600
2026-02-09,257.1690636968528,278.9196221556111,254.2017283465045,278.4349670410156,319600
2026-02-10,275.0225139285567,281.3429525899751,270.04728296264193,274.98297119140625,227800
2026-02-11,293.2617421461806,295.48724365234375,274.44884694745446,295.48724365234375,254600
2026-02-12,285.97198824470854,289.37453512610585,243.13356018066406,243.13356018066406,404600
2026-02-13,257.59438093480765,274.06308650234445,252.7378534275287,271.10565185546875,282600
2026-02-17,251.1255877104636,255.60627793215716,234.20188465272074,250.21560668945312,285500
2026-02-18,260.977171960479,267.0602039011681,256.67452930501156,263.0147399902344,211700
2026-02-19,260.02763006943974,278.12836494318105,254.9435806454144,277.0007629394531,192100
2026-02-20,279.98788151340756,293.766201497418,268.86037388092956,293.67718505859375,297700
2026-02-23,303.14299211742235,316.3772825054911,301.6889965794227,312.6285705566406,323900
2026-02-24,291.7088541794088,320.07657227384726,291.0659073857648,314.19134521484375,226600
2026-02-25,322.3218401936166,329.3841125567599,314.98264793399574,317.01031494140625,222400
2026-02-26,315.16068722443845,341.7480163574219,307.62366038773825,341.7480163574219,215200
2026-02-27,345.19999960674323,353.5184330189291,338.84001831977747,353.0832214355469,236400
2026-03-02,356.0802409281604,359.5915756743058,325.1012527229394,348.03875732421875,302200
2026-03-03,300.26469029635604,300.63065684968166,271.0166457693987,285.88299560546875,468300
2026-03-04,306.1498508600153,306.1498508600153,283.79594997909635,292.2033996582031,244800
2026-03-05,281.98587616196704,281.98587616196704,256.3777876539891,267.6536560058594,459500
2026-03-06,254.86444088055046,271.55075146828,247.8911848504339,265.14129638671875,272500
2026-03-09,247.79228884769637,270.26489473974846,232.69843333446585,267.722900390625,276800
2026-03-10,278.60311715100846,289.7306242285518,273.983952042623,276.77325439453125,257200
2026-03-11,269.08784648474034,269.08784648474034,250.86842448148832,262.8267822265625,256100
2026-03-12,258.593384185877,258.593384185877,242.44118713179228,247.8813018798828,193700
2026-03-13,246.51632446130688,246.51632446130688,217.60459138624816,218.8805389404297,403900
2026-03-16,220.50267978977334,231.91703807512485,213.1140287481453,225.5768280029297,274200
2026-03-17,226.9615914738064,233.43037575437015,218.98933799691358,222.79742431640625,186200
2026-03-18,203.8757070549024,204.4098358464786,190.42379644413205,191.51181030273438,485700
2026-03-19,157.79299864827996,169.66233982716983,151.71985301545388,167.33792114257812,724000
2026-03-20,168.38638652825517,168.7028944340164,148.1194817255733,153.9750213623047,394000
2026-03-23,160.226212892027,176.63557269802433,158.87111957316932,169.63265991210938,446300
2026-03-24,161.6711202777562,170.30699199153324,156.69080105190588,169.12167358398438,288700
2026-03-25,185.12843868110477,186.8615953538056,175.3072479332583,179.78953552246094,309600
2026-03-26,164.5895999773251,175.8251992578274,155.89395141601562,155.89395141601562,281100
2026-03-27,159.69892715902017,175.98456283009074,156.73066098805157,169.88865661621094,293600
2026-03-30,177.45873819031638,179.75964323939917,165.15734363079943,169.8089599609375,194800
2026-03-31,179.29150180048353,198.52549325628323,179.1819341636563,198.36611938476562,301200
2026-04-01,210.66750573052389,225.26980552010747,204.4221810922304,215.12986755371094,349400
2026-04-02,185.26788833062156,212.03212088339276,184.2817795824806,204.59152221679688,239300
2026-04-06,204.83057332994315,207.9980643354143,199.7108056533136,201.1949462890625,195100
2026-04-07,200.67699299180586,207.18128897299238,190.6167416304527,206.42428588867188,244900
2026-04-08,235.9675223761567,238.30827852686278,213.82502702196925,222.3314208984375,352100
2026-04-09,225.66823624815288,231.5749031176471,215.68767164834784,224.04464721679688,197000
2026-04-10,227.35158834387352,232.43152038417023,223.85540947768547,226.6244659423828,118500
2026-04-13,221.2755933784138,229.48316553702873,219.35319731141914,228.63650512695312,157400
2026-04-14,234.26426592446902,243.11927319291706,233.0789474777216,241.51560974121094,195500
2026-04-15,239.05533372269966,241.04746150372216,227.99901845853327,229.5229949951172,136300
2026-04-16,231.03702106594878,235.07108294435835,227.60060361349952,228.49705505371094,136100
2026-04-17,241.28652400185257,254.23535466934774,239.5633225160934,241.3662109375,367800
2026-04-20,236.08706993279011,239.04538093293078,231.08682489704614,236.1767120361328,164500
2026-04-21,231.71435344433863,232.68053665792996,203.19703869007455,204.40228271484375,449500
2026-04-22,214.79121154371427,220.22972694172833,211.1655396779477,214.7712860107422,179600
2026-04-23,210.6376248263177,213.46644252942252,192.1805627921045,201.8623046875,249900
2026-04-24,204.15326263924266,208.03790575087146,199.21277903181297,206.8725128173828,117300
2026-04-27,203.6751363708927,203.8345102381701,197.17084050007693,199.5115966796875,97100
2026-04-28,189.25213133277683,192.0809490165825,182.13028089106095,184.33157348632812,238400
2026-04-29,178.54444862845438,179.42098969730853,173.05614217841904,174.16177368164062,159900
2026-04-30,185.22804576711124,186.26394551461826,178.81339194967754,182.68807983398438,166200
2026-05-01,179.5903238588168,187.26001283408402,177.8472120372229,179.46083068847656,192400
2026-05-04,174.71956511300087,179.80945203921985,171.37278993961402,172.2692413330078,186200
2026-05-05,180.18795652156118,181.04457209820524,172.3190576560649,172.72744750976562,138300
2026-05-06,191.4534487592787,205.49794061924595,191.4534487592787,200.9957275390625,340400
2026-05-07,213.5560863918544,222.9390213669223,200.22876222481335,201.12521362304688,391000
2026-05-08,206.55376284855072,217.1419268035269,203.57554156132176,212.11180114746094,213100
2026-05-11,214.751380341692,229.891548400209,214.65176787339615,223.0087432861328,263600
2026-05-12,214.8609510173546,227.27189872669004,202.70895925230334,225.5387420654297,218800
2026-05-13,219.13405124844073,225.1104344643073,213.1477128654233,221.97283935546875,148300
2026-05-14,219.39302511875854,219.39302511875854,208.247083049109,210.66751098632812,150600
2026-05-15,189.61071675969444,190.23824185430033,176.4128706312503,179.59031677246094,416700
2026-05-18,183.73395739682414,186.3735207057086,173.3151221046985,176.8013458251953,250800
2026-05-19,168.99220352238447,168.99220352238447,158.55344299373596,161.3623504638672,282000
2026-05-20,163.3146429982867,172.12979935447623,158.53353326000433,169.6296844482422,201300
2026-05-21,161.10337949376395,174.311181240811,160.2367935718883,166.62156677246094,158100
2026-05-22,167.29888958334428,168.9324336762125,159.75867900430399,164.54974365234375,248600
2026-05-26,172.33897272010614,179.21180725097656,172.33897272010614,179.21180725097656,217400
2026-05-27,167.0996731853631,173.31511734800637,166.34267009837393,166.62156677246094,152200
2026-05-28,161.79065620755998,176.97067591160243,157.07927809314353,172.67764282226562,243800
2026-05-29,173.93267689762868,188.38557410823844,171.3229942900595,186.4432373046875,301500
2026-06-01,174.33110575823156,177.78744866201683,163.28474570037739,173.1856231689453,345900
2026-06-02,176.78142098268683,178.79347436488857,168.52405773984958,175.80528259277344,162400
2026-06-03,169.33085549771792,170.35680005336465,159.59930737023456,160.37623596191406,243400
2026-06-04,165.2370330240855,168.68342066497004,160.36628135968155,163.3843536376953,145700
2026-06-05,153.27432100908666,153.383888648333,130.40468669816954,130.7234344482422,669600
2026-06-08,133.68173537491344,136.7495986437807,131.7892049494684,132.89483642578125,211300
2026-06-09,135.89299263347235,137.7357169557874,118.99975714568785,127.33680725097656,513100
2026-06-10,118.26266521363722,124.86656585694092,114.13895384976827,114.6369857788086,477600
2026-06-11,116.03147520885123,131.0023211868762,115.74261578179633,130.45448303222656,509600
2026-06-12,132.42669127862766,140.9430405870616,130.67362430187868,138.452880859375,532500
2026-06-15,159.36026076438094,165.9442434179933,156.70077210987418,158.55343627929688,436800
2026-06-16,163.10546462109727,167.1992878830477,159.22082146686503,165.57569885253906,298600
2026-06-17,165.4661266096287,176.6021286730363,152.16868295275515,152.45753479003906,643900
2026-06-18,154.818208168427,160.52566538705523,142.0187958843959,145.8137969970703,432200
2026-06-22,141.62035790029302,144.28981705362804,138.89115254352842,142.21800231933594,225400
2026-06-23,129.02000427246094,133.08999633789062,125.91000366210938,127.44999694824219,298700
2026-06-24,116.38999938964844,123.3499984741211,113.29000091552734,116.0199966430664,576900
2026-06-25,120.44000244140625,124.31999969482422,115.36000061035156,120.29000091552734,361100
2026-06-26,123.45999908447266,131.85000610351562,122.11000061035156,126.1500015258789,381900
2026-06-29,122.3499984741211,123.5999984741211,118.0,122.56999969482422,260100
2026-06-30,121.98999786376953,122.7300033569336,116.98999786376953,120.72000122070312,229000
2026-07-01,120.80999755859375,130.07000732421875,120.01000213623047,120.33000183105469,290100
2026-07-02,130.41000366210938,137.42999267578125,126.94000244140625,132.0800018310547,497900
2026-07-06,138.89999389648438,139.55999755859375,130.97999572753906,134.75,380600
2026-07-07,132.42999267578125,133.66000366210938,119.47000122070312,122.01000213623047,379300
2026-07-08,115.69000244140625,118.5,107.98999786376953,113.58000183105469,502400
2026-07-09,118.9000015258789,122.91000366210938,117.0,121.5999984741211,291300
2026-07-10,119.83999633789062,123.48999786376953,117.83000183105469,121.38999938964844,239200
2026-07-13,116.12999725341797,117.37000274658203,110.94999694824219,112.55000305175781,297000
2026-07-14,123.16999816894531,125.55999755859375,118.25,119.6500015258789,258700
2026-07-15,117.91999816894531,120.4000015258789,110.55000305175781,115.37999725341797,270500
2026-07-16,109.83999633789062,110.9000015258789,104.55999755859375,106.08999633789062,426500
2026-07-17,102.05999755859375,107.30999755859375,99.41999816894531,105.0199966430664,365100
2026-07-20,104.33000183105469,106.05000305175781,102.87999725341797,103.86000061035156,197200
2026-07-21,109.5,115.9000015258789,109.5,115.7300033569336,287900
2026-07-22,121.75,129.19000244140625,121.75,124.2300033569336,367900
2026-07-23,115.91000366210938,118.66000366210938,112.69000244140625,116.69000244140625,263800
2026-07-24,118.0,121.81999969482422,115.52999877929688,117.22000122070312,278800
2026-07-27,121.25,121.72000122070312,114.5,120.1500015258789,233200
2026-07-28,115.70999908447266,117.5,111.08999633789062,114.75,233000
2026-07-29,113.16999816894531,120.0,106.9000015258789,110.63999938964844,426800
2026-07-30,115.88999938964844,119.81999969482422,112.2300033569336,119.62999725341797,285200
2026-07-31,113.79000091552734,115.0,107.81999969482422,111.08000183105469,299300
2026-08-03,111.5,118.94000244140625,109.5,118.58999633789062,257500
2026-08-04,123.54000091552734,129.16000366210938,122.69000244140625,126.0999984741211,259700
2026-08-05,140.1999969482422,146.64999389648438,138.88999938964844,144.75999450683594,418900
2026-08-06,140.08999633789062,147.11000061035156,138.8300018310547,144.5,216900
2026-08-07,161.5,167.63999938964844,160.25,166.13999938964844,414000
2026-08-10,162.72000122070312,170.5399932861328,158.5,169.5500030517578,219100
2026-08-11,168.39999389648438,171.63999938964844,165.08999633789062,169.1699981689453,172700
2026-08-12,177.92999267578125,178.27999877929688,169.25999450683594,171.38999938964844,188000
2026-08-13,165.10000610351562,165.82000732421875,158.49000549316406,161.5800018310547,326400
2026-08-14,166.69000244140625,172.22000122070312,165.75,167.2899932861328,191500
2026-08-17,170.85000610351562,177.1999969482422,169.0,173.6300048828125,223200
2026-08-18,166.72999572753906,170.02999877929688,159.5,159.8800048828125,207800
2026-08-19,178.9199981689453,190.3300018310547,177.4499969482422,189.8699951171875,511900
2026-08-20,186.8300018310547,200.88999938964844,186.8300018310547,198.08999633789062,265700
2026-08-21,210.0,210.32000732421875,203.22000122070312,208.22999572753906,327800
2026-08-24,214.33999633789062,216.91000366210938,203.6699981689453,211.5,343300
2026-08-25,203.17999267578125,219.77999877929688,203.17999267578125,218.85000610351562,300600
2026-08-26,210.13999938964844,215.1699981689453,208.60000610351562,209.0800018310547,226900
2026-08-27,209.75,216.47000122070312,206.64999389648438,215.13999938964844,193700
2026-08-28,218.27000427246094,219.5,190.9499969482422,195.9499969482422,632400
2026-08-31,195.75,196.4499969482422,185.67999267578125,193.42999267578125,411900
2026-09-01,179.1999969482422,191.22999572753906,175.3699951171875,175.99000549316406,368400
