Date,Open,High,Low,Close,Volume
2010-12-08,70931.09386192693,73333.39472356082,68709.41712522792,69341.6015625,103
2010-12-09,70768.52698643411,70913.0262758398,69106.78515826874,69901.53125,211
2010-12-10,69648.66021532941,70858.84181139452,68185.60485292233,70461.46875,147
2010-12-13,72737.32222914563,73550.1306474003,71364.57912275997,71563.265625,49
2010-12-14,72141.27113391507,72827.64276713709,71003.33921567856,71671.6484375,38
2010-12-15,70461.4620115656,71491.01939035546,68871.9699179953,69106.78125,33
2010-12-16,68691.35096834546,68691.35096834546,65692.99065786813,66975.421875,36
2010-12-17,67408.91992924528,67697.91851415095,65530.4291273585,67011.546875,8
2010-12-20,68221.73402713359,68637.16952690168,66523.86720199444,68149.484375,18
2010-12-21,68510.739462161,68510.739462161,66975.43420134272,67932.7421875,9
2010-12-22,67986.91411136797,67986.91411136797,66361.29714271145,66415.484375,16
2010-12-23,65927.79635570223,68239.78483064192,65584.61056645337,67390.8515625,11
2010-12-27,67282.48862267577,67282.48862267577,65403.99766515676,66541.9296875,12
2010-12-28,69179.04313499483,70262.78793606526,67968.86144046621,70027.9765625,18
2010-12-29,70768.52975198667,71147.84040149962,69937.6588054345,70461.46875,6
2010-12-30,70822.7039885403,70985.2656656372,69034.52554047464,69449.9609375,13
2010-12-31,70082.17522321429,71418.79402901787,69793.1765625,70804.671875,25
2011-01-03,71761.94733455882,72069.00827205883,68402.33943014705,69088.7109375,28
2011-01-04,67679.84305894414,67860.46713969926,62983.61695931098,65241.41796875,34
2011-01-05,63832.56517888849,64211.87583784624,62116.636007413,63579.69140625,13
2011-01-06,63778.37355402067,63814.49837619797,60021.39204758161,60310.390625,24
2011-01-07,59804.635277018424,62261.122863147844,59696.26082468918,60292.3203125,22
2011-01-10,60563.26970589605,60924.51795943554,59425.33770724665,60599.39453125,12
2011-01-11,62351.43757597969,63146.18359375,61556.69155820938,63146.18359375,20
2011-01-12,63308.75588797373,63507.4424257106,61556.70187338502,62911.3828125,14
2011-01-13,63110.0685293948,63164.25576625461,58034.530676859045,58720.90234375,34
2011-01-14,57691.33680221367,57691.33680221367,55740.596547160734,56300.53125,21
2011-01-18,57781.64265270879,58720.887859942566,57474.581719574664,58179.015625,13
2011-01-19,59280.84109557893,59280.84109557893,56607.603898093956,57095.2890625,19
2011-01-20,54765.22259271308,55812.842286109306,53193.79305261874,55523.84375,36
2011-01-21,55379.35045421511,56174.09651422342,54295.60582693106,54367.85546875,16
2011-01-24,57619.10466101694,57619.10466101694,52706.12771186441,53284.125,32
2011-01-25,51983.61238620749,53049.29450253349,51423.677714917554,52579.671875,18
2011-01-26,52543.55602468652,57619.09375,52417.11914184954,57619.09375,39
2011-01-27,56463.09178834034,57601.023580619745,53229.9205055147,53735.66796875,47
2011-01-28,53266.0399379724,56968.83349079855,52922.85419405192,54963.90625,50
2011-01-31,54674.91930557872,55325.16611595231,53284.11362783523,54151.109375,21
2011-02-01,55758.671305877484,57330.10130380795,54422.052686948125,57275.9140625,69
2011-02-02,57384.27945435472,57582.965974341474,55451.60148721089,56228.28515625,12
2011-02-03,56896.602309596994,59786.58845865589,55379.35958134108,59497.58984375,48
2011-02-04,60183.95764903846,60472.956245192305,58305.46677403846,58702.83984375,23
2011-02-07,59696.2715332182,59949.14530068115,58233.21616432541,58504.15234375,21
2011-02-08,60292.32498617256,61285.757542865045,60003.32642422566,61231.5703125,29
2011-02-09,61105.1396326721,61827.63611074094,58648.65160723805,59298.8984375,19
2011-02-10,58016.45395451723,58793.13749126824,56643.7109593294,58179.015625,44
2011-02-11,58486.080850290695,59642.075036337206,57257.83702761628,57474.5859375,22
2011-02-14,58179.0282905029,59587.89640806243,58179.0282905029,59172.4609375,46
2011-02-15,60400.69577314269,61791.501267919004,60400.69577314269,61267.69140625,63
2011-02-16,61881.821022313634,62225.00683650626,60256.20400771695,62026.3203125,74
2011-02-17,62568.19440573185,63344.878112269515,62098.57169945326,63182.31640625,62
2011-02-18,64013.18633741258,66018.11401333041,63940.93669143356,64573.12109375,54
2011-02-22,67499.22997935649,67896.60302178246,63399.06267796128,63435.1875,60
2011-02-23,64374.42934261037,66848.97951655471,63940.93150191939,65873.609375,81
2011-02-24,66704.48320209613,66704.48320209613,61520.57129334943,61719.2578125,89
2011-02-25,62586.254623657325,64320.24609375,62586.254623657325,64320.24609375,14
2011-02-28,64970.483154895745,66361.28860469474,64392.48608484941,66270.9765625,18
2011-03-01,67643.7149283098,69052.58268916645,67354.71641326227,68420.3984375,56
2011-03-02,69088.72381762322,69305.47275509028,67499.2316095315,68528.7890625,20
2011-03-03,67029.61483993282,67282.48862267577,64844.06286051167,66541.9296875,41
2011-03-04,66758.68294724157,68402.36264101835,66758.68294724157,67445.0546875,14
2011-03-07,68221.72618300542,69377.7204842266,66144.54892299864,66559.984375,35
2011-03-08,65981.99303288246,66144.55474580223,63579.692164179105,65349.80859375,21
2011-03-09,65711.04693218609,66054.23271880278,63344.871245513095,64157.6796875,20
2011-03-10,61285.75380345395,61665.06439286524,59064.07749404492,59714.32421875,27
2011-03-11,58522.20412039743,62586.246073202805,58197.080764173,61809.5625,28
2011-03-14,61592.81268317703,61990.18566822978,60220.06964390387,61628.9375,11
2011-03-15,55776.729141033524,59064.088177195474,55144.54471100238,58720.90234375,29
2011-03-16,59154.403668860534,59786.58813555064,55252.92238871584,56174.10546875,27
2011-03-17,57185.60138965708,57691.34896985619,56264.41829715155,57149.4765625,15
2011-03-18,58720.89207893328,59858.823854071015,58124.83257767065,59009.890625,13
2011-03-21,61520.57658434678,62026.324131135305,60382.6446040726,62008.26171875,20
2011-03-22,61412.19666991905,63128.12569451973,60906.44916793148,62477.87890625,21
2011-03-23,62550.129643897315,67119.9196525332,62550.129643897315,66668.359375,46
2011-03-24,68637.15206800218,69215.14913804851,65783.29153464841,66270.9765625,77
2011-03-25,66397.42346956462,67499.23055107806,64573.1199411571,65133.0546875,39
2011-03-28,63633.87500336843,65042.74308462381,62766.87926105742,62839.12890625,60
2011-03-29,62694.62245522268,64663.42506185456,61917.93885811102,62965.55859375,20
2011-03-30,64500.859600776064,65602.66649958518,63272.61584472656,65313.66796875,29
2011-03-31,66505.80390263408,67408.9245422679,65963.9315188538,66343.2421875,46
2011-04-01,65909.74871009907,66578.05802834342,65024.69042377546,65638.8125,27
2011-04-04,66307.1133910729,67607.60703426474,65530.4296875,65530.4296875,14
2011-04-05,65747.18632489345,72123.21840530208,65602.6870142893,72050.96875,58
2011-04-06,73279.19845895756,74164.25656210986,71346.5205602372,72339.953125,71
2011-04-07,71852.26508213746,73694.63085347431,71147.83111074395,71743.890625,34
2011-04-08,73983.64418660865,75356.38758460237,73477.89661892675,74724.203125,78
2011-04-11,74651.92437060422,74651.92437060422,69269.3273557385,70624.0078125,67
2011-04-12,69738.96147679185,70732.39397646124,67101.84975039672,68293.96875,50
2011-04-13,69847.34958804927,69847.34958804927,67029.6132198735,67824.359375,20
2011-04-14,67986.89837860671,70280.82401465428,67752.08709302703,69486.078125,34
2011-04-15,70154.4166394193,70154.4166394193,68239.80073731362,69052.609375,33
2011-04-18,68438.47261557076,68944.22010388851,64735.6785046729,67643.7265625,52
2011-04-19,67697.91500910037,69612.5305349714,67101.85545859335,69468.03125,53
2011-04-20,70894.95913692382,72701.2001340429,70443.39888764404,70533.7109375,66
2011-04-21,71545.21944286974,72412.2152856513,70624.03635991433,71689.71875,47
2011-04-25,72303.8393726809,72303.8393726809,67734.0488752319,68149.484375,55
2011-04-26,67481.14959072306,67517.2744031378,65331.72325204639,66198.71875,47
2011-04-27,67047.68239895698,69630.60766378748,64717.63093627771,69269.359375,49
2011-04-28,69666.72107419302,71454.89981060606,68203.66574440052,68546.8515625,127
2011-04-29,69251.28018275135,71238.14528971603,68348.15967958557,70605.9609375,96
2011-05-02,68817.79046309621,70497.5947972348,64663.435658237395,65891.6796875,86
2011-05-03,64988.55800792692,65674.92966003955,60328.45573832015,61665.07421875,91
2011-05-04,61917.94140625,63091.99805485159,59244.704729434074,61917.94140625,60
2011-05-05,59949.1432160309,61195.4495980454,55415.47797131148,57293.96875,121
2011-05-06,58901.520080336086,60418.76254790684,57004.966995872644,57438.46484375,62
2011-05-09,58720.90606619042,59605.96432433971,57601.036433430105,59497.58984375,90
2011-05-10,59750.459754807685,59858.834228365384,58486.09089663461,58702.83984375,37
2011-05-11,58124.84308006266,58811.21475098944,53880.1761677523,54765.234375,90
2011-05-12,53464.74554018006,55559.985568106036,52055.877245540185,54169.1796875,91
2011-05-13,54187.23005589431,55361.286707105355,51694.61747332317,53320.234375,47
2011-05-16,53103.49153405274,55740.603698668965,52597.74399563319,53771.80078125,57
2011-05-17,53266.04292626277,54981.97174213085,52128.11118521342,54801.34765625,68
2011-05-18,55650.28861803072,56661.783639974805,54963.916995997235,55559.9765625,170
2011-05-19,55578.0336065904,56445.02925596198,54963.91168828553,56047.65625,55
2011-05-20,56047.66184412035,57890.0277829216,53988.54697134248,56390.84765625,105
2011-05-23,55650.288261413574,57312.03007253011,54765.23012288412,55487.7265625,116
2011-05-24,56607.59295707503,58630.58287768524,56499.21849704234,58016.4609375,94
2011-05-25,58377.71025856793,59876.89031780714,57619.08902377218,59027.95703125,138
2011-05-26,58919.58256913632,59335.01800723875,57456.52733060167,59027.95703125,69
2011-05-27,59858.820540432425,61087.06429322343,59786.5709079153,60671.62890625,302
2011-05-31,61737.32549623672,61954.07444473141,59732.39772266086,61195.453125,77
2011-06-01,61141.2666820698,61755.388710781874,58811.215455485755,58937.65234375,108
2011-06-02,59100.20960745409,60220.079104905846,56372.78550882158,58034.52734375,129
2011-06-03,56896.60164805617,58684.78055699507,56824.351995169745,57727.47265625,48
2011-06-06,57330.09471617354,57980.34153715093,53952.42372942985,54331.734375,48
2011-06-07,55307.10688932335,55650.292725671214,53573.1152951447,53988.55078125,57
2011-06-08,52940.934766719954,53464.74476611773,50358.009597275755,51550.12890625,158
2011-06-09,52019.740853658535,54024.668365726626,51224.994812838755,53320.234375,88
2011-06-10,52308.737934362936,52435.17480091699,50484.43457408301,51459.8046875,60
2011-06-13,50899.87318729575,51875.24336192811,49075.569712520424,49743.87890625,80
2011-06-14,50502.50421940928,52037.80924753868,50502.50421940928,51369.5,40
2011-06-15,50755.37908128112,52651.93239214749,49780.00880712127,50791.50390625,83
2011-06-16,50412.181117896136,50665.0548318519,47052.57320391237,48389.19140625,87
2011-06-17,48479.504910714284,50068.996875,48046.00710227273,48678.19140625,58
2011-06-20,48624.01443146346,49906.44571847457,48624.01443146346,49183.94921875,38
2011-06-21,49924.50486971104,52778.36585719814,49834.192813145,52507.4296875,110
2011-06-22,52688.05275205331,55270.977518437816,52579.678286330876,53880.171875,186
2011-06-23,51044.381547208824,52471.31224155755,49671.63809441764,52417.125,148
2011-06-24,52200.37467909396,52218.43709247773,49454.887844761,49689.69921875,68
2011-06-27,48949.13186691123,50195.438176437754,48262.76027615749,49545.19140625,60
2011-06-28,50105.125677544245,51333.36956581858,49238.12999170354,51026.30859375,39
2011-06-29,52688.04948977427,54331.72878479294,51532.05526031059,53211.859375,124
2011-06-30,53771.79552983626,54024.669274350104,52597.73885887914,53500.859375,239
2011-07-01,52724.17140559691,52778.3586321186,50574.74475357018,51857.17578125,73
2011-07-05,54133.04425378478,55722.5363773527,53555.0471179419,55180.6640625,195
2011-07-06,56481.16086398524,57203.65732530901,55632.227521929824,56625.66015625,116
2011-07-07,57384.27829794848,58088.712309160306,56788.21875,56788.21875,348
2011-07-08,57601.023629834424,58197.083140585295,56210.21810474905,56860.46484375,51
2011-07-11,57257.84696092988,57890.03139109787,54909.73336316303,55505.79296875,331
2011-07-12,55415.47103751914,59750.44921516079,55325.158992151606,58973.765625,283
2011-07-13,60942.56911040473,64338.3020661712,60689.69537965616,63037.80859375,457
2011-07-14,64699.56189379904,64699.56189379904,61755.38864179199,62152.76171875,273
2011-07-15,62586.25584112149,63832.56223449448,62206.94519966015,63778.375,153
2011-07-18,65277.56490252608,66523.87148201537,64934.37903281164,65783.3125,263
2011-07-19,66397.42466723308,66415.48707873124,62983.628894081,63778.375,202
2011-07-20,62965.5653468178,65476.24049977468,62315.31854461315,65133.0546875,114
2011-07-21,65729.11515891833,66018.1137416451,63904.81160545563,64518.93359375,139
2011-07-22,65331.73778642271,66559.98168177155,64735.678248974014,66018.109375,202
2011-07-25,67625.67038814691,68095.2930991757,64645.37241431031,64916.30859375,182
2011-07-26,64898.23900153603,65548.48576024889,64031.24332325222,65042.73828125,115
2011-07-27,65783.29727646928,66379.35680698096,60816.13452220541,61159.3203125,315
2011-07-28,60328.44512994308,60599.381260766175,58323.517761852156,60292.3203125,274
2011-07-29,59786.576000976565,59822.7008203125,57510.712382812504,57799.7109375,246
2011-08-01,57799.71599631563,60472.952861145226,57474.59259383635,58829.2734375,153
2011-08-02,60238.15186342593,62134.70537037037,59389.21838888889,60960.6484375,230
2011-08-03,62297.25108350188,63706.11904073967,61990.19011846287,62514.0,142
2011-08-04,63651.9315381639,63651.9315381639,53482.794916147366,55433.53515625,246
2011-08-05,56029.610187293045,57926.16372361341,51351.44479770282,54548.4921875,138
2011-08-08,56029.59460227273,59605.951704545456,54349.79050878099,54638.7890625,177
2011-08-09,56661.7851944763,59064.0859375,53609.23763379205,59064.0859375,179
2011-08-10,59208.58106169297,64825.990674318506,57203.65351506456,62947.5,295
2011-08-11,61647.010443217216,64518.933871424524,59190.522479467574,63778.375,300
2011-08-12,62116.6411420537,62676.57597060958,60147.838035195935,62225.015625,131
2011-08-15,62044.39219394774,65891.6863823934,60960.64735213205,65656.875,190
2011-08-16,65349.79152914326,66343.22395979635,63760.29964009832,64302.171875,175
2011-08-17,64699.55031940608,67083.78835462708,64356.36454160912,65385.921875,237
2011-08-18,65891.67817324186,65945.8654085817,62188.88375835299,63182.31640625,223
2011-08-19,65006.62364084195,67426.98695506058,64699.56262336645,66343.2421875,135
2011-08-22,68348.15694374368,72394.13663597376,67697.91020749243,71599.390625,255
2011-08-23,69052.59764037524,70244.71677306286,64825.99344266459,66668.359375,362
2011-08-24,65277.548754012125,66000.04514309914,60834.19596112696,63308.74609375,190
2011-08-25,61339.95107687551,66523.86331452665,60472.95530193735,65729.1171875,370
2011-08-26,65945.85069740553,68944.21038400354,62568.18044804513,68835.8359375,271
2011-08-29,69287.41309221092,69522.22445044834,65765.24271864962,67481.171875,319
2011-08-30,69341.58848307797,70497.58266461403,67878.53334707137,69847.3359375,181
2011-08-31,70027.95791940362,70822.7038952751,67426.97108927874,69431.8984375,196
2011-09-01,69269.35128953074,71852.27625286917,68348.1682606478,70822.71875,281
2011-09-02,72809.57701952934,75085.44075172005,72683.14014551876,74164.2578125,739
2011-09-06,74814.49329336181,78137.97633681391,72899.87806180789,75031.2421875,562
2011-09-07,71310.40219379799,75356.38246011276,69901.53406534909,75284.1328125,487
2011-09-08,78065.7421875,78770.17623315305,76729.1237419019,78065.7421875,342
2011-09-09,76548.48252281887,78842.4082614687,74958.99067241584,76187.234375,372
2011-09-12,73712.70183470023,75609.25505514706,68041.10458498303,71852.2734375,399
2011-09-13,71834.23106277909,73550.16064562144,69395.8048134768,72809.6015625,284
2011-09-14,72358.01192720418,72574.76083961717,69684.77534077725,70064.0859375,197
2011-09-15,68817.79901401565,69413.858690515,66018.12477591266,69269.359375,269
2011-09-16,69720.90792002773,72321.89515849508,69323.53486970633,71653.5859375,238
2011-09-19,71888.3843781953,73459.81388595987,70064.08115653758,70660.140625,387
2011-09-20,71111.73097866766,77072.32819049401,70046.0484468563,75410.5859375,396
2011-09-21,75284.12674433092,78336.67410992399,72394.14107276352,72484.453125,476
2011-09-22,65114.99744719605,65205.309510229614,59714.33607778922,61358.015625,365
2011-09-23,57528.78159128558,59605.95894858475,52164.245285912955,55198.73046875,306
2011-09-26,53880.167547256824,57366.212581323394,52561.61165354253,56914.65234375,234
2011-09-27,61213.507977236426,61628.943410543136,55830.909754392975,56535.34375,372
2011-09-28,56806.28309651635,57998.40223304102,51351.43492635803,51622.37109375,296
2011-09-29,53338.30269918356,53862.11264780405,50610.87848395271,52128.12109375,432
2011-09-30,51188.87409319197,55234.854261461194,50881.813098278675,52597.7421875,249
2011-10-03,54638.79574514991,55541.916335978836,51170.81267636684,51206.9375,358
2011-10-04,49816.13014914773,49816.13014914773,43692.972745028404,47684.765625,416
2011-10-05,47847.32847158794,52146.18244525269,47142.89441707985,51911.37109375,418
2011-10-06,52055.86761462475,54530.417879442095,50466.375473720174,54512.35546875,410
2011-10-07,55451.59893290024,55596.098213507146,50574.74821241716,51784.9296875,295
2011-10-10,54241.42410841401,55505.79296875,53374.428318469334,55505.79296875,388
2011-10-11,54476.23198326292,55975.41210747075,53428.61213743094,55578.0390625,150
2011-10-12,56932.71650143908,57438.463983050846,55505.78610689159,56481.15625,459
2011-10-13,55469.670831691685,55668.35737651377,53211.86918598623,54440.11328125,169
2011-10-14,55704.477925031366,57582.96875,55270.9800423463,57582.96875,161
2011-10-17,57492.65538294352,57619.092262516446,54548.48233003124,54927.79296875,135
2011-10-18,53356.36232215447,55975.41192835366,50448.31413871951,55541.9140625,244
2011-10-19,54729.1130463851,54729.1130463851,48768.51657598672,48967.203125,247
2011-10-20,48064.07448708474,49310.3808153857,46221.70861046594,48118.26171875,207
2011-10-21,50087.056656238645,50737.30333479061,48750.438483659615,49707.74609375,163
2011-10-24,50628.93613373565,53825.98276080351,50574.7489027684,53500.859375,340
2011-10-25,53663.42280733015,57691.34043978879,51405.621443844364,56228.28515625,531
2011-10-26,57582.96715299685,58522.21253943218,54729.106171135645,57257.84375,551
2011-10-27,58847.338749050155,60436.83101728724,57582.96989931611,59425.3359375,531
2011-10-28,58811.2122788573,62857.19248477378,58305.46475311775,62279.1953125,305
2011-10-31,60671.63865083487,60725.82588392582,58594.46138234842,58684.7734375,219
2011-11-01,54458.16826199027,59840.76665073756,53193.799512955666,58468.0234375,504
2011-11-02,60147.828053198195,62604.31592564112,59046.02099276423,60924.51171875,371
2011-11-03,63182.30084557284,64753.730283412995,61105.12400245081,64717.60546875,357
2011-11-04,63254.56506655338,64085.4359954687,60942.57639478901,63778.375,222
2011-11-07,64880.18611850865,67860.48420023303,64880.18611850865,67824.359375,250
2011-11-08,67426.97846928689,68727.47202669075,66198.734553961,66234.859375,237
2011-11-09,64825.99193763568,67246.35496902135,62315.31685284009,62405.62890625,549
2011-11-10,63037.82427619485,63399.07255284926,59443.403923483456,61412.20703125,391
2011-11-11,62477.882780270214,66072.30274941557,62441.75795645971,65674.9296875,207
2011-11-14,65024.679121505986,65729.1131453223,62477.879189247,63326.8125,166
2011-11-15,63110.068685635655,64175.751013183595,61647.013286798654,63579.69140625,179
2011-11-16,61954.07944623161,63977.06979549632,61249.64530675551,61412.20703125,309
2011-11-17,60111.69612552033,60472.944299351584,55939.27971776937,56408.90234375,514
2011-11-18,57041.090668216995,57763.58706680112,54259.4795336681,54855.5390625,434
2011-11-21,52886.7341025641,53211.857467948714,50719.244999999995,52832.546875,404
2011-11-22,54169.17142882859,55885.100500432025,53356.36292122696,54873.60546875,849
2011-11-23,53320.230333769636,53627.291280813704,51116.61647851222,51748.80078125,256
2011-11-25,50827.61964182005,52453.23647471408,50484.433865986866,50538.62109375,211
2011-11-28,53573.110246312244,54349.793908008614,52362.92872692488,52958.98828125,316
2011-11-29,53121.54911391605,54747.16605381828,52832.55054682232,53573.109375,222
2011-11-30,57890.02847481343,61087.075289179105,57637.15471548507,60509.078125,460
2011-12-01,60725.82777136689,62712.693046456225,58504.15114558517,60653.578125,241
2011-12-02,61936.015925778665,62315.3266094886,54367.864665090055,54656.86328125,645
2011-12-05,54385.91286088198,57799.70812182742,52471.29752934645,53374.41796875,183
2011-12-06,52073.92852722772,57745.52532138294,51243.05765929415,56553.40625,641
2011-12-07,56752.092671725244,57275.902565894576,54331.72971246007,56535.34375,350
2011-12-08,53916.29749644886,54295.60813210227,50610.87624289773,51658.49609375,397
2011-12-09,52128.11738734226,53627.29747852362,51098.55997532614,52958.98828125,114
2011-12-12,48876.880112395556,48913.00493139955,45752.08326855061,47558.32421875,430
2011-12-13,47988.60107037402,49604.50541338583,42126.250430610235,42952.9921875,515
2011-12-14,40566.72781673114,41844.420031431335,36959.126269342356,38856.875,989
2011-12-15,40378.8306211507,40641.884892298265,37165.8105949912,37372.49609375,533
2011-12-16,39195.08667318953,40660.67476547562,38161.65917221857,39307.82421875,636
2011-12-19,39063.553838315216,39251.4497201734,35888.113434912004,36301.484375,552
2011-12-20,38800.497157423706,40566.71833553404,38706.54922241784,40021.8203125,523
2011-12-21,40491.56671171505,40998.88564499408,38706.555650177725,39646.03515625,327
2011-12-22,39119.919112042684,39138.708698551825,37222.1708746189,38518.65234375,942
2011-12-23,39251.45658365885,39739.98596191406,38894.454345703125,39683.6171875,164
2011-12-27,38668.975260416664,39119.92540922619,37334.91440352183,37879.8125,305
2011-12-28,37428.85864583333,37748.28163628472,33727.30987413194,33821.2578125,532
2011-12-29,32731.462753023134,35925.692757623554,32111.406340365404,35737.796875,486
2011-12-30,36977.90026188043,37917.379435200564,35888.10442082908,36771.21484375,364
2012-01-03,39458.138079591605,42088.68061823105,39458.138079591605,41637.73046875,675
2012-01-04,41186.78398030783,43310.007789511656,40604.30665211917,41506.20703125,355
2012-01-05,40303.66430543038,42708.731452794054,39251.44742845876,41694.09375,348
2012-01-06,42539.632490745025,42765.10757461823,40284.881652012955,40604.3046875,287
2012-01-09,41092.816155324595,41900.76818764237,40247.28495871298,41243.1328125,171
2012-01-10,43911.270866880455,44493.7481441048,42971.79138748635,43028.16015625,297
2012-01-11,43103.32468488551,43216.0622385513,41261.94464167768,42671.1640625,243
2012-01-12,44155.5400399022,45470.81144534609,42783.89985993927,43704.58984375,353
2012-01-13,42107.47318464007,42332.94827532087,40172.14532296317,42088.68359375,309
2012-01-17,43310.013222280824,43403.96119022503,39401.77775580169,40078.203125,276
2012-01-18,39739.973873546514,41017.66570494186,39589.6571875,40397.609375,151
2012-01-19,40096.98798376058,40623.09654212295,36545.755214814584,37748.2890625,373
2012-01-20,37560.38381041874,39082.34033300199,36865.16910257207,37804.6484375,257
2012-01-23,38387.13384308511,40153.35537086289,38387.13384308511,39739.984375,294
2012-01-24,38575.025958554965,38612.60513630319,36733.64624889184,37090.6484375,258
2012-01-25,36451.802254865266,44606.483790232036,35794.1666471744,43930.05859375,817
2012-01-26,46259.966572535,47913.45034929498,44925.905798103646,45639.91015625,800
2012-01-27,45583.54643879958,49416.62289119657,45452.019305629095,48796.56640625,449
2012-01-30,46973.9744533746,48270.45614828774,45452.017681085264,47049.1328125,446
2012-01-31,49829.98549330268,50262.14600097461,45376.85330555278,46992.7578125,663
2012-02-01,48683.82594022709,48815.3530654998,46898.81495438318,47368.5546875,510
2012-02-02,48702.61099015525,50788.25521079847,47706.76284876704,49623.30078125,676
2012-02-03,47838.293753125,48308.0334796875,45715.0701890625,46973.97265625,789
2012-02-06,45940.549087431486,47875.87692219854,45508.38850296894,46278.76171875,339
2012-02-07,46109.65274706911,47500.08237350885,44155.53543423489,45677.4921875,688
2012-02-08,46072.073089548314,47143.07968257615,44343.430869222684,44719.22265625,654
2012-02-09,46335.12963587992,46917.6069346278,44099.16839229934,44362.22265625,710
2012-02-10,42426.90428905207,43084.54009512684,41243.15983811749,42220.21875,757
2012-02-13,42859.05585393747,43197.2684823333,41431.04697848843,41844.41796875,385
2012-02-14,41769.254728333144,42351.73196476064,39270.239488176456,40623.08984375,548
2012-02-15,42069.89262104079,42126.261391859516,39984.24810074802,40190.93359375,495
2012-02-16,38725.33920832424,43685.79022773114,38142.86200528783,43084.5234375,1348
2012-02-17,44099.15872678895,44193.106657608696,41074.03535439311,41487.40625,774
2012-02-21,43347.58529216208,45188.96516153004,42596.001672011895,45038.6484375,966
2012-02-22,44681.631867689335,47951.019565325136,43930.04848892248,47387.33203125,620
2012-02-23,48082.55410194175,49754.82737864078,47424.918543689324,48383.1875,520
2012-02-24,48364.393701603985,48702.606244971845,45884.16838357301,46710.91015625,594
2012-02-27,46184.820614960874,47049.14191206754,44831.96988905477,45621.1328125,344
2012-02-28,46823.6589022806,48946.88260049798,45959.33775079388,48815.35546875,500
2012-02-29,49022.04328493041,50168.208344486084,42445.686385840476,43873.6953125,1697
2012-03-01,44211.90062637521,46034.49066494656,43328.7899891293,44831.95703125,681
2012-03-02,43667.00244988864,44005.21503340757,41581.358184855235,42182.625,829
2012-03-05,41243.14539766694,41431.041276471806,38668.97185804035,39815.13671875,631
2012-03-06,37240.961753199445,37297.33051468259,35230.475926967185,37071.85546875,890
2012-03-07,37203.39702418342,37973.77039690641,35925.70460113065,37391.29296875,564
2012-03-08,38612.60411622276,39627.24188861986,37259.753753026635,38800.5,522
2012-03-09,37992.543640670556,40134.556486880465,37334.90811771137,38668.96875,455
2012-03-12,38048.92104791135,38631.398357780614,36451.805843431124,36827.59765625,385
2012-03-13,36357.853743965294,37767.07288132829,35549.90143854384,36000.8515625,635
2012-03-14,34629.20896380376,34629.20896380376,31153.13535647674,32111.404296875,1529
2012-03-15,32299.30749383224,33595.789295504386,31660.461388660453,32130.201171875,724
2012-03-16,31679.24894475711,32412.042959493487,31416.194683056874,31716.828125,464
2012-03-19,31979.887323710678,32806.62941668557,31002.82848655853,31059.197265625,649
2012-03-20,29913.023572278405,31754.40316403926,28842.017075029744,31585.296875,1027
2012-03-21,32261.722098214286,32750.251378676472,31265.873949579833,31303.453125,1212
2012-03-22,29443.283057666293,30157.287369211488,28860.805856142582,29518.44140625,880
2012-03-23,30063.336717809867,31791.978579083934,29574.80749614546,31228.291015625,865
2012-03-26,33238.78686063321,33483.05154643775,32073.832205257713,32900.57421875,904
2012-03-27,33295.151177008665,33370.30953181004,31284.66518607191,31453.771484375,776
2012-03-28,31002.81440488442,31171.920665274698,29067.48720264012,29668.75390625,1059
2012-03-29,29368.12450987618,29931.812120430423,28052.85341858294,29875.443359375,1009
2012-03-30,30890.08428999847,30908.873878982657,29405.706760247936,30739.767578125,723
2012-04-02,30758.563061935787,32975.73498698675,30533.087950913658,32261.73046875,853
2012-04-03,32468.411163015466,32487.200752808876,28428.649357431943,29161.443359375,1122
2012-04-04,27338.85071518842,27395.219479549633,24257.358263442096,25553.83984375,1940
2012-04-05,25967.21322582952,26117.529944937072,24332.518905534896,24633.15234375,840
2012-04-09,25309.58057408708,26155.112219101124,24990.157508192886,25084.10546875,690
2012-04-10,25046.518724862166,26249.052257038595,24332.514440132414,25985.998046875,1003
2012-04-11,26192.69140332397,26305.42895599251,24877.419955524343,25084.10546875,792
2012-04-12,25102.890635578875,28052.856077035376,25102.890635578875,27752.22265625,1322
2012-04-13,27357.642551973222,27620.696807280656,26211.477582419397,26662.427734375,834
2012-04-16,26493.320981976525,27038.21907309519,24783.46835122485,25215.62890625,1018
2012-04-17,25516.261854619566,26925.48102921196,24971.363773777175,25929.6328125,715
2012-04-18,25234.421875,26192.691060126584,24783.47167023455,25234.421875,1007
2012-04-19,25666.578670533047,26211.47675358243,24877.415929564973,25159.259765625,1019
2012-04-20,25422.31467147745,25873.26482086064,24332.518477134734,24370.09765625,946
2012-04-23,23261.50936659946,23261.50936659946,21326.18185063844,22716.611328125,1581
2012-04-24,23092.402013121904,23280.29787978685,22246.870613129646,22754.189453125,693
2012-04-25,23242.722135316584,24651.94134319754,22735.40322047944,24445.255859375,1506
2012-04-26,24595.573478271297,24783.46937955679,23862.779463257866,24482.8359375,1042
2012-04-27,25384.732042261683,25816.89254335126,24877.413193156528,25328.36328125,691
2012-04-30,24614.356376834032,24971.35849222323,23580.929200707415,24651.935546875,807
2012-05-01,24821.045068693053,25459.891043208998,24276.14703160592,24745.88671875,666
2012-05-02,24163.412076536228,24163.412076536228,22923.29917058647,23468.197265625,953
2012-05-03,22566.298208281532,22697.82534188517,20010.91389826797,20781.287109375,2150
2012-05-04,20706.125980941706,21946.23878923767,20630.96762892377,20950.390625,717
2012-05-07,20987.971795368456,21476.501129907025,19616.331740702477,20461.86328125,1016
2012-05-08,19127.801790730337,19278.118504213482,17793.740958567414,18395.0078125,2490
2012-05-09,17305.211600539526,20236.387506819836,16948.209406825896,19372.06640625,2137
2012-05-10,20180.019895582933,20612.180470628005,18996.27571176382,19541.173828125,1477
2012-05-11,18827.17184740792,19823.02025849836,18470.16958682833,18620.486328125,1080
2012-05-14,17549.478561350334,18395.0101836852,16703.94693901547,16854.263671875,2059
2012-05-15,16854.26304223293,17173.68608762642,14599.512133573007,14862.56640625,3193
2012-05-16,14843.7732948284,16215.41310561634,14449.191979396253,14918.931640625,2734
2012-05-17,15708.095783509454,17699.792138834815,15595.358253962737,16891.83984375,3522
2012-05-18,18019.210687533894,18770.79403216513,17098.52109036063,17323.99609375,2393
2012-05-21,17380.370516471674,19184.17113223522,17342.7913369766,19071.43359375,1580
2012-05-22,19015.058601705703,20048.48569962449,17981.631503786914,18451.37109375,2448
2012-05-23,17850.107959028406,20856.441931075293,16816.680656137287,20837.65234375,3179
2012-05-24,21326.18390222937,22058.97788653505,19860.595933618013,21175.8671875,2416
2012-05-25,21344.97027439024,21889.868283155487,20837.651438643294,21570.4453125,1446
2012-05-29,22246.874311294763,22378.401439824378,19804.227638601926,20461.86328125,1764
2012-05-30,19522.38314278165,21401.342059315015,18507.745327853634,20555.810546875,1870
2012-05-31,20706.126665140597,21420.131032904064,19071.43245473476,19879.384765625,1829
2012-06-01,21344.9727614897,24144.62147756537,21288.603995394216,23712.4609375,3325
2012-06-04,24276.14813701923,24933.783728966344,22660.24353966346,24914.994140625,1668
2012-06-05,24576.786159717052,25328.369834326135,24182.204730547284,25234.421875,1220
2012-06-06,26530.899053664434,27075.79712204706,24219.7796601795,25253.20703125,2658
2012-06-07,25478.684720367706,25535.053491872946,21889.872934534204,22866.931640625,3063
2012-06-08,21908.661776222718,23712.46240273848,21420.1324398747,23242.72265625,1458
2012-06-11,23731.2505559148,23843.988088246937,22058.977159654773,22246.873046875,1221
2012-06-12,22904.513447519177,24107.047377495575,22772.98629892801,23881.572265625,1356
2012-06-13,24426.465380744303,24933.78427711361,23656.092241813138,23919.146484375,1464
2012-06-14,24370.097750706904,24464.045698859205,23036.036886944228,24088.25390625,1372
2012-06-15,24370.09865867163,24407.677839332653,23543.356684129187,24125.833984375,1273
2012-06-18,23205.144012156645,25629.001159985153,22904.51056746474,25309.578125,1723
2012-06-19,25384.73574116797,25591.42122832774,24576.783382270693,25196.83984375,1254
2012-06-20,24351.310587222648,26305.428103481256,23393.04142059583,24557.99609375,2280
2012-06-21,23054.82222316576,23223.928498641304,20743.703125,20743.703125,2166
2012-06-22,20668.549302045038,21532.87045467601,19710.28019804113,20443.07421875,1768
2012-06-25,19804.23032330452,21645.610372340427,19466.017661236703,21194.66015625,1934
2012-06-26,20724.918558680878,21326.18546156192,19503.595162203765,20217.599609375,1846
2012-06-27,20537.018592282864,20724.9144622946,19221.747502200706,20010.91015625,1391
2012-06-28,19296.913506988065,19653.915801664574,17774.956355998744,18695.646484375,2769
2012-06-29,20818.86388221154,20987.970177283652,19785.4365234375,20518.23046875,2255
2012-07-02,20292.75629856033,20931.60233018167,20048.491639410993,20555.810546875,975
2012-07-03,21589.23998541581,22979.669714676704,21532.871212607934,22848.142578125,1623
2012-07-05,22284.454449436693,22810.56298618562,21739.556322089593,21889.873046875,1277
2012-07-06,20781.283223298124,21363.760420334507,19729.066351232395,20010.91015625,2260
2012-07-09,19804.22633864613,20067.280578438396,19109.011562052292,19672.69921875,1290
2012-07-10,20292.756520021074,20518.231592465752,17568.26606131454,17831.3203125,2853
2012-07-11,17455.52725616592,17474.316844170404,16140.256095852019,16760.3125,3007
2012-07-12,15858.419347949886,16854.26795629271,15031.677107061503,16497.265625,3273
2012-07-13,16891.83977109546,17361.579475519695,16459.679243025163,17173.68359375,1968
2012-07-16,17211.265209257206,17286.423572616408,16647.577484063193,16948.2109375,1216
2012-07-17,16891.840767857142,17004.578303571427,15538.990339285714,16440.890625,1737
2012-07-18,15933.57114123957,16252.99414760876,15557.779369040523,15764.46484375,1268
2012-07-19,16252.997684345997,16591.210352921982,15989.943386564675,16196.62890625,1131
2012-07-20,15933.571351777522,16553.62778409905,15914.781762919294,16384.521484375,1075
2012-07-23,15520.201727505388,15614.149679851062,14994.093194369612,15257.1474609375,2167
2012-07-24,15632.939270320196,15726.887222665871,14881.355651554803,15257.1474609375,1841
2012-07-25,16159.050290203852,17361.584265288788,15708.100049547,16591.2109375,2504
2012-07-26,16760.315515058635,17793.743041211354,16422.10287013593,17624.63671875,2438
2012-07-27,17906.480834450183,18207.11430071587,17117.317985502745,17962.849609375,2733
2012-07-30,17850.10777555961,18789.58713216801,17737.3702527666,18676.849609375,1747
2012-07-31,18770.80274476396,19052.64662982048,17568.268835189494,17662.216796875,1914
2012-08-01,17305.216421944755,17812.53547014509,14918.937935965401,16835.4765625,10387
2012-08-02,16628.790124221407,17643.428165699323,16159.050290203852,16591.2109375,1487
2012-08-03,17267.63198326374,17756.16128855738,16966.9985646215,17436.73828125,1239
2012-08-06,17662.213040865383,19165.380108173074,17587.0546875,18564.11328125,1860
2012-08-07,19109.013721273102,19315.69921875,18714.432316999028,19315.69921875,1537
2012-08-08,19071.43049903703,20161.22652755343,18883.534632051444,18902.32421875,1729
2012-08-09,18977.487346740432,19916.966918361246,18639.27470095694,19635.123046875,1302
2012-08-10,19653.909405048074,20180.01787860577,19428.434344951922,20029.701171875,998
2012-08-13,20330.335614197906,20743.70657862707,19052.64354232595,19296.908203125,1516
2012-08-14,19090.22008573559,19691.486860089462,18808.376285257207,18902.32421875,925
2012-08-15,18958.69359198142,19221.747814268576,18582.90184585691,19090.220703125,1062
2012-08-16,19428.43600643382,21138.288691719586,19296.908876796457,21081.919921875,2396
2012-08-17,21213.442924360796,21457.707546164773,20273.96360973011,20668.544921875,1231
2012-08-20,20574.60341631356,21269.818326271186,20029.705243644068,21063.1328125,1375
2012-08-21,22171.711460983886,23280.29703403308,21683.182225402885,22152.921875,2435
2012-08-22,22209.29313669387,23693.67059676055,21495.288788813694,23599.72265625,2636
2012-08-23,24388.885356538616,24670.72917807026,23468.19553953523,23599.72265625,3461
2012-08-24,23486.980453310276,24125.826321640317,23036.03042860672,23768.82421875,1344
2012-08-27,23825.1968389324,23975.513538231655,22641.45283195074,22791.76953125,1427
2012-08-28,23054.82626372989,23524.566000154704,22641.455295676053,22772.982421875,1287
2012-08-29,22923.300747920224,22960.87992947419,21889.873255186114,22021.400390625,1582
2012-08-30,22115.34332126524,22340.818359375,21288.601514862803,21570.4453125,1459
2012-08-31,22115.346711482558,24388.887027616278,21495.290261627906,24238.5703125,3193
2012-09-04,24407.676173099528,24520.413707386364,23299.090419278997,23975.515625,2258
2012-09-05,23881.566856152724,24276.14821254864,23261.510438959143,24144.62109375,1209
2012-09-06,25027.731670673074,26042.36944110577,24614.36072716346,25892.052734375,2702
2012-09-07,27771.01357637726,28522.597164371233,27526.74891027922,28052.857421875,3776
2012-09-10,27902.54136923179,28052.858090412836,26324.2157968308,26568.48046875,2442
2012-09-11,27226.110323000084,27883.7458380484,26643.633152528724,26981.845703125,1907
2012-09-12,27677.066295873534,27714.64547618022,25215.629985785665,27263.6953125,3585
2012-09-13,26981.851183570358,31472.563184178518,26079.950865456587,31378.615234375,6186
2012-09-14,32318.091300722623,34234.62927320734,32280.512124791552,33802.46875,4695
2012-09-17,34197.04903525819,34516.47202075236,32505.986170877288,33840.046875,2682
2012-09-18,33727.3172848916,34723.1656504065,32919.364837398374,34666.796875,2877
2012-09-19,35080.16491177441,35906.90688077177,33933.999909300794,35606.2734375,2902
2012-09-20,34403.735584228125,34911.05445958266,33426.677009471234,34779.52734375,2721
2012-09-21,36076.008702531646,36470.59004771558,34741.94796405261,35625.05859375,4046
2012-09-24,34103.10903695913,34516.480055588945,32017.464352054198,32242.939453125,3691
2012-09-25,33501.83905482658,33840.05167568294,30589.452597452426,30608.2421875,2928
2012-09-26,29443.292265719527,31679.253835356172,28409.86464950091,31059.197265625,4096
2012-09-27,32261.728789977005,33802.475301787206,31378.61798442726,33708.52734375,3564
2012-09-28,33219.9939863149,34084.315096818566,32412.041643887558,33295.15234375,2412
2012-10-01,34253.43055071149,34967.43513706752,33276.371643066406,33670.953125,2892
2012-10-02,33933.99553952992,34197.04976851852,32449.618104522793,32975.7265625,2525
2012-10-03,33238.78581233249,33257.57540295563,31284.668387526057,31547.72265625,2010
2012-10-04,32806.62326627891,34178.26329974876,32505.98983428552,34121.89453125,2529
2012-10-05,33670.94047619047,34911.05323926445,32637.513173628828,33144.83203125,2926
2012-10-08,32130.200164139584,32844.20461223157,31641.670804918747,32374.46484375,1573
2012-10-09,32581.146345907186,33727.31124042872,30176.079026255444,30213.658203125,2389
2012-10-10,29969.388207754277,31791.977960827735,29649.96526133934,30758.55078125,2024
2012-10-11,31491.348299772035,32036.246331212005,30833.712744585864,30908.87109375,1481
2012-10-12,31021.611143538474,31284.665387033045,29236.60020553959,29424.49609375,2060
2012-10-15,28785.65043917304,29499.654823434514,27996.487698673518,29480.865234375,2987
2012-10-16,30006.96822924539,31115.553780607617,29969.389058012774,31077.974609375,1990
2012-10-17,31209.50873046875,32430.832070312503,30345.18759765625,31942.302734375,2759
2012-10-18,30927.661771673385,31247.08476688508,29067.492564264114,29123.861328125,2805
2012-10-19,28766.865857925462,29875.451805422264,27808.596649072297,29368.1328125,4111
2012-10-22,29180.232841257668,30664.610429447854,29123.86407208589,30627.03125,2995
2012-10-23,28503.80703935534,28973.54677302962,27996.488126987115,28071.646484375,3528
2012-10-24,28654.12400545547,28917.178258620308,26418.162853554353,26530.900390625,3862
2012-10-25,28485.01962776333,29180.234486752277,28052.859039743173,28898.390625,2747
2012-10-26,29123.858844681294,29462.071399006625,27996.483663596857,28372.275390625,2491
2012-10-31,29462.073451661632,31228.29469174849,29405.704688680136,31096.767578125,2874
2012-11-01,30363.968532298924,30533.0747926892,29593.595568298766,29668.75390625,2185
2012-11-02,28409.85831664239,28522.59584964494,25798.10546875,25798.10546875,4407
2012-11-05,26230.2685967682,26512.11245704866,25234.420290443908,25290.7890625,2040
2012-11-06,26117.529634095314,26831.53404135835,25178.050150854477,26662.427734375,3033
2012-11-07,27188.535141664546,27808.591575441278,25497.47214045528,27677.064453125,3246
2012-11-08,27244.900851328905,28935.9636627907,26343.00068521595,28278.328125,3121
2012-11-09,28503.809535845587,28635.336672794117,27075.80062040441,27150.958984375,2571
2012-11-12,27132.16346240129,27526.744786993,25967.209075511484,26173.89453125,1556
2012-11-13,25196.84110907318,26230.2685967682,24821.049295365898,25290.7890625,2412
2012-11-14,25121.679958113706,25178.04872391351,21701.97483292545,21833.501953125,5695
2012-11-15,21645.606741573032,21758.344276685395,19372.06645014045,20067.28125,5173
2012-11-16,20010.9080165207,21063.12477607484,19202.955861863058,20649.75390625,3261
2012-11-19,22096.556037646813,22472.347806994545,21664.395502896918,22397.189453125,3835
2012-11-20,22021.400341838933,22340.82338434001,21420.133438307494,21814.71484375,2436
2012-11-21,21758.349174989704,22904.514373326812,21326.188526436366,22810.56640625,2366
2012-11-23,23129.982518915123,24088.25149410982,22509.926123200905,23825.197265625,2649
2012-11-26,23393.03741092637,23750.03958828187,22434.76840855107,23731.25,2642
2012-11-27,23036.035857971558,23374.248456212576,21889.870941710327,21965.029296875,3032
2012-11-28,20555.81191487971,22509.929318122384,20198.809696979602,22453.560546875,3832
2012-11-29,22848.13556338028,23299.08560739437,21983.81464568662,22679.029296875,2645
2012-11-30,22284.454661502772,23017.24870180514,21307.395941099618,22021.400390625,2651
2012-12-03,21908.660006009613,22115.345477764422,20461.86170372596,20518.23046875,2292
2012-12-04,19710.28246051214,21138.29148529662,19522.386536198388,20706.130859375,3844
2012-12-05,20781.28585489748,20781.28585489748,18827.168559319416,19015.064453125,4590
2012-12-06,18902.328380584717,19954.54546737671,18827.17001724243,19240.541015625,2745
2012-12-07,19691.48828125,20067.280042342558,19353.275696266697,19691.48828125,1977
2012-12-10,20217.59616542431,20668.54626576835,19916.962765194952,20480.650390625,2056
2012-12-11,20292.757070530726,20724.91763777351,20067.281991969274,20180.01953125,1700
2012-12-12,20724.915228669994,22303.240595132622,20574.598527102124,21871.080078125,4305
2012-12-13,20386.707528177423,20856.447332974138,19635.12384050268,20161.232421875,3540
2012-12-14,19916.965119144246,20649.759118810874,19635.12127311862,20255.177734375,1669
2012-12-17,20086.0683071235,20593.3871511762,19766.64533123847,20367.912109375,1584
2012-12-18,20367.91202610223,20461.859959801965,18864.745086906492,19390.853515625,3751
2012-12-19,19071.434066939804,19390.85710057328,18752.01103330633,18845.958984375,2509
2012-12-20,18244.690279447113,18639.271634615383,17361.579627403844,18564.11328125,4490
2012-12-21,18038.003646881287,19090.220526282697,18038.003646881287,18676.849609375,2424
2012-12-24,18789.594638847306,18845.963422763845,17944.062880099176,18827.173828125,1141
2012-12-26,18996.277707794008,19259.331998505302,18564.117087339746,19052.646484375,1822
2012-12-27,18658.059997735505,20086.068617904588,18545.32247509058,19447.22265625,2829
2012-12-28,19390.856016791044,19823.016567552862,18808.37875272077,18883.537109375,2052
2012-12-31,18883.53745299681,20931.602709092982,18883.53745299681,20612.1796875,3621
2013-01-02,21814.71176147461,22209.293111165363,21382.55123562283,21645.60546875,3492
2013-01-03,21175.872766475866,21608.033435179455,18864.75266862624,18977.490234375,4578
2013-01-04,18432.587392281035,19146.591796875,18169.533137956943,19146.591796875,3135
2013-01-07,18601.696850712437,18808.382371275908,18038.009067357514,18131.95703125,2799
2013-01-08,18169.53110316362,18376.216565557417,17511.895541001544,18244.689453125,3881
2013-01-09,18282.26815773576,18395.0056797773,17681.00137351424,17981.634765625,2112
2013-01-10,18564.112483198925,19409.64392221102,18488.954133064515,19221.748046875,3752
2013-01-11,19090.22017883481,19315.69522031711,18545.322161919248,19109.009765625,2223
2013-01-14,19541.16747032641,19653.90497496291,18921.111194825666,18996.26953125,1960
2013-01-15,19353.27434214511,19898.172357603562,18752.007566466815,19390.853515625,2989
2013-01-16,19071.433221266674,19221.749936311142,18827.168559319416,19015.064453125,1826
2013-01-17,18620.483690621862,19259.3297506432,18131.954350605545,18714.431640625,3464
2013-01-18,18996.280179874626,19015.06977451347,18564.119503181137,18827.173828125,1661
2013-01-22,18752.009379477076,19804.22633864613,18526.534316797995,19672.69921875,2682
2013-01-23,19484.807320767282,19578.755282776765,18075.587890625,18075.587890625,4545
2013-01-24,17718.582293309202,17925.267770749713,16328.152717800314,16384.521484375,5714
2013-01-25,16177.835319051157,16290.572847406915,14937.722507137829,15012.880859375,6820
2013-01-28,15088.03975064767,15144.408516839378,14411.614556347151,14505.5625,3565
2013-01-29,15163.199062211006,15482.622090782985,14881.355213471024,15238.357421875,4114
2013-01-30,16027.519739550658,16252.994812088298,14918.93396624059,14975.302734375,5851
2013-01-31,14937.72234706805,14937.72234706805,14374.034711329632,14599.509765625,2934
2013-02-01,15294.72672164352,15407.464265046297,14524.353508391205,15219.568359375,3132
2013-02-04,15031.671112804877,15952.360968464176,14975.302346131859,15407.462890625,2683
2013-02-05,15651.727319245847,15708.096085101475,15069.250072071032,15275.935546875,1870
2013-02-06,15257.145880510267,15670.516828011776,15219.566703464674,15557.779296875,1617
2013-02-07,15125.618614783652,16027.518855168268,15012.881084735576,15632.9375,2917
2013-02-08,15651.72762382526,15839.623513667098,15332.304611094132,15369.8837890625,1682
2013-02-11,14975.304318435472,14975.304318435472,14317.668620637176,14467.9853515625,4138
2013-02-12,14374.035663073577,14975.302514339399,14092.191826542721,14843.775390625,2453
2013-02-13,14768.616985184262,15069.250409819057,14092.191779755976,14148.560546875,3077
2013-02-14,14317.6650390625,14937.721399021899,14280.085865731626,14317.6650390625,3111
2013-02-15,13716.39924796096,13753.978423982771,12720.551083382972,12814.4990234375,6401
2013-02-19,12664.181921779287,12664.181921779287,12062.915124306088,12269.6005859375,3677
2013-02-20,11649.546351841518,11799.863078962055,10428.222943987166,10522.1708984375,8669
2013-02-21,10597.32782451923,11518.017653245191,10522.169471153846,10991.9091796875,5272
2013-02-22,11123.435067041522,11330.120515922363,10691.27458301795,10860.380859375,3426
2013-02-25,11348.912558109505,11781.073135653409,11179.806245157542,11367.7021484375,4379
2013-02-26,11593.175859001793,12044.125973452428,11029.488215938496,11799.861328125,4862
2013-02-27,11480.439173166105,11536.807941610456,11010.699436129848,11142.2265625,2652
2013-02-28,10973.118319746376,10973.118319746376,10221.534873188406,10371.8515625,4489
2013-03-01,10503.37957233422,10691.275450193509,10052.429465471927,10165.1669921875,3570
2013-03-04,10090.0081126729,10146.376873078892,9131.739185771004,9169.318359375,5968
2013-03-05,9563.900308070231,9714.21701232281,9112.9501953125,9112.9501953125,4042
2013-03-06,9150.529455477303,10334.273512346032,8868.68563241332,10296.6943359375,7453
2013-03-07,10390.642589243358,10822.803130929791,9826.954926174098,9902.11328125,5854
2013-03-08,9582.69106417726,10409.433038341573,9394.795160958098,9977.2724609375,6029
2013-03-11,10127.588346477703,10202.746701553606,9770.586159867173,9902.11328125,1971
2013-03-12,10390.641038623133,10897.959859677065,10296.69310879833,10691.2744140625,4690
2013-03-13,10710.063710862523,10766.432467235485,9676.636510691578,9789.3740234375,5681
2013-03-14,9657.846894677006,10259.113627419543,9545.10938228778,10071.2177734375,3769
2013-03-15,10090.008641043785,10353.06287004679,9977.271114328212,10165.1669921875,2802
2013-03-18,10522.169932586838,10785.224180901509,10183.957327610831,10277.9052734375,4316
2013-03-19,10259.115159528968,10578.538159001482,10071.219277486314,10296.6943359375,3786
2013-03-20,10371.852764423076,10465.800706129807,10127.588115985576,10259.115234375,2558
2013-03-21,10503.382018008473,11179.807335805084,10409.434057203389,11085.859375,5743
2013-03-22,10860.381910536023,11161.015319824219,10672.486029730902,10822.802734375,3668
2013-03-25,10634.908150337837,10804.014463682432,10165.168391047297,10428.22265625,3828
2013-03-26,10277.90406177662,10409.43117042824,9864.533148871527,10146.376953125,3701
2013-03-27,9996.062052981953,10710.066485337808,9958.482872331646,10672.4873046875,3091
2013-03-28,10465.801078389124,10597.32820145685,10296.694777302046,10559.7490234375,2324
2013-04-01,10559.748335692006,10559.748335692006,9996.06070211414,10165.1669921875,571
2013-04-02,9804.406982319251,9811.922817491593,8868.685503362758,8940.0859375,7252
2013-04-03,8804.800873961629,9131.739702828323,7545.898486946202,7718.7626953125,13213
2013-04-04,7594.752140266532,8481.620772182861,7354.245392628205,8353.8515625,10180
2013-04-05,8669.516249840126,8902.507150355985,8083.281080800221,8263.6611328125,16208
2013-04-08,8259.904351717349,8417.736918947616,7854.0491788395175,7963.02880859375,7778
2013-04-09,8068.248429743609,9079.128181770173,7966.784662811576,8894.990234375,11278
2013-04-10,8545.504874933258,8710.853254219566,7887.869275499081,7917.9326171875,11289
2013-04-11,7906.660615128332,8109.588216467177,7557.174190600321,7613.54296875,8004
2013-04-12,7031.065101244577,7064.88636576152,6230.6285076769145,6279.4814453125,20317
2013-04-15,5137.073164610105,5159.620669356016,4396.763425452687,4423.06884765625,44150
2013-04-16,4915.356044998369,4964.208972051105,4216.383396397683,4317.84716796875,29702
2013-04-17,4314.089646636463,4471.922194684138,3611.359016043241,3667.727783203125,44580
2013-04-18,3780.4658887545565,4118.678542818086,3690.275847670949,3994.667236328125,29714
2013-04-19,4190.078200120192,4302.815730168269,3840.5918569711534,4152.4990234375,27941
2013-04-22,4411.795427199226,4471.922111045212,4103.646172488547,4306.57373046875,23122
2013-04-23,4148.740873247663,4178.804212908879,3878.170816296729,4020.9716796875,19455
2013-04-24,4261.479166160019,4915.356921814202,4250.205411752188,4828.9248046875,26580
2013-04-25,5114.525823428095,5336.242960520128,4900.324521491723,4994.2724609375,44123
2013-04-26,5013.062001050421,5099.494104516807,4329.121008403362,4471.921875,28289
2013-04-29,4671.091239627472,4806.376263462217,4558.353719765183,4656.0595703125,11659
2013-04-30,4524.534368358771,4862.7470703125,4231.416693332206,4862.7470703125,23189
2013-05-01,4423.068905409946,4734.9760584677415,4268.9942876344085,4543.322265625,24685
2013-05-02,4622.2395438349895,4667.3345637748425,4404.280280792364,4490.71240234375,15778
2013-05-03,4517.01744562657,4810.135050251257,4441.859085466394,4486.9541015625,20481
2013-05-06,4565.8690700641255,4599.690322434971,4475.679063741872,4550.83740234375,9678
2013-05-07,4291.5419771634615,4336.636989182692,4069.8248347355766,4152.4990234375,21441
2013-05-08,4332.879267136998,4862.745682285582,4299.0580065956,4825.16650390625,26259
2013-05-09,4532.049575331168,5088.221496681926,4513.259983393643,4592.17626953125,30879
2013-05-10,4227.657944408815,4547.0809890974815,4096.130808360541,4532.04931640625,30428
2013-05-13,4340.395403087298,4396.764174555965,4186.320761072944,4205.1103515625,14189
2013-05-14,4122.435872847946,4374.2163682725695,4009.6983375831883,4058.55126953125,22636
2013-05-15,3836.8344624290917,3930.782416944985,3472.3163989074246,3498.621826171875,33692
2013-05-16,3355.8202983998995,3682.7591180648396,3224.293187040441,3513.65283203125,27679
2013-05-17,3397.1578158264906,3404.6736517022127,3089.008544921875,3089.008544921875,33575
2013-05-20,3081.492135629469,3727.853900663943,3055.1867149594614,3679.0009765625,45977
2013-05-21,3359.578791586201,3577.5380420470506,3220.5358214646244,3344.547119140625,37467
2013-05-22,3581.2953488580115,3889.444581393538,3382.125722950903,3487.347412109375,51358
2013-05-23,3742.886477409737,3754.160231859766,3536.200979159199,3603.843505859375,24105
2013-05-24,3562.506300573876,3731.6126123099775,3393.3999888377743,3468.558349609375,26665
2013-05-28,3442.2529154710246,3660.212161210456,3284.420358211436,3355.82080078125,34435
2013-05-29,3446.0102941942782,3821.8020383812222,3408.4311197755837,3803.012451171875,30186
2013-05-30,4088.6148648648646,4464.406672297297,4051.035684121621,4449.375,40084
2013-05-31,4253.962617607527,4362.9422253024195,4047.277154737903,4193.8359375,31969
2013-06-03,4321.605723121662,4667.334180971395,4272.752788860287,4573.38623046875,32005
2013-06-04,4362.9426032853435,4400.521781608215,4141.225451180404,4302.81591796875,28859
2013-06-05,4359.184886830164,4562.11245914812,4205.110248588753,4347.9111328125,32580
2013-06-06,4393.0063440123595,4614.723516208022,4276.510880655317,4532.04931640625,31038
2013-06-07,4186.320902332621,4242.689675703347,3859.3820167824074,3957.087890625,39279
2013-06-10,3957.0877125432385,4118.678188933893,3821.80266254176,3972.119384765625,22098
2013-06-11,3709.0652140596485,3833.076513009971,3577.5380788093066,3603.843505859375,39657
2013-06-12,3622.633043160468,3870.6556374017446,3573.7801079311253,3675.243896484375,34244
2013-06-13,3600.085772317553,3795.497526138548,3532.4432421487477,3787.981689453125,26091
2013-06-14,3855.623612119161,3866.8973653709713,3573.7797808239006,3600.085205078125,25943
2013-06-17,3585.0535675048827,3690.2752655029294,3528.6848007202148,3607.60107421875,19974
2013-06-18,3521.168687006719,3588.8112018051406,3269.388215257039,3303.20947265625,39358
2013-06-19,3348.304280295301,3415.946791008337,2972.5125541117654,3021.365478515625,41399
2013-06-20,2547.86800629796,2630.5421893931743,2202.1396042634287,2326.15087890625,72474
2013-06-21,2427.614752274525,2450.1622577136077,2149.528851859177,2375.00390625,61431
2013-06-24,2258.5089124501183,2281.056422391384,2021.760058066828,2089.402587890625,56950
2013-06-25,2111.9497876648506,2168.3185542395354,1991.6964189721903,2048.065185546875,42041
2013-06-26,1830.10616575807,1863.9274296016483,1709.852783203125,1709.852783203125,80939
2013-06-27,1766.2214244495738,1871.443126331676,1728.642245205966,1818.832275390625,66478
2013-06-28,1747.431826021891,2254.750743254053,1739.9159902110441,2202.139892578125,126456
2013-07-01,2326.1514730607805,2416.3415140195184,2175.8347381295507,2322.3935546875,89852
2013-07-02,2284.8138142523367,2299.845484082944,1935.3274906907127,2010.48583984375,82315
2013-07-03,2070.61278173396,2157.044894220133,2010.4860947870575,2123.2236328125,40780
2013-07-05,1901.5061381182334,1920.295724463275,1754.947364626907,1909.02197265625,66718
2013-07-08,1980.4230220002948,1991.69677734375,1792.527099609375,1792.527099609375,51267
2013-07-09,1878.958653922033,1965.3907520024463,1818.8319769965278,1860.1690673828125,49451
2013-07-10,1893.9906791656122,1965.3911214357445,1788.7689747675226,1856.4114990234375,58965
2013-07-11,2175.834622055737,2277.2984127215486,2100.6762585995803,2266.024658203125,66635
2013-07-12,2164.560374337456,2213.413299452711,2036.7911855744812,2126.981201171875,43893
2013-07-15,2123.223391297043,2172.0763188844085,2059.3387936827958,2096.91796875,29460
2013-07-16,2157.044864121304,2446.404541015625,2157.044864121304,2446.404541015625,68858
2013-07-17,2480.2255398266234,2547.8680545491675,2220.9292333902035,2228.445068359375,89277
2013-07-18,2303.603056041711,2329.908474299936,2175.833881644618,2205.897216796875,44559
2013-07-19,2296.087949529946,2491.499689915473,2254.750850602238,2476.468017578125,51139
2013-07-22,2799.648795427037,3036.3976197383163,2754.5537812725074,2934.933837890625,82968
2013-07-23,2927.4183660489375,3220.53599448516,2829.7124899035302,3216.778076171875,87966
2013-07-24,3149.135074714359,3182.956334466661,2570.4157411749657,2754.5537109375,119085
2013-07-25,2701.943214830815,2987.5450010994414,2690.6694601096856,2837.228271484375,63305
2013-07-26,2743.2798629080417,2953.723249651672,2649.3319223974922,2949.96533203125,82625
2013-07-29,2980.029012311617,2998.818602553178,2837.228126475751,2859.775634765625,52844
2013-07-30,2837.2278585753984,2882.3228708971264,2720.7324100776004,2799.648681640625,45336
2013-07-31,2792.133416042198,2980.0293390598426,2581.689982262436,2762.070068359375,110486
2013-08-01,2799.6482243324394,2814.679892651003,2502.7727750408117,2517.804443359375,76791
2013-08-02,2506.5308759640425,2615.5104792668267,2329.9087602664263,2344.9404296875,76030
2013-08-05,2352.456302817351,2468.951742733226,2277.2979544845284,2299.845458984375,46332
2013-08-06,2183.3503265974587,2187.1082445434095,1924.0539883268482,1931.56982421875,81150
2013-08-07,1909.02197265625,2033.0332425335262,1890.2323863112083,1909.02197265625,61584
2013-08-08,2002.9699477431916,2408.8250215823373,1980.4224436410168,2397.55126953125,110984
2013-08-09,2359.9722503120374,2656.8477403990614,2266.024310411081,2540.352294921875,93920
2013-08-12,2844.743638659435,3006.33409633758,2833.469885798169,2949.96533203125,105561
2013-08-13,2874.8075296079683,2964.997569752532,2653.090347585916,2713.217041015625,72516
2013-08-14,2784.6170588510477,3152.892999157934,2769.5853878181138,3137.861328125,85212
2013-08-15,2972.5126192199396,3712.8223360168145,2949.96511515506,3701.548583984375,158988
2013-08-16,3829.3180172620855,3904.4763689257184,3370.852072113926,3483.589599609375,149093
2013-08-19,3506.137759897021,3562.506534171893,3250.599316517603,3295.6943359375,7773
2013-08-20,3307.7197319901593,3716.581196966422,3286.299551817124,3643.677490234375,61298
2013-08-21,3506.888806368884,3547.4742712259936,3148.007669820068,3170.55517578125,88950
2013-08-22,3285.5473377370176,3462.169466330946,3194.9816146082944,3290.056884765625,76588
2013-08-23,3275.401313968286,3640.295297955945,3269.388736773141,3562.50634765625,86470
2013-08-26,3641.0470847225647,3813.159694725609,3511.7746051569325,3664.721923828125,82055
2013-08-27,3957.0875685787646,3986.3995118381004,3163.0395581928183,3175.06494140625,153313
2013-08-28,3290.8087545291223,3457.284471809539,2859.023895597302,2921.029541015625,136653
2013-08-29,2835.3488236385897,3104.0399315115637,2680.8985023275723,2985.66552734375,165868
2013-08-30,2825.5781629531775,3024.747783612812,2767.706143694726,2857.14453125,98210
2013-09-03,3014.9773892886205,3097.2758804239656,2902.9914853076993,2943.952880859375,88515
2013-09-04,2831.590880372553,2987.54445905266,2780.858993332036,2983.034912109375,80188
2013-09-05,2906.750039659975,2939.8196774960697,2639.9378188249934,2671.880126953125,104888
2013-09-06,2790.253960064844,2881.1956164881253,2747.0379054645127,2795.51513671875,71303
2013-09-09,2797.7696651882593,2855.6416882222725,2671.879425048828,2705.70068359375,66445
2013-09-10,2536.2188172322644,2545.2376823412633,2349.4502565323583,2383.647216796875,107913
2013-09-11,2406.5704544190485,2448.6589468513084,2282.934877145311,2434.37890625,97720
2013-09-12,2193.872322569863,2225.062993822702,2019.505077702196,2032.2818603515625,162418
2013-09-13,2001.8426775098112,2131.114900559631,1975.5372552806814,2101.427490234375,135020
2013-09-16,2143.8922058450707,2205.522152412954,2042.4284204676526,2049.192626953125,115485
2013-09-17,2108.943592238358,2175.834485647772,2057.460070625484,2161.554443359375,81205
2013-09-18,2102.9307018415834,2859.7754358830975,2061.9695355826857,2757.184326171875,240623
2013-09-19,2831.2150451392417,2840.9855385788005,2390.0354530901022,2498.263427734375,208448
2013-09-20,2379.888870846502,2379.888870846502,2012.3646216695083,2070.988037109375,216058
2013-09-23,2007.47959724903,2132.2425055437684,1843.6343694454415,1912.780029296875,145485
2013-09-24,1844.3860938660662,1956.3720035028748,1783.1320768259932,1898.1243896484375,143765
2013-09-25,1930.8181388252651,2104.4339887719734,1917.289726357772,1990.94482421875,165030
2013-09-26,1997.3332351421534,2057.4599176675993,1830.1058993682573,1903.7611083984375,131695
2013-09-27,1977.040661571933,2025.517897811048,1860.921127498314,1906.391845703125,111333
2013-09-30,1848.8955409301375,1957.4994561169917,1833.8638698656648,1888.7294921875,85245
2013-10-01,1745.1772990620948,1797.412342395565,1719.247684785451,1743.29833984375,155138
2013-10-02,1795.1572098126928,1878.9587229847994,1754.9474472678025,1757.9537353515625,133973
2013-10-03,1771.858293677563,1825.2207738458578,1709.8526481936185,1712.107421875,97843
2013-10-04,1724.5085445720483,1747.4318672727832,1662.878712404745,1693.31787109375,85025
2013-10-07,1737.6609880212543,1784.6349556617647,1722.2535036986592,1774.4886474609375,88723
2013-10-08,1773.7372073181496,1788.3930638488869,1565.548583463504,1609.8919677734375,125650
2013-10-09,1570.8096816451462,1677.1587123045595,1469.345898380986,1623.4205322265625,128520
2013-10-10,1612.8984630441876,1664.7576859432106,1534.3578845346813,1558.0328369140625,94575
2013-10-11,1490.0143573953449,1519.3260693727266,1432.8939628907772,1452.4351806640625,150165
2013-10-14,1494.1482395367925,1506.9251379695993,1431.7667769736092,1468.2186279296875,99970
2013-10-15,1438.9067477809788,1589.599279220418,1421.6203024226859,1583.96240234375,134623
2013-10-16,1564.0455867648109,1574.1918970047884,1480.2439428426196,1492.6451416015625,107008
2013-10-17,1653.4837054789846,1817.3289319584105,1625.299324135593,1721.126220703125,183090
2013-10-18,1731.6486296236646,1783.1321539131486,1682.419993832806,1702.3369140625,74143
2013-10-21,1716.9925697161395,1823.717409181327,1709.8525490412678,1810.564697265625,71608
2013-10-22,1936.455082365648,2072.1160585824555,1925.93295793192,2051.447509765625,134800
2013-10-23,2007.8552468296677,2050.6955974879406,1836.1184882453815,1862.048095703125,99398
2013-10-24,2007.480228562621,2093.1607296108227,1992.0726241726036,2062.7216796875,95888
2013-10-25,2025.5184265390085,2141.2622907539153,1972.907558317216,2105.93798828125,97328
2013-10-28,2126.6064900644496,2249.8661894906595,2048.06588988075,2155.918212890625,108923
2013-10-29,2122.4719285656206,2149.153282577234,1955.9962158203125,1955.9962158203125,103515
2013-10-30,2083.013855891355,2123.223623483443,1836.1187175099806,2072.867431640625,153715
2013-10-31,1893.99075755144,1948.8562710836668,1809.4375987321794,1812.8197021484375,120180
2013-11-01,1721.5019793499805,1728.2661847791794,1579.076933200981,1593.7327880859375,154973
2013-11-04,1648.222746439793,1739.9159165116737,1635.4458490390678,1736.5338134765625,96128
2013-11-05,1691.0629480907946,1709.8525364029147,1605.7581712807519,1658.3690185546875,90465
2013-11-06,1715.1137600752595,1747.431877958969,1697.075799466125,1723.3812255859375,81043
2013-11-07,1647.0954899784933,1747.431951108729,1583.962510521138,1598.2425537109375,94213
2013-11-08,1538.1157754348906,1626.0511474609375,1465.5880046667137,1626.0511474609375,157593
2013-11-11,1571.185496371524,1630.9363680239078,1510.6829952663845,1623.4205322265625,101988
2013-11-12,1572.312960935106,1627.1785899053798,1496.0272669118744,1520.4537353515625,147278
2013-11-13,1552.3957432090624,1575.31906291067,1512.18598005956,1540.370361328125,94975
2013-11-14,1607.636958495052,1672.2731812617792,1582.083166991481,1661.375244140625,166758
2013-11-15,1681.6683279465403,1693.6937115836504,1581.3318701044166,1588.09619140625,93725
2013-11-18,1562.9180728558892,1576.070785852459,1473.8554850886499,1489.638671875,150020
2013-11-19,1503.1671103231147,1530.9756789275825,1465.587932565037,1497.1544189453125,85783
2013-11-20,1441.161163884943,1482.8740653589264,1298.3603184413244,1343.455322265625,256228
2013-11-21,1300.2394925311464,1303.245780744906,1225.832769756428,1276.1888427734375,198215
2013-11-22,1293.0992766303534,1332.5574055573672,1230.71783081876,1234.8515625,127780
2013-11-25,1164.9546974246857,1256.272068156239,1109.3375512916311,1223.5782470703125,214653
2013-11-26,1187.8777876605573,1206.2915611402072,1124.7447025670567,1132.6363525390625,149345
2013-11-27,1167.9606414566388,1182.2407958898807,1119.859346281327,1156.6868896484375,119320
2013-11-29,1203.285299854159,1248.0044977870295,1189.7567731252318,1225.0811767578125,97243
2013-12-02,1149.9230062352158,1162.699905590205,1005.2431508755562,1007.4979248046875,256428
2013-12-03,984.9502584876875,1020.2746621600337,955.2626740605871,955.6384887695312,210945
2013-12-04,987.2050327304684,1069.1275933039371,959.772164514547,1038.3126220703125,268903
2013-12-05,959.020627221552,1018.0199262056086,946.2437294231668,966.1607055664062,172473
2013-12-06,1010.1281718790655,1027.4146152086523,958.2689565728452,962.7785034179688,133810
2013-12-09,978.9375050779156,1035.306267366471,974.8037729069134,1030.4210205078125,141125
2013-12-10,1138.6491796318157,1181.4894228596693,1128.50275493039,1149.547119140625,204308
2013-12-11,1154.432026691164,1154.432026691164,1027.0385620618995,1029.2933349609375,168180
2013-12-12,951.8806834432501,1005.2431099617485,928.5816022694022,998.1030883789062,158535
2013-12-13,1031.9241526032629,1060.1085334208183,999.981854343367,1009.3766479492188,127083
2013-12-16,1033.4273954630678,1078.8982237999528,1008.6251150354442,1048.083251953125,116338
2013-12-17,1017.6442606239854,1046.9560930623181,996.2241944740254,1022.15380859375,112280
2013-12-18,1041.3190195815737,1092.8024233596939,971.0459125852683,975.9312744140625,247933
2013-12-19,921.4413559569488,944.7404328983042,907.1612580440953,926.32666015625,166320
2013-12-20,945.1162029227826,964.2816041292942,927.454003044169,930.0845336914062,138373
2013-12-23,930.0845360255826,943.2372466360454,916.9318254151199,933.0908813476562,76728
2013-12-24,939.4793082471775,1024.7840753090343,939.4793082471775,1015.3892822265625,89085
2013-12-26,1056.726601284959,1077.770850613973,1005.2430781390218,1030.796875,127815
2013-12-27,1049.586696070326,1053.7204297699566,1018.7718301003,1052.21728515625,97560
2013-12-30,1025.9115718348535,1043.1980168608886,965.7848863060708,970.29443359375,88605
2013-12-31,948.8742409712895,1040.9432267288998,948.8742409712895,1030.0452880859375,137180
2014-01-02,1099.1908607110138,1173.97339547758,1097.6877166585152,1153.6806640625,195885
2014-01-03,1183.3684203894495,1195.0179897670876,1130.3817507368492,1131.885009765625,114420
2014-01-06,1160.820860247178,1198.0242259267834,1141.279755238146,1151.8018798828125,101068
2014-01-07,1113.8469132586786,1158.1904161002772,1087.9173010408492,1153.3050537109375,97283
2014-01-08,1107.4584925835125,1127.3754123282893,1081.528766353916,1101.44580078125,118563
2014-01-09,1091.2990627520549,1096.1844236118282,1046.2040592112053,1046.9556884765625,117155
2014-01-10,1104.8276295215915,1163.0753446834442,1091.6749196463345,1152.55322265625,146013
2014-01-13,1164.2027716940615,1257.7750072664971,1134.5152469908664,1254.01708984375,138385
2014-01-14,1225.0813619063904,1277.6922179391802,1157.0630179560562,1165.706298828125,155013
2014-01-15,1139.4005951894003,1214.5589427696368,1128.5025430442363,1210.801025390625,110285
2014-01-16,1241.2403698176101,1259.2784464845975,1213.0559825403477,1246.125732421875,80048
2014-01-17,1293.099478624792,1371.6399341070135,1284.4561992715771,1358.863037109375,160568
2014-01-21,1313.7682211786998,1446.7985020687704,1294.6028154875103,1428.0089111328125,158480
2014-01-22,1403.206445610519,1403.206445610519,1300.2395236134757,1322.035400390625,122125
2014-01-23,1396.8181419917946,1475.7344186086746,1391.932779867884,1423.499267578125,155435
2014-01-24,1479.4924400333628,1509.555785609392,1319.0292871482818,1414.856201171875,181523
2014-01-27,1388.9263324613296,1404.3338171647526,1276.1888073375617,1281.82568359375,136648
2014-01-28,1300.2393728371962,1380.2829646561836,1265.290788168632,1359.990234375,113673
2014-01-29,1423.4993015034956,1473.8554947670843,1352.8504885310101,1469.345947265625,164638
2014-01-30,1338.5703419754097,1397.9453962663933,1331.0545065116119,1372.3916015625,112903
2014-01-31,1417.48689988906,1420.8690035925629,1316.3988007913827,1372.767578125,133743
2014-02-03,1407.7158980394076,1461.078256956689,1342.703857421875,1342.703857421875,123795
2014-02-04,1327.296460247803,1390.053611483748,1316.3984081345966,1386.6715087890625,96345
2014-02-05,1424.6265473951362,1430.6392383325249,1319.7806720662902,1320.1563720703125,87980
2014-02-06,1350.5954759735916,1367.5061040901621,1300.6152209687423,1316.022705078125,80085
2014-02-07,1325.4175193865774,1444.1676180659183,1325.4175193865774,1435.9002685546875,148218
2014-02-10,1496.7785792083612,1595.9876985771668,1496.7785792083612,1578.325439453125,147425
2014-02-11,1637.3250306744133,1788.017461054907,1629.057564634844,1762.8394775390625,190440
2014-02-12,1765.094100023145,1766.2214295306749,1575.3192442969766,1608.0130615234375,155608
2014-02-13,1598.2422103698261,1798.5392748476845,1578.7011088702423,1789.89599609375,137375
2014-02-14,1908.6464002534033,1963.5120222814128,1831.984901171653,1889.8568115234375,193823
2014-02-18,1935.3275243873984,1949.6075651020947,1837.621668787258,1913.9073486328125,119270
2014-02-19,1879.3349904182885,1940.5891283539092,1723.381378839617,1750.0626220703125,125720
2014-02-20,1771.482421721545,1967.2699613459733,1757.202380005043,1943.9708251953125,134978
2014-02-21,1955.620428722525,1989.4416874327255,1858.2902702438005,1918.0411376953125,123493
2014-02-24,1995.4542818509615,2010.1102525032481,1954.1171875,1954.1171875,88920
2014-02-25,1947.728963868186,1972.9070617675782,1868.0611665644424,1878.9591064453125,103870
2014-02-26,1819.9596576943084,1869.5642216079852,1757.2024953463485,1816.953369140625,114958
2014-02-27,1837.245830499397,1902.2578716231799,1785.7624299039878,1801.1697998046875,107975
2014-02-28,1818.4562067529052,1838.3732377805595,1751.5653229121954,1781.628662109375,109618
2014-03-03,1940.9642943725794,1953.741304997343,1847.392176108937,1866.1817626953125,124350
2014-03-04,1794.0298485638602,1859.0418921889639,1766.2212811168276,1823.3416748046875,76758
2014-03-05,1837.6214436607474,1907.8945386062655,1803.8001900964393,1899.6270751953125,87478
2014-03-06,1948.4806559067572,1984.1808800747692,1917.665679699236,1970.6524658203125,95363
2014-03-07,1868.0609027593075,1877.0798822600839,1806.0552610029683,1836.8701171875,131235
2014-03-10,1835.7427736248128,1852.2775883627135,1768.4760705677004,1794.781494140625,92715
2014-03-11,1847.7682591906369,1862.0483011976382,1785.3867997256082,1817.3291015625,88083
2014-03-12,1910.149587788637,1989.8174916857124,1886.4747513243203,1980.0469970703125,139300
2014-03-13,1969.5248320538328,2145.395586875515,1949.6079115156015,2139.007080078125,137700
2014-03-14,2227.31709675075,2235.960258600067,2094.286764409043,2164.935546875,123665
2014-03-17,2121.3445639657557,2140.885782084341,1950.3593068170544,1955.6204833984375,119360
2014-03-18,1861.2965400526998,1963.5119445713453,1833.112158073207,1869.9398193359375,140878
2014-03-19,1823.3415476044504,1846.2647517375674,1656.4899251970944,1660.6236572265625,220208
2014-03-20,1618.1594170681547,1725.2600736699937,1606.509849027585,1657.6175537109375,125878
2014-03-21,1738.7884193615268,1754.9474182388915,1627.5540418642674,1671.5216064453125,92375
2014-03-24,1591.1022826526291,1614.0256028590804,1432.5182293651744,1444.9193115234375,191615
2014-03-25,1480.6196275348757,1513.3135585844277,1443.0404491710462,1461.4542236328125,105673
2014-03-26,1470.8490852646642,1490.0144900402813,1286.3352881516641,1293.099609375,183300
2014-03-27,1286.3351175274672,1352.850303313392,1252.5138599446325,1339.32177734375,145533
2014-03-28,1319.0292002548376,1428.7604502516238,1288.9658566592857,1385.1685791015625,154203
2014-03-31,1362.996845094307,1399.072764576621,1277.6920643375722,1302.1185302734375,137283
2014-04-01,1319.4048077649318,1348.3407026215416,1285.5835515317908,1316.022705078125,137863
2014-04-02,1384.792771484375,1446.79841796875,1383.289627233386,1409.21923828125,171360
2014-04-03,1382.1620227839549,1388.1747137733485,1331.4301360877364,1376.525146484375,149235
2014-04-04,1474.2310011417835,1478.7405480507875,1388.5505273310443,1409.970703125,129103
2014-04-07,1396.0665518744388,1474.6070159747396,1375.398002654225,1411.849853515625,132833
2014-04-08,1484.0018016631727,1523.8357555714658,1447.1742509773783,1513.6893310546875,124925
2014-04-09,1469.3456858270852,1601.624422598088,1447.549811040772,1550.5167236328125,142205
2014-04-10,1580.9561336625209,1595.2361760557221,1454.314252375888,1460.7027587890625,133050
2014-04-11,1471.9766460291712,1501.2883629368903,1382.162306788271,1396.066650390625,104405
2014-04-14,1460.7026944479387,1501.288160806998,1422.3718870223997,1444.5435791015625,120993
2014-04-15,1323.914205718155,1369.0092128685778,1277.6918692619847,1359.990234375,144563
2014-04-16,1359.9902638238477,1369.00924251272,1302.4941743350678,1323.1627197265625,83078
2014-04-17,1322.4113271294025,1349.4683827224437,1279.9468994140625,1279.9468994140625,77533
2014-04-21,1282.5773959082346,1310.7617815319072,1198.024239037217,1269.4246826171875,110273
2014-04-22,1279.5708556007207,1324.6658637276184,1244.2464555044915,1323.1627197265625,83903
2014-04-23,1324.6658313022401,1431.7664729819955,1315.2710381724369,1400.5758056640625,126268
2014-04-24,1340.8250603087695,1412.9771298328287,1324.666059218277,1343.079833984375,86975
2014-04-25,1371.6401257555126,1433.2699605241796,1356.6084531444933,1430.263671875,96315
2014-04-28,1403.206637567233,1406.9645557796157,1328.0482733195765,1351.347412109375,98325
2014-04-29,1340.073639866746,1421.620395194579,1337.0672365267992,1397.945556640625,83663
2014-04-30,1353.226546611959,1405.4615935979336,1334.0611383081991,1367.506591796875,82835
2014-05-01,1322.035569152087,1350.2199554871875,1300.9913191012613,1315.2713623046875,86390
2014-05-02,1329.1756402904666,1408.4676182142214,1316.0229273120638,1400.9517822265625,115070
2014-05-05,1447.549676570614,1457.6959836772032,1393.4355799387017,1415.2315673828125,62863
2014-05-06,1414.4804271497085,1420.117304607544,1385.5445250090247,1396.066650390625,38848
2014-05-07,1377.276707323212,1379.1556659962312,1279.9466709973146,1310.010009765625,113305
2014-05-08,1311.13728182125,1339.6974753400405,1296.4814277484263,1305.876220703125,65498
2014-05-09,1319.028948709239,1333.3089883208274,1262.2843755576057,1296.4814453125,64818
2014-05-12,1344.9585588246666,1359.2387131628045,1316.3983648309236,1328.799560546875,61300
2014-05-13,1325.7933902870056,1356.6083629641998,1298.7364501953125,1298.7364501953125,47805
2014-05-14,1345.33465383386,1361.1179554222524,1334.0608997514535,1348.3409423828125,81780
2014-05-15,1310.761771682124,1330.67880618272,1260.7815074247471,1277.692138671875,131933
2014-05-16,1258.9026450534602,1270.1764000837898,1229.9666279359212,1243.8709716796875,100690
2014-05-19,1274.6856700143344,1281.4498756845205,1220.9473806115875,1241.2401123046875,87275
2014-05-20,1222.4505471583943,1260.4055377850884,1217.9411148562153,1237.8580322265625,69715
2014-05-21,1222.0751099292947,1254.3931164331905,1211.5528695965138,1253.6416015625,83508
2014-05-22,1277.692236770676,1277.692236770676,1240.1130533362443,1243.8709716796875,72155
2014-05-23,1243.4947332290692,1254.7684844182402,1225.080962556595,1226.5841064453125,78633
2014-05-27,1177.7315375893127,1180.3621261948456,1086.7899862178513,1088.6689453125,165918
2014-05-28,1073.2614284024105,1085.662512214392,1016.141027616636,1029.6695556640625,133793
2014-05-29,1016.8924251579513,1087.1654085344665,1015.7649811796717,1054.847412109375,130203
2014-05-30,1045.0766697972417,1092.4264437241995,1015.3891504460796,1090.5474853515625,102935
2014-06-02,1069.8792714948383,1099.9426146805586,1044.7011757037765,1062.7391357421875,91580
2014-06-03,1065.369669399274,1082.2802990722782,1024.0325746430412,1077.770751953125,91745
2014-06-04,1078.8980845203328,1083.7833311588442,1056.3505806209844,1063.4906005859375,59588
2014-06-05,1091.6752067301682,1133.0123057801916,1082.2804114915264,1117.22900390625,112935
2014-06-06,1112.7196735915356,1119.4838809139792,1071.0067559496158,1114.5986328125,95463
2014-06-09,1112.71957843683,1133.0123133513878,1097.6879059545563,1098.063720703125,43815
2014-06-10,1115.7255449175284,1169.0880126953125,1114.2224010398147,1169.0880126953125,73415
2014-06-11,1182.2409474476242,1225.0811868742,1174.7251119453285,1223.953857421875,85243
2014-06-12,1239.7371774715336,1324.6661507845897,1235.2277444911651,1322.411376953125,160615
2014-06-13,1316.0231407520514,1338.570652371909,1267.9217138201439,1335.9400634765625,104960
2014-06-16,1351.3473455392664,1364.1242438954396,1307.755473486537,1317.1502685546875,76918
2014-06-17,1277.6918342424153,1344.5827138091531,1267.9212266911143,1340.4490966796875,83738
2014-06-18,1339.69775378377,1446.798415727213,1324.6660819320587,1441.537353515625,129545
2014-06-19,1515.192744301225,1680.541153851921,1512.9379703253837,1677.158935546875,233465
2014-06-20,1640.7068882383887,1673.4007033686828,1590.7265140955694,1630.936279296875,134915
2014-06-23,1636.5732896669717,1716.9927119632348,1606.885760391384,1711.3558349609375,106488
2014-06-24,1732.3998806939892,1763.2148485229484,1556.905096364556,1559.9114990234375,125375
2014-06-25,1556.905511320908,1647.0955508397458,1553.5234077754649,1608.3890380859375,93928
2014-06-26,1575.6948672465999,1650.1017075318468,1546.7589693711277,1646.7196044921875,82990
2014-06-27,1640.33127265897,1680.9167428104975,1597.4910286806773,1644.8408203125,72930
2014-06-30,1607.2614565863655,1751.9412889746372,1586.9686091287256,1737.6611328125,99930
2014-07-01,1746.680064753879,1776.367705712377,1680.540806355695,1700.0819091796875,80520
2014-07-02,1690.6870590989445,1782.7560377828045,1690.6870590989445,1741.4189453125,93340
2014-07-03,1685.8017999540357,1743.6737060546875,1638.4520168962151,1743.6737060546875,64685
2014-07-07,1686.1777181552052,1699.7061301315118,1649.3500558792953,1662.126953125,79078
2014-07-08,1709.8526975015368,1737.6612678870285,1627.1785011388251,1735.406494140625,120240
2014-07-09,1766.9728343477711,1887.22619298493,1761.3359581616542,1868.060791015625,134463
2014-07-10,1968.7732160094895,1999.9638876997196,1756.8265615444986,1765.4697265625,141233
2014-07-11,1782.3805523620883,1909.0224412891366,1776.7436750748172,1899.2518310546875,93670
2014-07-14,1731.6486809334674,1817.7051004656917,1715.1138635966543,1750.8140869140625,116880
2014-07-15,1760.5841679368582,1806.0549879534835,1584.3378782239754,1599.745361328125,153055
2014-07-16,1623.4206460393395,1713.6106819304139,1623.4206460393395,1680.916748046875,97598
2014-07-17,1703.088523628281,1828.9787795965096,1692.190469425283,1819.583984375,128135
2014-07-18,1752.3172617425616,1810.5649955363458,1709.101201185883,1796.6607666015625,82723
2014-07-21,1826.3479794916254,1826.3479794916254,1720.3746557962538,1794.781494140625,72500
2014-07-22,1778.2468246932165,1796.2847850296978,1721.5022405559764,1739.916015625,68413
2014-07-23,1729.018056208146,1788.0172986839098,1713.6105698149656,1718.1201171875,62250
2014-07-24,1685.426174790112,1685.8019895158734,1611.7709611604328,1636.5732421875,73938
2014-07-25,1639.955259985573,1775.6161117797526,1627.5541774588603,1772.2340087890625,101065
2014-07-28,1740.2920233329053,1807.9345541192042,1725.2603498248388,1804.1766357421875,63165
2014-07-29,1820.7110921027424,1834.2396185099838,1740.2916777410085,1763.5906982421875,57240
2014-07-30,1733.903285765561,1739.915977306153,1653.483866122478,1707.2220458984375,99625
2014-07-31,1656.114377785343,1673.4007074751955,1585.8412708577284,1604.630859375,112628
2014-08-01,1653.4837706184342,1692.9419060536468,1600.872923371484,1646.34375,105588
2014-08-04,1640.7069896638309,1660.9997235306355,1562.1665279356578,1602.0003662109375,80773
2014-08-05,1582.0834102025924,1651.229075502965,1536.9883961350602,1627.9300537109375,108185
2014-08-06,1708.7253133520694,1756.8266165525733,1700.8336628331836,1738.412841796875,93160
2014-08-07,1713.2344364163544,1778.6221730603256,1678.6616668270005,1749.686279296875,56658
2014-08-08,1766.9734769925508,1816.5779366618997,1729.0184739320296,1753.4449462890625,56843
2014-08-11,1731.6485488652022,1793.278495111478,1729.0180751046032,1791.3995361328125,32080
2014-08-12,1822.9659784653566,1914.6591513954795,1814.698513292885,1880.837890625,87528
2014-08-13,1891.3600147694617,1925.5572049453422,1852.6535066496003,1880.837890625,62010
2014-08-14,1880.4621845284976,1917.6655505885958,1793.2785538712299,1825.5965576171875,74513
2014-08-15,1726.3873755790516,1804.1763181635902,1714.7378077243918,1763.966552734375,80223
2014-08-18,1734.6551272395236,1796.284965027814,1718.1203094937725,1794.406005859375,35490
2014-08-19,1785.0108345650337,1803.8004222972972,1724.8841538217905,1738.036865234375,42375
2014-08-20,1745.9286038247255,1789.5204725173764,1709.8525706072712,1730.5211181640625,52918
2014-08-21,1661.3752713225817,1670.3942499606653,1589.599027521623,1617.4075927734375,136705
2014-08-22,1626.802468824171,1642.9615829434,1578.7011705194634,1617.0318603515625,65160
2014-08-25,1607.6373961547818,1607.6373961547818,1531.3517008563151,1535.109619140625,77718
2014-08-26,1602.000069021662,1635.0698094499317,1577.1979070536256,1630.1844482421875,72370
2014-08-27,1632.0636338833629,1656.8659139840265,1608.3887979178714,1614.4014892578125,41165
2014-08-28,1670.0186971330504,1685.4261835085467,1645.2164159776848,1679.789306640625,46233
2014-08-29,1661.7510641453302,1732.0240483473258,1650.8530123066082,1718.871337890625,65243
2014-09-02,1626.4269587767483,1629.0575474022105,1548.2623057202093,1551.6444091796875,107148
2014-09-03,1574.1915570966537,1589.5990411888927,1545.6313622617172,1550.5167236328125,62515
2014-09-04,1573.0646336520306,1583.586759088138,1376.1497363747524,1388.9266357421875,132390
2014-09-05,1408.843834294077,1421.245036016036,1351.3477184823214,1414.480712890625,85370
2014-09-08,1388.5506599460157,1390.805433615862,1264.1635548871423,1273.558349609375,152163
2014-09-09,1272.4308928206738,1337.442819921656,1244.9980261666292,1326.1690673828125,113870
2014-09-10,1284.4564229384669,1311.513480442396,1231.094052142613,1253.2657470703125,149275
2014-09-11,1226.960101750448,1286.3351542163493,1202.5336372439306,1275.0614013671875,129910
2014-09-12,1240.112701776729,1267.5454520339279,1204.4124876346716,1215.3104248046875,153553
2014-09-15,1240.1129009756623,1241.2402304671648,1198.0241748271037,1223.2022705078125,97668
2014-09-16,1226.9604546914495,1270.9281493237145,1184.1202044779418,1231.845703125,121580
2014-09-17,1240.8646513736965,1246.877228824499,1140.904003039492,1148.795654296875,146038
2014-09-18,1137.146042095901,1151.426085029241,1096.5604577314368,1104.0762939453125,156078
2014-09-19,1099.1909702581747,1104.4520323075155,1012.7588597763353,1033.80322265625,190483
2014-09-22,1017.6441620519782,1018.3957915349903,949.2501223525209,968.41552734375,211813
2014-09-23,1011.2559814453124,1031.5487202180027,977.4347119299681,1011.2559814453125,144750
2014-09-24,994.7209432222988,1022.1536988250969,968.7912172045876,969.5428466796875,125983
2014-09-25,944.3649069661536,992.8420888119225,925.1995001576174,987.9567260742188,161488
2014-09-26,972.9248933407638,972.9248933407638,934.2183859590292,943.2373657226562,132905
2014-09-29,960.1480384433393,966.160730113742,911.2951049804688,911.2951049804688,117430
2014-09-30,903.4033955523809,925.1993297628801,853.7988931934586,859.8115844726562,190395
2014-10-01,876.7222015787626,919.1866826065917,865.8242059595948,868.0789794921875,146698
2014-10-02,886.8687164905506,902.2762044169417,845.5316152981944,892.8814086914062,148120
2014-10-03,845.9071161912005,847.4102600130341,770.3729636482127,773.7550659179688,258488
2014-10-06,798.5575224206373,836.1366999463143,782.3984646163412,829.3724365234375,139493
2014-10-07,838.0156044798755,843.276666055797,744.0676667579164,744.4434814453125,220803
2014-10-08,773.3794412648035,930.0845912276285,709.4948430794715,904.9065551757812,324515
2014-10-09,903.4034440525396,904.9066456236768,758.3478469024915,823.735595703125,246973
2014-10-10,807.2007163509923,862.4420939040425,754.9656270213218,766.2393798828125,195908
2014-10-13,806.0733345506155,875.2189962562105,792.9206227980413,804.5701904296875,187885
2014-10-14,826.366092824724,876.7222252340387,817.3471131335532,832.3787841796875,162665
2014-10-15,850.0409519844917,898.5181235622896,813.2133479351722,841.02197265625,214308
2014-10-16,827.493479621439,879.3527561988573,816.9712984208901,832.3787841796875,146235
2014-10-17,838.7672333226253,841.0220069171751,753.4625115617002,755.71728515625,227653
2014-10-20,784.6532731782935,810.5828838902466,765.8636835779573,807.5765380859375,136063
2014-10-21,833.5061383010119,851.9199116741537,789.5385136829577,795.5511474609375,143168
2014-10-22,783.5259633120413,792.1691868456105,722.2718837287428,723.7750854492188,233150
2014-10-23,704.2338873017285,751.5836822179746,681.6863768351892,735.4246215820312,268295
2014-10-24,733.9213381341849,743.6918897475028,704.9853833181198,725.6539306640625,118233
2014-10-27,714.0045418219511,717.7624604631193,686.1959668138218,688.45068359375,121990
2014-10-28,709.8706594333822,730.5392076230827,686.571580215066,727.1571044921875,155943
2014-10-29,703.8580376767799,729.7876483806258,630.5786382583804,636.2155151367188,334160
2014-10-30,617.0501220259956,617.4259367612243,496.04517430719335,497.92413330078125,547035
2014-10-31,422.0141610890694,462.22386824007333,404.3519310352377,410.3645935058594,635278
2014-11-03,432.16055011638844,471.61868730092823,417.50466485657466,464.4786376953125,382748
2014-11-04,456.2113098844293,458.4660552416531,405.4794103290005,414.87420654296875,414660
2014-11-05,373.5370614853835,419.00786434874243,357.37800233372326,368.2759704589844,516565
2014-11-06,387.06554356327763,437.7974351953577,383.30762566460504,405.8551330566406,470753
2014-11-07,431.0332029528026,511.07687150186564,431.0332029528026,503.56103515625,641973
2014-11-10,481.01352982954546,481.01352982954546,401.72146150583444,413.3710021972656,433423
2014-11-11,432.91216459881696,487.7777931827188,430.65741941592904,462.22393798828125,469010
2014-11-12,481.0134818686758,500.9304578205557,432.53633616497075,464.4786376953125,471500
2014-11-13,483.64399722577224,488.5293017111384,434.0394949818191,444.5616760253906,403285
2014-11-14,419.0077412337273,533.62420856672,413.3708657911211,523.4778442382812,705373
2014-11-17,508.4462360332227,563.3117957056863,493.03875174626154,552.7896728515625,413943
2014-11-18,581.7257401206589,637.3429401164057,568.573026617536,633.5850219726562,532593
2014-11-19,623.8141893028051,627.572106105834,521.5988637286697,526.8599243164062,548400
2014-11-20,566.6940455444662,588.1141666639719,541.8917638221262,567.4456176757812,274300
2014-11-21,614.7953641685605,619.6806113493412,556.9233966649356,583.2288208007812,365055
2014-11-24,574.585589686939,591.8720339319366,546.0254497559396,559.1781616210938,280838
2014-11-25,565.5666968185469,629.0754923287681,562.1845933289023,627.196533203125,323083
2014-11-26,621.559493791643,621.559493791643,594.8783155678067,601.642578125,233770
2014-11-28,526.8599989302336,527.2358136002632,430.2815348832153,448.3195495605469,344925
2014-12-01,486.2744885233296,550.910713663031,478.38289638971645,542.6432495117188,420038
2014-12-02,489.2809276110028,537.3822910010293,476.8798150210554,500.1789245605469,301535
2014-12-03,521.223124247813,558.050725694563,509.57361488386573,527.611572265625,335875
2014-12-04,535.1275955188818,552.0382295290594,496.4210791019504,499.4273681640625,424350
2014-12-05,469.7397283873787,490.78409115564347,455.08384312756493,464.4786376953125,417358
2014-12-08,483.6440083265891,497.92410740339426,426.89945540568823,471.6186828613281,578468
2014-12-09,520.847388095763,567.4455421287696,513.3315531006799,537.3822021484375,477340
2014-12-10,537.0064885925631,574.2099132292271,492.6630996437329,494.9178161621094,471033
2014-12-11,475.37653452955834,526.1084176611713,466.35752734981156,477.2554931640625,428840
2014-12-12,475.0008138395962,487.4019253298407,445.31325759887693,450.95013427734375,463955
2014-12-15,429.9057554167209,455.8353911579273,358.88111096755006,359.25689697265625,545490
2014-12-16,390.82339952028923,396.08448947872756,340.84308792107566,341.2189025878906,459213
2014-12-17,351.7410903887782,400.21823437061374,343.8494689663019,391.57501220703125,620333
2014-12-18,419.3836878869359,448.6954628878478,398.71513667801247,444.1859436035156,458180
2014-12-19,441.9311412181529,463.351290543223,428.7784285112398,429.530029296875,321788
2014-12-22,428.026881232568,434.79111667195036,357.00222275989285,364.14227294921875,510150
2014-12-23,364.89380843075185,399.0908542815925,347.60739248456576,352.11688232421875,431138
2014-12-24,356.2506272349371,391.95084716936196,343.84948673682896,380.6770935058594,297063
2014-12-26,418.6321086497774,426.1479453268986,397.96355778769424,411.11627197265625,327335
2014-12-29,405.47935367917046,406.60671186495694,378.4223271607139,384.0592041015625,360878
2014-12-30,405.8551171875,438.9248048710326,403.60037227058575,422.7657470703125,510928
2014-12-31,409.613115175488,432.1606261025791,395.7088282387056,419.3836975097656,358040
2015-01-02,394.5813820578835,455.45964096427304,388.9445051713423,454.70806884765625,408268
2015-01-05,465.981841923845,492.28726848406205,442.6827612959086,491.1598815917969,505283
2015-01-06,505.0641633258647,585.8594014556346,499.0515288465561,569.3245849609375,531383
2015-01-07,530.9938614964682,586.23524843879,515.586373697141,539.6370849609375,414528
2015-01-08,547.9045561354945,576.8405185625573,500.179000269912,514.4590454101562,372380
2015-01-09,542.2674975404352,586.2351200780339,541.1401108412621,583.9803466796875,407333
2015-01-12,600.8909505989317,674.5461522802452,591.8719720564826,650.1196899414062,450298
2015-01-13,686.9473957322131,688.4505399385122,544.8980892684567,567.8214111328125,515468
2015-01-14,610.2858025922404,614.0437202371219,511.4526144048761,547.15283203125,449875
2015-01-15,617.4258601438975,654.6292206638035,606.9036796172635,637.3428344726562,520960
2015-01-16,660.2662113321155,715.8834117442846,658.0114948337523,701.9791259765625,494808
2015-01-20,748.9531520213732,789.1628676174331,742.1888874021098,775.6343383789062,463283
2015-01-21,801.9396420062969,804.1944156408657,689.9537365424118,737.303466796875,429833
2015-01-22,762.8574127210762,774.8827397784721,714.75604715021,723.7750854492188,291355
2015-01-23,703.1063684996511,712.8769193352114,646.3617928212758,662.8966064453125,384215
2015-01-26,624.1901602821072,695.2147827148438,602.7699832659819,695.2147827148438,283815
2015-01-27,714.3802134137912,766.615249118176,708.74333658204,761.3541870117188,445385
2015-01-28,725.2781564186542,747.4498491446827,648.2408392861029,674.5462646484375,433733
2015-01-29,621.5596233468065,650.871395643417,591.8720936494715,638.8460693359375,382313
2015-01-30,643.3554382294564,701.2273997682402,612.9163421286596,697.469482421875,372778
2015-02-02,654.6293562778925,734.6730275222282,651.9988249366065,713.628662109375,431418
2015-02-03,686.9474080414088,710.9980598208072,643.7313519112596,661.3935546875,450795
2015-02-04,685.0684925854226,713.2528788080159,659.5146376086819,698.9727783203125,383998
2015-02-05,682.0621181087386,724.150788308901,669.2852198244801,722.6476440429688,324323
2015-02-06,645.6102171824854,664.3998040775444,603.145739331398,605.4005126953125,631560
2015-02-09,620.4322325453802,646.7376563325522,618.5532737034393,635.8396606445312,258163
2015-02-10,612.1648363696622,615.9227544746725,585.1078374818442,596.381591796875,472685
2015-02-11,603.1457488435859,608.0310529816009,559.9296983033912,564.8150024414062,459753
2015-02-12,580.9740770730425,594.8783605614841,564.4392054224793,584.7319946289062,351348
2015-02-13,599.7636525788229,618.9289973167663,589.2414721694756,592.9993896484375,279833
2015-02-17,553.1654441698578,565.5665833799989,532.1211405883876,537.3822021484375,441355
2015-02-18,541.5159582115926,581.3498510373347,522.3505551924816,572.3308715820312,427345
2015-02-19,573.4583230194311,579.0952001499971,523.8537583974263,534.0001831054688,412850
2015-02-20,541.8917236775479,562.5602711345654,524.2295218643515,525.732666015625,394435
2015-02-23,517.0896030159503,547.1529506949872,507.3189920837492,532.1212768554688,370685
2015-02-24,515.5863076424874,539.6370158250129,506.9430852853498,521.5989990234375,350335
2015-02-25,537.7581283936607,561.8087824307729,532.4970084009109,551.6624145507812,417638
2015-02-26,575.7131335512735,579.4710522524454,558.4267419306561,563.6878051757812,336530
2015-02-27,579.4708678577027,605.0247183623803,575.7129503523463,588.8656616210938,339983
2015-03-02,592.9994227709531,595.629953684903,537.0064148021193,546.0254516601562,471628
2015-03-03,552.0381191691845,569.3245645269764,510.3252646878157,518.2168579101562,496243
2015-03-04,521.5990675264277,522.3506397124338,488.5293752706215,490.7841491699219,444380
2015-03-05,502.05791118508733,515.5863827510875,483.2683195590179,494.166259765625,328038
2015-03-06,449.82282307368,450.1986378519164,379.5497601398131,387.8171691894531,1230920
2015-03-09,395.7087923419486,397.58775141542293,342.3463374528937,343.4737243652344,1054100
2015-03-10,343.4737340706279,360.7601523009188,317.5440923898712,327.6904602050781,949613
2015-03-11,329.56941354844815,360.38435988580363,307.0219044252985,357.0022277832031,1084318
2015-03-12,364.14225933619264,369.7791363269367,338.2126194446423,350.2379455566406,675768
2015-03-13,355.1232738904332,355.8748460706222,319.79883667937304,349.8621826171875,721683
2015-03-16,351.74111198604277,361.51169285525316,331.0725634020584,351.3653259277344,516428
2015-03-17,335.95782619628136,362.6390343914754,330.6967360253869,340.4673156738281,620748
2015-03-18,338.21258690939,394.5813513942883,329.193578857679,392.702392578125,1029805
2015-03-19,384.81084469454396,396.08459974221233,368.27599822383524,384.43505859375,520283
2015-03-20,399.84246152649473,431.7847629760729,395.70875766126505,423.14154052734375,677280
2015-03-23,431.4089953824505,450.9501574015975,424.2689454894641,450.5743713378906,553150
2015-03-24,455.0839127023491,456.5870857971265,435.9185345882031,444.1859436035156,418693
2015-03-25,457.33864661218786,461.4723796874724,423.5173818404212,425.77215576171875,457568
2015-03-26,446.064860408169,457.714429282481,391.95086350457507,405.10357666015625,685480
2015-03-27,395.7087144903319,409.98878343689603,377.2949134588813,390.07183837890625,534103
2015-03-30,370.90652495890663,382.9318807283322,361.8875439701391,367.90020751953125,455360
2015-03-31,370.90644794020693,377.6707109478251,349.11054351574853,353.9958190917969,472068
2015-04-01,370.5307417617504,411.8678434093636,366.0212512320856,409.61309814453125,634235
2015-04-02,400.9698478963305,417.880479265971,380.6771131892737,396.4603576660156,511465
2015-04-06,435.91845082763945,445.68903106033855,426.1478705949404,440.0521545410156,490668
2015-04-07,430.2815504735231,435.1668546545769,405.85508690952395,406.6066589355469,447508
2015-04-08,412.6193556216907,421.2625487248915,387.8170770256862,399.4666442871094,463850
2015-04-09,386.3139117546391,397.587663708522,379.92543511172516,389.6960144042969,324100
2015-04-10,410.7404072972653,422.76573221192785,409.9888065709513,422.01416015625,401505
2015-04-13,422.76576553328556,423.51733764820045,404.72774806894336,408.8614807128906,284858
2015-04-14,408.48564621220976,429.9057944981122,407.3582880944067,419.7593994140625,340658
2015-04-15,428.0268573188223,457.3385999264534,419.0078485662287,454.70806884765625,457898
2015-04-16,458.84168649439783,469.7396521586041,431.7846939983155,437.42156982421875,450103
2015-04-17,445.68896861680753,459.59327928544724,433.2878592141442,437.0457763671875,348988
2015-04-20,426.89948909050287,445.31329345703125,419.75943898870946,445.31329345703125,308033
2015-04-21,444.5617309490803,460.3449757937528,433.6637625226919,453.2049255371094,297690
2015-04-22,441.17952726409,447.94376166949337,409.6130140269672,409.9888000488281,506038
2015-04-23,412.99510791197133,444.9374042587564,411.4919352909372,437.42156982421875,425365
2015-04-24,428.0268563583075,441.17956906405493,411.4920117940974,411.8677978515625,418320
2015-04-27,426.8993828515911,461.8480238431467,423.1414656985478,437.0457763671875,561648
2015-04-28,445.3132697967735,488.52932551544774,444.5616976873127,485.5229797363281,545125
2015-04-29,485.52301744691937,512.955831632519,476.87982283425015,502.0578918457031,504050
2015-04-30,461.0965038995968,466.73338061558525,439.6763838470959,458.4659729003906,455275
2015-05-01,443.81006857101227,467.10917519500174,441.5553237159517,466.3575744628906,258638
2015-05-04,488.52933111373466,493.7903932815256,468.23656854872877,476.8797912597656,352025
2015-05-05,491.1598974859881,497.54834696051853,455.0838884843798,463.72711181640625,357868
2015-05-06,470.8671334893116,472.74609247582816,425.39630307909914,428.40264892578125,527358
2015-05-07,416.7531185632803,436.67006707770906,400.5940594379879,436.2942810058594,407565
2015-05-08,443.81005224347126,450.950101247348,422.76571991938874,444.93743896484375,343165
2015-05-11,443.0585262675852,457.33859708918135,432.912130732375,447.1922302246094,284350
2015-05-12,455.4596147946036,469.3639275182116,451.7016970861642,466.7333679199219,320493
2015-05-13,486.65029826917146,507.3188437555069,484.7713395885955,499.8030090332031,570683
2015-05-14,515.2106044284666,533.2485657849196,495.29362664432887,503.56103515625,453708
2015-05-15,490.40825813999965,514.0831510357026,481.76503599188294,497.54827880859375,285405
2015-05-18,505.8157314333524,510.7009784358616,490.7840610471164,498.2998962402344,252435
2015-05-19,478.3829920257152,478.3829920257152,444.5617286712994,445.6890869140625,492140
2015-05-20,448.69538836198313,464.85441760264746,447.19221551687457,449.44696044921875,223185
2015-05-21,444.56174205974673,451.7017638241961,436.6700907695388,440.4280090332031,255000
2015-05-22,439.67638964890835,447.5680114212997,432.16055392841423,433.6637268066406,267085
2015-05-26,408.86145864087376,409.61303071521576,391.1992281874686,394.58135986328125,538740
2015-05-27,398.33923621109227,406.60664285288027,390.0718295693043,404.3518981933594,243353
2015-05-28,399.09088719510316,417.88047752765306,388.1929477387359,415.625732421875,386610
2015-05-29,417.88049257116137,428.0268889183877,408.4856970666781,413.3710021972656,314953
2015-06-01,429.15426200060085,435.16695426767603,406.23096591196185,409.61309814453125,316780
2015-06-02,417.12891034952145,431.7847967175515,413.7467783152622,427.6510925292969,336940
2015-06-03,416.7531466774238,423.51738243895176,397.58776901379906,402.0972595214844,341285
2015-06-04,388.9445248772116,390.44769785724185,380.3013017450176,383.3076477050781,372398
2015-06-05,367.5244214234395,377.6707893711236,358.1296256679389,367.90020751953125,533833
2015-06-08,370.90642227489616,378.4222567985669,361.1358431282509,377.6706848144531,304510
2015-06-09,382.5560775414886,390.44769988942136,363.3906721199718,364.14227294921875,312885
2015-06-10,379.5496953565865,385.1865720202982,370.5306869605203,374.2886047363281,302670
2015-06-11,366.397008895874,369.02754005558864,355.4990408458689,360.7601318359375,385083
2015-06-12,358.12957367127234,363.0148495524569,347.98317852609733,352.11688232421875,345198
2015-06-15,348.35898103243176,366.0212125255725,343.84949097964267,352.8684997558594,391823
2015-06-16,344.2252723839078,347.2316181588708,337.0852226713493,339.3399963378906,442028
2015-06-17,334.0789066671475,367.5243816735348,332.9515198301644,364.5180358886719,636505
2015-06-18,383.3076002668626,385.1865590917002,374.66437820435533,379.5496826171875,552865
2015-06-19,376.1675393532968,378.4222841391742,346.8557997956191,355.4989929199219,427920
2015-06-22,340.84314614405395,347.2316238529523,335.95787001792553,336.7094421386719,412743
2015-06-23,332.9514950525481,346.1042067089066,332.57570902506507,338.21258544921875,340480
2015-06-24,334.45469162123527,344.2252723839078,331.8241605711213,339.3399963378906,394870
2015-06-25,336.3336608376466,342.3463239006164,327.69043797356323,329.56939697265625,421768
2015-06-26,326.56305471643515,331.8241452442936,321.3019641885767,323.9324951171875,337788
2015-06-29,327.31464741052906,329.94520717549847,313.0345764160156,313.0345764160156,470700
2015-06-30,309.2766388129648,319.79879119217674,300.6334166169721,304.7671203613281,565080
2015-07-01,301.38501994587676,302.5124068433626,279.5891121831488,281.09228515625,572435
2015-07-02,285.60178008871395,298.3787075636529,284.85020792515763,296.12396240234375,399615
2015-07-06,291.61445242662546,317.16830816670057,285.60178892032576,307.02191162109375,497113
2015-07-07,287.85650526914316,288.6081060511691,263.05425287505165,265.6847839355469,729630
2015-07-08,272.82477604634795,277.3342937740244,258.16889360500596,258.5447082519531,419120
2015-07-09,269.8185546901481,272.8248722311821,254.03528008481086,261.5511169433594,447043
2015-07-10,263.0542489510995,263.8058210512761,247.27100548228867,253.65945434570312,613528
2015-07-13,243.13719958109553,254.78676431439914,236.7487526446503,254.41094970703125,526420
2015-07-14,254.03522379326233,260.79948693532293,249.1499481201172,249.1499481201172,430743
2015-07-15,243.1372642677761,244.64043708527922,231.11193906902466,233.36668395996094,593290
2015-07-16,231.11190455969952,231.8634908562252,223.97185624567985,225.85081481933594,479578
2015-07-17,220.58977148260382,220.96555751783856,193.15697518623574,195.78750610351562,789028
2015-07-20,168.3547253230402,170.60948474820663,132.65450394344225,135.28504943847656,1973423
2015-07-21,140.9218908877205,154.07460070390775,139.79451862768195,141.67347717285156,1589340
2015-07-22,133.40609245887418,146.9345918755053,128.52080179927518,140.546142578125,1260128
2015-07-23,146.1830320366905,147.68619080107686,124.38709376753746,127.76922607421875,1338313
2015-07-24,121.00496560440902,141.2977147293557,114.99229521498411,140.546142578125,1831528
2015-07-27,135.28506202319863,148.8135624913901,121.38076111486123,125.13867950439453,1439055
2015-07-28,129.27235412597656,131.90288463081365,123.63547846935519,129.27235412597656,756975
2015-07-29,128.89658590348455,138.66718140856634,124.01129531860352,135.28504943847656,1353853
2015-07-30,127.01761432043634,131.52711838942307,120.25336538461538,122.13232421875,897705
2015-07-31,131.52709865449867,134.90922978259795,124.38705042198517,129.27235412597656,754168
2015-08-03,126.26603325639985,127.01761968888343,113.48912124545447,116.11965942382812,821900
2015-08-04,120.6291565157513,122.50811542930083,113.48912124545447,116.11965942382812,535150
2015-08-05,119.87759117736009,122.13234356909074,108.60383638636709,110.10700225830078,923285
2015-08-06,113.4891219593019,125.51446194872204,111.2343698153282,117.99861907958984,1242283
2015-08-07,118.37442779541016,130.39976935915092,116.49546862405444,118.37442779541016,1118598
2015-08-10,123.63553100268356,142.04932403723242,117.62285247961525,140.9219512939453,1503218
2015-08-11,146.93456365107687,148.8135223388672,131.90289414875423,148.8135223388672,1509440
2015-08-12,157.83251676816928,179.6284328833771,156.70514451545984,178.12527465820312,1899585
2015-08-13,163.09365418688685,169.1063175201416,146.55880851745604,150.3167266845703,1079638
2015-08-14,157.45674204219537,159.71148670866145,140.92190003705423,144.3040313720703,888375
2015-08-17,154.07464735988017,163.09365684190374,152.19568824573528,160.08731079101562,998853
2015-08-18,151.44409958255423,157.08097684494697,143.92826323269725,152.57147216796875,858320
2015-08-19,156.70516534573545,167.97891804204278,155.9535789655847,164.59678649902344,1224093
2015-08-20,181.88321107433234,193.1569634714525,177.37370724842077,185.64112854003906,1558598
2015-08-21,197.29065841168446,197.6664444078657,165.7241473316882,170.6094512939453,1514798
2015-08-24,162.3421081382766,178.12537124004248,127.39346334278879,131.15138244628906,1160308
2015-08-25,139.79453748534885,140.17032351094824,114.24069352334648,116.8712387084961,1179740
2015-08-26,112.36175201273254,112.36175201273254,98.08166581304724,100.33641815185547,1714845
2015-08-27,101.46378834547801,119.87758553760683,99.20903605982429,117.62283325195312,1306858
2015-08-28,116.49545733144085,132.65450177164135,116.11966410006555,128.5207977294922,1514705
2015-08-31,120.25338137860169,125.13867213004335,111.23437920873857,124.76288604736328,1005530
2015-09-01,128.52079199159948,132.27870980225842,113.8649067959021,114.61649322509766,1071983
2015-09-02,114.99229300544458,119.12600426672503,105.22170470632527,111.98595428466797,1283673
2015-09-03,106.34907555215268,122.1323338736586,105.59749625967983,105.9732894897461,1173440
2015-09-04,104.09433072008265,107.10066223144531,98.83323982370845,107.10066223144531,1173695
2015-09-08,109.73121616606255,114.61650704176208,105.22171138260126,110.10700225830078,975113
2015-09-09,104.84590745299067,109.35541177753933,99.58482385279027,100.71219635009766,1069165
2015-09-10,105.22170869609705,106.72487452965214,99.20903819421663,99.96062469482422,837703
2015-09-11,97.33007965693648,102.96695694016825,88.68687068971181,101.83958435058594,1425738
2015-09-14,98.833251953125,104.84592288142149,95.07533351889728,98.833251953125,799340
2015-09-15,98.45745886126913,103.71854286254197,96.57849977741026,99.96062469482422,701090
2015-09-16,105.22169915877284,117.62282512113586,105.22169915877284,116.11965942382812,1573068
2015-09-17,113.11333137148179,130.775541380134,111.23437240241286,126.26603698730469,2022548
2015-09-18,136.03661074681546,138.29135541953536,124.01127237656954,131.90289306640625,1517840
2015-09-21,126.26601844793544,128.8965634854585,119.12598401502103,119.50177001953125,984730
2015-09-22,110.85858695290305,111.61017346032578,101.8395847021311,103.3427505493164,1154628
2015-09-23,109.35541177753933,110.48278427484672,99.9606170744459,100.71219635009766,781620
2015-09-24,108.97961876883065,123.25970387837222,107.10065982454046,121.38074493408203,1755843
2015-09-25,115.36807284190135,119.5017764554068,113.48911404752289,116.49544525146484,999935
2015-09-28,107.47646125169811,109.35542033942829,99.58483164969935,100.33641815185547,982945
2015-09-29,102.96695694016825,107.47646163381769,98.83324549893292,101.83958435058594,639530
2015-09-30,97.33006762766917,108.60382080078125,96.57848838339056,108.60382080078125,1113303
2015-10-01,110.18215164225506,114.95470909380755,99.77271734269367,101.46378326416016,1709475
2015-10-02,113.1509410414422,125.62723071635877,111.68534778776984,125.55207061767578,2095250
2015-10-05,128.33290536080284,143.28941727201885,127.8443720071925,141.8614044189453,1508525
2015-10-06,153.360659044373,160.31280253065034,144.83018233477148,157.64468383789062,1608525
2015-10-07,158.09560049177495,162.15415859140367,148.2874327529909,155.916015625,1115250
2015-10-08,147.98679443310672,171.6992445664076,146.78426198587042,149.86575317382812,1219250
2015-10-09,165.34836071855742,174.44251367712602,162.49234988641265,173.95399475097656,1129050
2015-10-12,185.45323629027254,185.67871651727833,154.07462863222696,159.14781188964844,1171550
2015-10-13,159.59879142147685,169.82031923382993,156.02876624472438,161.8159637451172,848550
2015-10-14,172.07503765091158,195.52443371732755,170.57186498766984,192.36778259277344,1600300
2015-10-15,182.63478865011464,197.66645896980532,178.61381798642282,192.7060089111328,1278850
2015-10-16,191.24044711913115,195.78752451554706,175.2692954193016,175.6450958251953,1044000
2015-10-19,173.54064496476317,176.81002943336864,150.84281803662225,154.30010986328125,1294750
2015-10-20,159.373300319377,176.9979304141957,158.92235417747452,171.36105346679688,1316650
2015-10-21,164.78468300512944,167.00185498917298,152.72177080471607,156.81790161132812,1110825
2015-10-22,155.3147577459806,168.91841688552444,154.45042399131663,164.78469848632812,1005500
2015-10-23,171.02285059033463,180.718286405512,158.80961646776606,176.8852081298828,1261325
2015-10-26,175.45720125505716,175.5699485527106,160.4255279703476,161.13954162597656,1118300
2015-10-27,157.75739238263228,166.47576080032937,153.81158143816648,161.4777374267578,893300
2015-10-28,171.7368462004063,184.1379720641966,147.91164679256482,155.8032684326172,2197575
2015-10-29,148.96388509879074,153.54855019615357,131.5647186573779,134.64622497558594,2117325
2015-10-30,132.84237706069692,141.10979837609457,129.87363314909098,130.36215209960938,1451225
2015-11-02,125.55199981578448,135.24743204855034,121.2303897581752,131.71498107910156,1865000
2015-11-03,124.12402872720028,133.4060909072008,123.07181625945988,128.93417358398438,1445600
2015-11-04,131.90291164190245,136.45000316423767,120.51642507110279,120.62915802001953,1918975
2015-11-05,121.19285664084845,121.19285664084845,105.89813138369718,108.0025634765625,2948125
2015-11-06,97.21734172387856,99.2090336747347,92.25688394763104,93.91036987304688,3009700
2015-11-09,93.6473128595279,100.93767547607422,90.26518823705901,100.93767547607422,2636900
2015-11-10,95.15047130751563,98.38228269716701,92.10656009613406,93.23393249511719,2327600
2015-11-11,94.47405722052513,96.69122943726981,92.29446504429507,96.5409164428711,1919875
2015-11-12,90.00213922129923,99.58482728130423,89.13781263143629,92.67025756835938,2429750
2015-11-13,92.25688911771273,96.95428687661176,91.31740956593293,95.86449432373047,2068450
2015-11-16,98.34471816244329,100.74978348210777,96.20270596615961,98.0816650390625,1492175
2015-11-17,95.86447749032094,96.72879680594899,83.80155843648413,84.77861785888672,3048875
2015-11-18,85.64295272091863,93.79762771528614,81.54682162027103,91.88109588623047,3206300
2015-11-19,96.39061163009744,103.68097579468156,95.52629206360567,101.5389633178711,3076875
2015-11-20,102.92937282078977,104.05675253337297,88.31107393900552,90.19003295898438,2452625
2015-11-23,88.38620521137535,91.01674268135044,86.80787986232731,88.34862518310547,1375800
2015-11-24,93.4218356345293,98.64533890579474,91.20466363428156,98.0064926147461,2287200
2015-11-25,93.98553346084192,100.411570034249,92.25688739074258,95.71417236328125,1513275
2015-11-27,89.36327873095725,92.8957159412087,88.31105927414227,90.56581115722656,997725
2015-11-30,92.06899760401045,96.84155552657926,91.27983820788158,95.63902282714844,1615900
2015-12-01,98.04408606896193,105.22170923247893,94.58680105033122,104.5828628540039,1913075
2015-12-02,96.95428625542442,101.27589790005102,92.74542190430684,96.72881317138672,2035400
2015-12-03,101.23830076423567,104.92105824155306,97.78101633288537,102.17778015136719,1878375
2015-12-04,105.74779658535995,119.12598810034861,105.59748361193273,118.07376861572266,2989175
2015-12-07,113.6018528208509,114.46617219040591,100.26124756284462,103.53063201904297,2195275
2015-12-08,104.77074948641012,105.78538905502897,97.74344692077526,101.23831176757812,2096425
2015-12-09,107.70192519085344,110.25731048002721,101.16314898084616,104.8083267211914,2170350
2015-12-10,102.47842274202355,108.94203894265148,101.68925625669702,103.83126831054688,1085125
2015-12-11,99.77272790954129,110.33248348390121,99.50967477559999,106.87519836425781,1967125
2015-12-14,104.88350862472191,105.89814837733232,89.43846072718885,89.55120086669922,3008725
2015-12-15,92.03142452324427,93.94796384581826,87.97287277181135,90.26520538330078,1506975
2015-12-16,96.08995629981355,102.2905191911528,90.9791858353597,100.787353515625,2976925
2015-12-17,90.41548373877255,90.56580386377995,82.67417649234288,83.12512969970703,3344400
2015-12-18,87.22127652045342,92.0689943577247,85.71811069916542,88.23591613769531,2558400
2015-12-21,94.06066832415259,95.82688679451817,91.09191035161125,93.30908203125,1855575
2015-12-22,92.40717245156999,96.50330223796311,90.5657941242022,91.65558624267578,1349175
2015-12-23,93.53456198193825,97.55553246126314,92.895715735937,97.51795959472656,1263650
2015-12-24,99.62240352287753,103.86884755918344,99.02113723751846,103.5682144165039,1167825
2015-12-28,98.26955417560339,98.57018732861901,90.82887826272173,93.91036987304688,1606525
2015-12-29,97.02944479001151,98.2695574839076,93.23394662562409,96.20270538330078,1246500
2015-12-30,90.82887480130476,92.068987406192,88.68686277174133,90.49066162109375,1422950
2015-12-31,90.26518148037884,91.99382011690776,89.28812205499597,91.24224090576172,1294625
2016-01-04,99.50965427974799,101.8395662975659,94.36131128759536,99.05870819091797,2340950
2016-01-05,99.99820210033006,100.14851509589276,95.26322447371649,97.55554962158203,1310400
2016-01-06,101.83956989678236,104.16947482928497,100.11092404808319,102.10262298583984,1658775
2016-01-07,107.43887248278976,118.37441291169553,104.92106722304096,115.51839447021484,2414125
2016-01-08,106.4993906888244,110.06941545460519,101.46378027932656,107.13823699951172,2010175
2016-01-11,108.60384107896418,109.2802675424767,92.06900143792939,94.21101379394531,2684575
2016-01-12,91.27982465518366,91.31739752475954,83.0499828598402,88.19832611083984,3373225
2016-01-13,86.58242593348814,91.31739585603472,83.08756137874163,87.6722183227539,2575725
2016-01-14,84.81619984008657,87.2588448682957,76.13541211376719,78.84111022949219,3546300
2016-01-15,86.80791808249121,86.80791808249121,77.41312190836145,77.75133514404297,2463050
2016-01-19,79.6302697492804,80.38184891015148,65.38775971402127,67.3042984008789,3939750
2016-01-20,72.15203556345897,73.27940820727595,67.34189747000822,72.97877502441406,2464625
2016-01-21,69.97242458244199,74.82013426250911,65.95144697575061,73.65518188476562,2429775
2016-01-22,70.91190807667026,78.05195006409822,69.89726860713782,75.34624481201172,1928300
2016-01-25,79.25448914658445,82.18566769124126,77.97679648616939,81.17102813720703,1700500
2016-01-26,84.40283098208187,93.04604628765901,84.29009803453631,92.21930694580078,2703575
2016-01-27,90.56582763855285,97.33007735111697,87.37159582019646,97.06702423095703,2319475
2016-01-28,90.3779309129884,96.7663947956903,87.59707227218294,90.6409912109375,1626975
2016-01-29,89.43844210362494,97.21733808619527,87.86011631743581,96.46575164794922,1760400
2016-02-01,99.39693982864681,105.86055658945823,98.68293335959606,105.22171020507812,2228525
2016-02-02,102.10265843368809,104.13193094497922,94.3989274324674,98.30715942382812,1378100
2016-02-03,100.90008525254144,120.02788570076827,100.86250521781568,119.53935241699219,2899400
2016-02-04,130.13669565155485,143.74035388797896,129.68573520028085,138.47926330566406,3342325
2016-02-05,128.59596618181942,162.98090932200154,124.01130136233365,161.70321655273438,3170050
2016-02-08,175.0814053879991,186.1672666839755,172.7139129638672,172.7139129638672,3330425
2016-02-09,181.54501330732458,184.06281134167338,152.68420357912953,153.54852294921875,2701200
2016-02-10,151.81984683529026,163.46938336387728,135.99900596431456,163.09359741210938,2687350
2016-02-11,197.06519080903547,205.93387850483373,180.9813083110868,197.89193725585938,3522900
2016-02-12,181.1316429809909,213.78794389060857,179.06479103347667,213.71278381347656,2904675
2016-02-16,182.25898466664856,195.41169490032425,158.24589599081705,158.9974822998047,2980725
2016-02-17,167.0018583456156,177.26097200279148,161.59046198857337,174.0291748046875,2357075
2016-02-18,165.42352167071388,206.34723887412548,163.46940294969787,205.63323974609375,3146725
2016-02-19,197.0276328162087,205.858733975521,186.09209251306405,189.173583984375,2294900
2016-02-22,171.4737878409949,198.53079801805552,170.04577510796705,193.5327606201172,2043800
2016-02-23,204.80652428724355,210.0676150489334,197.47858156036094,204.76895141601562,2161375
2016-02-24,222.9196810472684,236.3730335495102,202.36386625090213,211.1573944091797,2984200
2016-02-25,208.4892795770442,223.97189702935538,206.68548073811345,221.0407257080078,2081325
2016-02-26,205.93389158031013,219.424816990695,195.90025798362646,197.59132385253906,2446425
2016-02-29,206.3096837734202,219.7630214443857,205.74599039437686,218.1095428466797,1819125
2016-03-01,221.6796085415018,223.5585677060548,190.37614197909517,192.33026123046875,2393625
2016-03-02,196.91490797243333,210.36824689236366,192.3302434475217,206.2345428466797,1821500
2016-03-03,209.2408971636366,237.83865841360856,208.00077721361737,231.56292724609375,2664925
2016-03-04,232.16414869280078,268.5407928268615,222.43114136970425,228.2183380126953,3675375
2016-03-07,236.78639740002353,262.7536091678148,234.75713265604534,251.29197692871094,2332175
2016-03-08,259.74729347112833,263.8809973936076,215.25353098582778,215.96754455566406,2725750
2016-03-09,201.8377438702938,225.28715519029308,195.41170843716327,217.95921325683594,2458450
2016-03-10,228.63169652217982,249.30022800734608,226.11388439513775,247.6091766357422,2764725
2016-03-11,242.08507159493698,254.22315939594066,227.69225305485017,232.0514373779297,1591650
2016-03-14,237.68828803895045,241.44620563640422,202.92755026250313,203.040283203125,2166125
2016-03-15,203.64157615897324,216.0802901989681,194.66015421652818,215.55418395996094,1913500
2016-03-16,204.9568058758663,262.1147225865141,197.40338433699392,259.2586975097656,3537025
2016-03-17,266.2484931890726,280.5285935198291,241.25833194556867,242.98699951171875,3198775
2016-03-18,240.92008833141006,261.47590122672193,240.50671512114482,249.22508239746094,2169625
2016-03-21,245.88056673189277,256.2524280534936,239.04115737337176,248.69900512695312,1655250
2016-03-22,260.79951191173996,264.0313236479378,240.69465657886158,249.18753051757812,1848875
2016-03-23,220.21398062227408,223.52095234936533,192.4053970897219,192.93150329589844,3608100
2016-03-24,199.35753745025534,209.54149130025826,194.1716068456422,205.2198944091797,1901525
2016-03-28,210.4434049998639,211.94657791256208,193.983720380628,204.84410095214844,1638825
2016-03-29,210.93194396558843,241.0704484189931,203.67916098896097,238.92843627929688,3219925
2016-03-30,228.8196089978027,237.72587003171685,215.5917368268186,228.2935028076172,1786175
2016-03-31,237.27490971612897,240.05577498608938,219.46238871434787,219.98849487304688,1223900
2016-04-01,202.92755663245293,224.53558349609375,198.38047963727624,224.53558349609375,2261875
2016-04-04,222.01782232311334,222.09296807480223,204.4307633518241,205.55813598632812,1430350
2016-04-05,221.71712689349332,225.47504429846776,205.85871085719955,223.4833526611328,1986325
2016-04-06,215.74204891511047,227.12853465963636,212.7732905696362,224.7986297607422,1479825
2016-04-07,238.9660030955074,247.79711888221436,236.52335069304564,245.31687927246094,2003875
2016-04-08,243.36280625749487,272.71214010596026,242.38573943509292,267.7892761230469,2206575
2016-04-11,286.7291249160971,319.2350892839636,284.66225876374943,315.8153991699219,2165700
2016-04-12,319.31031479059686,331.1477628825028,301.87357659533103,323.7446594238281,1981375
2016-04-13,306.1951255330094,319.3102493668367,293.41820050677444,297.0633850097656,1654775
2016-04-14,293.11754783933526,300.37032933654416,259.296292319412,271.2840576171875,2015175
2016-04-15,275.7184619802035,297.51436981013364,264.970813894756,293.5685729980469,1705025
2016-04-18,303.63973377394274,304.24098564205593,282.1444419145059,293.1175537109375,1283650
2016-04-19,327.3146565837012,343.02275518734103,321.48990080568717,335.2438659667969,2064200
2016-04-20,334.717743495717,359.2193553902285,311.41866417264225,317.16827392578125,2550900
2016-04-21,342.5341736488701,345.46534460708153,318.1828565018378,333.6278991699219,2152125
2016-04-22,320.5127649955233,340.91825676544516,299.16779391514575,306.0072021484375,1747675
2016-04-25,312.5084919484792,317.6944087542428,297.2889117373704,300.06976318359375,1156100
2016-04-26,310.0657564476289,321.6025611140256,297.62703100965564,321.3395080566406,1315750
2016-04-27,327.76560073830234,334.4546899500003,304.4664927753577,331.4859313964844,1712100
2016-04-28,341.55711073433827,380.67704469231904,339.3023660248873,375.41595458984375,2093350
2016-04-29,397.5877871111315,447.86872611013166,396.53554585217717,447.4553527832031,2288425
2016-05-02,462.2239396601327,465.83153769993004,410.1767782048882,424.23138427734375,1882975
2016-05-03,430.9580080271309,432.34844791383506,380.0382111278669,389.1699523925781,1583850
2016-05-04,369.51603996133963,388.19289479179724,323.93248168265967,329.3063049316406,2275800
2016-05-05,348.9978322576347,368.27594002097686,342.57179633652066,361.81231689453125,1830200
2016-05-06,385.5623967347021,418.3314476137024,378.68539963427514,404.8029479980469,2007800
2016-05-09,351.4028590558636,358.7683736136235,326.9388091053736,327.50250244140625,1994600
2016-05-10,332.42539531110884,367.48677422860123,319.42300354832406,362.939697265625,1739575
2016-05-11,385.18657071584573,404.8029060264327,353.8079631282433,392.1763000488281,2258950
2016-05-12,394.6189887228839,408.89906033719745,362.4887774170587,367.59954833984375,1605000
2016-05-13,371.0192457561956,388.7190355710077,363.3530898229825,379.0611877441406,1383350
2016-05-16,404.2768199861469,416.6779320201194,390.44768078180965,400.21826171875,1626450
2016-05-17,397.6628513845267,428.6280853229016,384.4349936451336,416.9785461425781,1601725
2016-05-18,390.82344948118856,408.1474527566499,317.5440527034657,318.1828918457031,2581850
2016-05-19,295.0341878914483,338.88908967192583,286.0527650179342,334.0037841796875,2459725
2016-05-20,344.8640470309313,346.1041665814177,309.2014210166399,336.3335876464844,1622600
2016-05-23,313.9740991841459,345.1648052377972,308.2996342748461,324.8720397949219,1557025
2016-05-24,303.86523018629646,313.2600245188665,271.58470195085454,272.44903564453125,2434225
2016-05-25,268.69115759603346,297.73987857779167,253.02064521579211,291.42657470703125,2672300
2016-05-26,304.12836048575537,311.9072510210201,281.5808483637539,289.8106994628906,1792950
2016-05-27,281.1298474386439,289.17178998060757,259.8976328418736,266.32366943359375,2119550
2016-05-31,265.6847295024729,290.90037866351446,258.2816568430555,274.59100341796875,1724425
2016-06-01,279.9648668439954,292.66661826662937,265.4968895264532,279.5890808105469,1783475
2016-06-02,277.25920918804013,288.4953769421563,270.64526491406093,281.618408203125,1179225
2016-06-03,329.41905356863265,376.61848701292655,329.41905356863265,375.41595458984375,3457825
2016-06-06,372.0714231294803,385.11140156187747,353.6200342726418,379.8503112792969,1748800
2016-06-07,365.6078133863898,380.67707126392764,361.2110565954676,366.39697265625,1115450
2016-06-08,413.37100794457893,426.8243621750018,397.73805424585805,401.6087341308594,1592900
2016-06-09,400.81951008529126,423.63006906112616,393.641873615926,419.8345642089844,1176975
2016-06-10,429.68027066147374,447.1921798704045,392.7023764408174,401.6462097167969,1981125
2016-06-13,431.8599489531704,434.9414407038733,385.59998548316975,399.8424987792969,1463350
2016-06-14,406.23083146578915,406.8696704897772,364.4428117977591,373.9127502441406,1517825
2016-06-15,374.66440915850706,426.89947453869297,368.8396535226608,417.5422668457031,1962400
2016-06-16,450.1609775249965,450.6494965184596,374.5892481352632,378.5726318359375,2497500
2016-06-17,397.8131928266057,401.571110742088,368.2759557172639,391.1992492675781,1695100
2016-06-20,355.4990128886232,391.9132450067203,351.5532164593576,384.3222351074219,1323900
2016-06-21,360.45949641642136,371.4701975701413,352.19208808427874,352.22967529296875,1412125
2016-06-22,356.7390804864193,376.31782563289465,347.00606004214245,375.5662536621094,1413275
2016-06-23,365.3071455190808,383.87126657373943,360.0460554464766,364.4428405761719,975450
2016-06-24,469.2887309201667,471.24286409171896,413.44607411938813,428.2146911621094,2080400
2016-06-27,440.3904071543545,461.4723288324786,414.6862338517196,444.0731506347656,1631025
2016-06-28,425.6969457883125,441.93115037615024,416.5652039157389,423.3294677734375,1264450
2016-06-29,443.09610289785417,469.73972641839975,438.39870563367015,448.99603271484375,1425275
2016-06-30,463.1634036971348,478.0823430728966,449.07121088687717,473.9486389160156,1163400
2016-07-01,515.8117231823036,552.7896740852844,512.9557265928486,542.8687744140625,1394775
2016-07-05,568.9864517326185,584.3563245785972,533.7371579843896,577.8927001953125,1445600
2016-07-06,603.9349344758051,638.2071230354428,597.0579387085388,630.2403564453125,1727575
2016-07-07,604.3858580639187,606.5278411493646,560.1551545220518,572.85693359375,1387475
2016-07-08,575.2996586080391,634.7123336072464,562.7857846620134,626.3697509765625,1353325
2016-07-11,606.941333207571,638.1696808634237,601.6427122526788,631.0296020507812,1149950
2016-07-12,610.6616916291238,621.935445936123,556.1718791452943,558.5017700195312,1353175
2016-07-13,594.3522537854218,625.1671662435259,581.1243679468437,610.3609619140625,1191550
2016-07-14,560.5310278380414,603.333708906734,549.4827404294348,601.6050415039062,1420300
2016-07-15,569.5498932570838,597.0954318404915,569.5498932570838,581.650390625,909025
2016-07-18,585.445959372424,590.3688796093755,564.3264807483561,589.8427734375,952575
2016-07-19,578.7945680621519,587.5505242105731,567.3329062652366,570.639892578125,778400
2016-07-20,527.9873882931128,529.0020420343557,461.2843552525237,470.71673583984375,1559000
2016-07-21,488.22867187940324,523.665866419081,477.78166502155597,515.0226440429688,1127150
2016-07-22,494.16627932157854,520.0207767714169,494.16627932157854,511.5654602050781,735425
2016-07-25,488.4165668086377,488.4165668086377,440.05215581175577,457.4888916015625,1317925
2016-07-26,477.74409952880404,503.5610062135716,467.8983728311505,492.3624267578125,917625
2016-07-27,516.5634241388366,569.1366593066521,479.0593905641414,559.3284912109375,1812150
2016-07-28,567.2578575161072,576.3144560031074,528.2506975677576,557.7127685546875,1203625
2016-07-29,586.3478350310415,614.0436673386787,572.0677377424348,603.1832885742188,1493200
2016-08-01,596.6446880488812,631.3302569432398,585.3333175802283,625.4302978515625,1250150
2016-08-02,649.7817324141071,667.4063801895969,640.0487367994089,647.6773071289062,1090925
2016-08-03,634.9376994879688,636.365668996252,609.3838516977869,625.6556396484375,864800
2016-08-04,636.2154616691244,655.0050496845074,634.5244102159943,641.43896484375,715575
2016-08-05,589.1287565925288,595.6299379671505,570.4519015844274,580.4855346679688,1072625
2016-08-08,578.7193381323034,613.5176361329843,576.0888071545024,594.9159545898438,670400
2016-08-09,608.9328876104456,621.7473992295852,601.379494560327,611.6762084960938,717700
2016-08-10,657.5229664088058,666.0910155047233,623.3635029862965,642.115478515625,982650
2016-08-11,644.5204840776458,672.5921356258376,623.8895513228792,629.5264282226562,945650
2016-08-12,670.1119650309469,671.9157496147084,620.0564697660218,627.4971313476562,1076900
2016-08-15,630.916967807872,642.1531653558736,609.2337608684837,615.9228515625,665400
2016-08-16,619.6055326424104,629.451259365061,603.145833600551,612.4654541015625,846450
2016-08-17,594.9158873379421,601.1540439095921,545.3113897166525,586.235107421875,1730425
2016-08-18,601.6426819835021,610.4361961551995,583.5294900836337,607.6929321289062,723875
2016-08-19,571.9927465375431,583.3792339386866,555.5706052387039,560.9444580078125,876550
2016-08-22,536.4804503177066,540.6893582329815,524.1920975151669,533.3989868164062,931350
2016-08-23,547.9043244703579,550.1214817967345,507.3563668634151,510.1748046875,905600
2016-08-24,488.2662605534159,489.9197536559354,395.5208713932765,400.8195495605469,2608425
2016-08-25,401.7213777950432,441.1795106915785,386.50180078098293,415.8135681152344,1232855
2016-08-26,442.4948843655088,467.29713966588037,394.5814255488614,411.11627197265625,1882385
2016-08-29,397.399819609368,425.396296614775,389.88398377751236,411.8677978515625,768415
2016-08-30,400.96978898160353,406.2308792577157,341.4068018654003,352.49267578125,1641040
2016-08-31,340.46732383359887,350.05002504134205,329.19357119890594,334.2667541503906,1374870
2016-09-01,329.19356426178183,373.3490944838358,322.2414226843514,371.2822570800781,1749110
2016-09-02,406.2309553484749,415.6257509331789,387.6292715590172,409.8009948730469,1532630
2016-09-06,435.54269530811973,470.86712970484905,425.02051359994044,470.3034362792969,1493000
2016-09-07,466.54551231786803,469.17604337565876,426.14789495358923,463.3512878417969,997365
2016-09-08,454.70800821871325,467.4849331920437,422.9536174601231,433.47576904296875,1062390
2016-09-09,413.3709553651614,414.31043480917316,355.68692323696865,363.2027587890625,1662510
2016-09-12,344.78895480390906,398.5271902906479,340.46734364172175,388.9444885253906,1712795
2016-09-13,375.7917253060974,378.4222559149868,330.8846256002721,346.85577392578125,1468260
2016-09-14,356.6263833317014,370.5306668804231,339.1520608870503,345.3526306152344,1226950
2016-09-15,342.5342285856903,369.21544042968753,328.817822265625,352.3048095703125,1241505
2016-09-16,337.64889832286696,356.6263941037295,326.37514526587216,342.1584167480469,1287420
2016-09-19,358.1295205478519,359.8205718192191,344.03733105101566,347.41943359375,1093335
2016-09-20,347.2316655515978,355.49907455518553,338.2126556663663,346.1042785644531,882500
2016-09-21,368.27593495977413,423.7052210889238,365.26958932858247,417.3167724609375,2468275
2016-09-22,434.97897971284505,449.0711712802158,398.90297503450324,411.6799011230469,1462465
2016-09-23,409.9888358285832,413.3709676617616,368.0880456451043,380.6770935058594,1108065
2016-09-26,388.0050643876085,398.33933971028085,368.2759933170521,370.9065246582031,782870
2016-09-27,357.9417058721423,361.69962404402827,338.21263546974075,350.98956298828125,1135655
2016-09-28,347.4195230234441,381.61660127498584,332.76366511065805,373.1612854003906,1375445
2016-09-29,359.63275803332806,374.47655203332204,349.486390424737,365.0817565917969,952995
2016-09-30,385.18660176777865,387.441346873267,350.4258596570279,355.68695068359375,1201610
2016-10-03,350.23789707406917,359.63269075814435,322.8051167189506,335.3941345214844,1410875
2016-10-04,301.5729234183988,301.7608307890959,236.74883707612614,237.31253051757812,3606660
2016-10-05,250.2773410199461,253.47156568733408,221.9050620853095,240.5067596435547,2612425
2016-10-06,218.33503807033412,229.98459289861447,210.81920179479326,219.8382110595703,2536040
2016-10-07,239.56726619175504,244.4525709313716,211.3828819339015,223.5961151123047,2783825
2016-10-10,228.48141064870794,234.49408802663044,222.09294720636754,227.54193115234375,1255705
2016-10-11,219.46242987614824,225.475093296596,208.37656825533486,210.44342041015625,1647575
2016-10-12,213.82550210840583,232.23928844981612,211.38285010638305,224.15977478027344,1647310
2016-10-13,228.4813912788781,253.65944251399785,222.84451477856706,236.18511962890625,1936275
2016-10-14,225.4750623282177,240.6946405036271,219.08659936185452,222.2808380126953,1552240
2016-10-17,225.4750736610908,234.86986839696957,221.71715576673927,231.67564392089844,1169740
2016-10-18,245.0161635405746,258.73256557504135,237.68823725932944,256.8536071777344,1679250
2016-10-19,271.13378758775264,281.84384808069115,261.5510852847536,277.71014404296875,1851165
2016-10-20,278.08593991339984,280.7164711200004,261.5510945087454,276.0190734863281,1172615
2016-10-21,272.4490653250783,274.70381047639927,262.6784838889277,270.9458923339844,832680
2016-10-24,276.3948692452379,277.71013475817955,242.7614872963698,252.9078826904297,1383335
2016-10-25,257.7931749143292,278.6496317557474,255.53842979730445,270.00640869140625,1172435
2016-10-26,268.87906892139364,273.38855946492964,244.26469230543543,253.09579467773438,1241890
2016-10-27,258.1689593729622,260.23582577517243,232.61513375554557,240.31886291503906,1450970
2016-10-28,238.25194731489455,257.0415326130624,231.1118991674644,243.13722229003906,2090865
2016-10-31,246.51938076273515,264.7452747924768,240.50671853352407,264.1816101074219,1390795
2016-11-01,282.03170395359234,298.3786384234793,276.770614015875,284.0985412597656,2135250
2016-11-02,302.88822323790646,311.1556610822086,264.36955888352236,272.07330322265625,2313455
2016-11-03,272.4490020315309,294.43281232339666,265.68473947835673,289.1717224121094,1265110
2016-11-04,288.04439558100313,289.9233544188823,267.0000623308838,279.5890808105469,1379320
2016-11-07,253.09576317561175,257.04158841306116,237.12461220506398,248.58627319335938,1569640
2016-11-08,250.84102428918595,266.2484822192629,234.8698729299494,245.2041473388672,1448770
2016-11-09,294.8086605414125,296.8755269440892,245.3920609549523,263.9937438964844,2400730
2016-11-10,255.162636805669,255.35051550245467,199.54543918338086,206.12179565429688,3173540
2016-11-11,202.55175777660247,203.4912371460017,152.3835508494927,155.57778930664062,4186660
2016-11-14,145.61932799108357,172.48844843840507,137.3519052122677,159.8994140625,3938045
2016-11-15,161.02677856954742,182.2590207404491,156.14148809717656,179.44058227539062,2255480
2016-11-16,176.43426433961264,179.0648099762355,164.03313700732826,174.93109130859375,2013405
2016-11-17,173.99156733112804,184.88953318565981,152.94723628102426,162.52992248535156,2825250
2016-11-18,156.14146850550384,161.59045172130917,150.31669927563644,157.08094787597656,1856220
2016-11-21,165.16046575726605,171.92471393007452,161.40254851289285,166.09994506835938,1924980
2016-11-22,167.60310051205448,169.1062731183441,154.0746043967135,168.1667938232422,2079085
2016-11-23,148.0619867775852,148.2498798255508,135.2850588214327,143.1766815185547,3168590
2016-11-25,147.31040142603518,150.69251932237012,141.86141697962134,145.4314422607422,1108335
2016-11-28,151.25618781976857,162.5299409491923,146.55879068250866,161.96624755859375,2303850
2016-11-29,150.1288358203809,161.4025904852107,147.49829019818986,157.8325653076172,2203680
2016-11-30,157.8325347002745,157.8325347002745,142.23717137076318,149.00143432617188,2579735
2016-12-01,144.11612831265177,155.7656809958504,137.1639867720319,145.24351501464844,3165165
2016-12-02,150.50462217594082,162.90574946223293,150.3167291315904,160.08731079101562,2828535
2016-12-05,152.38355260340109,165.1604779084179,143.92823818148875,159.33570861816406,2873700
2016-12-06,159.71151272844907,167.03945559128883,153.51094238251096,156.5172882080078,1778480
2016-12-07,164.78472156232348,168.16685396844315,158.3962715390421,162.15419006347656,2464180
2016-12-08,159.89943034762297,163.65734887205744,155.95361876403106,162.15419006347656,1545640
2016-12-09,157.08094576131725,158.5841184679646,141.10979667828812,144.49192810058594,2698855
2016-12-12,148.6256435004645,153.1351476479589,143.36456727448646,145.8072052001953,1698640
2016-12-13,145.80720815688215,153.13515075324216,142.8008767760295,151.81988525390625,1995600
2016-12-14,158.20829944166172,161.59043046458154,129.6481360704201,129.83602905273438,4677050
2016-12-15,116.30756962474949,116.87125591379107,104.28222867611541,111.42227172851562,5367355
2016-12-16,114.61649956137447,118.18652454592382,106.34907705381796,110.85858154296875,3235790
2016-12-19,113.67702468395647,115.5559837696417,109.35542022041246,112.54965209960938,2049430
2016-12-20,105.78536626330644,114.05278685445651,103.53061454138751,112.92540740966797,2260845
2016-12-21,114.61647299302172,116.11963841841497,110.29486970714433,112.92540740966797,1595595
2016-12-22,111.79805387921864,118.18651696795202,110.85857443485546,112.36174011230469,1735710
2016-12-23,113.30121437892595,118.18651156695735,112.54963515837736,117.24703216552734,1749530
2016-12-27,123.07181247401522,126.26603698730469,120.06548099056877,126.26603698730469,1948525
2016-12-28,124.01126274637392,134.72132061307076,122.1323042199137,133.5939483642578,2590510
2016-12-29,137.91557751855657,164.78467951023165,137.53977716082227,164.59678649902344,4450680
2016-12-30,163.8451893801449,173.9915690088719,141.86137879733383,143.5524444580078,4391545
2017-01-03,147.68615634669007,161.5904541015625,145.61930456826852,161.5904541015625,2759700
2017-01-04,167.22733166189204,167.41522467310025,157.0809513681519,164.59678649902344,2652290
2017-01-05,175.30689989771537,197.29071690435828,174.74320640100305,193.90858459472656,4834380
2017-01-06,181.13164200790166,191.46591602527312,164.59679784597978,173.99159240722656,3882695
2017-01-09,186.20482197196583,186.58062234881598,172.30052340551947,176.05844116210938,2661080
2017-01-10,180.3800887520894,186.9564461545093,170.98529246291807,179.25271606445312,3042430
2017-01-11,174.17945027074614,184.5137222019953,162.15412712809078,178.12527465820312,3977835
2017-01-12,189.58696361666506,194.0964680278225,173.42791928406024,179.44058227539062,3512610
2017-01-13,173.05211623266132,184.13797689221568,167.7910397797895,182.25901794433594,2517970
2017-01-17,199.35751959228608,201.4243713407295,192.2174849762709,196.7269744873047,3231740
2017-01-18,196.5390852503105,201.42437520452012,180.3800426316244,188.08377075195312,2672120
2017-01-19,181.69532135108673,189.21115701128173,176.81003103902376,184.32586669921875,2607065
2017-01-20,185.64115299942247,198.418065465073,180.75584818208029,190.5264434814453,2759525
2017-01-23,195.97541846143028,207.62495787504275,193.532766164067,206.3096923828125,2835505
2017-01-24,205.74600270026815,218.710822175842,201.6122987911027,208.00074768066406,3286195
2017-01-25,195.41171750884743,199.16963515324835,189.21114766145865,198.60594177246094,2901225
2017-01-26,184.88957499155137,189.77486569688236,180.94376381937326,183.5742950439453,2443230
2017-01-27,183.76220154568014,192.78119641990176,183.38640113301258,191.65382385253906,2129575
2017-01-30,194.0964684113033,200.6728248427662,188.45959147004942,190.5264434814453,2085510
2017-01-31,203.679155271652,208.75233875793376,202.363875391095,208.18865966796875,2577570
2017-02-01,198.79387860899496,210.44341930042614,196.3512260437012,206.6855010986328,2570960
2017-02-02,221.15347667366194,224.91139481143236,216.08029292179987,219.8382110595703,2068685
2017-02-03,220.21393449774945,227.72976863535615,217.39549669614695,223.40817260742188,1870290
2017-02-06,234.68196241375315,248.77413940429688,227.16612703996006,248.77413940429688,2780120
2017-02-07,239.75516341982848,253.2836767017852,237.50041837382872,245.2041473388672,2637215
2017-02-08,252.71998271953495,257.4173801678535,244.64045337429943,253.28367614746094,2323260
2017-02-09,253.28367233412138,254.5989378657207,231.6756443971783,233.93038940429688,3182380
2017-02-10,226.03874229459822,246.14359509078744,225.0992629240227,243.70094299316406,2370135
2017-02-13,235.24567069903904,240.13097576734492,232.05144600236528,234.68199157714844,1863800
2017-02-14,243.70095818416314,245.0162236508284,224.72347658264755,234.11827087402344,2566575
2017-02-15,224.34770916914007,234.6819837475439,221.7171636821188,233.5546112060547,1707920
2017-02-16,237.87619855466562,245.01623391400003,235.24565317582912,241.25831604003906,1916340
2017-02-17,242.94940492088304,244.6404565560155,227.91773289076673,229.79669189453125,1855715
2017-02-21,221.15344410990045,228.4813862666132,211.00707810017903,224.91136169433594,1735075
2017-02-22,221.5292678212405,223.97190590741465,202.9275709503908,216.45606994628906,2950280
2017-02-23,227.72979294456712,230.73613838877748,217.39551990221713,217.95921325683594,1901930
2017-02-24,226.97824191701267,226.97824191701267,209.31602530724095,211.57077026367188,1792515
2017-02-27,210.63130666643366,223.0324335310475,174.55529863568066,177.56163024902344,3207945
2017-02-28,186.5805880564979,190.71429109487121,172.86418503180442,178.12527465820312,2276600
2017-03-01,168.1668502728556,184.88959020615914,164.03314572094743,181.31956481933594,2849580
2017-03-02,169.10632366357444,173.61582849500056,153.51095696936096,155.76571655273438,3181940
2017-03-03,151.81987723624556,167.03944069550815,148.2498526383153,161.02676391601562,2652625
2017-03-06,159.33571140554415,159.71149743007598,143.1766543149527,149.1893310546875,2208910
2017-03-07,143.92823183971743,152.5714388897714,140.7340078218661,146.55877685546875,1616085
2017-03-08,140.9219031240426,149.00143130394795,139.60663776234512,143.74034118652344,1765220
2017-03-09,143.7403739555081,147.31039918225147,139.0429761138248,139.41876220703125,1544490
2017-03-10,142.23720037582635,153.69886253458105,139.98245515444668,150.50462341308594,2326980
2017-03-13,154.07463580862145,158.20833981570064,150.50461089233343,156.5172882080078,2064240
2017-03-14,154.0746259187397,160.08728851314854,140.3582205601392,142.80087280273438,2205820
2017-03-15,146.93457849138926,176.0584410936336,142.80087469487555,174.55528259277344,2947500
2017-03-16,183.57427037855115,185.26533617807547,168.16681383914755,169.85787963867188,2192715
2017-03-17,172.4884546422438,176.8100520594465,164.03313851929695,167.6031494140625,1625830
2017-03-20,169.29417974423836,174.74316296172114,165.5362622611906,173.239990234375,1658985
2017-03-21,176.24635051973,186.0169310636956,175.68265711571252,180.5679473876953,2448520
2017-03-22,184.32588922145206,187.89591446331926,177.7495322152359,180.9437713623047,2295660
2017-03-23,183.1984910808047,185.4532360061333,166.28786113488425,175.30686950683594,2461730
2017-03-24,173.6158327757989,178.87690992941643,170.79739397857918,173.05213928222656,1548300
2017-03-27,184.70167125118454,186.76852323731256,178.12531490011943,183.76219177246094,1917210
2017-03-28,182.63478257080257,185.45322066192804,164.78467466034135,170.23365783691406,2408195
2017-03-29,168.54257883538202,174.931040872304,166.47572726513803,172.4884033203125,977045
2017-03-30,167.79100184409543,171.54891889023136,163.28149852166914,164.22097778320312,1611520
2017-03-31,165.72418743195428,176.05846251600704,163.6573352822078,168.91842651367188,1782100
2017-04-03,169.857923189651,178.31324001986826,168.73055047935304,177.1858673095703,1523300
2017-04-04,181.31955808116132,183.95010375976562,177.74953282700696,183.95010375976562,1561900
2017-04-05,176.99792406346484,188.64747793795843,173.80369964200952,184.32586669921875,2384420
2017-04-06,182.2590147597289,186.0169325898264,178.8768829785136,184.32586669921875,1351095
2017-04-07,194.66012127341816,196.91488034727828,178.31318608069003,184.88954162597656,2479875
2017-04-10,181.50742617956712,189.77484817504882,177.74950839392258,187.89588928222656,1567735
2017-04-11,196.53909302938,207.81284614007467,193.53276173359177,204.61862182617188,2860055
2017-04-12,205.18229216028288,210.81916847606337,198.23015043828073,210.06759643554688,2528290
2017-04-13,211.75863565340214,218.3349909759962,205.5580806647179,209.50389099121094,2398185
2017-04-17,210.25550699637893,215.14079734411604,203.8670437714986,208.00074768066406,1780060
2017-04-18,205.93389798019456,206.87337745486272,195.59962375884493,202.9275665283203,1975300
2017-04-19,197.29066433584973,197.8543576823648,178.501077256245,181.13162231445312,2718180
2017-04-20,182.25899654079845,190.15061746101534,180.38003781357372,184.88954162597656,1515245
2017-04-21,187.1443284307848,190.5264606341513,182.63482360473637,185.45326232910156,1819290
2017-04-24,174.36740109221174,181.31954366438683,173.05212118982757,175.8705596923828,1589310
2017-04-25,169.106322387035,169.29421543373425,147.68618535094646,153.51095581054688,3867610
2017-04-26,152.57141997329606,157.45672339769726,142.23714852759628,154.45037841796875,2510240
2017-04-27,154.63834503774203,154.82623808720717,142.80089656226784,145.4314422607422,2291385
2017-04-28,148.24985692563948,156.89306481484255,145.9950976923788,153.13514709472656,2055225
2017-05-01,148.90747942489475,153.55789941684216,138.57320640487052,141.8144073486328,2819760
2017-05-02,140.78098973745506,147.0285218319709,139.13690083518063,143.3175811767578,1946920
2017-05-03,142.61299966148695,153.8867543487931,139.1369281666316,139.7006072998047,2548000
2017-05-04,133.12426049908504,134.67441048739258,126.36001004055812,130.35279846191406,3396600
2017-05-05,131.10434591168618,142.42507492484566,130.58762940309967,138.94898986816406,3113900
2017-05-08,139.55968407216946,139.60666091473158,133.87583016982524,139.1838836669922,2028260
2017-05-09,135.0032083800676,138.85508026668867,132.56057015284958,138.33836364746094,2473840
2017-05-10,143.74032660968942,148.10889942938698,142.56597753608085,146.13600158691406,2305580
2017-05-11,148.0149378322867,157.55064514098586,147.73309122996807,155.6247100830078,2875880
2017-05-12,162.71783573718696,165.77114390961086,160.22822096149184,162.57691955566406,2753420
2017-05-15,171.50199371615025,171.50199371615025,157.55071674614746,164.40892028808594,2482640
2017-05-16,165.9121172992825,169.57608231885743,165.16053068786852,167.79107666015625,2154080
2017-05-17,178.64203144289655,182.91666628027596,171.07923250213335,175.9645233154297,3580180
2017-05-18,170.04578718015074,171.7368531241443,157.644660816397,160.41612243652344,2821220
2017-05-19,167.22733132272944,167.4622011700928,163.42243692837906,164.7377166748047,1732920
2017-05-22,169.2472201457868,175.3068741726068,168.21380133388962,170.5625,1550000
2017-05-23,172.6763361552229,175.16595111322576,157.40979417517622,158.34927368164062,2110120
2017-05-24,157.5037162554209,165.0665283203125,149.377225149646,165.0665283203125,2698140
2017-05-25,159.7115157084437,162.0132376265897,155.0610950298794,159.9933624267578,1721320
2017-05-26,166.05301411216877,166.3818376960241,162.01324909131498,163.70431518554688,1625200
2017-05-30,157.8795210714919,161.77835497168988,156.6112181069213,157.17491149902344,1392860
2017-05-31,157.9734589020502,161.96624644117452,152.9472526010494,158.9599151611328,2042780
2017-06-01,153.74581384863288,159.8524305751098,152.9002880360177,156.23544311523438,1474180
2017-06-02,162.06019632915067,164.22100181393628,157.31582249708876,158.7720184326172,2433240
2017-06-05,160.79190722047585,162.01323341117967,153.51094125262205,159.0538787841797,1879840
2017-06-06,165.95903089586872,182.4468972945283,165.06652832959807,181.97715759277344,4261000
2017-06-07,176.2933206117418,181.6953276806933,170.79737419495666,177.79649353027344,2855300
2017-06-08,173.1930681309743,173.33398433532997,162.76483894902935,168.68356323242188,3651300
2017-06-09,160.41613641107912,166.146967516262,159.80548042534087,160.5570526123047,2458520
2017-06-12,158.11435686536788,162.71779934628447,156.61118436714614,158.49014282226562,2367000
2017-06-13,156.56426910929093,165.95906507949312,155.62478951227072,162.9997100830078,2109500
2017-06-14,171.03226027790842,172.01871670323342,143.78735247832324,147.07553100585938,4381160
2017-06-15,142.09627552919574,147.9210456094443,141.06284233667373,143.22364807128906,2721640
2017-06-16,142.00232060973698,144.58588923326081,140.02942226205593,141.8614044189453,2404080
2017-06-19,139.4187306707513,145.1025836405743,138.62018181948787,140.45216369628906,1922500
2017-06-20,140.73403350604536,141.01588022619137,136.45939886723667,137.68072509765625,1712420
2017-06-21,137.39887963018518,143.83432006835938,137.07005606446364,143.83432006835938,1548120
2017-06-22,147.92105219805708,152.14871017070266,146.6997259166732,149.28329467773438,2170740
2017-06-23,154.92017295174134,158.25532824048423,152.80634395208577,157.8325653076172,1762080
2017-06-26,150.12883150857203,157.69164457941662,149.89396162646705,153.74581909179688,1445820
2017-06-27,156.61122589657703,158.49018484995005,147.35736165240644,147.968017578125,1859580
2017-06-28,150.08182135854645,151.39708667231935,145.0086387650603,150.26971435546875,1464740
2017-06-29,144.8677138016173,145.61930015334318,138.338335145676,140.45216369628906,2607940
2017-06-30,138.80809445966793,143.22364518962902,138.62020142898606,142.14324951171875,1352820
2017-07-03,135.050150424365,135.66080623998332,130.77551670908701,131.85592651367188,1989080
2017-07-05,131.010395736781,136.97609549123368,129.46026050499665,135.98963928222656,2201480
2017-07-06,134.25160011484473,134.2985769517645,129.60117996614616,130.63461303710938,2175920
2017-07-07,127.95709437176383,129.03750430793758,121.23982224056357,124.38706970214844,3037460
2017-07-10,121.19284039948306,132.70146284051924,120.7231007080122,131.66802978515625,2568820
2017-07-11,130.49371707092203,134.72137547713317,126.17211930132146,133.82887268066406,2148580
2017-07-12,138.19744462802046,140.87495268792702,134.72135889798744,134.86228942871094,2119980
2017-07-13,135.98962457432606,137.11699683326762,129.60116265990246,130.16485595703125,1873340
2017-07-14,137.68071593072656,139.37178180368994,135.84873387473235,136.6942596435547,1842920
2017-07-17,140.78101944341415,143.22365772673393,139.70060933561066,140.17034912109375,1379780
2017-07-18,144.21006647166757,144.8676990868856,141.86136832066322,142.70689392089844,1284300
2017-07-19,142.70693112508553,145.47840713405668,140.17033932776582,143.3645782470703,1193400
2017-07-20,141.62651975676417,147.8740520417579,141.62651975676417,145.76022338867188,1220920
2017-07-21,149.75305914015655,150.22279899233436,145.4784379535966,147.8740997314453,1489360
2017-07-24,149.3772535408283,149.61212343633272,138.76113139696312,139.8885040283203,1880120
2017-07-25,140.40522216445157,146.04209971673725,140.40522216445157,142.8948516845703,1464520
2017-07-26,141.48561295601252,158.91294553799617,140.4052029716527,155.43687438964844,2900620
2017-07-27,157.08097618172866,157.92651636870968,146.5118313593667,148.06198120117188,2016480
2017-07-28,150.64554769976635,155.81268509179012,149.14237472432237,155.38990783691406,1362120
2017-07-31,154.6383241448614,157.92650223986485,152.00777880179484,154.0746307373047,1039940
2017-08-01,152.43050656853885,158.86594509153713,149.98785481235902,154.02761840820312,1167740
2017-08-02,152.38356171354664,155.62476290198913,150.5985565185547,150.5985565185547,985020
2017-08-03,151.25620286763936,154.73227422796833,149.04842025935642,149.98789978027344,1121880
2017-08-04,145.8072345473257,147.12251462004008,139.18390034152785,141.2977294921875,1867960
2017-08-07,139.51272179555085,142.80090042372882,138.47928849256644,138.5732421875,1038220
2017-08-08,141.5325694931961,142.56600259373602,135.1910833811189,138.90203857421875,1593320
2017-08-09,145.33744063808726,147.4042921712266,142.56597965033345,144.96165466308594,1956800
2017-08-10,152.1016864869097,154.54433829747023,150.83339808687379,154.3564453125,1618740
2017-08-11,155.20198399222068,156.98700333816055,151.631959635658,155.5308074951172,1443700
2017-08-14,150.83344494514873,152.24266427319063,147.1694660910476,150.03488159179688,916760
2017-08-15,142.1902345552428,145.6193291527769,141.86141098109235,144.022216796875,1126560
2017-08-16,143.03576590795,155.85965642763793,142.80089601319148,154.1216278076172,1618200
2017-08-17,155.71869019528083,157.87949539989546,151.91379625557275,153.93368530273438,1182920
2017-08-18,159.61756188324523,162.8118007957911,150.1288275007085,151.3031768798828,1824360
2017-08-21,153.1821379720553,158.11440543173762,153.13516112918484,158.0674285888672,1187580
2017-08-22,156.47027016438295,158.39620547191143,153.69880927565444,154.02761840820312,858260
2017-08-23,156.5172787651166,157.50372069831764,153.3700169406302,157.17491149902344,844840
2017-08-24,155.7187140258485,160.88585084118586,155.01410446012068,158.9599151611328,1010440
2017-08-25,160.6979877472762,163.14062609544666,155.57782681663707,159.85244750976562,1042000
2017-08-28,163.23458880558312,177.5146765851079,163.14063510667424,177.1858673095703,2270160
2017-08-29,186.06393971923774,189.6339651060609,175.2599241989146,181.31956481933594,1813440
2017-08-30,178.8768794795518,180.66189901512317,174.74317568143036,176.05844116210938,927200
2017-08-31,176.9040094502947,188.13078767016418,176.8570326037873,187.42617797851562,1249440
2017-09-01,190.24459340513408,190.6673563011928,182.07112485182918,188.6944580078125,1190220
2017-09-05,194.23736372131842,201.51832898777656,194.04947071053792,200.9546356201172,1458020
2017-09-06,198.93476841417166,200.95464344552468,188.31864803551346,192.49932861328125,1114880
2017-09-07,198.23019235907083,206.82642482439985,196.9618891856783,205.55813598632812,1369640
2017-09-08,205.13535436376966,205.41718674524563,194.5192331568159,198.93478393554688,1335640
2017-09-11,187.94289285740837,195.31779895966108,180.8498191609161,182.1650848388672,1385860
2017-09-12,180.4270287905696,187.1443010327664,178.12530703637537,185.7820587158203,901220
2017-09-13,183.9030980118834,184.74862376286814,174.1794801989668,175.5886993408203,1144700
2017-09-14,175.2129338721939,180.5679643728055,171.45501571943907,178.782958984375,1178440
2017-09-15,178.68901254632542,179.62849212263137,172.39450225213977,174.50833129882812,990160
2017-09-18,169.10629044460993,169.76392315149764,162.1541486826809,164.59678649902344,1406700
2017-09-19,165.34839937676804,167.46222834607332,162.9997005219844,166.05300903320312,921960
2017-09-20,167.22735777282003,173.8037145391669,152.38357820457313,158.2553253173828,2306460
2017-09-21,151.67899055555006,159.89943770604788,150.3167478948177,153.980712890625,1205380
2017-09-22,157.5507127692655,160.08730460833206,155.62477688458392,158.67808532714844,991480
2017-09-25,156.94005605791315,167.6031399662462,155.48385994064975,166.7576141357422,1590900
2017-09-26,160.55701487126876,163.6572995873539,155.24896228813125,156.89305114746094,1483020
2017-09-27,150.92737558201335,153.3700280103333,149.51815633536404,149.8000030517578,1510160
2017-09-28,152.0078147867323,155.2959936601491,149.89398551096437,153.22914123535156,1039980
2017-09-29,153.32302664287926,153.79276631662296,149.1423464136238,149.5651092529297,901080
2017-10-02,147.63920300020706,152.47753120039258,145.8541976201433,150.4576416015625,1218220
2017-10-03,151.35015858979767,156.09451876599312,150.45764156466464,155.24899291992188,947740
2017-10-04,157.97346462216203,159.1008514364031,154.732263369516,158.11439514160156,915100
2017-10-05,157.832568359375,158.9599409805921,153.3700403849284,155.01412963867188,787220
2017-10-06,152.8063430476244,161.2616589961997,149.5651414677346,161.12074279785156,1436720
2017-10-09,163.23453462600972,166.5696891357916,161.9192692897687,165.3953399658203,842760
2017-10-10,167.08641753271476,167.88496642395464,159.94636833685425,161.02676391601562,998820
2017-10-11,162.15414067061556,165.30138787497125,155.01409191495154,165.11349487304688,1489460
2017-10-12,163.2345548853416,166.1469469224594,160.74494007013874,163.79824829101562,732180
2017-10-13,166.9454377713587,168.87137284612416,162.76475852901814,165.6301727294922,932700
2017-10-16,165.63023721104452,166.66365605045627,154.59135318641734,157.12794494628906,1388920
2017-10-17,153.83977967223663,157.64467479989653,152.00779737679167,156.65821838378906,1170840
2017-10-18,154.1685873049255,157.08096507100686,152.5244982266263,153.65187072753906,864080
2017-10-19,156.65821428716094,158.72506642118688,154.591362153135,155.71873474121094,947120
2017-10-20,153.88678225601117,154.77928513021337,150.0818864919671,151.96084594726562,1162480
2017-10-23,148.86052194358388,152.75937041832668,146.8876236208098,150.08184814453125,1467380
2017-10-24,147.96803259222122,149.61212184324592,144.9147239831754,145.71328735351562,1389420
2017-10-25,145.76024153348067,145.99511141306107,140.21731810951067,142.94180297851562,1442840
2017-10-26,142.9418003646035,143.6464099904599,133.4530660042626,135.42596435546875,2005280
2017-10-27,135.56687316404242,139.27781373199676,133.4060677905129,138.19741821289062,1243480
2017-10-30,135.5668895591988,144.44496762935384,135.5668895591988,141.95535278320312,1230400
2017-10-31,139.74758721047442,140.02943395090423,135.14414301296355,136.88217163085938,1003000
2017-11-01,138.7610894298184,142.51900662133858,135.23804206276827,136.92910766601562,1263180
2017-11-02,137.44584032343172,141.48560464683425,135.8487281961288,137.53977966308594,1024680
2017-11-03,138.80807976274124,139.5126893046841,131.15132847442274,134.81529235839844,1395680
2017-11-06,135.28502497438524,144.9146882104092,135.1441088074971,143.27059936523438,1588420
2017-11-07,141.2037728162264,142.7539082691652,137.72770150623177,140.82797241210938,902360
2017-11-08,143.74035561440286,145.99510055657973,142.14324341908434,143.12969970703125,1017260
2017-11-09,144.39799325945043,144.86773299961473,140.5930984970555,142.28416442871094,1009020
2017-11-10,141.43863023301708,142.6599563519953,135.70780000913672,136.3654327392578,1115400
2017-11-13,137.25793840945857,138.24438025611994,134.67437020372853,135.80174255371094,730040
2017-11-14,133.68791402174998,138.24438025611994,132.04382516355813,135.80174255371094,1104740
2017-11-15,138.1034655636304,139.51268459999397,134.67437164260596,137.1639862060547,848340
2017-11-16,136.08356587236568,137.77461693948726,135.3319796562479,136.3184356689453,655700
2017-11-17,138.1504701444373,142.0023276829067,136.03664116535472,139.98245239257812,1335320
2017-11-20,137.02304281129327,137.82159150537774,133.7818282034035,135.84869384765625,1122660
2017-11-21,135.75476616710645,139.4657067350608,135.1910728225971,138.19741821289062,766520
2017-11-22,140.6401038469234,143.83434332872832,140.17036401153936,142.5660400390625,1049440
2017-11-24,143.12971538785914,145.47841426632533,140.31127673369966,140.59310913085938,538560
2017-11-27,145.1495661172675,145.61930581343992,141.15677869980223,144.39797973632812,812680
2017-11-28,142.84786412127488,146.1830192899005,141.81443091342362,142.1902313232422,917400
2017-11-29,138.71412389387436,138.8550544012227,133.59396417053753,134.34555053710938,1620980
2017-11-30,131.99686457183697,134.95621914661533,130.11790564554747,133.12423706054688,1182580
2017-12-01,132.09081665495032,139.41874491061006,131.29225338680644,133.4060821533203,1381760
2017-12-04,131.62108801651715,131.62108801651715,127.76921620560262,128.56777954101562,1023980
2017-12-05,125.79630618634636,126.73578573765684,121.00496907585504,123.72945404052734,1912920
2017-12-06,121.42771703021295,122.41417330448535,117.57585277845371,118.93809509277344,1377240
2017-12-07,114.09978608056616,118.70323721227344,113.8649161980062,117.10612487792969,1022640
2017-12-08,117.48190807350433,120.91100233140807,117.34098472249171,118.28046417236328,833800
2017-12-11,117.43492966135082,121.47469410876501,115.36807776637477,116.54242706298828,923320
2017-12-12,115.08624370132105,115.6499299920404,112.54965180925392,115.32111358642578,1108980
2017-12-13,114.80436494734852,129.92998706291547,114.80436494734852,127.48733520507812,2139280
2017-12-14,125.37351813080562,127.67523970319347,120.95796799157473,126.0311508178711,1332940
2017-12-15,128.84957920041288,128.89655603208953,124.19915957075014,124.80982971191406,993720
2017-12-18,127.67525076578123,131.5740990614141,127.34644156141711,130.39974975585938,1159780
2017-12-19,130.399768694051,132.13779731749779,128.00409289572735,130.58766174316406,794400
2017-12-20,131.29223187873538,137.82161013193837,131.15131571817997,136.92910766601562,1273340
2017-12-21,134.5804293755097,140.59309203931082,134.5804293755097,138.47926330566406,951960
2017-12-22,140.96890094548073,143.2236459970124,139.1369187991963,142.75390625,939980
2017-12-26,143.50547032869943,150.41064926685866,142.14322814190615,149.5651092529297,1103100
2017-12-27,150.36372813338573,150.59859805726316,146.32396257562968,148.90753173828125,910740
2017-12-28,150.59854639357542,151.6789419386467,145.00864699000422,149.00143432617188,956100
2017-12-29,150.5046443535832,151.44412404909284,146.08909265175228,148.90753173828125,1060440
2018-01-02,152.99424143607945,160.41612370959933,152.9002877524878,160.27520751953125,1209120
2018-01-03,159.19480111458682,160.36915050955326,148.39078668089556,155.6717529296875,1262880
2018-01-04,154.6852998579555,158.39625549316406,151.7259450538809,158.39625549316406,1108740
2018-01-05,154.5443877297964,158.06743608229937,153.69886185932387,156.9400634765625,644960
2018-01-08,155.06108089505287,156.09449965424233,148.95446467462313,151.0213165283203,797840
2018-01-09,146.7936543217648,148.1089197303607,142.1902110563614,145.2904815673828,997500
2018-01-10,149.14234835456983,151.72591659378287,146.37088711047753,148.5316925048828,979720
2018-01-11,148.90747434369374,151.3970888430735,148.90747434369374,150.7394561767578,588240
2018-01-12,153.6518590065079,162.6708526611328,152.47750975444853,162.6708526611328,1408500
2018-01-16,162.8117793176573,170.60946103376833,162.20110911985455,169.81089782714844,1165440
2018-01-17,166.28785102311954,172.44144385742283,160.6979515535302,161.5904541015625,1155060
2018-01-18,161.4964754931886,163.5633412877941,152.90024618816454,154.02761840820312,1372680
2018-01-19,156.9400652366686,158.49020079502674,154.26254272460938,154.26254272460938,676060
2018-01-22,156.4233285844071,157.64465473771548,151.8668475131362,154.96713256835938,1072160
2018-01-23,153.32300497767704,163.93912297124476,148.5786320762026,163.09359741210938,1328940
2018-01-24,171.126148722455,178.3131739670314,170.75036273666598,173.709716796875,1886640
2018-01-25,175.49479733187238,178.12534315665326,159.24179690463046,162.90576171875,1985420
2018-01-26,164.36193772383297,167.93196273576922,163.14061149141799,166.14695739746094,746840
2018-01-29,161.63745141661678,161.96626064159386,149.84698078264276,151.3031768798828,1737300
2018-01-30,154.1215890025854,154.873175343641,144.6798187434952,147.31036376953125,1449200
2018-01-31,150.22274605827428,153.9806635515176,142.2841482208613,152.148681640625,1742080
2018-02-01,149.14236955603593,153.88674386409497,146.9345870127322,151.58502197265625,1113280
2018-02-02,145.10260745080205,145.38445417086282,133.96978385861922,135.28504943847656,2203600
2018-02-05,137.35192369125892,137.82166352216976,128.1450201383425,132.7954559326172,1398020
2018-02-06,129.22541808387209,130.21187450220958,120.1124619286555,122.1793212890625,1938660
2018-02-07,120.72310281216167,124.95076010908562,115.79083596575039,116.8712387084961,1998500
2018-02-08,117.43492566901386,120.2533638850702,114.4755641086229,114.71043395996094,2014900
2018-02-09,113.67702827497969,115.08624763376044,100.52431425969279,108.08712768554688,2582920
2018-02-12,111.61016075346062,121.38074123161033,109.3554086555571,118.42138671875,1818000
2018-02-13,119.40784328569003,120.39429246231826,116.07269535376632,118.79718017578125,1187860
2018-02-14,119.07900541085864,137.72767589769188,117.81070974533978,135.33200073242188,2727720
2018-02-15,135.75476571927058,137.11700790613753,128.70867061273404,135.80174255371094,1285000
2018-02-16,132.09083549622147,133.8758409750944,121.52169015608246,126.54789733886719,1684820
2018-02-20,121.61561886804944,123.02483812338099,115.27413221905742,116.02571868896484,1464780
2018-02-21,118.7502070048982,124.90379326199589,114.28767950122739,114.56951904296875,1621060
2018-02-22,116.02571080524814,117.62282298570605,112.3617395568137,112.87845611572266,1293440
2018-02-23,112.69055153662528,116.02570628474847,111.09343941839276,115.60294342041016,817620
2018-02-26,118.23348287627063,120.34731872646493,116.54242423083792,118.98506927490234,1145940
2018-02-27,116.11966044810288,116.87124688721609,106.77184263780207,108.41593170166016,2190720
2018-02-28,109.59029108223781,110.24792390102111,106.81882210557072,106.86579895019531,1350880
2018-03-01,102.9199757720484,110.5767274927418,99.81969074536396,109.21448516845703,2196960
2018-03-02,112.5026747068459,113.20728436054222,108.04014690010253,108.27501678466797,1477000
2018-03-05,108.04013535168882,110.48278045654297,105.69143675708689,110.48278045654297,916140
2018-03-06,113.95885659392937,119.736649296902,113.95885659392937,116.82426452636719,1744600
2018-03-07,115.50899042365516,117.05913288142192,108.08710882962724,109.40237426757812,1353440
2018-03-08,109.91909524312968,110.6706816674114,106.48999382979076,109.96607208251953,811420
2018-03-09,108.1340737641485,111.79804473087707,106.81880121613584,108.97960662841797,1208080
2018-03-12,107.33550627769546,112.22079560007661,105.83234088370571,111.70408630371094,1088760
2018-03-13,112.40873562206335,113.86492470209573,108.88568712054231,111.0464859008789,745000
2018-03-14,110.29488713291273,112.6435857210597,109.96607076410402,111.37528991699219,737140
2018-03-15,109.02658361417122,110.24790249299207,106.67788519221715,107.33551788330078,1129000
2018-03-16,107.00671096680107,108.22802995324012,104.14129577246365,106.67789459228516,907240
2018-03-19,106.39605384178519,109.07356899500014,104.04735508148089,108.46290588378906,1005240
2018-03-20,105.51873821047965,106.83772387568936,103.21051868728286,104.95346069335938,1062520
2018-03-21,107.63853656887146,115.59954580756046,106.5550837785207,113.6210708618164,2329020
2018-03-22,111.35995466215192,113.52686026434678,108.58066925697898,108.67488098144531,1064540
2018-03-23,115.5995564028884,121.11103258333083,115.41113293855464,117.71935272216797,2188880
2018-03-26,119.88624983567458,123.74899526635328,119.65071692833534,122.47711181640625,1203820
2018-03-27,117.29539154935907,119.98046534001858,115.03427413010584,116.44747161865234,1439080
2018-03-28,113.29133399266212,114.3276773982594,108.91042026347513,110.55915069580078,1497980
2018-03-29,109.75832473254594,114.94004821777344,109.52279184685379,114.94004821777344,1020100
2018-04-02,118.23752166968332,122.38289516515778,116.91853592662596,119.08544158935547,1284900
2018-04-03,115.92929704635647,117.05985209891486,112.77315041450133,114.56320190429688,899260
2018-04-04,118.09618043070932,118.80277904579681,112.39628924840599,113.43263244628906,1135860
2018-04-05,110.55913930644385,114.84584086404952,110.32360641180385,114.28056335449219,641780
2018-04-06,116.96562995393899,118.00197319109252,115.31689978959238,116.40035247802734,1070600
2018-04-09,116.30613607963066,117.71933339378361,112.20786530616576,114.94004821777344,985180
2018-04-10,116.4474760267368,120.54574746108165,116.4474760267368,118.47306060791016,1167880
2018-04-11,122.05314752972795,131.14471141211567,121.7233957305587,126.48116302490234,2269880
2018-04-12,122.7597365527072,125.16217473774734,121.20521096201736,122.618408203125,912100
2018-04-13,124.83243917762687,130.8620757724953,124.7853297216476,128.3654327392578,1301540
2018-04-16,129.11917462365128,129.5431310865946,124.92669071091612,126.90515899658203,845340
2018-04-17,124.59691196081239,129.96705954445724,124.36137904595263,128.6951904296875,836460
2018-04-18,132.08682929127264,135.4313988867637,129.778610063664,130.53231811523438,1360640
2018-04-19,131.8984093108614,133.73556285110553,127.56459868319023,131.75709533691406,949740
2018-04-20,127.51752089703268,128.22411961413678,124.1729507609158,126.66959381103516,883940
2018-04-23,122.6184326441205,123.08949848505188,119.93336597628485,121.11103057861328,900420
2018-04-24,122.57133072860312,125.63325852398694,121.58208964262924,124.9737548828125,826520
2018-04-25,120.545718507835,124.45557272720552,118.47303215249123,121.95891571044922,673000
2018-04-26,122.52421893809351,124.5969056080222,120.73416025095564,123.18370819091797,623100
2018-04-27,124.36138816034789,125.63327174412171,123.04240949078113,125.491943359375,609200
2018-04-30,120.96969217166922,121.72340032982972,118.04909282550499,118.75569152832031,1513640
2018-05-01,116.21192203465168,119.6978129857925,114.75162248535302,119.27384948730469,893540
2018-05-02,120.1217821572858,126.71670353062699,119.03832935122955,120.35731506347656,1213320
2018-05-03,124.78533468980699,126.48117454206493,122.14736318360441,123.70188903808594,808160
2018-05-04,122.14738164520661,124.69114899595775,121.20524984886627,124.1729736328125,721320
2018-05-07,122.42998086042702,126.10430219516158,122.38287141207428,123.65475463867188,518480
2018-05-08,121.91184089607982,125.0679879622026,118.37885407374283,124.36138916015625,1112880
2018-05-09,123.5134700186963,125.30351447516895,122.61843341467129,123.04240417480469,509720
2018-05-10,126.01011293413167,128.6951939880903,125.35062362944721,128.0356903076172,1018000
2018-05-11,129.07201120318086,130.01414267181724,126.19850734868292,127.28196716308594,619460
2018-05-14,128.41256133289326,128.45967079589337,123.79610709888749,125.77458953857422,672060
2018-05-15,118.37884184850319,119.27386403017312,114.89295047233328,117.53092193603516,1506040
2018-05-16,116.87142696840604,118.89700414272221,116.25903999547374,117.38959503173828,768680
2018-05-17,117.48381323360867,117.48381323360867,114.94006066775852,116.2119369506836,700320
2018-05-18,114.89293816056703,117.24826700508781,113.85659490655651,116.259033203125,776720
2018-05-21,116.07062066382699,117.67224884033203,113.90372210205331,117.67224884033203,710320
2018-05-22,118.28461584223473,120.0746599894706,115.17557893449003,115.26979064941406,845680
2018-05-23,113.19710816395943,119.79202907186342,113.19710816395943,118.61436462402344,935720
2018-05-24,119.98048721609763,123.65480279383642,119.03835538528745,123.51348876953125,1187820
2018-05-25,122.42999903264504,122.42999903264504,117.76645046922137,118.75569152832031,1026540
2018-05-29,116.21193067161965,119.93335478031314,114.98716391226863,117.01274108886719,882600
2018-05-30,117.53092219498272,121.20522984394955,117.53092219498272,120.40442657470703,778220
2018-05-31,119.46229185448186,120.68706583116241,117.81356152550853,118.80279541015625,550080
2018-06-01,117.71934318692524,119.93335824693135,115.45823304649203,117.86066436767578,662260
2018-06-04,119.41519153728048,119.9333668411996,116.07062116739023,116.54168701171875,748620
2018-06-05,117.01273090167489,120.31019119329252,116.35324171850856,118.84989166259766,829720
2018-06-06,120.02756310467821,121.4407532676533,117.76644590570989,120.16888427734375,667340
2018-06-07,120.45153123209873,120.92260424975305,117.76645744004455,119.1325454711914,761620
2018-06-08,118.89702711751778,118.9441365814209,116.63591660806817,117.76647186279297,666260
2018-06-11,117.29539085505016,120.49863991437331,116.6830038427261,120.45153045654297,799120
2018-06-12,118.52015939525647,121.25233531352882,118.04909359032763,120.4986343383789,552940
2018-06-13,120.59285002771774,122.10026640337941,116.02351300721504,120.40442657470703,873220
2018-06-14,121.44077431215705,123.04240975465201,121.2994603028966,122.99530029296875,817880
2018-06-15,118.23753146039762,118.94413025398565,114.46900456126143,115.8822021484375,1948600
2018-06-18,114.98717185989078,117.20117982103478,114.94006240178157,116.44747161865234,799940
2018-06-19,113.66817257145549,115.78796855198779,113.14999734550139,113.99791717529297,763920
2018-06-20,113.99793990228831,114.75164816522992,110.60626709484049,111.50128936767578,1096040
2018-06-21,110.70046806156509,112.06655606886936,109.80544587579939,110.84178924560547,732920
2018-06-22,111.68970324301289,115.22269671732295,111.68970324301289,114.51609802246094,1037460
2018-06-25,113.10289260042991,114.51608988979191,110.79466604840276,111.26573181152344,880400
2018-06-26,109.28726871698328,111.45417433394309,108.10960418339509,110.98310852050781,882940
2018-06-27,109.1459624371887,111.54840128887369,108.15672840664978,108.4864730834961,1411420
2018-06-28,108.4393687720384,109.80546419514864,107.21460174444101,109.19307708740234,911420
2018-06-29,110.08808607674938,116.30615376706581,109.85255315523818,114.61032104492188,1738560
2018-07-02,112.58472661827524,114.04503347885804,110.55914223317104,112.2549819946289,1015640
2018-07-03,115.08138454234098,120.54574389728865,114.84585162563046,118.00199127197266,1414280
2018-07-05,120.12177522458369,122.47710415055592,119.83913287830963,121.91181945800781,999920
2018-07-06,121.91181673062646,123.32501405459409,120.4515171419292,120.87548065185547,1065940
2018-07-09,124.73821387964011,125.82167380854462,119.32096455037161,119.79203033447266,1173980
2018-07-10,117.813572199315,120.4986461121867,116.44747691880521,120.02758026123047,773800
2018-07-11,116.87142902378471,117.7664511775768,109.89965367649341,110.93599700927734,2209660
2018-07-12,112.67893614720653,114.61030877193593,112.06654917927571,112.58472442626953,938680
2018-07-13,109.89965453415715,111.92523894779801,109.52280044986915,109.8054428100586,1130260
2018-07-16,109.5228010276408,110.70046555481973,107.73274950875005,108.86331176757812,1436620
2018-07-17,106.46088416920088,109.89966637861681,105.98981831004512,108.76910400390625,16470580
2018-07-18,107.07325648416668,108.76908903094534,105.37741674949443,108.5806655883789,1828740
2018-07-19,103.86999655750176,109.38146432501513,103.39893081347681,104.67080688476562,2082360
2018-07-20,108.01539289148562,108.34513752463398,105.23610026833475,106.79061889648438,1075060
2018-07-23,105.33030893772202,105.98979813987955,100.71386295893974,100.99649810791016,2088540
2018-07-24,102.55101890245619,104.48239147625452,102.50391663717659,104.10553741455078,1105880
2018-07-25,106.17822867117279,106.50798048219063,102.92787751940179,106.1311264038086,1103920
2018-07-26,103.44605245283057,104.52949804144392,100.14859185609237,100.38412475585938,2069340
2018-07-27,100.90230470886989,101.75022468549457,98.5469754337427,99.34778594970703,1230560
2018-07-30,99.4890923919246,100.33701224282292,97.51061753175749,98.4056396484375,1046340
2018-07-31,97.51062263157328,101.3733608344723,97.46351317543431,99.48909759521484,972400
2018-08-01,99.06513507494215,99.06513507494215,96.19163093878662,97.03955078125,1361600
2018-08-02,96.33296119729417,96.47428238235068,93.64788743279681,94.4015884399414,1194580
2018-08-03,96.28584658525008,99.39488373848334,95.06107981874432,96.94534301757812,1392300
2018-08-06,94.77844106760996,95.81478442879566,93.45945534069455,93.97763061523438,1112940
2018-08-07,95.57924625031677,95.7676768797123,89.83224502978418,90.02067565917969,1754920
2018-08-08,90.44463117732559,91.76361681957361,89.17275498897314,91.15122985839844,1114500
2018-08-09,92.09336171973739,94.4486906639762,90.6801643531941,90.96280670166016,1422820
2018-08-10,90.303311211618,91.71650859266958,88.23062459456642,88.8901138305664,1464060
2018-08-13,86.15793993160464,86.81743642547558,79.89276996114407,81.0704345703125,2588280
2018-08-14,81.91833525318467,82.0125541583335,78.14980905981643,78.47956085205078,1414420
2018-08-15,74.28707549566495,74.89946247549618,62.745963353214286,64.06494903564453,4534620
2018-08-16,66.27895999837497,67.64505520069395,59.307187959632195,59.35429382324219,3015200
2018-08-17,61.42698132026744,65.52525978914254,60.76749203381777,64.34759521484375,4674860
2018-08-20,66.46738277311879,66.98555080544139,63.12281294349286,65.47814178466797,2454500
2018-08-21,66.0434336354075,67.26820777440109,64.20627961481185,66.60871124267578,1631800
2018-08-22,67.92769430998139,68.49297189388011,66.70292740951656,68.06901550292969,1349920
2018-08-23,65.61947888834389,65.85501182966036,60.86171059859349,62.03937530517578,2109920
2018-08-24,64.53602028047456,69.5764233465532,63.499676866834115,67.07977294921875,2726760
2018-08-27,68.30454498177588,70.61276466117481,67.92769088222863,70.28302001953125,1792100
2018-08-28,71.64911820136476,72.68546162714982,65.05419634359423,66.3260726928711,2649160
2018-08-29,67.12689607606791,68.3045609195077,66.04344298252414,67.03268432617188,1101340
2018-08-30,65.8078912130223,65.90210293600275,62.79307295028539,63.97073745727539,1655180
2018-08-31,64.25336551973754,65.38392763414299,61.992255666712474,62.6517448425293,1515580
2018-09-04,60.531957886623665,60.531957886623665,56.29236550545936,57.04607009887695,2567900
2018-09-05,57.89398704447675,57.89398704447675,54.69073819424811,55.44444274902344,1728260
2018-09-06,56.951861496917395,57.98820492047898,54.45521107568196,55.20891571044922,2174520
2018-09-07,54.26677839952234,56.52789566364694,52.47673052654161,55.3502311706543,1378260
2018-09-10,55.962613541062574,56.15103696928409,52.523832066822074,52.85357666015625,1668560
2018-09-11,51.58170461628358,52.8535808267776,49.74454729472247,52.47673034667969,2083940
2018-09-12,52.52383170442738,58.977431113043,51.15774029556777,57.517127990722656,3178220
2018-09-13,59.7782493784249,60.24931516770493,55.82129602968331,57.140281677246094,1910680
2018-09-14,57.14028033119294,58.22372946464615,55.44444065457631,55.86840057373047,1426320
2018-09-17,57.893988625257975,60.060890627133816,56.1981524322224,59.21297073364258,2215540
2018-09-18,59.118752938246644,60.76748309987105,58.223727274575516,59.91956329345703,1390900
2018-09-19,61.89804174317265,65.43103515746088,61.14434079419392,63.54677200317383,1947920
2018-09-20,65.00707818027415,66.65580842397675,62.46332582229036,65.14839935302734,2067980
2018-09-21,61.47408540861546,65.00707882290371,60.767486725757806,63.54677200317383,2070900
2018-09-24,64.77155221668477,67.03266965891879,63.358354713775284,63.40546417236328,1862440
2018-09-25,65.52523813901153,66.98553741590948,63.59386600014667,64.3946762084961,1605120
2018-09-26,62.98149260820751,64.0649453270525,59.73114163956584,60.15509796142578,2828200
2018-09-27,58.31795404416583,60.390640922392386,57.23450114459057,59.448509216308594,1513220
2018-09-28,60.15510136070643,62.46332809874881,60.15510136070643,61.003021240234375,1585480
2018-10-01,60.01377988798883,61.709615943211425,59.91956457750909,61.09722900390625,1171160
2018-10-02,63.59388187740497,66.42027662751185,62.88728318987825,66.13763427734375,2306240
2018-10-03,66.60870593700788,67.88058943691904,63.075712188130645,63.49967575073242,1737400
2018-10-04,64.394676883609,65.43101993986102,61.52118055435988,63.1699104309082,1605360
2018-10-05,64.06495246823401,64.48890883735145,61.42698096203144,61.85094451904297,1324560
2018-10-08,58.88323137532053,62.7930793762207,57.517139688623644,62.7930793762207,1800260
2018-10-09,61.568295690005556,61.70961686085335,58.41215641790699,59.589820861816406,1369820
2018-10-10,59.16586180115762,62.510428151569094,57.09317163103255,61.61540603637695,2383020
2018-10-11,65.61946903201607,75.27631817549033,63.78230805296026,74.05154418945312,4944960
2018-10-12,72.59125679338655,74.28708969093907,67.31531305550294,72.63835906982422,3315060
2018-10-15,76.17134490915525,79.89276935880709,74.75814738880767,76.07713317871094,3696920
2018-10-16,77.91427590071616,79.18615923685216,72.7325524029253,75.41763305664062,2197560
2018-10-17,75.41764322918092,77.9613958687748,72.87388340169282,74.33419036865234,1927800
2018-10-18,73.67469685094693,79.32748711126187,73.015207529068,75.37053680419922,2438300
2018-10-19,77.20768474995498,78.38534929579257,74.99367684135909,75.60606384277344,1673640
2018-10-22,74.80524878089355,74.852351047089,71.55489052187991,73.58047485351562,1675320
2018-10-23,79.2803543779999,80.78776309733985,74.42837649784079,76.17131805419922,2476660
2018-10-24,75.60605143567143,77.67873782105609,72.59123356822234,73.20361328125,1782500
2018-10-25,73.43915356318091,74.00443825978184,62.32200526562334,63.54677200317383,2779640
2018-10-26,64.72443842901275,69.24667301101184,63.640992832896934,63.97073745727539,2311360
2018-10-29,63.923626501342966,67.59794111448238,61.5682975426502,63.264137268066406,1858420
2018-10-30,63.07570028773687,65.9492042031752,61.70961250439966,64.81864929199219,1843760
2018-10-31,62.086476979755254,62.651754530420845,59.872465452763144,62.416221618652344,2378660
2018-11-01,65.28972952247506,69.81195735847034,65.1012988702079,68.82272338867188,3140860
2018-11-02,67.73926616049988,69.81195288743446,66.70292279703258,69.48220825195312,1582360
2018-11-05,67.50374673634221,71.36648578340971,66.60871718935758,69.05826568603516,1791000
2018-11-06,69.71774453657105,69.81195626728486,66.09053899488237,67.07977294921875,1533780
2018-11-07,68.35164544791975,68.63428059447854,65.76078373771855,66.04341888427734,1566140
2018-11-08,64.86575252206629,67.59793531742221,64.39468677072537,66.56159210205078,1265040
2018-11-09,62.60463704080871,63.829410900025486,60.53195055832675,62.98149108886719,2205420
2018-11-12,60.861701288396006,61.615409460469635,58.694799278551606,58.93033218383789,1880360
2018-11-13,59.165860426734625,59.966674397970365,55.58576126729161,56.998958587646484,1968740
2018-11-14,56.66921949290199,63.02860805272629,56.33947126306143,60.57906723022461,2431160
2018-11-15,61.5212134930101,63.593900715237346,60.6732933792278,63.452579498291016,1893040
2018-11-16,65.94920922387797,67.2681948459342,65.24261055362214,66.09053039550781,2148060
2018-11-19,65.9021298361829,68.86984704275044,65.57238507720798,66.27898406982422,1634140
2018-11-20,67.36242664764073,67.59795960794717,61.945168560592705,65.24263000488281,1748860
2018-11-21,66.51450255724954,71.46069442655337,66.42029081636564,70.33013916015625,2072060
2018-11-23,68.86983376639928,69.52933034511162,64.77156183684693,65.57237243652344,1333540
2018-11-26,66.18473689543025,68.63427732159714,64.20626221229132,64.63021850585938,1384580
2018-11-27,64.67733842008815,64.91287132971127,59.21297204167412,60.57906723022461,2146340
2018-11-28,59.77826417039392,66.46740218974739,59.35430413634478,65.19551849365234,2540300
2018-11-29,65.90211098423072,66.84424270487959,63.405467674826895,63.59389114379883,1645860
2018-11-30,62.41622701229581,63.45257047605311,59.731153023685415,62.7459716796875,1642400
2018-12-03,65.5252719733126,66.37318487415854,63.217044665744574,65.996337890625,1855980
2018-12-04,68.21032176672546,69.2466649750317,66.79712452233706,67.50372314453125,1941880
2018-12-06,68.02190003813037,70.51855026684783,66.56160034095537,68.681396484375,2045360
2018-12-07,70.3772277392907,75.13499520083323,69.38799387069933,73.81600952148438,2772080
2018-12-10,72.07306402272452,77.53742992182698,71.41357480878503,73.34494018554688,2777240
2018-12-11,73.6746837829193,75.747377490128,71.22514320884835,71.97885131835938,1789440
2018-12-12,72.167259824885,76.59528147356754,72.167259824885,76.17131805419922,1956120
2018-12-13,74.47552114207457,76.68952941894531,74.42841167724737,76.68952941894531,1347540
2018-12-14,73.91021808395976,75.37052487864078,72.12017386840675,72.7796630859375,1700180
2018-12-17,74.38128127422897,78.33823800529825,74.23996729531729,77.86717224121094,2192420
2018-12-18,77.25479659921345,84.1794629055885,76.87794249529698,83.33154296875,2132700
2018-12-19,82.95469110196511,87.80666314117947,69.48220620927952,70.00038146972656,3298920
2018-12-20,77.39610813387876,80.08118160907497,74.94656754576806,78.47956085205078,1888320
2018-12-21,78.33825473858091,79.4217076649891,73.81601956222269,75.98292541503906,1905640
2018-12-24,78.71508573324715,82.90756782180648,78.1026988515303,82.86045837402344,1832380
2018-12-26,85.26291809706238,85.96951686582256,76.31266702610003,77.63165283203125,2304800
2018-12-27,79.77956740138222,81.47901668884265,78.26894981430232,81.33739471435547,2004520
2018-12-28,80.20442672729648,81.66784180272654,76.71112308059574,76.85274505615234,1898080
2018-12-31,78.08009510630741,82.70636595612524,76.5222754555648,82.61195373535156,2001440
2019-01-02,82.84798429733543,83.93374279714087,79.30747214787664,81.95105743408203,1918060
2019-01-03,84.50022768263572,87.2382253275157,82.8479885938691,87.09660339355469,2455360
2019-01-04,82.80079744347228,85.77482991059833,81.10135546453768,84.6418685913086,2148000
2019-01-07,87.00219104607247,87.04939355519731,80.91250552008799,81.7622299194336,1782440
2019-01-08,78.9770513544189,81.85666451292202,77.41922406371773,81.71504974365234,1615400
2019-01-09,81.33737063175842,85.72760732183022,81.14853898728771,84.83067321777344,2210080
2019-01-10,83.74493435106659,85.06672736019753,80.44045542983544,81.05414581298828,1642380
2019-01-11,81.9510732409862,83.6977247976458,81.05413900153974,81.99827575683594,1526520
2019-01-14,82.28154178279497,83.98098407723997,79.21309650325387,80.58209228515625,1772600
2019-01-15,80.67646258722681,81.47898439013255,74.39796050465834,76.38064575195312,1893520
2019-01-16,76.00301096687653,78.08010900643362,75.10608390506597,76.2862548828125,1309720
2019-01-17,75.76697808299086,77.985698118926,75.34211940492384,77.27759552001953,1375640
2019-01-18,74.25635555101043,76.61669738541514,72.1320479000462,72.93456268310547,1872240
2019-01-22,73.40661122607614,74.91722815150536,71.9431968026727,74.44515991210938,1468660
2019-01-23,72.84014709769198,76.05021328536826,71.94321291998718,74.9644546508789,1211600
2019-01-24,73.26500572705285,75.86138162539241,73.17059349866058,74.9644546508789,948000
2019-01-25,78.12731399794711,82.80078790567154,78.12731399794711,82.2815170288086,2273260
2019-01-28,81.903869590018,85.53879492657342,81.903869590018,85.49159240722656,1758520
2019-01-29,87.6630977492837,91.48685455322266,85.82203392705644,91.48685455322266,2498020
2019-01-30,89.92902391433715,98.75670093668101,88.84326522958872,94.4136734008789,2935080
2019-01-31,97.2932794288886,100.73937225341797,95.68824288833338,100.73937225341797,2642820
2019-02-01,98.89832555520572,100.03128678530128,94.08322952251187,99.03994750976562,2245740
2019-02-04,93.98883607293064,98.09583035688959,93.46955787015249,97.95420837402344,1363580
2019-02-05,98.0485974644293,99.2759780883789,94.3664627957721,99.2759780883789,1517700
2019-02-06,96.20753773698904,99.18156998561078,94.27205448861201,94.60250091552734,1714080
2019-02-07,94.60249571021981,96.01870077895478,91.06198303838237,92.05332946777344,1837840
2019-02-08,92.57260644862251,96.91563383419322,92.47818701593442,96.0186996459961,1624320
2019-02-11,92.38378295258754,95.49943722372277,92.10054623906107,92.47819519042969,1209100
2019-02-12,94.1304159010677,94.6496939110329,90.87314752056776,92.28935241699219,1355520
2019-02-13,91.34523850554287,94.74412966045948,90.21227718830146,90.49551391601562,1729940
2019-02-14,90.40110589041927,93.32792876581519,89.36255676730366,92.99748229980469,1461420
2019-02-15,94.41366159308187,96.49075926685337,91.48683952433447,96.39634704589844,1858240
2019-02-19,99.37038976340753,107.1123079848382,98.99273363483228,105.50727844238281,3479660
2019-02-20,107.63160111709452,113.1548002600964,105.6017054448617,108.6229476928711,3246960
2019-02-21,105.17683550777883,106.49862839988933,102.86369614578753,103.47738647460938,1951980
2019-02-22,105.41287975558295,108.38691224585936,103.38298410646142,104.51594543457031,1968700
2019-02-25,103.8078460910628,104.79919268694611,100.36175227427141,100.64498901367188,1519660
2019-02-26,100.31453971094568,101.02264234419941,95.12178706708495,100.03129577636719,2024660
2019-02-27,97.95418759280659,98.99273657483896,92.90305743227371,94.93295288085938,2105840
2019-02-28,94.74411797685374,94.74411797685374,92.43098590473866,93.42232513427734,1449880
2019-03-01,90.778749372409,94.27205244378496,86.53013402458822,86.86058044433594,2691220
2019-03-04,85.444388905103,88.27679958704012,82.98963442139608,88.13517761230469,2021380
2019-03-05,87.4270530514252,89.5985702451395,86.19967971848367,89.50415802001953,1319180
2019-03-06,89.36253941363405,89.40974192635898,83.69771925686729,84.35861206054688,1916040
2019-03-07,83.83933881877645,88.51281243401606,83.83933881877645,87.3326416015625,1822760
2019-03-08,92.14773089126541,94.50807239566868,89.07928693554116,94.08321380615234,2681680
2019-03-11,94.22483730102611,95.92427889048992,89.45694450171638,93.28070068359375,1865960
2019-03-12,94.55528828748893,98.56786910725044,93.79997607543386,98.00138854980469,2200980
2019-03-13,100.5033538871631,101.73073454015396,97.29329470831024,100.31452941894531,2194980
2019-03-14,94.41367848055793,95.54663974104783,91.48685588829905,92.47819519042969,1564140
2019-03-15,94.13043962205279,96.34916694812553,91.15641435265599,92.76144409179688,2019620
2019-03-18,93.8943919460182,94.46087972864548,89.59857428237052,89.74019622802734,1545000
2019-03-19,93.03028540129176,93.69208331658831,90.66671111372365,90.90306854248047,1399840
2019-03-20,91.42305289195107,97.89925237567071,87.07407753440727,96.76473236083984,3452980
2019-03-21,97.6629073953948,98.79742034184856,93.12484118346491,97.71017456054688,2504520
2019-03-22,96.43384770603329,99.69557790498493,95.4411434473658,98.702880859375,2029800
2019-03-25,100.35737174117774,105.79359293021926,99.45920912993685,104.65907287597656,2481020
2019-03-26,101.63368653014602,106.45537626245343,101.06643018747263,105.93539428710938,1901720
2019-03-27,104.42271749006258,105.98267808721647,101.16098759760553,101.68097686767578,1743440
2019-03-28,96.57565199771236,97.66289767075313,92.36848521299925,93.64482116699219,2495240
2019-03-29,96.00840100994151,96.38656716711658,93.40846900754883,93.55027770996094,1701480
2019-04-01,94.0702663134503,94.59025559538064,86.2704703628376,87.92497253417969,2645880
2019-04-02,88.39768433560684,90.09946082301236,87.59407046607632,89.39038848876953,1336540
2019-04-03,89.39038542839342,91.37578645368966,89.05947924663026,89.43765258789062,1404520
2019-04-04,86.79047058013126,94.54299313170814,85.7504918852361,94.25936126708984,2136080
2019-04-05,92.84120153155932,93.69208977636114,91.13943225501247,93.36119079589844,1322080
2019-04-08,97.00108858192907,97.7101608774301,94.73205579371451,96.52837371826172,1565200
2019-04-09,98.08834838867188,98.27743147624633,95.96113119470067,98.08834838867188,1352120
2019-04-10,97.99379553755043,99.4592073298048,95.15750627286333,95.58294677734375,1398640
2019-04-11,92.1321228441821,94.40115560285874,89.15402501229133,90.90306854248047,1834320
2019-04-12,90.80854256003045,92.08487145121373,89.3903977447029,90.38309478759766,1148180
2019-04-15,87.68861965241307,91.09216571113514,86.41229078202447,90.6667251586914,1206060
2019-04-16,87.0740799192752,87.68861070917457,85.27776192305275,85.56139373779297,1922880
2019-04-17,85.56138588556821,86.55408993299886,81.63785127803868,83.76506805419922,1722780
2019-04-18,83.05600792315957,84.3796111086518,78.09250138735652,79.84154510498047,1511500
2019-04-22,80.692433420898,80.73970779696062,75.20894481131742,75.87074279785156,1313380
2019-04-23,73.36535993703227,75.63439317489055,72.84537781178959,74.07443237304688,1386860
2019-04-24,74.12169280640205,77.90341175353423,72.46719076703172,76.10709381103516,1813300
2019-04-25,77.00526135807176,78.13978154952761,73.31809057174867,74.4998779296875,1600640
2019-04-26,76.43798652722059,80.2669795333807,76.39071937207957,79.03791809082031,1889800
2019-04-29,78.04523753440431,78.23432062046949,72.75082456789038,74.02716064453125,1979820
2019-04-30,73.64897591592062,75.77619276527807,73.36534411745045,74.21623229980469,1329480
2019-05-01,73.55444595785562,76.53254424497773,68.59093919524223,70.43452453613281,3196800
2019-05-02,68.54366038363813,69.67817325648937,66.46371771239188,66.79461669921875,2034240
2019-05-03,69.15818566148876,70.81268767629444,67.69276670600976,68.16548156738281,1685620
2019-05-06,67.74005698503031,69.67818404396391,67.31460918205119,68.023681640625,1146760
2019-05-07,68.96909320488015,73.31807556222665,67.64549740539847,72.18355560302734,1858600
2019-05-08,74.21624551307883,74.97259230161985,68.30730876840694,69.7727279663086,1921980
2019-05-09,70.056329757061,72.60899392617772,68.73272691526587,69.25271606445312,1763360
2019-05-10,70.38723024345761,70.43450460828264,67.45639995069048,67.55094146728516,1641860
2019-05-13,71.00176681963535,74.54712808439467,69.06364032273383,73.88533020019531,2242800
2019-05-14,73.27080414904745,73.60170311227058,70.4345149561811,73.0344467163086,1260300
2019-05-15,73.8380496112325,74.87802071867557,72.32536370831029,72.70353698730469,1138360
2019-05-16,71.37994739565713,71.8053879055079,68.54365809516743,70.2927017211914,1407820
2019-05-17,69.15819213450823,71.99448156821555,68.35457823756923,71.52176666259766,1196360
2019-05-20,71.37996176100792,72.93992263283363,70.81270522935988,71.33268737792969,1145880
2019-05-21,69.77271184136727,71.7108383178711,68.96909085936805,71.7108383178711,983220
2019-05-22,71.19086420517881,71.4744888069064,66.93643026175515,68.11821746826172,1460640
2019-05-23,69.67817330140174,72.98717759791715,68.44911889053017,68.96910095214844,1977880
2019-05-24,68.87456222781233,70.33998136134213,68.21276422670309,69.81999206542969,1052560
2019-05-28,68.02368056117537,69.1582008047249,67.07825063141306,68.68548583984375,1109160
2019-05-29,69.01638061086969,69.58363709108725,67.6455101825891,68.49639129638672,979260
2019-05-30,68.59093795742363,72.18356703102776,67.78731682086658,71.9944839477539,1286460
2019-05-31,76.1543747694215,81.77967930457088,76.05982601712083,80.73970794677734,3426400
2019-06-03,84.99415275675284,90.33583334202181,83.81236533581094,90.28855895996094,3465260
2019-06-04,86.60137542116031,91.70669820726928,86.50683387592927,91.659423828125,2057900
2019-06-05,94.54298435365521,96.62292712421272,88.39769037066762,91.8485107421875,2176780
2019-06-06,92.3212164719552,95.39386315751963,91.65941131953815,94.82660675048828,1851900
2019-06-07,96.9065598181061,97.85198966999006,93.03029886799332,94.77934265136719,1998060
2019-06-10,88.91767786676678,90.43036414313961,86.93226946515422,89.95764923095703,1666660
2019-06-11,88.4449532100032,92.36848077839127,87.92496397867026,91.28124237060547,1139980
2019-06-12,93.26665091615305,97.09563726614803,93.26665091615305,95.77204132080078,1501620
2019-06-13,96.19747287308158,99.12830352783203,95.39385906319043,99.12830352783203,1344900
2019-06-14,101.82278603285359,104.46999234398734,97.23745296986914,100.26283264160156,2290800
2019-06-17,99.88466634150133,102.05915069580078,97.71017477414446,102.05915069580078,1491760
2019-06-18,105.6517827880995,107.35355935581522,100.40464438185694,104.56453704833984,2138420
2019-06-19,102.53185285664587,109.29167696919133,101.63369748502409,108.81896209716797,2288920
2019-06-20,118.17873443082725,124.79674355895357,116.287874679934,123.28404998779297,5541500
2019-06-21,122.43317028981141,125.78944927178217,117.56420493219967,125.69490051269531,2566960
2019-06-24,126.92396474848138,139.7345428466797,126.30944108066677,139.7345428466797,3233140
2019-06-25,140.72889611384028,141.10770295901165,122.78263642538785,130.78506469726562,4290880
2019-06-26,122.59325490783914,132.72649155761232,122.16709351823584,129.41188049316406,1919480
2019-06-27,126.52342105704007,127.47045260851326,123.5876174672513,126.47606658935547,1716980
2019-06-28,127.6599054163179,130.4536466838639,124.2505847318331,129.8854217529297,2047300
2019-07-01,118.89984252881455,121.22006749306232,114.30673262873698,115.39582061767578,2120060
2019-07-02,118.94716631286452,129.8380368280791,118.09483643642263,128.1333770751953,2209260
2019-07-03,130.6430501773219,130.69040466332646,125.62377812260382,129.8854217529297,1350000
2019-07-05,119.61011803012838,127.56517929009618,115.15906427961585,126.19198608398438,2038760
2019-07-08,126.61814736685851,129.08043579979778,123.16148711538445,125.81317901611328,1016720
2019-07-09,124.9134842932576,129.60130310058594,123.30353317938953,129.60130310058594,1471600
2019-07-10,135.89905759588453,138.31399147463375,131.35330225657262,138.1245880126953,2340060
2019-07-11,137.08283475521594,139.35570499166013,130.31156406911873,133.6261749267578,2002180
2019-07-12,135.14140974800105,138.50337490065812,132.6791361978784,137.93515014648438,1536740
2019-07-15,137.79312625962427,139.45043190192217,134.57322393481175,137.6510772705078,1230520
2019-07-16,136.9407497735793,139.87653851942616,134.14699551064467,135.52020263671875,2096340
2019-07-17,137.69840175533025,151.6197791395214,137.36694933462277,151.5250701904297,3052900
2019-07-18,149.6309985404013,171.93359646612294,146.17433884801315,171.36537170410156,4189540
2019-07-19,164.12060278671262,171.31803531207441,159.1960406481898,165.7779083251953,3022280
2019-07-22,167.67198418162008,171.4127569260831,165.6358571279088,169.94485473632812,1876380
2019-07-23,169.99217450911178,173.68559201905964,159.81158467082236,164.07322692871094,2438640
2019-07-24,167.95606877275333,169.7080686535117,163.36295949372186,168.61898803710938,1533340
2019-07-25,165.6831788296554,165.7305333007096,153.9399925359988,155.97610473632812,2110360
2019-07-26,157.3019664074652,159.29072424716867,152.37739015549883,153.5138397216797,1428740
2019-07-29,155.5972758139321,161.37415919980995,152.0932622109318,161.2794647216797,1176140
2019-07-30,162.88945909147017,165.3990874193425,160.28512180948445,162.6053466796875,1492260
2019-07-31,160.04835001627603,163.22091184711704,137.93515504741418,139.21365356445312,3703500
2019-08-01,132.82118582876228,161.84769944712508,132.58442792175916,160.66390991210938,3471820
2019-08-02,158.10693476052091,164.73615646494994,155.26583974433706,158.86456298828125,1787540
2019-08-05,171.50744755946178,179.9360239539227,168.4769345429501,173.35415649414062,3506100
2019-08-06,173.35413740102945,176.57403906323898,167.81399675662334,174.5852813720703,1775000
2019-08-07,189.92717677725255,198.40310610499216,183.81882628131476,184.95526123046875,3103820
2019-08-08,182.161564074752,196.2249769831735,177.6158087551435,194.14151000976562,1876000
2019-08-09,190.1165794159045,196.36699328651216,185.90229200264912,186.70726013183594,1784160
2019-08-12,190.3533522756476,193.90472078825297,179.55719777754948,179.93600463867188,2238060
2019-08-13,186.80200271925665,187.6543254685514,157.53872898604456,169.75543212890625,2813720
2019-08-14,178.37340776880365,180.78832679010011,168.09810912117445,168.2401580810547,1701860
2019-08-15,166.29877202304803,176.5267028055553,163.93119277699412,174.01707458496094,1685600
2019-08-16,167.4825746353433,171.93362107301832,163.12622270452042,166.06202697753906,1473040
2019-08-19,156.35494991715296,167.57726764307876,153.9400160303777,159.9536590576172,1369360
2019-08-20,163.9785124555128,177.42637246497472,163.03148087459607,175.48495483398438,1451180
2019-08-21,170.93919917461352,175.7217115153162,169.99216760023893,172.97531127929688,1071360
2019-08-22,169.94481768538873,174.25381435437149,166.67756155635536,168.57162475585938,1101180
2019-08-23,171.6968342795331,190.1165962571785,170.56039923435847,188.8854522705078,2443320
2019-08-26,189.6430945686638,195.51468811463593,184.4817747851211,189.5483856201172,1587140
2019-08-27,190.11661430506368,207.6840552791548,189.16958260242325,206.7843780517578,2261500
2019-08-28,208.15756088735708,211.85097856568441,196.17760176813724,203.46975708007812,1554460
2019-08-29,204.27475317943205,204.93767253896658,183.20329595853568,189.07489013671875,2447280
2019-08-30,185.61820834540396,197.59815325686174,184.4817732252373,192.29478454589844,1464180
2019-09-03,200.0604398576744,209.48340206381806,197.21934485377844,201.8124542236328,1845780
2019-09-04,201.48099460305767,213.55564880371094,200.34455945075464,213.55564880371094,1555980
2019-09-05,198.8766367059005,199.25544356702287,177.14226429886673,179.93600463867188,2872820
2019-09-06,183.72414143880206,187.89107494894415,164.30999247233072,164.78350830078125,2358960
2019-09-09,167.15106911149232,168.7136653937858,149.5836309124965,151.57240295410156,3277760
2019-09-10,151.00422203638308,156.59171849013842,146.83728777473408,147.5475616455078,2175900
2019-09-11,149.86779749337498,158.76989153266268,148.06844267178275,151.28834533691406,2399120
2019-09-12,164.4046956091954,166.86696915980275,143.00177513925652,143.9488067626953,3167680
2019-09-13,145.9375937319136,148.4472220079657,133.10531104462234,133.57882690429688,3022640
2019-09-16,142.48090989065045,146.41109993712354,137.2248813047384,143.4752960205078,2145880
2019-09-17,145.60611139990914,158.5804416881964,144.51703081844104,155.97610473632812,2545660
2019-09-18,156.02348291236729,156.73375673442663,137.31960559813814,147.07403564453125,2831620
2019-09-19,150.67272875890845,156.78107950306853,149.44158482623118,155.5972900390625,1588460
2019-09-20,156.92314732956783,165.06762560157833,151.57242408902292,164.64146423339844,2365120
2019-09-23,167.3878307707088,173.35413257937975,165.73052551555327,172.97531127929688,1947680
2019-09-24,167.34050056039985,180.78834797587564,164.78351782902638,179.13104248046875,2548860
2019-09-25,175.86376721453837,177.33166910121494,156.1655068221294,160.14305114746094,2419140
2019-09-26,161.9897796931831,165.73055212240592,154.46088035830527,154.65028381347656,1434800
2019-09-27,144.42233160537853,149.91511825490755,141.20242966456325,143.66470336914062,2452420
2019-09-30,135.42552292570022,141.91269536355225,129.2698173381684,131.9215087890625,2502720
2019-10-01,130.6903699693362,143.00178163311423,128.89101558331427,135.378173828125,2912060
2019-10-02,142.95443201135774,143.71206026033747,136.41991907134113,142.3388671875,2565260
2019-10-03,142.67031611111622,152.0932928412848,139.734526587868,140.06597900390625,2430300
2019-10-04,138.077236186164,149.72572995104545,137.8878327205883,149.34690856933594,2040360
2019-10-07,144.65907035777772,150.95682443273893,142.5756038221138,144.8958282470703,1389000
2019-10-08,152.04592801553238,156.97048950195312,147.7842857666106,156.97048950195312,2069580
2019-10-09,156.26021936674408,156.73373518300696,148.82601527119482,151.80917358398438,1641640
2019-10-10,150.34126293640614,153.27706660703987,142.9070592723996,151.76181030273438,1842020
2019-10-11,145.22731861973762,145.70083447509958,133.1526643080075,134.2417449951172,2792080
2019-10-14,134.5732230806284,138.69280269499967,133.5788368114497,135.472900390625,1238440
2019-10-15,132.53707473952417,132.58442921149663,122.16708120202189,122.40383911132812,2341660
2019-10-16,125.62376210601906,129.74335620365784,122.16710182680191,129.45924377441406,1931200
2019-10-17,126.14462443461537,138.45603701135298,126.04992993128265,134.7626190185547,2140540
2019-10-18,132.96323385489845,136.94077822494066,130.31155687561127,135.42552185058594,1559880
2019-10-21,137.3195849631893,137.7931007734072,126.14460895193585,127.28104400634766,1685600
2019-10-22,127.9913188875566,130.3115579392041,122.21443462060968,126.61812591552734,1790900
2019-10-23,127.89661090209304,133.34204219471724,127.89661090209304,130.59564208984375,1804700
2019-10-24,132.7738559102216,140.9183351974555,132.11093653813478,140.5868682861328,2217300
2019-10-25,148.21043091464944,150.67271861421983,138.3613090174758,143.8540802001953,2323200
2019-10-28,139.40305946545197,139.40305946545197,132.6317887793548,133.6261749267578,1813980
2019-10-29,130.6430154959027,138.78749360754765,129.222467996236,135.378173828125,1841180
2019-10-30,136.94077719263592,139.59245415193388,128.55954162679913,138.92953491210938,2074580
2019-10-31,142.81237431969967,149.9624660976981,141.34447238637983,149.3942413330078,2650980
2019-11-01,146.22168943194987,149.72571829994106,141.81799778512215,147.35813903808594,2375860
2019-11-04,145.60611338059175,146.6004994840338,139.21364986632187,140.1133270263672,1849700
2019-11-05,131.68474223834426,133.9102577497326,128.32277728648404,131.5426788330078,3301820
2019-11-06,133.43676198123003,137.4143067183833,130.54832683001896,135.99375915527344,2327300
2019-11-07,132.0162073891505,132.82119007894238,121.26740673758772,123.96643829345703,3227520
2019-11-08,120.74655034029674,125.10290225044436,118.99454301570901,120.6991958618164,2030280
2019-11-11,121.03066457132056,123.30353506680073,119.08924652904555,120.41509246826172,1954060
2019-11-12,121.12534525870845,125.71844715607834,116.72164679462641,125.1028823852539,2102400
2019-11-13,126.90225214064675,130.92713700331652,126.57078525408626,127.6125259399414,2196020
2019-11-14,129.22247307439176,131.77945578416424,127.1390062164496,130.6430206298828,1824000
2019-11-15,126.94959160952857,132.01620210852658,126.80752819612975,127.28104400634766,1454740
2019-11-18,127.13898166441957,133.48408996351998,126.99693271652458,133.342041015625,1754520
2019-11-19,131.0692105029136,137.79314284101537,130.73775800490358,134.14706420898438,1779280
2019-11-20,133.2473462314094,137.31958509325148,129.69597765141154,135.42552185058594,2031980
2019-11-21,133.29470551609427,135.75699360069933,127.89662796967454,128.1807403564453,1862560
2019-11-22,129.12776840287614,130.0748000319385,124.48730475013701,126.61812591552734,1451960
2019-11-25,123.11412591346453,125.6711087154019,118.75778136465924,119.08924102783203,1859700
2019-11-26,119.37335633224,127.28106286414068,118.09485767500873,126.71285247802734,2017860
2019-11-27,123.25618693284923,126.71286178376636,121.69359019308379,125.0082015991211,1486120
2019-11-29,125.4816859229344,131.87414916806503,125.29228249467121,130.97447204589844,1356820
2019-12-02,128.46483085749995,132.58442410085587,127.18634686686067,131.7321014404297,1963480
2019-12-03,137.46162908453064,143.23852754594455,137.27222565722556,140.4921417236328,2664280
2019-12-04,138.74012860525895,139.97127256831772,133.81556720357926,136.6566619873047,1655220
2019-12-05,134.289084603806,142.00738641150068,134.289084603806,138.17190551757812,1846020
2019-12-06,130.4535824556963,134.85727292534065,128.55951955252831,129.0330352783203,2163080
2019-12-09,130.87978268522335,131.5427020085904,126.9022522944636,127.9913330078125,1571520
2019-12-10,131.06915785441976,131.30591573670776,127.2336917217975,130.59564208984375,1619380
2019-12-11,132.34768611992155,141.2024386995812,131.25860539540105,139.45042419433594,2563680
2019-12-12,143.4279770531218,145.17999183232217,134.383819600726,138.3140106201172,2497820
2019-12-13,135.56758447984478,141.1077258033537,133.34206861569666,139.26101684570312,2116520
2019-12-16,139.40306227824252,139.54512570248457,133.2000018008165,134.47850036621094,1545040
2019-12-17,134.33645432116722,135.0467281061916,130.78508539604533,131.06918334960938,1606360
2019-12-18,130.3589117870136,135.33082836694817,129.83805589622827,135.0940704345703,1739260
2019-12-19,135.89906334588218,136.94080410645728,132.39504857481086,135.56759643554688,1788120
2019-12-20,135.94638382813864,136.2304961872946,130.07479102465314,130.78506469726562,1988220
2019-12-23,132.65086025627895,142.50328314155468,131.79411835849345,141.97972106933594,2418020
2019-12-24,144.31192794830108,155.63983687069296,143.97874817548814,155.40185546875,2185340
2019-12-26,159.30477055016354,165.2543061320305,157.3533199742645,162.39852905273438,3430280
2019-12-27,161.3514011024727,163.7312152780254,156.44898971092735,158.8763885498047,2584660
2019-12-30,159.92350030922523,168.9667934814731,159.4475375106859,168.58602905273438,2470500
2019-12-31,171.9177879319253,173.7264409592155,165.30189266973,165.82545471191406,2097540
2020-01-02,171.1562508690148,173.01250315601322,162.5889192134213,166.49180603027344,2256620
2020-01-03,175.20195463558298,175.3447377022047,160.87546776669686,163.54086303710938,3017960
2020-01-06,173.20287706071272,173.6788399075546,160.8278430428239,164.0167999267578,2972320
2020-01-07,164.2071940535206,169.44278574798068,160.9706522706754,168.49085998535156,2027740
2020-01-08,166.39660777589347,167.63411403524267,145.5970263569445,149.07156372070312,3853560
2020-01-09,145.02587187343775,150.16626433536373,143.6931673099974,144.35951232910156,1645800
2020-01-10,146.1205937170091,152.21291233550767,145.64463087102533,150.4518585205078,2099200
2020-01-13,147.97684404161777,148.4052076925441,139.50471130024553,139.93307495117188,2120740
2020-01-14,138.5051969522835,147.54849159865253,138.26721551422116,146.6441650390625,2182480
2020-01-15,149.2619790160716,156.4014230264841,145.69225701086532,155.02113342285156,2585420
2020-01-16,151.73696147413457,153.83120978205932,148.262438234119,153.30764770507812,1893060
2020-01-17,153.45039411477575,154.83068324247608,147.2152789238745,149.5950927734375,2596260
2020-01-21,146.4537858015954,157.63891362025086,145.78742614114742,157.44851684570312,2370620
2020-01-22,156.9725556649535,158.1624628926297,152.73648883947305,156.0206298828125,1434580
2020-01-23,152.92682880093946,159.87588799394408,151.54653970358288,153.16481018066406,2360420
2020-01-24,151.97491249124988,162.77927359555008,151.97491249124988,161.92254638671875,2932220
2020-01-27,168.4908963950131,168.91926017571564,156.54422258738134,159.25721740722656,2230680
2020-01-28,154.40235586138215,157.44851539808974,146.16820382110842,146.8345489501953,2226780
2020-01-29,146.88214050365875,155.5922549724201,145.4542519333547,154.7831268310547,1795100
2020-01-30,156.306167298075,158.59079725856964,150.784996383418,153.16481018066406,1911580
2020-01-31,154.4023252108473,161.01820504566203,153.45039963676655,157.1629180908203,2269120
2020-02-03,153.2124372171202,155.4494684033371,147.5484822549603,150.4518585205078,1628740
2020-02-04,144.5023091459265,145.6446169621519,137.69603238320965,142.64605712890625,2648220
2020-02-05,141.74174248267275,146.40618750832095,139.79030625866858,142.2653045654297,1659580
2020-02-06,145.21625076049787,148.83357088514904,142.8840359844832,147.12010192871094,1944200
2020-02-07,149.6427170626167,151.30858703681142,139.933077832357,140.21865844726562,1961480
2020-02-10,143.64559871355317,148.4528269522279,141.17060032623246,146.78695678710938,1682180
2020-02-11,145.45425253705085,148.7859925482551,141.88453109647483,146.88214111328125,1442180
2020-02-12,146.07298057758243,146.92972233367541,142.0748959581776,142.64605712890625,1788160
2020-02-13,145.54940917990263,149.49990888397832,143.69315728291815,145.6446075439453,1737880
2020-02-14,145.64464761907814,147.73888147718128,143.3600315057356,145.073486328125,1605520
2020-02-18,149.64271472627803,159.44755218350434,146.26337564062575,159.06678771972656,2695560
2020-02-19,161.5894006153845,168.20528185924434,158.73362328492118,167.96730041503906,2886160
2020-02-20,166.58703260871542,173.6312784632179,163.5408726317748,167.8245391845703,2897940
2020-02-21,175.91586649607987,183.721654075051,174.67836022161583,182.67453002929688,3587700
2020-02-24,202.4746137331789,203.80731856159449,183.05533332127095,190.00439453125,3973800
2020-02-25,179.43800184946235,192.1462162786028,170.2519242757506,170.4423065185547,3706140
2020-02-26,169.2047918793294,175.48750726131345,165.15910768530887,168.77642822265625,2034540
2020-02-27,176.10624313354492,177.29615018174454,139.83787049432726,140.88499450683594,3947180
2020-02-28,120.13302028514204,122.79841514686485,99.00027267654221,109.94741821289062,5498840
2020-03-02,121.51332239313008,126.27294383950664,116.80128561365618,124.89265441894531,2955740
2020-03-03,131.36577423356,155.68748388982073,126.46336165740216,143.36004638671875,6295940
2020-03-04,148.73837209810875,150.35664268148986,137.0296845414993,149.4523162841797,3161100
2020-03-05,155.06870227369143,160.6850730372934,147.21531466355498,159.78074645996094,3007440
2020-03-06,162.7792861040901,162.7792861040901,138.12441758613676,153.73599243164062,3360040
2020-03-09,139.21915087396698,142.69367429935994,122.84602971041758,123.51237487792969,2841720
2020-03-10,126.74890630283542,130.22344396436858,109.94742282420808,122.46524047851562,3701680
2020-03-11,116.99164336766997,119.84741981799903,90.52811202290802,94.19302368164062,4091580
2020-03-12,69.44298364990114,89.10025271530576,57.353528991578116,59.9713249206543,7765300
2020-03-13,71.01365365166026,71.25163506956972,28.557770149135482,32.175086975097656,9145700
2020-03-16,24.75007077894214,54.02178910403717,24.75007077894214,49.54773712158203,12453200
2020-03-17,48.97658250365692,71.01366231023027,48.78619661985429,68.39586639404297,9760560
2020-03-18,61.399207580515785,68.20547778033662,33.55538088702607,34.65009689331055,9688840
2020-03-19,29.604891390359168,40.45684465135702,22.98900665640495,29.46210289001465,14442180
2020-03-20,36.220777116892705,36.26837268214625,24.892860099378698,25.46401596069336,10471420
2020-03-23,29.509699564131477,34.26932852608817,26.8919036350553,29.98566246032715,11527360
2020-03-24,39.83809692670306,43.169837531895254,35.9827978098139,41.07560348510742,12044020
2020-03-25,42.74146508799428,47.59628467201664,38.74337644928321,44.59771728515625,9299260
2020-03-26,47.54868992883905,49.50013690758806,40.26645679664168,43.07463836669922,8122620
2020-03-27,40.21885994861,42.551078589051414,34.269324453253496,36.17317581176758,6335840
2020-03-30,36.41115557252852,39.933281151557615,32.17508576658711,34.412113189697266,5788340
2020-03-31,33.50778629898688,36.17317760691923,31.937107397741997,32.365474700927734,4537980
2020-04-01,31.461142309627032,34.69769100336125,31.413546752929687,34.50730514526367,5343060
2020-04-02,35.88760109621906,38.88616499609086,35.07846203906621,37.22029495239258,6199440
2020-04-03,37.26789341120052,39.40972628238886,36.03038706946717,36.74433135986328,5202100
2020-04-06,40.07607661243465,41.74194684078802,38.36261081810439,40.885215759277344,5501340
2020-04-07,41.40877285783383,42.027526088692795,38.933767197015555,39.93328857421875,4882380
2020-04-08,40.21886668485754,41.265983654898314,39.1241505178349,40.45684814453125,2966720
2020-04-09,43.55060027627384,48.59580570223625,42.931847125836235,48.54821014404297,7959400
2020-04-13,48.2150435393643,55.87804555345927,45.12128466903394,54.83092498779297,7798720
2020-04-14,56.68717227788875,60.16170238641789,52.11792984008789,54.73572540283203,9509440
2020-04-15,50.7376376407125,55.11649791495864,49.785711967786156,52.83187484741211,5471600
2020-04-16,53.78380751544722,56.0684308801313,52.16553293473839,55.164100646972656,4768960
2020-04-17,50.880433943581615,53.49822985279826,50.785239186279426,51.87995529174805,3963500
2020-04-20,52.02273290036765,55.83043511063989,51.87994261495932,54.497737884521484,4986200
2020-04-21,50.832831578031865,54.973706736856194,50.30926956120572,53.92658996582031,4208040
2020-04-22,57.30593395939014,61.20883192315589,57.163143636684424,60.828060150146484,5018560
2020-04-23,63.27450602043435,69.07173037532519,62.608153635169,64.12171936035156,6720800
2020-04-24,66.47297816768001,67.50105974084741,62.313059944148414,65.8447036743164,6343000
2020-04-27,65.84469457279278,67.11075741311778,62.170261032710634,65.68286895751953,4610100
2020-04-28,64.40729877263557,66.22547315151911,62.34161440628524,65.60671997070312,4875700
2020-04-29,64.14073994638933,66.59670957020069,61.76092610842069,66.53007507324219,6454700
2020-04-30,62.9127718251062,65.67335806205048,59.12411125700131,59.53343963623047,6166500
2020-05-01,56.62053410282674,63.62670345003941,56.02081995964309,63.41728591918945,5614500
2020-05-04,64.91181603818198,66.95845049037646,64.15027257042351,66.17787170410156,5457100
2020-05-05,65.63527954275453,69.51913846325955,63.522010414431854,69.13836669921875,5936300
2020-05-06,66.55863087247087,67.92940595060273,64.38824184050569,64.87372589111328,4927300
2020-05-07,66.3492299152097,71.56578685330119,65.38779002021346,69.79520416259766,6895500
2020-05-08,69.51911586913813,71.89892954266807,68.00555785882828,69.17642211914062,5360800
2020-05-11,69.28116044746953,69.85231449049,63.92182066215727,65.46393585205078,5065700
2020-05-12,66.72998100989345,69.32874101175533,64.49295737273502,65.20690155029297,4732600
2020-05-13,67.06317061131566,68.3197123937932,63.44585687999795,66.15884399414062,5362700
2020-05-14,66.00652470251491,71.28971525461336,65.68287344983264,70.11885070800781,6340100
2020-05-15,73.29827890037312,76.23021179941607,71.87039035036585,75.68761444091797,5420400
2020-05-18,78.05789674170082,78.35299134437021,72.25115221709744,73.0793228149414,5567900
2020-05-19,75.4305845983315,79.43819061374522,74.91654388858932,78.25780487060547,5984000
2020-05-20,78.9146527002928,79.46677142430666,75.08790679949911,75.96368408203125,6424400
2020-05-21,73.53624624290214,74.17403459673847,68.13883030052845,71.87037658691406,5526200
2020-05-22,73.00318977745225,74.94511922381267,71.06126033109183,71.4896240234375,3710300
2020-05-26,70.58530295367612,70.61385956704545,64.96893900814109,65.58769226074219,5654100
2020-05-27,61.703826290905084,64.2073883772131,59.552475712284874,64.04556274414062,7617600
2020-05-28,66.53961164537677,67.71047625552447,63.493444875544235,64.93085479736328,6103500
2020-05-29,67.64386234686606,68.4434840002021,65.00703040115197,66.23501586914062,6297500
2020-06-01,67.42489492944155,70.6043230859471,66.94893210869883,70.47105407714844,4900200
2020-06-02,71.21357831176336,71.25165622144672,64.72144359443273,65.57817840576172,6117100
2020-06-03,62.284498585230644,63.3792145882497,59.019393157160486,60.5234375,6657700
2020-06-04,62.77949311757229,63.24594191073612,60.51391270658219,61.36112594604492,5493800
2020-06-05,57.401115769568264,59.01939009521482,54.469186666021706,59.00987243652344,7345700
2020-06-08,59.362094203818216,60.36161557992896,57.70574169353934,60.09507751464844,4906900
2020-06-09,61.3896832566063,62.71285933171876,59.77141255344636,61.04698944091797,5604500
2020-06-10,62.62719675932074,66.69191656788733,58.90516717480679,66.57769012451172,9671300
2020-06-11,66.15883338800825,68.1578758220291,58.44823699243273,60.29497146606445,8725600
2020-06-12,62.45584533440486,63.569596652822874,58.88612398361637,59.314491271972656,5229500
2020-06-15,56.296881652061494,63.12218673370586,54.58341622986983,62.52247619628906,6008600
2020-06-16,62.217864136374494,63.20786773275967,58.60054721406842,59.343048095703125,5283100
2020-06-17,59.85708743188612,61.284972312388916,58.82900596035419,59.9903564453125,4725300
2020-06-18,59.40016835561441,60.72334456940146,58.06747085077805,58.4958381652832,3454500
2020-06-19,60.04747675216017,63.59815565567272,59.47631913574859,62.37017059326172,6975000
2020-06-22,65.6828852168253,69.23357191757664,65.21644357273162,67.41539001464844,6723700
2020-06-23,69.3858646864922,71.21356031366038,68.37682575406708,69.44297790527344,4607800
2020-06-24,68.53867552536207,70.6329099280337,65.21645564801337,67.12982177734375,5347400
2020-06-25,66.89182172613337,67.75807767666579,64.74998870957167,67.55817413330078,3725500
2020-06-26,66.3016275829838,69.19548263162058,64.35969825050583,68.66239929199219,4735300
2020-06-29,69.34780005918951,70.08078706605008,67.78664217102656,70.03318786621094,3394000
2020-06-30,69.66193301189256,74.63098704089205,68.72904249648613,74.42156219482422,4844900
2020-07-01,74.16453472614872,74.28828245252842,69.72855748089833,74.10741424560547,4626800
2020-07-02,73.07934015345795,76.10646447483214,72.1940488727933,72.47962951660156,3785700
2020-07-06,75.39251144996699,76.22068941159056,72.93654869889987,74.77376556396484,3221000
2020-07-07,74.26923773275855,79.6952184206459,74.26923773275855,78.6576156616211,4157800
2020-07-08,81.5610114557318,84.58813611021205,80.58052894011085,83.91226959228516,5049500
2020-07-09,85.14974644665135,85.86369068380924,78.84800329474548,83.19830322265625,4912600
2020-07-10,84.45485039447483,84.74994504138043,79.8284908496497,81.3896484375,2937600
2020-07-13,84.06455354288886,84.70234926099218,75.80183844177476,76.23020935058594,5125200
2020-07-14,75.51627233813153,82.05599766595923,74.9831889735685,81.80850219726562,4499700
2020-07-15,80.91369614522847,82.6938000749659,78.17215234920313,82.53196716308594,2807200
2020-07-16,80.75185216156115,82.51291310765028,78.25780442033589,79.77136993408203,3516000
2020-07-17,81.86562057149982,85.07361320146025,80.84706023396377,84.80706787109375,3959400
2020-07-20,86.9774592486161,90.04265409320446,86.28255024872094,89.03361511230469,3132200
2020-07-21,93.42198938242905,95.0212248791552,89.95698034995851,91.80371856689453,4542200
2020-07-22,94.37391907846012,96.46815284126511,92.75564819471238,95.43055725097656,5046300
2020-07-23,95.41152133073211,97.8865268337257,88.60525075053692,92.14641571044922,6477400
2020-07-24,94.30729064329542,96.24922018650584,92.75565417211965,96.09690856933594,5065600
2020-07-27,103.2363399574299,108.02453236137754,102.80797629458253,105.2734603881836,6050000
2020-07-28,101.97980188196286,106.2063544903696,99.86653284037652,104.03596496582031,4504800
2020-07-29,104.71182520453969,104.71182520453969,97.38200034526855,101.79893493652344,6265200
2020-07-30,96.25874448412186,99.56192108019454,91.51815055962909,94.76422119140625,4079100
2020-07-31,98.04835680798607,101.05644580387968,95.95412296567801,100.6375961303711,3467100
2020-08-03,99.28586005982267,100.34249823854826,95.11642056670529,98.7146987915039,3099300
2020-08-04,98.46719632577705,107.59616026505634,96.67757136908607,107.52952575683594,4598900
2020-08-05,112.01309790827374,114.04070434318693,105.53048606875743,107.81510925292969,5271900
2020-08-06,111.91790266277945,111.96550185214748,103.3410501945348,106.61567687988281,4053600
2020-08-07,101.67518130914603,103.15066904362286,96.96315201698029,99.57142639160156,3929000
2020-08-10,101.4752860298971,105.96837684404557,97.17258472807029,98.0102767944336,3249100
2020-08-11,87.796130150083,90.11882443918392,81.51341331429273,82.38919067382812,6048200
2020-08-12,87.52956708478888,88.44342216746588,82.95080669375169,83.0555191040039,3542900
2020-08-13,86.42533696261455,90.6233256099083,84.92129258246855,88.65283966064453,3853600
2020-08-14,88.14831787548641,89.27159048572166,84.95936825080854,87.60572052001953,2862600
2020-08-17,95.23065305800169,99.09546928531506,94.1454582822278,98.56239318847656,3906800
2020-08-18,104.15019031770277,104.16922563541935,94.71660350743866,97.6294937133789,3391200
2020-08-19,95.8113262474201,97.4105617654998,88.98602050133333,90.33775329589844,4408000
2020-08-20,90.242553519377,94.84987012797689,89.10023839453723,94.18352508544922,3532100
2020-08-21,90.46150208630544,91.28015880530869,87.39630003551892,89.67140197753906,3586100
2020-08-24,92.34631563320475,92.49861997102342,88.10072781639245,88.57669067382812,2699900
2020-08-25,88.2149408396903,88.2149408396903,83.67425906578438,88.0055160522461,3159400
2020-08-26,86.0826558452686,92.5938252442566,85.91130889989428,92.45104217529297,3855400
2020-08-27,95.5447841557158,95.75420170699645,85.5019652173984,88.33870697021484,4838600
2020-08-28,92.62238304032309,95.04978946738728,90.75660208534364,94.24065399169922,3660700
2020-08-31,94.71661869130033,97.72470775589456,93.67902303792445,95.24969482421875,2757900
2020-09-01,99.00027428799832,99.09546540690572,90.33775174032183,92.59381103515625,3318700
2020-09-02,90.50910167066611,93.11737618111448,87.00601463496045,92.90795135498047,3058900
2020-09-03,91.451493888304,92.94601681899982,86.13974719349356,90.8327407836914,3615200
2020-09-04,89.48101223824827,90.22351309267468,82.84608921132974,88.87178039550781,4362600
2020-09-08,83.90273824997654,91.18497196999539,82.1035990943106,87.70092010498047,3638200
2020-09-09,89.48102126276106,95.77325110490715,89.3763088483591,95.43055725097656,3655700
2020-09-10,97.26777891081171,97.80085503683647,91.18497360628811,91.88939666748047,2893200
2020-09-11,93.10784168583459,95.2496743105377,88.94793141392992,89.97600555419922,2741600
2020-09-14,93.0031452269018,97.36296701541946,92.73660717216575,97.22017669677734,3126900
2020-09-15,99.36199471285543,100.8089257385107,95.9541064747116,97.26776123046875,2854100
2020-09-16,99.98076560851145,100.28538157399618,96.29681741071448,97.47720336914062,2595300
2020-09-17,92.82227765388507,94.96411049303791,90.65188820556222,94.09785461425781,2859700
2020-09-18,94.61189394851066,95.79227977307845,90.61380894708802,90.76611328125,2632000
2020-09-21,85.51150539583355,88.18641485254138,81.96081859096434,83.91226959228516,4452800
2020-09-22,84.90226479906292,86.00649495535336,82.21783432177335,84.62620544433594,3066400
2020-09-23,82.00841385582575,82.05600579100212,73.46963777497206,74.58338928222656,5446400
2020-09-24,73.07932312662632,79.70473151333005,72.46057731356646,78.58145904541016,3940200
2020-09-25,76.6300240375376,78.70522249452468,75.15453619760645,77.8484878540039,2394600
2020-09-28,79.82849619467778,80.69474487469249,77.50579497608562,79.57147216796875,2638900
2020-09-29,80.3520551365678,82.58907917129356,79.83801436585608,81.62763214111328,2661200
2020-09-30,80.41868101132543,82.1702206973935,78.1816499542264,80.71377563476562,3102000
2020-10-01,82.38917460003758,83.90273302033657,80.63762748530482,82.31301879882812,2870000
2020-10-02,80.37110514997825,82.32255617727978,79.04792871150805,79.94274139404297,2355700
2020-10-05,80.86608825617247,84.01696737654879,80.29493426788679,82.39868927001953,2578600
2020-10-06,83.79800782496066,84.34060511621881,76.06837674687019,76.29683685302734,3434900
2020-10-07,77.86752627229536,79.03839083287927,76.42059512065515,77.39156341552734,3336500
2020-10-08,78.76234445250557,80.48533521583481,77.6961921261508,79.58100128173828,2553200
2020-10-09,83.54098830679756,87.10118783048958,83.21732984321706,87.02503204345703,3361500
2020-10-12,86.62525318666371,88.01506406957294,85.24496359587943,86.7680435180664,2257500
2020-10-13,84.17877342414694,85.83512178360954,81.44674458667708,85.10214233398438,2863700
2020-10-14,86.92032816351191,89.38581935615773,85.91128930567636,87.89129638671875,2700600
2020-10-15,84.40724990552097,86.53004740778557,83.60763580519173,85.25446319580078,2306700
2020-10-16,85.4353344628377,85.89226200983389,82.96985030255681,83.16023254394531,1999600
2020-10-19,85.00695966200222,85.08310819102049,80.12357664703902,80.46627044677734,2820000
2020-10-20,80.78040879690982,82.4272360545385,79.39059826145682,81.38011932373047,2609600
2020-10-21,82.78898949293173,85.27351645710411,82.28446997177953,83.15071868896484,2976600
2020-10-22,80.78040593499308,81.33252451876224,77.73424696008718,80.27588653564453,3257100
2020-10-23,80.17118252915054,80.17118252915054,77.25829225067748,78.79088592529297,2802800
2020-10-26,77.51531069707045,80.0569505945377,76.06838681638483,76.54434967041016,2619100
2020-10-27,76.4396468054827,78.80994008094207,75.71618114350227,78.3910903930664,2059400
2020-10-28,74.26926307219338,74.86898109823262,68.64338420786348,69.16694641113281,4139900
2020-10-29,67.55816021002272,72.22259704841626,67.39633460292849,70.8327865600586,2667400
2020-10-30,72.60338377443804,73.26973624894865,69.17645205412879,73.1840591430664,2812500
2020-11-02,75.38299957895694,77.65810145329874,73.60289588010247,77.39156341552734,2947100
2020-11-03,79.41915330127485,81.41819561385554,78.22924629823682,80.4091567993164,2768500
2020-11-04,80.73282156648992,81.0850367130389,76.43964160814029,77.02983093261719,3209400
2020-11-05,82.3320492169246,88.81466797231056,81.83705106376229,88.17687225341797,4320300
2020-11-06,89.3477471593744,90.15688255525944,86.6537956739985,88.49101257324219,2881400
2020-11-09,79.76186617091146,79.89513520610822,74.10742441641169,77.59147644042969,4797900
2020-11-10,78.09598315556953,78.3434858643076,72.25116009903495,72.30827331542969,4276600
2020-11-11,70.37585867122033,71.29922764913626,69.14787379712124,70.79470825195312,2786500
2020-11-12,71.99413362306794,74.28827790421353,71.67048239114428,72.0607681274414,2814000
2020-11-13,75.2021365251074,75.32588426180902,73.3173202875341,73.94559478759766,1902200
2020-11-16,73.47915218256753,74.89751954000776,71.85135999464273,73.03174591064453,1909200
2020-11-17,71.86085536566401,72.59384208205144,69.91892643620395,70.32825469970703,2509400
2020-11-18,69.92845032830516,69.92845032830516,65.6352640460499,65.88276672363281,3551700
2020-11-19,63.96940489705157,65.68287408251165,63.38872963212437,64.62623596191406,2492800
2020-11-20,66.32065800234368,67.53912166699473,65.03555983298878,65.73046875,2231600
2020-11-23,64.65479641238538,64.65479641238538,60.10459240386709,60.21882247924805,3900200
2020-11-24,56.525349626120715,58.62910457182922,56.35400270796896,57.03938674926758,4821900
2020-11-25,58.191215394067605,59.70477730702661,57.76284812977579,58.97179412841797,3558600
2020-11-27,57.25833570280258,59.90468814370613,57.16314094837275,59.733341217041016,1757300
2020-11-30,59.02890947230038,61.189781188964844,57.715254656158486,61.189781188964844,3193900
2020-12-01,65.20691492220988,66.13980536774343,62.66527487191975,65.79711151123047,3833000
2020-12-02,65.6828718448932,66.25402579971679,64.11219302216593,65.96845245361328,1953200
2020-12-03,66.51103372364834,66.51103372364834,63.12217418726833,64.35968017578125,2883500
2020-12-04,63.97894608217349,65.1688535913553,62.4749012475391,63.48394775390625,1994500
2020-12-07,63.10314929059561,69.14787543591777,63.10314929059561,67.84373474121094,2963900
2020-12-08,68.26259510788668,68.53865444870804,66.64432422733906,67.34874725341797,1736200
2020-12-09,65.38778863141069,66.37779238194169,62.141718013193085,63.56960678100586,3178800
2020-12-10,63.88373792313764,65.77806813980355,62.655752829132965,63.312583923339844,1974600
2020-12-11,63.35066082549638,64.15027496007397,61.95132882736855,62.436805725097656,1617700
2020-12-14,61.78950060236491,63.35065816756951,59.523912790882186,59.752376556396484,2139700
2020-12-15,61.92276807162959,64.06460084065053,61.60863085581189,63.18882369995117,2703700
2020-12-16,64.1122042939717,65.69240468484166,62.48441196835879,65.58769226074219,3035700
2020-12-17,68.58625077423928,71.56577565214097,68.33874805443328,70.24259948730469,4173200
2020-12-18,70.24259876867762,70.24259876867762,67.48201276673329,67.76759338378906,1995800
2020-12-21,67.53912413855655,69.10980296418691,66.83470116839268,67.58672332763672,2161300
2020-12-22,67.58670999711453,67.61526659988361,62.54150197960781,63.50294876098633,2938000
2020-12-23,64.53103212040452,66.20642307557789,64.3977631281014,65.67333984375,2323900
2020-12-24,65.21642217429786,66.83469272187605,64.6452682906006,65.93988037109375,1133600
2020-12-28,68.29114395406545,69.39538119180254,64.8642130737848,64.96892547607422,2749400
2020-12-29,65.57815774607695,67.10123734048847,64.53104097883255,65.02603912353516,2278100
2020-12-30,65.27354069609663,68.06268310546875,65.20690619195258,68.06268310546875,2282000
2020-12-31,68.0246011527821,68.49104265398105,65.20690230428598,66.06363677978516,2442100
2021-01-04,72.01317728720765,76.05886132286408,70.76614973999088,75.31636047363281,4869300
2021-01-05,76.90608070188175,77.04887101409761,73.35539452864404,75.16405487060547,2114600
2021-01-06,73.48866174358028,75.15453173237688,71.07077683665828,74.98318481445312,2673900
2021-01-07,74.35490585577709,75.67808179930921,72.46057603043367,74.52625274658203,1736200
2021-01-08,70.91845364467035,71.28018273999417,64.64526774121742,67.42488861083984,5124000
2021-01-11,64.64528079135236,66.49201179699709,64.44536999391578,64.84518432617188,1842000
2021-01-12,64.99747925159758,65.62575363796063,62.88420324309062,65.45440673828125,2480300
2021-01-13,65.34971283484171,66.51106356549029,64.06461435486526,64.16932678222656,2073900
2021-01-14,64.30258180864716,65.95893043821248,63.51248176080812,64.32161712646484,2364100
2021-01-15,62.969886560724035,63.60767503723486,59.94276254166187,60.161705017089844,3474600
2021-01-19,62.17979397981381,62.27498510884313,60.27594234875691,61.35161590576172,2331900
2021-01-20,63.57912678382146,66.37779103602476,63.15075580459283,65.46393585205078,3344600
2021-01-21,65.1688132019852,65.42583713174064,63.15072870260876,64.15025329589844,2353900
2021-01-22,60.96132163158688,63.58863855109393,59.733336628584844,62.42728805541992,2582100
2021-01-25,63.46489334375364,64.21691562097584,60.96133102536911,62.246429443359375,2478700
2021-01-26,62.046529066873745,63.54105240599313,61.656235970533054,62.160762786865234,1846400
2021-01-27,60.3330552781729,60.45680301159511,56.82044692345397,57.305931091308594,4249400
2021-01-28,60.16169612142119,62.760452464600725,58.372075051761,60.02842712402344,4074100
2021-01-29,63.0174747729623,63.77901819375516,59.32400588613447,59.79045104980469,3529400
2021-02-01,64.89276187970661,65.85420870213377,61.76092600278281,63.75997543334961,3986500
2021-02-02,60.942279548556066,61.3135372496917,59.43823884490123,60.10458755493164,3099900
2021-02-03,60.37112474238329,61.11362560904047,59.41919906459377,60.009395599365234,2302300
2021-02-04,56.85852760645775,57.80093574636976,55.240253019962196,57.21073913574219,3704500
2021-02-05,58.16265995192319,60.16170613969905,57.51535017279292,59.876129150390625,3330200
2021-02-08,62.19881312692842,62.922278592139236,60.894679746845334,62.06554412841797,2821800
2021-02-09,62.80806530467437,62.893735137651454,61.00891892336596,61.80854034423828,2204200
2021-02-10,62.96988291841797,63.28402012454106,61.2278572436805,62.19881820678711,2177400
2021-02-11,62.42729719696883,63.37922301968826,60.04748264017024,60.58055877685547,2447500
2021-02-12,59.46679860254953,61.58958880941386,58.334004715294164,60.4567985534668,2039300
2021-02-16,58.362568225507026,60.551996693698804,57.99131413788751,58.010353088378906,2671800
2021-02-17,56.411113755687545,56.411113755687545,54.250245674621176,55.22120666503906,4472100
2021-02-18,54.8880381281784,55.79236830917058,52.81283972050273,53.641014099121094,2967400
2021-02-19,54.65957286594512,55.021305654766685,52.917550694064914,53.47918701171875,2482600
2021-02-22,55.39255661813136,58.69574004516375,54.59293886405727,58.32448959350586,4256500
2021-02-23,56.85852317306829,57.04890904451272,53.460148622061055,55.544864654541016,3128600
2021-02-24,53.65053000969973,57.182173286170894,53.00322027967219,56.63957595825195,2585700
2021-02-25,54.20265127033594,56.249293099428655,51.47062536582148,52.10841751098633,4217400
2021-02-26,50.72812660045465,51.34687618980249,47.27263494011429,47.92946243286133,5327100
2021-03-01,49.22408158821378,49.880912705467594,46.77763260543476,47.472537994384766,3107200
2021-03-02,47.67243882912255,51.31831222118857,47.59628303324142,50.78523254394531,4145900
2021-03-03,48.70051511887533,49.39542039349391,46.39685683572673,48.633880615234375,4365200
2021-03-04,48.39589859282076,50.908981644808726,46.92993226872509,48.57676315307617,4850800
2021-03-05,48.88138073409899,50.176000200674146,47.21551084458411,49.92850112915039,3560900
2021-03-08,49.16696111720557,49.99513541328098,48.08176282939,48.71955490112305,2601000
2021-03-09,52.07033420335352,53.364953678857255,50.90898373892078,51.546775817871094,3809900
2021-03-10,51.81331419223649,52.58437528749942,50.86138852804888,51.98466110229492,2872900
2021-03-11,52.651016086862086,54.01227023986569,52.25120537183365,53.84092330932617,2589900
2021-03-12,51.23264663668413,54.15505857335278,50.73764478134071,54.012271881103516,2487200
2021-03-15,54.592935112032706,56.068422789094306,54.21216702707182,55.935150146484375,2731100
2021-03-16,55.83045190588413,56.10650763937965,54.78333130427362,55.42112350463867,2405500
2021-03-17,54.621504275589025,58.58151552031056,53.707652733492665,57.70574188232422,4406600
2021-03-18,55.2021770934978,57.42968354431989,55.08794338636226,55.820926666259766,2983400
2021-03-19,56.23977424180476,56.67765920897449,55.19265375312368,56.39208221435547,2332600
2021-03-22,55.38303056944316,56.82995788770245,55.30687477996786,55.44966506958008,2060900
2021-03-23,54.19312892668011,54.507262510908824,52.11793066626745,52.441585540771484,2821300
2021-03-24,52.517739222986705,52.85091539738719,51.299275486754546,51.41350555419922,1936000
2021-03-25,51.3849453968925,52.07033301684936,50.11888618925897,51.04225158691406,2602900
2021-03-26,50.8233133727796,52.90803301389505,50.8233133727796,52.679569244384766,2461900
2021-03-29,51.9751406272284,53.364954878532544,50.642446855250505,53.26976013183594,2346300
2021-03-30,50.318796738736054,51.11841453008167,49.21456299176435,49.77619934082031,3666000
2021-03-31,50.071299111004215,52.7842900085359,49.89043450369237,51.937076568603516,3303000
2021-04-01,53.30783945530762,55.41159439086914,52.92706772096064,55.41159439086914,2607500
2021-04-05,55.335441517880085,56.725252157317854,54.62149724855555,55.73524856567383,2598900
2021-04-06,56.98227904319224,58.619592583342595,56.5919896099365,57.61054992675781,2333800
2021-04-07,57.12506371567971,57.72477796603181,56.14458133707425,56.59198760986328,1516300
2021-04-08,58.45775902981556,59.46680161253967,58.134104135833,59.16218566894531,2449700
2021-04-09,56.94419270749535,59.27641130144505,56.52534672424273,59.105064392089844,1221000
2021-04-12,58.0769860085924,58.15314180847193,56.02082661885449,56.64909744262695,2202300
2021-04-13,57.98180015677664,59.22882425826316,57.591510725213496,58.39112854003906,1922500
2021-04-14,58.17218974041932,59.10507664513388,57.248820496505054,57.57247543334961,1907100
2021-04-15,59.21929952578436,63.1221936146357,59.0289136511629,62.446327209472656,3485600
2021-04-16,63.57912302059455,63.712392047323924,62.3035387128198,63.43633270263672,2418500
2021-04-19,62.75094903462636,63.63624034793475,61.83710110840765,62.655757904052734,2122700
2021-04-20,62.084586332841006,64.4168010553402,62.084586332841006,63.97891616821289,2241800
2021-04-21,64.06460330579011,66.21595018525994,63.74094478723453,66.20643615722656,2508800
2021-04-22,65.25450495073535,65.56863488957266,63.07459438287381,64.07411193847656,2493000
2021-04-23,64.88326909546903,65.39730266077792,63.0365306317268,63.56960678100586,1903800
2021-04-26,63.57912031541596,63.845658357533985,62.51296088432692,63.1412353515625,1282500
2021-04-27,63.35066392093911,63.43633375556542,60.55199978793502,60.73286437988281,2434600
2021-04-28,59.23834187386992,62.19882805035734,58.743340023987756,61.218345642089844,2689700
2021-04-29,59.99035774820906,60.11410910535334,57.57246561084884,58.9432373046875,2993600
2021-04-30,58.17217838411192,59.10506510670939,57.35352172536298,57.59150314331055,1898200
2021-05-03,59.53343625624948,62.61767359986004,59.35256804281167,61.97988510131836,3392300
2021-05-04,61.884697339966365,64.16932067736049,59.476322633708655,60.73286437988281,3000900
2021-05-05,61.066034021688196,61.89420471788751,60.06650914941439,61.65622329711914,1803900
2021-05-06,62.646223851243384,66.72998570576833,62.59863192695986,65.68286895751953,4141800
2021-05-07,67.92942107184618,68.51961764244659,66.52056778763945,67.97702026367188,3406400
2021-05-10,69.96653311128496,70.86134551865011,67.57719777014258,67.94844818115234,3015800
2021-05-11,65.11172159640586,68.85279001798449,64.635758729857,68.7766342163086,2409700
2021-05-12,68.3197121754321,69.17644685679616,65.47345603759479,66.13028717041016,2896900
2021-05-13,65.45441399386162,67.05364948060469,64.36921926313777,66.22547149658203,2149100
2021-05-14,67.66288284787461,69.76663784639028,67.28211110213317,69.56673431396484,2168000
2021-05-17,70.9279915158952,76.92511953973514,70.45202862848168,76.3063735961914,5398400
2021-05-18,76.62049964339337,76.92511558517366,73.69808795541422,75.89704132080078,2172800
2021-05-19,74.49771850318665,77.88657218006854,71.99414888813975,73.66954040527344,3711600
2021-05-20,73.84088293030027,76.53483464773707,73.26972891121767,75.63050079345703,1925600
2021-05-21,76.15404457792123,76.39202596722723,73.10788569985063,74.52625274658203,2327600
2021-05-24,74.84992685549325,76.00175626070228,74.15502505313123,75.33541107177734,1362500
2021-05-25,74.8213641042848,76.12550502433372,73.00318965929993,75.49723052978516,2421200
2021-05-26,75.89704237741162,77.27733179412196,74.27876426329856,75.2306900024414,2034300
2021-05-27,74.28828370009329,75.01174927731796,73.54578280411235,74.24068450927734,1300200
2021-05-28,73.23164499800305,75.1164610951643,72.60337054474371,74.98318481445312,1472700
2021-06-01,75.9731859113021,76.77280725605823,74.09789116672965,75.48770904541016,1904100
2021-06-02,75.61145825449765,76.47770686050318,74.73568835800818,75.66857147216797,1367700
2021-06-03,72.00366019179918,72.03221680110762,69.70000171443857,70.20452117919922,2720000
2021-06-04,71.77519661950767,73.14596463902473,71.28019120646324,72.22260284423828,1709800
2021-06-07,71.6514459480129,72.23212121983632,70.39490428462486,71.8989486694336,1413800
2021-06-08,71.23260015359676,71.77519749898711,69.80471163808356,69.93798065185547,1862000
2021-06-09,70.25212325566972,71.38490995960012,69.58577087309355,69.70000457763672,1539500
2021-06-10,70.00462248105413,73.20309367136532,69.50961701016791,73.12693786621094,2214800
2021-06-11,71.97509203449324,72.71759280784993,70.19498862616751,70.61383819580078,1672900
2021-06-14,67.8913524317438,70.5567477599864,67.31067707282394,69.79520416259766,1697600
2021-06-15,69.79520333849743,69.9379936691491,67.36778950527302,68.09125518798828,1742200
2021-06-16,67.59624360008974,69.20499303761927,64.9022922213294,65.1021957397461,3813400
2021-06-17,60.78044856604639,62.43679708901055,58.06746203810094,58.37207794189453,5560200
2021-06-18,58.42920509051975,59.066993616788025,55.76381364658745,55.8399658203125,3451500
2021-06-21,57.57247149561373,58.48631938491505,56.19217837020371,57.96276092529297,2992300
2021-06-22,57.258335529891696,58.0293930662477,56.7062168497917,57.305931091308594,2307700
2021-06-23,58.63862477822264,59.23833901780348,56.48727417987038,56.49679183959961,2583100
2021-06-24,57.47727950159145,57.74381755745527,56.30641123022138,56.66814041137695,1766700
2021-06-25,58.29593518698471,58.448243163454656,56.0874640812075,56.55390930175781,2019700
2021-06-28,56.468230581361176,56.782367796198244,54.42158893371799,55.202171325683594,2124500
2021-06-29,53.39351256741361,55.230729455792606,53.04130107577917,54.18360900878906,1660900
2021-06-30,54.107459915296346,55.98275480966883,53.74572711259369,55.306884765625,1483600
2021-07-01,56.87755892194551,56.963232377707875,54.545340298466,55.21168899536133,2145400
2021-07-02,56.63958399298208,57.21073800929541,55.459194426276895,56.67766189575195,2281900
2021-07-06,58.61958605070764,58.752855067020086,55.83996113257305,56.94419479370117,3321600
2021-07-07,57.753320494718686,57.88659311998479,56.24928003693576,57.13457107543945,2397300
2021-07-08,57.191694542378585,57.467750219864875,53.26024060847984,54.259761810302734,2686000
2021-07-09,54.62149976388564,56.78237162097345,54.46919179133493,56.39208221435547,2062000
2021-07-12,55.96372006061166,57.02035830618815,54.6024658418809,54.935638427734375,2026400
2021-07-13,55.03082965448704,58.13410604342504,54.9737128014482,56.17313766479492,2016300
2021-07-14,58.629099225619385,58.9622717409177,57.0584204962232,57.66765594482422,2442600
2021-07-15,57.772374507984175,58.552953360147285,57.22977710175637,58.30545425415039,1587200
2021-07-16,57.59151234802519,57.76285928683807,54.554870276945955,54.935638427734375,2657900
2021-07-19,53.50775094041535,54.23121661702015,51.48015150266441,52.64149856567383,2882600
2021-07-20,53.126972288175445,54.431109423063674,52.0512952777087,52.75571823120117,2265600
2021-07-21,51.975146024707904,54.145539267772286,51.775242482848014,53.84092330932617,1587100
2021-07-22,54.03131093657269,54.03131093657269,52.00371144226806,53.2031364440918,1691700
2021-07-23,52.47014131721808,52.841391743288845,51.60388911261689,52.35591125488281,1563400
2021-07-26,52.136968589242,54.240723416453655,51.83235266997644,53.52677917480469,1726000
2021-07-27,53.91707270357823,54.145536476288655,52.746204492794945,53.95515060424805,1517000
2021-07-28,53.30784083692209,55.630538308974074,53.031781503931136,55.554386138916016,2087600
2021-07-29,57.49631351485661,59.41920022602567,57.29640635881905,58.54343032836914,3254200
2021-07-30,57.51534473615021,59.16217926915546,57.22025011532567,58.11505889892578,1615500
2021-08-02,57.943722291625996,58.20074269277266,57.1536257677829,57.581993103027344,1613900
2021-08-03,57.448710177834705,58.63861721243201,57.029864208927364,58.505348205566406,1014000
2021-08-04,60.20930692838398,60.932772570858724,57.43920299203005,57.61054992675781,2451900
2021-08-05,57.49631369698535,57.66766061338411,55.525827789707954,55.7733268737793,1898600
2021-08-06,52.91755546425616,53.21265377006826,51.25168531120243,52.38447570800781,4167400
2021-08-09,50.93754368957087,51.89899070049512,49.77619678022928,49.918983459472656,3709200
2021-08-10,49.547732443467346,49.99513868886303,48.3292686975657,48.652923583984375,2940400
2021-08-11,49.87139339809807,51.261204231288986,49.73812436358782,50.49014663696289,2990100
2021-08-12,49.938029303044,49.938029303044,48.22456349643875,49.01466369628906,2342100
2021-08-13,50.309267588610226,51.42302245282469,49.966577415544606,50.95657730102539,2485100
2021-08-16,51.127927481782926,51.36590890215761,49.86186821366992,50.499656677246094,1695500
2021-08-17,50.04272399088482,50.50916909061721,48.49108438597592,49.19551086425781,1995500
2021-08-18,49.53822082976554,49.53822082976554,46.177920196512666,46.86330795288086,4309300
2021-08-19,46.82522336117859,46.82522336117859,45.12127913669715,45.35926055908203,2959300
2021-08-20,44.892819262350386,45.82570608315507,44.52156879227908,44.96897506713867,2107000
2021-08-23,47.215517637224394,49.32879404882464,46.43493878148729,48.68148422241211,3274900
2021-08-24,49.41446019877391,49.433499147474066,48.30070893462574,48.72907257080078,1277600
2021-08-25,48.05320859531833,48.195998901935596,46.530128937506475,47.377342224121094,2572300
2021-08-26,46.682434719870265,47.92945499659459,46.43493201748425,46.75858688354492,1693000
2021-08-27,46.473015851676664,50.43302691395145,46.14936094427066,50.195045471191406,3411500
2021-08-30,50.128408997191634,50.35687277108181,48.453021303461455,48.795711517333984,2271300
2021-08-31,49.01466127155748,50.11889505952686,48.77667982043211,49.976104736328125,1701300
2021-09-01,50.56629659922394,50.69956562789525,49.300237195537825,49.46206283569336,1903200
2021-09-02,49.50965745426283,49.75716018676758,48.7671565193658,49.75716018676758,1465200
2021-09-03,51.213605394127754,52.812840968689216,50.88043282913937,52.165531158447266,2928500
2021-09-07,50.775719304178,51.40399014964352,48.79571201464511,49.23360061645508,2226900
2021-09-08,49.02417529122417,49.57629395986215,47.729555712232965,48.795711517333984,2113900
2021-09-09,49.62388993513866,49.62388993513866,47.32022775177937,48.03417205810547,2894600
2021-09-10,48.015128016953156,48.43397762296218,46.65387406004009,46.71099090576172,2303800
2021-09-13,47.225036520617444,49.252639362648196,46.91089928353431,48.41494369506836,2530300
2021-09-14,49.024173112637186,49.91898195538325,48.03416952195537,48.95753860473633,2395400
2021-09-15,48.062737260828385,49.61437376553287,47.97706378997344,48.967063903808594,1461600
2021-09-16,46.75858787215495,46.75858787215495,43.79809845880554,44.873775482177734,5278700
2021-09-17,44.32166154313207,44.32166154313207,43.13175442769336,43.78858184814453,2629500
2021-09-20,43.21742858708501,43.75050465942108,42.332137388317285,43.464927673339844,2676800
2021-09-21,44.24550772732046,45.11176000092355,43.29358199231449,43.59819793701172,2615400
2021-09-22,43.95040902107206,45.663878232711426,43.44588954837184,43.550601959228516,3752600
2021-09-23,42.96992580236277,43.04608160189656,41.789539960056274,41.85617446899414,3161000
2021-09-24,41.22790528345017,42.10367522497725,40.837615873629005,41.237422943115234,2050000
2021-09-27,41.4658860845387,42.74146670732866,41.075596680693714,41.16127014160156,2651800
2021-09-28,39.98088084173277,40.72338175248909,39.247897590543985,40.39020919799805,4729600
2021-09-29,40.15223007914776,40.485402652845835,38.86713171624526,39.019439697265625,3963200
2021-09-30,40.17126498543646,41.86569155757255,39.600107390644226,40.60914993286133,4247700
2021-10-01,41.056560148998194,41.189829177970545,39.60963251915369,40.21886444091797,2816000
2021-10-04,39.87616764511397,41.751462466847705,39.87616764511397,41.113670349121094,2494100
2021-10-05,40.64722453088323,41.61818909499415,39.761933417467624,41.446842193603516,2240400
2021-10-06,40.84713813333572,42.979453637987376,40.628195623297515,42.941375732421875,2874800
2021-10-07,42.28454342491842,43.959934911301126,42.06560092081443,43.21743392944336,1941200
2021-10-08,45.09271596058979,45.86377702618155,43.6648275192549,43.87425231933594,2960700
2021-10-11,43.99800904456134,45.083203811585264,43.45541166104938,43.63627624511719,1522300
2021-10-12,44.17887383150825,45.58772350317647,43.55060298290879,45.264068603515625,2749600
2021-10-13,46.006574995259186,48.6624451792619,45.96849709229281,48.262638092041016,2963300
2021-10-14,49.50014130111918,50.49014499865566,48.94802259742467,50.31879806518555,1937700
2021-10-15,47.91993526078115,49.89042097919874,47.282143215023744,49.300228118896484,2086000
2021-10-18,48.89090574153314,49.29071280238787,47.853306557632614,48.33878707885742,1427200
2021-10-19,50.30927694660751,50.34735485002256,48.58629357712709,49.12889099121094,1496200
2021-10-20,50.309268951416016,51.156485826871084,49.4715769972641,50.309268951416016,1951700
2021-10-21,49.92850515775804,49.97610071789434,49.147926351335606,49.957061767578125,1404400
2021-10-22,51.4515834206394,53.53630303018487,50.16648517661665,50.613887786865234,3022900
2021-10-25,52.06081575109836,52.8318768831505,51.45158387795966,52.24168395996094,1647000
2021-10-26,51.12792662179007,51.82283192183855,50.699559346059296,51.5943717956543,1660500
2021-10-27,51.39447032216793,51.89898978292991,50.49965783697242,51.023216247558594,1475700
2021-10-28,50.80427783687662,51.09937613580278,49.119368771347276,49.443023681640625,2130100
2021-10-29,47.72003750811493,48.28167382990618,46.67291703408782,46.73955154418945,2030100
2021-11-01,47.00609208198678,47.58676733998649,45.8352239067632,47.01560974121094,1282500
2021-11-02,46.55868901634852,46.55868901634852,45.378299470088066,46.13984298706055,1628700
2021-11-03,44.94993125407857,47.51060999652469,44.50252502761122,47.25358963012695,2000800
2021-11-04,48.52917814748001,49.56677744251127,46.59676988376383,46.86330795288086,2978100
2021-11-05,47.78667761315341,49.73812484741211,47.07273323735323,49.73812484741211,2323800
2021-11-08,50.747165185013664,50.91851211776172,49.45254552927665,50.29024124145508,1780400
2021-11-09,50.45207047812049,51.49918746948242,49.176489683043954,51.49918746948242,1929200
2021-11-10,53.95515287975078,55.08794323763851,52.70812881503591,53.38399887084961,3730500
2021-11-11,55.71620980988682,56.16361604890525,54.573901880040516,55.74477005004883,2434000
2021-11-12,54.98323418620517,56.75381680596467,54.22169425063895,56.16362380981445,2135200
2021-11-15,56.020829156026174,56.74429476241365,54.992751230249986,56.50631332397461,1530200
2021-11-16,56.13505493785947,56.98226815811351,54.38351165291668,54.507259368896484,1946100
2021-11-17,55.60197301722275,56.56341625584685,54.849950937039864,55.44966506958008,1735900
2021-11-18,54.95467929781848,55.65910602988935,53.87900206246648,54.316890716552734,1505700
2021-11-19,53.96466517809949,54.783321839147945,52.38446870374139,52.45110321044922,1942500
2021-11-22,50.4520636790497,51.82283542268113,48.938501623425864,50.35687255859375,2715700
2021-11-23,48.83378941820043,49.7381195915818,47.748594662666186,48.795711517333984,2827200
2021-11-24,47.91042584034478,49.16696756868487,47.84378769551118,48.5862922668457,1502600
2021-11-26,49.70004640269534,49.70004640269534,46.21599803188551,47.662925720214844,2274200
2021-11-29,47.45349327033925,47.76763048495286,46.33022068749803,47.65340042114258,1619600
2021-11-30,48.46254256521935,50.33783756223382,46.24455732886037,46.74907684326172,4087700
2021-12-01,47.83427154375659,48.71956282999649,43.826664789415666,43.91233825683594,2801100
2021-12-02,43.912335574946205,43.94089218523932,41.751463700926266,42.82714080810547,3391700
2021-12-03,42.85570588783267,43.54109372078665,41.618202902684075,43.331668853759766,3131300
2021-12-06,43.03656339134764,44.93089728027794,42.83665985022732,44.57868576049805,1967300
2021-12-07,44.72147598975792,45.98753911307431,44.61676356526602,45.3687858581543,1867000
2021-12-08,44.90234438938495,45.77811813354492,44.52157619604912,45.77811813354492,1541700
2021-12-09,44.692908573739246,44.84521652764766,42.89376973341238,43.445884704589844,2160400
2021-12-10,44.06463985695866,44.06463985695866,42.27501859191765,42.865211486816406,1903500
2021-12-13,43.2269478774432,43.84570106338992,42.45588671775232,42.82714080810547,1869500
2021-12-14,41.41829282854312,42.96041534588121,41.41829282854312,41.789546966552734,2325500
2021-12-15,41.484918694041475,41.50395401017064,38.38163925664708,40.513954162597656,4916300
2021-12-16,41.703863735049524,44.797622075389185,41.703863735049524,44.750022888183594,3688300
2021-12-17,45.04511860388784,46.282621143955716,44.30261780610871,44.483482360839844,2743500
2021-12-20,44.15983570326676,44.58820302422398,43.21743122846948,44.55012512207031,2215100
2021-12-21,45.406860887953655,45.42589983950177,43.864742125643765,45.06416702270508,2513000
2021-12-22,45.31166141164002,46.18743493511006,44.11223663948195,46.158878326416016,2024900
2021-12-23,45.98753073510386,46.787148448548685,45.15935278207681,46.50156784057617,2116200
2021-12-27,46.44445288834371,47.05368471747524,45.749547606283805,46.71099090576172,1486800
2021-12-28,46.62532123134318,47.567729289927975,45.84474243309689,45.901859283447266,1649700
2021-12-29,45.13079082979795,47.196471191308554,45.13079082979795,46.32069778442383,1613600
2021-12-30,46.18743971286659,48.05321338758364,46.18743971286659,47.881866455078125,1598000
2021-12-31,48.519658581463325,48.81475325173668,47.748597385831395,48.68148422241211,2185400
2022-01-03,46.77762952970933,47.14887998132473,46.17791530639529,46.339744567871094,2135000
2022-01-04,46.75858326393276,48.15791502229957,46.482527606760094,46.768104553222656,1766100
2022-01-05,47.58676823087025,48.59580716770663,44.9784901663076,45.111759185791016,2742500
2022-01-06,43.112720674383304,43.75050922210189,41.85617889953611,41.922813415527344,3553400
2022-01-07,42.455888279199165,43.06512382789087,41.48492718043785,42.60819625854492,2555000
2022-01-10,42.1132000665204,44.102725184640654,41.599159249863376,44.03608703613281,2454800
2022-01-11,44.28358483660431,45.901859283447266,43.67435295810072,45.901859283447266,2361700
2022-01-12,46.177915434695166,47.55820846557617,45.62580040112785,47.55820846557617,2370600
2022-01-13,46.94896701352849,47.61531561312383,46.09223258100479,46.16838836669922,1763400
2022-01-14,46.33021769369971,46.33021769369971,44.59771337407811,45.378292083740234,2343400
2022-01-18,44.69291356898571,45.81618621634692,43.874256863487695,44.3502197265625,1966500
2022-01-19,45.34022233591706,50.966103105974,45.1974320276752,50.623409271240234,4748900
2022-01-20,51.518219806610475,51.746683580986556,49.119366516549874,49.205039978027344,2643200
2022-01-21,49.90946987418945,49.95706543782249,46.520612726408714,47.12032699584961,2877900
2022-01-24,46.69195992242013,46.77763338996364,43.42685412681902,46.349266052246094,3056500
2022-01-25,45.34021861589472,47.51060788272377,44.64531334416977,47.02512741088867,3457700
2022-01-26,46.025609026627244,47.76763490981764,43.27454416224375,44.12175750732422,3802400
2022-01-27,41.884738255552776,43.94089798830028,41.161276192551014,41.39925765991211,3677700
2022-01-28,40.40924690186764,40.40924690186764,39.0194362441382,40.25693893432617,3886600
2022-01-31,40.88521370885499,42.77002635122447,40.761462338474175,42.693870544433594,2668700
2022-02-01,43.68387439091251,44.11224172727155,42.18935117507775,43.50300979614258,2507900
2022-02-02,43.85522541144501,45.026093819043645,42.79858709374869,43.93138122558594,2405200
2022-02-03,43.217430637972086,43.9504102722178,41.88473313127183,42.87473678588867,2874800
2022-02-04,42.18934817333963,44.11223858872132,41.97992335017367,43.179351806640625,1776100
2022-02-07,43.78857820914788,46.168392242253745,43.245980900104385,45.787620544433594,2789900
2022-02-08,45.549648904366656,46.82522964477539,45.302149789649505,46.82522964477539,1948900
2022-02-09,47.082253053317956,47.73908423316112,46.406386551467165,46.720523834228516,2288300
2022-02-10,46.01609385053919,47.44398256708719,43.52204924240181,43.969451904296875,3758000
2022-02-11,44.09319774012357,49.90946429624385,44.055119840949274,48.95753860473633,5237700
2022-02-14,49.33831343833641,51.051779064603245,49.16696651257887,50.889949798583984,4545600
2022-02-15,48.2435918135771,49.43349886574443,46.95849364975963,49.09080505371094,3174400
2022-02-16,49.66195969140369,52.61293140146593,49.63340308376479,52.327354431152344,4916700
2022-02-17,53.73621041494651,57.0869895593691,52.94611028322734,56.201698303222656,5767700
2022-02-18,56.21121737428628,56.23977761737835,54.15505780578446,55.154579162597656,3274600
2022-02-22,55.78284753200231,56.630064500325865,53.24120752095731,54.07890319824219,2991500
2022-02-23,53.78381055588382,56.763339484861234,53.56486804601517,55.9066047668457,2836300
2022-02-24,60.11411366254553,60.11411366254553,51.64197288034359,53.7933235168457,6314800
2022-02-25,52.55581842477554,55.00226724840714,51.78476091128362,54.72621154785156,3348200
2022-02-28,57.01082693355015,57.01082693355015,53.79331720081774,54.7166862487793,3550800
2022-03-01,55.84947132970969,59.38111794666842,55.7162023312033,59.304962158203125,5082000
2022-03-02,57.762851476153514,59.23833557747517,56.34448059250743,58.9432373046875,3568300
2022-03-03,58.71477405454671,59.866603213099076,57.68669261526125,59.79045104980469,2451200
2022-03-04,60.780468439173134,65.17836879685811,60.45681348165488,64.51201629638672,4700600
2022-03-07,65.30210382221975,68.44346164573086,63.855179903811894,67.96749877929688,5719600
2022-03-08,69.55722844270421,74.56436094204663,66.13981778954916,68.75761413574219,8111400
2022-03-09,62.313057208507935,67.59624789760791,61.541999693791645,67.12028503417969,3255700
2022-03-10,67.74854768610906,71.15644330234637,67.74854768610906,69.83326721191406,3500800
2022-03-11,65.77806327065515,68.41490148074801,65.0450836899858,67.59624481201172,3006100
2022-03-14,64.44537365269909,64.85470203655433,60.32353683351966,62.017967224121094,3502100
2022-03-15,58.75285530807007,63.95989004395298,58.41016147539873,62.53200149536133,2332400
2022-03-16,61.61814844341268,63.30305359157725,59.638141415114426,62.76997756958008,3338100
2022-03-17,64.35969654088933,67.52008954408089,64.18834962602764,65.2925796508789,2220000
2022-03-18,63.74095615544374,65.86375406679792,62.69383913828914,63.81711196899414,1788700
2022-03-21,64.47391598947742,68.17690552759379,64.3977602080102,66.91084289550781,2594700
2022-03-22,66.93942972159368,66.93942972159368,63.6267243582074,65.2640380859375,1892200
2022-03-23,66.35874140266698,68.89086731662901,65.70191032853367,68.72903442382812,3025300
2022-03-24,70.00461504934977,71.01365394136504,67.73903455615104,68.3387451171875,2518400
2022-03-25,67.22499706882361,68.77663338037158,66.56816599693214,68.68144226074219,1515400
2022-03-28,66.61576066258341,67.07268091081082,64.64527484338878,65.01652526855469,2211700
2022-03-29,62.29401246418957,66.99651990477268,61.494391198055254,66.8537368774414,2213800
2022-03-30,66.86326629267906,69.09077644571136,66.86326629267906,68.50057983398438,1882100
2022-03-31,68.68143742508202,69.96653560614092,67.22499233570751,67.40585327148438,2115300
2022-04-01,66.42536385148713,71.42297299910686,66.25401696163556,71.35633850097656,2528800
2022-04-04,72.16548433753132,72.4129870508161,68.27211174594828,70.06172943115234,2403600
2022-04-05,70.95652621442966,72.6319170942663,66.25401201497019,66.92987823486328,2407400
2022-04-06,66.80614906938638,68.21500236742784,65.27354803904673,66.48249053955078,2473300
2022-04-07,66.9679700105671,69.47153919237202,66.5491276507276,68.3482666015625,2769600
2022-04-08,69.2049955180295,72.31779662558263,69.2049955180295,71.70856475830078,2690100
2022-04-11,73.72665263737542,74.37396249235847,69.38587317608777,71.14693450927734,2373800
2022-04-12,73.08885937903717,74.88799850136975,71.04221752324112,72.27020263671875,2653000
2022-04-13,74.01222138380722,76.15405415697205,72.90798411247518,75.5257797241211,2205200
2022-04-14,74.81182472762038,76.41105992586104,73.4886488075861,75.97317504882812,1913800
2022-04-18,77.80088670237414,78.87656007416174,75.94462732414722,76.10645294189453,2846500
2022-04-19,73.93605170424878,75.16403646847519,70.70902484626912,71.72758483886719,3037100
2022-04-20,71.26115095450568,73.61240834712183,70.15691377310864,73.27923583984375,2679300
2022-04-21,71.16596690292614,71.39442703590838,64.52152236456627,66.07316589355469,4437900
2022-04-22,62.48441060513275,64.68335693801143,61.09459977140971,61.78950881958008,3412100
2022-04-25,57.04890601435309,59.25737329066519,54.97370775158096,57.620059967041016,4380200
2022-04-26,58.39112808819644,58.73382195351395,55.07842677564169,55.12602233886719,2853800
2022-04-27,55.221207851673434,56.6110221232105,54.37399456593549,54.535823822021484,3352000
2022-04-28,54.945156664650504,57.02987279588881,54.04082645593035,56.611026763916016,3305400
2022-04-29,57.962756220514855,58.88612532632528,55.344960503579536,55.47822952270508,4101800
2022-05-02,52.57486187915635,54.364483412888895,51.337359056452186,54.012271881103516,5804400
2022-05-03,54.49774568146222,56.84900329471602,54.36447666604527,55.70669174194336,3895900
2022-05-04,55.59246268604684,58.27689288661299,54.17409178625145,57.810447692871094,5790600
2022-05-05,58.87660578938188,59.11458722528287,52.47966726165303,54.05034255981445,4297500
2022-05-06,53.53630738258745,54.38352074447427,52.117936374794404,53.04130554199219,3800400
2022-05-09,50.090325763451766,50.747156773888626,46.52060464171445,46.67291259765625,3707800
2022-05-10,47.8437849791263,48.643402727335214,43.99800783898669,45.111759185791016,3852900
2022-05-11,46.463493673632286,48.33878479093826,44.85473695297235,44.92137145996094,4900200
2022-05-12,43.12223134572825,43.50300305937285,39.324050024575634,40.82809066772461,4820900
2022-05-13,40.88521153790102,43.369738317242835,40.62819115059236,42.45588684082031,2657100
2022-05-16,42.370211656835295,43.73146570950788,42.30357714779329,43.464927673339844,2487100
2022-05-17,44.64532252786343,44.82618712686761,42.9889699989342,43.607723236083984,2479800
2022-05-18,43.35069806625515,43.74098746535599,41.39925107075093,41.51348114013672,1822000
2022-05-19,43.62675477833571,46.63483972126956,43.59819453922157,46.025604248046875,2345100
2022-05-20,46.20647011543905,46.3111825138532,44.33117549626077,45.768585205078125,1554800
2022-05-23,47.41542101656614,48.005613941172264,45.3402226741389,46.273109436035156,1889800
2022-05-24,46.50156841784769,48.34830657706454,45.644837477219504,47.748592376708984,2343100
2022-05-25,46.52060642920931,47.53916660457725,45.863779024842806,47.25358963012695,1596200
2022-05-26,46.73004149523233,47.90090988938918,46.01609708674822,46.720523834228516,1453000
2022-05-27,47.40590318366787,47.74859704595386,46.25407385978004,47.03465270996094,1570200
2022-05-31,46.80619095661818,48.20552307793089,44.26455075317386,44.82618713378906,1549300
2022-06-01,45.66388137748771,46.34926547803597,44.397818331841776,45.48301315307617,1760000
2022-06-02,46.83474564931824,49.87138735636735,46.69195534032215,49.45254135131836,2224300
2022-06-03,48.100808982468365,49.12889057817903,46.7871540074719,47.072731018066406,1405400
2022-06-06,47.9389858558058,48.20552392883348,45.33070745793175,46.12080764770508,1289900
2022-06-07,45.84473329262339,47.310699477557684,45.64482980321627,46.92041015625,1445200
2022-06-08,46.35878734381135,47.36782637120295,45.78762968308503,46.349266052246094,1216900
2022-06-09,45.59724074546382,45.92089561638629,42.750981413118424,42.85569381713867,1693200
2022-06-10,41.67530431859521,47.46301408634066,40.78049550362366,46.815704345703125,4152800
2022-06-13,43.02704533302499,43.93137553664125,40.79001760499438,40.93280792236328,3064600
2022-06-14,41.02799702797431,41.02799702797431,37.9342384418579,38.72433853149414,2717200
2022-06-15,40.5425158004562,41.12319105978614,37.80096876145489,39.84761047363281,4452900
2022-06-16,39.1907762582319,42.113191269277436,38.03894712290774,41.484920501708984,3532200
2022-06-17,41.32309662628964,41.5515604038666,39.83809115031076,40.46636199951172,1637600
2022-06-21,40.371166790136,41.979919836102646,39.961838468925926,40.82809066772461,1753700
2022-06-22,40.78050398686438,42.05608478449209,39.68578779536195,39.7333869934082,2611900
2022-06-23,39.324059456240796,40.26646404501418,35.86856749101724,36.58251190185547,2973600
2022-06-24,36.934722311520225,38.74338288187333,36.03039202634367,38.495880126953125,2776300
2022-06-27,37.848567209347095,38.248377923054946,36.906162725801174,38.1531867980957,2177600
2022-06-28,38.56250605928731,38.74337425483382,36.296925651765235,36.42067337036133,2168100
2022-06-29,37.07750521171991,37.40116008162065,34.688169769753415,35.29740524291992,2425300
2022-06-30,34.83096578787728,35.230772887972925,32.55586366634847,32.69865036010742,2799800
2022-07-01,31.56585471314611,35.02134587273468,31.37546885504853,34.50730514526367,3925500
2022-07-05,33.393559099095384,33.95519183995115,30.375952398422204,31.651533126831055,3860300
2022-07-06,31.661049666271353,32.07989933114415,29.462103450923774,31.127973556518555,3303300
2022-07-07,31.727683354725677,33.07941602179711,31.37546825304526,32.07037353515625,3624000
2022-07-08,32.270287605092264,33.07942312099594,31.242205949238787,31.78480339050293,2435100
2022-07-11,30.947107095010697,32.04182325060113,30.69009031679896,30.909032821655273,2679800
2022-07-12,30.880466717959727,31.451624285620657,29.662003050376143,29.909503936767578,2799100
2022-07-13,29.652483055842335,32.46066257916165,29.395462699599882,31.232681274414062,4539300
2022-07-14,28.795752485033717,29.014694960733166,26.777669197938554,28.49113655090332,5084200
2022-07-15,29.00517922860201,29.00517922860201,27.32978955904189,28.272197723388672,3408100
2022-07-18,29.281237830109017,30.004701656092067,28.595851907645567,28.605369567871094,3784700
2022-07-19,29.167004241786767,29.88094855043876,28.557772346079766,29.22412109375,4029700
2022-07-20,29.471623182745084,29.823836543005005,27.501136981249907,27.52017593383789,3946900
2022-07-21,27.88190755754242,28.938543961050105,27.46305969709868,28.605369567871094,4622700
2022-07-22,28.95758204503285,30.375951226854724,27.62488632790831,27.910463333129883,5909500
2022-07-25,27.710553157881805,27.881900046250976,25.58775781555181,26.0446834564209,5748000
2022-07-26,26.26362676618903,27.30122578845552,26.244587818927236,27.120359420776367,3393400
2022-07-27,27.23459409435133,28.357866679359436,26.511130364758753,28.005653381347656,4652300
2022-07-28,29.642969428760985,29.890470359630534,28.376908161856186,29.06229591369629,6015600
2022-07-29,29.452583062790577,29.947583070362363,28.043731580096857,29.633447647094727,4993600
2022-08-01,29.92854775005429,30.223644240555224,29.014698035175964,29.614412307739258,3434300
2022-08-02,29.82383528020023,31.185087650822712,28.786236011597072,28.805274963378906,4795300
2022-08-03,29.214598768452305,29.214598768452305,27.491612031050202,27.93901824951172,4558700
2022-08-04,28.557770041107027,30.74719835133025,28.224595694163288,29.976139068603516,5389600
2022-08-05,28.548254512146706,29.68104672205477,27.767675646978823,29.60489273071289,4367100
2022-08-08,30.76623611723892,31.927586549599315,30.652006058233862,31.232681274414062,4497800
2022-08-09,31.632493270808236,31.727688027705284,30.052296619403997,31.156530380249023,3049700
2022-08-10,31.927589736599558,32.57489952108927,30.956625059864987,31.575374603271484,3756900
2022-08-11,31.889509911219527,32.15604793651855,30.261717888757822,30.375947952270508,2734800
2022-08-12,30.823356625083118,31.803838979944135,30.594892848616936,31.622974395751953,2627900
2022-08-15,30.24268104130108,30.566335936502583,29.623929676587935,30.394989013671875,2524700
2022-08-16,30.052292624451038,30.661524462370192,29.63344482805457,30.51873779296875,2286800
2022-08-17,29.976141062288878,30.071333998554586,28.205558620971125,28.386425018310547,3946000
2022-08-18,28.548253597471664,28.976620919829006,28.110368615199103,28.50065803527832,2537700
2022-08-19,28.119887594202034,28.148444204752035,27.05372995274778,27.244115829467773,2809300
2022-08-22,26.577767383279227,27.49161524450968,26.3873815043624,27.28219223022461,2976700
2022-08-23,27.463057258451148,29.29075470504664,27.41545988327817,28.13892364501953,4248800
2022-08-24,27.862865696191733,28.757674547609092,27.282190437735686,28.6910400390625,2743200
2022-08-25,29.243158807016677,29.281236709078467,28.281713567808122,29.090850830078125,2505000
2022-08-26,28.824311432387766,29.2050813569551,25.882860814666984,26.34930419921875,5535600
2022-08-29,26.11132259536926,26.86334296442058,25.511608379475497,25.730552673339844,3649900
2022-08-30,25.701995191388217,25.72103414210183,24.25506761893082,24.63583755493164,3514100
2022-08-31,24.569203302268335,24.940455582482958,24.04564486170098,24.055164337158203,4445300
2022-09-01,23.131794326183563,23.39833418206948,22.36073499948524,22.570158004760742,5943700
2022-09-02,23.503044894179418,24.769105940755725,22.922369664513337,23.979007720947266,4369400
2022-09-06,24.09323713729159,24.86429820327434,23.188908880046682,23.32217788696289,3474800
2022-09-07,23.23650677944862,25.359300708381614,22.94141031336817,24.969011306762695,4242500
2022-09-08,24.578721354945817,25.397378040334996,24.10275850356219,25.111799240112305,3623900
2022-09-09,25.892384067793078,26.663443504506894,25.749593736547812,26.558731079101562,3479000
2022-09-12,27.720077398645735,27.88190484153148,26.958535743325804,27.310749053955078,3299000
2022-09-13,25.321226184325745,26.62536348992913,24.959493370113673,25.130840301513672,3535000
2022-09-14,25.492572119469667,26.063726114276367,25.092763233712418,25.226032257080078,3122300
2022-09-15,24.769109309773068,25.24507220127991,23.24602769382031,23.72199058532715,4784000
2022-09-16,22.931888907510913,24.78814463943482,22.52256059011663,24.150354385375977,5300800
2022-09-19,23.53160392536418,25.054685491019292,23.255546401546887,25.045166015625,3345600
2022-09-20,24.245546776892255,24.274105201352878,23.169871541367197,23.693429946899414,3581300
2022-09-21,24.226508856745035,25.159395571002733,22.950928322697116,23.807661056518555,4983600
2022-09-22,24.083722383005785,24.664397710918482,23.284104553493165,23.607759475708008,3331700
2022-09-23,22.189387337708947,22.275060795108356,20.580634227996004,21.09467315673828,5419600
2022-09-26,20.847173270321047,21.2374626771105,19.324091728490515,19.99995994567871,3753000
2022-09-27,20.67582423233298,21.2660189275974,20.13322690842686,20.180824279785156,4362300
2022-09-28,21.104189146641033,23.08419418334961,21.09466967342923,23.08419418334961,5383700
2022-09-29,22.789105232507314,23.388817715833145,21.98948737763657,23.274587631225586,4958200
2022-09-30,23.188910608088868,24.988049598146045,22.96044865821289,24.102758407592773,4777600
2022-10-03,24.93093335292605,26.0161280160091,24.512085557349366,25.959012985229492,4105800
2022-10-04,26.929981921254097,28.20556083079733,26.577768574172328,27.40594482421875,5306900
2022-10-05,26.254112437797197,26.67296028137207,25.226032687680178,26.67296028137207,3664000
2022-10-06,26.282666623412332,27.28218778576077,25.939972823451036,27.215553283691406,3804100
2022-10-07,26.149400901666823,26.739595692702082,24.54064761743956,24.55968475341797,4341200
2022-10-10,23.788623809814453,24.84526195267812,23.58872027773443,23.788623809814453,3890800
2022-10-11,23.86477584560598,24.911894427712536,23.255544008302135,23.388813018798828,4744500
2022-10-12,23.493524633444096,24.102756450306817,23.05563790333349,23.70294761657715,4237400
2022-10-13,21.989485584843383,23.47448927325115,20.771019949225494,23.284103393554688,3759400
2022-10-14,22.741504346066733,22.87477517844245,21.18986625708793,21.313615798950195,3265300
2022-10-17,22.532083713686198,23.169874071040308,22.417851819026108,22.551122665405273,4521300
2022-10-18,23.217468572394864,23.312661510980433,22.313140194967673,22.84621810913086,2600600
2022-10-19,21.98948231694027,22.208424775095686,21.266018623525195,21.542076110839844,3499600
2022-10-20,21.694385176989996,23.16034964884085,21.4849603841156,22.056116104125977,3753200
2022-10-21,22.275061755183614,24.226510594257558,22.02756084710161,24.188432693481445,6612000
2022-10-24,23.560160339735905,23.712468301730354,22.54160016302774,23.426891326904297,4391500
2022-10-25,23.731510187831603,24.62632093702859,23.57920220698799,24.340742111206055,4809000
2022-10-26,24.82622251982255,26.29218898920356,24.82622251982255,25.730552673339844,4475500
2022-10-27,26.016128163054663,26.235070628659063,25.111798061604702,25.187952041625977,2919300
2022-10-28,24.45497342315639,24.949973441300457,23.988530015957487,24.883338928222656,2836100
2022-10-31,24.121800215442782,24.521609129011342,23.71247182587802,23.798145294189453,3774600
2022-11-01,25.04516147770483,25.55920216193205,24.57871816182492,24.76910400390625,3711100
2022-11-02,25.206992847633355,25.387859244379236,21.875252798846862,21.979965209960938,6410400
2022-11-03,21.38976965936772,21.608713948565764,20.656788255953252,20.904287338256836,4976600
2022-11-04,22.827175505794163,25.03564261247045,22.817656031893353,25.026124954223633,7222500
2022-11-07,25.29266800580908,25.56872735703454,24.39785725284419,25.359302520751953,2887400
2022-11-08,25.39737644319516,29.01469315997041,25.178433981084115,28.31026840209961,8144700
2022-11-09,28.09132885286189,29.19556256787999,27.377384546652554,27.615365982055664,4393300
2022-11-10,30.67104740545297,31.870472197085327,29.785756208480457,31.689607620239258,6409800
2022-11-11,31.78479298453424,31.92758326709122,30.79478955811876,31.879987716674805,4046900
2022-11-14,31.261244169949464,32.01326644157049,30.889993680020027,31.508743286132812,3142100
2022-11-15,32.20365189809372,32.260765122661,30.20460551813678,30.85191535949707,4138000
2022-11-16,30.318832962276264,31.127970145164504,30.118927627372525,30.185562133789062,2495700
2022-11-17,29.138445525528358,29.566810990367614,28.60536583965788,29.205080032348633,2174400
2022-11-18,29.081329616976703,29.804793372035604,28.776713681300155,29.700082778930664,2478800
2022-11-21,29.34787368774414,29.490662201163868,28.41498679670384,29.34787368774414,1783400
2022-11-22,29.814315253754017,31.63249335529395,29.71912231225706,31.565858840942383,3240100
2022-11-23,31.727688615048834,32.8033621530833,31.03277958641658,32.62249755859375,3284800
2022-11-25,32.28932448565262,32.584422819188376,31.775287264212636,32.14653778076172,1200100
2022-11-28,31.87999289784865,31.87999289784865,29.33834942189454,29.44306182861328,3390700
2022-11-29,30.423542308915646,31.594410399814755,30.30931224991059,31.232681274414062,2822400
2022-11-30,32.16556173167462,33.68864099463723,31.108923904297328,33.336429595947266,3679300
2022-12-01,34.83096586469793,36.07798999493914,34.155099404678666,35.52587127685547,2986300
2022-12-02,33.859997536461904,35.44019408484928,33.46019047748473,35.126060485839844,2040000
2022-12-05,34.51682578712376,34.51682578712376,32.470187621795965,32.81288146972656,3565400
2022-12-06,33.50778948331007,34.2502904585213,32.51778576215589,32.69865036010742,3027600
2022-12-07,33.15558148702793,34.67866150422573,33.1270212401804,33.8885612487793,3315100
2022-12-08,34.55489583051508,34.92614620424808,33.60297030553501,34.00278091430664,2719800
2022-12-09,34.69769809202216,35.535393860005925,33.08894107530583,33.22221374511719,3472300
2022-12-12,32.584418730253084,32.965190491464945,31.699127472047852,32.93663024902344,2644300
2022-12-13,35.31644324345025,36.277890267358565,34.04086261591746,34.78336715698242,3808600
2022-12-14,34.85951684039157,35.164132762729366,33.18412926753372,34.53586196899414,3599600
2022-12-15,32.50826217837468,32.889030256993614,31.308833834020074,31.480180740356445,4113900
2022-12-16,31.43258155388348,32.35595048345443,30.889984290259324,31.879987716674805,2925600
2022-12-19,32.00374360103105,32.432110926876625,30.671049692222056,30.947105407714844,2712500
2022-12-20,31.934878794243367,33.718629407146956,31.92529034999039,33.335025787353516,4250300
2022-12-21,33.87207291861995,34.63927656320339,33.718632189703264,34.09264373779297,2405300
2022-12-22,32.989794219306,33.40216692142103,31.867755761036996,33.35421371459961,3278300
2022-12-23,33.61314055871359,34.39952474131536,32.43356428481093,33.718631744384766,2664400
2022-12-27,34.26525910742485,36.17368127396506,33.59395466228592,35.3393440246582,2568100
2022-12-28,34.58173195065412,34.76394163810879,32.759620442848,33.1911735534668,2218600
2022-12-29,33.939194572605764,34.33238657136371,33.20076010502336,33.46928405761719,1931400
2022-12-30,33.3829733932332,33.57477151269606,32.43355660530767,33.05691146850586,2502000
2023-01-03,34.505010127214774,36.19286149762025,34.36116152773645,35.233856201171875,3500300
2023-01-04,36.72031916949328,38.657510596969196,36.43261826920418,38.25472640991211,4061800
2023-01-05,36.95048308480589,37.784820556640625,36.096968721074255,37.784820556640625,2790300
2023-01-06,38.983564280934914,40.09601020762635,37.660136031802374,39.67404556274414,3124300
2023-01-09,40.78649262872915,40.844034261451675,39.021922800034055,39.18495559692383,2727800
2023-01-10,39.31922190288115,40.55633976269918,38.89726083847789,40.51797866821289,2327300
2023-01-11,40.95911978845155,41.11256050624049,39.0219284399191,39.87544631958008,2169000
2023-01-12,41.1509277757123,41.64001899383807,39.722007904486176,41.33313751220703,3477400
2023-01-13,41.25640849507358,42.790815513610035,41.18927841665729,42.5127067565918,2412500
2023-01-17,41.48657132778645,41.678373136367874,39.09864996880917,39.64528274536133,2529000
2023-01-18,40.8632232874271,41.35231446298464,38.76299898605843,38.878082275390625,2363000
2023-01-19,39.45348641323186,41.218056712149675,38.89726511528462,40.748146057128906,2601000
2023-01-20,40.096009021120096,41.8126255613078,39.66445594631303,41.70713806152344,3012800
2023-01-23,40.8056808909167,41.78386688232422,39.971347179366184,41.78386688232422,1643600
2023-01-24,41.313958711801284,42.74287485869132,40.37413010212386,42.560665130615234,1630000
2023-01-25,41.57287798491172,44.152604564197695,41.33312666168082,43.9128532409668,1991700
2023-01-26,43.62515837879122,43.682696362950765,41.6975554265084,42.66615295410156,1970700
2023-01-27,42.11951543447348,42.23459871652186,40.84404015411713,41.50575256347656,2428700
2023-01-30,41.093379049284806,41.544112748322036,40.20150375366211,40.20150375366211,1341700
2023-01-31,39.76995582095048,40.690600143443774,39.4151211826083,40.64265060424805,1518900
2023-02-01,40.67141521118236,43.14565067673233,39.76995153322021,42.59901428222656,2798900
2023-02-02,42.84836450611663,43.00180523431741,39.05070373941076,39.80831527709961,3244200
2023-02-03,37.66014740686648,38.273910357554186,36.020248837063555,36.39426040649414,3235000
2023-02-06,36.31753752766213,36.50933936073531,35.569514402824005,36.0394287109375,1536400
2023-02-07,36.12573211112913,37.89030221539914,35.84762332199125,36.96965789794922,2407400
2023-02-08,37.30530739343002,37.44915599251605,36.19286139891633,36.470970153808594,1009800
2023-02-09,37.24778217510892,37.6505628200461,34.524205793922384,34.9461669921875,2225800
2023-02-10,34.96534135672063,35.31058393888325,33.97756681422322,34.58174133300781,1664100
2023-02-13,34.37074547282603,34.97491975484633,33.87206234493945,34.59131622314453,1339400
2023-02-14,34.04468637042575,35.05164115112752,33.36379352101277,34.52418899536133,2244400
2023-02-15,33.01855616794939,33.0473251592478,31.954059590125034,32.634952545166016,3215400
2023-02-16,31.762255451623172,32.94183156653298,31.119723637599655,32.395198822021484,2562700
2023-02-17,31.321121826069,31.83898571279406,30.314166707425336,31.685544967651367,3263400
2023-02-21,31.484150223815583,32.021190926721,30.68817395584447,31.052597045898438,2400400
2023-02-22,30.716940491984527,30.716940491984527,29.13458201475126,29.585315704345703,3496800
2023-02-23,29.662036789602862,29.94973767284707,28.88524294151741,29.259254455566406,3147400
2023-02-24,28.242709877088807,28.683851484896053,27.82074698720014,28.530410766601562,2887200
2023-02-27,28.866062748256432,29.249664540330887,28.482460956181978,28.961963653564453,2717900
2023-02-28,29.038680121377876,30.026454374982926,28.46327659577993,29.5181827545166,2393300
2023-03-01,30.27579716856608,31.42660426555936,30.112766193644653,31.081361770629883,3189100
2023-03-02,30.56350316390928,31.129314671917534,30.33334025628446,31.11013412475586,1929900
2023-03-03,31.78144213044088,32.06914305281308,31.090956990095016,31.954063415527344,2750300
2023-03-06,31.55127958855973,31.743077744735633,30.41965107805065,30.8320255279541,2250100
2023-03-07,29.997690474707742,30.189490462994524,27.859106978085283,28.204349517822266,3743100
2023-03-08,28.223531397643544,29.201717420300188,27.763209209037278,28.108449935913086,3542600
2023-03-09,28.511229635421063,29.115404051840947,27.561814524490288,27.753616333007812,3604900
2023-03-10,29.11540775576964,30.381294731384344,28.71262536996879,28.856475830078125,4812200
2023-03-13,31.493736921974907,33.22953798208387,31.244397132070052,32.81716537475586,5159600
2023-03-14,32.702080702728246,33.66108604484127,32.07872942534381,33.325435638427734,2437500
2023-03-15,34.45706638808976,34.49542748439377,32.443156390230556,33.450111389160156,3138700
2023-03-16,33.70904602142804,33.70904602142804,31.44579237330604,32.98979187011719,2780300
2023-03-17,34.198133758154384,37.142280158892824,33.41174959199518,36.08737564086914,6400600
2023-03-20,37.123097140918006,37.85194327364514,36.53810327758352,37.3532600402832,3975000
2023-03-21,36.14615007776099,36.20377012768175,33.86060605044138,34.763301849365234,4050400
2023-03-22,34.93615774865445,37.43296792378569,34.80171463106588,35.95408630371094,3640000
2023-03-23,36.770351510121166,38.68137055440442,36.2229739013928,37.74987030029297,4244100
2023-03-24,38.12439268045584,38.91184834198107,37.269715462212616,38.31645584106445,2902500
2023-03-27,36.70311988040867,38.297237396240234,36.37661370664563,38.297237396240234,2518200
2023-03-28,38.70057077601994,40.22746692004077,38.009148664427045,40.006595611572266,2684800
2023-03-29,39.31517785390884,40.304301853205914,39.05589313545039,39.55525588989258,2028900
2023-03-30,40.227471634889554,40.89969081001101,39.632079183004734,40.544376373291016,2377000
2023-03-31,40.92850227012708,41.1397721126104,39.54565411106373,40.26588821411133,1725600
2023-04-03,40.61159974204308,42.51301726765033,39.900967173498984,41.87921142578125,2863100
2023-04-04,42.11928665804888,45.02903096682171,41.57190908834507,44.61609649658203,3741200
2023-04-05,45.71085285655196,46.13339250992148,43.87665695781556,45.17308044433594,3016200
2023-04-06,44.70253377978983,45.60522962466094,43.66539847152786,45.44197463989258,1919900
2023-04-10,44.13594350673931,44.376021533207606,43.406107918127674,44.31840515136719,1927500
2023-04-11,45.105860862443045,46.94965835049634,45.0194326262343,45.787681579589844,2959300
2023-04-12,47.084096103940325,47.50663572769997,45.4323619579239,46.67116165161133,2287100
2023-04-13,48.140443202977096,49.79217740742255,48.08282316225354,49.19678497314453,3174700
2023-04-14,47.9579896784328,48.37092421516533,45.08665826809302,47.03609085083008,3146100
2023-04-17,45.98934932986642,46.27744224879958,44.270389662834944,45.009830474853516,2253200
2023-04-18,45.240307183469554,47.21854792090441,45.13467225801425,45.509193420410156,1877400
2023-04-19,43.83824711656923,45.09625357387853,43.646183971417486,44.19356155395508,2068400
2023-04-20,44.90418407480209,45.7300529177846,43.99189067519513,44.27998352050781,1617200
2023-04-21,43.31967995361213,44.24157870183722,42.215319559615416,43.11801528930664,2198600
2023-04-24,42.74348604040203,43.742211412030336,42.368964941866324,43.31967544555664,1204600
2023-04-25,43.04118867304406,43.838249486355984,42.07127504938135,43.377296447753906,1813700
2023-04-26,44.40484092486072,44.5872989371597,42.10969152506517,42.349769592285156,1703500
2023-04-27,41.92722563045596,43.68459851050477,41.60071937388787,43.540550231933594,1885800
2023-04-28,43.41570309450788,43.73260780160474,42.21531313726115,42.945152282714844,1416500
2023-05-01,44.36641980867131,44.731339432856,42.35936737060547,42.35936737060547,1435200
2023-05-02,42.51302127592001,45.93173400598694,42.26333805398519,45.80689239501953,2880700
2023-05-03,45.61481948727645,46.93044588676455,45.240298397614104,46.15259552001953,2196300
2023-05-04,46.84402430458116,49.83059560069202,46.75759606676348,48.28449249267578,2967300
2023-05-05,45.52840244962727,48.015611259396,45.13467458383224,47.3722038269043,2058400
2023-05-08,47.79474214321059,48.58219791197021,46.86323806855324,47.27617263793945,1450200
2023-05-09,47.05529634414638,47.861958713720895,46.67117001071081,47.199344635009766,1474800
2023-05-10,47.23775220006268,47.34338712014217,45.23069970845245,46.335060119628906,1761100
2023-05-11,45.3267314245099,45.37474629639637,42.474603342194726,42.57063674926758,2350600
2023-05-12,42.40737847718333,43.06039094108349,41.927222469215536,42.60904312133789,1554000
2023-05-15,43.06038905850107,44.06871589848988,42.93554747616358,43.45411682128906,1640700
2023-05-16,43.031593505524675,43.319686449633615,40.61160618106862,41.082157135009766,2459500
2023-05-17,41.034138248082726,41.130171662275515,39.80493985281646,40.33311080932617,2110900
2023-05-18,39.094310712626466,39.11351739717061,37.31773452024919,38.3548698425293,3134900
2023-05-19,38.64296350452209,39.94898498435863,37.96113907668142,38.902244567871094,2218300
2023-05-22,38.48930929916995,39.09430326216034,38.287640981540015,38.37406921386719,1635700
2023-05-23,37.77867984887719,38.3932790342159,37.432966891299145,37.836299896240234,1969700
2023-05-24,37.98995022836607,37.98995022836607,35.733214462703764,35.91567611694336,2788000
2023-05-25,35.310675761962315,35.3778973147663,34.23512725379859,34.53282165527344,2768000
2023-05-26,35.34909222241242,35.58917026440933,34.16790869538367,34.72488784790039,2193100
2023-05-30,34.81130599975586,35.09939883399056,34.04305722069694,34.33115005493164,2027600
2023-05-31,34.53282404140227,36.58789145666668,34.379174243904934,35.906070709228516,3531300
2023-06-01,36.26137772617213,39.03668234695825,36.12693463890693,38.33565139770508,3355600
2023-06-02,38.40288058603699,38.931051482179285,36.43423794804336,36.88558578491211,2303200
2023-06-05,36.5302729644145,37.749869764374125,36.491859601431536,37.231300354003906,1094300
2023-06-06,37.461773473055324,37.57701356282788,36.5014613714171,37.49058532714844,1032500
2023-06-07,37.548199155904726,38.863829283277894,35.781224862491584,36.11733627319336,2513200
2023-06-08,37.18328507897057,37.93232733252135,36.83757214247024,37.202491760253906,1947100
2023-06-09,36.98162694754745,37.16408863836711,36.040521285138574,36.13655471801758,1448800
2023-06-12,35.992491676494815,36.43423429712691,35.36829110298408,36.4150276184082,1019200
2023-06-13,36.84717731409422,37.32733340400584,35.40670904435933,35.73321533203125,2012400
2023-06-14,36.434245215295746,36.95281470620124,34.77290547292119,35.63718795776367,2181200
2023-06-15,35.08020057624738,35.915674758340174,34.7632994815191,35.829246520996094,1820800
2023-06-16,36.24218912398913,37.50019593795299,35.60838312960939,36.597503662109375,2135200
2023-06-20,35.377897083611984,35.49313350719447,33.7741740091813,34.0334587097168,2692300
2023-06-21,33.38558703803458,34.0594606306573,32.60581855155914,33.54924011230469,2309600
2023-06-22,32.586557757066245,33.26043120816716,32.41327590757415,33.23155212402344,1735400
2023-06-23,33.664755646838515,34.174972369038365,32.77909248147385,33.00050735473633,1576400
2023-06-26,33.3952098431668,34.06908338868898,32.63469903307408,33.587745666503906,1529600
2023-06-27,33.75139873371741,33.81878571371481,31.999329909155062,32.596187591552734,1669300
2023-06-28,32.162986636863224,32.480671298067264,31.575754024806344,31.67202377319336,1779000
2023-06-29,30.99814623089878,32.52880014609364,30.77672951044456,32.48066711425781,2348100
2023-06-30,32.79835438835358,33.59737682574003,32.25925477979228,33.54924011230469,1918700
2023-07-03,33.85729243765034,35.03175761405483,33.69363938051345,34.781463623046875,1682600
2023-07-05,34.99324525668996,35.09914012596095,32.88498769759264,32.93312072753906,2587500
2023-07-06,32.451783761097815,32.480666517520625,30.8922507899163,31.19068145751953,2459500
2023-07-07,31.729781325027133,32.79835164102856,31.595007352254942,31.989704132080078,2263000
2023-07-10,31.720152138854996,33.54923302100006,31.604632130122063,33.3567008972168,2096800
2023-07-11,33.78027378224783,34.25198625817806,33.279682224716716,33.712886810302734,1889800
2023-07-12,35.07026542162515,37.53471578915055,35.04138633451417,37.438446044921875,3553800
2023-07-13,37.90052440674644,38.256716901230824,37.515456501575514,38.08343505859375,1723600
2023-07-14,38.054563904837906,38.58403840337837,37.39994422692955,37.52509307861328,1779500
2023-07-17,36.889713163114536,37.84276322158243,36.41800437425882,37.573211669921875,1078300
2023-07-18,38.50702044645617,39.80663091759781,37.881279895275,38.97873306274414,2835000
2023-07-19,38.69955523743949,38.9594780591075,38.141201693341806,38.439632415771484,1051500
2023-07-20,37.78501481582136,38.083445554234764,36.081078675168854,36.186973571777344,2033700
2023-07-21,35.58048215015404,36.52390360803897,35.426454231975185,36.389129638671875,1382200
2023-07-24,36.29286506713489,36.5816669666188,35.24354868356821,35.99443435668945,945400
2023-07-25,35.9751756333995,37.25553557004674,35.93667141160887,36.93785095214844,1198200
2023-07-26,37.245908656500035,37.245908656500035,35.965552326986554,36.7838249206543,1801200
2023-07-27,35.878912619431624,35.95592474187225,33.64550598392495,33.67438507080078,3690100
2023-07-28,34.46378128027931,34.78146594983056,33.95356445352604,34.43490219116211,1700700
2023-07-31,34.98362701252922,36.76457517765441,34.964373062294044,35.975181579589844,1627800
2023-08-01,34.35787822961308,34.79108282505221,33.221921144823625,33.327816009521484,2620600
2023-08-02,33.14491115820732,33.14491115820732,31.03665355508574,31.19068145751953,3520000
2023-08-03,31.296572656686934,31.79716425767548,30.738222887482507,31.19068145751953,2499200
2023-08-04,31.777917053004508,32.30739152275199,31.363969961144292,31.72978401184082,3177000
2023-08-07,31.835672710240335,31.835672710240335,30.6804634217071,31.335081100463867,2001400
2023-08-08,30.401286596476403,31.007771241450314,29.852561956700608,30.872997283935547,2570600
2023-08-09,30.901874890573666,31.325454362293723,30.39165816943604,30.834487915039062,1538000
2023-08-10,31.421721566682024,31.826047106947094,30.507181122832986,30.940383911132812,2314800
2023-08-11,30.69971806568047,31.575752536989757,30.43979710191355,31.4794864654541,1397400
2023-08-14,30.805611980615392,30.805611980615392,29.958458459057795,30.382034301757812,1491100
2023-08-15,30.25688826916271,30.25688826916271,28.697353305347807,28.82250213623047,2746000
2023-08-16,28.822501144038227,28.88026115221855,28.0523597449512,28.158254623413086,1957400
2023-08-17,28.138999692212337,28.341162468016865,27.28221922886682,27.648035049438477,2647500
2023-08-18,27.580650521046074,27.580650521046074,26.974165812040436,27.330354690551758,1878500
2023-08-21,27.609530106213384,27.850198950463977,26.91640265963083,27.753931045532227,1907500
2023-08-22,27.994601050481357,28.273777802742767,27.397741484083856,28.167882919311523,1452100
2023-08-23,28.764735488389448,30.266510191353966,28.70697548786229,29.89106559753418,3292800
2023-08-24,29.640774822331124,30.30501948988113,28.88026041666988,29.746667861938477,1859300
2023-08-25,29.515629225924556,30.025847876751936,28.31228491033351,29.169065475463867,2545700
2023-08-28,29.303836992465335,30.593822056604225,29.169061200285377,30.353153228759766,1372100
2023-08-29,30.11248105534295,31.431346893310547,29.939199224761797,31.431346893310547,2205400
2023-08-30,31.94157185325314,32.432534718909,31.200311313093966,31.42172622680664,1761300
2023-08-31,31.479487209217158,31.623886319932343,30.38203597343669,30.911508560180664,1555500
2023-09-01,31.710527045521747,32.076344733747895,30.401289721556573,30.420543670654297,1932100
2023-09-05,29.83330965629449,30.35315524024392,28.957275211779013,29.207571029663086,1560800
2023-09-06,28.899511619513206,29.71778595416673,28.70697583389214,29.111299514770508,1237000
2023-09-07,29.11130343172097,29.130557380105177,28.53369783329779,28.832128524780273,1508000
2023-09-08,28.986156439538778,29.81405602232634,28.75511456740102,28.832128524780273,1907500
2023-09-11,29.67928240625306,30.112487069222905,29.409732634165426,29.6600284576416,1644200
2023-09-12,28.995784347490172,30.30502166509919,28.928395525975304,29.80443000793457,1238900
2023-09-13,29.71778795893327,30.170244698661037,29.342343335260374,29.69853401184082,1002600
2023-09-14,29.640773227663853,30.892250377260677,29.640773227663853,30.391658782958984,2033100
2023-09-15,31.094415009623127,32.028211332496625,31.046281973584495,31.691272735595703,2424000
2023-09-18,31.63351792951345,31.960827750668418,30.91151129511122,31.72978401184082,1221100
2023-09-19,31.90363954864045,31.961594809211025,30.79285617998769,30.976377487182617,1709300
2023-09-20,31.005356242256827,32.512159999780124,31.005356242256827,31.63319206237793,3074800
2023-09-21,30.17468352571319,30.628655377239443,29.643439830473824,29.971845626831055,2389500
2023-09-22,30.50309010410514,30.957061967270278,29.76900664885722,29.817302703857422,1634900
2023-09-25,29.633778181425424,29.672413178950016,28.571289036063256,29.073556900024414,1702800
2023-09-26,28.600270773416007,28.687201833213507,27.528122264117656,27.56675910949707,1888200
2023-09-27,27.190056092048223,27.238352146740077,25.354848386798327,25.866775512695312,5591000
2023-09-28,25.760524600222016,26.156543015112646,25.296893554833865,26.127565383911133,3036400
2023-09-29,26.90028537695848,27.151419318042713,25.34518752122018,25.770183563232422,3826900
2023-10-02,25.209960930277912,25.209960930277912,23.84804366800102,24.070199966430664,4046900
2023-10-03,23.934973718123036,24.58212600919938,23.48100008804652,24.186107635498047,3758800
2023-10-04,24.38894978375918,24.38894978375918,23.365097358187683,23.85770606994629,2518400
2023-10-05,23.86736379065322,24.630424897267687,23.838387999261794,24.620765686035156,2515000
2023-10-06,24.70769590352038,26.079272532632558,24.53383379186719,25.731548309326172,3927400
2023-10-09,26.63949352524713,27.04517116643591,26.398018782689665,26.967899322509766,3053400
2023-10-10,27.19971193105334,27.566754531984916,26.82301196268672,27.402551651000977,2260200
2023-10-11,28.30083706417363,28.49401758130827,27.72129919738161,28.42640495300293,2289500
2023-10-12,28.3298162903465,28.638903661329064,26.987217331776225,27.29630470275879,2626400
2023-10-13,29.121852504651663,29.94286696737973,28.687199089541046,29.58548355102539,4528300
2023-10-16,29.25708080177863,30.1263895097692,29.015606058319804,29.74003028869629,2272200
2023-10-17,29.730366985271786,30.899103698420166,29.3923020225054,30.841150283813477,2505100
2023-10-18,31.739437868399985,31.932618381821815,30.27127112485063,30.763879776000977,3437500
2023-10-19,30.59001833111144,30.91842226320362,29.71105047678289,30.792856216430664,3157300
2023-10-20,30.802512278311177,32.096816823403934,30.647968617014048,30.68660545349121,3051600
2023-10-23,30.24229351865818,30.773539009828283,29.0638975443254,30.261611938476562,1885000
2023-10-24,29.41162502703115,30.454795864121085,29.41162502703115,30.136049270629883,1240700
2023-10-25,29.817300664916147,30.734903539499715,29.170148310615485,29.22810173034668,2580900
2023-10-26,28.986627446108322,29.372986654122048,27.808231401089955,28.716175079345703,3700300
2023-10-27,28.996286405089894,30.087751388549805,28.252543784673257,30.087751388549805,3391600
2023-10-30,30.271272459705845,30.329225879365566,28.98662696302835,29.092876434326172,2357200
2023-10-31,28.899696390448693,29.286055598414713,27.161079033448587,27.624710083007812,3460800
2023-11-01,27.70198252902739,28.223567010585402,26.80369619946552,27.837207794189453,3769200
2023-11-02,28.34913583711115,28.34913583711115,27.363918421260134,28.088342666625977,2392600
2023-11-03,28.5906094458305,31.12126551937447,28.494019181837636,30.435476303100586,5334300
2023-11-06,30.329227520361353,30.59967989724984,29.740030396945365,29.82695960998535,2909000
2023-11-07,28.976965538610166,29.150827626610763,27.653683301732393,28.551969528198242,3639500
2023-11-08,28.155955501643575,28.329817616536705,26.523585674632262,26.765060424804688,3628300
2023-11-09,27.006534343295282,27.89516147025627,26.301428536659415,26.649152755737305,2865100
2023-11-10,26.07927225549321,26.26279357609979,25.50939171437757,26.011659622192383,2751400
2023-11-13,25.818479191170066,26.20483841318133,25.5190510243996,25.644617080688477,2088500
2023-11-14,26.707104277618427,28.349133148296154,26.707104277618427,27.924137115478516,3055700
2023-11-15,28.30084053767681,28.329818171495358,27.325284149099236,27.798574447631836,2011300
2023-11-16,27.943456457043855,29.42128064707553,27.701981723529556,28.4940185546875,3970300
2023-11-17,28.793450293055397,29.015608475698823,28.059366790705088,28.136638641357422,2148400
2023-11-20,27.566755594136993,28.378108978271484,27.23834981951558,28.378108978271484,1904600
2023-11-21,29.170146393784883,30.454791807629974,29.170146393784883,29.73036766052246,3544800
2023-11-22,29.807643971425016,30.058777934539687,29.286057622885433,29.759347915649414,1287600
2023-11-24,29.72070985826217,30.280931151529405,29.624119598945892,29.923547744750977,1425600
2023-11-27,30.812172655357216,31.16955603709444,30.17467956776613,30.841150283813477,2955700
2023-11-28,31.565577065414246,33.79680490167231,31.382057596696388,33.73884963989258,5284400
2023-11-29,33.71953266354419,34.134869512558346,33.20760739203881,33.74850845336914,2813500
2023-11-30,33.371813159174,33.99964904785156,32.98545573004468,33.99964904785156,1854900
2023-12-01,33.79681085763857,35.23599844164759,33.5360176605885,35.00418472290039,3555200
2023-12-04,33.51670122723832,33.89340130603523,32.6860273690642,33.32352066040039,4021000
2023-12-05,32.47352387707705,33.03374707481309,31.45933064748533,32.11614227294922,2881200
2023-12-06,32.83090231516368,33.130328589407675,31.980910326995165,32.04852294921875,2188100
2023-12-07,32.396250895611836,32.396250895611836,31.072966712712432,31.778076171875,2638300
2023-12-08,30.40649892434078,31.304785255032233,29.74002996608447,30.474111557006836,3191200
2023-12-11,29.633778948243066,30.28093129370283,29.179805280016893,30.194000244140625,2155700
2023-12-12,30.261615344790886,30.261615344790886,28.436066839501745,28.7258358001709,2681600
2023-12-13,28.745155100864213,32.386593011759864,28.34913664943443,32.33829879760742,5642400
2023-12-14,33.43942057660947,34.95588163149481,33.10135741836576,33.67123794555664,3989000
2023-12-15,33.07237862849316,33.71952909687914,32.72465444892564,33.01442337036133,2538700
2023-12-18,33.50702786978692,33.67123258092361,32.772946406866424,33.34282684326172,1639700
2023-12-19,33.7291896758615,35.87348653096072,33.642262307304385,35.16838073730469,3108000
2023-12-20,35.45814747576892,35.50644168349388,33.48771284985067,33.5360107421875,2057600
2023-12-21,34.617442646707836,35.2220279274273,34.36390808378062,34.724708557128906,1706800
2023-12-22,36.245924946960066,36.93827665702654,35.183026711773906,35.26103591918945,2821900
2023-12-26,35.62182965452197,35.94362733873576,34.987991479945734,35.44630432128906,1163800
2023-12-27,35.78760859309163,36.81150398649211,35.709595673282465,36.23617172241211,1760900
2023-12-28,35.729095584148986,36.07039649681754,34.227380496072364,34.42240905761719,2026800
2023-12-29,33.87633768240459,34.20788516152506,33.213242724163656,33.915340423583984,2143000
2024-01-02,33.973846678719205,34.40290654718042,32.77442602200811,33.06696701049805,2149100
2024-01-03,31.418987494471317,31.81879443396637,30.687631204742967,31.194704055786133,3196900
2024-01-04,31.321468762032197,31.584756781484288,30.482850349602696,31.18494987487793,2151000
2024-01-05,31.223958902553026,32.38437325868233,30.619371755550716,31.194704055786133,2657000
2024-01-08,30.200057733560524,31.360473801636157,30.014782640789235,31.106937408447266,2317500
2024-01-09,31.262963096467825,31.272712851418852,29.702738194192417,29.90751838684082,2620300
2024-01-10,29.810007076992637,30.23906887499975,29.37119552306017,29.78075408935547,1849500
2024-01-11,29.75149774643116,30.151304676775634,28.561828570763506,29.302932739257812,2601500
2024-01-12,31.009422867886602,31.984561975177755,30.63887082548527,30.96066665649414,3278500
2024-01-16,29.956275572670563,30.05378986471604,28.074258477865833,28.269285202026367,4057800
2024-01-17,27.32340098650401,27.32340098650401,26.309255319942775,26.504283905029297,3968900
2024-01-18,26.933343328199985,26.933343328199985,26.240993585439583,26.64080047607422,2720500
2024-01-19,27.03085727059405,27.03085727059405,26.05571809526328,26.777320861816406,2926500
2024-01-22,26.094723666714764,26.83582963792873,25.88019372502005,26.62129783630371,1776400
2024-01-23,26.943093947974436,27.830472287317825,26.80657506188945,27.820720672607422,2225300
2024-01-24,28.795862004567855,29.37119429652673,26.728566027709288,26.826080322265625,3467100
2024-01-25,27.664698488218402,28.005995702581057,27.303896184553178,27.791465759277344,1872900
2024-01-26,27.71345538412124,28.19127335592484,27.342903316575924,27.459918975830078,1546200
2024-01-29,27.937735921864583,28.025498593048066,27.021104611687253,27.957239151000977,2270500
2024-01-30,28.249782022943915,28.435058992173815,27.22588660443266,27.55743408203125,1916100
2024-01-31,27.820720105717456,28.756852779677057,27.021104455130764,27.157625198364258,3988800
2024-02-01,27.830475326827212,29.458956102782377,27.752462400623795,29.26392936706543,3776000
2024-02-02,27.625692297595066,27.625692297595066,26.553038850805205,27.22588539123535,4547300
2024-02-05,26.133730860213493,26.494533196998905,25.665664471894978,25.919200897216797,2959200
2024-02-06,26.162983599833236,26.679808024433957,25.91919880972673,26.54328727722168,1703300
2024-02-07,26.484780711918145,26.65055445149655,25.948454892068817,26.16298484802246,1485600
2024-02-08,25.79243278503418,26.065470572807147,25.529144752598448,25.79243278503418,1436700
2024-02-09,25.499893921098163,25.54865200511221,24.768539400264004,25.13909339904785,2600300
2024-02-12,24.973314338105162,25.958205107191247,24.905054894889453,25.714420318603516,2775000
2024-02-13,24.4272355479844,24.49549685245912,22.710992239659507,23.130300521850586,6854800
2024-02-14,23.276571367312687,23.461846459009127,22.74024374101022,23.335079193115234,3165700
2024-02-15,23.842153692831232,25.14884034270833,23.842153692831232,24.6710205078125,3508400
2024-02-16,24.319972620662142,25.324364824968963,24.18345186537281,24.856298446655273,3455300
2024-02-20,25.382874230924426,25.490138278954998,24.81729356519169,25.051326751708984,1874900
2024-02-21,25.051328657172796,25.051328657172796,24.00792992377922,24.680774688720703,2492400
2024-02-22,24.39797857122572,24.41748179788459,23.3058220574199,23.471595764160156,3605300
2024-02-23,23.637372312270838,24.534500387188903,23.198560819278594,24.3394718170166,3743600
2024-02-26,23.80314535052129,23.80314535052129,23.198560148347042,23.58861541748047,2790400
2024-02-27,23.647125695477826,23.793396204082327,23.169307708740234,23.169307708740234,2774500
2024-02-28,23.04253851855129,23.04253851855129,22.57447214810336,22.769500732421875,2823300
2024-02-29,23.695882426712334,24.339474166504388,23.656877824870936,23.8324031829834,3229400
2024-03-01,24.397982280309982,25.724170275914673,23.676379523601312,25.490137100219727,4908800
2024-03-04,26.4555242401525,27.840221903311267,26.182486469343655,27.762210845947266,5367000
2024-03-05,28.669093580256256,28.942133239852595,27.93773914269905,27.97674560546875,4309100
2024-03-06,28.72759923339605,29.712490024388927,28.67884301856616,28.94213104248047,3584100
2024-03-07,29.731992314797015,30.073291387612727,29.332185414048134,29.868511199951172,2246500
2024-03-08,30.200056801589387,30.619366905849212,29.497957329761668,29.897764205932617,3296000
2024-03-11,29.62472884712601,31.28246813408799,29.527216412537484,30.931415557861328,2861100
2024-03-12,29.741747625931847,29.82951030870445,28.96163695676487,29.78075408935547,2470000
2024-03-13,30.11229515440358,31.56525221746297,30.024534344893386,31.16544532775879,2214600
2024-03-14,30.404843626675316,30.746142753157276,29.95627858217401,30.395092010498047,2562600
2024-03-15,30.161058149505426,30.687632392171306,29.76125119454023,30.385339736938477,1878700
2024-03-18,30.287823489060525,30.395089397859728,29.839260343046494,29.985530853271484,1191600
2024-03-19,29.630242738507743,29.630242738507743,28.570267272098594,28.678226470947266,2082700
2024-03-20,28.491751567296077,31.504828115831646,28.344531239739446,30.95521354675293,3439700
2024-03-21,31.573530849225374,32.152591746927385,30.336894289099483,30.3663387298584,3449800
2024-03-22,29.924679394213335,30.513555064487857,29.590983243457245,29.610612869262695,1523400
2024-03-25,30.02282889244171,31.190765546175385,29.973756694614526,30.160232543945312,1562800
2024-03-26,31.406683666127176,31.406683666127176,30.062084197998047,30.062084197998047,1598600
2024-03-27,30.464480308675412,32.35869598388672,30.444850684521597,32.35869598388672,2523500
2024-03-28,33.163493534464976,34.00754869600018,32.61387526221764,33.71310806274414,2440800
2024-04-01,35.1852892391614,35.38158170754623,33.889764189375924,34.527713775634766,3145700
2024-04-02,35.01845088132485,35.53862285613499,34.370688212025485,35.42084884643555,2916200
2024-04-03,35.29326003485452,37.16784632510711,35.24418784019242,36.971553802490234,2539200
2024-04-04,36.90285210519766,37.315066778475355,36.0195413664057,36.12750244140625,2553100
2024-04-05,36.529902165613265,38.79706987251,36.14713378621349,38.52226257324219,3184500
2024-04-08,39.22891167872176,39.44483008117809,37.22673471360617,37.992271423339844,2726000
2024-04-09,39.33687423578954,40.13185354312608,38.6400355762151,39.24854278564453,2595600
2024-04-10,37.1678443975395,38.93446952153515,36.461196594322196,38.0020866394043,3343200
2024-04-11,39.081696677768,39.866863120883515,37.71746928086061,39.76871871948242,2857600
2024-04-12,41.221269097738364,42.77197577994848,37.4524672019007,38.20819091796875,6768100
2024-04-15,38.81669945546044,39.02280492967391,36.47101324063531,37.58006286621094,4360400
2024-04-16,36.69674728073758,37.02063051138955,35.1754867507496,36.520084381103516,3335100
2024-04-17,37.16784454597679,38.53207170971082,36.70656144547134,37.67820358276367,2777600
2024-04-18,38.81669558664703,38.846141897148826,37.45246842572588,38.0511589050293,1830600
2024-04-19,38.27689296515147,39.346683200346476,38.031528266656906,38.777435302734375,2428300
2024-04-22,35.57788114625445,36.794891693499906,35.087151751133696,35.30307388305664,3409800
2024-04-23,34.76327557774181,36.61823621105686,34.566986775204654,36.42194366455078,1911200
2024-04-24,35.98028274065211,36.726189849353744,35.8330624096342,36.520084381103516,1367100
2024-04-25,36.539716135936914,39.59205405917317,36.16676068788403,39.160213470458984,4465700
2024-04-26,40.03370467897856,40.612765511023426,39.11113102631528,39.798152923583984,2424400
2024-04-29,39.82760600325588,40.642214985202,38.62040819960413,40.200557708740234,1378100
2024-04-30,37.95301735819816,38.404491339157325,36.36305484220661,36.47101593017578,2869800
2024-05-01,37.05007083714584,38.76762378986121,36.34341928138737,36.98136901855469,2732600
2024-05-02,36.313979695488335,37.884312455003084,35.970470574334676,37.43284225463867,1531800
2024-05-03,37.69783284347452,38.051158615057325,36.41212045109673,37.05988311767578,1773100
2024-05-06,38.69892361985534,39.327056698857824,38.522260723389834,38.7578125,2120500
2024-05-07,38.49281648133436,38.87558482570772,38.08060182618498,38.66947937011719,1276100
2024-05-08,37.8646872315661,39.32705893736321,37.6880243250449,38.71855545043945,1933000
2024-05-09,39.32705514995355,41.47644864700495,39.307425524011784,41.34886169433594,2959700
2024-05-10,42.25179984030735,42.526610845321784,40.99553379670353,41.01516342163086,2281700
2024-05-13,40.74035668871219,41.476450852818274,39.69019598077165,40.41647720336914,1262500
2024-05-14,40.91701356013108,41.496074367018515,40.5440619342475,41.29978561401367,1041000
2024-05-15,42.22236074182852,42.997714142266496,40.583322493510664,42.50698471069336,2147500
2024-05-16,41.94755393125537,42.46772593651892,41.14275420994883,41.908294677734375,1201300
2024-05-17,43.105667822491455,44.79377812223943,42.742529122185715,44.71526336669922,2777000
2024-05-20,45.02932925469127,46.19726383898117,43.930092740569876,45.63783264160156,1793900
2024-05-21,45.15692191221655,45.60839584733921,44.381572234006164,44.980262756347656,1159700
2024-05-22,43.86139227860341,43.87120896319303,40.907202947753845,41.358673095703125,2598300
2024-05-23,41.32923050580982,41.74144140309705,39.42519804509779,39.670562744140625,2164400
2024-05-24,40.730545112445434,41.30960602404377,40.51462295233359,40.77961730957031,1247000
2024-05-28,42.64438548459401,43.00752419122529,41.819959945236384,42.624755859375,1523200
2024-05-29,41.61385378856175,42.22235718412813,40.51461725880348,40.544063568115234,1214100
2024-05-30,40.77961456864071,42.04569738679578,40.6716534958412,41.368492126464844,1103500
2024-05-31,41.98681154325656,42.27143552958334,40.07296963788014,40.87776565551758,1865200
2024-06-03,41.03479130469556,41.35867074232794,40.35758237733773,41.29978561401367,2585200
2024-06-04,39.90611493720166,39.96500381344187,37.629130804802045,38.178749084472656,2992000
2024-06-05,38.64003369170012,39.65093884827201,37.93338586897255,39.48408889770508,1742600
2024-06-06,39.56260256380867,42.291056622013436,39.48408406868178,42.173282623291016,2044400
2024-06-07,39.2681653680462,39.356496810766316,36.333605620728825,36.588783264160156,3595600
2024-06-10,36.716378421352374,37.60950589788903,36.24527858423104,37.40340042114258,1596500
2024-06-11,36.922475366531835,36.94210498987222,35.96064628666002,36.863590240478516,1570600
2024-06-12,38.58115340246887,39.140584715038486,37.07951863465198,37.393585205078125,2112100
2024-06-13,36.55933889023009,37.491725463069834,35.116593311794176,35.607322692871094,2138400
2024-06-14,36.323789232345895,36.323789232345895,35.09696570898424,35.89194869995117,1773700
2024-06-17,35.61714172363281,35.94102118961791,34.82215872608487,35.61714172363281,1420300
2024-06-18,35.479740625802506,36.942112285778734,35.31289066644102,36.66730499267578,1849700
2024-06-20,37.442655480710194,38.99335846945178,37.03044082944534,38.47318649291992,2059400
2024-06-21,38.188559463610204,38.26707795999701,36.775260224359485,37.22673034667969,1775800
2024-06-24,37.90393947339762,38.49281702565708,37.50154149747276,37.69783401489258,1200000
2024-06-25,37.41231713020851,37.432008274119134,36.80190669178579,36.929893493652344,1006800
2024-06-26,35.748453392558694,36.97912166715613,35.64999767716999,36.83143997192383,959400
2024-06-27,37.52061682760722,38.140874720526654,37.52061682760722,37.658451080322266,1118500
2024-06-28,38.21963448137934,38.495302979166205,36.585307126768484,36.99881362915039,1272600
2024-07-01,37.284326572640275,38.071953550556955,36.77236809806901,36.929893493652344,1163400
2024-07-02,36.94958182080596,37.92427271371969,36.398244856144885,37.22525405883789,1346800
2024-07-03,38.170410304875496,40.53329130268113,38.170410304875496,39.844120025634766,2328000
2024-07-05,41.24215567163355,42.73864878248173,41.21262083411272,42.10854721069336,1937700
2024-07-08,41.340609514311,41.87225534407824,40.365918607618404,41.754112243652344,1490200
2024-07-09,41.74427553530187,42.35468603796173,41.09448274067632,41.71473693847656,1376600
2024-07-10,42.679577084506185,44.18591770615233,42.679577084506185,43.88071060180664,1969200
2024-07-11,45.987617628919786,46.50942360435686,43.89056129920993,46.351898193359375,2545600
2024-07-12,45.36735980363827,46.893387804698385,45.298438920873934,46.479881286621094,1383900
2024-07-15,46.57833945253408,47.52349189245629,45.367362184689625,46.036842346191406,2052100
2024-07-16,46.657103584568134,49.305504600982744,46.39127873780706,49.2365837097168,2533600
2024-07-17,48.82307599043943,49.52209472703328,46.962306005790126,47.139522552490234,2200600
2024-07-18,47.38565180275468,47.641629148694,45.150757788697774,45.68240737915039,1791500
2024-07-19,43.26044879733405,45.288591417200315,43.0733885761416,44.697872161865234,1588300
2024-07-22,44.28437099619775,44.9636985969763,43.545969960511634,44.796329498291016,1061100
2024-07-23,44.550191380999316,44.914468137380126,43.93978097057984,44.75694274902344,971100
2024-07-24,45.49534521650516,46.854004083350816,44.0185432434082,44.0185432434082,2276300
2024-07-25,41.95102358571908,42.50236060641849,40.96648889938238,41.8624153137207,2582400
2024-07-26,42.51220669940665,42.955248045255814,41.93133110278254,42.2562255859375,1644700
2024-07-29,42.65988980790169,42.78787661315878,41.30123088768928,42.69926834106445,1251800
2024-07-30,43.17184748555628,43.536128048852156,42.0494784662603,43.24076461791992,1481400
2024-07-31,44.99323345327771,45.83008638856419,44.412357869914835,45.6331787109375,2564300
2024-08-01,45.633178343470924,46.3322007812018,42.925708126085446,43.83148193359375,3367400
2024-08-02,45.140913115806484,45.89900526236696,41.2815390122641,42.29560852050781,3314000
2024-08-05,37.31387191417603,40.10010355661088,36.1718116507419,39.50938415527344,2554400
2024-08-06,39.24355163315911,41.08463037158527,38.60360261028236,40.218238830566406,1807700
2024-08-07,41.153544233379826,41.52766842119911,37.82581633853757,38.13102340698242,2464200
2024-08-08,39.10572164156924,40.346233779444994,38.15072172809926,39.893348693847656,2133300
2024-08-09,40.53329086303711,40.79911567660106,39.115562279731115,40.53329086303711,1516600
2024-08-12,41.252005991643344,43.36875337192459,41.04525084750642,42.88633346557617,2574100
2024-08-13,42.679577554588285,44.29421761026051,42.551590748257766,44.02839279174805,1794000
2024-08-14,43.30968484932902,43.59519706949148,42.10855126514201,43.43767166137695,1882400
2024-08-15,43.545970420986905,44.29421891492088,42.295610869985644,43.87086868286133,1694900
2024-08-16,45.09168863640578,46.57833814080393,44.668338413752146,46.43065643310547,2568200
2024-08-19,45.93839276515633,48.4095734147823,45.889166777210406,48.34065628051758,1893900
2024-08-20,49.32518710012046,50.15219640056843,48.23235673497656,49.04951858520508,2011400
2024-08-21,48.92153219025086,50.05374869703261,48.025605684743454,49.66978073120117,1584700
2024-08-22,48.24220359374936,48.41942015230501,46.59803233523,47.33643341064453,2166500
2024-08-23,48.242198626523006,49.04951675206175,47.27735510467675,48.458797454833984,1852700
2024-08-26,49.147971445365464,49.35472659100704,47.8582333651402,48.27173614501953,1400600
2024-08-27,47.513640523282646,48.340649778932686,46.86384780496487,48.29142379760742,1121600
2024-08-28,46.883537955472136,46.962302528485345,45.33781888925254,46.214054107666016,1653900
2024-08-29,46.38142705548503,47.976372105701536,46.38142705548503,47.28719711303711,1257700
2024-08-30,47.287202805688295,47.5628750893617,46.00730838277567,46.5684928894043,1076600
2024-09-03,45.416579440735205,45.416579440735205,42.53189293433554,43.48688888549805,2334700
2024-09-04,42.52204911995019,43.614883155081536,42.13808121694762,42.65003967285156,1313200
2024-09-05,44.038240670426525,44.67818978569022,43.398295310864995,43.57550811767578,1396600
2024-09-06,43.54596474941997,43.73302497068918,40.917259179688244,41.15354537963867,1899100
2024-09-09,41.71473860110386,42.38422256839592,41.60643917173276,42.17747116088867,1045600
2024-09-10,42.2857695691764,43.1915397644043,41.39968676453857,43.1915397644043,1054700
2024-09-11,42.56143014102973,43.58534702239767,41.45875244493426,43.51642990112305,978800
2024-09-12,45.190147083037175,48.2618944892175,44.973548233548755,47.6810188293457,2770300
2024-09-13,49.157817138911064,50.19157780736569,49.118434850129496,49.827301025390625,1941200
2024-09-16,49.68946650246777,50.211268681054165,48.60647610102398,49.33503341674805,1358800
2024-09-17,48.73446628443774,49.82730037172831,47.89761331516747,48.47848892211914,1889700
2024-09-18,48.980594938882746,52.03265060867329,47.23796829640315,47.34626770019531,4083100
2024-09-19,49.71900347103643,50.1915796870076,47.7991600116085,48.8723030090332,2244200
2024-09-20,50.2506503789316,51.26471988560804,49.71900075660151,50.36879348754883,2156300
2024-09-23,50.85121647443046,52.52492238473176,50.309719409178285,50.329410552978516,1574700
2024-09-24,51.30142003659243,53.49977017465979,50.433908437172775,53.006866455078125,1855100
2024-09-25,52.68154548382699,53.73635908860111,52.464670415551275,52.780128479003906,1298400
2024-09-26,53.44062072609783,54.4165717519354,52.57311288152775,53.58849334716797,1610100
2024-09-27,52.95757538791189,53.440618913988544,50.18745520576928,50.295894622802734,2169400
2024-09-30,49.773421453422735,49.90157371856555,47.841235929413905,48.945343017578125,1720800
2024-10-01,50.06916517593471,51.27184780114499,49.2903763274276,50.562068939208984,2039600
2024-10-02,50.670503990134996,51.33099317077897,49.47767412806592,50.26632308959961,1182500
2024-10-03,49.14249897814659,49.14249897814659,47.74265422985454,48.43272018432617,1492000
2024-10-04,48.452436392806,49.77341849136055,47.73279366401104,48.235557556152344,1529400
2024-10-07,47.51592020754698,47.64407622998856,46.46110652877918,47.10187911987305,1481800
2024-10-08,46.263941608416886,46.87514114379883,45.38657362362101,46.87514114379883,1794800
2024-10-09,45.84005063645383,46.33295440673828,44.864099516645396,46.33295440673828,1586300
2024-10-10,46.88500868179188,48.93548644123521,46.28366547139633,48.846763610839844,2228200
2024-10-11,49.408671281188255,50.31561614464713,49.191796186461495,49.25094223022461,1305200
2024-10-14,48.994629356778624,49.94100357417417,48.41300283056654,49.625545501708984,980400
2024-10-15,49.55654606388437,50.86766815185547,49.093215311313045,50.86766815185547,1279500
2024-10-16,51.95205634972088,53.460340631434455,51.38028619082774,51.656314849853516,2215900
2024-10-17,52.53368363026345,53.87438245881904,52.080213073710006,52.868858337402344,1661400
2024-10-18,54.17011825598438,57.45285499545199,53.72650416671663,57.078250885009766,2404000
2024-10-21,58.655542339097934,59.335748114944124,56.88108970952232,57.23598098754883,2084800
2024-10-22,58.38937373503111,59.87794506298096,58.23164469636327,59.54277038574219,1564400
2024-10-23,58.1823531149785,58.73440661197919,56.37832377052472,57.35427474975586,1532100
2024-10-24,57.985191623461645,58.16263725831461,52.39566540726378,54.18983459472656,2334800
2024-10-25,53.657496627669374,54.34756255392692,52.395664369751636,52.87870788574219,1604800
2024-10-28,52.27737066770662,52.96743667174639,52.001345770313584,52.375953674316406,1139100
2024-10-29,53.03644257882864,54.23912892837323,52.62240523521587,53.86452102661133,1717700
2024-10-30,53.84479809508076,54.022243724498104,51.41971284045271,52.58296585083008,1426100
2024-10-31,50.808521439911544,50.99582351843729,48.47215486592328,49.65512466430664,2659700
2024-11-01,50.039587779262405,50.798660016662225,48.47215368085128,48.58059310913086,1684200
2024-11-04,49.477674738705076,49.66498056163163,48.08768637965469,48.590450286865234,1515200
2024-11-05,49.68469810976291,50.059302241648034,48.46229518942594,49.08335494995117,1670200
2024-11-06,44.3317627375963,46.29351747965176,42.82347476464359,45.564022064208984,2625400
2024-11-07,46.73712938275958,48.156690706195604,45.6921721693267,47.60464096069336,2034100
2024-11-08,46.82585667250024,47.07230854972393,45.36686201060289,46.362525939941406,1992600
2024-11-11,42.1038375138538,43.22765746460393,39.59002913550894,40.822288513183594,3752800
2024-11-12,39.71818572952507,40.19137288602578,38.476066153223115,39.481590270996094,2505500
2024-11-13,40.17165649103394,40.57583742432512,38.23947465191305,38.32819747924805,2656900
2024-11-14,37.726853275355644,39.08726867106687,37.440968199344375,38.60422134399414,2882600
2024-11-15,38.84081349060753,39.49144623132775,37.83528948030232,38.08174133300781,2419000
2024-11-18,40.29981051982068,41.85738437053566,40.12236487396546,41.38419723510742,3007200
2024-11-19,42.370003728224056,43.31637797720995,41.72923114238353,43.296661376953125,2463600
2024-11-20,42.7840461730957,43.11922086700685,42.3601486554858,42.7840461730957,1994700
2024-11-21,43.72055830430005,43.94729732398384,42.56716540866903,43.76985168457031,2047100
2024-11-22,44.430342186624785,44.75566045543445,43.50368452249274,44.0754508972168,2027600
2024-11-25,41.068739360520496,41.68979912427566,40.634985424239076,41.48278045654297,2799700
2024-11-26,41.04902345272525,42.044691127680444,40.75328195660603,41.87710189819336,1474200
2024-11-27,42.685461847820044,43.26708839394578,41.82781041897599,42.09397888183594,2160300
2024-11-29,42.685466611432076,42.98120812742829,42.20242301276833,42.58688735961914,883500
2024-12-02,41.70951430568013,41.89681636622274,40.4279616201501,40.74342346191406,1638500
2024-12-03,41.20675239102376,43.52340225229507,41.20675239102376,42.64603042602539,1952400
2024-12-04,42.75447097094173,43.296664353327486,42.26156721230791,42.41929626464844,1202400
2024-12-05,42.429157568320726,43.2375194530232,41.33491059351298,42.192562103271484,1471200
2024-12-06,41.93625411147196,41.93625411147196,40.408253159919724,40.65470504760742,1420200
2024-12-09,43.198083075887986,45.06125859428157,42.97134780883789,42.97134780883789,3466800
2024-12-10,43.986728467886074,44.321903159704284,42.94177495146706,43.06992721557617,1644300
2024-12-11,43.74027551588353,45.80061323738705,43.336094611691784,45.70203399658203,2011700
2024-12-12,43.819142405274164,44.04587767009792,42.202418770491136,42.340431213378906,1932900
2024-12-13,41.374344297132815,41.640512788316634,39.649181075448986,39.935062408447266,2179300
2024-12-16,40.50683099035959,40.53640401246675,39.195705188769445,39.481590270996094,1326400
2024-12-17,38.62394011412611,39.244999923651015,38.101463315946546,38.968971252441406,1797800
2024-12-18,38.47606884308382,38.732380921122086,35.0553190799651,35.420066833496094,2883400
2024-12-19,35.774955667506475,36.218569801933654,34.70042532436387,34.90744400024414,1962900
2024-12-20,35.272186584338996,36.5438789973856,35.21304054874584,35.80452346801758,2520000
2024-12-23,35.60205158626756,36.048690862907996,34.798104674516416,35.929588317871094,1187700
2024-12-24,36.1777137841676,36.42584624662938,35.35391219141806,35.949432373046875,590100
2024-12-26,36.11816503788653,36.624357443355116,35.830330437616254,36.0883903503418,1101900
2024-12-27,35.155411514708774,35.81048496310361,34.68892497961154,35.60205078125,1114200
2024-12-30,34.73854899791256,35.03630723208296,33.8254232416298,34.52019119262695,1641000
2024-12-31,34.232364595316874,35.09586471664071,34.20258611789065,34.89735794067383,992500
2025-01-02,35.89981019145837,37.86502302780835,35.89981019145837,37.75584411621094,1716700
2025-01-03,37.49777809552125,37.60695698939657,36.96181483153493,37.08091735839844,1141000
2025-01-06,36.91219080350094,37.448157933483444,35.97921392946599,36.16779327392578,1300700
2025-01-07,37.31912206978101,38.74836752383628,36.70375460273001,37.13054275512695,2008700
2025-01-08,37.845167072410284,38.98657421359581,37.49777932719636,38.927024841308594,2197200
2025-01-10,40.28679401740724,40.97163837419511,38.48038966802335,38.99650573730469,2467500
2025-01-13,38.01390061551842,38.1925563295659,37.08092372031623,37.70621871948242,1917800
2025-01-14,37.88486839922504,39.899706880043304,37.88486839922504,39.81037902832031,1825100
2025-01-15,40.60440290685463,40.95178689886157,39.39351507265637,40.49522399902344,2115600
2025-01-16,41.04111193038899,41.54730432531428,40.24708872738994,40.346343994140625,1555500
2025-01-17,39.55231840296566,41.15029228522184,39.175159734585776,40.693729400634766,1050100
2025-01-21,41.5572271146233,43.224677700146486,41.48775032240994,42.49020767211914,1765500
2025-01-22,43.34378125439897,43.42318546806005,41.78550953021269,42.34132766723633,1491900
2025-01-23,41.368651602644235,42.25200271606445,40.743356628907954,42.25200271606445,1055400
2025-01-24,43.17505901545699,43.71102617399247,42.946777548570054,43.13535690307617,1077400
2025-01-27,42.19244844810521,42.4703594214973,40.703653454667176,41.85498809814453,1011500
2025-01-28,41.97409193921254,42.78796618455551,41.497678023855784,42.55968475341797,866400
2025-01-29,42.589461780743676,43.830124270029145,42.053494676684004,42.99639892578125,1193200
2025-01-30,44.50504382585585,47.20472654489767,44.40579234373869,46.40077590942383,2443800
2025-01-31,46.7283100816067,47.08561766957333,45.001306368529505,45.41816711425781,1176300
2025-02-03,45.864808677108925,47.64143821939554,45.438020490164064,46.758087158203125,1911200
2025-02-04,47.413160108255596,48.2071833770385,47.03599763575812,47.830020904541016,1116600
2025-02-05,48.63397197785128,51.45275744393399,48.63397197785128,50.32127380371094,1862900
2025-02-06,50.45030080317373,50.55947592078614,49.398217659205855,50.529701232910156,1094000
2025-02-07,51.393202510552605,51.988722786006264,49.785304960610574,49.9044075012207,1259200
2025-02-10,52.475061333714486,53.08050525443484,52.08797522996253,52.653717041015625,1680900
2025-02-11,51.66118450308898,52.29640308205393,50.98626381638837,51.24432373046875,1188200
2025-02-12,50.757982875817355,53.71572177961156,50.21209214078378,52.951473236083984,1405400
2025-02-13,53.279009304862875,53.98370467768342,51.81006539775192,53.715721130371094,1251500
2025-02-14,54.06311159958128,54.152439453157484,49.95403790747916,50.11284255981445,2839400
2025-02-18,51.64133338992381,51.64133338992381,50.31134307191759,51.363426208496094,1419900
2025-02-19,50.708356576415504,51.65126080994701,50.19224053504877,51.363426208496094,1306200
2025-02-20,51.56193288389222,53.79512532441131,51.27409828287032,53.05072784423828,1871300
2025-02-21,52.47506201126252,52.47506201126252,49.18979001100938,49.348594665527344,2682600
2025-02-24,50.14261614556709,50.17239083403678,48.19725825071632,49.71582794189453,1365000
2025-02-25,49.11038243021325,49.298961761361554,46.31144821947856,48.27665710449219,1806800
2025-02-26,46.79778549224679,50.00365655960331,46.79778549224679,49.467689514160156,1097200
2025-02-27,47.75061807302885,48.455313452050724,45.95413744132667,46.063316345214844,1503700
2025-02-28,44.663844732491015,46.668755550382514,43.96907305718984,46.638980865478516,1443200
2025-03-03,47.96897625103649,49.289039169378455,46.112942443015235,46.67868423461914,1481800
2025-03-04,48.07815113245481,49.030982796005624,46.073240107489575,47.9391975402832,1354100
2025-03-05,47.631516368054456,51.3336528138755,47.512410041984076,51.28402328491211,1215700
2025-03-06,50.351047169124904,51.88946793398941,49.715828565790005,50.400672912597656,1098600
2025-03-07,50.480074941963316,52.73311843097339,49.32874032679795,51.05574035644531,1423900
2025-03-10,50.53962488321513,50.99619155260315,47.552111302309875,48.2965087890625,1384400
2025-03-11,49.130235301343006,51.929169615614306,49.130235301343006,51.3535041809082,1313000
2025-03-12,50.599176293394535,52.11774590221108,49.944106679179434,51.681034088134766,1034500
2025-03-13,52.167379405060046,55.63130706725818,52.05820049666843,54.76780700683594,2511000
2025-03-14,56.07794393657611,56.494804711294336,54.787655718284554,55.78018569946289,1450600
2025-03-17,56.167276886020424,58.40046954643371,56.12757477448021,58.24166488647461,1409200
2025-03-18,60.29619720245699,61.04059469878362,58.559269711028186,59.00590896606445,1418700
2025-03-19,58.986054717598016,60.11753824495002,58.17218046858337,59.809852600097656,1290500
2025-03-20,58.1622570955149,60.22672133454335,57.71562161979185,59.760231018066406,943100
2025-03-21,58.1126296269242,58.36076212215975,56.27645067666174,58.01337814331055,1204700
2025-03-24,58.132480345661925,58.658520020943385,57.16972505811537,57.27890396118164,831100
2025-03-25,58.69988335828909,60.8592092742144,58.69988335828909,59.3267822265625,1627300
2025-03-26,59.88402764823703,60.03329144812833,58.092881029222,58.351600646972656,794200
2025-03-27,59.99348695208221,61.585616428328635,59.06806050778394,61.1378288269043,1670600
2025-03-28,62.09311566414746,64.3917525564907,60.37162053731016,60.64029312133789,2129900
2025-03-31,62.083163860942946,62.083163860942946,57.87396755894806,61.814491271972656,1368100
2025-04-01,61.59557346079898,62.540898264846405,60.08304846001222,61.31694793701172,1140000
2025-04-02,61.10797865429852,61.834387977787635,59.48599411229616,61.29704284667969,959400
2025-04-03,55.784297839137686,63.68524748923357,55.32655723789704,60.95872116088867,2290400
2025-04-04,57.5356407705824,57.93367508781042,49.69439357030841,50.33124923706055,2630900
2025-04-07,47.962950252595476,55.10763888329675,46.878310786488,49.75409698486328,2918800
2025-04-08,53.724476608024155,54.63000103839468,49.01773560403552,49.823753356933594,1469600
2025-04-09,54.013045002538476,58.9287520803009,52.8388480419671,58.02322769165039,3161500
2025-04-10,58.640178654937124,64.98879865868722,58.60037446656554,63.63549041748047,2445500
2025-04-11,68.28251810053072,71.76530451536749,68.28251810053072,70.5612564086914,2924200
2025-04-14,68.24271099620155,71.98421306132865,66.81974373249406,71.3772201538086,1734500
2025-04-15,72.56137217708725,73.51664991443296,71.14835766508875,72.89970397949219,953500
2025-04-16,78.23334401677978,79.4771964284388,75.11873271918711,76.87007904052734,2564400
2025-04-17,76.06406352047455,76.06406352047455,72.29270217597032,73.85498046875,1507800
2025-04-21,78.90999423298533,80.60163035176743,73.99428743398465,75.89488983154297,2007000
2025-04-22,76.67106180161942,76.80041971279503,71.16825263444369,71.68569946289062,2580700
2025-04-23,65.17786493648437,68.8099154169683,64.78978359993754,67.6556167602539,2173400
2025-04-24,70.05376554190862,70.50154934906016,67.72527000585282,70.30253601074219,1272900
2025-04-25,65.77491669683201,67.86458731540044,65.62565288296149,67.64567565917969,1025200
2025-04-28,67.0187702818553,69.27761064297788,66.24260754697548,69.18804931640625,1067300
2025-04-29,67.6058735901059,68.73031351837389,66.47148071610154,66.67049407958984,740900
2025-04-30,65.41668609777317,68.1332631961855,65.41668609777317,67.93424224853516,937100
2025-05-01,64.05342623735321,64.28229082862607,62.26227573582707,62.909080505371094,1510500
2025-05-02,64.64052067620399,65.42663630480737,61.834389962699326,62.72996520996094,1092700
2025-05-05,67.64567834562172,67.64567834562172,65.29728419587312,67.11827850341797,1034700
2025-05-06,70.37219234887156,72.84994412478883,68.8795695165574,72.78028869628906,1556300
2025-05-07,69.44676984345466,71.33742705708093,68.43178200823922,70.1831283569336,1090000
2025-05-08,70.06371841403258,70.64086013130758,66.92920899159206,67.24763488769531,1000200
2025-05-09,69.1183892112244,71.63594525263319,67.96409813248201,71.3374252319336,1012800
2025-05-12,64.90919912613354,64.90919912613354,60.05319433732939,60.739803314208984,2318900
2025-05-13,60.92886603246267,61.008474408799835,59.55565190813708,60.590538024902344,908500
2025-05-14,57.764504145273655,58.21229176418541,56.81917557111245,57.93367004394531,1098200
2025-05-15,59.247176562402956,60.4512247366683,58.07297963009813,60.37161636352539,1379400
2025-05-16,57.57544164769317,59.95368687661056,57.11770486638195,59.83427810668945,1101800
2025-05-19,61.85429075770258,62.63045342507251,60.7099450542256,62.39163589477539,1204300
2025-05-20,62.779719044859945,66.35206332137565,62.44139103720339,66.23265075683594,1526500
2025-05-21,66.95906470068098,68.77011352907881,66.78990259281156,68.06360626220703,1713900
2025-05-22,67.546154894864,68.38202761705516,66.0336337863416,67.24763488769531,1164100
2025-05-23,70.44185274871833,71.63594806209255,68.82981724297758,70.89958953857422,1414600
2025-05-27,67.70537199612656,70.31248925364159,67.64566951275222,68.72035217285156,925800
2025-05-28,69.0984928183828,70.40204773935172,68.80991814277273,70.27268981933594,570500
2025-05-29,71.21801272410019,71.77525617000562,69.25770012663243,70.13337707519531,628400
2025-05-30,69.0885336015779,71.30756948203219,68.59099267331992,71.16825103759766,793300
2025-06-02,74.19330448033092,80.10409343124026,73.9843381911002,79.8752212524414,2136800
2025-06-03,77.26811302195784,78.08407989707158,75.74563889086889,77.89501190185547,943700
2025-06-04,78.51196522280159,79.10901285807292,77.29796406235546,78.36270141601562,692500
2025-06-05,79.6861669565807,82.39279116286286,77.11885362045662,78.06417846679688,1068800
2025-06-06,77.97461408350559,77.97461408350559,73.14846864731955,73.59625244140625,1314200
2025-06-09,73.49674780797422,75.5466140386521,72.99920687106233,75.0291748046875,776500
2025-06-10,75.7257374843322,76.33273810208482,72.08374136968953,72.97930908203125,884600
2025-06-11,73.24797887802511,74.46198000428866,72.680782501707,74.34256744384766,562000
2025-06-12,76.85018346127283,79.59660421723419,76.6014129701397,78.92990112304688,1663600
2025-06-13,81.57681543177839,82.37287637644872,79.87521874512191,81.69622039794922,1568700
2025-06-16,79.44734219085436,80.75090475618111,78.72093659185843,78.97966003417969,765700
2025-06-17,79.48713680067885,80.29315827539953,77.49697306673411,78.84033966064453,644200
2025-06-18,78.57166968181399,79.31798114261223,76.97954008381896,77.29796600341797,591700
2025-06-20,76.34268032643787,78.49205316283225,75.198334686863,75.26799011230469,712300
2025-06-23,75.70583814469917,79.31798296487436,75.0291821010216,77.34772491455078,1129300
2025-06-24,72.91637890063112,74.59891388089945,70.41747507980661,73.84226989746094,1405200
2025-06-25,72.97612427580488,74.66860972462281,72.57789017147013,73.95178985595703,704000
2025-06-26,73.1951473850363,75.86330606683872,73.1951473850363,75.80357360839844,586100
2025-06-27,71.10442071919312,71.60221141187134,69.33228706856795,70.35773468017578,1627200
2025-06-30,70.9550929920947,74.20069093829812,70.50708433750486,74.01152801513672,1073800
2025-07-01,76.77924216091303,76.90866501159977,73.87213862982632,74.16085815429688,1173700
2025-07-02,74.89759559001051,76.05246611862236,73.48386416273782,75.7737045288086,593300
2025-07-03,74.27037432609947,76.51043257880433,74.13099353136364,76.49052429199219,464900
2025-07-07,73.90201820550315,77.34672928954002,71.89093931869803,77.22725677490234,957600
2025-07-08,76.47060929859211,76.55025763813394,69.06348842192641,70.51703643798828,2369100
2025-07-09,70.37766126263774,72.69736047051751,69.6508833987178,72.19956970214844,960200
2025-07-10,72.78696496294388,73.3046640071751,70.77588605476244,73.165283203125,812100
2025-07-11,74.54913964155526,75.2759174753026,73.41417734444714,74.74826049804688,914400
2025-07-14,74.96728739601632,77.30690232097909,74.64870163085989,74.85777282714844,848900
2025-07-15,74.69847617051047,75.26595730224113,70.14866917521485,72.51815032958984,894200
2025-07-16,72.70731636358504,74.58896480733536,70.62655465637238,72.97612762451172,1040300
2025-07-17,70.83562236459152,71.9008942224597,69.17300315014297,71.42301177978516,1086300
2025-07-18,72.55797668864572,72.92634457658463,71.0247802734375,71.0247802734375,615300
2025-07-21,73.09559587762453,77.18743667255005,73.09559587762453,76.15203094482422,1329600
2025-07-22,77.90425527448177,81.30914230824247,76.90867373742768,80.50272369384766,1348100
2025-07-23,79.45735277905717,80.7117875278783,77.90424815382963,78.59120178222656,907800
2025-07-24,76.20180280539014,78.40203683231337,74.7880790118223,77.02813720703125,694200
2025-07-25,75.7239278471451,78.85005320678171,75.71397750085526,78.65093994140625,970200
2025-07-28,76.83897358358021,76.85888186969403,73.49381943588966,74.78807830810547,1116700
2025-07-29,75.16640130001078,76.91862682134555,74.5989201635599,76.61994934082031,733300
2025-07-30,74.51926993240373,75.77370468483231,71.70177260900064,72.47833251953125,1317400
2025-07-31,73.35444477101812,73.93188386041783,71.28363344083685,71.98054504394531,713500
2025-08-01,75.1066647506936,75.98277366579244,72.7869582192755,74.21063995361328,1229000
2025-08-04,76.32128082804023,81.55803400743773,76.16198414338066,81.28923034667969,1424800
2025-08-05,80.4131129801928,86.38660187376422,80.22395766362811,85.8290786743164,1771300
2025-08-06,85.48061885738994,88.60674381815095,85.48061885738994,88.45740509033203,829400
2025-08-07,90.22954401184099,91.92203703299043,89.30365296020335,90.239501953125,913200
2025-08-08,91.40433356038466,92.99727001037266,89.93087721853486,90.69747161865234,834500
2025-08-11,85.99832142531733,90.39879713073135,85.23172706421111,89.53263854980469,720200
2025-08-12,90.13994240581414,91.0359672002424,88.4773232624038,90.92645263671875,501600
2025-08-13,92.46960902549905,92.7583285783505,89.95078899024153,90.6277847290039,569100
2025-08-14,89.512728373463,92.0116322479823,88.54701318878753,89.35343170166016,417900
2025-08-15,89.30365750474232,92.00169005373327,88.21847731575552,91.16539764404297,607000
2025-08-18,90.826904296875,91.59349871576462,89.35344032325952,90.826904296875,495500
2025-08-19,90.11008438269599,90.41871221944344,85.94855337696076,85.95850372314453,645700
2025-08-20,87.93971759937739,91.14549131327227,87.67090633504327,90.8667221069336,750200
2025-08-21,90.32910529125742,95.37670277076772,90.32910529125742,93.9828872680664,989900
2025-08-22,92.50942525111743,98.46300558313433,91.24504016893836,96.9795913696289,857800
2025-08-25,97.35791112466595,98.851283303005,96.88002868549663,97.20857238769531,509900
2025-08-26,98.12450647482974,101.37010416809605,97.6864557965668,101.26058959960938,677300
2025-08-27,99.79709033914732,100.95196855870395,97.70637064740556,100.693115234375,751900
2025-08-28,100.89222219021784,101.42983709372197,98.49287480520815,100.25505065917969,621500
2025-08-29,100.18535634961573,106.76615019532714,100.18535634961573,106.48738861083984,1183300
2025-09-02,110.50953345295504,112.8989302899934,106.70641287578877,111.96308135986328,1542500
2025-09-03,114.44208767179947,115.56709960134845,111.75402072384252,113.37681579589844,1125100
2025-09-04,110.60910408733194,112.49075253094837,108.8270122754396,110.96751403808594,1293800
2025-09-05,116.16444257075145,119.12132065898476,113.24738865154796,117.08037567138672,1734800
2025-09-08,120.41557536000816,120.96314820497085,117.73746637962975,120.30606079101562,1317400
2025-09-09,121.97863821546619,122.83483888629024,118.19543319143055,118.87242889404297,917400
2025-09-10,121.12244519860917,125.08485519276313,121.12244519860917,124.4576416015625,1004900
2025-09-11,123.99966547490266,129.36584857285564,123.24302148980675,129.2463836669922,912100
2025-09-12,130.22205555117662,130.58046547767418,127.38464236712383,129.20655822753906,810800
2025-09-15,128.22091720192344,133.00967632412957,127.16561098224871,131.94439697265625,936800
2025-09-16,132.58158344106207,132.58158344106207,125.07489819458895,126.40898132324219,1066900
2025-09-17,123.53174571283817,129.74417930772012,121.88903483346378,124.96537780761719,1218400
2025-09-18,122.98417190015613,125.81162708967452,119.93769517807246,125.59259796142578,989800
2025-09-19,126.2198205693059,139.25197867728681,126.19991228153076,138.61480712890625,1791400
2025-09-22,144.16020833720847,146.26088596959218,140.43672795244555,145.74317932128906,1556400
2025-09-23,148.52082051331644,149.73543099208132,144.2298672673008,145.70333862304688,1464500
2025-09-24,144.3493657130067,146.6093247576629,137.9477688323956,138.2364959716797,1137800
2025-09-25,138.2862527379359,141.47212542527234,137.04177596674728,140.97433471679688,1474200
2025-09-26,143.19447294477274,148.14251366140576,141.5218883124204,147.0175018310547,1156700
2025-09-29,154.80298058640946,155.82842836699064,149.74542449245038,151.25869750976562,1202900
2025-09-30,147.9135554078253,157.10276868880754,147.34606664308623,153.7576141357422,1384400
2025-10-01,157.3416838191584,160.2189135680888,154.70339908430367,156.9036407470703,1380700
2025-10-02,161.65255097386907,161.65255097386907,144.5584197446142,156.53526306152344,1633700
2025-10-03,157.61050436868175,159.29303952932918,154.31513204403763,156.65475463867188,905400
2025-10-06,160.73661781373065,166.37161231764782,159.40254235193692,162.64813232421875,1649200
2025-10-07,163.45455196904402,163.45455196904402,154.98215946430807,156.14698791503906,1206300
2025-10-08,163.06628302951341,164.61940289053337,158.38705313748315,164.4103240966797,1178900
2025-10-09,165.01763452207973,165.31631201197703,145.76309185333525,149.96444702148438,1986000
2025-10-10,151.05956530292568,153.98657712190618,147.78410910015086,150.42239379882812,1677800
2025-10-13,159.46229032701737,165.13710195600282,159.2930432914844,164.64927673339844,1532400
2025-10-14,159.29304028958285,164.88820346851665,157.799668036868,160.94570922851562,723700
2025-10-15,165.28645044656392,174.56526243934582,164.27095302880264,173.32078552246094,1528800
2025-10-16,177.54205125202992,188.8418921962002,174.5055246296221,185.9547119140625,2271900
2025-10-17,176.0685760042803,176.9845090658711,153.97662239075856,159.81072998046875,3336800
2025-10-20,166.80969385845324,170.0353683989277,161.78200392885202,167.27761840820312,1431900
2025-10-21,143.36372896658315,144.87701702592437,133.10923698139436,135.787353515625,4578100
2025-10-22,127.6435059684791,137.69886962310872,127.30500432153414,136.25527954101562,3225000
2025-10-23,141.8703624180385,142.63696441942426,138.68450468622282,139.38140869140625,1215300
2025-10-24,134.8116838867823,140.25751547590062,133.2784799910125,135.71766662597656,1447900
2025-10-27,125.91118511051879,130.32160356908383,118.47419058693698,124.67666625976562,2422400
2025-10-28,119.94765782406628,129.50523833536502,119.56933200745726,128.80833435058594,1180400
2025-10-29,135.63803202231287,135.76744729003863,127.71319642321626,129.23643493652344,1530900
2025-10-30,128.58930637236932,136.1358157415275,126.936637485454,135.38912963867188,1374600
2025-10-31,135.44887203193446,135.70771776435262,129.13688869205032,132.27296447753906,1025700
2025-11-03,131.02848366365976,133.64686790668694,127.4941662507275,129.6247100830078,754200
2025-11-04,121.95872899297439,123.36250249914825,118.34477102338383,118.54388427734375,1327300
2025-11-05,124.16891796296605,127.55388877017508,122.63572163942989,126.7275619506836,655300
2025-11-06,129.06717898656055,134.20438293105514,127.0660581388159,127.33486938476562,1515900
2025-11-07,129.62471681526918,133.45771191974418,126.05058264035122,133.2088165283203,735500
2025-11-10,143.35376655616037,147.84383305409668,141.10374294343515,146.08164978027344,1524600
2025-11-11,148.30182352685705,149.23765735466947,142.0694737571541,148.7498321533203,893200
2025-11-12,149.1679654440353,161.50321858573037,147.25645094748748,158.83505249023438,1259300
2025-11-13,159.63151663761272,160.6868304817886,147.34604591470637,149.78521728515625,1435900
2025-11-14,135.85704802923271,149.21774893857352,135.2397772151964,146.4102020263672,1100000
2025-11-17,144.3194919574997,149.33721572154195,138.59489868817394,141.91017150878906,786800
2025-11-18,144.54847849345362,147.41575803656315,139.6800856308469,144.349365234375,634300
2025-11-19,149.09827585578677,153.8870354993595,143.73209232655566,147.22659301757812,811300
2025-11-20,148.34165227362857,152.32397850916223,133.76633885923016,134.26412963867188,1143100
2025-11-21,133.89576193741226,140.12809668335305,132.04397973237894,136.3150177001953,911500
2025-11-24,137.8482203739779,152.4732997633285,137.80838860704299,152.0750732421875,902500
2025-11-25,149.89474050869987,154.3947729110986,147.93344383914993,151.736572265625,661800
2025-11-26,154.9124847149279,167.23777313507512,154.87265294847185,166.3118896484375,806600
2025-11-28,169.9457366828963,173.03204500393966,166.99882433725136,173.02207946777344,502700
2025-12-01,176.0685791949242,176.217910330522,168.15369479817173,171.34951782226562,704100
2025-12-02,170.0253974779385,171.85726368559727,156.72442880293522,166.16253662109375,973500
2025-12-03,167.9944205797862,171.43912391500336,163.47447225631453,164.14151000976562,621600
2025-12-04,160.96560599380567,165.71453389516577,159.7908271421869,165.2665252685547,424500
2025-12-05,167.79528962289467,174.73449349193885,162.61826916053386,163.583984375,808200
2025-12-08,163.5740407007919,164.9081162421294,155.95783324075958,156.286376953125,446800
2025-12-09,156.6945619000049,167.54639349633112,156.6945619000049,167.21786499023438,704800
2025-12-10,165.38598752337512,175.15263923008507,161.4534437887181,172.44467163085938,836400
2025-12-11,172.1658871029932,189.58856189574092,172.11612018525025,184.90933227539062,1357100
2025-12-12,194.39723992855752,194.39723992855752,176.2179270477756,182.3208465576172,1103000
2025-12-15,186.2334700104926,186.45249915233384,174.01768094533875,178.81639099121094,843600
2025-12-16,180.0110896660339,184.6604534760069,173.85840325092025,178.2190399169922,583600
2025-12-17,183.93367955125524,186.00449086524299,177.71129526332373,182.2511444091797,563900
2025-12-18,180.70800121618097,188.42375820923547,178.32856192533245,181.70358276367188,602900
2025-12-19,181.6139701536606,194.6361776199437,181.6139701536606,191.0520782470703,671400
2025-12-22,202.08312603696007,207.7778533595801,199.14616368772207,204.30328369140625,726800
2025-12-23,204.59826029800828,205.29591378541593,197.3328309409716,204.09994506835938,618300
2025-12-24,201.59840515386048,203.28271303872143,195.33956717722106,202.17645263671875,437900
2025-12-26,206.8008293360272,210.37872919139625,201.3293224008673,208.19610595703125,587400
2025-12-29,189.35980059649492,191.35306165540538,179.56292066706496,184.37664794921875,1150200
2025-12-30,193.12705096217056,194.8113588870529,186.70874831208897,188.31332397460938,506900
2025-12-31,186.1306975816015,191.63210192999887,182.8418292587147,183.2305145263672,378800
2026-01-02,189.34982549727312,189.34982549727312,172.4170686031528,183.28033447265625,782300
2026-01-05,191.35305361963262,204.2295176945688,189.5890133985118,194.40274047851562,728100
2026-01-06,198.71814477361602,211.08633230517276,197.53215210519636,210.93682861328125,556400
2026-01-07,198.69820958985935,206.25267028808594,192.45930839602858,206.25267028808594,731200
2026-01-08,197.00394132842968,207.9469395281147,195.70831868813204,207.4984588623047,624300
2026-01-09,208.8040568326401,215.28215527661612,206.76097641236305,212.2823028564453,467800
2026-01-12,224.99928642060442,232.91253467965402,223.54421447001218,227.21180725097656,713400
2026-01-13,233.53045104112786,237.66646126719,229.4940947342322,230.9292449951172,648500
2026-01-14,240.08826840601677,240.56666196950064,225.30825227139746,232.563720703125,659100
2026-01-15,228.0689130665278,236.9787919000035,224.9195571320897,233.96896362304688,439300
2026-01-16,229.1054222418546,234.32775628435502,220.6938584608011,234.12843322753906,666500
2026-01-20,254.5693061103003,261.8148288779722,251.51961939563483,260.887939453125,816500
2026-01-21,271.2927767118121,273.01695840593027,249.2672520441736,253.41323852539062,1219600
2026-01-22,252.14749697495992,275.9570123753498,251.8584808435847,272.07012939453125,737400
2026-01-23,273.5152655348489,284.6775388388426,270.7446340760903,281.2889709472656,770300
2026-01-26,301.5903227532714,310.89887782488444,284.04965134665554,284.7173767089844,1210300
2026-01-27,286.082780831865,294.11562045255016,265.1037203881048,293.5076904296875,928800
2026-01-28,299.89610371914483,309.4537870843138,292.0625717473304,308.4671325683594,1035000
2026-01-29,315.75248287758404,316.9185235324223,267.944116489986,285.1559143066406,1552900
2026-01-30,237.79603260617841,254.09093141827879,207.57818991609284,213.18922424316406,2319100
2026-02-02,211.53482856897955,224.70032447292758,202.9538391551302,212.90020751953125,1353600
2026-02-03,238.22458895542442,238.91226643867628,219.25871161713243,230.78973388671875,1109000
2026-02-04,244.93190427726728,244.93190427726728,215.7406038533029,233.1716766357422,1033700
2026-02-05,213.44833905275678,226.20521169890915,203.21294019781408,203.75112915039062,860400
2026-02-06,215.4216679441278,227.74999708095493,214.85359648950362,225.10891723632812,605800
2026-02-09,231.12856884222347,251.73887902869137,230.5903798888387,250.50306701660156,828700
2026-02-10,248.38024732916708,255.11746384199745,245.72920662515023,251.8684539794922,405800
2026-02-11,263.2998183270785,267.7447819101454,248.7390458871099,265.3528747558594,613900
2026-02-12,260.00097226811033,264.3861404283669,226.96266174316406,226.96266174316406,816200
2026-02-13,239.2511096451384,253.80192067828156,232.65342076010904,252.68568420410156,798500
2026-02-17,232.49396282454575,239.46041552419865,221.46127104987298,235.33436584472656,744000
2026-02-18,242.47022581503867,250.92166334025885,239.98862562157703,245.99830627441406,373300
2026-02-19,242.79910187613368,253.9912726182273,239.19130456529993,253.56271362304688,542300
2026-02-20,253.86171607338255,264.067202415308,243.09810389068065,263.3097839355469,681900
2026-02-23,271.5120174457457,284.89675665844516,270.08684324770473,283.7406921386719,741900
2026-02-24,267.0471449653761,289.5709691175045,263.7383245257199,285.9831237792969,579000
2026-02-25,293.1488905744145,298.1718860651883,286.242218548793,287.4880065917969,401700
2026-02-26,284.56790593716056,302.0986328125,277.6811855205626,302.0986328125,518800
2026-02-27,308.2777356151273,312.75259656693225,304.0121585400105,312.4735412597656,640500
2026-03-02,316.00161019388383,319.7090765215437,287.53784822594554,309.1846618652344,884600
2026-03-03,268.0936064038461,270.0868674180011,241.1945435431696,255.48623657226562,1625900
2026-03-04,269.0404011610471,269.39917352265826,250.95154943517096,258.1173095703125,605200
2026-03-05,249.15761552676338,249.15761552676338,227.2317453604082,238.89231872558594,1186600
2026-03-06,226.33478677375138,241.70282686102922,222.24859574658203,236.2213592529297,745900
2026-03-09,224.24186022011546,241.6828937927911,210.85712004073895,241.35400390625,782900
2026-03-10,248.6792448315265,256.5127611135446,244.31399840652702,245.28073120117188,603700
2026-03-11,239.29098549079563,239.39063941485412,225.5374817586574,236.18148803710938,596900
2026-03-12,234.25799594762972,235.05530336827889,222.27849339247078,226.31484985351562,419000
2026-03-13,222.84657597007737,222.84657597007737,197.38266478631226,199.45565795898438,1072100
2026-03-16,199.4058273304219,209.66114823040064,195.0605178496552,203.6315460205078,611900
2026-03-17,204.72783191384244,210.95677243018477,198.95734811074757,201.8176727294922,342000
2026-03-18,184.37664940687614,185.57260301020247,174.918620132917,176.7225341796875,945600
2026-03-19,147.99963118106237,157.46762105459834,143.94333769359704,156.27166748046875,1766500
2026-03-20,156.72015697765667,156.9095192189497,139.92692580679855,145.0496063232422,972300
2026-03-23,149.88325859942597,162.5504388030727,149.0062189029392,156.2118682861328,1435800
2026-03-24,151.69942161169476,159.3083530617583,147.13606483542125,157.201416015625,890500
2026-03-25,172.409310655451,174.18672497258893,164.5906775644608,167.13697814941406,730600
2026-03-26,156.77204621044973,168.6348020987851,152.30853514081383,152.68798828125,894600
2026-03-27,154.1957984330875,169.00426883989198,152.50824967712003,164.11138916015625,637800
2026-03-30,171.53058424350112,175.1553185710149,160.98591918524383,164.86029052734375,572300
2026-03-31,173.24809972350184,187.9766845703125,172.78876088178689,187.9766845703125,767400
2026-04-01,200.25882602899858,212.13156241904488,194.876652338433,204.70236206054688,884000
2026-04-02,179.76860492429142,204.67239582636418,179.41910701077353,199.0805206298828,764900
2026-04-06,197.6625917315224,202.1061276928637,194.19762863392225,196.09487915039062,433600
2026-04-07,194.7368522710037,201.09759871201854,185.80982993178623,200.6382598876953,571700
2026-04-08,224.92296139910653,227.45926689012023,206.72941364658317,213.34979248046875,951700
2026-04-09,214.71780100753125,221.56784171964992,208.99612454664577,214.75775146484375,606800
2026-04-10,217.0444143806075,222.67622502284087,216.53516033771686,218.95164489746094,287900
2026-04-13,213.1900241937426,218.4024466131012,210.3741111741795,217.01446533203125,351500
2026-04-14,222.43656839582397,228.66751400050217,219.6805811358536,224.7132568359375,338700
2026-04-15,221.84742772529341,223.524996442556,211.692195460153,212.16151428222656,434600
2026-04-16,214.02879300873792,217.20418384396663,210.10450634595074,210.9432830810547,331100
2026-04-17,219.6905657715524,231.5433422831734,218.68203765840772,222.79605102539062,640500
2026-04-20,218.38246432088746,219.17132584481072,212.8005841524017,217.93312072753906,565200
2026-04-21,212.11158818181812,214.37829666294826,189.72414133292872,190.89244079589844,939100
2026-04-22,199.2802501763845,201.70671472809323,194.91658465031563,196.5042724609375,340900
2026-04-23,191.5714562758336,194.57708052765508,178.740107283978,187.04803466796875,425600
2026-04-24,190.42311506853946,196.1348112828701,187.05801292774194,195.10630798339844,318900
2026-04-27,191.72122666962298,191.72122666962298,186.44889415513907,188.56581115722656,321600
2026-04-28,177.74155537458995,180.16801985628783,170.06271832532062,172.059814453125,609400
2026-04-29,165.57924530998048,167.84593841783223,161.7647844374392,162.81326293945312,594000
2026-04-30,172.89859234297492,175.01552461372037,167.4065779542544,170.60194396972656,431900
2026-05-01,168.0556496492962,173.26807199278008,165.40948802071264,165.77896118164062,407400
2026-05-04,162.01442963211855,166.75753311903728,159.5380346041535,160.4367218017578,520900
2026-05-05,166.2582541950766,167.8559372069203,160.47666755511472,160.70632934570312,320900
2026-05-06,178.21087681331647,187.8868101331727,178.21087681331647,185.210693359375,741300
2026-05-07,195.46579592225544,200.42858133395055,182.48467026713757,182.8241729736328,684400
2026-05-08,188.63572473157333,196.91368175467827,186.74846943700328,193.60848999023438,351800
2026-05-11,197.55274951761638,210.96325822479653,197.1433411458953,206.00047302246094,501700
2026-05-12,197.41294764240428,206.17021836060388,186.50880469825682,204.4327392578125,616300
2026-05-13,200.11902438345996,204.43274416630894,193.72830752903639,200.65823364257812,312200
2026-05-14,198.84088557182483,198.84088557182483,189.6342709846519,191.16204833984375,294600
2026-05-15,172.6689303183469,173.15822435750187,162.19415558599604,164.0115203857422,1146700
2026-05-18,168.75462406580533,172.09976619963334,160.46667202589748,163.18272399902344,604800
2026-05-19,156.92181869890845,157.6208145175856,149.28293227259002,150.880615234375,599600
2026-05-20,153.30708434956242,162.03439998826238,150.02186789520866,159.67782592773438,474500
2026-05-21,152.7778646661061,164.72050706569382,151.77931653103352,158.71922302246094,359700
2026-05-22,157.40113437362015,158.97884212478905,150.99045770568623,154.7749481201172,394600
2026-05-26,161.44524678869502,167.7560779885142,161.44524678869502,167.2767791748047,423900
2026-05-27,157.6907166652447,163.06291040555627,155.7735061107395,156.0830535888672,465800
2026-05-28,152.8976743114621,165.01006717399642,148.04473012277967,162.1741943359375,546600
2026-05-29,162.56362848924164,174.05691126471936,160.21703443519908,170.4022216796875,486900
2026-06-01,159.76768709286378,163.13278912653436,151.2800287160554,160.35682678222656,730700
2026-06-02,164.76043701171875,165.8788060114691,157.3312366867833,164.76043701171875,448600
2026-06-03,159.31835509011185,160.6164706893387,153.53675296105766,153.81634521484375,513400
2026-06-04,158.76914784826297,162.30400141699178,155.77350354923914,158.58941650390625,482600
2026-06-05,149.1331645560003,149.1331645560003,130.65002950746987,131.19923400878906,1398000
2026-06-08,132.62716185196547,135.30326336357948,129.51168151544994,130.2206573486328,565000
2026-06-09,132.8668087396505,135.16347243411622,118.18815460743872,126.4461441040039,891700
2026-06-10,117.51913088288919,124.17944502635407,113.71465735868648,114.27384948730469,784300
2026-06-11,114.83303101895518,127.80416865048916,114.0741323330054,126.46611785888672,780700
2026-06-12,128.89258856866908,135.68271859022792,126.56596970351406,133.6956024169922,866700
2026-06-15,152.44833566696033,156.5024384903233,149.2829400377009,150.98046875,1024100
2026-06-16,154.77496105312918,159.32833811463698,152.4683172972313,158.10012817382812,663000
2026-06-17,157.61082507713974,167.9358085535764,147.60538429945524,147.7152099609375,1046800
2026-06-18,149.87208330665152,155.29420750801145,137.40022706986815,141.25462341308594,1216600
2026-06-22,134.6741796004334,138.19905323284712,133.2562431033596,137.5500030517578,566900
2026-06-23,125.13999938964844,129.8000030517578,123.19000244140625,124.62000274658203,638800
2026-06-24,113.6500015258789,120.58000183105469,111.94999694824219,114.69000244140625,1162600
2026-06-25,120.9800033569336,121.8499984741211,114.5999984741211,118.1500015258789,737100
2026-06-26,121.1500015258789,126.69999694824219,119.75,122.26000213623047,525900
2026-06-29,119.23999786376953,119.37000274658203,114.52999877929688,118.01000213623047,513900
2026-06-30,116.88999938964844,118.51000213623047,112.37000274658203,117.01000213623047,596700
2026-07-01,117.0,125.45999908447266,115.7699966430664,116.0199966430664,734900
2026-07-02,124.04000091552734,128.66000366210938,121.19000244140625,126.01000213623047,826200
2026-07-06,129.89999389648438,131.8000030517578,123.37000274658203,127.13999938964844,547100
2026-07-07,126.30000305175781,127.3499984741211,115.5999984741211,117.83000183105469,748900
2026-07-08,112.3499984741211,114.58000183105469,105.61000061035156,110.70999908447266,927000
2026-07-09,115.31999969482422,118.0199966430664,113.0,117.4800033569336,446100
2026-07-10,114.97000122070312,118.16000366210938,113.55000305175781,116.55999755859375,284600
2026-07-13,112.2300033569336,113.81999969482422,108.25,109.94000244140625,559500
2026-07-14,118.7300033569336,120.41999816894531,113.22000122070312,114.37999725341797,595900
2026-07-15,113.36000061035156,115.58999633789062,107.56999969482422,111.7699966430664,693100
2026-07-16,108.27999877929688,108.27999877929688,102.79000091552734,103.93000030517578,818200
2026-07-17,100.52999877929688,105.30000305175781,98.80999755859375,103.47000122070312,688200
2026-07-20,102.7300033569336,104.33000183105469,101.2699966430664,101.87999725341797,396700
2026-07-21,106.70999908447266,111.88999938964844,105.86000061035156,111.58999633789062,766900
2026-07-22,116.93000030517578,123.12000274658203,116.93000030517578,119.45999908447266,716000
2026-07-23,112.08999633789062,115.16000366210938,110.38999938964844,113.88999938964844,607900
2026-07-24,115.2300033569336,118.30000305175781,112.88999938964844,114.30000305175781,417200
2026-07-27,117.93000030517578,118.58000183105469,111.62000274658203,115.9800033569336,487700
2026-07-28,112.30000305175781,114.25,108.97000122070312,111.68000030517578,375200
2026-07-29,110.55000305175781,116.9000015258789,105.43000030517578,109.7300033569336,957400
2026-07-30,114.63999938964844,119.12000274658203,111.58999633789062,118.80000305175781,519900
2026-07-31,112.94999694824219,114.41999816894531,107.0999984741211,110.81999969482422,664100
2026-08-03,110.9800033569336,116.76000213623047,109.16000366210938,116.56999969482422,504900
2026-08-04,121.12999725341797,125.11000061035156,119.41999816894531,122.29000091552734,716600
2026-08-05,135.41000366210938,142.24000549316406,134.35000610351562,140.2100067138672,980100
2026-08-06,136.24000549316406,142.83999633789062,135.25,141.1199951171875,494500
2026-08-07,158.85000610351562,163.1999969482422,156.35000610351562,160.83999633789062,1147600
2026-08-10,157.41000366210938,163.99000549316406,152.32000732421875,163.24000549316406,602800
2026-08-11,161.22999572753906,164.66000366210938,158.66000366210938,161.8300018310547,459800
2026-08-12,170.75,170.75,162.6999969482422,164.6199951171875,597000
2026-08-13,158.67999267578125,158.67999267578125,152.32000732421875,155.1300048828125,792800
2026-08-14,159.6999969482422,164.5800018310547,158.97999572753906,160.82000732421875,543600
2026-08-17,164.11000061035156,170.36000061035156,162.1199951171875,167.8000030517578,660900
2026-08-18,163.00999450683594,165.22999572753906,156.4499969482422,157.36000061035156,570300
2026-08-19,174.9199981689453,187.0,174.25,186.38999938964844,1112700
2026-08-20,182.4499969482422,197.91000366210938,182.35000610351562,196.05999755859375,880600
2026-08-21,207.5500030517578,209.22000122070312,203.5,207.8800048828125,939500
2026-08-24,212.75999450683594,215.17999267578125,202.5500030517578,210.5,1030000
2026-08-25,204.0500030517578,219.27999877929688,203.6699981689453,218.63999938964844,648700
2026-08-26,209.3000030517578,212.75999450683594,205.44000244140625,205.77999877929688,664900
2026-08-27,205.47000122070312,212.61000061035156,202.9600067138672,210.7899932861328,499500
2026-08-28,212.97999572753906,215.14999389648438,190.50999450683594,194.47000122070312,1402400
2026-08-31,192.9600067138672,194.2899932861328,184.0,189.72999572753906,562000
2026-09-01,176.77000427246094,188.60000610351562,174.41000366210938,174.94000244140625,856500
