Date,Open,High,Low,Close,Volume
2006-06-21,0.9925099814004921,0.9929182209251369,0.9813570726787847,0.9827167987823486,1523200
2006-06-22,0.9793169520019829,0.9810849182630262,0.9491217444670096,0.9595948457717896,13612800
2006-06-23,0.9555137685805404,0.9733320683088242,0.9450407725088971,0.9567385911941528,3411200
2006-06-26,0.9589148506638717,0.9657152471750977,0.9521136239754485,0.9602745771408081,3622400
2006-06-27,0.9616349844821764,0.9616349844821764,0.9243660569190979,0.9243660569190979,6393600
2006-06-28,0.9283104103218978,0.9376961844962377,0.9170216628064588,0.9356557130813599,6374400
2006-06-29,0.9473525871312886,0.9922382831573486,0.9430000731536055,0.9922382831573486,11289600
2006-06-30,0.9997194457459855,0.9997194457459855,0.9817653122034294,0.9827167987823486,15168000
2006-07-03,0.990198419257419,0.9949591751711189,0.9882946149983625,0.9941425919532776,2380800
2006-07-05,0.975916630527146,0.9763248701464923,0.9522494211360176,0.9549697041511536,9900800
2006-07-06,0.9595946363633798,0.9670756733951938,0.9459930149982452,0.9493932127952576,5369600
2006-07-07,0.9323913438985733,0.9507537185518847,0.9228697320990457,0.9285829067230225,4588800
2006-07-10,0.9371521965268387,0.9408239661933888,0.9050523601377833,0.913213312625885,7987200
2006-07-11,0.9064120414294953,0.9307591637226263,0.8998833212725185,0.928174614906311,10604800
2006-07-12,0.9224624453254172,0.9249103264282728,0.8868257420664863,0.8914507627487183,14598400
2006-07-13,0.895666607304493,0.895666607304493,0.8609831550588309,0.8630227446556091,26745600
2006-07-14,0.8596224512009322,0.8616629226344893,0.8365001003837613,0.8453409671783447,13856000
2006-07-17,0.8521413069817582,0.8569021129518379,0.8384039003069801,0.8494210243225098,9868800
2006-07-18,0.8569021010174369,0.859622435524864,0.8256187989857088,0.8541817665100098,26054400
2006-07-19,0.8521413896719671,0.8850577573694138,0.8515973642189657,0.872680127620697,16940800
2006-07-20,0.8827456347234482,0.8827456347234482,0.848061304164328,0.848876953125,12019200
2006-07-21,0.8341875205026397,0.843300844802231,0.8286110632455154,0.8296992182731628,18630400
2006-07-24,0.8363633888685781,0.863159271764791,0.8363633888685781,0.8603022694587708,15334400
2006-07-25,0.8643833346691029,0.8786648208290583,0.8537736702949674,0.8687358498573303,21683200
2006-07-26,0.8650629953621944,0.8839694460575345,0.8541817099391977,0.8705036640167236,23500800
2006-07-27,0.888866052767715,0.8909065240640441,0.8541817246405606,0.8616628646850586,12038400
2006-07-28,0.8711837342293002,0.8960748314857483,0.8657430127190758,0.8960748314857483,6752000
2006-07-31,0.889546261967286,0.9038276978672173,0.8834256762307897,0.894307017326355,9958400
2006-08-01,0.8779849064644896,0.8779849064644896,0.8541818096914726,0.8637033700942993,15609600
2006-08-02,0.873903905020906,0.8936269395390474,0.871864263834897,0.8796169757843018,13939200
2006-08-03,0.8643834330857098,0.903147886450663,0.8637035697830757,0.894307017326355,19961600
2006-08-04,0.9109004222288749,0.918109887821851,0.869279855874537,0.8861458897590637,18816000
2006-08-07,0.880025384739768,0.8834254787842091,0.8671035745609843,0.8754003643989563,17017600
2006-08-08,0.8786647049490935,0.8841053741598889,0.8555424056069166,0.8643832206726074,28838400
2006-08-09,0.876080042767483,0.9004271614547849,0.8609829633586289,0.8639748692512512,28825600
2006-08-10,0.8646548118461462,0.8816574602682394,0.8555423735611662,0.8749920725822449,23283200
2006-08-11,0.8664237260818481,0.8711837021664641,0.8575820286066733,0.8664237260818481,13305600
2006-08-14,0.8771683425500598,0.8977070278172621,0.8721360165040732,0.8743122220039368,19321600
2006-08-15,0.9030117871447617,0.9317114223381896,0.8907698928124066,0.9198777675628662,22054400
2006-08-16,0.9317115546715055,0.9646270410687192,0.9262708849268113,0.9636747241020203,31040000
2006-08-17,0.9650350255321406,0.9833975015813206,0.9575539898674814,0.9697958827018738,44345600
2006-08-18,0.9663950389388026,0.9730604270324864,0.94871330461608,0.9684354066848755,16934400
2006-08-21,0.9526576116999557,0.9601387528088597,0.945993053559841,0.9507538080215454,16275200
2006-08-22,0.9606826886159767,0.9722439422667495,0.9451764334501894,0.9532016515731812,16268800
2006-08-23,0.9556503606394504,0.9651710389914745,0.9303509215263908,0.9371521472930908,18598400
2006-08-24,0.9480335559357588,0.9487133672462522,0.9289912638754843,0.9443608522415161,18432000
2006-08-25,0.9344317136644064,0.9628588403545801,0.9344317136644064,0.948033332824707,15257600
2006-08-28,0.9453133391497712,0.9670759180859546,0.9453133391497712,0.9616353511810303,16588800
2006-08-29,0.9602742381208451,0.969115103289525,0.9408237121170713,0.9677553772926331,26617600
2006-08-30,0.9687077443708165,0.9772761044164765,0.9602742880791,0.9763246178627014,22585600
2006-08-31,0.975916644428655,0.9812214765685272,0.9691154179332085,0.9752368330955505,9395200
2006-09-01,0.9888383713576566,0.9895181826326331,0.9751000818014249,0.984077513217926,18496000
2006-09-05,0.9853014305389788,1.0033912995455068,0.9711557326469917,1.0017591714859009,21452800
2006-09-06,0.9833978407007588,0.9885660052107333,0.9589148767660898,0.9627233147621155,23398400
2006-09-07,0.9575541527367214,0.9729237397824957,0.9466728142735235,0.9541539549827576,27027200
2006-09-08,0.9589147996228318,0.9696594711983982,0.9521135732964237,0.9636747241020203,13990400
2006-09-11,0.9498016448820769,0.9857099242621267,0.9439527348144592,0.9765966534614563,26662400
2006-09-12,0.9799966563402233,1.019850033846487,0.9779570150075593,1.014545202255249,19027200
2006-09-13,1.0174012549822948,1.0289624041094456,1.008560388446489,1.0262420177459717,22579200
2006-09-14,1.0165855296326523,1.0315468767434093,1.0165855296326523,1.0251539945602417,15187200
2006-09-15,1.0493653070192803,1.1103005120652547,1.029234861923294,1.0350837707519531,15891200
2006-09-18,1.0371234268321246,1.0488212446560625,1.0242025506110737,1.0342673063278198,13184000
2006-09-19,1.033723056289431,1.037803998635265,1.004887586308658,1.0217536687850952,20812800
2006-09-20,1.0443330436092375,1.0575264273724445,1.0387558093413274,1.0520857572555542,21785600
2006-09-21,1.0582063044762042,1.062967059287131,1.0337233417161729,1.0384840965270996,50976000
2006-09-22,1.0350839257278577,1.0350839257278577,1.0133213492387936,1.0205299854278564,18214400
2006-09-25,1.0320908920277743,1.0609263638915087,1.0123687920085336,1.0582060813903809,37670400
2006-09-26,1.0554855686970157,1.069767102003439,1.0490925838914913,1.066910982131958,24934400
2006-09-27,1.0652790654647968,1.0749364124898686,1.0520856826373186,1.061470627784729,27929600
2006-09-28,1.0701755658660543,1.072487609032786,1.0478689152810319,1.0677276849746704,14444800
2006-09-29,1.0731685990146913,1.0735760085094381,1.0582064178682098,1.0595669746398926,12473600
2006-10-02,1.0548061191720512,1.0617431835450923,1.0290992673904649,1.0337233543395996,22822400
2006-10-03,1.0242026893270417,1.0493654640900605,1.0179454362117029,1.04106867313385,20364800
2006-10-04,1.0391637651226822,1.0915297726331452,1.032499208074687,1.0888094902038574,27206400
2006-10-05,1.091530210351609,1.1051318354967297,1.086226207479772,1.1030921936035156,21580800
2006-10-06,1.08989765706121,1.1051315100961914,1.0885379307901535,1.096970558166504,21766400
2006-10-09,1.0964264048385468,1.1139731299781062,1.0922105584173145,1.102411150932312,12217600
2006-10-10,1.105812265207176,1.1146530284655718,1.0918024043664716,1.1085325479507446,16710400
2006-10-11,1.096290703959155,1.1180532782362622,1.0798329614634927,1.1044516563415527,23334400
2006-10-12,1.1166933856887167,1.1411763429641724,1.1124767091917434,1.1411763429641724,26284800
2006-10-13,1.1411764528707031,1.1554578853024762,1.135055038443479,1.1498814821243286,21683200
2006-10-16,1.1527376974310635,1.1608986500563643,1.1496090710981388,1.1520578861236572,17868800
2006-10-17,1.141720288590594,1.141720288590594,1.1139729748012484,1.129614233970642,35289600
2006-10-18,1.1421279902343278,1.1433528127892036,1.1077161112694538,1.1139732599258423,36768000
2006-10-19,1.1088043690811646,1.1323350172739013,1.1044518534489658,1.1234941482543945,36089600
2006-10-20,1.1244463152369477,1.1263501189974843,1.1079885720012392,1.1262143850326538,21696000
2006-10-23,1.1180532636357898,1.1566819232738321,1.1166935373070621,1.1463446617126465,34579200
2006-10-24,1.1432160691798958,1.1490649778547306,1.1209093154614307,1.1354633569717407,31315200
2006-10-25,1.134783472793234,1.1523293691173766,1.1275748376772075,1.1493374109268188,24864000
2006-10-26,1.1547779851831719,1.1739560080657498,1.1364156112130228,1.167698860168457,30323200
2006-10-27,1.1630748419552577,1.1672915187794004,1.12757481058173,1.1346476078033447,31724800
2006-10-30,1.1330152921874732,1.1574981435383973,1.1262140677617367,1.1479766368865967,28748800
2006-10-31,1.1595379274284892,1.1629389551491534,1.139271749705077,1.154778003692627,27744000
2006-11-01,1.1629392946316672,1.1644348589759261,1.1131568847133633,1.1234941482543945,37939200
2006-11-02,1.12077373367936,1.1298870035472168,1.1094841543641254,1.1245821714401245,29440000
2006-11-03,1.1330155997801485,1.1330155997801485,1.1011873343909544,1.1180533170700073,42656000
2006-11-06,1.1296146292649498,1.1580425942868227,1.127710825426634,1.1432162523269653,28524800
2006-11-07,1.153417571461008,1.1793968227113283,1.1466171756418277,1.1663392782211304,34387200
2006-11-08,1.1517853535175608,1.1867413103140378,1.1455290349474343,1.182117223739624,41382400
2006-11-09,1.1908220770718618,1.1935423595562016,1.1568176120684914,1.1656593084335327,32851200
2006-11-10,1.1674270197878953,1.1785799264907837,1.1574980012604326,1.1785799264907837,24953600
2006-11-13,1.1773563727731133,1.2036072999659206,1.1746360898688917,1.1976226568222046,28505600
2006-11-14,1.1996629963315755,1.228226900100708,1.1878294442839936,1.228226900100708,32083200
2006-11-15,1.2272744094458619,1.2513490233209899,1.2255063399995185,1.235979437828064,40307200
2006-11-16,1.2418288149905992,1.2517577355510243,1.23094747351772,1.2486292123794556,26201600
2006-11-17,1.232306641556159,1.245908260345459,1.2263219998539059,1.245908260345459,24064000
2006-11-20,1.2357069454475695,1.255701550942712,1.2304029445960571,1.2506691217422485,20883200
2006-11-21,1.252028960772091,1.2558373977862163,1.242916522867885,1.2540693283081055,25177600
2006-11-22,1.258966290689798,1.2710715202657985,1.2430526229778103,1.2698476314544678,20697600
2006-11-24,1.249308638262603,1.2751521535444914,1.249308638262603,1.2618221044540405,15078400
2006-11-27,1.2493087743095248,1.2601901136091993,1.2037439831977588,1.204967975616455,55340800
2006-11-28,1.196942810442784,1.215849265441164,1.1881019423827872,1.2085039615631104,44339200
2006-11-29,1.2295866264321484,1.2354355354773268,1.2061918204285433,1.228226900100708,36140800
2006-11-30,1.2295869244147608,1.2391084355228934,1.2140814952590298,1.2244187593460083,44883200
2006-12-01,1.227274270625007,1.230266124389625,1.1834766280708262,1.2080961465835571,59769600
2006-12-04,1.2129928383549964,1.2479487885473692,1.2072797680190015,1.2384272813796997,33427200
2006-12-05,1.2456368870325414,1.2531170936615954,1.2336674979503033,1.2444120645523071,24160000
2006-12-06,1.2418284107627169,1.244140453802831,1.2271386356876515,1.2352995872497559,23872000
2006-12-07,1.2418286137772248,1.2479490949620904,1.2044239436672763,1.2051037549972534,42233600
2006-12-08,1.197622779431113,1.235707262849893,1.1927261866845031,1.2173457145690918,46950400
2006-12-11,1.2125848121824636,1.2410119443992589,1.2080964596258967,1.2268662452697754,27724800
2006-12-12,1.224145855998534,1.2278185592231825,1.1969426147541222,1.210816740989685,53401600
2006-12-13,1.2257783307266659,1.2261865703669463,1.2010237955283931,1.213944673538208,31980800
2006-12-14,1.2206103958758037,1.2520296022515163,1.2193856766205045,1.23978853225708,39392000
2006-12-15,1.2612783612638025,1.2657676486130933,1.2438682986863032,1.247949242591858,40691200
2006-12-18,1.256925546684662,1.2649507646543756,1.212720589343787,1.2193851470947266,45081600
2006-12-19,1.2026556281727934,1.2264578404923367,1.1885100347206146,1.2146251201629639,58912000
2006-12-20,1.2453382345991162,1.2453382345991162,1.2050824117236465,1.2062408924102783,31494400
2006-12-21,1.2069644783590974,1.2098606796901528,1.1781477446499304,1.1895877122879028,36409600
2006-12-22,1.186401737001887,1.186691743867657,1.1642465382027292,1.167142629623413,48979200
2006-12-26,1.1642465052980944,1.1739487537674735,1.1599026997262536,1.172934889793396,16716800
2006-12-27,1.1733693456795686,1.1872707809807055,1.1698940144739813,1.1843746900558472,22560000
2006-12-28,1.1808995522795995,1.1845195008104334,1.1659841402274032,1.1743834018707275,18995200
2006-12-29,1.1743834942482179,1.199000273078066,1.1707626616021263,1.1735142469406128,24550400
2007-01-03,1.198421168681372,1.220142631701329,1.1410776862225516,1.1772798299789429,75315200
2007-01-04,1.1780032059921628,1.2281058903975495,1.1693148223807521,1.2195630073547363,43257600
2007-01-05,1.2068201201860158,1.2120331727427727,1.1887185005898027,1.2018961906433105,34419200
2007-01-08,1.212033004519015,1.2228927374069336,1.1946561282487118,1.209425926208496,32780800
2007-01-09,1.2166668888168106,1.2330297917989355,1.1963939205291112,1.2241967916488647,50169600
2007-01-10,1.2156531761718876,1.2561991214752197,1.2084123947723846,1.2561991214752197,39436800
2007-01-11,1.2561990924024267,1.2858843068347376,1.255475345715665,1.2771958112716675,47155200
2007-01-12,1.274734183743855,1.2931249261309492,1.2712588522411228,1.2902287244796753,38764800
2007-01-16,1.2902287244796753,1.2948625366429172,1.2796572293964366,1.2902287244796753,40505600
2007-01-17,1.2890702236033948,1.2890702236033948,1.262135716695542,1.266769528388977,31340800
2007-01-18,1.2606878427592472,1.2617007120459707,1.2114535350278024,1.2149288654327393,90720000
2007-01-19,1.2110191189349229,1.2279613729153604,1.2084121509122798,1.218549132347107,59116800
2007-01-22,1.2250650872486852,1.2250650872486852,1.1859677507166784,1.1946561336517334,64390400
2007-01-23,1.1976968574025861,1.2113082855731017,1.185243025936485,1.1890084743499756,46195200
2007-01-24,1.2034893919606633,1.228685299115782,1.199000196125597,1.2250653505325317,38483200
2007-01-25,1.2320158809094102,1.2373734391058546,1.1885738550139764,1.1917600631713867,61868800
2007-01-26,1.201028157622595,1.201028157622595,1.174383647173225,1.1835057735443115,55136000
2007-01-29,1.1823468902750112,1.206385194740764,1.1785823258344503,1.1904560327529907,51174400
2007-01-30,1.1926285139696557,1.1987108134417384,1.1852431171336535,1.1936423778533936,24473600
2007-01-31,1.187849726980204,1.2194171544320718,1.174816658174468,1.2084118127822876,71808000
2007-02-01,1.223182997726736,1.232160504646233,1.2018961643741048,1.2098608016967773,55014400
2007-02-02,1.216521278720049,1.2230382009476308,1.2052268121646457,1.2202867269515991,38931200
2007-02-05,1.21623220519866,1.2270929334949945,1.2078329444266105,1.2160876989364624,31225600
2007-02-06,1.21883840146207,1.221445369797248,1.187705695486032,1.2105846405029297,49286400
2007-02-07,1.2270928984270104,1.2444697759596834,1.2157975468789455,1.2394013404846191,54099200
2007-02-08,1.2310019750040364,1.2412834618144797,1.220575871469064,1.2398358583450317,28684800
2007-02-09,1.2398361879719255,1.2477998320710189,1.1939316898046213,1.2011724710464478,61971200
2007-02-12,1.2000140084506108,1.2011723786899027,1.1859679545180308,1.1916147470474243,40531200
2007-02-13,1.199869350483428,1.2073993644135819,1.192049329707905,1.2046477794647217,40096000
2007-02-14,1.2098608357634681,1.246062086565639,1.2094261016910717,1.2407044172286987,51052800
2007-02-15,1.24229746517839,1.2538820505142212,1.2376636531398162,1.2538820505142212,27660800
2007-02-16,1.244179733443036,1.2515651305579076,1.2380983175716658,1.249682903289795,19801600
2007-02-20,1.243890291128204,1.2683624432168683,1.229409617937082,1.2641632556915283,35174400
2007-02-21,1.2547505395030019,1.2735757963758805,1.251565214607852,1.272417426109314,71372800
2007-02-22,1.2813947172450841,1.2906623406844113,1.2643079577291958,1.2858840227127075,37625600
2007-02-23,1.2829878859749795,1.2829878859749795,1.2634387742926636,1.2742995023727417,23622400
2007-02-26,1.287042645160397,1.287042645160397,1.246062188653177,1.2627151012420654,39673600
2007-02-27,1.2165216197931725,1.2292645771954076,1.139339797257862,1.1410775184631348,143776000
2007-02-28,1.1562816551023436,1.1881392063732383,1.136733428830844,1.1655492782592773,87148800
2007-03-01,1.1302166966084808,1.1782925412553575,1.1060346546888906,1.1533857583999634,109964800
2007-03-02,1.1444079514833485,1.1539648081226888,1.1129851341247559,1.1129851341247559,124332800
2007-03-05,1.1003871019217144,1.1341268930655424,1.096621652139939,1.0976356267929077,134688000
2007-03-06,1.1150121348617372,1.1433942486734892,1.1150121348617372,1.1377465724945068,109542400
2007-03-07,1.1360086723920921,1.1432494517039096,1.126161809113438,1.1273202896118164,84012800
2007-03-08,1.1510682841517634,1.1568605746387244,1.135719250183264,1.1483176946640015,76480000
2007-03-09,1.1606261670380167,1.1613499134326422,1.1265963871236604,1.1442632675170898,65689600
2007-03-12,1.137167266660823,1.1580194758027138,1.137167266660823,1.1548341512680054,41395200
2007-03-13,1.1413673180937667,1.1548341302150171,1.1041513223763328,1.1111019849777222,104352000
2007-03-14,1.1125506949162285,1.1419466733932495,1.095173815705188,1.1419466733932495,152550400
2007-03-15,1.1354295033133608,1.1445526206690273,1.1280451011232768,1.1387603282928467,68441600
2007-03-16,1.1389048665464876,1.144407925076472,1.1223973481382403,1.1345610618591309,71257600
2007-03-19,1.146869228452065,1.1627984986479625,1.1399185674556667,1.157439947128296,64025600
2007-03-20,1.1555581208027927,1.1730795065463728,1.1538203997122112,1.172934889793396,51993600
2007-03-21,1.1743833560643624,1.2198522323121994,1.160626535778766,1.2163769006729126,119865600
2007-03-22,1.217825346933611,1.217825346933611,1.2007377018597376,1.209136962890625,85292800
2007-03-23,1.2058062547668593,1.2149292624480996,1.1974069936896348,1.1985653638839722,46451200
2007-03-26,1.2020407503319264,1.2124667444717467,1.174527885165489,1.207832932472229,62470400
2007-03-27,1.2049660424062119,1.2055453662841393,1.192076610972301,1.1949732303619385,41369600
2007-03-28,1.183531618242977,1.194973237274548,1.167890204932649,1.1702075004577637,92390400
2007-03-29,1.184834929834863,1.184834929834863,1.1458765821417918,1.168759822845459,134150400
2007-03-30,1.1723799301017375,1.1858486841383653,1.1513801873545437,1.1728147268295288,75686400
2007-04-02,1.1767242592125677,1.1796207675813342,1.1563037315696394,1.1684693098068237,63814400
2007-04-03,1.1830968766097603,1.2084419361219416,1.1812142674494723,1.2022141218185425,67308800
2007-04-04,1.199317441295294,1.212062344446717,1.199172914199632,1.2093112468719482,52313600
2007-04-05,1.2055451746582917,1.2243732529455076,1.2035180386340587,1.222345232963562,40307200
2007-04-09,1.2310351803235593,1.2310351803235593,1.211193970981486,1.2164077758789062,51251200
2007-04-10,1.2152491207446534,1.2271244314987886,1.2151044831413524,1.2258212566375732,37568000
2007-04-11,1.2230691225487305,1.2230691225487305,1.1942491168511191,1.2007662057876587,65952000
2007-04-12,1.200476246245995,1.2235041226775205,1.1878769734865333,1.2216215133666992,60236800
2007-04-13,1.218724679979349,1.2284283251062056,1.204965768628389,1.2259656190872192,52838400
2007-04-16,1.2346553724500071,1.2513107936317025,1.2346553724500071,1.247400164604187,45024000
2007-04-17,1.2500078446071772,1.254497798643915,1.2411736791047476,1.252469778060913,48000000
2007-04-18,1.2424763975983775,1.255221188496908,1.2337867624178016,1.247690200805664,36531200
2007-04-19,1.2326277464049507,1.2562348228343903,1.2274139447564545,1.2487038373947144,62374400
2007-04-20,1.263476476570875,1.2772353915753671,1.253772828867319,1.2675316333770752,53209600
2007-04-23,1.2675314282993098,1.27448320348143,1.2613036145094372,1.268110752105713,29760000
2007-04-24,1.275497044263835,1.288241834829456,1.2600002726172004,1.2782490253448486,48864000
2007-04-25,1.288097711787924,1.315614437377385,1.2807112490484773,1.3150352239608765,53702400
2007-04-26,1.3302421730737348,1.333863528519634,1.3160495624188262,1.3287943601608276,61510400
2007-04-27,1.3180759747288175,1.3312554516325832,1.3141662300943715,1.3302414417266846,105958400
2007-04-30,1.322421628745618,1.3264768962854603,1.2917182336928672,1.2954832315444946,50624000
2007-05-01,1.2962079745967154,1.3034489154815674,1.2770907282561084,1.3034489154815674,75372800
2007-05-02,1.300987231412533,1.328649480431311,1.300987231412533,1.3201044797897339,49568000
2007-05-03,1.3251731601124688,1.335745403961905,1.3195246708033774,1.3302414417266846,55737600
2007-05-04,1.3384971904990706,1.3448696407136513,1.3195245879095157,1.3334280252456665,54489600
2007-05-07,1.3318352857781608,1.338207738835224,1.3269116398455985,1.3303874731063843,31603200
2007-05-08,1.3185111006057735,1.3374837107143536,1.311270159196414,1.329662561416626,57024000
2007-05-09,1.3222771623982417,1.3483460776698317,1.3208283552696518,1.3395109176635742,56448000
2007-05-10,1.3316904531905953,1.3377728566459333,1.2976557556645416,1.3059107065200806,97267200
2007-05-11,1.305621466624315,1.3370488181740683,1.304028132695577,1.3366141319274902,70611200
2007-05-14,1.33719338081272,1.3424071845954584,1.3038834220124016,1.3173521757125854,78387200
2007-05-15,1.316049454782924,1.3319800363021386,1.2911390748972447,1.2983800172805786,89324800
2007-05-16,1.303739064594133,1.3237247993869607,1.287228168157987,1.3225661516189575,71763200
2007-05-17,1.317786938822087,1.3234355396513275,1.3075039682430372,1.3083734512329102,48966400
2007-05-18,1.3179316912040555,1.330097161470005,1.3119940356574493,1.329807996749878,54425600
2007-05-21,1.3321253670185245,1.3597867308933782,1.3289386986975111,1.3483459949493408,94963200
2007-05-22,1.347621326527308,1.362973466554938,1.3398010608697901,1.3499385118484497,48595200
2007-05-23,1.358339017734402,1.3680426665706071,1.3357459354657097,1.33806312084198,54054400
2007-05-24,1.334587018561182,1.3495044696060088,1.2886769016825137,1.3002630472183228,123494400
2007-05-25,1.304751826562582,1.3202487098221847,1.299683544650035,1.3141663074493408,52275200
2007-05-29,1.3177868833890483,1.3364694411761322,1.311124383244811,1.3309664726257324,60640000
2007-05-30,1.3122831256610588,1.3558769422565171,1.3069246838176722,1.3545727729797363,72908800
2007-05-31,1.3609453164868184,1.3732563084452236,1.355877033458734,1.371662974357605,60012800
2007-06-01,1.3768767121465701,1.3865803593577657,1.3648557694524184,1.3705042600631714,51859200
2007-06-04,1.3599319192870358,1.3791937997410288,1.356889889326853,1.3744146823883057,35552000
2007-06-05,1.3671730315803314,1.3762973546981812,1.3499382849647366,1.3762973546981812,86380800
2007-06-06,1.362394244476442,1.363552892471026,1.340235847419617,1.3448703289031982,93094400
2007-06-07,1.3389313525515227,1.3564562583200295,1.2999730110168457,1.2999730110168457,156672000
2007-06-08,1.3046073588839258,1.3371933556767055,1.2940351139307877,1.3348760604858398,104294400
2007-06-11,1.3351664514278867,1.3509523923118583,1.327200664955197,1.3295179605484009,55513600
2007-06-12,1.314745748836498,1.3412485706806063,1.3093864233749513,1.3115590810775757,96966400
2007-06-13,1.3222771452632422,1.344724705390951,1.315325368317389,1.3374837636947632,89619200
2007-06-14,1.3479111887982764,1.367173072258828,1.3479111887982764,1.3610907793045044,51564800
2007-06-15,1.3729661455484246,1.3910693805366952,1.3729661455484246,1.3867249488830566,42892800
2007-06-18,1.3897658017339733,1.3916482999905375,1.3797729922705175,1.385275959968567,30707200
2007-06-19,1.377021148706385,1.3907799505092682,1.3707933351341404,1.3835381269454956,49184000
2007-06-20,1.384842370011391,1.393386484732128,1.355586682990085,1.3587733507156372,69433600
2007-06-21,1.3592071455642418,1.386290174757783,1.345738391740211,1.384263038635254,97856000
2007-06-22,1.3741248268337036,1.3810766032757313,1.3482004409065798,1.3571802377700806,127193600
2007-06-25,1.3589181028700064,1.3719520611431328,1.3299525725415013,1.3505176305770874,94553600
2007-06-26,1.3566007188348979,1.3566007188348979,1.3251733679885298,1.3353108167648315,103520000
2007-06-27,1.32488355804933,1.3703598790288516,1.3230009486345302,1.3657253980636597,100000000
2007-06-28,1.3664492013701215,1.386434937137407,1.3650005048579177,1.3692011833190918,84198400
2007-06-29,1.3823797514357228,1.3884630391191275,1.3506632319564351,1.377745270729065,98572800
2007-07-02,1.3780357153230938,1.3967182796284983,1.376442380901817,1.3952704668045044,60780800
2007-07-03,1.4003384211470016,1.4114907650169957,1.3965733131289493,1.4113452434539795,37523200
2007-07-05,1.4114906355648695,1.4378488201579667,1.4101865768486932,1.42742121219635,69324800
2007-07-06,1.435242416182632,1.4456700245513738,1.4223521013403333,1.4446560144424438,49600000
2007-07-09,1.4439319465165037,1.45059356210669,1.4350966789849986,1.4459589719772339,41664000
2007-07-10,1.4323460015135054,1.445670119529054,1.4190218834979569,1.4223521947860718,69132800
2007-07-11,1.4148212099394168,1.4463940858840942,1.4117800633604332,1.4463940858840942,72134400
2007-07-12,1.4484212896372426,1.4895522935172205,1.4463941531429483,1.4837591648101807,63712000
2007-07-13,1.4870904245061742,1.5076563677860424,1.484483964172697,1.5056283473968506,59699200
2007-07-16,1.5025869453311378,1.5150416888948224,1.495055956872595,1.5040347576141357,57894400
2007-07-17,1.506642107733352,1.5267733613822787,1.5041802854178932,1.519096851348877,52633600
2007-07-18,1.5054838315290648,1.5206905603408813,1.4868013800126,1.5206905603408813,82022400
2007-07-19,1.5341591838372854,1.5476288235881663,1.525180271129671,1.5273529291152954,63494400
2007-07-20,1.525614924611865,1.5296700810265877,1.4928834036509904,1.5144624710083008,92166400
2007-07-23,1.5192425044097648,1.525035632477564,1.5025870816609097,1.5120006799697876,62291200
2007-07-24,1.4886837319318287,1.5127246237414103,1.450304601423966,1.4708696603775024,145600000
2007-07-25,1.4808624399718735,1.4860762439991881,1.4513175873153321,1.4728976488113403,100384000
2007-07-26,1.4649320466957458,1.4731869980344416,1.3907802438482433,1.4403108358383179,212934400
2007-07-27,1.4392977299245215,1.4536349736816983,1.382959008216858,1.382959008216858,217145600
2007-07-30,1.400772773091083,1.429303611221699,1.385566049622248,1.4219180345535278,214092800
2007-07-31,1.4417592174295544,1.4433525510731728,1.3544278490588384,1.361379623413086,228902400
2007-08-01,1.3516765074790087,1.3806420427184765,1.3282148261359228,1.377890944480896,324076800
2007-08-02,1.383104364476689,1.4084485377845233,1.3723867083824308,1.4051182270050049,120908800
2007-08-03,1.3990352709506773,1.4028012632904658,1.3324145648091676,1.349359154701233,161267200
2007-08-06,1.3525453258388505,1.3828141342267037,1.3280697547183271,1.3758623600006104,187257600
2007-08-07,1.3725315873550152,1.3975874863691038,1.352401323111677,1.3928074836730957,139993600
2007-08-08,1.412214868154069,1.4424835772869078,1.4048284050243784,1.4336493015289307,137734400
2007-08-09,1.4171383824907875,1.4372696389897315,1.3532696641178505,1.3621039390563965,223526400
2007-08-10,1.3357455609537923,1.3705041053156026,1.3028694046040992,1.3364694118499756,273875200
2007-08-13,1.363841745996293,1.3725313829830719,1.3505176285835836,1.353848934173584,117228800
2007-08-14,1.357904290078203,1.3647114293632743,1.3092421832148466,1.3106908798217773,161376000
2007-08-15,1.3037390940450486,1.326911497454905,1.257683341452836,1.2621732950210571,190828800
2007-08-16,1.251455223348101,1.2611589791432907,1.178607719454597,1.2332074642181396,437721600
2007-08-17,1.2614493736527106,1.2972211613808708,1.2427659287639816,1.2770907878875732,189926400
2007-08-20,1.2911386821785815,1.3020009764077094,1.267386957534055,1.2853455543518066,153952000
2007-08-21,1.2908486541478796,1.3243041392500343,1.2837523508384834,1.3215521574020386,120620800
2007-08-22,1.3348761134585,1.3560213776669103,1.3327044502175776,1.3524010181427002,110560000
2007-08-23,1.361380010522822,1.366304650422623,1.3303873419528476,1.3468972444534302,138361600
2007-08-24,1.3405246728801414,1.3874489103306034,1.3360348301665257,1.3867249488830566,93126400
2007-08-27,1.3771659874204891,1.3845524502364763,1.3587735856188896,1.3594975471496582,72812800
2007-08-28,1.3526907841698939,1.361091259541392,1.3008428813409998,1.301276683807373,178016000
2007-08-29,1.3186555011850494,1.376007234051848,1.3176423750810398,1.3728214502334595,131680000
2007-08-30,1.368186979590789,1.411779910003249,1.3548628629778572,1.3939658403396606,196979200
2007-08-31,1.4193108239801886,1.4308970789860769,1.4052627466857657,1.4182968139648438,143507200
2007-09-04,1.426262824087907,1.4852078974423526,1.426262824087907,1.4678285121917725,119251200
2007-09-05,1.4678280634568002,1.4678280634568002,1.418875927834934,1.4375593662261963,164499200
2007-09-06,1.4420486142104314,1.4466830943610782,1.4158350672066602,1.4337936639785767,128972800
2007-09-07,1.4006282731640145,1.4032347330486126,1.364566443787756,1.3864346742630005,201273600
2007-09-10,1.4030901233829693,1.4097527339747196,1.3566006856277795,1.384263038635254,178432000
2007-09-11,1.3954149163555858,1.4226425913154475,1.3917944452914712,1.419311285018921,141196800
2007-09-12,1.414241915617866,1.4440768205066727,1.4104768074593914,1.4255388975143433,114886400
2007-09-13,1.4403106248245552,1.442048596294977,1.419310882062995,1.4317665100097656,111219200
2007-09-14,1.4120697918651688,1.440021307042006,1.4065659398905104,1.4316208362579346,86931200
2007-09-17,1.420324930227011,1.4275658704937415,1.3990350277562622,1.4075801372528076,100806400
2007-09-18,1.426552709521172,1.4837589206980206,1.4126492692085528,1.4810079336166382,165324800
2007-09-19,1.4983872949448063,1.5138831860996707,1.4782560394539936,1.4898422956466675,145990400
2007-09-20,1.4827459580718594,1.4940420548446818,1.4739106893296683,1.4802831411361694,96998400
2007-09-21,1.4962145268479137,1.5102626045460532,1.4911453605832443,1.498241662979126,74963200
2007-09-24,1.506642206832497,1.5358970112650538,1.4994003825430982,1.5144624710083008,102547200
2007-09-25,1.5011384820022071,1.5432834941730813,1.5001253557805394,1.5408216714859009,82636800
2007-09-26,1.5571867996295616,1.5692077417438208,1.5451659680100276,1.5545804500579834,99923200
2007-09-27,1.5764490524975423,1.5765945740844662,1.5602283125719234,1.5750012397766113,71392000
2007-09-28,1.5723937757479791,1.5789117501134065,1.5486420468893187,1.5655875205993652,90483200
2007-10-01,1.5680491098844966,1.607442134363558,1.5679044722982995,1.5923800468444824,89824000
2007-10-02,1.5967245135874981,1.6006350322480223,1.5809385748190417,1.5960005521774292,72844800
2007-10-03,1.589483731879472,1.601359153170321,1.567035180205742,1.5713804960250854,78572800
2007-10-04,1.5820971006768634,1.585428405987674,1.5571867290396484,1.5786212682724,70720000
2007-10-05,1.6057044288749687,1.6516145467758179,1.6007797893002846,1.6516145467758179,120684800
2007-10-08,1.6446628430643624,1.6666767088794414,1.6395936761617957,1.6640702486038208,80102400
2007-10-09,1.6743522110155729,1.6855046646546528,1.6601594950030207,1.6828972101211548,99353600
2007-10-10,1.6804356261934896,1.6923110485076904,1.6698634893521525,1.6923110485076904,102982400
2007-10-11,1.7067933254583638,1.7149036371376993,1.6106277908516085,1.6430691480636597,207078400
2007-10-12,1.6503112312369883,1.6905728578567505,1.642780242133636,1.6905728578567505,105504000
2007-10-15,1.6914425871125993,1.6972357159941962,1.635684177418044,1.6623324155807495,119532800
2007-10-16,1.6430693202861566,1.6714555246339124,1.6352491668943516,1.6546555757522583,129670400
2007-10-17,1.6915870731796576,1.6946282197192324,1.6342352239342943,1.6899937391281128,154982400
2007-10-18,1.674207892468979,1.708387232436416,1.6611739321594103,1.7014355659484863,142662400
2007-10-19,1.7014349249312781,1.7015794520053873,1.6146828801814033,1.6200422048568726,293971200
2007-10-22,1.5957116229810315,1.6574077958237154,1.591221779837253,1.654222011566162,272115200
2007-10-23,1.6875317160398984,1.7248977179465406,1.6718904139377053,1.711573600769043,173945600
2007-10-24,1.6946281106979992,1.7080977492825933,1.6243869448586783,1.701000452041626,341177600
2007-10-25,1.7017254730415308,1.7098358972621652,1.6329321124984622,1.6817388534545898,259436800
2007-10-26,1.715628872202338,1.7241730985471337,1.6760902098251955,1.7028840780258179,192032000
2007-10-29,1.720842738850289,1.73054550283783,1.7017254916482616,1.7195385694503784,182022400
2007-10-30,1.7083871051970692,1.7445944630470052,1.7043319482986774,1.719828724861145,148761600
2007-10-31,1.7350351172461993,1.7777594465042952,1.7079520886439397,1.7737042903900146,211872000
2007-11-01,1.7524148459970148,1.762553291398448,1.7076633689981102,1.7205528020858765,318470400
2007-11-02,1.7325731974355043,1.741407471116096,1.683621054075844,1.738801121711731,273952000
2007-11-05,1.716642125304428,1.7324290616816453,1.681738935454756,1.717656135559082,210304000
2007-11-06,1.7388015849828744,1.7499530463623472,1.6941946345175103,1.745897889137268,196921600
2007-11-07,1.706359860402606,1.743001018269328,1.659290209790004,1.664214849472046,251430400
2007-11-08,1.669863330001766,1.669863330001766,1.507366243216922,1.5453115701675415,478278400
2007-11-09,1.5018628451303255,1.5308283675383236,1.4555179429807088,1.4574004411697388,403564800
2007-11-12,1.4518969835159727,1.471448915334987,1.3787591963898094,1.3809318542480469,346969600
2007-11-13,1.425973392893942,1.5004143501178944,1.4191662550463664,1.4927387237548828,286867200
2007-11-14,1.53879341531491,1.53879341531491,1.4471177159709638,1.472462773323059,293459200
2007-11-15,1.4517523172893234,1.4849176410580573,1.416704494858081,1.4446560144424438,276947200
2007-11-16,1.4627592787031456,1.4802831902684863,1.4149666620311732,1.4730422496795654,282041600
2007-11-19,1.4559521560337911,1.478400707422166,1.4185870370432438,1.435531735420227,321907200
2007-11-20,1.4555183265803837,1.4965039151399249,1.3899107557464478,1.4462493658065796,462284800
2007-11-21,1.4219185024529373,1.4607323222141935,1.3851318192417146,1.401931881904602,405222400
2007-11-23,1.433793797029722,1.447408074055937,1.414241864543343,1.4361110925674438,116320000
2007-11-26,1.4553727150935134,1.4715934506927302,1.3867248860536934,1.3975871801376343,315123200
2007-11-27,1.4177174814132958,1.451028323457421,1.3978762767384112,1.4407453536987305,361331200
2007-11-28,1.4839045991303874,1.5457452969494805,1.477532257372596,1.527207374572754,313740800
2007-11-29,1.520690681960619,1.5567525233476458,1.5131596910105058,1.538793921470642,288147200
2007-11-30,1.60541436594691,1.60541436594691,1.502152505267288,1.5273529291152954,439148800
2007-12-03,1.5099737470955632,1.5358972500891324,1.4941868107782825,1.4994006156921387,186739200
2007-12-04,1.4744897099905914,1.5005587252071244,1.4682628915126001,1.485062837600708,284204800
2007-12-05,1.5250355781994984,1.5486417814359343,1.5133038009253394,1.5376348495483398,294969600
2007-12-06,1.5484970559890618,1.584125193622373,1.5395182552618525,1.5719596147537231,244672000
2007-12-07,1.6003458881172021,1.6003458881172021,1.5663111933133536,1.5825319290161133,246080000
2007-12-10,1.5849939087979887,1.6029525072734365,1.5813734383733475,1.5918010473251343,188812800
2007-12-11,1.5967245840091921,1.6135245335705146,1.5148971625074774,1.5231521129608154,340819200
2007-12-12,1.5645733627561216,1.5847046189829275,1.494621357772005,1.5435736179351807,303686400
2007-12-13,1.520545647599964,1.5374903451929658,1.499545904086989,1.5208349227905273,317657600
2007-12-14,1.5067867843210883,1.5358969499971395,1.4962145389412662,1.4975178241729736,254803200
2007-12-17,1.490856546836183,1.495635665586089,1.424380366320258,1.4288703203201294,345606400
2007-12-18,1.4560982894714296,1.4560982894714296,1.3938218863737666,1.4314770698547363,362284800
2007-12-19,1.4324905450087297,1.4504491424800479,1.4180077801620832,1.4446560144424438,329580800
2007-12-20,1.4765218168136125,1.5056710071231938,1.4513410381410252,1.5044500827789307,328115200
2007-12-21,1.535734995130479,1.5566426515579224,1.52932485230381,1.5566426515579224,217875200
2007-12-24,1.5511486206932927,1.584723219790967,1.5511486206932927,1.5749560594558716,62067200
2007-12-26,1.570835271252576,1.5969321451958955,1.5577110941399293,1.590980052947998,111123200
2007-12-27,1.5799918451459374,1.5885380802151674,1.541076552114827,1.5467228889465332,156108800
2007-12-28,1.5609153972838896,1.567325655015213,1.5245942517292042,1.5424495935440063,190265600
2007-12-31,1.5262725644478274,1.5442812526419294,1.5102484891384564,1.5142168998718262,148998400
2008-01-02,1.5169633042989452,1.5261200010183118,1.4470674460430784,1.465838074684143,474828800
2008-01-03,1.4627858250429897,1.4827783099217544,1.4478303793550573,1.4742319583892822,330675200
2008-01-04,1.4261588190964753,1.4279902049593693,1.3361183005960524,1.3466482162475586,620403200
2008-01-07,1.3474112188146872,1.356263209083004,1.291249994418148,1.3292510509490967,848998400
2008-01-08,1.3362707573567398,1.3645037237932078,1.2639331610553823,1.2680529356002808,790464000
2008-01-09,1.2701901687674682,1.3191783819758651,1.2389048899218096,1.3086483478546143,1060332800
2008-01-10,1.2903347811401122,1.3423751814089158,1.2823988916807707,1.3094110488891602,1146156800
2008-01-11,1.3094113357434085,1.3094113357434085,1.2491292778615788,1.273242473602295,668806400
2008-01-14,1.2975078098211923,1.318567759061009,1.2819408542249795,1.3065111637115479,574457600
2008-01-15,1.2827038175407601,1.2917081035296947,1.2288319105629981,1.2468407154083252,679347200
2008-01-16,1.2207432163152399,1.2582852771695634,1.1812165433794548,1.210213303565979,968864000
2008-01-17,1.2233379645992022,1.2402781403974872,1.1677870841804219,1.1769438982009888,962131200
2008-01-18,1.1928152407536903,1.2160122094946604,1.1554254702536928,1.170534372329712,866348800
2008-01-22,1.0463078610281986,1.1441319785066415,1.027842055403749,1.106894612312317,1192723200
2008-01-23,1.0328779509473158,1.119561565754295,0.9848049180376413,1.1166616678237915,1652576000
2008-01-24,1.1177304646154975,1.1516108193214847,1.1073528420156642,1.1491690874099731,814208000
2008-01-25,1.198615237264663,1.198615237264663,1.0974332810649734,1.0988065004348755,944288000
2008-01-28,1.1017062844859116,1.1247509616694658,1.082171967357162,1.1155941486358643,713836800
2008-01-29,1.1320760945553299,1.1365016229100124,1.1046060090705252,1.1207823753356934,500620800
2008-01-30,1.114067574072982,1.1690078695076467,1.1111676760142488,1.119409203529358,832857600
2008-01-31,1.0937704909803319,1.181216991904158,1.0917868096150813,1.1453529596328735,986067200
2008-02-01,1.1752650132728908,1.1963258967032162,1.1462691707486945,1.1827436685562134,750764800
2008-02-04,1.181522584458801,1.1836586774863809,1.1384855378271004,1.1413854360580444,466259200
2008-02-05,1.1081153908310881,1.1314657043255691,1.0812556490805603,1.0870554447174072,784569600
2008-02-06,1.0952960506843599,1.1087259813341488,1.032878030825502,1.0408138036727905,638035200
2008-02-07,1.0165484882997045,1.0879709215934388,1.009223059772821,1.062179684638977,1040883200
2008-02-08,1.0591273352357775,1.087360299933262,1.0467660329891142,1.0759150981903076,685952000
2008-02-11,1.0899554587443974,1.1096421899614233,1.076067592932312,1.1000274419784546,561113600
2008-02-12,1.1142200846427586,1.1282603616173892,1.0737781115771352,1.0919392108917236,661849600
2008-02-13,1.1145258452356026,1.1407751324575752,1.1055215586809635,1.1308555603027344,470393600
2008-02-14,1.1390960111205117,1.1390960111205117,1.0916334347535712,1.0951437950134277,708710400
2008-02-15,1.0841556676390836,1.0952960456270033,1.0701153915097847,1.0911762714385986,494227200
2008-02-19,1.1163573857871414,1.1201724541145546,1.0605008546703378,1.0807989835739136,607513600
2008-02-20,1.0598904604081854,1.1001800342929362,1.0594333414674244,1.0907186269760132,685689600
2008-02-21,1.1125419781696206,1.11757796928769,1.0635528411365522,1.0740838050842285,594752000
2008-02-22,1.0791197975625013,1.0835453271865845,1.0356256286113292,1.0835453271865845,707392000
2008-02-25,1.077135876149603,1.0983482339968436,1.062789846668012,1.0879706144332886,601376000
2008-02-26,1.0772885524011089,1.1191037479254438,1.0644690820588547,1.09804368019104,669926400
2008-02-27,1.0833930233914195,1.117120035871611,1.078661854755986,1.1050634384155273,607328000
2008-02-28,1.1003332353233644,1.1200199693101562,1.0812560319900513,1.0812560319900513,550195200
2008-02-29,1.075761739730575,1.0821719980575504,1.037151154610089,1.0490553379058838,793939200
2008-03-03,1.0403554848187975,1.0434077939209936,1.0081551665369795,1.0263152122497559,770668800
2008-03-04,1.0144123784547965,1.0449347833579987,0.9970141512397317,1.0347095727920532,1067334400
2008-03-05,1.0435613705087945,1.0682839736464704,1.0321151214900148,1.0545493364334106,991846400
2008-03-06,1.0476813628375246,1.0563809423802444,0.9983883251557757,1.0008301734924316,798937600
2008-03-07,0.9904524139226997,1.024637470871002,0.9660345161024838,0.9954884052276611,1026643200
2008-03-10,0.9954884538441918,1.0009824956762672,0.9556569416459616,0.9558092951774597,865478400
2008-03-11,0.9877054281159425,1.0438666797898335,0.9715289919588705,1.0424933433532715,963321600
2008-03-12,1.041730135762614,1.0606539934396426,1.0202110866812009,1.022195816040039,734310400
2008-03-13,1.0023556155550686,1.0542437185776863,0.9829735935834163,1.0386778116226196,1361625600
2008-03-14,1.0572961045764475,1.057601859568329,0.9788539977369749,0.9968617558479309,1296870400
2008-03-17,0.9564197254501923,0.9918256487345769,0.9463468112130305,0.9712228178977966,1173900800
2008-03-18,1.0012872592521365,1.0576018315948144,0.9939618309180115,1.0553123950958252,964576000
2008-03-19,1.0609587952041561,1.0663005423384828,0.9996092753076397,1.0026615858078003,1051552000
2008-03-20,1.0078498893676349,1.0415769021377963,0.9954885847048428,1.0310468673706055,781843200
2008-03-24,1.0504286438060866,1.1213930133467829,1.049818181841599,1.1155941486358643,675667200
2008-03-25,1.1174252201205306,1.1361957268015173,1.0977375653294394,1.123986840248108,666425600
2008-03-26,1.1175778619572991,1.125666045750203,1.0939227245936756,1.1018584966659546,616620800
2008-03-27,1.1047584395067132,1.1090315566760087,1.06828394967232,1.0792720317840576,647513600
2008-03-28,1.088124331990791,1.1012485107027292,1.0504289074978974,1.062942624092102,655161600
2008-03-31,1.064010732896019,1.0835450475176496,1.0571434733033351,1.0675209760665894,513881600
2008-04-01,1.1056740244756214,1.162903776179394,1.102621830044522,1.1572574377059937,625817600
2008-04-02,1.1641240920616622,1.1822851866729165,1.1394014930990082,1.1651926040649414,643724800
2008-04-03,1.1403167437318849,1.1760284736623745,1.1374168459588894,1.1671764850616455,605100800
2008-04-04,1.173128786368949,1.1980047347533767,1.1505421578368709,1.1729763746261597,755507200
2008-04-07,1.1862528089508075,1.200903663795605,1.1627511285327599,1.1664137840270996,670982400
2008-04-08,1.1511525591679543,1.1661080043035248,1.1386379140290905,1.156036138534546,531545600
2008-04-09,1.1517632170094463,1.153899310333617,1.111015600956899,1.1308555603027344,801152000
2008-04-10,1.1265825688762912,1.1712976695180801,1.1265825688762912,1.1577154397964478,785804800
2008-04-11,1.1296344343601912,1.1337542080873153,1.0849183034398464,1.0956016778945923,1047289600
2008-04-14,1.0894974322396278,1.1017064403896644,1.0769827855460958,1.0797302722930908,834406400
2008-04-15,1.09193941023455,1.0949916044179873,1.0626378104783263,1.0812560319900513,934470400
2008-04-16,1.1120839812237568,1.161834946449986,1.1102525952047924,1.1612244844436646,908249600
2008-04-17,1.147794704189409,1.1690079975723737,1.125971880251536,1.1636663675308228,775168000
2008-04-18,1.2030408041042397,1.2231855859132907,1.1879318975546935,1.210060477256775,1033152000
2008-04-21,1.206397815685687,1.2308157152726595,1.2012094122644006,1.2262377738952637,628748800
2008-04-22,1.2117394144954563,1.2155544819781567,1.1712974403645382,1.2025827169418335,728972800
2008-04-23,1.2096034958040351,1.2289844745448373,1.1972411431092849,1.2154022455215454,718752000
2008-04-24,1.2218123740888345,1.2671378132479352,1.1946468710549663,1.231884241104126,963091200
2008-04-25,1.243177861092256,1.2440930301408069,1.2033454193383815,1.2331050634384155,660928000
2008-04-28,1.239515144836447,1.2578285382108385,1.2329525913303445,1.2373781204223633,462329600
2008-04-29,1.2321899258805509,1.2654588863311806,1.2291377319468686,1.2526395320892334,662572800
2008-04-30,1.2627121217752197,1.2810256316447575,1.2266957968759324,1.2338677644729614,844825600
2008-05-01,1.235242154393369,1.3149051792461735,1.235242154393369,1.311090111732483,1120076800
2008-05-02,1.339628541996079,1.339628541996079,1.2946078170836917,1.325434923171997,1012832000
2008-05-05,1.315210526024096,1.3315393047734287,1.2973542535431692,1.3083422183990479,642604800
2008-05-06,1.301170644073441,1.337033748626709,1.2837724165279265,1.337033748626709,889068800
2008-05-07,1.3266561949095084,1.3414602795683286,1.268511279575239,1.284993290901184,1013568000
2008-05-08,1.2883510897008126,1.312463350678266,1.2790410487149746,1.2866721153259277,1090342400
2008-05-09,1.2752259187829287,1.299033471526854,1.2692738268379313,1.2859092950820923,889708800
2008-05-12,1.2895721706252845,1.3377976299152965,1.2852990522443961,1.3339815139770508,755699200
2008-05-13,1.3347451347192956,1.3452751681437911,1.3144470101813894,1.3417648077011108,888793600
2008-05-14,1.349853146894998,1.3773233592955687,1.3289456058450215,1.3306245803833008,893184000
2008-05-15,1.3333709523544286,1.3826647996902466,1.3261988677931722,1.3826647996902466,880646400
2008-05-16,1.3857171097778036,1.3870903291244618,1.3510738851273612,1.3826647996902466,776800000
2008-05-19,1.3838854170013715,1.4069300910789326,1.3449690832874768,1.3692346811294556,1040748800
2008-05-20,1.3512272300336783,1.3519901037975046,1.3208572394678053,1.3443589210510254,926176000
2008-05-21,1.3439021318758309,1.3593156307885363,1.273547159036253,1.2891141176223755,1023104000
2008-05-22,1.2877404512419082,1.3078852283160862,1.2782780006564596,1.2865195274353027,946060800
2008-05-23,1.2811777227680272,1.2904868297364624,1.262101575099582,1.2822463512420654,738931200
2008-05-27,1.2874348786852983,1.330471925012057,1.2868244166955323,1.325588345527649,792563200
2008-05-28,1.340543701593499,1.343901766264924,1.312005100319121,1.3410018682479858,839865600
2008-05-29,1.3390181693406265,1.3765602429853034,1.3379496570920748,1.365419864654541,882828800
2008-05-30,1.3719826987075532,1.3910589704241287,1.364962093257692,1.3811393976211548,730227200
2008-06-02,1.373050026958397,1.3735080772221868,1.3210095090117921,1.35015869140625,987193600
2008-06-03,1.3550419179067015,1.3719820886267318,1.3055956726135753,1.3336762189865112,1074073600
2008-06-04,1.3217724020867632,1.3826647946666082,1.32039906631137,1.3564155101776123,982099200
2008-06-05,1.3695406108936332,1.4124244320117503,1.3612990826465712,1.4076931476593018,902118400
2008-06-06,1.3837332561906213,1.3896854643803944,1.3144469261169434,1.3144469261169434,1139174400
2008-06-09,1.3265030694672035,1.3306238902744363,1.2642373646082785,1.3118523359298706,1036710400
2008-06-10,1.2830096228748946,1.3171946865509419,1.2767528227728522,1.2947604656219482,933209600
2008-06-11,1.2914032854582445,1.2950659409526877,1.2323421651285327,1.2353943586349487,1009939200
2008-06-12,1.2514182901780377,1.2723259413919301,1.2137228779892855,1.237683653831482,923110400
2008-06-13,1.2509604066037125,1.289571924331062,1.2376838186866017,1.2840778827667236,803302400
2008-06-16,1.2726314689228782,1.319177934486251,1.2694268643229583,1.3025434017181396,713766400
2008-06-17,1.3158213002755612,1.3214677539761492,1.2897244263672967,1.2961336374282837,659014400
2008-06-18,1.2784304309472068,1.2888080515318672,1.2553868015431817,1.2674424648284912,866617600
2008-06-19,1.2607279282017196,1.318110091908328,1.2440933869852133,1.3033069372177124,1059968000
2008-06-20,1.2840778452499313,1.2843826687228936,1.2231854559961697,1.2392094135284424,1279577600
2008-06-23,1.2447034970558917,1.2518765129118268,1.2102137328963392,1.2115869522094727,924038400
2008-06-24,1.2041523521784554,1.2317863568209135,1.1826252764234215,1.2039998769760132,938208000
2008-06-25,1.2133124255812142,1.2635424450796326,1.2094957711226713,1.2299537658691406,971648000
2008-06-26,1.1942285441291849,1.1962130512274185,1.1397226827687457,1.1429295539855957,1457721600
2008-06-27,1.1398759275613453,1.1530054488826558,1.1068979600994353,1.1461353302001953,1126060800
2008-06-30,1.1343793082030147,1.1502575718108698,1.1160581810483454,1.1198748350143433,830841600
2008-07-01,1.0997219264341658,1.1504101917206675,1.0923935670937064,1.1491888761520386,1242892800
2008-07-02,1.1545328019007164,1.1646088598242426,1.0894925311723351,1.0928518772125244,1203097600
2008-07-03,1.1062872165995874,1.1101038714514477,1.0713238113322592,1.0870496034622192,739436800
2008-07-07,1.1101039173317278,1.128883290380101,1.0696452309578943,1.1035386323928833,1230918400
2008-07-08,1.1053707958073304,1.1556008232512331,1.095599571777742,1.1426235437393188,1523456000
2008-07-09,1.1525472870786964,1.1575863063156115,1.0919353172218813,1.0991113185882568,1279372800
2008-07-10,1.0965159948072662,1.1250656587572518,1.0742249179752725,1.118043065071106,1150080000
2008-07-11,1.0955999106758356,1.1177375885208085,1.0485758076862786,1.083538293838501,1525894400
2008-07-14,1.1114781510917597,1.1133101833088022,1.0595684361016888,1.0678133964538574,1135936000
2008-07-15,1.0551407517779579,1.1003326913249887,1.0220104251476905,1.0632323026657104,1623366400
2008-07-16,1.0716298434228768,1.1212491590102687,1.0522397524097833,1.1140731573104858,1204550400
2008-07-17,1.1313261029247934,1.1435401917340502,1.1020124295611977,1.1093409061431885,1253017600
2008-07-18,1.1104091020368818,1.1104091020368818,1.0868976331215867,1.0952949523925781,938035200
2008-07-21,1.103233886912597,1.112546870669304,1.0784999429977113,1.0962103605270386,710099200
2008-07-22,1.0555993282175304,1.0952949523925781,1.0479650839287733,1.0952949523925781,1166649600
2008-07-23,1.0942257018970236,1.1452189223183948,1.088577014937421,1.1203335523605347,1333984000
2008-07-24,1.1310202953128063,1.1311726540033302,1.0763628963913843,1.0820116996765137,1001952000
2008-07-25,1.1000268343531376,1.1244548920165844,1.089644895285902,1.1110193729400635,740652800
2008-07-28,1.1146835896500003,1.1256761274548912,1.062316589051484,1.0772782564163208,948441600
2008-07-29,1.0821639731681447,1.1256762372662859,1.0801794664356594,1.1094931364059448,920275200
2008-07-30,1.1221655925119725,1.1395701273912613,1.0934626352894157,1.128577470779419,979865600
2008-07-31,1.1056767745291984,1.1545330205712336,1.100485395795625,1.1247609853744507,1066112000
2008-08-01,1.1252190548348067,1.1265928455616208,1.0699500118457983,1.0975840091705322,961113600
2008-08-04,1.094378331758428,1.0951414066440375,1.0652170132402843,1.075598955154419,695328000
2008-08-05,1.0937672168155521,1.1458293826035084,1.0910195192252585,1.1417077779769897,883315200
2008-08-06,1.142775998528631,1.1870523880729347,1.1256762985407502,1.1759073734283447,861612800
2008-08-07,1.1632349487764446,1.1885785562365303,1.1501043800321238,1.1636931896209717,841401600
2008-08-08,1.1588076215642713,1.2175874372337414,1.1539220098553298,1.2093424797058105,954188800
2008-08-11,1.2113279077710943,1.2609472108432414,1.2027780008154045,1.2320917844772339,997164800
2008-08-12,1.2340767099900773,1.2545347114920737,1.2214043786415465,1.2369778156280518,819052800
2008-08-13,1.2323971000086116,1.2527027438381877,1.2079690344770753,1.2310231924057007,958009600
2008-08-14,1.2221672844458136,1.270412685558815,1.2203351363723434,1.2604889869689941,985248000
2008-08-15,1.264153389253691,1.2756042865537491,1.2441525833750968,1.2612522840499878,829344000
2008-08-18,1.2612521429571746,1.2626269819874798,1.207816181297053,1.2339239120483398,825510400
2008-08-19,1.2136174563639943,1.2247635195928688,1.1812503203135207,1.2030831575393677,831500800
2008-08-20,1.212549275583518,1.222014732718113,1.1810976934983082,1.1962127685546875,1024723200
2008-08-21,1.1801821953567335,1.1983498028001367,1.1630824964402882,1.1820142269134521,808377600
2008-08-22,1.198655877878567,1.228274386211045,1.1972819704720914,1.2152972221374512,689868800
2008-08-25,1.2007929215194861,1.204610508941535,1.1620137860169197,1.1701053380966187,795360000
2008-08-26,1.1688837186643986,1.1818608813240399,1.1490364373099868,1.1653720140457153,838393600
2008-08-27,1.164914686018134,1.1968235796142688,1.1562113709916828,1.1769752502441406,805478400
2008-08-28,1.1876631291513238,1.2062890954899805,1.1818609188547635,1.1833882331848145,680716800
2008-08-29,1.1720895269486469,1.1788072862095567,1.137585413813188,1.1462876796722412,879635200
2008-09-02,1.184303849414458,1.1940750740227157,1.1084243252786208,1.1174324750900269,1141542400
2008-09-03,1.1134625252721086,1.1230812756715347,1.0817059838453735,1.0969735383987427,1236364800
2008-09-04,1.0838435494430947,1.0878126790364104,1.0233840668381764,1.026285171508789,1763404800
2008-09-05,1.0093383357775012,1.0323926101479832,0.9861317026837073,1.0227737426757812,1602617600
2008-09-08,1.0472018240847782,1.0519349615224993,0.9801769217886306,1.0111703872680664,1637305600
2008-09-09,1.0107118862233064,1.0317816482608222,0.9636878567945661,0.9731542468070984,1255411200
2008-09-10,0.9879633829785054,1.0026202170524516,0.9693364873468712,0.9820088148117065,890912000
2008-09-11,0.9566653860431101,1.025521329258037,0.9557488459182699,1.0217046737670898,1328108800
2008-09-12,1.0038412785471256,1.0265896541529644,0.9893369249771977,1.0256741046905518,977753600
2008-09-15,0.9673522613745568,1.007047879734455,0.9473515110703671,0.9586499929428101,1582764800
2008-09-16,0.9244505112618009,0.9839934642412448,0.9223125973338626,0.9649093151092529,2132230400
2008-09-17,0.9412444733929378,0.9496419079821032,0.8649067003757446,0.8687243461608887,2326515200
2008-09-18,0.9036866609080723,0.9389549012415878,0.8348297367390992,0.9314730763435364,2372896000
2008-09-19,1.0195675725608253,1.022925986718187,0.9482678995227302,0.9670472145080566,1062764800
2008-09-22,0.9748328999960705,0.9778864801633911,0.8931522222485951,0.8939153552055359,1072889600
2008-09-23,0.9079614945316664,0.9287253728662992,0.8726931983747331,0.8763574361801147,1784864000
2008-09-24,0.8862811658570413,0.9076557623603242,0.875441916601653,0.8945261240005493,1331500800
2008-09-25,0.9053664947393754,0.9410920504436434,0.8978846102709741,0.9036868214607239,1528147200
2008-09-26,0.8638386178729164,0.9081140194308972,0.8612424047588252,0.8977320790290833,1254144000
2008-09-29,0.8642958042959837,0.8705561965218686,0.7145213469045745,0.7244450449943542,2718585600
2008-09-30,0.747651867148815,0.8061268614795266,0.7427662543952074,0.799714982509613,1554534400
2008-10-01,0.7878056578411329,0.7949816588638504,0.7575764361190017,0.7787975668907166,1620377600
2008-10-02,0.7658205119554523,0.7667370520977751,0.7006278159415795,0.7160487771034241,1964652800
2008-10-03,0.7241402321199324,0.761545513365799,0.6787958750518395,0.6832231879234314,2824569600
2008-10-06,0.6502452505971001,0.6543677294358397,0.5598613741012037,0.6192519068717957,3916358400
2008-10-07,0.6430692764868828,0.6459703816170589,0.5563495761231293,0.557266116142273,3110828800
2008-10-08,0.5326847386262407,0.6045951399023222,0.5264252765235253,0.543066680431366,4987097600
2008-10-09,0.5694801438933293,0.5888691828056126,0.4945161823624499,0.5010814666748047,4425280000
2008-10-10,0.48138592137738845,0.5464262263562216,0.44504963597354036,0.5085626840591431,4740928000
2008-10-13,0.5554339690626953,0.6336038112640381,0.5410819683991288,0.6336038112640381,2673683200
2008-10-14,0.6624593927511662,0.6642915411676468,0.5607770193515841,0.5748231410980225,3801804800
2008-10-15,0.5610828433790579,0.5659684560077347,0.46978238224983215,0.46978238224983215,3394016000
2008-10-16,0.47940110938158825,0.5232192277908325,0.4316139191528013,0.5232192277908325,5613836800
2008-10-17,0.503829261976002,0.567952997875712,0.4972639763932565,0.5221503376960754,4111097600
2008-10-20,0.541692740122771,0.557266116142273,0.5047457580204445,0.557266116142273,2546252800
2008-10-21,0.5334488989555713,0.5548234419746594,0.4971116341808643,0.5012341141700745,2752345600
2008-10-22,0.49161515652017884,0.49970670699266956,0.4404685924832025,0.46733948588371277,2978137600
2008-10-23,0.4644394209603553,0.48291291165597944,0.4168046466348764,0.46306461095809937,3661382400
2008-10-24,0.39054447128444325,0.4569575707050534,0.38993375523089785,0.4363471269607544,3145766400
2008-10-27,0.423827301394654,0.4549730963282076,0.40245273167624696,0.4108501076698303,2875110400
2008-10-28,0.4386365023097673,0.5023029194532399,0.41497253781186727,0.4968065917491913,3720396800
2008-10-29,0.5027602383372299,0.5392499097593478,0.4813856431215969,0.5021495223045349,3313126400
2008-10-30,0.5268834600469499,0.5387916654748754,0.5048981489380172,0.5282572507858276,3164121600
2008-10-31,0.5158907272853633,0.5510056123835613,0.5074933540252398,0.531005859375,2557939200
2008-11-03,0.5303952930384572,0.5409296508811425,0.5210813773165374,0.5334488153457642,1531443200
2008-11-04,0.5528378967035961,0.5693268833761835,0.5365023753239707,0.563830554485321,2004947200
2008-11-05,0.5523804960481737,0.555738910160741,0.5000125556238588,0.5023029446601868,2146412800
2008-11-06,0.48688200374915347,0.4977221849395663,0.4522253808261309,0.4548206329345703,3151692800
2008-11-07,0.46840844645101476,0.48459253661566776,0.45833236066223815,0.47466790676116943,2520390400
2008-11-10,0.49909606274324086,0.49986018589316616,0.4516147198627263,0.4667288661003113,2019488000
2008-11-11,0.4529884058434143,0.4624538038386071,0.43130801951053727,0.4482552409172058,2901536000
2008-11-12,0.42962942839367496,0.4343616336699542,0.40031572538404553,0.402910977602005,2894784000
2008-11-13,0.39985740340682413,0.45191951723099816,0.3616880307049903,0.45008739829063416,4739315200
2008-11-14,0.43085080097150497,0.4491718749757389,0.4030633660082467,0.40581202507019043,4017075200
2008-11-17,0.39237659372979367,0.4132929214045068,0.3856588913072003,0.39008623361587524,3202387200
2008-11-18,0.39436110543970354,0.3995516095927651,0.3626045980032266,0.3865744173526764,4219782400
2008-11-19,0.3893230834969806,0.4000098868376294,0.34443597597880904,0.34657391905784607,3621836800
2008-11-20,0.33863472891552954,0.36260451356252543,0.31099971686654204,0.3149697780609131,5974124800
2008-11-21,0.3238245176125879,0.34382526383824547,0.3010761025303031,0.3397027850151062,5362598400
2008-11-24,0.35390235792907065,0.39054447720113333,0.34810017676541244,0.3801625370979309,3662035200
2008-11-25,0.3902386381014168,0.39084935418609434,0.3607725188731881,0.3775663375854492,3014950400
2008-11-26,0.3713068121177825,0.41039173204582785,0.3687115895323952,0.4087120592594147,2864876800
2008-11-28,0.401689619134976,0.40596451582496446,0.3960408440326104,0.4036741554737091,649408000
2008-12-01,0.3867269361398021,0.3867269361398021,0.3422990811897627,0.34367290139198303,2601382400
2008-12-02,0.35191687615736345,0.367032013253788,0.34061938470680053,0.365658164024353,2950828800
2008-12-03,0.3468787820284565,0.38794827340873034,0.3451991089719142,0.3839792013168335,3620761600
2008-12-04,0.37252827362555513,0.38993376913381644,0.3508488430502273,0.3633677363395691,3048198400
2008-12-05,0.35634513468072443,0.39604074364585196,0.3416882707030044,0.3925289809703827,3368147200
2008-12-08,0.4099335351509772,0.43481989540985927,0.40703344910839134,0.4236748218536377,2821516800
2008-12-09,0.4125298345342758,0.4453543436596451,0.4096287288709154,0.42031553387641907,2766342400
2008-12-10,0.4253545469021741,0.4348199485289761,0.41146084156512996,0.41985824704170227,2192640000
2008-12-11,0.41680457733933285,0.42947591402069774,0.39252893877204215,0.39665141701698303,1909267200
2008-12-12,0.385658814869105,0.4172619109688095,0.37955177152001285,0.41207143664360046,2646476800
2008-12-15,0.41390350212995447,0.41497248800219333,0.3859636552245927,0.3977194130420685,1780428800
2008-12-16,0.4351257085800171,0.4384840643448178,0.4045906058761025,0.4351257085800171,2131968000
2008-12-17,0.4270332224495313,0.43695785428633294,0.41497259849616863,0.424896240234375,1832435200
2008-12-18,0.42565922169941434,0.43100313136155566,0.4019943011905712,0.4111548066139221,1739680000
2008-12-19,0.4195523176617107,0.4310032436289944,0.4140560188001352,0.4157356917858124,1661164800
2008-12-22,0.4169570328607997,0.41894156852836717,0.38520053090684575,0.39955154061317444,1603526400
2008-12-23,0.4007730690192363,0.40962871531274037,0.3894755482151372,0.3945136070251465,1478828800
2008-12-24,0.39817780911777617,0.3984836622375355,0.3922232102620674,0.39558255672454834,361849600
2008-12-26,0.3989408369307481,0.3989408369307481,0.3920706898465926,0.3958873152732849,294259200
2008-12-29,0.3981778680042764,0.3990944082799078,0.3778722522104027,0.38581138849258423,872089600
2008-12-30,0.390696889092003,0.40733829005712907,0.38993375610825226,0.4033692181110382,1143532800
2008-12-31,0.40382654446346683,0.4212320413921676,0.4033692645038356,0.4105442762374878,1261484800
2009-01-02,0.4134452737899978,0.4500873898230373,0.4108500219579649,0.44672903418540955,1475475200
2009-01-05,0.44199583951440086,0.45695753723459054,0.4357363789911182,0.44672903418540955,1725651200
2009-01-06,0.45527889569040403,0.46489671272220584,0.45039328365967984,0.45588958263397217,2101619200
2009-01-07,0.4412326825007229,0.4438279341910772,0.4236747438085828,0.43039247393608093,1636352000
2009-01-08,0.4273390150766473,0.44046859420823575,0.4207737013410827,0.4397054612636566,1744870400
2009-01-09,0.4407745005162053,0.44092691745562546,0.41619399297324844,0.4201630651950836,1596710400
2009-01-12,0.42107968508551724,0.4218428182669372,0.3963457366956983,0.4045907258987427,1513324800
2009-01-13,0.40474305313759107,0.41680466655194803,0.39497182885848897,0.4041323661804199,1681273600
2009-01-14,0.3939028864887808,0.39771954207223104,0.37558183893148206,0.37985673546791077,1874438400
2009-01-15,0.3778720941318948,0.3984835544681896,0.36535221278613766,0.39100170135498047,2477337600
2009-01-16,0.40367412469841735,0.4056586608858535,0.38184125634078114,0.4007730484008789,2330841600
2009-01-20,0.39710879642692326,0.40062058872606265,0.360924944953273,0.36260461807250977,2157945600
2009-01-21,0.3725282768651213,0.3920707546371331,0.36428427954914866,0.390391081571579,2047974400
2009-01-22,0.3745127442078932,0.39313963949065767,0.3676425972489329,0.38214701414108276,2054265600
2009-01-23,0.3691699110131364,0.3961932232459122,0.3644367159114146,0.3836733400821686,2100006400
2009-01-26,0.3862697033757422,0.40291111107185573,0.38061996605114473,0.38947564363479614,1928780800
2009-01-27,0.39054442406705303,0.40214776559665627,0.39008615411794567,0.3958873152732849,1643763200
2009-01-28,0.4094762190836796,0.43130809423915417,0.40886550304960145,0.42230096459388733,2317088000
2009-01-29,0.41268210988868087,0.41481909158936947,0.3992466790292045,0.40199434757232666,1822316800
2009-01-30,0.4081014231081417,0.41115491602160953,0.38443745728005996,0.38672685623168945,1857670400
2009-02-02,0.3795518277549272,0.4023002443627281,0.37909355773535813,0.39680394530296326,1807820800
2009-02-03,0.3983301580245566,0.41222385947871126,0.3870326401878953,0.4094761908054352,1952128000
2009-02-04,0.4106976383820832,0.4294759923558619,0.4071858463230618,0.4097810983657837,2168153600
2009-02-05,0.3977194858019995,0.4339043249427604,0.3977194858019995,0.4284079968929291,2627801600
2009-02-06,0.43268291620658156,0.4548206159216364,0.4290187072621391,0.4502398669719696,2390707200
2009-02-09,0.4514612575774583,0.4595537983218691,0.44581251282751655,0.4552788734436035,1966048000
2009-02-10,0.4488659572751708,0.459706165715523,0.41466664929540487,0.42107951641082764,3138188800
2009-02-11,0.42092614490385977,0.4261175805201593,0.40459059795014674,0.41802603006362915,2021523200
2009-02-12,0.40733832067412223,0.4282546191136508,0.40184199224890044,0.4274914860725403,2845056000
2009-02-13,0.42443796968994524,0.43314023743904356,0.4198582104017974,0.42291170358657837,2116345600
2009-02-17,0.3966515343444668,0.4023002799580711,0.38565890613176923,0.39084938168525696,2483891200
2009-02-18,0.39527673094443583,0.40168959984129377,0.38046744700594753,0.3897804021835327,2430355200
2009-02-19,0.3949717946649783,0.40000985242344056,0.37634489766610035,0.3786352574825287,2036998400
2009-02-20,0.36962718967347147,0.3879482638553047,0.3679485067568099,0.3797042667865753,2976972800
2009-02-23,0.3847423615618694,0.38520063161668594,0.3503905989982443,0.3535965383052826,2659417600
2009-02-24,0.3574131438090868,0.38199463895226354,0.35634514788147853,0.3755817711353302,2595270400
2009-02-25,0.3729865693765349,0.38688030280742486,0.36016182211556036,0.3713068962097168,3262988800
2009-02-26,0.37588764681752607,0.3809257053554654,0.35084886833576845,0.35115373134613037,2592627200
2009-02-27,0.3436728644041806,0.3557344785644046,0.34077178813235764,0.3438253104686737,2482489600
2009-03-02,0.3339015785713166,0.3435203847549146,0.31771748798305455,0.32214581966400146,2789760000
2009-03-03,0.32748868766842615,0.3346646875640336,0.3166494694707543,0.3215350806713104,2486412800
2009-03-04,0.33084809308191954,0.3476419114178152,0.32886355705665,0.33787068724632263,2718470400
2009-03-05,0.3308480228058944,0.33634434979514677,0.316038743640934,0.3183281421661377,2543084800
2009-03-06,0.3216875748778921,0.3258100538303271,0.29924402205878964,0.313442587852478,2782803200
2009-03-09,0.30733556713446186,0.3250459246149399,0.2971070344377288,0.2992440164089203,2662112000
2009-03-10,0.3117639491482913,0.33741344454848843,0.3093211428359438,0.3357337713241577,2659622400
2009-03-11,0.3448942085444506,0.35268092504711285,0.3352754022496879,0.34580978751182556,2692896000
2009-03-12,0.34642051372425736,0.37161272676335017,0.33909209548292835,0.3691699206829071,2623270400
2009-03-13,0.3702379322645518,0.37420796552114743,0.36062008545136454,0.37191760540008545,2145433600
2009-03-16,0.3754293560550584,0.37771974522005614,0.35680245720172354,0.358329713344574,2177203200
2009-03-17,0.3630629377730923,0.3856589415201065,0.36000944421631503,0.38535308837890625,1769350400
2009-03-18,0.3832160212158042,0.4090179278176998,0.3795517834430264,0.3951241970062256,3108902400
2009-03-19,0.40749074146458253,0.40764414850489983,0.38962796511930015,0.3949718475341797,2050752000
2009-03-20,0.39604078530508324,0.4058120386915748,0.37787215674074964,0.3835209310054779,1976985600
2009-03-23,0.40123129169559796,0.42886532070663214,0.3948193843853365,0.4287128746509552,2146688000
2009-03-24,0.4215368373017986,0.4277972881195991,0.41222388380438324,0.4135977327823639,1861984000
2009-03-25,0.4192475371195589,0.4316140154259851,0.39451361952856107,0.4163464605808258,2333324800
2009-03-26,0.4281021569998256,0.4427589924264258,0.4239796490309999,0.44245412945747375,2657696000
2009-03-27,0.43222454431996815,0.4351256196017003,0.4219950237562687,0.4247436821460724,1868876800
2009-03-30,0.4105442437565409,0.41100251377853514,0.39252902222660685,0.40321582555770874,1966278400
2009-03-31,0.4114607050268159,0.4282545203084533,0.4100868562018513,0.4123762547969818,1843731200
2009-04-01,0.40077296364519616,0.4259651439072187,0.396956309022769,0.423827201128006,1945958400
2009-04-02,0.4389423556204642,0.4642860238354682,0.4358888626743137,0.4510039687156677,2867379200
2009-04-03,0.4587896804822635,0.4682560412059908,0.4523778027014647,0.4674929082393646,1767468800
2009-04-06,0.4558896156540596,0.4665764195364621,0.44703396999810574,0.46474432945251465,1833568000
2009-04-07,0.45436229433487024,0.45436229433487024,0.4343615497787232,0.43924716114997864,1613017600
2009-04-08,0.4488660275706819,0.4603169537727985,0.4424541495494807,0.45588958263397217,1609676800
2009-04-09,0.47192014048737513,0.4852031530577141,0.46917151125267004,0.48321765661239624,1943648000
2009-04-13,0.4786380021580555,0.487035406338068,0.4713095840619017,0.4819963872432709,1383603200
2009-04-14,0.4758893445356245,0.4813856432283825,0.4639811390295546,0.4696298837661743,1497120000
2009-04-15,0.46306460580720843,0.46901917457580566,0.4519195330946934,0.46901917457580566,1583974400
2009-04-16,0.47970699280869816,0.4969590521294627,0.4710037354624247,0.49222591519355774,1849260800
2009-04-17,0.48917237088074156,0.49894359465885424,0.48245463997301713,0.4925317168235779,1452729600
2009-04-20,0.4751263307576027,0.47894295747361626,0.45650038982108326,0.46077531576156616,1469632000
2009-04-21,0.4572633525291615,0.475889286523085,0.4565002196660411,0.4740571677684784,1668038400
2009-04-22,0.4690191789874015,0.4989435955416326,0.46596568611161066,0.47833216190338135,2092883200
2009-04-23,0.48398179833111055,0.4882567226886749,0.4688666948061557,0.4882567226886749,1472755200
2009-04-24,0.4940581263568108,0.5106995319263524,0.4858141271069312,0.5044400691986084,1593561600
2009-04-27,0.495279441601202,0.5148219507516046,0.4939056505870617,0.5048982501029968,1499513600
2009-04-28,0.49833279877715214,0.5105468265430474,0.4937530115737038,0.49787455797195435,1285670400
2009-04-29,0.5052029451521327,0.5248987954289039,0.503829096432882,0.5111575126647949,1645292800
2009-04-30,0.5244406208927276,0.5400130050232237,0.5140586820259024,0.5209288001060486,1807251200
2009-05-01,0.5215395558476581,0.5288679735637952,0.5129897060582882,0.5236775279045105,1289958400
2009-05-04,0.5337536744059992,0.5462735882093369,0.5287156448306218,0.5458152890205383,1297952000
2009-05-05,0.5430664945537659,0.5447461672707142,0.5316165313963049,0.5441354513168335,1117676800
2009-05-06,0.5526854290163784,0.5534485620520883,0.526577636216967,0.5439831614494324,1682528000
2009-05-07,0.5507009252535853,0.5516165335717911,0.5087149169465688,0.5180279016494751,1719552000
2009-05-08,0.5233716130003877,0.5343642680079843,0.5088671953990501,0.5198598504066467,1620915200
2009-05-11,0.5050505220537411,0.5336010538243015,0.5023028246489977,0.5230666995048523,1182342400
2009-05-12,0.5255095799518058,0.5267309536960484,0.4974172849412352,0.5100886225700378,1319705600
2009-05-13,0.5012340400993341,0.5016922810295273,0.4812332911719766,0.4818439781665802,1499219200
2009-05-14,0.4848974679070926,0.5021495563484022,0.4842867518329933,0.49222591519355774,1184128000
2009-05-15,0.4916151453752456,0.5056612640974404,0.4884092066627005,0.49115684628486633,1045017600
2009-05-18,0.4990960075425068,0.5189443371309378,0.49329484580062827,0.5172646641731262,923884800
2009-05-19,0.514974270106855,0.5329904513936486,0.5094779422699993,0.5232192277908325,1040729600
2009-05-20,0.5271884721606082,0.5424560285973932,0.5163492199616257,0.518944501876831,1440819200
2009-05-21,0.5120742510214208,0.5180278889854268,0.49008899380081944,0.5000126361846924,1177772800
2009-05-22,0.5041349859346755,0.5096313133842648,0.4902412844688089,0.49619585275650024,789382400
2009-05-26,0.48611873019585955,0.534822478508977,0.4859662841858319,0.5340593457221985,1449804800
2009-05-27,0.5305476168216396,0.5458151674362384,0.5227609586699368,0.5252037644386292,1290848000
2009-05-28,0.5334487277253288,0.5421509940506961,0.5163490289095202,0.5394023060798645,1210444800
2009-05-29,0.539708071065208,0.5522269311638069,0.5326844890360266,0.5511589646339417,1094265600
2009-06-01,0.5630673613618322,0.5870371815401112,0.5595555400150853,0.5844419002532959,1440185600
2009-06-02,0.5768086480530787,0.5961976898877255,0.5748230927551701,0.5844419002532959,1315769600
2009-06-03,0.5806252733020342,0.5829156041145325,0.5687160772468413,0.5829156041145325,1234854400
2009-06-04,0.583983839230318,0.5955871572609099,0.5819992734196558,0.5946716070175171,1252921600
2009-06-05,0.6016938725025729,0.6055114586563295,0.5839835179419859,0.5961975455284119,1269100800
2009-06-08,0.5881061192611861,0.6009308654721561,0.5745182400508094,0.5916178822517395,1068640000
2009-06-09,0.5978773406229552,0.6082592807574152,0.5920761786608945,0.6015415787696838,1092236800
2009-06-10,0.60856509478866,0.6090224038160565,0.5798621391121638,0.5968083739280701,1295692800
2009-06-11,0.5948236967491819,0.6103971279319774,0.5948236967491819,0.5961975455284119,1083513600
2009-06-12,0.5919228196144104,0.5934500175874278,0.5769610901932238,0.5919228196144104,968550400
2009-06-15,0.5803195297337084,0.5809302459355395,0.5572662452982878,0.5664268136024475,1067923200
2009-06-16,0.5722277143721806,0.5761977755506323,0.5552804931482475,0.5565019249916077,1090803200
2009-06-17,0.5597088819163606,0.5768085809289216,0.5528377734416059,0.5658159255981445,1480448000
2009-06-18,0.5645945197576125,0.5719229368151096,0.5568078036289518,0.5629147887229919,898086400
2009-06-19,0.5717694483521554,0.5826096263630087,0.5687159271195976,0.5755870342254639,957408000
2009-06-22,0.5648995211705602,0.5678006267882431,0.5400131578578999,0.543066680431366,1129862400
2009-06-23,0.5461200588046318,0.5476472564963577,0.5325321810580665,0.5400130152702332,1088000000
2009-06-24,0.5488686683988712,0.566120783282481,0.5481055355096238,0.5575709342956543,989632000
2009-06-25,0.5513116127172009,0.5816943035193576,0.5481056733456515,0.5803194642066956,1075027200
2009-06-26,0.573907454810357,0.5858156595561413,0.5720753650699227,0.5824573040008545,890060800
2009-06-29,0.5839835558822909,0.5939081855945836,0.5742123331783323,0.584136962890625,800243200
2009-06-30,0.5881061837018768,0.5937549293776433,0.573601762872313,0.5816943049430847,1058643200
2009-07-01,0.5871906108038736,0.5971142525515689,0.5824574153441112,0.5826098322868347,907660800
2009-07-02,0.5731443082497317,0.5731443082497317,0.5542125788203688,0.5575709342956543,689958400
2009-07-06,0.5508533043909302,0.5554340242737118,0.5400130652379312,0.5523805022239685,716096000
2009-07-07,0.5516163233122114,0.5537542367613257,0.5238298549921796,0.5247454047203064,1064294400
2009-07-08,0.5299370889888367,0.5340596273129539,0.5172648148000878,0.5294788479804993,1116870400
2009-07-09,0.5323798880706903,0.538486933694792,0.527646750076646,0.5305477976799011,738579200
2009-07-10,0.5274941004172824,0.5421509934196413,0.5250512946237366,0.5358915328979492,918297600
2009-07-13,0.5371130170626479,0.5563496434315596,0.5223027722418274,0.5557389855384827,700371200
2009-07-14,0.5542128008210265,0.5624567709507571,0.5505485617185814,0.5597090721130371,594323200
2009-07-15,0.578793023212315,0.5981830507301481,0.5736015882044692,0.5969616770744324,867648000
2009-07-16,0.5922284837535767,0.6143662089024573,0.5917701847067435,0.6113126873970032,900710400
2009-07-17,0.6117709763184961,0.6189469766488576,0.6059688248972741,0.6178780198097229,669363200
2009-07-20,0.6245956461830074,0.6332979112937742,0.6204731680924468,0.6299395561218262,854054400
2009-07-21,0.6354360665504926,0.6397109627723694,0.6210840634635747,0.6397109627723694,904377600
2009-07-22,0.6404740469510781,0.6561998979796503,0.6374205249222239,0.6488714218139648,907430400
2009-07-23,0.6474965396838291,0.6832230738097809,0.6461226908620545,0.6781850457191467,1230208000
2009-07-24,0.6639857031453084,0.67879600730635,0.6586428393117719,0.6775745749473572,875334400
2009-07-27,0.6774210196714052,0.6807803656113258,0.6621534679710839,0.6786424517631531,850739200
2009-07-28,0.672230539109931,0.6865814918282306,0.6639855234712229,0.683070719242096,1101216000
2009-07-29,0.6768104517092308,0.6807805145636608,0.6662760926622715,0.6775745749473572,737420800
2009-07-30,0.6919255386633327,0.7068882586786922,0.6838339866911481,0.6853602528572083,1027475200
2009-07-31,0.6858183877729019,0.6954371945226943,0.6801696429704097,0.6806279420852661,804672000
2009-08-03,0.6966585468146744,0.7027655900325868,0.688566997020181,0.7012383341789246,821120000
2009-08-04,0.6958954951011331,0.7068881508790453,0.6925361491867201,0.7007811069488525,738816000
2009-08-05,0.7050558689187916,0.705360760952836,0.6816957809319869,0.6911621689796448,918073600
2009-08-06,0.6936051718698721,0.6981849602025274,0.6742151395658612,0.679100751876831,815564800
2009-08-07,0.6975742494930459,0.7026132688813949,0.6862767587057926,0.6946741342544556,834496000
2009-08-10,0.6907040225082113,0.6946740260112797,0.6774209784394837,0.6871922016143799,613286400
2009-08-11,0.6798638162865216,0.682917338232911,0.6671924777275157,0.6748257875442505,802438400
2009-08-12,0.673299689581542,0.7073455737761819,0.6725355663304682,0.6955898404121399,865497600
2009-08-13,0.7033762481887795,0.7055132299153789,0.6871921584915932,0.702613115310669,734745600
2009-08-14,0.6966586583525652,0.6987956404200061,0.6746734040820969,0.686581552028656,659929600
2009-08-17,0.6649020683685798,0.6649020683685798,0.6462751715546688,0.6465810537338257,836396800
2009-08-18,0.654672751615195,0.667803323699418,0.6514668121205436,0.664749801158905,552870400
2009-08-19,0.6503976268811856,0.6777267891712166,0.6485655371318505,0.6740626096725464,616915200
2009-08-20,0.6737568955747278,0.6929944526100367,0.6713140311892919,0.6903992295265198,541452800
2009-08-21,0.6989489385761268,0.7113153837321228,0.6900932657672262,0.7074987292289734,713913600
2009-08-24,0.711163153979914,0.7184915728571439,0.7023074788404742,0.7064299583435059,703827200
2009-08-25,0.7111629843711853,0.7249032787198221,0.7073453396754661,0.7111629843711853,714003200
2009-08-26,0.7088727364472734,0.7197129765041876,0.7013919009191105,0.7093310356140137,665760000
2009-08-27,0.7093310425548597,0.714673905824734,0.6868874874110716,0.7122310996055603,697203200
2009-08-28,0.7291781898615785,0.7365066653899897,0.7042918913926992,0.7139106392860413,834809600
2009-08-31,0.7033764564164267,0.7053610218228047,0.6910100076455659,0.698795735836029,605267200
2009-09-01,0.6939100846926577,0.7189488630936527,0.669329547223517,0.6728413105010986,1140915200
2009-09-02,0.666886763922932,0.6795590946733748,0.6650546737489456,0.6714675426483154,685971200
2009-09-03,0.67833755309164,0.6829173409804107,0.6644438505443558,0.6806279420852661,508556800
2009-09-04,0.6830708253340334,0.7110097186592486,0.6813911521902047,0.7093310356140137,589465600
2009-09-08,0.7209342947137349,0.7247509497743032,0.71375829362537,0.7235295176506042,450502400
2009-09-09,0.7236820345558833,0.7429195916135414,0.7183381231038024,0.7355911731719971,695750400
2009-09-10,0.7366592039190428,0.7511636239728615,0.7326901316689005,0.749331533908844,523660800
2009-09-11,0.751315966046458,0.7545228950334083,0.74032331027556,0.7505528330802917,577024000
2009-09-14,0.7406293624923519,0.7577290078740312,0.7400186463113024,0.7565075755119324,530265600
2009-09-15,0.7562014500317722,0.7668892119038473,0.7531479285849165,0.7615453600883484,651955200
2009-09-16,0.7678051027795354,0.7861261217288968,0.7629194317197936,0.7838367223739624,640851200
2009-09-17,0.7803249077572758,0.7928438311369239,0.7763548452725255,0.7832260131835938,708736000
2009-09-18,0.7907067365627563,0.7923864095052304,0.7780344079387861,0.787042498588562,465196800
2009-09-21,0.77834024096593,0.7954398812029407,0.7755915530493843,0.7904008626937866,515968000
2009-09-22,0.8000198809574298,0.800478121920738,0.788111672985668,0.7937604188919067,544307200
2009-09-23,0.8003256724168722,0.8133028369834494,0.7836832791860767,0.7855154275894165,875520000
2009-09-24,0.7925386898687612,0.7952863873869914,0.7613928762985783,0.7720797061920166,662336000
2009-09-25,0.7615453874694561,0.772537983535863,0.754675211491595,0.7586442828178406,590489600
2009-09-28,0.7668894144032584,0.7933020411825886,0.765362216468489,0.7842939496040344,446092800
2009-09-29,0.7839891518091137,0.7923865276753259,0.7705536882215278,0.7777296900749207,533849600
2009-09-30,0.7836831257473948,0.7913174253798219,0.7546752798626002,0.7781867980957031,874406400
2009-10-01,0.7729964165019728,0.7740653734601372,0.7328425049781799,0.7328425049781799,764659200
2009-10-02,0.7227664539207636,0.7409341228005486,0.7223082129866509,0.7278045415878296,680972800
2009-10-05,0.7355914793102644,0.74658414066805,0.7264309670061876,0.7398664355278015,556038400
2009-10-06,0.7474992676285479,0.7728439236080922,0.7473468507120962,0.7655155062675476,782726400
2009-10-07,0.7639883107920794,0.7708584295875006,0.7601716557827412,0.7699428796768188,514700800
2009-10-08,0.7794081256011322,0.7907066033254222,0.7736069648897446,0.776965320110321,578201600
2009-10-09,0.7733012859827916,0.7882640049961485,0.7705536459730872,0.7849046587944031,382720000
2009-10-12,0.7922332278472687,0.8001723638488767,0.7786453454739485,0.7887223958969116,377670400
2009-10-13,0.7875008278782809,0.7954399619256993,0.7816986758685536,0.7885687947273254,437312000
2009-10-14,0.8085695958894852,0.8126920751680179,0.7997149113308802,0.8102492690086365,567334400
2009-10-15,0.801547089767586,0.809486225221207,0.7998674164632364,0.8073483109474182,500947200
2009-10-16,0.8016995098911659,0.8041423161520741,0.785668823128269,0.7969663143157959,632384000
2009-10-19,0.7980351582850483,0.8140658427761436,0.7896377836289046,0.8116230368614197,553945600
2009-10-20,0.8212418442378615,0.8217000851112393,0.8026149467941455,0.8125395774841309,606630400
2009-10-21,0.8119288817864061,0.8348297437403154,0.8067374458746607,0.8093326687812805,752947200
2009-10-22,0.8068899029235449,0.8226157547531563,0.7966613694761788,0.8165087103843689,638124800
2009-10-23,0.8305550852861902,0.8319288764761001,0.8050580030378123,0.8099436163902283,797702400
2009-10-26,0.8104016978104771,0.8328451928793814,0.7966613434783779,0.8041422367095947,875782400
2009-10-27,0.8021575309105703,0.8084169909137484,0.7739118304883199,0.7803246974945068,1075820800
2009-10-28,0.7740653636917135,0.7784927347835882,0.741544762743125,0.7447516918182373,975084800
2009-10-29,0.7545228591274183,0.773148765629494,0.7500945565105938,0.7693321108818054,686060800
2009-10-30,0.768569051257005,0.7719274654723804,0.7270413485932405,0.728262722492218,1137433600
2009-11-02,0.7299413268813544,0.7499420721788711,0.7171165819961622,0.7340638637542725,1087539200
2009-11-03,0.7287200652519293,0.7410875030505791,0.723987859985995,0.7391020059585571,779769600
2009-11-04,0.7471945183351694,0.7606299225257421,0.7397126931332344,0.741544783115387,772992000
2009-11-05,0.758339590158845,0.7798666037261619,0.7574230501202949,0.7774237394332886,564224000
2009-11-06,0.7710118141781186,0.7888746466962026,0.7681107674049709,0.787042498588562,545548800
2009-11-09,0.7986461170410034,0.820783793926239,0.797577159804164,0.820783793926239,539545600
2009-11-10,0.8187991321454703,0.8300966230353539,0.8166611598337817,0.8233789205551147,562867200
2009-11-11,0.836661905226435,0.8444486229519179,0.8247536982747744,0.8346773982048035,626726400
2009-11-12,0.8363571211445269,0.8455176303301452,0.8221575340037895,0.8259751796722412,650150400
2009-11-13,0.8305549048518188,0.843990309531628,0.8253644004411945,0.8398678302764893,488224000
2009-11-16,0.8468914512624487,0.8641435119624038,0.8439903458347361,0.856967568397522,540908800
2009-11-17,0.8520817953740586,0.8618530774446129,0.8482651986310457,0.8615481853485107,521804800
2009-11-18,0.8568149636648169,0.8580363957259871,0.8409367545572083,0.8526924848556519,541766400
2009-11-19,0.8410892574940639,0.8413950814693217,0.8137610809961888,0.8252109885215759,722201600
2009-11-20,0.8163561681680888,0.8212417796169247,0.8110122576408499,0.8180358409881592,402931200
2009-11-23,0.832692614504448,0.8517768180683244,0.832692614504448,0.8427687287330627,552499200
2009-11-24,0.8427689647530914,0.8433796808708851,0.8276538281993375,0.8374250531196594,463801600
2009-11-25,0.8429211913491219,0.8461281200159382,0.8381889870007182,0.844448447227478,264486400
2009-11-27,0.7992566879454598,0.8311655856575244,0.7962031656189739,0.819257378578186,394336000
2009-11-30,0.8151348188083786,0.8232263697061494,0.8044470549116591,0.820172905921936,459718400
2009-12-01,0.8331500534298292,0.8487234289839719,0.8326927444118928,0.8375783562660217,465657600
2009-12-02,0.8432271695668584,0.8558994993477309,0.836967708194702,0.8404785394668579,475456000
2009-12-03,0.8470439127100816,0.856356897265714,0.8326928984427732,0.8336084485054016,494963200
2009-12-04,0.8545247221690817,0.8649066635162637,0.8244479134504248,0.8418534398078918,768160000
2009-12-07,0.8403262097282906,0.8481128698251886,0.8304025090176506,0.8336084485054016,384108800
2009-12-08,0.825058593699823,0.8371202077401427,0.8099434573535425,0.8233789205551147,519616000
2009-12-09,0.8221574711612021,0.8416999785664481,0.8116231135432257,0.8398678302764893,546700800
2009-12-10,0.8464330745994669,0.8577315548035975,0.8464330745994669,0.8484176397323608,416896000
2009-12-11,0.8572732653461862,0.8594102472898729,0.8354404292721149,0.8423105478286743,403827200
2009-12-14,0.8534565660029366,0.8598684433573095,0.8442960589582841,0.8577314615249634,308512000
2009-12-15,0.8526926031077227,0.8624638279878202,0.8433796773990094,0.8487235307693481,294547200
2009-12-16,0.8549828513237313,0.8635327008037591,0.8478068507914925,0.8510137796401978,326617600
2009-12-17,0.8435321268170932,0.8447535008535786,0.8278072637035132,0.8305549621582031,382662400
2009-12-18,0.8450593830811812,0.8572734146513487,0.8397154712640926,0.8565102815628052,371008000
2009-12-21,0.8650598889298546,0.8824644215343053,0.8650598889298546,0.8763574361801147,373286400
2009-12-22,0.8812429863976347,0.8904034929116027,0.8792584215955324,0.8867393136024475,303424000
2009-12-23,0.8904034774806217,0.8998698659828641,0.8856702832295005,0.8992591500282288,303033600
2009-12-24,0.902312835924218,0.9160531320313169,0.9013962958966774,0.9157482981681824,163264000
2009-12-28,0.9200231454236353,0.9285729369288415,0.9143734105819866,0.9249087572097778,257932800
2009-12-29,0.9253662053354619,0.9270458785240105,0.916663937357426,0.9177328944206238,185433600
2009-12-30,0.9160531643956317,0.9267409288905325,0.9152900313712204,0.9230767488479614,328441600
2009-12-31,0.9267407930245459,0.9276563428516841,0.9039914182580742,0.9081138968467712,245497600
2010-01-04,0.928725377777927,0.9351372552412266,0.9268932297450047,0.9323895573616028,328230400
2010-01-05,0.9322371931846045,0.936358681996127,0.922923278441102,0.9330003261566162,325196800
2010-01-06,0.9320838412474879,0.9383442926155446,0.9191066778034395,0.9227708578109741,440864000
2010-01-07,0.9239920447767171,0.926587267108911,0.912846974293976,0.9229230880737305,328576000
2010-01-08,0.9178852517179125,0.938190891793665,0.9136103556004523,0.9378859996795654,322451200
2010-01-11,0.9406337263805536,0.9420085073874813,0.9209388017940406,0.9310159087181091,412710400
2010-01-12,0.9189542714715612,0.921701911459642,0.8972738503239034,0.9078091979026794,566784000
2010-01-13,0.9129996734262208,0.9351374043401306,0.9003273432985661,0.9294886589050293,566483200
2010-01-14,0.925519571496968,0.936358763023973,0.9244505562398971,0.9307100176811218,367180800
2010-01-15,0.9337636086513592,0.9375802642210662,0.9020071263330592,0.9099462032318115,603424000
2010-01-19,0.9134578739382049,0.9404811560770736,0.9131519917472237,0.9384966492652893,341350400
2010-01-20,0.9256718534982336,0.9262825695075808,0.8922356470356905,0.9122363924980164,603532800
2010-01-21,0.9171220413366129,0.929030246868402,0.8873500714799751,0.8943736553192139,999916800
2010-01-22,0.8888775063223976,0.8942204282003627,0.8378834061047336,0.8429214358329773,964006400
2010-01-25,0.8513187534100728,0.858953054292943,0.8407843954772743,0.847806990146637,584448000
2010-01-26,0.8470437161732266,0.8700979835906196,0.8381890328733156,0.8496389389038086,503206400
2010-01-27,0.8470436935328826,0.868265812343121,0.8362035137069999,0.8623112440109253,632224000
2010-01-28,0.8513187514748001,0.8528460076873435,0.8096386289108557,0.819257378578186,932531200
2010-01-29,0.8308607423526229,0.8360511886066384,0.7838366504846122,0.7899436950683594,986380800
2010-02-01,0.7942185154260265,0.8078063942086998,0.7933019754249853,0.8064325451850891,573958400
2010-02-02,0.8093326009827275,0.8262798244791083,0.7984934111383102,0.8212417960166931,474022400
2010-02-03,0.8139134343944356,0.8337607740113318,0.8126920023037095,0.8307072520256042,507424000
2010-02-04,0.8187990088448238,0.8218525306909635,0.782767579190762,0.7835307121276855,839059200
2010-02-05,0.7875009933727606,0.7968139784258038,0.7641408953521968,0.7946760058403015,1072064000
2010-02-08,0.793912885448363,0.8030733954455571,0.7830727020643509,0.7845999002456665,682425600
2010-02-09,0.8026149492081235,0.8148289788280324,0.7875008046468732,0.8007828593254089,816217600
2010-02-10,0.8007827897763966,0.807958731758591,0.787042437175385,0.7974243760108948,485977600
2010-02-11,0.7972722676207241,0.8252111662281928,0.7875010409922494,0.820783793926239,557747200
2010-02-12,0.8062790442401285,0.8287225943131719,0.8029206887769674,0.8247535228729248,661081600
2010-02-16,0.8357463510427239,0.8465856009089804,0.8276538093756105,0.8455175757408142,337004800
2010-02-17,0.8525401055657306,0.854830494625329,0.843074705566875,0.8545246124267578,354073600
2010-02-18,0.8536091703608916,0.8687243073332025,0.8504032309797179,0.8655173778533936,313619200
2010-02-19,0.8627697681592961,0.8733041268060606,0.8566627230785362,0.8644494414329529,400153600
2010-02-22,0.87223491143444,0.8723883184418207,0.8549827966586843,0.8607849478721619,348697600
2010-02-23,0.8595637068379447,0.8612423897750098,0.8310131091447676,0.8389522433280945,473395200
2010-02-24,0.8475020195595533,0.862769570522987,0.8449067385747451,0.855441153049469,398432000
2010-02-25,0.8374249509722425,0.8592577874353183,0.8261274613053325,0.857273280620575,528851200
2010-02-26,0.85528865069755,0.8653647657547504,0.8476544095298642,0.8623112440109253,403936000
2010-03-01,0.8687242477918182,0.8899454380758776,0.8687242477918182,0.8865870237350464,348070400
2010-03-02,0.8923883064595588,0.9036867879297925,0.888419233990088,0.8919309973716736,506035200
2010-03-03,0.8965106297619275,0.9026176153290251,0.8875025392131096,0.8940678238868713,345363200
2010-03-04,0.8957476030329811,0.9020070645058159,0.8862812122549245,0.8997166752815247,292128000
2010-03-05,0.914221090062742,0.9297944670423776,0.9096413017391247,0.9262827038764954,413708800
2010-03-08,0.9279622666135973,0.9348323850900552,0.9271981435684029,0.9305574893951416,282956800
2010-03-09,0.925061372627236,0.9511691683371213,0.925061372627236,0.9432300329208374,471680000
2010-03-10,0.9415502086735259,0.9604819408116454,0.9413977335006718,0.9560546278953552,436076800
2010-03-11,0.9522369550362522,0.9632296109525704,0.948420300056448,0.9629247188568115,371385600
2010-03-12,0.9697949340938468,0.9697949340938468,0.9560546378262533,0.9642986059188843,391430400
2010-03-15,0.9594129925862204,0.9642986046818999,0.9458251132694048,0.960329532623291,318368000
2010-03-16,0.9646042856893374,0.9739172676024928,0.9588021344164844,0.972085177898407,357785600
2010-03-17,0.9734591113901361,0.9856731416116322,0.9704056475155797,0.975597083568573,386912000
2010-03-18,0.9781922192894611,0.9847575038324462,0.9734590245560025,0.9824671149253845,339347200
2010-03-19,0.9711688160896301,0.9897957151890381,0.9639938047254062,0.9711688160896301,445228800
2010-03-22,0.9633830144002095,0.9962075167603279,0.9612450423082047,0.988574206829071,368710400
2010-03-23,0.9923908681793265,1.0036892898384489,0.982314810478789,1.0027728080749512,371296000
2010-03-24,0.9984979016675607,0.998650260352615,0.9881159618814792,0.9931540489196777,317388800
2010-03-25,1.0087274760267968,1.0163607867570565,0.9878112354940825,0.9888791441917419,499904000
2010-03-26,0.9974288383394125,1.005063079282207,0.9809398563531431,0.9923907518386841,408416000
2010-03-29,1.0015515246508735,1.0081168105309106,0.9959028371525765,1.001246690750122,274681600
2010-03-30,1.0061320965191953,1.0140711717585873,0.9942229594903438,1.0076583623886108,277843200
2010-03-31,1.0007882257890346,1.0094904920456895,0.9940704662211939,0.9991085529327393,349491200
2010-04-01,1.005673679851092,1.0201780370849198,0.9824669412412661,0.9981928467750549,415923200
2010-04-05,1.0018569991865058,1.0207887259320991,0.9971237471742055,1.015903115272522,266483200
2010-04-06,1.0113227416514365,1.0281176101212317,1.0072003203701951,1.021552324295044,311129600
2010-04-07,1.0197203463385367,1.027201183449678,1.006284938542103,1.0177358388900757,550726400
2010-04-08,1.0116283857381048,1.0247580224420407,1.0006357308380547,1.0206354856491089,359904000
2010-04-09,1.0229258520758706,1.0343767475634333,1.0172770495951537,1.0333077907562256,287219200
2010-04-12,1.0349875753414104,1.0407887371175935,1.030254438630501,1.0348351001739502,269728000
2010-04-13,1.0330034063080815,1.0470495304911376,1.026742953267575,1.0455223321914673,307072000
2010-04-14,1.0559038500158626,1.0710189253820106,1.0536134611767902,1.0707130432128906,381024000
2010-04-15,1.0693392792466465,1.0827746821079902,1.069034445409412,1.0800269842147827,393657600
2010-04-16,1.0725453955161122,1.0797213972298934,1.0403315473526784,1.054530143737793,999302400
2010-04-19,1.0468959217534963,1.0595682522708485,1.0273534716141737,1.052698016166687,598419200
2010-04-20,1.0639952550263474,1.0685759155973698,1.0499490219360006,1.0636903047561646,424723200
2010-04-21,1.077126269747628,1.0823167165348,1.0624694311304141,1.075598955154419,548140800
2010-04-22,1.0549884753890701,1.089187881881073,1.042621094428171,1.0868974924087524,721132800
2010-04-23,1.0870497354699733,1.098348274573849,1.078347467815883,1.0962103605270386,537888000
2010-04-26,1.0969733714742556,1.102164865731952,1.0872021473655449,1.0908663272857666,439411200
2010-04-27,1.0832328379354763,1.092087578791407,1.039720577537209,1.0459800958633423,973030400
2010-04-28,1.0565147312595078,1.0574313296717868,1.029949684811071,1.046895980834961,747993600
2010-04-29,1.056667032174531,1.08674482729267,1.056667032174531,1.0821640491485596,405158400
2010-04-30,1.081248628522709,1.0855235249777766,1.0383461404426657,1.0412471294403076,484979200
2010-05-03,1.0482704525262148,1.0792628599494198,1.0481170455258901,1.0691866874694824,361849600
2010-05-04,1.0420101572769902,1.043079114187427,0.9901004588623057,1.0046049356460571,715129600
2010-05-05,0.985673201870674,1.0075060406711844,0.972237796926201,0.9948338270187378,731417600
2010-05-06,0.9829256815522621,1.0003301016404413,0.7349805752946783,0.9290304183959961,1123078400
2010-05-07,0.9139160889396654,0.9369693667038119,0.844448509750161,0.8842965364456177,1490803200
2010-05-10,0.9592606095426801,0.9748329963184101,0.9554439542823852,0.9725435972213745,589920000
2010-05-11,0.9549855451257172,0.9984978678551444,0.9502524085822568,0.9714745283126831,573747200
2010-05-12,0.9812457974476274,1.0094905104356258,0.9783446925293902,1.0076583623886108,476441600
2010-05-13,0.9997194933219542,1.0152928131743608,0.9714747162679341,0.9762079119682312,530073600
2010-05-14,0.9618559272982548,0.962619060405721,0.9163590880993231,0.9395657777786255,768224000
2010-05-17,0.943382173993601,0.9522368568973978,0.9042972245067983,0.9453666806221008,538035200
2010-05-18,0.9601761159200876,0.964451011900475,0.9102519703533828,0.9192590713500977,705484800
2010-05-19,0.9117781400663105,0.926434974657975,0.8835333694884735,0.9030758738517761,779827200
2010-05-20,0.8688766393874292,0.872999118496639,0.832845206335655,0.8378832936286926,1186252800
2010-05-21,0.8099434385161095,0.8670445780426794,0.8039898010836805,0.8551353812217712,1011052800
2010-05-24,0.8539139971571514,0.8733040291064629,0.8473496437072754,0.8473496437072754,668179200
2010-05-25,0.8110123017392729,0.8517769266076717,0.7939126607385617,0.8493341207504272,869248000
2010-05-26,0.8606316069645061,0.8823120257589273,0.8275012819694922,0.8287226557731628,659609600
2010-05-27,0.8676552140361039,0.8939153630536599,0.8639909760442355,0.8937629461288452,600940800
2010-05-28,0.8960522945218369,0.897579550461528,0.8671968660503392,0.882311999797821,505446400
2010-06-01,0.8771208198417622,0.9078093371241819,0.8641435960166961,0.8653650283813477,613779200
2010-06-02,0.8765099692379797,0.9084198557502541,0.8646017626431781,0.9078091979026794,454592000
2010-06-03,0.9123889115375337,0.9281147631767641,0.9007855972666198,0.9238398671150208,489971200
2010-06-04,0.885976211776207,0.9088770129349522,0.8549828122633949,0.8630743622779846,932800000
2010-06-07,0.8705564735619367,0.8751362625614276,0.8278073304959558,0.8308608531951904,568774400
2010-06-08,0.8334560537235579,0.8377309504401387,0.8044472103122778,0.827349066734314,793881600
2010-06-09,0.8380358380030881,0.8537616337239327,0.8078065525137025,0.8126921653747559,502067200
2010-06-10,0.8334559232816492,0.8607850891009181,0.828264487191887,0.8589529991149902,377747200
2010-06-11,0.8426165314514574,0.8771207101329196,0.8421582322870831,0.8749837279319763,392499200
2010-06-14,0.8916251830019484,0.9038392146373662,0.8725409733356531,0.8751361966133118,416998400
2010-06-15,0.8841442655159895,0.9242981810240664,0.8827704163175495,0.921701967716217,344870400
2010-06-16,0.916816204102682,0.9386490399221953,0.9136102652958398,0.9305574893951416,455020800
2010-06-17,0.9397181197266841,0.9407871349956699,0.9194125372431036,0.9359015226364136,422809600
2010-06-18,0.9400229152014759,0.9504048549577431,0.9316264723554785,0.9384966492652893,312044800
2010-06-21,0.9607867807914272,0.9639937097400046,0.9102519218513502,0.9249087572097778,515155200
2010-06-22,0.9288777968243281,0.9424656748093367,0.903380723633697,0.9067400693893433,460352000
2010-06-23,0.9088770551444493,0.9155947565859942,0.8850596547299238,0.900327205657959,485587200
2010-06-24,0.8913201383927041,0.8971213000977345,0.8659755393154096,0.8722350001335144,555456000
2010-06-25,0.877731448572277,0.8839919007643273,0.8565103141263575,0.8687243461608887,475219200
2010-06-28,0.8696397140973663,0.8794109376785141,0.8511662238385372,0.8633802533149719,369177600
2010-06-29,0.8366616885374392,0.8375782283892628,0.7845995808088946,0.7968136668205261,779296000
2010-06-30,0.7914699160526479,0.8068898853337398,0.7687215286334221,0.7725381255149841,528710400
2010-07-01,0.7762023707848636,0.7804772668441635,0.7380339554952958,0.767958402633667,787232000
2010-07-02,0.7700953009206151,0.7778820180099438,0.7493314791498926,0.7635300159454346,488972800
2010-07-06,0.7853629999712338,0.7951342839909648,0.7548278902924613,0.7675002217292786,528659200
2010-07-07,0.77269063241471,0.8181883992197697,0.7711643663423962,0.8162038922309875,507372800
2010-07-08,0.8293333102902578,0.8322344150252001,0.8061266273307223,0.8247535228729248,404166400
2010-07-09,0.8250584610245282,0.8413949687215099,0.8210893893625499,0.8412425518035889,346713600
2010-07-12,0.8398678259841751,0.856510218100015,0.8349822137181055,0.8458224534988403,376147200
2010-07-13,0.8603268056853615,0.8745253422116503,0.8481127177398544,0.8665862083435059,490700800
2010-07-14,0.8713193568962677,0.886281083838822,0.8641433563822561,0.8766632676124573,426745600
2010-07-15,0.8726932883215184,0.883227645491648,0.854678096093617,0.8788003325462341,472128000
2010-07-16,0.8714718933260518,0.8742205232652511,0.8281120434552075,0.8304023742675781,554016000
2010-07-19,0.8349821240312851,0.8470437364624331,0.8206311127500467,0.8438377976417542,374937600
2010-07-20,0.8157455729777088,0.8639910368602834,0.8111648529175569,0.863227903842926,453990400
2010-07-21,0.8829229123302001,0.8830753292803515,0.8374250840442627,0.8407844305038452,551955200
2010-07-22,0.864295929450753,0.8908619625421813,0.8629220803508214,0.8829228281974792,441241600
2010-07-23,0.8716242642572721,0.895441606769831,0.8679600263562939,0.894220232963562,457235200
2010-07-26,0.8972737170041561,0.9096411527702472,0.8882665587715614,0.9081138968467712,417894400
2010-07-27,0.9181910692122865,0.919717335149043,0.9000224125471415,0.9075032472610474,385216000
2010-07-28,0.906129495758394,0.9143734637979316,0.8870452883720928,0.8936095833778381,337273600
2010-07-29,0.903076074763015,0.9073509712430342,0.8626172663577449,0.8801742196083069,471974400
2010-07-30,0.8671969041108847,0.8951367839717816,0.8557460076461991,0.884602427482605,494995200
2010-08-02,0.906281893003143,0.9218552689086243,0.8995641328713461,0.9169696569442749,276499200
2010-08-03,0.9154423600384178,0.9184958819401917,0.9007855247992067,0.9097936153411865,295987200
2010-08-04,0.9180375978341416,0.9297943176385404,0.9104042884884779,0.9282670617103577,324870400
2010-08-05,0.9192590888446087,0.926893331021357,0.9114733615907952,0.9238398671150208,214611200
2010-08-06,0.9030759630552626,0.9242980841219128,0.8926940229670618,0.9207863211631775,395404800
2010-08-09,0.9300991620160105,0.9374276376146258,0.9218551948181372,0.9325420260429382,227161600
2010-08-10,0.9186483107647581,0.9276564014234497,0.9015486694307965,0.9180376529693604,435065600
2010-08-11,0.8871977250012022,0.8871977250012022,0.8594103179642972,0.8671969771385193,441561600
2010-08-12,0.8345248263271975,0.8603267926022129,0.8302499305559318,0.8525400757789612,439008000
2010-08-13,0.8470438402495061,0.8536091257158577,0.8406319618225098,0.8406319618225098,275264000
2010-08-16,0.8317761852106061,0.8554411692081508,0.8250584836265932,0.8438377976417542,314867200
2010-08-17,0.8557459324243278,0.880632288182687,0.8526924107777643,0.8652123212814331,326419200
2010-08-18,0.8626171320549669,0.8824644715747609,0.8552887142697274,0.8716242909431458,334668800
2010-08-19,0.8620065610996616,0.8685708564796836,0.8340666779131616,0.8455175757408142,435212800
2010-08-20,0.8429212077173128,0.8517768808029701,0.8336082256513818,0.847654402256012,342144000
2010-08-23,0.8600209927373135,0.8636852310642089,0.8308607261238411,0.8310131430625916,343635200
2010-08-24,0.8136077416561464,0.8178826381809384,0.7934545165966053,0.8009364008903503,515264000
2010-08-25,0.789179565103154,0.8226157766009697,0.7864319250581576,0.8151348829269409,487040000
2010-08-26,0.8218526832611077,0.8249062056741086,0.7943710980262915,0.7963556051254272,465657600
2010-08-27,0.8079588087035857,0.8187990476474921,0.7751333745006388,0.8163562417030334,565452800
2010-08-30,0.8081112534660793,0.8220049556369907,0.7981875548938355,0.7986458539962769,343564800
2010-08-31,0.790096001839602,0.8068898188127994,0.7829200012261059,0.7942184805870056,620857600
2010-09-01,0.8158980752911951,0.8455176336353774,0.8151349421939812,0.8397154808044434,467296000
2010-09-02,0.8429212496742025,0.8595636398445659,0.8387997610204984,0.8592577576637268,312345600
2010-09-03,0.876815712206705,0.8885715007781982,0.8700980105752625,0.8885715007781982,395308800
2010-09-07,0.8801741138370998,0.8879608310156093,0.872540861929315,0.8754419088363647,337491200
2010-09-08,0.8806324654509464,0.9039915700389403,0.8800217493504825,0.8962058424949646,337536000
2010-09-09,0.9125412809057519,0.9139160616937254,0.8992592269748162,0.9029234647750854,295078400
2010-09-10,0.9056713665057299,0.9123890698024637,0.8966632736764942,0.9094880223274231,242131200
2010-09-13,0.9244503811503262,0.9397179312714528,0.9235338412476156,0.9355954527854919,272281600
2010-09-14,0.9328480169943253,0.9526953589092854,0.9285730624228875,0.9430765509605408,358387200
2010-09-15,0.9384966859976185,0.9568177602987619,0.9326945339213029,0.955138087272644,304512000
2010-09-16,0.9523905393715856,0.9639939134970661,0.9465883863800545,0.9624666571617126,286163200
2010-09-17,0.9749863123913423,0.9752912044810623,0.9597187609171162,0.9687259197235107,450144000
2010-09-20,0.9763604308853473,1.006743125295746,0.9742224582376224,1.002468228340149,360742400
2010-09-21,1.0033834413071219,1.016818843864558,0.9942229342687715,1.0001775026321411,645292800
2010-09-22,0.9942230215546005,1.0107118890783717,0.9862838293374357,0.9968182444572449,479168000
2010-09-23,0.9846040517050944,1.016360584234416,0.982314711242448,0.9960549473762512,544032000
2010-09-24,1.0192621146972558,1.0378890183786065,1.0160561747426446,1.0362093448638916,392294400
2010-09-27,1.036209101344125,1.0404839975648643,1.0241474874814185,1.0255212783813477,381331200
2010-09-28,1.030712767901544,1.0317817249158934,0.9925434194990153,1.0270485877990723,636076800
2010-09-29,1.0215522027410993,1.0311709516217475,1.0140712512883854,1.0210938453674316,341593600
2010-09-30,1.0325444817062022,1.0443003261531894,0.998955922066827,1.0120855569839478,517926400
2010-10-01,1.0287281019607608,1.0313233246478921,1.0004823412155868,1.00994873046875,369107200
2010-10-04,1.003841774879704,1.0110177759063057,0.976512609914241,0.9878111481666565,388454400
2010-10-05,1.010407368161439,1.0395676418549349,1.0088801698663319,1.0352927446365356,366233600
2010-10-06,1.033155358911658,1.0377352047771389,1.004910646431173,1.018803358078003,479635200
2010-10-07,1.030102086119777,1.0308651609409911,1.0084217221794132,1.0244532823562622,370163200
2010-10-08,1.026590106459692,1.044300521700799,1.0120857464992685,1.0369720458984375,446214400
2010-10-11,1.0401780697519856,1.0504076513472438,1.0339186668052598,1.0400257110595703,250835200
2010-10-12,1.0369720706972465,1.0586525482985552,1.019109296349001,1.0552932024002075,415667200
2010-10-13,1.0664381497533828,1.0812483913183717,1.061247704406019,1.0716296434402466,349728000
2010-10-14,1.072545354428646,1.076515416712212,1.0566670854915137,1.067507266998291,357203200
2010-10-15,1.0939196689262842,1.1125465631484985,1.076362663289236,1.1125465631484985,483948800
2010-10-18,1.1139206361562877,1.1221655945589428,1.105370843879118,1.1093409061431885,383520000
2010-10-19,1.0829272270202637,1.1015541248879226,1.0664382430268793,1.0829272270202637,562809600
2010-10-20,1.0899509224704507,1.11529465252945,1.0858285011072577,1.0988056659698486,411257600
2010-10-21,1.1130051585384533,1.1218599017478792,1.0821641687786634,1.1032339334487915,427968000
2010-10-22,1.104301543942249,1.120790407287335,1.1003324147682498,1.11850106716156,251724800
2010-10-25,1.1270512273358524,1.1438450464644117,1.1270512273358524,1.127661943435669,336550400
2010-10-26,1.1171261659423561,1.1403329028797595,1.1087297837777281,1.134379267692566,317593600
2010-10-27,1.1238441787154965,1.1438448657395037,1.119569283174391,1.1424710750579834,347468800
2010-10-28,1.1517844790330938,1.1533116772881835,1.127508771097123,1.146898865699768,349484800
2010-10-29,1.1456772458809323,1.1551436370559167,1.1412498742857362,1.1430820226669312,281113600
2010-11-01,1.1505626026612654,1.1667466346720985,1.13315807052513,1.1433866024017334,355564800
2010-11-02,1.1627767832536924,1.1742276798932867,1.158960128326293,1.1673574447631836,269388800
2010-11-03,1.1704105200210055,1.1794176167551509,1.1491884088528679,1.1788069009780884,482003200
2010-11-04,1.2052211530877521,1.216060402991257,1.2000296584990755,1.2065949440002441,448454400
2010-11-05,1.2082746041180916,1.213617525492197,1.2004878864888089,1.206899881362915,332531200
2010-11-08,1.2030830704743698,1.213617368536648,1.1972817924499584,1.2099531888961792,171699200
2010-11-09,1.2195722414505488,1.2239996133776514,1.186594383492127,1.194685935974121,302252800
2010-11-10,1.2006400768309853,1.2116327310483401,1.1815558730241043,1.190868854522705,310252800
2010-11-11,1.172548283304477,1.1980453054395632,1.1618613907281024,1.193770408630371,301350400
2010-11-12,1.1820146783089036,1.1913276642549524,1.1371276748663424,1.1536165475845337,396966400
2010-11-15,1.166593311588054,1.171174089540018,1.1453722397876507,1.1464401483535767,227020800
2010-11-16,1.1288831105806039,1.1429292281318844,1.0988053206061748,1.1079658269882202,441824000
2010-11-17,1.1094933106262008,1.1262871301416082,1.10399698208343,1.1140731573104858,332787200
2010-11-18,1.138807045283448,1.165830329247571,1.137737971811077,1.1497995853424072,310598400
2010-11-19,1.1470511786505628,1.1575865281942288,1.1378906685764576,1.1514794826507568,284230400
2010-11-22,1.142929452404509,1.1716324090957642,1.1389593902211677,1.1716324090957642,387603200
2010-11-23,1.1479676179346263,1.151021082041833,1.1212491663445276,1.1349904537200928,390035200
2010-11-24,1.156669943937519,1.185678786271407,1.1554485116403745,1.1797242164611816,253817600
2010-11-26,1.165830284381049,1.1800288794888676,1.1598757154330883,1.1638457775115967,118848000
2010-11-29,1.1607923138122853,1.1698004639657935,1.1345321029994897,1.1633875370025635,345734400
2010-11-30,1.1383487567849657,1.1485783391666315,1.1252192338085225,1.1334631443023682,450963200
2010-12-01,1.168425535283164,1.193770194144484,1.1668992692660862,1.1815561056137085,319737600
2010-12-02,1.1856784783788301,1.2098006534026235,1.1835404482441454,1.2064423561096191,276473600
2010-12-03,1.1960603541580626,1.2152969167295187,1.1960603541580626,1.2119386196136475,241017600
2010-12-06,1.212243338426543,1.216059992474622,1.204151789561748,1.2108694314956665,209593600
2010-12-07,1.2398779118287393,1.2407945102781692,1.210106924651326,1.2133128643035889,341574400
2010-12-08,1.2194195461038553,1.2247633985027206,1.203693638114806,1.2227778434753418,271334400
2010-12-09,1.236213478549059,1.2381989172804846,1.2160603144471176,1.2238470315933228,268787200
2010-12-10,1.2308704900137835,1.2426262202633795,1.222473057266502,1.2401834726333618,274688000
2010-12-13,1.2501072625178784,1.2510238608820268,1.2301065713608768,1.2319387197494507,296960000
2010-12-14,1.2371298439300626,1.2458321101799894,1.2282741706655704,1.2345346212387085,254560000
2010-12-15,1.2348396841186249,1.249802403717091,1.218961414513978,1.2249161005020142,233241600
2010-12-16,1.2269000392004488,1.2473590778953407,1.2209454724530329,1.2423200607299805,231820800
2010-12-17,1.2467488119105128,1.253313048521651,1.2414048425872033,1.246138095855713,209881600
2010-12-20,1.2499548334888544,1.2571308349686894,1.2301065021548778,1.248733401298523,289990400
2010-12-21,1.2578936252707087,1.2624734707788208,1.2511758662253902,1.2618627548217773,141920000
2010-12-22,1.2615579073552199,1.2661377532366163,1.2580462029543769,1.2630841732025146,129344000
2010-12-23,1.257588042618878,1.26186293845814,1.2502595665500176,1.2563666105270386,136089600
2010-12-27,1.2511761822741791,1.2612523574587784,1.2316337326409763,1.25652015209198,159072000
2010-12-28,1.2620166452688233,1.2644593935505888,1.2469014486623182,1.2528561353683472,108262400
2010-12-29,1.259573354326949,1.2627792929188668,1.2554509340709248,1.257893681526184,81356800
2010-12-30,1.258352226959096,1.258352226959096,1.2473596860262925,1.2514811754226685,109811200
2010-12-31,1.248885941643515,1.249954898709655,1.231481405639537,1.2432371377944946,111283200
2011-01-03,1.2659853035125783,1.298658435810623,1.2656804696728001,1.2814053297042847,231584000
2011-01-04,1.2914823579274424,1.2925513147406686,1.2636948389630718,1.2791157960891724,282304000
2011-01-05,1.2723981212977722,1.3018642639785898,1.270565973396162,1.301405906677246,259660800
2011-01-06,1.3040012762021327,1.3116356343402997,1.2986584718646732,1.3093452453613281,214099200
2011-01-07,1.313926037439707,1.3151473530427482,1.2820160950928976,1.3076655864715576,232908800
2011-01-10,1.3004901969077765,1.321254071309643,1.2939249137063917,1.3163684606552124,214297600
2011-01-11,1.3278189636282745,1.3301093530004413,1.3110251433703202,1.3198797702789307,201600000
2011-01-12,1.3330104884282634,1.3395757750254773,1.3224761871314512,1.338506817817688,180627200
2011-01-13,1.340796934090458,1.3473612874917331,1.3327044509354549,1.3415601253509521,200313600
2011-01-14,1.341102118547737,1.3614077638581532,1.3346902386473378,1.3607970476150513,199692800
2011-01-18,1.3375900942808152,1.3713320713158892,1.336063828206454,1.3681252002716064,229184000
2011-01-19,1.3717893912472219,1.3731642304915517,1.3276664050237896,1.337437629699707,280384000
2011-01-20,1.3256817948247563,1.3298042155575018,1.2975894387065798,1.3165212869644165,308268800
2011-01-21,1.3310255239247555,1.3353004194300073,1.2960621203892806,1.2968262434005737,219827200
2011-01-24,1.3009477650036412,1.3337732556932784,1.2977418262574394,1.3333150148391724,240300800
2011-01-25,1.3204902993128367,1.3378957651029582,1.3146891374484662,1.3362160921096802,267814400
2011-01-26,1.3420186059987662,1.3585075937510296,1.33316293000127,1.3517898321151733,258854400
2011-01-27,1.359728465893984,1.3756066144292989,1.355605929448998,1.3679723739624023,253420800
2011-01-28,1.3664464497011795,1.3695000301687528,1.2862910981286833,1.298505187034607,471219200
2011-01-31,1.3020166367512251,1.318353143448213,1.2826266666672983,1.3114830255508423,261798400
2011-02-01,1.3299566654155413,1.366292930450235,1.3279721586006141,1.3597286939620972,277062400
2011-02-02,1.3537740566070349,1.365682262739791,1.3501098766993922,1.3554537296295166,237203200
2011-02-03,1.3507205361720613,1.3640035809080888,1.3291935820385012,1.3594228029251099,224467200
2011-02-04,1.361254995874411,1.3772856226636496,1.3531633284120823,1.375911831855774,207417600
2011-02-07,1.3809500061383189,1.403546037742386,1.3768285166248633,1.3891949653625488,230598400
2011-02-08,1.3887362527190896,1.4088894128799438,1.3843088824647538,1.4088894128799438,187001600
2011-02-09,1.4015614912658256,1.4110277660413852,1.3931640570836181,1.4026304483413696,212659200
2011-02-10,1.3855305623091692,1.4099586219543505,1.380644950380133,1.4076682329177856,349913600
2011-02-11,1.3982025489472383,1.4279735222578738,1.394080012765748,1.4267520904541016,282272000
2011-02-14,1.4262954322662669,1.4369823247731888,1.4236992769675183,1.4336239099502563,137292800
2011-02-15,1.4278211388200128,1.4324019160658514,1.4162178853854661,1.4301115274429321,176262400
2011-02-16,1.4360664687724383,1.4557612751439815,1.4357605865774319,1.44904363155365,256160000
2011-02-17,1.4337760933265409,1.4525553499701982,1.4316380629599963,1.4478222131729126,205248000
2011-02-18,1.4475167551548163,1.4520975346063865,1.429653975048597,1.4418680667877197,169043200
2011-02-22,1.4032408561387515,1.4107216903087199,1.352552593108852,1.3565216064453125,346508800
2011-02-23,1.3551481967702776,1.3658359044670405,1.313620429073839,1.3345366716384888,460089600
2011-02-24,1.340338628368839,1.3563692550116813,1.3145366613454779,1.3475146293640137,402124800
2011-02-25,1.3630870222910274,1.3896531125351026,1.3611025154313425,1.3858354091644287,247705600
2011-02-28,1.3971338777908462,1.4052254283363566,1.3756068076224797,1.3928589820861816,274624000
2011-03-01,1.4021716393284611,1.4040037871356081,1.3398801281534747,1.3484299182891846,545312000
2011-03-02,1.3458350279115978,1.3788128812009388,1.344155354830227,1.3615608215332031,486470400
2011-03-03,1.3865993190735488,1.4192714000441415,1.3865993190735488,1.4149965047836304,271564800
2011-03-04,1.4143859840472013,1.4148442249266604,1.3821712075889543,1.3994243144989014,289286400
2011-03-07,1.411332696199895,1.4137754442123247,1.33759015117539,1.3632396459579468,308518400
2011-03-08,1.3580487318320598,1.3855303678777522,1.3423229413179887,1.3734687566757202,315264000
2011-03-09,1.3630866964074915,1.3662926346149686,1.3400324328474844,1.3542320728302002,336588800
2011-03-10,1.3240019253641544,1.3301089685255634,1.3015583757588987,1.3133151531219482,515859200
2011-03-11,1.2977417721145454,1.3363684226713033,1.2962155063136191,1.3282768726348877,324524800
2011-03-14,1.314383101598903,1.333620713303186,1.2991155514714239,1.3186581134796143,322336000
2011-03-15,1.2417097219469042,1.2971311232917981,1.2339239371890491,1.2827801704406738,474329600
2011-03-16,1.2604893383363946,1.2746879365734014,1.2021677472138286,1.220946192741394,709523200
2011-03-17,1.2580464580455168,1.2684283993022485,1.2404885148919593,1.2421681880950928,315584000
2011-03-18,1.2710235665872553,1.2710235665872553,1.2348396566578328,1.237130045890808,273683200
2011-03-21,1.2740773205414804,1.296673355594088,1.2696500645898985,1.2824747562408447,217376000
2011-03-22,1.2870547273510793,1.2888867584463954,1.273465804435853,1.2809476852416992,159833600
2011-03-23,1.2699557063472455,1.3007956505299814,1.2530084778693558,1.2937730550765991,208262400
2011-03-24,1.3122463196184564,1.3450718136509943,1.2989633905694746,1.3427814245224,195564800
2011-03-25,1.3479721755302763,1.3640038533330539,1.3424758465602558,1.3461400270462036,219187200
2011-03-28,1.3575903986913618,1.3583535897528056,1.330108880996704,1.330108880996704,147897600
2011-03-29,1.325375804749016,1.3562167882919312,1.3172842544873091,1.3562167882919312,122169600
2011-03-30,1.3687361561569527,1.3737751763770512,1.3571327812326552,1.3695002794265747,169632000
2011-03-31,1.3650720291633978,1.3762180963379755,1.3606447729357085,1.373621940612793,144960000
2011-04-01,1.3882785334194485,1.3962176106847861,1.3670573404017352,1.3746906518936157,171475200
2011-04-04,1.3821712369447532,1.3852247007651068,1.35423240408327,1.3664463758468628,168844800
2011-04-05,1.3604921383280433,1.3763704103228183,1.3533161355072967,1.3580492734909058,168787200
2011-04-06,1.379118037662506,1.3878212382434,1.3493470509089263,1.3646146059036255,207411200
2011-04-07,1.3640035390853882,1.3814080720578321,1.3440027350115855,1.3640035390853882,231155200
2011-04-08,1.3760643765200575,1.379576198180593,1.3359114500525746,1.350720763206482,157676800
2011-04-11,1.3606444447246557,1.3667513730954148,1.3322472510970642,1.3417125940322876,182732800
2011-04-12,1.3298042470783784,1.3360637664643042,1.3127046630623396,1.3238496780395508,247161600
2011-04-13,1.3415601998483457,1.3520944995824835,1.3243080228231996,1.3456826210021973,251180800
2011-04-14,1.326444709419539,1.343696882599435,1.3154521712036187,1.3398802280426025,211500800
2011-04-15,1.329804105048897,1.345834846869593,1.3180474434004585,1.3356053829193115,192992000
2011-04-18,1.3094972953381343,1.3174364854529255,1.273161039304525,1.3163684606552124,336262400
2011-04-19,1.3235440411736386,1.3330103158950806,1.31010851930193,1.3330103158950806,183955200
2011-04-20,1.379728528562696,1.395606680660315,1.3765225894795294,1.3924007415771484,226995200
2011-04-21,1.4217147434619988,1.4217147434619988,1.4069054296483239,1.4145387411117554,168262400
2011-04-25,1.4178977694940822,1.4241571720156927,1.4125538003687785,1.4226309061050415,126009600
2011-04-26,1.4298061463316027,1.4484330457861216,1.4235466265776948,1.43759286403656,147200000
2011-04-27,1.4435473146994435,1.461257614369483,1.4307225105060835,1.457745909690857,159257600
2011-04-28,1.4495018058235922,1.457745831473518,1.4409520144748877,1.4540815353393555,193920000
2011-04-29,1.448585223963154,1.46079931158382,1.4456842354625847,1.4528602361679077,131334400
2011-05-02,1.4563718988054823,1.4641586153160724,1.4386616003953392,1.4466006755828857,219321600
2011-05-03,1.4447688123772866,1.4470592017164348,1.4146920620913657,1.431638240814209,240217600
2011-05-04,1.4336232356760248,1.4411040685606393,1.4035454488115144,1.4285842180252075,283552000
2011-05-05,1.4139278303052678,1.4456843678411473,1.40247786468629,1.411332607269287,299654400
2011-05-06,1.4407985036408921,1.4569825353084107,1.4139275830040356,1.4223250150680542,284672000
2011-05-09,1.4255309584335203,1.4427839469651011,1.4149965445794783,1.4325544834136963,155622400
2011-05-10,1.440493630444227,1.4601885520279825,1.4359129691559618,1.4560661315917969,228844800
2011-05-11,1.4519450204506448,1.4623269632057945,1.4149970969010934,1.4346920251846313,284064000
2011-05-12,1.4240047160199625,1.4553028913108874,1.409195406542162,1.4508755207061768,236800000
2011-05-13,1.4447686349581836,1.4496542469326994,1.416523920054801,1.4172871112823486,263264000
2011-05-16,1.404920397182712,1.4125535893102095,1.3618653310353515,1.3679723739624023,279456000
2011-05-17,1.3542323066678605,1.3766748098525845,1.3488883376790313,1.3749961853027344,345625600
2011-05-18,1.3722474935905566,1.4032409540963497,1.368583313827664,1.3992708921432495,196480000
2011-05-19,1.407974250501211,1.413012338083741,1.3901105421950795,1.4069052934646606,259456000
2011-05-20,1.403240886688972,1.4067525911167673,1.381866292214881,1.3855304718017578,274259200
2011-05-23,1.3487359496486537,1.3557585430345023,1.3320935599921144,1.345987319946289,307392000
2011-05-24,1.3513316237216753,1.3517898647209974,1.3281248737737974,1.328735589981079,289401600
2011-05-25,1.3241542161630309,1.350414418873675,1.3232386664331393,1.3386586904525757,205920000
2011-05-26,1.3302616505761065,1.3623240717759484,1.3298043415051668,1.355758786201477,232396800
2011-05-27,1.3598810543826947,1.371178544065071,1.3569799493292427,1.3690415620803833,130086400
2011-05-31,1.394080068825931,1.4119429563842179,1.3800339519641573,1.4114845991134644,182912000
2011-06-01,1.4059887685865673,1.4127065296667491,1.3496518061140832,1.350720763206482,361216000
2011-06-02,1.3560646480041336,1.3667514236012965,1.3421710010560073,1.3571326732635498,296288000
2011-06-03,1.326140380051785,1.3462935491703207,1.3125515657329783,1.3168264627456665,244384000
2011-06-06,1.3108723898385106,1.324307792638686,1.2937726909710583,1.293925166130066,275699200
2011-06-07,1.3017122874760179,1.311483513730003,1.288429239221563,1.2902613878250122,183795200
2011-06-08,1.2847649347696437,1.2884291151414637,1.2641535270507511,1.2707188129425049,291296000
2011-06-09,1.2705661745926837,1.2875124679060694,1.2636950073422415,1.2743828296661377,167129600
2011-06-10,1.2638481252006672,1.2690386863864973,1.2342285776012505,1.2368239164352417,212140800
2011-06-13,1.2397250443817158,1.2493439086349525,1.2275110739658468,1.2349919080734253,286105600
2011-06-14,1.2546879980182504,1.2740770405212525,1.2543822322763358,1.2659854888916016,162387200
2011-06-15,1.2444585794174916,1.259420251025981,1.2154497378883677,1.2215567827224731,301126400
2011-06-16,1.2220152685018388,1.2298019881018694,1.1896480059336734,1.2111750841140747,307782400
2011-06-17,1.2327024799607849,1.236213368989844,1.1962128100493965,1.2029305696487427,244172800
2011-06-20,1.1971284527652901,1.223083826852794,1.1963653780227892,1.214686393737793,181664000
2011-06-21,1.2244576097103606,1.2699554313274286,1.2139233111238747,1.2664436101913452,245536000
2011-06-22,1.2568251763430711,1.271177181855993,1.2482753824540955,1.2494966983795166,193638400
2011-06-23,1.222777861960145,1.2734661262579723,1.2142280707356488,1.2727030515670776,350662400
2011-06-24,1.2594198004471004,1.262473380012779,1.2235417839388674,1.2282739877700806,237824000
2011-06-27,1.2304123996853533,1.27957335696634,1.2258316212269538,1.2681235074996948,214291200
2011-06-28,1.273466351731168,1.3055287733928465,1.269497337592693,1.3047655820846558,187424000
2011-06-29,1.3120939070797812,1.3209485326833665,1.2971311891100044,1.3162153959274292,217228800
2011-06-30,1.3253756402759471,1.3523999657582866,1.3236970159654784,1.350109577178955,181779200
2011-07-01,1.3528575096202304,1.3945386752017914,1.3446134837924422,1.3914850950241089,223680000
2011-07-05,1.393469909497071,1.4075160307951908,1.3876676986757324,1.4046149253845215,235436800
2011-07-06,1.4024779601862285,1.418661063928899,1.3927067351224731,1.4127064943313599,225888000
2011-07-07,1.4348450951595495,1.4606469466049243,1.4313332738826414,1.4534709453582764,203776000
2011-07-08,1.4282797932039188,1.4447686611150723,1.412401524878729,1.4444628953933716,202688000
2011-07-11,1.414233437752329,1.4287379140312702,1.3824770202528593,1.3937745094299316,306022400
2011-07-12,1.3924007557472957,1.3978970840224763,1.36873588605352,1.3705679178237915,287379200
2011-07-13,1.3910268364837617,1.4104169247630203,1.3728581802600606,1.382477045059204,294278400
2011-07-14,1.3905688557728197,1.4029353043585906,1.3404912969479585,1.350720763206482,309606400
2011-07-15,1.3806450843942533,1.3864462467936949,1.3612551099650365,1.386293888092041,222656000
2011-07-18,1.3722473539612212,1.383545890772629,1.3450715994894926,1.3719425201416016,257024000
2011-07-19,1.3994247069383068,1.4369824148489887,1.3977450334927475,1.4346920251846313,157337600
2011-07-20,1.4496543076996045,1.4510282150418303,1.4172871706924814,1.421256184577942,195539200
2011-07-21,1.4247678813671492,1.4566767746794809,1.409500330080968,1.4420199394226074,167936000
2011-07-22,1.439882979578829,1.4748454535740543,1.4375927070721604,1.470723032951355,166470400
2011-07-25,1.4476697596450758,1.48064772828054,1.4417151906463441,1.4656850099563599,201280000
2011-07-26,1.4623267841912813,1.482174185255983,1.4568304553771547,1.470876693725586,184896000
2011-07-27,1.4527075854055471,1.454844567079837,1.3890421651639018,1.3965229988098145,263609600
2011-07-28,1.3965234177724442,1.4362190349269115,1.3865997173276654,1.4009507894515991,285440000
2011-07-29,1.3782019309915388,1.4204927570315182,1.3646140548165746,1.3910266160964966,242419200
2011-08-01,1.423546573600606,1.4307225749331514,1.3450718283851448,1.380949854850769,297760000
2011-08-02,1.3664464518817814,1.3780498247127073,1.3064442653707773,1.3096511363983154,391955200
2011-08-03,1.3134676398483185,1.3369792166700447,1.2664435543474961,1.3328577280044556,579257600
2011-08-04,1.2957572152628036,1.3000321105328358,1.2107172012329102,1.2107172012329102,667404800
2011-08-05,1.2375879419974851,1.2482747126959264,1.1275081234356699,1.194380521774292,1010163200
2011-08-08,1.1223181182427464,1.1630826909103722,1.0520873957596788,1.054530143737793,886297600
2011-08-09,1.080027087622048,1.1539221016399452,1.0236891997095678,1.1520899534225464,622208000
2011-08-10,1.1003327584084548,1.1334630870585631,1.0554456499812785,1.0577360391616821,704128000
2011-08-11,1.0875080402870376,1.1756015333066097,1.0778891747742996,1.1507152318954468,532646400
2011-08-12,1.1649143045401813,1.185067461158285,1.1412493280285467,1.1699522733688354,450003200
2011-08-15,1.1800287552343611,1.2050675286525219,1.1693419824414315,1.2043043375015259,247948800
2011-08-16,1.1809452431705751,1.204762701205393,1.1531578399364268,1.1839988231658936,391424000
2011-08-17,1.1881212825116683,1.2075103221760222,1.1465935250698567,1.1710216999053955,366169600
2011-08-18,1.1072028945000256,1.107813610599097,1.0355983829605102,1.0569729804992676,450176000
2011-08-19,1.0348351781931462,1.0858283992914928,1.01651416138853,1.0183463096618652,312012800
2011-08-22,1.0658277403057854,1.0675074136324503,1.018957050184423,1.0249106884002686,410553600
2011-08-23,1.03941513921884,1.1096458666834217,1.0307128707699602,1.1082720756530762,473881600
2011-08-24,1.1052185266862788,1.1311728575845283,1.085523599783574,1.1253716945648193,455878400
2011-08-25,1.1247606780944353,1.1360581671995025,1.0818591303695662,1.089950680732727,446668800
2011-08-26,1.0832331235186639,1.1525473655021972,1.0610954501673475,1.1430820226669312,427737600
2011-08-29,1.1672041272406952,1.2105640375865272,1.167051768544857,1.2091901302337646,255494400
2011-08-30,1.1991143780036817,1.238962477174653,1.185678970098657,1.223694920539856,342342400
2011-08-31,1.2385037998274522,1.2585044876629765,1.2076637469888258,1.2293431758880615,412832000
2011-09-01,1.2346872039651131,1.254077176698892,1.2010985197077124,1.2052210569381714,249267200
2011-09-02,1.1635398201651803,1.1733110435319332,1.1363640638249461,1.1488829851150513,272672000
2011-09-06,1.0957516285004452,1.152700332309032,1.090255301938205,1.1493409872055054,393312000
2011-09-07,1.1814036929521137,1.208274500120818,1.175907365012566,1.2070531845092773,299020800
2011-09-08,1.1957546407690949,1.231022880776559,1.1888845220826636,1.1959071159362793,375699200
2011-09-09,1.1792654393622806,1.1896473772290312,1.1293403729612848,1.1427757740020752,420704000
2011-09-12,1.1185013636519705,1.1734645278301414,1.1169741658120649,1.1731586456298828,431276800
2011-09-13,1.1814037182924337,1.2087318350688536,1.1698003461175956,1.2032355070114136,350265600
2011-09-14,1.2159079165781563,1.2655272310668784,1.192090571074971,1.2377407550811768,341222400
2011-09-15,1.265222321671825,1.2788102008035032,1.239572829398442,1.2743828296661377,423833600
2011-09-16,1.2821695183784327,1.300490533960331,1.275604233475501,1.2960622310638428,379180800
2011-09-19,1.2665965222071462,1.3125516686985834,1.2447636779447484,1.2989637851715088,399872000
2011-09-20,1.3123988494709218,1.3330102558077244,1.2823219842146856,1.2878183126449585,384742400
2011-09-21,1.2998799980339075,1.3140785948817826,1.24247407913208,1.24247407913208,447129600
2011-09-22,1.1778919117586646,1.2015568972915496,1.1255239699437325,1.1621661186218262,821017600
2011-09-23,1.1432342218606573,1.1968235935553706,1.1412497150506136,1.1861358880996704,474790400
2011-09-26,1.1991142662614938,1.2181984773121584,1.1456773570904915,1.2133128643035889,395289600
2011-09-27,1.2554510287755838,1.2769779825934011,1.2227778958711044,1.2386561632156372,387289600
2011-09-28,1.249648769578784,1.2667484683106576,1.1974342400255304,1.2020139694213867,356844800
2011-09-29,1.238198659840727,1.242167789245661,1.1339211562963907,1.1742274761199951,512838400
2011-09-30,1.144608032457987,1.1667466327084701,1.1123941908770512,1.1137679815292358,522976000
2011-10-03,1.0937673872989817,1.1288832685003434,1.054988258186048,1.0555989742279053,422918400
2011-10-04,1.0345295094655167,1.1038446857254849,1.0133073853943453,1.0988056659698486,844800000
2011-10-05,1.094073508790032,1.162013848712608,1.07712628052444,1.1552960872650146,623596800
2011-10-06,1.1537686672627627,1.1945332361201013,1.1423187021533838,1.1934642791748047,403289600
2011-10-07,1.1933122322750693,1.2049154909620803,1.1635401952362072,1.1785029172897339,429734400
2011-10-10,1.2181980612539571,1.2595733407340295,1.215144597847294,1.2591150999069214,199020800
2011-10-11,1.2537713006098334,1.2836956858892246,1.250107004588724,1.2749934196472168,214009600
2011-10-12,1.3014061716883383,1.3183533976265691,1.2879707671204352,1.2896504402160645,263923200
2011-10-13,1.284764771873082,1.3169795492474219,1.2824743827858847,1.3137726783752441,256140800
2011-10-14,1.3467504603144074,1.3626287277277842,1.3320936249671762,1.3611024618148804,201920000
2011-10-17,1.3488886070372748,1.3578967574422136,1.3061395256800246,1.3214070796966553,243449600
2011-10-18,1.316521213640493,1.3667511212172425,1.291634797871026,1.3522467613220215,351449600
2011-10-19,1.3391172684467447,1.346293269828745,1.2920931780997593,1.3001848459243774,264595200
2011-10-20,1.298352594959498,1.3029333729360792,1.2513285083322871,1.288581371307373,275187200
2011-10-21,1.31499440440152,1.3363690074148953,1.2965209074456112,1.3197276592254639,198899200
2011-10-24,1.3299565988563766,1.3820186537992751,1.3269031352745835,1.3742320537567139,256755200
2011-10-25,1.364461102348885,1.3667513752147593,1.3148417850896603,1.321101188659668,262771200
2011-10-26,1.3359111224224625,1.3404909681946464,1.2694970686888731,1.3172842264175415,344857600
2011-10-27,1.3806451427785493,1.4058363971546757,1.3530111403385865,1.3907212018966675,324787200
2011-10-28,1.3733162853950314,1.397286100861663,1.3733162853950314,1.3936219215393066,178976000
2011-10-31,1.368583336536661,1.3798818746851986,1.3455290676971314,1.3476670980453491,198496000
2011-11-01,1.2835434363948708,1.3015586880497074,1.2626271958516675,1.2766733169555664,396505600
2011-11-02,1.303085743067016,1.3102617439444084,1.2751458626259087,1.29728364944458,259494400
2011-11-03,1.319879881933839,1.356064728980826,1.2893447711995158,1.3517898321151733,260204800
2011-11-04,1.3378957533550473,1.3496516004899333,1.3114831869731198,1.3383541107177734,168108800
2011-11-07,1.3356052611458757,1.359575075871763,1.309345057769165,1.3568273782730103,202124800
2011-11-08,1.3762175805805503,1.3933172805887608,1.3465980267839972,1.387973427772522,266240000
2011-11-09,1.3337732712831671,1.3385064078066506,1.2826267655119932,1.29209303855896,295443200
2011-11-10,1.3171319675415651,1.3186582334681058,1.2649163868992435,1.288581371307373,219596800
2011-11-11,1.312246275539654,1.345376718809665,1.3085820956892726,1.336674451828003,183942400
2011-11-14,1.3308724227095903,1.3450719514975034,1.311483379253793,1.3214070796966553,161331200
2011-11-15,1.3128567208555302,1.3611022309453527,1.31087221441063,1.350109577178955,155987200
2011-11-16,1.331941586820795,1.3507209653966987,1.3014064740414322,1.3043075799942017,224742400
2011-11-17,1.2998801771470772,1.300337486297623,1.2290387264786813,1.2465957403182983,349638400
2011-11-18,1.2459849372365668,1.2484276854605927,1.221710279643198,1.225374460220337,234368000
2011-11-21,1.1940749445039438,1.1963653334679194,1.154074500432077,1.1789608001708984,320736000
2011-11-22,1.1723956658001073,1.1933120228072838,1.1588077856350372,1.1849145889282227,261612800
2011-11-23,1.1691897839021776,1.1714791249324636,1.1313261985778809,1.1313261985778809,258707200
2011-11-25,1.123233785298442,1.1488832823936304,1.1149897575378418,1.1149897575378418,103091200
2011-11-28,1.1691896491847278,1.1956022164731033,1.168273050909995,1.1916322708129883,236576000
2011-11-29,1.1901059425983516,1.2093426260626314,1.1714790433743878,1.177433729171753,238483200
2011-11-30,1.2410989659851548,1.266901862597793,1.2337704904645013,1.264305591583252,223404800
2011-12-01,1.2641533827522105,1.2887338019384527,1.2630843092991209,1.2820161581039429,221132800
2011-12-02,1.3082762401337837,1.3082762401337837,1.2727030515670776,1.2727030515670776,166988800
2011-12-05,1.313925988671165,1.3198795088876754,1.2884288569235443,1.3020167350769043,181081600
2011-12-06,1.3050703959830452,1.3122462805411117,1.2869017388675825,1.2957574129104614,179238400
2011-12-07,1.2885815139523837,1.3070550063904045,1.2624737789822031,1.2969788312911987,205849600
2011-12-08,1.2798792933094172,1.2994217434955795,1.2475120373872164,1.2525501251220703,259174400
2011-12-09,1.2585044727855037,1.2998797551868662,1.2574355159051571,1.29209303855896,206336000
2011-12-12,1.2647640931864774,1.2662914076717051,1.2414049876161137,1.2638485431671143,189075200
2011-12-13,1.279879149217565,1.2898028483817254,1.2252208189964364,1.2346872091293335,244780800
2011-12-14,1.2253740578012586,1.2279692803732885,1.182624871338953,1.1975866556167603,289203200
2011-12-15,1.2188089980377845,1.219877955036316,1.1865942194236598,1.1899535655975342,205100800
2011-12-16,1.2033889443107888,1.234687240434031,1.1981975664651168,1.2007927894592285,219481600
2011-12-19,1.2114802644297895,1.2165183507642452,1.1720894927724592,1.1794179677963257,152716800
2011-12-20,1.2166707556226275,1.2508700319665949,1.215449323775519,1.2481223344802856,204902400
2011-12-21,1.233160164984692,1.2334660472514274,1.1838467251842126,1.2116332054138184,263955200
2011-12-22,1.2174350544625765,1.2339240389124153,1.2145340657673191,1.2323968410491943,125043200
2011-12-23,1.237435038844977,1.2545346244104092,1.2328551920788895,1.2540773153305054,83904000
2011-12-27,1.250717765545223,1.2698019715686262,1.2481225427629539,1.26140558719635,79788800
2011-12-28,1.2589626789908324,1.2618628519966373,1.2262896639782903,1.2345346212387085,158092800
2011-12-29,1.2369777653577747,1.252245319470327,1.2290385719892192,1.2496490478515625,126259200
2011-12-30,1.2446109283239,1.2560619430634319,1.2427788964256286,1.2436953783035278,80992000
2012-01-03,1.2908721180676532,1.3035444502588018,1.2844591901981068,1.289039969444275,189516800
2012-01-04,1.2856803679824873,1.3047655077811313,1.275451834505939,1.3001848459243774,125881600
2012-01-05,1.2965205200020018,1.3247652356408957,1.286291054899962,1.3223224878311157,145849600
2012-01-06,1.323391471274648,1.3374375917878456,1.3133154130029319,1.3307199478149414,173971200
2012-01-09,1.3385066511445902,1.3395756082192711,1.3146893044109977,1.3230867385864258,169088000
2012-01-10,1.352094417556068,1.359270418861401,1.3354530741400423,1.3421708345413208,133561600
2012-01-11,1.3418653529004971,1.353622136005422,1.3317892917016176,1.3482781648635864,140518400
2012-01-12,1.354079194186822,1.361713437260021,1.3339260271848457,1.3592705726623535,197670400
2012-01-13,1.3447659632707125,1.3498039337718968,1.3258341155548805,1.349651575088501,193600000
2012-01-17,1.3733166534292014,1.3847676682486867,1.3630871873540777,1.3717894554138184,157452800
2012-01-18,1.3792709130357552,1.4095001291135885,1.3734687038970093,1.4084311723709106,211724800
2012-01-19,1.4218669637075747,1.432096545907805,1.4172872335363578,1.427058458328247,187814400
2012-01-20,1.4148441825317897,1.4240048064881534,1.4128596757627472,1.4232416152954102,153158400
2012-01-23,1.4238524348647175,1.4432414762606234,1.4072100432907781,1.423546552658081,231923200
2012-01-24,1.4117905322928703,1.4259891248058705,1.40553113062856,1.4185082912445068,178534400
2012-01-25,1.4470590607550569,1.4611052974603114,1.4261417731838752,1.4536234140396118,227187200
2012-01-26,1.466448349631921,1.4716397279182718,1.430264438316768,1.4430891275405884,326771200
2012-01-27,1.437440680994303,1.4577463258517356,1.436524082480139,1.4533189535140991,177049600
2012-01-30,1.4285846390053627,1.458814909907795,1.4168289078857252,1.454998254776001,263756800
2012-01-31,1.468433599188953,1.4743872361650379,1.4400354776618063,1.4585089683532715,220172800
2012-02-01,1.473776855884216,1.4928619988296137,1.4650745870201136,1.481411099433899,232448000
2012-02-02,1.4916404485702515,1.5009533156764483,1.4798836687580834,1.4916404485702515,187366400
2012-02-03,1.5188159556964953,1.53561070366536,1.5142361099404782,1.5322513580322266,146758400
2012-02-06,1.5206478914185655,1.5308774709701538,1.5133195329632,1.5308774709701538,149721600
2012-02-07,1.527060990030129,1.5418701837669078,1.5139304208553637,1.5368322134017944,227776000
2012-02-08,1.5369845200003183,1.5522520705614755,1.525228790284714,1.5510307550430298,241804800
2012-02-09,1.5633970419085264,1.5782063501209485,1.5458391042864192,1.574847936630249,231404800
2012-02-10,1.5527106523513794,1.5611070375915177,1.541564588685278,1.5527106523513794,180582400
2012-02-13,1.5760697719716048,1.5852302804261418,1.5618711760626771,1.5800387859344482,171155200
2012-02-14,1.5727104605504698,1.5896576869475716,1.5637032424518205,1.5887421369552612,185171200
2012-02-15,1.604620187794618,1.6218723634609984,1.5623284203240149,1.5658401250839233,352332800
2012-02-16,1.5690457835403628,1.6136271167671048,1.5603435179176757,1.609962821006775,299283200
2012-02-17,1.6111844967842772,1.6128641697724302,1.586451603239167,1.6000394821166992,151673600
2012-02-21,1.6033986148310626,1.622787652976403,1.5887417809673157,1.607978343963623,133996800
2012-02-22,1.6027883097667035,1.6119488187197553,1.5898100970010265,1.5942384004592896,163104000
2012-02-23,1.5979024462880251,1.6186663254446376,1.5830922039468867,1.6156127452850342,223916800
2012-02-24,1.6243151127737119,1.6321018300257513,1.6183605437311794,1.6262996196746826,208902400
2012-02-27,1.6078262112154003,1.641262422713216,1.5942383312514805,1.6302697658538818,242604800
2012-02-28,1.6331696738657817,1.6632474660873413,1.6298112600242525,1.6632474660873413,276857600
2012-02-29,1.6663010737517867,1.6774462049451557,1.6383611928081692,1.6496587991714478,336422400
2012-03-01,1.6614153004922723,1.6782091167546338,1.65194891135528,1.6739342212677002,221427200
2012-03-02,1.6704226590235165,1.6832474639517079,1.6617203915474694,1.6721023321151733,209164800
2012-03-05,1.6698121011460556,1.6742404044415728,1.6273687878491785,1.6385138034820557,258227200
2012-03-06,1.6078260088659717,1.6133223366039104,1.5887419193563572,1.6056880950927734,280025600
2012-03-07,1.6194294665093714,1.6374447165728518,1.6157652866498924,1.6293531656265259,201158400
2012-03-08,1.6484373131389147,1.6745450450638748,1.642330269272077,1.6652320623397827,167379200
2012-03-09,1.6696593871362868,1.6850794133011815,1.6687438372790107,1.6792781352996826,130419200
2012-03-12,1.6771404393767597,1.6838581999654014,1.6637050346816613,1.6806522607803345,174617600
2012-03-13,1.6994315039856254,1.7434021307567658,1.6921031438452248,1.742333173751831,242240000
2012-03-14,1.7469137885832564,1.768440860475984,1.7339356934094454,1.7559210062026978,280025600
2012-03-15,1.7658455512656366,1.7725631948050096,1.7481351353841632,1.7641658782958984,218937600
2012-03-16,1.7705779039021545,1.7710361448185525,1.7543948009542663,1.7612649202346802,168396800
2012-03-19,1.7675238759705056,1.795769633898226,1.760043042487096,1.7888984680175781,168576000
2012-03-20,1.7692039716964152,1.7982128111623263,1.7597386294636104,1.7940903902053833,205926400
2012-03-21,1.79454837014456,1.8143956500260103,1.789815233787736,1.7950056791305542,150438400
2012-03-22,1.7721051709151368,1.7951594423818487,1.7717994051671861,1.7866096496582031,252243200
2012-03-23,1.7913416136767852,1.7922580954217944,1.7646240974270742,1.7861510515213013,216089600
2012-03-26,1.8082888295770814,1.8473737239837646,1.8055411315876693,1.8473737239837646,201772800
2012-03-27,1.8492061874563566,1.8675272057134407,1.8476799212774049,1.8519548177719116,175948800
2012-03-28,1.854854690526498,1.868595977023003,1.8157697933400914,1.837297797203064,252966400
2012-03-29,1.820197985846559,1.8366869695260113,1.7977544333988726,1.8253884315490723,182297600
2012-03-30,1.8400449001961747,1.8411139733819604,1.8020289698818,1.816075086593628,156454400
2012-04-02,1.8119533047313074,1.8585190413553596,1.8059987350539164,1.853176236152649,183846400
2012-04-03,1.8574507584432554,1.8699696795535878,1.8321061021895169,1.8534806966781616,242092800
2012-04-04,1.8250835057389538,1.8270680124485161,1.7817237173023601,1.8032506704330444,292652800
2012-04-05,1.7963809000054385,1.8281373233486287,1.7933273193594261,1.8240149021148682,162201600
2012-04-09,1.778059373145831,1.8118004126182115,1.7730203546605525,1.7976018190383911,327385600
2012-04-10,1.7962271805619423,1.8090518675981677,1.7287450984598118,1.7382104396820068,407417600
2012-04-11,1.77027288528153,1.7789751525166888,1.747066256910203,1.7565317153930664,331948800
2012-04-12,1.762791969195324,1.7995865916968883,1.75805883248374,1.7951592206954956,291372800
2012-04-13,1.7827918602897541,1.7846240085635028,1.7400427822419438,1.7418748140335083,288684800
2012-04-16,1.7597387419705155,1.7606542919915145,1.6919507661154862,1.7047755718231201,237664000
2012-04-17,1.7179048900858593,1.7826393940674348,1.7119503211937068,1.7716467380523682,135564800
2012-04-18,1.7611123254791248,1.783555878426466,1.752715008839307,1.7617230415344238,158099200
2012-04-19,1.749967492908535,1.7924108071423863,1.7104242357434263,1.7253860235214233,250995200
2012-04-20,1.741264075686298,1.7566850343287563,1.708286108279503,1.713629961013794,215340800
2012-04-23,1.6824840103100243,1.6872172631141693,1.6513383099460732,1.6843161582946777,222835200
2012-04-24,1.6763769602584944,1.6893541209068177,1.6499642816733777,1.6641628742218018,221664000
2012-04-25,1.7317987608613872,1.7540889081603508,1.7272179824756186,1.7525626420974731,207820800
2012-04-26,1.750577768607535,1.7805021520103161,1.7470659479637445,1.773478627204895,102976000
2012-04-27,1.7876773444394647,1.805235285202024,1.7692038537754644,1.794548511505127,129600000
2012-04-30,1.7823343447656812,1.7901201295313565,1.7656920711220925,1.7693562507629395,117510400
2012-05-01,1.7641659940369097,1.813937666042855,1.7589744996194578,1.7745479345321655,133696000
2012-05-02,1.7562266922388223,1.7866094370547283,1.7482876165804864,1.7827917337417603,118969600
2012-05-03,1.7866092931693502,1.7887462749951029,1.7366841047701256,1.745692253112793,190444800
2012-05-04,1.7142406058424435,1.718821383659181,1.6591249704360962,1.6591249704360962,221401600
2012-05-07,1.639430262214633,1.6780569168898627,1.638361188795227,1.661415457725525,171616000
2012-05-08,1.6401934728355627,1.6609573544420293,1.5963753203888904,1.6488957405090332,222617600
2012-05-09,1.6111846962963436,1.6575980736932299,1.598207531864345,1.6433994770050049,248121600
2012-05-10,1.6550027548897008,1.655765829679745,1.620955827763088,1.6311852931976318,356230400
2012-05-11,1.6204982838881858,1.66691165187891,1.6186662523573179,1.6321016550064087,95542400
2012-05-14,1.6049247213158941,1.6272157938136116,1.5966806971739174,1.6021770238876343,108832000
2012-05-15,1.612559579812487,1.6366817609535418,1.5853827696073919,1.5905742645263672,141740800
2012-05-16,1.6030930765974565,1.61164286906501,1.5633974618067186,1.5688937902450562,125353600
2012-05-17,1.5704206977056063,1.5750005434557313,1.502632737159729,1.502632737159729,112902400
2012-05-18,1.5117933259568432,1.5200372344900714,1.420798742307989,1.4647692441940308,150716800
2012-05-21,1.46873840390509,1.548435507094626,1.4659908223937852,1.54354989528656,112732800
2012-05-22,1.5530152544729094,1.567061372967926,1.5197324556742384,1.5408011674880981,88070400
2012-05-23,1.5172897289111555,1.5554580232469934,1.4895022088880225,1.5493510961532593,185600000
2012-05-24,1.5548476682233308,1.555764266614599,1.504770108942551,1.5291982889175415,102384000
2012-05-25,1.5298083625258398,1.5365261213571375,1.514846695671129,1.5230907201766968,51385600
2012-05-29,1.5514890003201849,1.5765277739934538,1.534389301709249,1.5612602233886719,117417600
2012-05-30,1.5343895854753773,1.547214390925908,1.516984117956908,1.5359158515930176,105878400
2012-05-31,1.531946765252635,1.5398858414088028,1.499884345450677,1.5227861404418945,114307200
2012-06-01,1.4693492570908873,1.4858382421630119,1.4406462995996285,1.440952181816101,135331200
2012-06-04,1.4501129099996866,1.4675174476793742,1.4235468141571086,1.4623268842697144,117708800
2012-06-05,1.4537769404812204,1.4806478674714798,1.451944792112956,1.475151538848877,101417600
2012-06-06,1.498663010403453,1.5453821497419231,1.4946938800642762,1.5438549518585205,126076800
2012-06-07,1.5750004599049532,1.5750004599049532,1.5279763795616816,1.5301142930984497,93830400
2012-06-08,1.5249229124720356,1.5640079212281508,1.5160682875763776,1.5612602233886719,80960000
2012-06-11,1.5832452566718151,1.5856880037706904,1.5056860852065723,1.5114872455596924,118960000
2012-06-12,1.5209539843550703,1.5453820433954,1.5017163709711652,1.54354989528656,100153600
2012-06-13,1.5350002292014266,1.5588175741521124,1.5120984342102088,1.5227861404418945,91203200
2012-06-14,1.5218692867904147,1.5459925080600552,1.5066017378123735,1.5343891382217407,118316800
2012-06-15,1.5426333096940394,1.5762218740530296,1.5414118777037067,1.5719469785690308,77667200
2012-06-18,1.560649628860242,1.6095057480054076,1.5542368191341425,1.6015666723251343,103148800
2012-06-19,1.617749618424529,1.6479798852481948,1.615612636626308,1.634238600730896,104080000
2012-06-20,1.6403459606208723,1.6510336672458628,1.6131702003658774,1.638819694519043,182857600
2012-06-21,1.632712673044332,1.6382090016180302,1.5524048431618205,1.5554583072662354,151052800
2012-06-22,1.5649248058190846,1.5921005683263614,1.5575964448720676,1.5875208377838135,86742400
2012-06-25,1.5621761972524115,1.5624820795062164,1.5182056815090514,1.525839924812317,129110400
2012-06-26,1.535610785793002,1.554542516569987,1.523090932603093,1.5466034412384033,109488000
2012-06-27,1.558511781637662,1.578054230131321,1.5542368855899467,1.5646188259124756,77593600
2012-06-28,1.5414118786110977,1.5435497922830188,1.4977471409580696,1.5310299396514893,136025600
2012-06-29,1.5875208474693168,1.62599503388138,1.5798866042261943,1.6256892681121826,102950400
2012-07-02,1.6305744009350844,1.6369872099644212,1.6113377210795266,1.636070728302002,70396800
2012-07-03,1.6369874863796143,1.662941813468933,1.6324067080443159,1.662941813468933,44665600
2012-07-05,1.6592776128133355,1.6815686914471681,1.64217791205446,1.664773941040039,105907200
2012-07-06,1.6510337372854103,1.6525600034519865,1.6003454629374694,1.622941493988037,104723200
2012-07-09,1.6186667593047734,1.6311855676983367,1.6015670552741847,1.6183608770370483,89248000
2012-07-10,1.6345444475825754,1.6427883561468288,1.5737790814223676,1.5859930515289307,134803200
2012-07-11,1.5817186131714571,1.589963572457378,1.5423288772590737,1.5676724910736084,131379200
2012-07-12,1.5450762051577063,1.5514891314086714,1.5105720876714046,1.5398857593536377,124108800
2012-07-13,1.5459928721792633,1.5924062459818533,1.5450762738882156,1.5844670534133911,109612800
2012-07-16,1.5780542191567073,1.5917955054876534,1.564313864683204,1.5765279531478882,98345600
2012-07-17,1.5951539692032324,1.6030930454140744,1.5481298785820286,1.5914896726608276,126051200
2012-07-18,1.5856885855249863,1.6452316016841437,1.5856885855249863,1.635460376739502,146134400
2012-07-19,1.657445393541792,1.6821793354306307,1.6522549477467423,1.670880913734436,137782400
2012-07-20,1.6705763653383587,1.6711870815378886,1.6262999650423688,1.6284379959106445,107200000
2012-07-23,1.5646187753187077,1.5994287751326886,1.5398857651511888,1.5899633169174194,109763200
2012-07-24,1.5945432358043954,1.598207415824842,1.54324424958941,1.5627866983413696,125699200
2012-07-25,1.5408010571692201,1.5618708158140149,1.5233965261040734,1.541106939315796,126812800
2012-07-26,1.5881311546485477,1.6012606751556024,1.5630923808242316,1.5808026790618896,124224000
2012-07-27,1.6052306448644904,1.662941498624758,1.5963749720835365,1.6601938009262085,124211200
2012-07-30,1.6666056055304714,1.6800410059170223,1.6440095831035721,1.655002236366272,121913600
2012-07-31,1.6598883688046833,1.6733237734140276,1.6507278603673037,1.6522550582885742,140627200
2012-08-01,1.677598287119001,1.6779041692658196,1.6321015210390475,1.643704891204834,114822400
2012-08-02,1.6183605910083603,1.665079847545786,1.6088952487835668,1.6324067115783691,141529600
2012-08-03,1.6830949973650733,1.708744490870211,1.6742403711472993,1.692561388015747,130505600
2012-08-06,1.7124086931663807,1.7350046049614796,1.704164667013472,1.7197370529174805,85302400
2012-08-07,1.7359211119335365,1.7624861525493924,1.7295081859571269,1.7487457990646362,83692800
2012-08-08,1.7386689588576478,1.7548531107807261,1.7340892286040892,1.7453867197036743,70172800
2012-08-09,1.7475247571651553,1.7618758298814634,1.74019639616329,1.7560746669769287,61443200
2012-08-10,1.7453865622253504,1.7603492805569168,1.7365318199254867,1.759738564491272,64825600
2012-08-13,1.760349417489171,1.767677777882601,1.7405010855706837,1.7673720121383667,57510400
2012-08-14,1.7814179984990302,1.7884415244742804,1.7597385682212117,1.7695097923278809,74710400
2012-08-15,1.7664562145340965,1.7829450813491619,1.7658454985065501,1.7783644199371338,48051200
2012-08-16,1.7924108789074553,1.8290530321312062,1.7875252662431014,1.819892406463623,93657600
2012-08-17,1.8275263404854456,1.8366868475382225,1.8201978649539237,1.8357702493667603,49180800
2012-08-20,1.8333280246179944,1.842183700365149,1.8192819020330055,1.841877818107605,58902400
2012-08-21,1.8540915962211202,1.8666114504281075,1.8128696008807874,1.8278313875198364,115910400
2012-08-22,1.8174494161217953,1.8495117181668952,1.8092053899379223,1.841572642326355,102854400
2012-08-23,1.8263053031065881,1.8369920783016371,1.8027927902232295,1.8125640153884888,95843200
2012-08-24,1.8034033806894993,1.843098994717524,1.7979070523567684,1.8333277702331543,82118400
2012-08-27,1.8510382447757712,1.8550083074248243,1.8321065101195504,1.8397407531738281,62364800
2012-08-28,1.8366872889165067,1.8501226947237932,1.8247780328269063,1.8397407531738281,64476800
2012-08-29,1.8406560585788343,1.8495117327518849,1.8247777902903617,1.8394347429275513,46963200
2012-08-30,1.8244730313609059,1.8259992974206125,1.7976021057319977,1.8027926683425903,57337600
2012-08-31,1.8296630674373158,1.8421830357190767,1.7908840603253053,1.8281368017196655,103340800
2012-09-04,1.8220303954523285,1.8366872331100839,1.7875252253496976,1.823556661605835,80265600
2012-09-05,1.8211139808276247,1.8372981346114903,1.809510606163704,1.8189769983291626,62284800
2012-09-06,1.8412665584894365,1.900504728704102,1.8412665584894365,1.8986725807189941,106201600
2012-09-07,1.8916501792903075,1.9011155210393185,1.8843217030887445,1.8934823274612427,64566400
2012-09-10,1.8861539293387146,1.8925658075504366,1.843709685791498,1.8464583158493042,68544000
2012-09-11,1.8467629823670058,1.860504267695884,1.8342440609493353,1.8403511047363281,70592000
2012-09-12,1.853786849708304,1.860504610760925,1.8284423046411582,1.8519548177719116,87795200
2012-09-13,1.8553130196300023,1.916689114851863,1.849816807623786,1.8992836475372314,103171200
2012-09-14,1.916688822637206,1.9487501903480062,1.9136353590457014,1.9350098371505737,109203200
2012-09-17,1.9368420907886308,1.9371469246428545,1.9227959711304634,1.9362313747406006,50809600
2012-09-18,1.9264602284591303,1.9411170647551337,1.9261544627351954,1.939895749092102,46108800
2012-09-19,1.9402005089034597,1.9566894927879164,1.9279864208818973,1.9460026025772095,58841600
2012-09-20,1.9264600734384003,1.9456967545611759,1.9176043998927705,1.9429490566253662,72864000
2012-09-21,1.960659445979475,1.9652392921973068,1.9402005164891665,1.9444754123687744,48915200
2012-09-24,1.9108865518831486,1.9273754168214687,1.903558076868883,1.918825626373291,54489600
2012-09-25,1.9322613048146318,1.9392849470257838,1.8647792202221822,1.8660006523132324,75536000
2012-09-26,1.8614197252011544,1.863251873190991,1.817449221784572,1.8369916677474976,82028800
2012-09-27,1.8452371084124999,1.8953146684348028,1.839435013718953,1.8864589929580688,69936000
2012-09-28,1.87363406454043,1.885543202801732,1.852259467708591,1.8574509620666504,87712000
2012-10-01,1.8748553554909775,1.8965357164170042,1.8385189745976462,1.8489009141921997,85872000
2012-10-02,1.8663055370041661,1.8769933592974282,1.832106252898406,1.8617258071899414,83744000
2012-10-03,1.871802080396821,1.890733814572832,1.8553130942682667,1.882794737815857,98425600
2012-10-04,1.8916501266692236,1.9078332281126449,1.8788254392759616,1.8968405723571777,70044800
2012-10-05,1.9151618473393093,1.9218794913172397,1.867832923209874,1.8757719993591309,76176000
2012-10-08,1.8556188518598633,1.8626414462588308,1.8342442545899647,1.8440154790878296,70921600
2012-10-09,1.8321063038981733,1.8336335017837126,1.775921705919342,1.7856929302215576,123305600
2012-10-10,1.7832502816337161,1.7930215064797486,1.7600435352627484,1.7673720121383667,108448000
2012-10-11,1.79271648973385,1.7948534718809057,1.752715109973424,1.753631591796875,87644800
2012-10-12,1.7563790519245268,1.7734787506948622,1.7466078287649547,1.7527148723602295,90560000
2012-10-15,1.7670667152514974,1.7832499319422697,1.7453863557272185,1.7774486541748047,91878400
2012-10-16,1.7835560311221708,1.8330229874968167,1.7835560311221708,1.8290529251098633,92608000
2012-10-17,1.8095102547950852,1.8382133277858745,1.8052353587706307,1.8278313875198364,83411200
2012-10-18,1.8150068543900892,1.8266102285361105,1.771036338943026,1.785999059677124,110323200
2012-10-19,1.7811132765938174,1.7820288265819688,1.6950042859397332,1.699889898300171,127084800
2012-10-22,1.6965304541363553,1.7252334105373746,1.6901185760524298,1.7182108163833618,131088000
2012-10-23,1.6892022638010764,1.713019612156442,1.6733239927367658,1.6840118169784546,132508800
2012-10-24,1.7026374846942134,1.7075230970677706,1.6669119319817347,1.669354796409607,101766400
2012-10-25,1.6956149695917524,1.7005005818586818,1.6614155672410618,1.6714917421340942,99580800
2012-10-26,1.6717976296908603,1.6953092109106693,1.6461481342998803,1.6812630891799927,95478400
2012-10-31,1.678819764417194,1.6824839437593988,1.6488953807445048,1.6601938009262085,69708800
2012-11-01,1.680347472335078,1.7142408771091737,1.6721023971103004,1.7078289985656738,67859200
2012-11-02,1.7227904324783314,1.7252332965973456,1.6669117212295532,1.6669117212295532,92390400
2012-11-05,1.6702703088535966,1.6992791485591974,1.6644691466198358,1.692561388015747,62732800
2012-11-06,1.6989732999723384,1.7224858117863762,1.6864543769473268,1.699889898300171,109587200
2012-11-07,1.6644694256360106,1.666912173936264,1.6052312359656666,1.6183608770370483,175779200
2012-11-08,1.6275208669270476,1.635460058450834,1.5698100103573571,1.5707255601882935,129654400
2012-11-09,1.5707253168450996,1.6153066461144732,1.568282569703875,1.5826345682144165,151385600
2012-11-12,1.6000396017729401,1.603398948000469,1.5719472436685078,1.5798864364624023,78038400
2012-11-13,1.5545425962129333,1.588741996346782,1.5496569842626946,1.5600389242172241,107510400
2012-11-14,1.5734747908912037,1.5768330892759495,1.5172901828515881,1.5215650796890259,147760000
2012-11-15,1.524923140813554,1.534083765733866,1.500495079484486,1.5102663040161133,160185600
2012-11-16,1.5133194981396207,1.5331677078701078,1.4760666413219217,1.5230907201766968,165094400
2012-11-19,1.557289981592699,1.5991234987255654,1.557289981592699,1.5963748693466187,113724800
2012-11-20,1.5969858258110794,1.6024821535395832,1.5673673217385717,1.5972917079925537,117488000
2012-11-21,1.6009561442304354,1.6092001712157478,1.5884362890207944,1.604925274848938,79276800
2012-11-23,1.6247732838302358,1.6531704732762504,1.621109104050904,1.652559757232666,61795200
2012-11-26,1.64645275786747,1.66904878616333,1.6348495021716563,1.66904878616333,81590400
2012-11-27,1.6650800586343673,1.678209582567516,1.65042310363638,1.6559194326400757,105158400
2012-11-28,1.6409563709973678,1.6870647879592382,1.619581777105072,1.6843161582946777,120524800
2012-11-29,1.7008050403344055,1.7160725898589833,1.6879802381630373,1.7041643857955933,120460800
2012-11-30,1.7056908056791384,1.7075228372390807,1.6892018227466423,1.7001944780349731,78684800
2012-12-03,1.725843928097357,1.728286675614556,1.6913396971690666,1.694393277168274,84460800
2012-12-04,1.6925613177203793,1.6968362137133268,1.6684380912803947,1.6873698234558105,87072000
2012-12-05,1.6858437407068272,1.6858437407068272,1.634238984496105,1.6519492864608765,128528000
2012-12-06,1.643399259562083,1.6821793208785027,1.6336280357695123,1.6730188131332397,95811200
2012-12-07,1.6904232236880214,1.6940874032226916,1.642483589976993,1.6528655290603638,84918400
2012-12-10,1.6458420017878008,1.680651998529545,1.6446205697836984,1.6632474660873413,68291200
2012-12-11,1.686454283559106,1.7252334145548782,1.6837056535496826,1.7069123983383179,106784000
2012-12-12,1.7234011318645794,1.724928446093989,1.690118448109416,1.6977516412734985,97667200
2012-12-13,1.6937825859302458,1.7163784958438801,1.6577511567880165,1.671797275543213,109872000
2012-12-14,1.6516441196991691,1.6604988612093396,1.6296588092253914,1.6406514644622803,83673600
2012-12-17,1.6424834392464425,1.6855374574661255,1.63912409385171,1.6855374574661255,72534400
2012-12-18,1.7063015980533922,1.7405008809947717,1.69225536206628,1.735310435295105,193382400
2012-12-19,1.7453865539782738,1.746607986103792,1.719126345690525,1.7200429439544678,87712000
2012-12-20,1.7264551949833764,1.7282872270853082,1.7032484455131405,1.7188218832015991,94310400
2012-12-21,1.667522571273191,1.6882864520248542,1.6525598526184606,1.6849271059036255,89622400
2012-12-24,1.674851037314648,1.6803473655077783,1.6696595429892203,1.6757665872573853,17148800
2012-12-26,1.67674609943395,1.682555943895517,1.6369910753485728,1.6492233276367188,36294400
2012-12-27,1.6501400412150724,1.6544213348126298,1.601210804876557,1.6431069374084473,121686400
2012-12-28,1.6180312394629788,1.6431074961964642,1.6097739395236124,1.610997200012207,83398400
2012-12-31,1.605492297416217,1.6856139755948778,1.6009057131864286,1.676134467124939,182608000
2013-01-02,1.7599258305803995,1.7862253424351147,1.7479988682659175,1.7843905687332153,169932800
2013-01-03,1.7850020397919417,1.7929531144996775,1.7562561247987387,1.7678768634796143,78960000
2013-01-04,1.7675704360501259,1.7678767760417604,1.7467754801366473,1.7550327777862549,59609600
2013-01-07,1.7455522675907402,1.7620658123281117,1.735154790045319,1.7583961486816406,80233600
2013-01-08,1.7550329254237809,1.7651241808942946,1.7314852238955216,1.753503441810608,89875200
2013-01-09,1.754115015829848,1.77215816230221,1.7519748354111349,1.7614543437957764,70227200
2013-01-10,1.785919172879332,1.789283546935592,1.7510569549582815,1.7831673622131348,109206400
2013-01-11,1.7816378201199394,1.7898952355491509,1.7742984915384323,1.7889772653579712,52985600
2013-01-14,1.7694056402008382,1.7825558641245727,1.7571732698497662,1.7721583843231201,67878400
2013-01-15,1.755338191986084,1.7599257092070393,1.7391307532051812,1.755338191986084,75315200
2013-01-16,1.760537219047504,1.7804143202781264,1.7535031819977778,1.7687935829162598,72732800
2013-01-17,1.7843903605784117,1.7993744218336616,1.7773562067272288,1.7850018739700317,87804800
2013-01-18,1.773993365335616,1.7810264711902255,1.7614546542991605,1.7785799503326416,60041600
2013-01-22,1.78163750040759,1.7856135040181553,1.7596194019576608,1.7850018739700317,73785600
2013-01-23,1.8033510120372354,1.815277043587664,1.7978464564701084,1.8027393817901611,91958400
2013-01-24,1.7568680587002188,1.7880604995069687,1.7495286128282928,1.7556447982788086,96988800
2013-01-25,1.7669590658166907,1.782861100127629,1.7593144470261681,1.7733815908432007,78489600
2013-01-28,1.7739931318040452,1.7926468593069627,1.7694054975021263,1.780720829963684,92531200
2013-01-29,1.7758277889139198,1.7886717875687719,1.7528917187281101,1.7739930152893066,95520000
2013-01-30,1.7868368482074957,1.798457586355737,1.765430262141738,1.7755215167999268,96940800
2013-01-31,1.7724631709472263,1.7908117212614634,1.76298366406786,1.7651238441467285,74070400
2013-02-01,1.7908123721125644,1.8131368172430904,1.7761335965202325,1.8064090013504028,76403200
2013-02-04,1.7853075541074441,1.7963166633466516,1.7431060075759888,1.7431060075759888,115728000
2013-02-05,1.7580910223819728,1.8061024109554928,1.7510568678482548,1.7972344160079956,73308800
2013-02-06,1.7837786674499512,1.7999859882283034,1.773074850345053,1.7837786674499512,75728000
2013-02-07,1.7871423046168062,1.7908120854197946,1.7476936191911812,1.7874486446380615,79718400
2013-02-08,1.80579709270059,1.8311787518241984,1.8036559789217048,1.8238393068313599,64883200
2013-02-11,1.8250625949713322,1.8278153389296927,1.8125249352296358,1.8241456747055054,52332800
2013-02-12,1.8204759197554314,1.8268973943657776,1.8064086603934828,1.8091604709625244,54332800
2013-02-13,1.819557917025215,1.8357662898016247,1.8113015522138893,1.8220044374465942,42649600
2013-02-14,1.8042675302627647,1.826591970976347,1.8036559001520294,1.819864273071289,46646400
2013-02-15,1.8201697982989793,1.8296503578813494,1.800292692056254,1.8109955787658691,61129600
2013-02-19,1.8177233180034347,1.8369897277375398,1.816806397652794,1.8363780975341797,40140800
2013-02-20,1.8366831127895857,1.8366831127895857,1.7798027992248535,1.7798027992248535,81913600
2013-02-21,1.7663474192663189,1.7700172002200871,1.7287336226967545,1.7415775060653687,129289600
2013-02-22,1.7605371343577731,1.7764391645468156,1.7483048842053144,1.7761329412460327,61004800
2013-02-25,1.7999863350929115,1.811607074522667,1.7296505016830659,1.731791615486145,153708800
2013-02-26,1.7369900066927142,1.7519751217377202,1.714666495734578,1.7443294525146484,128537600
2013-02-27,1.745246920181448,1.8024325236706449,1.7406592863490387,1.779497504234314,130291200
2013-02-28,1.7807208047055971,1.8076319469320001,1.7736867666244507,1.7736867666244507,98643200
2013-03-01,1.761760677093267,1.7944816627772564,1.7443291607938773,1.788060188293457,65846400
2013-03-04,1.7764394913729449,1.804573893547058,1.7721581971990947,1.804573893547058,86352000
2013-03-05,1.82689730900529,1.862371037497795,1.8259802721714906,1.8590075969696045,97840000
2013-03-06,1.8703217985662173,1.8703217985662173,1.843410660819916,1.8486099243164062,56294400
2013-03-07,1.8516681525734089,1.8642058111044608,1.8458573750987382,1.8590075969696045,45395200
2013-03-08,1.8700166891820709,1.8761328733503098,1.848303762925957,1.8611477613449097,46614400
2013-03-11,1.8580895767375232,1.8742979486095852,1.8464689553538884,1.87399160861969,42518400
2013-03-12,1.8626775979209362,1.8709339639885425,1.8421880446024708,1.8608428239822388,64576000
2013-03-13,1.8626774839035332,1.8690989589828413,1.8424941552175886,1.8544201850891113,63180800
2013-03-14,1.867570161819458,1.8749096061250083,1.8593128640958663,1.867570161819458,52873600
2013-03-15,1.869098996111847,1.871851740188737,1.8473871165465388,1.857172966003418,66950400
2013-03-18,1.8229222170653285,1.8629825291363495,1.8140532892557764,1.8473868370056152,54707200
2013-03-19,1.8596193989090475,1.8663472138392505,1.8085489234752334,1.8421878814697266,110000000
2013-03-20,1.866430141364223,1.8743984285868016,1.849880486851058,1.8652042150497437,52937600
2013-03-21,1.8339442463292783,1.8419125355106825,1.8158627055765288,1.8256698846817017,88086400
2013-03-22,1.8388474060121591,1.862139421714241,1.8354766347051585,1.8596876859664917,46230400
2013-03-25,1.870415009609224,1.8789962608998994,1.8284274380692278,1.8452839851379395,86172800
2013-03-26,1.8603009591445132,1.8667373657226562,1.8520265980523476,1.8667373657226562,44544000
2013-03-27,1.8412991079468792,1.8734793791788258,1.8357825568275512,1.8713335990905762,47273600
2013-03-28,1.8707211170534237,1.884512966041515,1.8618337926175403,1.8814481496810913,45878400
2013-04-01,1.8829796800690968,1.8860444958570892,1.844976899584136,1.854478120803833,71558400
2013-04-02,1.8716407775777495,1.8955458750735457,1.868882033950922,1.8838998079299927,70921600
2013-04-03,1.8851257327960562,1.8906422847589481,1.8403803538847356,1.8495746850967407,86080000
2013-04-04,1.8477359909828628,1.8587690960760697,1.8302664792457208,1.8511067628860474,59216000
2013-04-05,1.7919573816374579,1.8247496848355063,1.7830691230794529,1.819540023803711,86979200
2013-04-08,1.8195398926867505,1.8391543626785278,1.809732716146245,1.8391543626785278,45264000
2013-04-09,1.848349098534352,1.8774636287132547,1.8308795854335749,1.862446904182434,86963200
2013-04-10,1.8743984267267622,1.940596927802962,1.8743984267267622,1.9360003471374512,57779200
2013-04-11,1.9252732525734493,1.942742761473319,1.922208553616767,1.93232262134552,64160000
2013-04-12,1.9255804031577317,1.933854646693882,1.9022882684796405,1.9307899475097656,55929600
2013-04-15,1.9169989776030836,1.9225155294979375,1.851106544188209,1.8550912141799927,69660800
2013-04-16,1.8768504444250402,1.9084177574910255,1.8682690763882257,1.9047400951385498,45411200
2013-04-17,1.8698023193083064,1.871641092332826,1.8082003833061646,1.8302665948867798,122806400
2013-04-18,1.8397676389568975,1.840073594484337,1.7634549416518193,1.7787786722183228,109776000
2013-04-19,1.785828014481217,1.8351699772105656,1.7806174177318324,1.828121542930603,109193600
2013-04-22,1.8403799328239774,1.8777698615934029,1.8272010514970198,1.8633650541305542,65868800
2013-04-23,1.8875773162091107,1.913321184319009,1.8661240732990674,1.8995293378829956,91984000
2013-04-24,1.8909480109866381,1.912708143783414,1.8820606885548161,1.8979973793029785,90688000
2013-04-25,1.9081102712119418,1.9335481796139493,1.9081102712119418,1.9182244539260864,83571200
2013-04-26,1.9087233344823673,1.9176115915495633,1.8906419170986764,1.907497525215149,78204800
2013-04-29,1.9191437892205745,1.9565337254309016,1.9179179797514883,1.9421298503875732,71712000
2013-04-30,1.9464208231068565,1.9709386521414958,1.9326289743347795,1.9690998792648315,83516800
2013-05-01,1.970938361910791,1.977680839894465,1.944274639285279,1.952549934387207,114310400
2013-05-02,1.9583728049071922,2.008941629970921,1.9550020331341913,2.0009732246398926,46361600
2013-05-03,2.038668803550222,2.06012216444601,2.037443110993021,2.048475980758667,60713600
2013-05-06,2.0555255621349238,2.070236445541912,2.0521538552489864,2.0634939670562744,60169600
2013-05-07,2.0708487687384154,2.0739134671427526,2.0463309476822165,2.0610415935516357,57040000
2013-05-08,2.058283492802083,2.0846400928632614,2.0527669407377522,2.081575393676758,41248000
2013-05-09,2.0720748681023466,2.1036412409240093,2.0677842432132523,2.0775914192199707,60803200
2013-05-10,2.0837207290725916,2.1024152264422313,2.0769784858309777,2.0996575355529785,49872000
2013-05-13,2.0941410372074203,2.1159002336548993,2.0895434047404176,2.106705904006958,40915200
2013-05-14,2.106093967676193,2.1404189810381653,2.1054808873966624,2.127854108810425,43753600
2013-05-15,2.1192719799889224,2.140418096821598,2.109157796306202,2.136127471923828,35145600
2013-05-16,2.1407248031833728,2.1606452248028782,2.1293849286871844,2.1324496269226074,50179200
2013-05-17,2.151758299158256,2.1744373508522297,2.1401123501957358,2.171372652053833,71779200
2013-05-20,2.160339919665576,2.179954275923607,2.149000041142319,2.165243625640869,60352000
2013-05-21,2.16432412713839,2.186697113959925,2.1490003941805695,2.1692276000976562,64400000
2013-05-22,2.17596966609878,2.2102949055707493,2.1103841202206826,2.134596109390259,166185600
2013-05-23,2.0944470770106536,2.136434644475748,2.087091752878419,2.1211109161376953,130096000
2013-05-24,2.093834156268071,2.1208038330078125,2.0824949811686397,2.1208038330078125,66115200
2013-05-28,2.1692273496483625,2.185164161024604,2.1352091153470827,2.1477742195129395,82128000
2013-05-29,2.130917888711304,2.1428699093208,2.1030283597528783,2.1269333362579346,99123200
2013-05-30,2.129079737978439,2.169227371633426,2.129079737978439,2.1490001678466797,67289600
2013-05-31,2.133370267642611,2.165243655456199,2.107013432216405,2.1091582775115967,79737600
2013-06-03,2.1128362800616363,2.1183528330313113,2.063494311093182,2.118046760559082,107315200
2013-06-04,2.124481604273219,2.1428700307947706,2.0785104210585748,2.095979928970337,124944000
2013-06-05,2.082801430677844,2.097512314904149,2.0380561654792935,2.042653799057007,97526400
2013-06-06,2.0466372510245527,2.06042921535167,2.008021387659499,2.0576703548431396,89244800
2013-06-07,2.078510814753791,2.1211112348724015,2.0671716375470424,2.115900754928589,77740800
2013-06-10,2.1250943076618856,2.137966415801142,2.109464742414016,2.118964910507202,56844800
2013-06-11,2.0763657093048096,2.1140617171962472,2.0619608992527683,2.0763657093048096,88905600
2013-06-12,2.1002709221981126,2.1018029211260387,2.0221195696835426,2.0279428958892822,96025600
2013-06-13,2.022731980413203,2.087704667596162,2.011392805808482,2.0775914192199707,83049600
2013-06-14,2.079735619120615,2.084026242679239,2.04571740439053,2.0521528720855713,57596800
2013-06-17,2.084640188853546,2.1146748034360123,2.0699295385523317,2.089850902557373,72758400
2013-06-18,2.096592611210189,2.133369457275214,2.09628560360059,2.124481201171875,67235200
2013-06-19,2.1269339730407686,2.1309185266870734,2.0739142269601047,2.076979160308838,101926400
2013-06-20,2.030394355928047,2.043879310914639,1.9660347473655821,1.9755349159240723,160064000
2013-06-21,1.9782941956734643,1.9887142203210695,1.9261934878815026,1.9583728313446045,88009600
2013-06-24,1.9268060731690289,1.9491782353002214,1.8872704745060658,1.9188377857208252,106896000
2013-06-25,1.9565334760311364,1.9626629902383343,1.9234341694587231,1.945500373840332,76316800
2013-06-26,1.9795199938038364,1.9887140913398533,1.966341109253023,1.9785999059677124,72160000
2013-06-27,2.0015857128800136,2.0236519182663946,1.996375233915595,1.9982140064239502,68038400
2013-06-28,1.9847294383983565,2.0273298538022253,1.9767610338770358,2.0000531673431396,78371200
2013-07-01,2.031008014078506,2.0601225433657246,2.0239585269163713,2.0288619995117188,81539200
2013-07-02,2.0257967180850174,2.054605400456443,2.008634218198138,2.0294744968414307,44448000
2013-07-03,2.015070918620829,2.065332733217058,2.0126190657572183,2.0466372966766357,27404800
2013-07-05,2.070236311345127,2.0782044819284056,2.036829993503599,2.0763657093048096,59292800
2013-07-08,2.0990450694728104,2.0993511419189534,2.0665588346543418,2.0800437927246094,38166400
2013-07-09,2.099657803926422,2.1152873709403694,2.081575215137247,2.105480194091797,36035200
2013-07-10,2.1018025689284685,2.1361275696814737,2.10149649654437,2.130918025970459,37033600
2013-07-11,2.1759693993843587,2.2188758850097656,2.1741306268274885,2.2188758850097656,54336000
2013-07-12,2.2191830059990125,2.2372644262791734,2.206616968384938,2.235119581222534,43164800
2013-07-15,2.23941050935891,2.247378914958661,2.2271514777796573,2.245540142059326,40771200
2013-07-16,2.2482977816061154,2.251975561141043,2.2277645062777918,2.2397165298461914,49744000
2013-07-17,2.2525876983267925,2.2605561012330706,2.2375709801176344,2.2498300075531006,46243200
2013-07-18,2.2486047674118703,2.2605567908637543,2.231748102674934,2.238490581512451,57660800
2013-07-19,2.2004870031887136,2.2010998493071647,2.179340655512079,2.193131446838379,56723200
2013-07-22,2.210601095413932,2.2148919538081353,2.1919056633520846,2.2038588523864746,34041600
2013-07-23,2.2139718542264046,2.2139718542264046,2.169226602623346,2.1735172271728516,45657600
2013-07-24,2.215505214470595,2.2170369794207057,2.176889352270048,2.1866965293884277,46150400
2013-07-25,2.2078421963790893,2.2188752964367695,2.1839372241946062,2.2127456665039062,41510400
2013-07-26,2.197422012400601,2.237570797462913,2.189147771647457,2.2366509437561035,33664000
2013-07-29,2.228377399233129,2.2479917561865292,2.2173442942191444,2.2286834716796875,46835200
2013-07-30,2.244926377559453,2.2709761979429746,2.2363451282162647,2.251361846923828,51635200
2013-07-31,2.26116943359375,2.286913420125987,2.252588182690188,2.26116943359375,55315200
2013-08-01,2.2921238457018327,2.3135769724566764,2.287526212662263,2.3059146404266357,42681600
2013-08-02,2.308979572799556,2.333804642564236,2.297333621930021,2.3328847885131836,36521600
2013-08-05,2.3273682447374737,2.3396270419831655,2.3215456200138105,2.336256504058838,27232000
2013-08-06,2.3292068179762393,2.333804451103338,2.2893650288769734,2.308366537094116,50659200
2013-08-07,2.2958015196964894,2.307140461181275,2.266379756034376,2.2997851371765137,64249600
2013-08-08,2.325836022949801,2.3322714933904667,2.291816858420013,2.3206255435943604,55721600
2013-08-09,2.316029096527335,2.33012690059246,2.290285341405343,2.303770065307617,40556800
2013-08-12,2.2853810749569914,2.3218511519482115,2.2847682287659983,2.3123507499694824,65683200
2013-08-13,2.3187866686794947,2.350353979074201,2.2866072135014948,2.33809494972229,70147200
2013-08-14,2.3377883073191454,2.344224713767802,2.3157220978022135,2.3218517303466797,71340800
2013-08-15,2.2718962926536093,2.2718962926536093,2.2308288139219443,2.244619607925415,57756800
2013-08-16,2.2440065673279057,2.263620918727983,2.2335863116220143,2.240328788757324,57670400
2013-08-19,2.2427805881329093,2.279251599152348,2.232054494142124,2.2332804203033447,57177600
2013-08-20,2.2424748597480675,2.2734283894146254,2.2375713881725594,2.2528951168060303,45008000
2013-08-21,2.239103644614049,2.2768005958519533,2.2210222207348576,2.23726487159729,63923200
2013-08-22,2.2562658065962546,2.2835424915150493,2.254733807902763,2.279557704925537,55203200
2013-08-23,2.313576843819091,2.316947615024564,2.296414343369471,2.312044143676758,61897600
2013-08-26,2.3144954132567936,2.3482077966560473,2.304382399701508,2.3126566410064697,78521600
2013-08-27,2.2593306034895586,2.2810907378911467,2.209068791913566,2.2170369625091553,118259200
2013-08-28,2.2145850491905357,2.2550396783446094,2.213971969182201,2.2369580268859863,59622400
2013-08-29,2.2342000975521774,2.28905955197699,2.228377472407426,2.2672994136810303,64089600
2013-08-30,2.2715899499262524,2.2715899499262524,2.2225538240508476,2.2375717163085938,68828800
2013-09-03,2.275573951274131,2.2948812956800917,2.2433935630612343,2.2608633041381836,62048000
2013-09-04,2.2783319339191843,2.3184807308657702,2.26607313767724,2.3117382526397705,65494400
2013-09-05,2.314190364354333,2.3322717868663383,2.3129644378286582,2.319706916809082,45568000
2013-09-06,2.334110694403614,2.3485152720129387,2.272815773653371,2.324916362762451,91158400
2013-09-09,2.344224736129904,2.387131229064169,2.344224736129904,2.3782429695129395,49776000
2013-09-10,2.4064387098772912,2.4088905630528106,2.385598425528554,2.4024550914764404,70390400
2013-09-11,2.371500399548373,2.3960184613760345,2.3650649285715977,2.393566608428955,46428800
2013-09-12,2.3920348313030786,2.404906708478089,2.38038864677387,2.388969898223877,51107200
2013-09-13,2.3966307776915645,2.3975508653525517,2.3678223303097985,2.3932602405548096,32937600
2013-09-16,2.4312629399820245,2.4331017123162493,2.3696610271058978,2.3794682025909424,38761600
2013-09-17,2.389888906148376,2.417165593030196,2.389888906148376,2.411954879760742,35030400
2013-09-18,2.419310669267868,2.4790735929031316,2.4088904108411353,2.469266414642334,45824000
2013-09-19,2.4842826704450762,2.4922510743529243,2.4732495677485264,2.480605125427246,30729600
2013-09-20,2.4931714562544154,2.4977681546786625,2.4609912937825777,2.462830066680908,37628800
2013-09-23,2.486428429118488,2.4897992002603075,2.430956142268633,2.452409267425537,39772800
2013-09-24,2.4631365009326545,2.4796861546291806,2.4370855095800676,2.45332932472229,33462400
2013-09-25,2.456087233812422,2.4637495658569293,2.4272785488402002,2.4386186599731445,54444800
2013-09-26,2.4560870329292546,2.4864284156503036,2.4548611066667108,2.4747824668884277,40940800
2013-09-27,2.44781328526608,2.4772348200484737,2.438925025789464,2.469266414642334,52864000
2013-09-30,2.4174710046776453,2.4686528964548446,2.401228359667549,2.4514901638031006,79593600
2013-10-01,2.456699886878909,2.508494389873961,2.453634954593855,2.5063486099243164,49129600
2013-10-02,2.4720242236001377,2.511252934794542,2.4674275255017015,2.503591537475586,52505600
2013-10-03,2.4980749324896174,2.5088010288021243,2.4196172779394463,2.445974111557007,59833600
2013-10-04,2.4447486988919764,2.494397438834982,2.4410709191911084,2.4867351055145264,39856000
2013-10-07,2.445360956046907,2.4848957338310944,2.4426020958374473,2.445667028427124,51856000
2013-10-08,2.4468929116764904,2.4496517721010753,2.350659913159268,2.354337692260742,89462400
2013-10-09,2.3632261311882425,2.364758130076489,2.299172350442996,2.3371753692626953,85142400
2013-10-10,2.386823883920272,2.4462800257450437,2.386823883920272,2.43402099609375,87622400
2013-10-11,2.4242142270187066,2.477847753816362,2.423601380652723,2.474170207977295,66112000
2013-10-14,2.4435223192757407,2.508494778526888,2.4398445402567632,2.508187770843506,57417600
2013-10-15,2.5045108096435085,2.5287228020421013,2.4836705246528843,2.4894940853118896,113964800
2013-10-16,2.510946689091246,2.548336624937409,2.5088009087596785,2.5455777645111084,88153600
2013-10-17,2.5219793099292254,2.5765317368430396,2.518914611506714,2.574692964553833,78169600
2013-10-18,2.6212774261041343,2.6598932873744623,2.6071796239499125,2.657747507095337,86137600
2013-10-21,2.6681677235562495,2.6825725344371203,2.6540699203805795,2.66878080368042,74185600
2013-10-22,2.688394949871094,2.7064773048050417,2.6442625372239665,2.6733782291412354,107747200
2013-10-23,2.6516183764587264,2.6614255551940373,2.6197452209351533,2.645488977432251,109894400
2013-10-24,2.6488605910703207,2.679201045032604,2.6405854116517125,2.667555093765259,60364800
2013-10-25,2.718429035643808,2.730075217635524,2.681039338732681,2.7046382427215576,95027200
2013-10-28,2.706170814624757,2.7156719200558546,2.6831856872415876,2.7073965072631836,82665600
2013-10-29,2.723640293274916,2.72915684536956,2.692685825888429,2.7150590419769287,132425600
2013-10-30,2.7352859723740077,2.7435602151410783,2.6850241621972804,2.710461139678955,137129600
2013-10-31,2.697896537565868,2.7316086993448616,2.6785882528418514,2.698202610015869,118224000
2013-11-01,2.714138672627733,2.72241408446529,2.6733782008330187,2.6991219520568848,85600000
2013-11-04,2.7168984144205637,2.7168984144205637,2.6880897211429127,2.7055583000183105,39737600
2013-11-05,2.684411429599185,2.73528608818109,2.670926473285682,2.7132198810577393,54521600
2013-11-06,2.7346733887586443,2.7374310802432844,2.694524590068374,2.7116873264312744,71820800
2013-11-07,2.7110744614071685,2.7199627210920165,2.605647117267485,2.6102447509765625,105452800
2013-11-08,2.627100161093618,2.6810397531348213,2.614535058607955,2.6807336807250977,87696000
2013-11-11,2.66939347289162,2.6856370554242637,2.6537639057286424,2.6724581718444824,56755200
2013-11-12,2.65468313477811,2.6871693683555598,2.6522312818005296,2.6795079708099365,93792000
2013-11-13,2.645487947500396,2.7450926303863525,2.644262021408057,2.7450926303863525,95593600
2013-11-14,2.72823604677243,2.7650131290961624,2.7193489591875664,2.7601094245910645,94236800
2013-11-15,2.7625621322923735,2.7720632380792165,2.748464328206974,2.7708375453948975,82048000
2013-11-18,2.7693038313090828,2.781256786741676,2.7077028538524512,2.7199618816375732,99974400
2013-11-19,2.7156715750354397,2.740189633477148,2.6926855152863447,2.7012667655944824,126345600
2013-11-20,2.7168981617821113,2.7368185922376354,2.6727657393876347,2.690847396850586,172729600
2013-11-21,2.70862231854882,2.7478512621357463,2.7064774734335577,2.7417216300964355,127251200
2013-11-22,2.7536745398473377,2.774820893182819,2.74846406042798,2.772982120513916,128771200
2013-11-25,2.793209771317597,2.7981134776533825,2.7720634145754754,2.7852413654327393,93516800
2013-11-26,2.7873864169090816,2.8284541283516336,2.7748206142556877,2.8143563270568848,91990400
2013-11-27,2.8266154381852253,2.855729960221587,2.8217117329895354,2.8529722690582275,97398400
2013-11-29,2.8750389606720317,2.8958792453275195,2.871974261068317,2.8845393657684326,46563200
2013-12-02,2.8949593733105448,2.903234787036413,2.8627801445810266,2.869828462600708,75283200
2013-12-03,2.8670700434815437,2.8814736836153076,2.8443907578995837,2.8652310371398926,88048000
2013-12-04,2.842858035681592,2.890361919023841,2.8241635367768727,2.8707475662231445,92038400
2013-12-05,2.8777964353292114,2.8826999071623476,2.8496008292794013,2.865537405014038,84457600
2013-12-06,2.9124286188218687,2.917638163377458,2.877796604784077,2.905686140060425,95856000
2013-12-09,2.9268322964584925,2.941237107055827,2.918863891752026,2.9283652305603027,94905600
2013-12-10,2.9179447264749303,2.935720307078985,2.9136541013389907,2.9249932765960693,74976000
2013-12-11,2.924687815179031,2.9323492131394056,2.841632752452091,2.8502140045166016,106236800
2013-12-12,2.8529716170738277,2.865536481935609,2.8309054163790366,2.8364219665527344,103916800
2013-12-13,2.8600208501113156,2.8630855492315566,2.8158884345508652,2.827228546142578,64057600
2013-12-16,2.8554235519325575,2.890667701317534,2.8511329273018293,2.8581814765930176,57100800
2013-12-17,2.86002073626701,2.871666685988977,2.8364227644198787,2.8480687141418457,43561600
2013-12-18,2.8535859336348297,2.9179455629450493,2.7711437108637114,2.9142680168151855,166835200
2013-12-19,2.9017024827638607,2.903235417443093,2.870748940089755,2.8952670097351074,114192000
2013-12-20,2.9050734102102678,2.967287252834235,2.903847483675253,2.9534964561462402,93168000
2013-12-23,3.0022249959320213,3.0169358788412244,2.9856753403422496,3.016016960144043,67436800
2013-12-24,3.019081062410983,3.0230646793954863,3.007434880878779,3.0199999809265137,31331200
2013-12-26,3.0288891108420937,3.0439058337004763,3.0187749248968374,3.0386962890625,61670400
2013-12-27,3.0454383039469595,3.0497289291508465,3.016629620016687,3.0230650901794434,75680000
2013-12-30,3.014177962211471,3.0227592131739236,2.99793437898636,3.01387095451355,55686400
2013-12-31,3.0233726075248044,3.0524871349334717,3.0233726075248044,3.0524871349334717,55052800
2014-01-02,3.0255175443681113,3.02674347093033,2.988434610335087,3.0055971145629883,70310400
2014-01-03,3.0065163043704333,3.0111139385809214,2.960852114107639,2.9629969596862793,92188800
2014-01-06,2.9636089736382116,2.969738605279981,2.9185578762773674,2.9387850761413574,131728000
2014-01-07,2.9660605068431876,3.0025315189067747,2.956560338741638,2.992417335510254,132166400
2014-01-08,2.9939508939271775,3.023372427311959,2.9823047095433775,3.007741689682007,117705600
2014-01-09,3.027662797261273,3.030114649958307,2.9666739551641013,2.98628830909729,109100800
2014-01-10,3.00314526143855,3.0126456661971854,2.956867293634924,3.0055971145629883,104531200
2014-01-13,2.995789715308004,3.0184687704852498,2.894040156351431,2.9145734310150146,146083200
2014-01-14,2.9366394263171665,3.0319535073741273,2.9366394263171665,3.028275728225708,113846400
2014-01-15,3.051261500568057,3.0898773714317627,3.0472778819892716,3.076392412185669,104457600
2014-01-16,3.0714884719504716,3.0874250482344228,3.0629072205805317,3.079763650894165,72393600
2014-01-17,3.06045509448609,3.077311757116626,3.0288887186268045,3.0435993671417236,73616000
2014-01-21,3.0828285161000424,3.092022613584828,3.038083019818831,3.0895707607269287,81907200
2014-01-22,3.1042816541738953,3.1202182301590846,3.086812144049015,3.107652425765991,69168000
2014-01-23,3.085893498577537,3.086506344937498,3.041454070635852,3.085280418395996,101129600
2014-01-24,3.0552461281061594,3.062907526210905,2.9596259593963623,2.9596259593963623,152416000
2014-01-27,2.964834983055943,2.9724973150998144,2.861246660533149,2.906604766845703,204976000
2014-01-28,2.874426296861772,2.907218608086626,2.865538036128125,2.9023149013519287,94243200
2014-01-29,2.851133524742794,2.89373300616103,2.827841624387139,2.8407135009765625,196211200
2014-01-30,2.909976540335272,2.9633032861404396,2.9029272882216985,2.9406239986419678,97337600
2014-01-31,2.8793292700157944,2.9562539932148373,2.8725870251582326,2.928058385848999,121593600
2014-02-03,2.919170613887869,2.9433816642302517,2.7788052111061217,2.7965807914733887,177078400
2014-02-04,2.821711575325318,2.856955726887012,2.8051619219468815,2.8342766761779785,121347200
2014-02-05,2.8152756242598906,2.8397936851784915,2.7561264862218233,2.819566249847412,108406400
2014-02-06,2.835809731861408,2.897717728242869,2.834889877885578,2.888829469680786,83212800
2014-02-07,2.924993208720348,2.997627995780251,2.9069115561488044,2.9921114444732666,109321600
2014-02-10,2.990579052723181,3.0310336885385905,2.9893531263261623,3.027355909347534,87689600
2014-02-11,3.040228492262361,3.1091857574663577,3.035018946873722,3.0960068702697754,117619200
2014-02-12,3.110103690889791,3.1229755652708886,3.0907961131396604,3.108264684677124,98265600
2014-02-13,3.062907361823224,3.159753218091929,3.062907361823224,3.1536238193511963,104150400
2014-02-14,3.15147957264487,3.18182003202789,3.134622904530591,3.167722225189209,84371200
2014-02-18,3.1753846831459196,3.210628850881182,3.1628186412406145,3.198676824569702,64608000
2014-02-19,3.184883498548865,3.2008203062443705,3.1413641681415343,3.155155897140503,115001600
2014-02-20,3.1588336534055492,3.1953037321308133,3.132476823330862,3.1808998584747314,111888000
2014-02-21,3.2032723968111254,3.2130795745985385,3.1677214650148375,3.1720120906829834,91769600
2014-02-24,3.1885607448268796,3.2375966183512137,3.183044194441549,3.2100138664245605,70592000
2014-02-25,3.2170648537507938,3.2308556516045206,3.1812069087583197,3.2002081871032715,112841600
2014-02-26,3.2201289325870186,3.23851736097811,3.170479965491675,3.194998025894165,116316800
2014-02-27,3.1968364658624573,3.243113721347312,3.1867225156409127,3.237291097640991,82201600
2014-02-28,3.2354525772470835,3.2737614318422774,3.1732378077004575,3.228403091430664,106700800
2014-03-03,3.1671084273014936,3.1977558875253744,3.1245089439391553,3.181206464767456,104294400
2014-03-04,3.2501632893923262,3.2743741063709773,3.244646737926502,3.2624220848083496,130777600
2014-03-05,3.272842591278567,3.2915370920396776,3.2596637071180896,3.280503988265991,85004800
2014-03-06,3.293988759597426,3.2998120850335964,3.2507762009201078,3.2728424072265625,90723200
2014-03-07,3.2961342145451007,3.301037685561722,3.2090953242402867,3.240968704223633,124304000
2014-03-10,3.2388234882754663,3.250469438562145,3.2057241763176756,3.245872974395752,77929600
2014-03-11,3.263035131696481,3.2792777782538836,3.200514293659973,3.219515800476074,135974400
2014-03-12,3.19101338794164,3.2458728330645727,3.166495328191232,3.2418880462646484,110128000
2014-03-13,3.267938857962877,3.269470856761505,3.122057124986449,3.1520915031433105,176160000
2014-03-14,3.129718207469212,3.1588336640075565,3.1061200036812595,3.1067330837249756,129161600
2014-03-17,3.1471882800761826,3.213692745999518,3.1447364271043092,3.16343092918396,93056000
2014-03-18,3.16986740721536,3.2455662065847637,3.1689475531423548,3.239130735397339,108176000
2014-03-19,3.241275351831236,3.247711757850483,3.161285932222837,3.205418348312378,128336000
2014-03-20,3.1842705497824157,3.2403559149336045,3.1704795226921387,3.2210474014282227,98176000
2014-03-21,3.2562932840528336,3.2611969901754314,3.131557656230425,3.1425907611846924,169881600
2014-03-24,3.166495539744471,3.1710931731256267,3.032259749887652,3.089876890182495,196688000
2014-03-25,3.1211374640576905,3.160060339957231,3.0576979275959952,3.107959747314453,171043200
2014-03-26,3.1401387032198596,3.1527047416160157,3.027356041796875,3.0279691219329834,162048000
2014-03-27,3.0215336568828834,3.0469704032196345,2.962077509930498,2.9942567348480225,136320000
2014-03-28,3.013565303173755,3.071488516947864,2.9893533137698407,3.0068228244781494,103923200
2014-03-31,3.0512609578786236,3.0880380491482735,3.045131559577794,3.0478901863098145,107219200
2014-04-01,3.077004592933189,3.158526703346085,3.0763915128803494,3.154236078262329,111977600
2014-04-02,3.1815122929492015,3.1879477619815395,3.1425896652730745,3.1710922718048096,107459200
2014-04-03,3.178753863718954,3.187642120793764,3.086198424685496,3.121443510055542,103200000
2014-04-04,3.1606724781946816,3.168640882117431,2.9390910375948596,2.952882766723633,228656000
2014-04-07,2.918251266868102,2.9712717109746505,2.857876199073856,2.900169610977173,183072000
2014-04-08,2.9047658902047946,2.9590124868031307,2.8848454643548154,2.9510440826416016,135984000
2014-04-09,2.973722603323454,3.05647086138764,2.958091870186979,3.0530991554260254,105782400
2014-04-10,3.0543261751907687,3.0561649480878854,2.8474562743314604,2.8646187782287598,244662400
2014-04-11,2.8125176788582333,2.88637745972127,2.783708994953304,2.7981128692626953,173683200
2014-04-14,2.844697118804973,2.8701350333901963,2.7879998343857184,2.8407135009765625,149254400
2014-04-15,2.8597145431000337,2.8912809180668244,2.739882642788516,2.858794689178467,180780800
2014-04-16,2.909670113423443,2.9351080306116115,2.86216692149804,2.9332690238952637,89075200
2014-04-17,2.9139606557833226,2.9645294809759,2.898330852804662,2.935107946395874,69481600
2014-04-21,2.9504313084603586,2.979852839365959,2.9228485501671266,2.979545831680298,70403200
2014-04-22,2.9979344519752114,3.0411479493590394,2.9893532008038366,3.027662992477417,55772800
2014-04-23,3.0270505144985163,3.0285822797100663,2.969433134500158,2.9731109142303467,64211200
2014-04-24,3.0724082450479724,3.0724082450479724,2.965448210524341,3.031033754348755,94345600
2014-04-25,2.99364409372721,3.0003865727701364,2.919171219451681,2.9332690238952637,84854400
2014-04-28,2.95931783832248,2.9948689942524145,2.8591012425670552,2.9544143676757812,147641600
2014-04-29,2.970351075313701,3.0095797775662247,2.941236556265974,2.9988536834716797,62643200
2014-04-30,2.97311092024074,3.020001033599731,2.9559481819534166,3.014791488647461,65504000
2014-05-01,3.022145889358224,3.066278297416416,3.009274014948423,3.034097909927368,69664000
2014-05-02,3.05156757256714,3.063826601411497,3.007128388412508,3.0224521160125732,92012800
2014-05-05,2.9862877028356065,3.0540190091883685,2.971270751124183,3.0530991554260254,59558400
2014-05-06,3.0445179347404747,3.0466639486086353,2.970964233004255,2.9734158515930176,79705600
2014-05-07,2.9872085277160996,2.9918052259857193,2.8869907316967107,2.9553351402282715,105225600
2014-05-08,2.935107907399446,3.0212267294293196,2.922235796211679,2.950737476348877,110300800
2014-05-09,2.94552725798906,2.9758677040032957,2.908137327107623,2.9734158515930176,88915200
2014-05-12,3.0080475835672846,3.0717943325408106,3.002837105798418,3.0687294006347656,48515200
2014-05-13,3.0757787892690756,3.0963129968918115,3.0629069135046527,3.07271409034729,48579200
2014-05-14,3.0555514559684265,3.0788435894185775,3.027968930943946,3.040534734725952,37392000
2014-05-15,3.040534766847856,3.0509550242204617,2.9559477167669272,2.994563579559326,81430400
2014-05-16,3.0003855746255,3.036856584692555,2.9620767275613873,3.0331788063049316,52339200
2014-05-19,3.01632260450837,3.0843599951670084,3.0049836629226943,3.0770046710968018,45942400
2014-05-20,3.0714889828876704,3.0944750493046436,3.0273565584191204,3.054020404815674,58121600
2014-05-21,3.063827386358947,3.1137821993146946,3.0604556790743302,3.1116373538970947,44745600
2014-05-22,3.117459875107936,3.1551565901079694,3.1088786231509755,3.1370742321014404,46982400
2014-05-23,3.1444288353289482,3.1848834665644215,3.1303310340915966,3.1842706203460693,26233600
2014-05-27,3.2130793977589676,3.2645671367645264,3.206643927254065,3.2645671367645264,33321600
2014-05-28,3.2602769182967,3.270697176947661,3.2375978619221324,3.2428083419799805,55068800
2014-05-29,3.266406593425588,3.285102031808238,3.252615562718111,3.283569097518921,39878400
2014-05-30,3.2860209371799667,3.2958281157391154,3.2510828489491503,3.285714864730835,32217600
2014-06-02,3.293069859306054,3.294601858148841,3.2372914930139776,3.2774393558502197,31388800
2014-06-03,3.2565992328104962,3.2857146945306286,3.248630827574708,3.275907516479492,26681600
2014-06-04,3.259050995918905,3.309925895058796,3.249243817434557,3.297973871231079,28883200
2014-06-05,3.305328569096585,3.367236561505351,3.2832623632408477,3.354670524597168,39452800
2014-06-06,3.3810280178179823,3.392673969268799,3.366624140827334,3.392673969268799,36284800
2014-06-09,3.3954324512247394,3.4052396286736406,3.3693816904037575,3.3874640464782715,30595200
2014-06-10,3.3822533941978716,3.4030936744399565,3.3745919975434475,3.3978841304779053,30547200
2014-06-11,3.375818007319182,3.4076913916431173,3.3703014555357784,3.396045207977295,36630400
2014-06-12,3.384092364232983,3.3914479227392222,3.312990268756898,3.338121175765991,58752000
2014-06-13,3.3653976528867076,3.3727532109332903,3.3270878639151196,3.356203556060791,37555200
2014-06-16,3.3454761903993115,3.3813341231000917,3.3301524634014874,3.361412763595581,28521600
2014-06-17,3.358348788087531,3.383173623989496,3.3451708383220717,3.3647851943969727,31670400
2014-06-18,3.372753241585788,3.411981949571252,3.3347502261310193,3.4058523178100586,36428800
2014-06-19,3.412900740405482,3.4178042118092318,3.3684624900966997,3.3984968662261963,31721600
2014-06-20,3.4024804079552546,3.4116747381371813,3.388382606478755,3.4049322605133057,25084800
2014-06-23,3.404932415019743,3.4092230402802643,3.3874638415816896,3.406771421432495,27811200
2014-06-24,3.406771550087128,3.464082614655006,3.381334571423977,3.400641918182373,60083200
2014-06-25,3.3856013401463807,3.4552835496817385,3.384373421628331,3.444540023803711,47814400
2014-06-26,3.4476091369549744,3.4503715433144,3.3945025480242483,3.4473018646240234,55641600
2014-06-27,3.4368647383823796,3.4783064553608707,3.4368647383823796,3.4761571884155273,41836800
2014-06-30,3.47431529777931,3.5065479773114245,3.472166967720397,3.4902777671813965,30547200
2014-07-01,3.5120735344421106,3.583904998910962,3.510231539880353,3.567328453063965,32204800
2014-07-02,3.569784145571599,3.587894944517632,3.563644788484164,3.5780718326568604,34329600
2014-07-03,3.600174421585128,3.6207419968729417,3.581449543659698,3.6201281547546387,32624000
2014-07-07,3.6136802154261245,3.622889249670697,3.5866664862252904,3.599252939224243,54601600
2014-07-08,3.587281046938951,3.590350725435133,3.483831687190186,3.514221668243408,67916800
2014-07-09,3.532332905744956,3.5722394231738805,3.5114587670316055,3.5657925605773926,50086400
2014-07-10,3.4761568235439873,3.5719323360979054,3.4657198700625833,3.5436909198760986,43686400
2014-07-11,3.5593468703259723,3.5872810146502334,3.5390868050723636,3.5857465267181396,36265600
2014-07-14,3.6204343646948165,3.646834022986516,3.6081554157356472,3.6327130794525146,27360000
2014-07-15,3.643150251104055,3.652973363385436,3.5541281643157125,3.60754132270813,59190400
2014-07-16,3.657271058671007,3.6652524108021107,3.627187878963846,3.6348626613616943,27206400
2014-07-17,3.613681658727287,3.6400813223349626,3.515143945888358,3.5390877723693848,64441600
2014-07-18,3.57623020234879,3.653587181788718,3.566100520407967,3.6474478244781494,43590400
2014-07-21,3.633021040738331,3.6520534257174444,3.606621379142126,3.639160633087158,24688000
2014-07-22,3.6732337922368856,3.6974848869598738,3.666787630735403,3.688582420349121,25222400
2014-07-23,3.7131400924895464,3.7419955883447185,3.699326889243507,3.7337076663970947,31715200
2014-07-24,3.7462923693060644,3.7555014036652516,3.7146747080929985,3.72633957862854,40937600
2014-07-25,3.689196245962483,3.7060802988941486,3.6578851478018946,3.6934938430786133,31808000
2014-07-28,3.7020896510512515,3.716517869679504,3.641309205074538,3.6977920532226562,30073600
2014-07-29,3.712833727673143,3.7300243514002065,3.679066790732988,3.6867406368255615,57894400
2014-07-30,3.7244983322871663,3.7401532947145197,3.6864338031094492,3.7149815559387207,38521600
2014-07-31,3.6545089214766966,3.664024527574136,3.552900375550531,3.563337564468384,63817600
2014-08-01,3.549830404835896,3.5878949339086508,3.489663815591393,3.5378589630126953,73062400
2014-08-04,3.5550492868270736,3.61306660824056,3.5261940280738178,3.5842113494873047,44748800
2014-08-05,3.556277497084532,3.5768441338077093,3.4973388223045214,3.5311057567596436,69804800
2014-08-06,3.485673889943593,3.5670209604571417,3.4816826284758235,3.524044990539551,53731200
2014-08-07,3.554742608891753,3.5700912380593315,3.4776928932970805,3.50317120552063,58691200
2014-08-08,3.514529092006077,3.5602677017126743,3.4832179952734044,3.5519797801971436,47734400
2014-08-11,3.577765296512534,3.616750235251692,3.5759233021284302,3.5949556827545166,29232000
2014-08-12,3.5860536600516,3.6093836416420473,3.5544359902762293,3.5897374153137207,34995200
2014-08-13,3.6222761663015,3.6698574746373036,3.6164440811871184,3.668015480041504,31372800
2014-08-14,3.6759967320844336,3.7060801448483853,3.667094031681976,3.705772638320923,34316800
2014-08-15,3.7459870506581985,3.75826600143926,3.671699738024961,3.7401540279388428,49251200
2014-08-18,3.77637573493947,3.8055387324674146,3.769315966727824,3.7993993759155273,27491200
2014-08-19,3.8168968086003745,3.8451384629272303,3.812599211372665,3.8411481380462646,18812800
2014-08-20,3.8334731770660233,3.856189314728721,3.8288692445117074,3.8432962894439697,22620800
2014-08-21,3.8469797920502935,3.862021849063642,3.833166590084651,3.8564963340759277,18966400
2014-08-22,3.8589525070225497,3.883202899057808,3.842375960614094,3.8672404289245605,24585600
2014-08-25,3.9046906221520077,3.917277077134302,3.8767567111493806,3.895481586456299,31219200
2014-08-26,3.9068402435791207,3.9120582523180607,3.885658594280772,3.904690742492676,18704000
2014-08-27,3.9053043953128053,3.913285746324193,3.8881140093203808,3.9049978256225586,14576000
2014-08-28,3.878291650030909,3.904077469777192,3.8703105311917176,3.8936402797698975,24307200
2014-08-29,3.912672365235264,3.9252588214767994,3.884738451437923,3.9249513149261475,16944000
2014-09-02,3.9442913092612235,3.948895242187489,3.9148217355450776,3.9473607540130615,28064000
2014-09-03,3.966698796765076,3.966698796765076,3.8865794216233374,3.9010066986083984,42441600
2014-09-04,3.9188120574172323,3.9574904337608303,3.8733800126593425,3.8905704021453857,43699200
2014-09-05,3.906226087052988,3.9360019928617085,3.8650918786131796,3.9341602325439453,33385600
2014-09-08,3.931704533974402,3.965471233925316,3.911137897435613,3.946746826171875,44963200
2014-09-09,3.943676523489306,3.9762155361035796,3.8669333924545475,3.882282018661499,57907200
2014-09-10,3.8914913028293188,3.9476668627653226,3.8696955790325864,3.942448854446411,34265600
2014-09-11,3.909909878870221,3.9424491280677385,3.8810543845445356,3.9393792152404785,48048000
2014-09-12,3.9317041924488754,3.9329318764628525,3.873686871831068,3.8976306915283203,78454400
2014-09-15,3.905304786178205,3.906840210998995,3.798785743142471,3.820887804031372,77958400
2014-09-16,3.792953006554394,3.903156749563284,3.787121155374258,3.8881146907806396,62556800
2014-09-17,3.8875000085717386,3.9369230718633546,3.856802756303041,3.9022347927093506,39696000
2014-09-18,3.9243375276748926,3.9593323846404656,3.916663915432539,3.958718776702881,21830400
2014-09-19,3.9909497374115497,3.993405573598438,3.9221881977901054,3.951657295227051,42764800
2014-09-22,3.933239875068672,3.9356957116605575,3.846673391715708,3.881054401397705,46976000
2014-09-23,3.8500499112212396,3.893639959890495,3.8432964772186677,3.8595666885375977,50550400
2014-09-24,3.8638648089495367,3.944598052959909,3.840841394712108,3.941835880279541,39996800
2014-09-25,3.915741870101321,3.926179058845288,3.7736141286371065,3.776683807373047,67840000
2014-09-26,3.798171382084593,3.869081487509286,3.78804076479166,3.8589518070220947,47913600
2014-09-29,3.7794463099534354,3.866319836381496,3.7751487127734578,3.8475940227508545,60716800
2014-09-30,3.8675477531882825,3.8967098190108174,3.8205805197648717,3.8592591285705566,63036800
2014-10-01,3.8371571284562203,3.8414547257039726,3.709150091262247,3.7343218326568604,88470400
2014-10-02,3.7330933242275792,3.756115794956469,3.6391598075143583,3.731865406036377,98915200
2014-10-03,3.7736138964550636,3.8371567342024764,3.751204329675757,3.806766986846924,50595200
2014-10-06,3.8270265879557703,3.8485148035791634,3.76747408192858,3.7901899814605713,48710400
2014-10-07,3.7527394810942116,3.775761951419492,3.6815218666631373,3.683056354522705,69747200
2014-10-08,3.6888895480237234,3.8482079081223253,3.6422298234410118,3.8294830322265625,66444800
2014-10-09,3.815668879166512,3.834087185273053,3.6891961046190516,3.7008609771728516,121603200
2014-10-10,3.65604300740922,3.6993267175864752,3.5148356818771562,3.5154495239257812,78640000
2014-10-13,3.5031710919396604,3.556277684387795,3.4000282885415443,3.4070889949798584,134067200
2014-10-14,3.4500647327213825,3.4930409339906836,3.3874423081635077,3.4055533409118652,141110400
2014-10-15,3.3027186081883344,3.3895912027155446,3.2063290017338173,3.364419460296631,159776000
2014-10-16,3.221677263133,3.3766980250135465,3.2186075844960085,3.319908618927002,155302400
2014-10-17,3.4073957768993015,3.470939562584529,3.3677967527638897,3.408623695373535,133523200
2014-10-20,3.4043252251570313,3.514221441314646,3.3932741959232238,3.509309768676758,66249600
2014-10-21,3.5949562961475756,3.692880153656006,3.578379749070939,3.692880153656006,92204800
2014-10-22,3.7128337660157595,3.7257267924945774,3.6502115651826204,3.653587579727173,67129600
2014-10-23,3.724805463715693,3.8052323702588855,3.715596426118586,3.7656333446502686,80630400
2014-10-24,3.776989839915914,3.8300966562831857,3.7515115334514486,3.823035717010498,64921600
2014-10-27,3.807995334464371,3.845138519332315,3.7794464073719816,3.83316707611084,57811200
2014-10-28,3.8623288480013094,3.9473606148411835,3.8620222782593214,3.946439266204834,61228800
2014-10-29,3.9200395710776195,3.940913949118856,3.8614084012051473,3.9160494804382324,96761600
2014-10-30,3.881974426558458,3.95165755335573,3.8647840405301928,3.9350812435150146,63936000
2014-10-31,4.064624113837374,4.068921710799637,4.015815122419541,4.041600704193115,64524800
2014-11-03,4.049582286576966,4.0864189031096965,4.044978353564489,4.0649309158325195,32784000
2014-11-04,4.039452355146961,4.059405384591418,3.983275850913603,4.039759159088135,56838400
2014-11-05,4.090101319009122,4.091022667340726,4.010595562471317,4.037302017211914,55926400
2014-11-06,4.036689404885302,4.066158978501169,4.004764462837514,4.064316749572754,49459200
2014-11-07,4.077209175285177,4.081814044058936,4.015200596007745,4.055107116699219,41660800
2014-11-10,4.059712364866367,4.095935368646302,4.039144792213335,4.086112022399902,31795200
2014-11-11,4.088568323498442,4.109442234039307,4.065238576116948,4.109442234039307,36137600
2014-11-12,4.077822492364129,4.133384907161379,4.076594808487045,4.124789714813232,28262400
2014-11-13,4.1413661681490455,4.1910955583348155,4.122026284272734,4.159170627593994,47875200
2014-11-14,4.157330733173416,4.184958080472773,4.130931070206086,4.184036731719971,24310400
2014-11-17,4.166537766233477,4.1843422261021,4.121720046911447,4.158249378204346,30188800
2014-11-18,4.167459562298087,4.233459416202825,4.167459562298087,4.2230224609375,21846400
2014-11-19,4.213505839718882,4.213505839718882,4.146893308537568,4.184036731719971,36588800
2014-11-20,4.150268527215935,4.228547084737934,4.1422874100315665,4.2217936515808105,19459200
2014-11-21,4.297923271594959,4.30406309774483,4.2119713263324225,4.2374491691589355,39462400
2014-11-24,4.261086289943294,4.307746247928885,4.254025584159277,4.304983139038086,25868800
2014-11-25,4.316341850810887,4.342434238563078,4.294853864308207,4.31787633895874,30569600
2014-11-26,4.325550333658078,4.378963252033227,4.31695514062293,4.374052047729492,28668800
2014-11-28,4.397380911331994,4.433296164160493,4.392469239607339,4.413035869598389,15664000
2014-12-01,4.389093411021795,4.405056114855629,4.281039410123538,4.312350273132324,47571200
2014-12-02,4.321253826355865,4.363002118079469,4.304369771519964,4.346732139587402,30246400
2014-12-03,4.359318005301723,4.3749734386047985,4.310509008010025,4.364229679107666,32976000
2014-12-04,4.355326724897896,4.392777413776327,4.3230949816067215,4.357475757598877,40777600
2014-12-05,4.373743426005842,4.386329877533022,4.340898085155522,4.359622955322266,26636800
2014-12-08,4.339979186574851,4.3749740476082986,4.251570919373272,4.294854640960693,37024000
2014-12-09,4.19508618602199,4.32923348347384,4.1668447729802445,4.326470375061035,54467200
2014-12-10,4.3102026092480346,4.328620683145754,4.171757206438462,4.188333988189697,53939200
2014-12-11,4.2110494435579575,4.3267787007157015,4.210435835674925,4.2285475730896,34550400
2014-12-12,4.145971141490587,4.242054166915894,4.1349201110713905,4.136455535888672,48355200
2014-12-15,4.178818490859571,4.208287597228429,4.025332195679684,4.052038192749023,73699200
2014-12-16,3.99647624911563,4.117115770363244,3.9169697669397467,3.9185051918029785,75068800
2014-12-17,3.9240289638549744,4.083960863737803,3.913898349398404,4.057868957519531,80835200
2014-12-18,4.179432427905411,4.2589382226526675,4.155181329051621,4.258324146270752,61945600
2014-12-19,4.264463525549838,4.328927962275381,4.2457386456395,4.286872863769531,48790400
2014-12-22,4.281650165010174,4.317893933941169,4.27581520550788,4.31635856628418,38771200
2014-12-23,4.347687603766351,4.347994114874906,4.274586110390308,4.288100719451904,27267200
2014-12-24,4.294857819139139,4.324650791203965,4.289328902663361,4.293015003204346,8214400
2014-12-26,4.317587513342112,4.370416628510665,4.315744228506475,4.353830814361572,16185600
2014-12-29,4.344616581716481,4.369495070418749,4.340316520795973,4.351988315582275,20131200
2014-12-30,4.322502419202414,4.3452315834510795,4.28011623272727,4.2902512550354,28761600
2014-12-31,4.303763685485805,4.339700464512971,4.19104073568928,4.199947834014893,36044800
2015-01-02,4.241720665841124,4.279192817626034,4.137597819286278,4.182441234588623,49910400
2015-01-05,4.141897130714726,4.150803760074454,4.032551898695747,4.054973602294922,56867200
2015-01-06,4.067260264743342,4.079853934036673,3.9109222638553445,3.9480865001678467,52531200
2015-01-07,3.999688672746049,4.066032875629187,3.9794167548642814,4.046682834625244,52400000
2015-01-08,4.118247696142548,4.218685869002063,4.108726635025439,4.2014851570129395,52544000
2015-01-09,4.226670002159223,4.231891000519695,4.100124999886871,4.147425651550293,55964800
2015-01-12,4.165240800951104,4.169540860693259,4.039924171602259,4.062038898468018,41520000
2015-01-13,4.1394411937615025,4.225442872884333,3.9932381986512557,4.055896759033203,75494400
2015-01-14,3.9748094695033336,4.054053841731426,3.9425583133817605,4.015659809112549,73990400
2015-01-15,4.050675025397105,4.062654268174421,3.8989435742754126,3.909694194793701,57065600
2015-01-16,3.8949511208802496,4.010131357413285,3.8863509990520306,4.001838684082031,70736000
2015-01-20,4.049139717625539,4.0820038989428635,3.9579160953080335,4.063575267791748,62960000
2015-01-21,4.039309732734956,4.140975798896647,4.010130253842685,4.104732036590576,58675200
2015-01-22,4.135142298154056,4.264451130056378,4.063269168213023,4.256465435028076,63420800
2015-01-23,4.2567725754052885,4.300694597888486,4.231278718059733,4.274893760681152,55900800
2015-01-26,4.2659860609078235,4.280729058006355,4.222063580725889,4.266292572021484,45145600
2015-01-27,4.131762479696711,4.134833684033856,4.016582240616518,4.047603607177734,64156800
2015-01-28,4.174455541778071,4.181212845781514,4.000301942482809,4.003373146057129,67196800
2015-01-29,3.993544779937887,4.092139650992241,3.925971971845606,4.0767822265625,60240000
2015-01-30,4.072175563088659,4.1326843340637325,4.004295995478818,4.017196178436279,50736000
2015-02-02,4.03193751118227,4.092138333102959,3.9096923489833584,4.085381031036377,51113600
2015-02-03,4.113946966526878,4.1683128493740496,4.060502960331091,4.163704872131348,51491200
2015-02-04,4.126541634833385,4.210700041855103,4.110262329679352,4.154184818267822,57708800
2015-02-05,4.17599246868862,4.232200717341136,4.155413569237408,4.226978778839111,41363200
2015-02-06,4.242334670702132,4.260149338845339,4.145890066389867,4.175683975219727,41513600
2015-02-09,4.143126497963522,4.187970384437945,4.129918868972628,4.148655414581299,32976000
2015-02-10,4.19564818684084,4.289328561673835,4.18121264027541,4.278271198272705,37068800
2015-02-11,4.285642076812159,4.328028706189069,4.272127472160316,4.310214042663574,40476800
2015-02-12,4.364579630159206,4.412494713022583,4.351986899991202,4.408502101898193,42793600
2015-02-13,4.435839533552712,4.485597451265578,4.418639288845623,4.483754634857178,52553600
2015-02-17,4.483754866645419,4.498498336017819,4.463176436573471,4.4926629066467285,30774400
2015-02-18,4.482526266187147,4.50986293860165,4.469933531118136,4.505869388580322,27852800
2015-02-19,4.500032960506128,4.555012335632566,4.497576184944042,4.54979133605957,37606400
2015-02-20,4.544261431255908,4.6155200925186435,4.516003831722127,4.610298156738281,42032000
2015-02-23,4.607534795605177,4.621663832351902,4.585420066845069,4.621049404144287,28160000
2015-02-24,4.60815027871778,4.636714869846985,4.581428035290368,4.626885890960693,33712000
2015-02-25,4.612449204651247,4.6471566647068405,4.583577172117795,4.602927207946777,32339200
2015-02-26,4.611221711599426,4.653914871814498,4.587570673802278,4.6496148109436035,29814400
2015-02-27,4.646235944322145,4.651764392341924,4.594327304331746,4.609070301055908,25292800
2015-03-02,4.624735728924903,4.694457633377304,4.6238133835616635,4.692000389099121,36713600
2015-03-03,4.662515144084977,4.6726515712804275,4.588799209912106,4.645928859710693,48896000
2015-03-04,4.6176706458207555,4.629649887788291,4.5611554317402705,4.612449645996094,41088000
2015-03-05,4.635485440086346,4.655142926757255,4.58972107890679,4.6265788078308105,34275200
2015-03-06,4.616135125035652,4.633027917803742,4.4991111514299815,4.51969051361084,46400000
2015-03-09,4.539962087297219,4.570062507180394,4.503104363344359,4.544876575469971,29580800
2015-03-10,4.483138259774282,4.484366647160888,4.379629398783798,4.381779193878174,58320000
2015-03-11,4.391917755678602,4.402053245401923,4.325266107869834,4.3286452293396,43008000
2015-03-12,4.321273272507898,4.395909672705263,4.316665294619279,4.387309551239014,39644800
2015-03-13,4.378402723827107,4.411881331421962,4.292707555446994,4.346765995025635,60326400
2015-03-16,4.37809393689207,4.461331844329834,4.36980173459766,4.461331844329834,39872000
2015-03-17,4.4336896293083194,4.485904784998248,4.414338653522433,4.472390174865723,30633600
2015-03-18,4.4475106750754385,4.600470507211237,4.402666784821616,4.561769962310791,36582400
2015-03-19,4.57129239273281,4.598321615096872,4.558084292707425,4.574056148529053,28147200
2015-03-20,4.647463522587119,4.6781783671374,4.632720528430957,4.637020587921143,28662400
2015-03-23,4.62934153065285,4.6542209490810675,4.611834312504859,4.613984107971191,28208000
2015-03-24,4.612756762787681,4.6557578415858005,4.579278151526921,4.58112096786499,28886400
2015-03-25,4.597377978334073,4.604138865539968,4.368123505170309,4.370889663696289,73417600
2015-03-26,4.301437115448639,4.390864354498804,4.270705982998719,4.341694355010986,73030400
2015-03-27,4.338928374616309,4.39608828971877,4.327250396276304,4.377035140991211,38044800
2015-03-30,4.4301993281197305,4.483671188354492,4.429892185664509,4.483671188354492,51913600
2015-03-31,4.452019459578233,4.469535961168261,4.379493968521569,4.380723476409912,37097600
2015-04-01,4.379185591211552,4.381951749016616,4.279309897524756,4.33554744720459,47820800
2015-04-02,4.344152765371216,4.367816336831505,4.314650672821595,4.339850425720215,29948800
2015-04-06,4.289144478994429,4.435116876584004,4.276544134319348,4.41114616394043,45132800
2015-04-07,4.407767101096062,4.46922936684713,4.39578104019165,4.39578104019165,31840000
2015-04-08,4.399776756418556,4.477526017043379,4.39793296345226,4.465541362762451,44048000
2015-04-09,4.461853507351659,4.523930524013755,4.431122375983075,4.521471977233887,32569600
2015-04-10,4.519013432708333,4.558655916948996,4.4975017345235635,4.557734489440918,26812800
2015-04-13,4.56572489078989,4.610592080084866,4.525159572218687,4.534379005432129,33088000
2015-04-14,4.526080861932321,4.551588225434192,4.458165795051183,4.50917911529541,32924800
2015-04-15,4.533456320228992,4.583855353464116,4.522393094937389,4.562036514282227,32646400
2015-04-16,4.540217332265946,4.567260407903237,4.528232679197022,4.550973415374756,25638400
2015-04-17,4.46554044924652,4.48951069074454,4.37150327584355,4.410839080810547,56896000
2015-04-20,4.454169806442547,4.556196908459769,4.451096506047652,4.542060852050781,42476800
2015-04-21,4.592460145627997,4.609669503413568,4.570948448396033,4.579553127288818,31036800
2015-04-22,4.603830952960359,4.644702942978022,4.544827239966938,4.629030704498291,38540800
2015-04-23,4.599835115607344,4.704628845863666,4.597684649357918,4.666214466094971,35187200
2015-04-24,4.763325597675879,4.802969021696827,4.748267642669365,4.789754390716553,35782400
2015-04-27,4.827859922288731,4.844454523454486,4.747037382450689,4.767934322357178,44921600
2015-04-28,4.773465991896655,4.791596773504211,4.667750850845739,4.745500087738037,40409600
2015-04-29,4.69202868275359,4.749188603059855,4.636405881644385,4.6886491775512695,52985600
2015-04-30,4.636097863530393,4.672668448808916,4.492890698380305,4.5377583503723145,66310400
2015-05-01,4.574943862638449,4.6649858528001165,4.57463625121492,4.661297798156738,50771200
2015-05-04,4.6911066217612305,4.732593360124751,4.669902069990652,4.6738972663879395,32883200
2015-05-05,4.639786293506165,4.65515185988848,4.518705555386346,4.525466442108154,56124800
2015-05-06,4.538064545369287,4.563570960309612,4.399774516268995,4.464924335479736,69468800
2015-05-07,4.457550730371738,4.53806613660344,4.450789844620394,4.513481140136719,59894400
2015-05-08,4.605061292190159,4.6453185355821995,4.593075699231422,4.624421119689941,46412800
2015-05-11,4.631795542948466,4.649619653048142,4.5835479169384765,4.586927890777588,33456000
2015-05-12,4.534379736518788,4.593690135743067,4.465848964754744,4.548515796661377,35318400
2015-05-13,4.588465039848518,4.634561731087777,4.5531239618798764,4.566030979156494,33769600
2015-05-14,4.638864572890692,4.707394394408923,4.606596322822571,4.698175430297852,39398400
2015-05-15,4.724910959780346,4.7362808571094765,4.677277153103735,4.700325965881348,25430400
2015-05-18,4.681581125713557,4.758102291757982,4.676049746338733,4.740584850311279,19603200
2015-05-19,4.749496601996029,4.764554086343474,4.715077887191055,4.72798490524292,23190400
2015-05-20,4.7344386490777275,4.791598579731415,4.686498152836553,4.733209609985352,20947200
2015-05-21,4.720915602274182,4.796514381380611,4.706164792541143,4.784221649169922,15408000
2015-05-22,4.773774785057602,4.809423017086056,4.767013897296346,4.778077125549316,16776000
2015-05-26,4.751647911646502,4.766399193969494,4.626879579413917,4.663756847381592,20833600
2015-05-27,4.693872360159879,4.824172034460802,4.672360196796066,4.813723564147949,19657600
2015-05-28,4.797128514176504,4.817410699088746,4.763938844884117,4.792826175689697,13361600
2015-05-29,4.78545237749644,4.799588436994743,4.714770673245206,4.738740921020508,20968000
2015-06-01,4.784838006559722,4.7922136483579445,4.6914155550486285,4.765170097351074,24211200
2015-06-02,4.730749540605681,4.78237760643086,4.6864966448013785,4.736280918121338,18238400
2015-06-03,4.778690668441642,4.800202365448089,4.742428160476463,4.76393985748291,20905600
2015-06-04,4.708623031226995,4.771314320184742,4.662526343519319,4.695101261138916,28294400
2015-06-05,4.682194947131947,4.701862851413748,4.615200840443428,4.6705169677734375,30273600
2015-06-08,4.664370478065352,4.671131363605205,4.556196778347479,4.576479434967041,25294400
2015-06-09,4.5531252274134335,4.5924610440240095,4.49104820132615,4.561729907989502,36558400
2015-06-10,4.5906155859433575,4.710466785441779,4.581396154692767,4.6797356605529785,29083200
2015-06-11,4.7172284442780645,4.739354895341359,4.6797364282496945,4.69633150100708,23548800
2015-06-12,4.647160846688181,4.666828748298219,4.608439797277104,4.619503021240234,21289600
2015-06-15,4.5506659848481785,4.587543248670188,4.497808401432687,4.575865268707275,30616000
2015-06-16,4.562957882478786,4.637941911934931,4.560499335899261,4.62196159362793,19147200
2015-06-17,4.638556694361561,4.678507255915066,4.591230493024083,4.647776126861572,30118400
2015-06-18,4.68096581981673,4.7983584893968105,4.677892519332091,4.779919624328613,37004800
2015-06-19,4.789140282583217,4.795286416205703,4.733209857022677,4.734438896179199,21691200
2015-06-22,4.809421487506512,4.834621237314885,4.784836491549996,4.80450439453125,25342400
2015-06-23,4.816182221293632,4.821713599026586,4.775002623993482,4.813108921051025,18539200
2015-06-24,4.8014315303845,4.8426111287020985,4.761480970842443,4.765783309936523,20600000
2015-06-25,4.798973350439265,4.810036575943263,4.729520696862013,4.743042469024658,18832000
2015-06-26,4.741814535342457,4.763326237469623,4.64654782302509,4.685269355773926,24121600
2015-06-29,4.5764792653782065,4.62995159387015,4.457857099283492,4.465847492218018,60380800
2015-06-30,4.529768009215597,4.54636308067271,4.465232922770693,4.495964050292969,41563200
2015-07-01,4.583241155941848,4.59860672243876,4.5230079289492116,4.564188003540039,35521600
2015-07-02,4.585698061801168,4.597376038214067,4.538986625069276,4.567873954772949,24888000
2015-07-06,4.509487038210317,4.596148597368453,4.489819130045923,4.5463643074035645,30097600
2015-07-07,4.552510022948026,4.575865515212175,4.387176377386902,4.564188003540039,45302400
2015-07-08,4.5002664428767645,4.511329667673067,4.392092741415123,4.407458305358887,34675200
2015-07-09,4.522392585063311,4.531612016586845,4.398853328055388,4.401311874389648,33920000
2015-07-10,4.519319732862399,4.569718765410781,4.487359565188713,4.538987636566162,30080000
2015-07-13,4.615816643335016,4.703092959112594,4.613972850158296,4.693259239196777,35947200
2015-07-14,4.706165216810877,4.78176400273268,4.703706670147097,4.7559494972229,27507200
2015-07-15,4.77377252701935,4.802659857622575,4.739353819366006,4.767011642456055,28744000
2015-07-16,4.84322699218005,4.901615960251449,4.826017162940996,4.8997721672058105,29054400
2015-07-17,4.978443781387905,5.042364597320557,4.9649220072013955,5.042364597320557,26270400
2015-07-20,5.071866247751862,5.117348664579434,5.035603734007611,5.081085681915283,32852800
2015-07-21,5.082314618332447,5.097680183903489,5.044207846905116,5.071251392364502,21862400
2015-07-22,4.917594995662179,5.0061003211497495,4.917594995662179,4.961233139038086,25454400
2015-07-23,4.97045214025273,4.999953756553337,4.896082876806957,4.919438362121582,23305600
2015-07-24,4.972911658199018,4.97844303649138,4.810036576184162,4.826016426086426,25414400
2015-07-27,4.76885650556071,4.810650860918054,4.723989318569929,4.743042469024658,33828800
2015-07-28,4.787294652746122,4.84445456445376,4.711081593442524,4.82478666305542,35726400
2015-07-29,4.845070557924862,4.883176862866732,4.810037084941596,4.864738464355469,22785600
2015-07-30,4.838310216695471,4.9243574928770135,4.782379323055494,4.908377170562744,29233600
2015-07-31,4.939722341163744,4.943409926960342,4.87641581516302,4.896698474884033,24971200
2015-08-03,4.897926756796265,4.924355542536353,4.8020453298053845,4.869654178619385,31363200
2015-08-04,4.862280814443492,4.877031629757749,4.806349916791992,4.846915245056152,29428800
2015-08-05,4.901001646543894,4.98643417074587,4.891167926443781,4.9206695556640625,31587200
2015-08-06,4.9280428955422595,4.942793703262304,4.720300673189293,4.767011642456055,33689600
2015-08-07,4.7411981668695,4.774387839815617,4.674204536068474,4.75103235244751,34811200
2015-08-10,4.808806338042727,4.880102773559214,4.808806338042727,4.858591079711914,28721600
2015-08-11,4.806348702160632,4.846299266255644,4.6821951392110455,4.736896514892578,34705600
2015-08-12,4.66990385262041,4.786067514652731,4.569720044437655,4.765170097351074,45950400
2015-08-13,4.776847430940757,4.8223293768868345,4.7313654849946785,4.747960090637207,27896000
2015-08-14,4.729520783361119,4.778690779593683,4.710467632557923,4.763325214385986,22438400
2015-08-17,4.741812781414137,4.846913174863112,4.719071579622812,4.842610836029053,23760000
2015-08-18,4.83154808983023,4.838923729526465,4.781763811410119,4.795899868011475,18832000
2015-08-19,4.767012479526681,4.816182472453871,4.676048602207127,4.731364727020264,43784000
2015-08-20,4.6434736754358115,4.674819088691284,4.468305868924409,4.471993923187256,57112000
2015-08-21,4.345997042750257,4.417907785899681,4.088469982147217,4.088469982147217,72264000
2015-08-24,3.432666745387014,4.087239835360242,3.3804239239821543,3.780543088912964,62776000
2015-08-25,4.044216218815661,4.09154194477153,3.7319878777226623,3.736290216445923,48299200
2015-08-26,3.951407761040848,4.125960310598493,3.7983666688463367,4.110594749450684,62598400
2015-08-27,4.229217121183593,4.325098546619733,4.130877618484752,4.317108154296875,77176000
2015-08-28,4.279002856838235,4.34784029029159,4.255032612129321,4.322026252746582,35776000
2015-08-31,4.269783865192448,4.3158805665401365,4.189268443559517,4.210780143737793,33188800
2015-09-01,4.004881492856447,4.127191271363548,3.9120733395462954,3.9563262462615967,52409600
2015-09-02,4.086010605843679,4.170828342437744,4.00057764652939,4.170828342437744,34131200
2015-09-03,4.205247309526501,4.25810488552266,4.105678758074963,4.125346660614014,30068800
2015-09-04,4.013484043339131,4.084779990506967,3.9833672112403065,4.0288496017456055,36164800
2015-09-08,4.186809861271527,4.265481489214827,4.151161633322254,4.255033016204834,26227200
2015-09-09,4.357673414339649,4.358902452957296,4.138867495739699,4.161608695983887,33084800
2015-09-10,4.150545298965486,4.305430417809029,4.143784414552173,4.248270511627197,32974400
2015-09-11,4.21078015726207,4.296212673187256,4.188038949046341,4.296212673187256,22892800
2015-09-14,4.328172459292174,4.329401967150523,4.239052365275938,4.2697834968566895,16958400
2015-09-15,4.290066545481008,4.398239800837579,4.261793489212014,4.368738174438477,25451200
2015-09-16,4.374268759069624,4.428970130797759,4.342923345328655,4.419751167297363,29134400
2015-09-17,4.416678981069326,4.5555838495285546,4.387176883665978,4.4240546226501465,47859200
2015-09-18,4.290065163884397,4.401926438206346,4.285148071428108,4.301128387451172,29516800
2015-09-21,4.345995702270183,4.394550936722523,4.248885233365502,4.326327800750732,30708800
2015-09-22,4.190497474526975,4.222457647741683,4.1167429400807904,4.197873115539551,33185600
2015-09-23,4.216311053572537,4.240281298092025,4.160380639333677,4.20033073425293,22238400
2015-09-24,4.116742471059784,4.202174976812572,4.049748362357908,4.174516677856445,38792000
2015-09-25,4.2617932003175785,4.267939801910637,4.049748575113287,4.100762367248535,32265600
2015-09-28,4.062655141269784,4.070030781006884,3.8432348999790444,3.8672051429748535,42627200
2015-09-29,3.887487894612221,3.964930472505999,3.7707095083418807,3.829098701477051,44256000
2015-09-30,3.9354268956831957,4.01102565228074,3.9046957776860824,3.9981186389923096,46081600
2015-10-01,4.012871012110306,4.037456009896967,3.9102289159798977,4.034997463226318,33644800
2015-10-02,3.9262090002484094,4.180048184555549,3.90100948452997,4.176360130310059,46131200
2015-10-05,4.236593526429318,4.320796989967153,4.221842715584965,4.299899578094482,42155200
2015-10-06,4.2802315063433225,4.306045541539788,4.191111421961323,4.259334564208984,29628800
2015-10-07,4.310348126907038,4.326943199709528,4.199716340209703,4.307275295257568,43841600
2015-10-08,4.274085957405138,4.356445167289385,4.192341032547585,4.341694355010986,47060800
2015-10-09,4.3478404965706225,4.398239535134324,4.3232554967766506,4.377957344055176,32612800
2015-10-12,4.399468218524369,4.417906613224402,4.367507584105996,4.40315580368042,16592000
2015-10-13,4.350297968100677,4.44064755038127,4.337390951906271,4.342308044433594,32056000
2015-10-14,4.344766964094736,4.38840510895562,4.29436793365768,4.332474231719971,24844800
2015-10-15,4.363821640588042,4.474453926086426,4.3515293728304245,4.474453926086426,32547200
2015-10-16,4.49104749420767,4.5156324929483365,4.450482644867443,4.51378870010376,21331200
2015-10-19,4.498422810736208,4.568489747306204,4.479369191900637,4.5648016929626465,21553600
2015-10-20,4.549437210945608,4.564802779093643,4.48674589922639,4.517477035522461,18777600
2015-10-21,4.557426177124867,4.569718440220046,4.456628119201105,4.460315704345703,21136000
2015-10-22,4.537759510247354,4.648391314983339,4.515018301518113,4.642859935760498,37652800
2015-10-23,4.887479457312312,4.939108007456687,4.8419975092450525,4.902230739593506,33454400
2015-10-26,4.891780439954267,4.926199620139225,4.85797648251018,4.909604549407959,19278400
2015-10-27,4.880104165767386,4.940951679699836,4.880104165767386,4.926200866699219,15944000
2015-10-28,4.946482104345805,5.009173393249512,4.865351952807021,5.009173393249512,28817600
2015-10-29,4.960620016197119,5.009790022349827,4.952630089488275,4.993809700012207,17475200
2015-10-30,4.996882447582337,5.014706092194888,4.947712446877713,4.950170993804932,21201600
2015-11-02,4.976599016865397,5.07063619490742,4.953857812998319,5.063260555267334,16329600
2015-11-03,5.039905525869333,5.129640372864429,5.025154714164346,5.097065448760986,13467200
2015-11-04,5.128411103014044,5.134557235204383,5.054041824995339,5.098294258117676,21131200
2015-11-05,5.101367211771584,5.129025039207247,5.015319960198707,5.063875198364258,16120000
2015-11-06,5.046050734807682,5.087230330612328,4.983973729735757,5.076167106628418,25353600
2015-11-09,5.0368320020797235,5.049124735389272,4.904073764775399,4.968608856201172,22112000
2015-11-10,4.913908724723417,4.950171711003965,4.884407095162242,4.938493728637695,16998400
2015-11-11,4.969223330754204,5.014705269143217,4.912063413607548,4.928658485412598,16364800
2015-11-12,4.886248622443483,4.934189099938413,4.826015414232077,4.831547260284424,22065600
2015-11-13,4.792826433743249,4.8020453960543925,4.6373265482455155,4.643473148345947,30329600
2015-11-16,4.632410884517114,4.777461861251427,4.6139720182346755,4.775617599487305,21680000
2015-11-17,4.794055816863943,4.850600978060564,4.757178558210485,4.781763553619385,30881600
2015-11-18,4.819254798773203,4.974754201764671,4.81003536834784,4.962461471557617,26038400
2015-11-19,4.969223159152553,5.017163642409747,4.954472349439521,4.971066951751709,22539200
2015-11-20,5.017163476994577,5.046050810548369,5.008558799202355,5.036831378936768,16281600
2015-11-23,5.039290612497258,5.079241175649033,4.967379880175962,5.009788990020752,14972800
2015-11-24,4.944024094834431,5.023924747448411,4.894854101749053,5.003642559051514,19467200
2015-11-25,5.013475365514637,5.027611888357426,4.9888903734383225,5.00855827331543,13878400
2015-11-27,5.028841809872355,5.043592620140087,4.990735042017592,5.024539470672607,6292800
2015-11-30,5.049125151231975,5.052197983122566,4.96492167957598,4.997496604919434,17892800
2015-12-01,5.035603547804698,5.097680568695068,5.02454032100166,5.097680568695068,19022400
2015-12-02,5.105056337113929,5.148694495458146,5.019009528502761,5.037447929382324,16875200
2015-12-03,5.060802393929415,5.076167959325975,4.803890590661984,4.864123344421387,26660800
2015-12-04,4.888707188731272,5.106283599652275,4.872726873193869,5.088459491729736,25499200
2015-12-07,5.094605531546941,5.099522623765861,4.996266031767165,5.044821262359619,14718400
2015-12-08,4.940334830109219,5.076166328300337,4.934188699709379,5.046664714813232,18996800
2015-12-09,4.999955419285146,5.05404251535578,4.830934181904198,4.892396450042725,30688000
2015-12-10,4.914521308267115,4.999339041945524,4.883790184176711,4.9348039627075195,25616000
2015-12-11,4.822328252726987,4.844454701038925,4.700633255931098,4.70985221862793,33006400
2015-12-14,4.7246038830012855,4.782992839813232,4.587542843026979,4.782992839813232,38403200
2015-12-15,4.862279053235931,4.919438969409255,4.824172286147118,4.838308811187744,23908800
2015-12-16,4.899771836595262,4.994423780883895,4.796515212727649,4.9741411209106445,32404800
2015-12-17,5.024540218464977,5.024540218464977,4.833392534719875,4.836465835571289,29236800
2015-12-18,4.798971472354234,4.8229417067454685,4.651462013002266,4.656993389129639,34099200
2015-12-21,4.735053596702039,4.753491997361105,4.668059474890277,4.752877712249756,27478400
2015-12-22,4.801215127475419,4.827044531473558,4.752630980412834,4.81474494934082,15635200
2015-12-23,4.862098139487629,4.891002669354886,4.84672342949006,4.887312889099121,13251200
2015-12-24,4.88300848016864,4.910682773267998,4.878088459866856,4.8836236000061035,7520000
2015-12-28,4.859023521374722,4.876858241431278,4.788299760929459,4.874398231506348,18648000
2015-12-29,4.93343704276407,5.050284933146053,4.930977032848785,5.027530193328857,15214400
2015-12-30,5.018304585104581,5.023839723954467,4.938356385219142,4.9408159255981445,10608000
2015-12-31,4.90145806747906,4.920523029684922,4.815360054416387,4.819049835205078,20696000
2016-01-04,4.603803583639855,4.621023185203196,4.494335714388082,4.617948055267334,35806400
2016-01-05,4.654231256934168,4.670221083366962,4.5539883376029975,4.593347549438477,26548800
2016-01-06,4.436526061465214,4.559523735404808,4.436526061465214,4.510324478149414,27740800
2016-01-07,4.316602966876396,4.4279156974606,4.221894713710185,4.229274272918701,48697600
2016-01-08,4.294464078904942,4.3393579690304955,4.147481889898533,4.1554765701293945,42179200
2016-01-11,4.21574458650736,4.238498851173689,4.0558472682314415,4.184995174407959,41776000
2016-01-12,4.261868412318341,4.320907223195634,4.159165026360084,4.282162666320801,38926400
2016-01-13,4.311684532585824,4.331979266265706,3.969135947197059,3.9838955402374268,50889600
2016-01-14,4.015258843459014,4.221894958875782,3.8861111540238196,4.1511712074279785,68628800
2016-01-15,3.872582125817122,3.9808202182744745,3.788328544018085,3.89410662651062,65014400
2016-01-19,4.0004992863605855,4.010338855686769,3.8184625618375643,3.9107108116149902,39897600
2016-01-20,3.7920183438317734,3.969135063059375,3.616131629516798,3.8885715007781982,71588800
2016-01-21,3.9162462363464163,4.009109618170348,3.814773054268496,3.897796630859375,39494400
2016-01-22,4.043548811584244,4.1216521335125655,4.02325408136703,4.119807243347168,30761600
2016-01-25,4.0952077698816485,4.135182112059223,3.989430153022619,3.999884843826294,21739200
2016-01-26,4.027558671958607,4.1007424375545005,3.9611402851141064,4.070608139038086,21836800
2016-01-27,4.022024422106901,4.054618733793199,3.831992988038742,3.8664321899414062,35966400
2016-01-28,3.989430000387133,3.9961949104598484,3.8412175677744553,3.973440170288086,42700800
2016-01-29,3.9734401087520954,4.141946799774361,3.969135208699666,4.140101909637451,38099200
2016-02-01,4.097667973657485,4.1929913734184465,4.0687639099276804,4.156706809997559,38388800
2016-02-02,4.1234969772168215,4.125956517663826,3.9568347254009253,3.9808197021484375,40942400
2016-02-03,4.031863976274006,4.031863976274006,3.8061633362284124,3.944535732269287,61872000
2016-02-04,3.9217809963814925,4.00357433036822,3.849212347497324,3.943305730819702,38441600
2016-02-05,3.9131706123150263,3.9131706123150263,3.6376558825086063,3.666560173034668,68220800
2016-02-08,3.5318783972098697,3.5859974420554552,3.4211805322162063,3.5552480220794678,89908800
2016-02-09,3.459309819796406,3.6388863236118736,3.4488551293932073,3.5312633514404297,62656000
2016-02-10,3.617977329730099,3.7053055810236497,3.5546333569500934,3.5613982677459717,52228800
2016-02-11,3.467919547200955,3.605061932135795,3.448855056960347,3.5546329021453857,64488000
2016-02-12,3.6302770674844136,3.6634865030358004,3.5620133059397285,3.656721591949463,37144000
2016-02-16,3.761883567672992,3.816002607345581,3.7188345715010347,3.816002607345581,39641600
2016-02-17,3.8793474193399473,4.005419775404601,3.857822681919567,3.9937353134155273,51164800
2016-02-18,4.017104027670667,4.01894891771509,3.892261463209875,3.9051761627197266,37030400
2016-02-19,3.870122476778665,3.95007116589499,3.8485979740777982,3.927931308746338,21908800
2016-02-22,3.9998844308127075,4.060768148310999,3.991889750882271,4.0540032386779785,25412800
2016-02-23,4.004804641591795,4.0281740319495105,3.915016156629852,3.920551061630249,24014400
2016-02-24,3.8301470037579035,4.003573683164321,3.7803331022982527,3.9955790042877197,47172800
2016-02-25,4.012799545347538,4.07183837890625,3.9396157713117153,4.07183837890625,36518400
2016-02-26,4.131492361481851,4.136412381612924,4.044164115550542,4.062613487243652,28660800
2016-02-29,4.055233199022915,4.114887142117373,3.990044116973877,3.990044116973877,23267200
2016-03-01,4.061997814079446,4.246494299759987,4.0417030880468685,4.244034290313721,29036800
2016-03-02,4.234809834184057,4.249569423273018,4.183150568574378,4.248339653015137,33582400
2016-03-03,4.239728461975936,4.243418240737333,4.173309629078441,4.233578205108643,27324800
2016-03-04,4.239730365236107,4.290774048078145,4.18192130296325,4.237270355224609,27908800
2016-03-07,4.193606875953194,4.241575905532056,4.123498222076549,4.186226844787598,33275200
2016-03-08,4.124111208591368,4.197910082870604,4.098896933381772,4.113041400909424,31656000
2016-03-09,4.1493276946586,4.167777069073327,4.099513773780123,4.1671624183654785,33705600
2016-03-10,4.206521194721185,4.248955079753729,4.04969894845611,4.156706809997559,51094400
2016-03-11,4.2464960192634,4.298769950866699,4.218206133775528,4.298769950866699,34801600
2016-03-14,4.266173701534495,4.333822315866641,4.265558581902721,4.31168270111084,36288000
2016-03-15,4.280319596072359,4.317833929741126,4.255719963784796,4.309839248657227,18264000
2016-03-16,4.287085189303357,4.4088531304561736,4.287085189303357,4.386098384857178,26411200
2016-03-17,4.358422679497598,4.400856557314155,4.328903031747968,4.381176948547363,22763200
2016-03-18,4.400855554815732,4.4168453799209795,4.35042653951344,4.397780895233154,19916800
2016-03-21,4.379947499057509,4.434681429611278,4.373797708842272,4.4297614097595215,18492800
2016-03-22,4.376258110705062,4.47527082119545,4.376258110705062,4.454361438751221,20251200
2016-03-23,4.434683051434139,4.437758182265833,4.360269483458223,4.376873970031738,19715200
2016-03-24,4.330747928723852,4.381792075331942,4.319678119449795,4.379332065582275,31988800
2016-03-28,4.405161018229425,4.405161018229425,4.351657336486627,4.368261814117432,21395200
2016-03-29,4.351043664397927,4.512170821305642,4.335668951802881,4.502330780029297,26508800
2016-03-30,4.558907528411298,4.6062618843359395,4.531848365653139,4.552757740020752,21083200
2016-03-31,4.547838723088996,4.576743251008163,4.523239564109935,4.538614273071289,21683200
2016-04-01,4.482035160492976,4.636397375798491,4.4697355805287255,4.632092475891113,27049600
2016-04-04,4.629634027463454,4.638243830181978,4.577360091186967,4.5951948165893555,15491200
2016-04-05,4.52446989580456,4.560139337628726,4.49802537434167,4.512170314788818,22894400
2016-04-06,4.51770498731706,4.658537395239391,4.51770498731706,4.6573076248168945,24446400
2016-04-07,4.605033208262604,4.618563028833611,4.483880881328905,4.51708984375,25952000
2016-04-08,4.578588686928075,4.600113657399551,4.48449553193745,4.51708984375,20640000
2016-04-11,4.555834532128363,4.598883535777946,4.480805866454275,4.4820356369018555,21836800
2016-04-12,4.48572563722643,4.573668999105553,4.4328365961411444,4.558908939361572,22438400
2016-04-13,4.627171852597076,4.687440912636981,4.615487393914982,4.674526214599609,29584000
2016-04-14,4.676371581265237,4.707736119239168,4.649311943076052,4.6739115715026855,17824000
2016-04-15,4.6653023269446905,4.684981938187421,4.627172874887363,4.649312496185303,13128000
2016-04-18,4.6234829385361875,4.700971610466661,4.617947798798833,4.698511600494385,15134400
2016-04-19,4.710195281497278,4.728029998944195,4.590272747697645,4.640701770782471,15326400
2016-04-20,4.640086638020361,4.691130780652351,4.609952342032314,4.646236896514893,16120000
2016-04-21,4.64623831197989,4.681907288440863,4.609338626566691,4.648697853088379,15380800
2016-04-22,4.531849446447955,4.570593544827327,4.43960119099326,4.510324478149414,20971200
2016-04-25,4.48019113424247,4.509710788726807,4.465431541599797,4.509710788726807,20844800
2016-04-26,4.526313965875726,4.542303793658009,4.438370616871452,4.468505382537842,21633600
2016-04-27,4.373796886530617,4.413156099546963,4.320907856065122,4.391631603240967,35660800
2016-04-28,4.402701746323981,4.454976135872364,4.267404485513718,4.289544105529785,28190400
2016-04-29,4.2821647144789985,4.303074567256853,4.176387087646332,4.240960597991943,34160000
2016-05-02,4.2575643472249265,4.332592528162869,4.228659821103487,4.319677829742432,20142400
2016-05-03,4.258794841912134,4.297538943764484,4.218820500458731,4.241575241088867,17856000
2016-05-04,4.191761985461547,4.220051401131157,4.165932110981462,4.186226844787598,22870400
2016-05-05,4.212671369928122,4.233580754431951,4.16777700143607,4.185611724853516,14476800
2016-05-06,4.146867009554432,4.228660583496094,4.133952308805581,4.228660583496094,18067200
2016-05-09,4.226814673586946,4.289543271976977,4.224354664152205,4.250799179077148,18638400
2016-05-10,4.283395935679949,4.371953980045237,4.266790979787081,4.367649078369141,12568000
2016-05-11,4.354733210194942,4.380563082551475,4.285854801774764,4.290159702301025,14916800
2016-05-12,4.31229800734922,4.317217557019879,4.190530120923036,4.250799179077148,32142400
2016-05-13,4.244649966386487,4.294464348611797,4.203445853902972,4.221280574798584,16592000
2016-05-16,4.231121691262834,4.3547340601575675,4.223741659263528,4.323369979858398,16824000
2016-05-17,4.317217658527624,4.340587514107738,4.1923751092717945,4.216359615325928,19136000
2016-05-18,4.19852575565016,4.291389138860745,4.179461264688643,4.245880126953125,26556800
2016-05-19,4.21328595158869,4.231120672727795,4.139487056958016,4.202830791473389,20454400
2016-05-20,4.236039467860124,4.327057947571592,4.229274558662704,4.291388511657715,15123200
2016-05-23,4.298154412693217,4.333823856838141,4.274169899712761,4.279704570770264,12968000
2016-05-24,4.326443726342764,4.462971239663428,4.326443726342764,4.454361438751221,18547200
2016-05-25,4.486340895874579,4.543534844837267,4.47219642320151,4.518320560455322,18772800
2016-05-26,4.5312342226006415,4.554603611200669,4.504789704543218,4.543533802032471,11008000
2016-05-27,4.549069742642225,4.591504096795946,4.547839502962979,4.590273857116699,11939200
2016-05-31,4.605033867105126,4.621638819890284,4.562599978296513,4.608724117279053,12563200
2016-06-01,4.57735863114206,4.629017430975546,4.5736688509250705,4.606263160705566,13427200
2016-06-02,4.588427898437128,4.628402233123779,4.539843764796287,4.628402233123779,9129600
2016-06-03,4.609336932495216,4.612412061549109,4.524468719474287,4.582892417907715,15198400
2016-06-06,4.600728468294781,4.640087691764085,4.5847391063346565,4.614258289337158,11830400
2016-06-07,4.621021827447197,4.63024674534535,4.5890426438255885,4.5958075523376465,8638400
2016-06-08,4.6038036200829,4.627173012504001,4.576129327236886,4.6081085205078125,10907200
2016-06-09,4.574283068382509,4.60318759520921,4.553988809911706,4.592117786407471,15601600
2016-06-10,4.5090962149134945,4.526930939899426,4.458052050560557,4.489416599273682,18483200
2016-06-13,4.43960055424199,4.486954445469473,4.403316001650511,4.411311149597168,24073600
2016-06-14,4.395322733562406,4.444521530352696,4.349198597647086,4.4156174659729,19985600
2016-06-15,4.435296203796832,4.4451357735347345,4.375642258039505,4.388556957244873,15638400
2016-06-16,4.344277638732699,4.419921411740372,4.289543713473039,4.415001392364502,27001600
2016-06-17,4.397166996307364,4.397166996307364,4.2901591476330605,4.312913417816162,24080000
2016-06-20,4.412542032111856,4.450671484088414,4.357808098796489,4.362728118896484,17139200
2016-06-21,4.378717386993659,4.407621917965718,4.359652896011633,4.391017436981201,15651200
2016-06-22,4.39717041246673,4.446397249776289,4.362711908027187,4.369480609893799,18288000
2016-06-23,4.43655102762128,4.495007946821797,4.401477063885707,4.492546558380127,17403200
2016-06-24,4.1694981854306254,4.3067172357015915,4.107349396447009,4.127655506134033,44379200
2016-06-27,4.073505573538072,4.073505573538072,3.9245950526379283,3.9682836532592773,34388800
2016-06-28,4.04704525428459,4.13688429251119,4.0458147947505445,4.135037899017334,25536000
2016-06-29,4.1965717570185666,4.296255893042181,4.195341297322339,4.279642105102539,23608000
2016-06-30,4.295641334827933,4.38424947443381,4.265490136558386,4.378711700439453,19667200
2016-07-01,4.3774795223383585,4.455011622377342,4.37317220952852,4.422399044036865,17614400
2016-07-05,4.380557536708754,4.386095310591364,4.32210059655203,4.367020130157471,14720000
2016-07-06,4.3276371462894705,4.442704118020263,4.299946879326886,4.437781810760498,21640000
2016-07-07,4.44578171287629,4.48516299429845,4.424860612510352,4.466087818145752,22222400
2016-07-08,4.510391939784166,4.608229680140663,4.498700460321977,4.603922367095947,23932800
2016-07-11,4.632227639645496,4.689453638428306,4.632227639645496,4.658071517944336,16667200
2016-07-12,4.713450948545315,4.726372885929369,4.692529850722135,4.7023749351501465,12889600
2016-07-13,4.72760477019135,4.728835229945294,4.679608858934495,4.682069778442383,13334400
2016-07-14,4.741140842437744,4.760216014765999,4.720219276804532,4.741140842437744,13686400
2016-07-15,4.763908817280519,4.770062054478232,4.707298283922504,4.727604389190674,11956800
2016-07-18,4.731911623539462,4.805751407608754,4.731911623539462,4.79036808013916,10432000
2016-07-19,4.758986039180375,4.783599457430253,4.738680403376487,4.754678726196289,15460800
2016-07-20,4.8082127223093645,4.883898898857694,4.795906248307926,4.866669178009033,15251200
2016-07-21,4.874054518714346,4.890668779028337,4.817443973525792,4.8451337814331055,10196800
2016-07-22,4.850671508938023,4.894360107827118,4.8223662393533395,4.883284091949463,7872000
2016-07-25,4.872207169303447,4.885744571685791,4.8519010657299315,4.885744571685791,7715200
2016-07-26,4.881438425612351,4.930664800311732,4.846364451722525,4.898052215576172,17550400
2016-07-27,4.977429216182868,4.987889765808169,4.920818685839247,4.9608154296875,19049600
2016-07-28,4.978660580540572,5.009427237042852,4.947278459458909,4.998966217041016,16355200
2016-07-29,5.019272547306765,5.045116427252741,4.987890424822684,5.018042087554932,13929600
2016-08-01,5.025424456066998,5.096187844364265,5.013733448399354,5.070343971252441,17864000
2016-08-02,5.056807464851161,5.062345237442602,4.929433531167111,4.9934282302856445,23694400
2016-08-03,4.984813395264021,5.028501987457275,4.981736542089924,5.028501987457275,13172800
2016-08-04,5.026655721566114,5.06480606934446,5.000196382238301,5.056191444396973,14243200
2016-08-05,5.109109940058333,5.174335089313655,5.096188003099929,5.152183532714844,18352000
2016-08-08,5.1564916207607085,5.160183469172261,5.10788024900701,5.142338752746582,9110400
2016-08-09,5.147261229196307,5.195257133586735,5.14233845196091,5.1657209396362305,12280000
2016-08-10,5.168798876381606,5.173721654649034,5.111572870043188,5.139262676239014,10563200
2016-08-11,5.171260313939377,5.203872898708017,5.151569670147255,5.182336330413818,10595200
2016-08-12,5.1632611519182605,5.189105033874512,5.152185135442442,5.189105033874512,12123200
2016-08-15,5.20079587475379,5.255560960141666,5.199565414946652,5.2334089279174805,11044800
2016-08-16,5.211870753374323,5.213717146874999,5.1724894756734,5.176181793212891,10518400
2016-08-17,5.176796705774728,5.194641420302073,5.1195707141738795,5.191565036773682,19310400
2016-08-18,5.184797845318594,5.207564874012358,5.164491736379299,5.196488857269287,12105600
2016-08-19,5.1792596458205304,5.214333620891879,5.149723913898338,5.192181587219238,13158400
2016-08-22,5.174951258898197,5.216178463782273,5.158337471819893,5.198334217071533,9748800
2016-08-23,5.236484521923896,5.25802108626343,5.213717497962915,5.2161784172058105,10059200
2016-08-24,5.211256936635981,5.224178877291284,5.116495569035123,5.1478776931762695,14985600
2016-08-25,5.122033032719074,5.163875705890085,5.110342022049396,5.130647659301758,9433600
2016-08-26,5.136801413218962,5.213102593416157,5.086959108151214,5.146646499633789,21740800
2016-08-29,5.150338131259821,5.189104419063099,5.149723136139904,5.16141414642334,7222400
2016-08-30,5.144184415589661,5.173105145242516,5.092496662606425,5.127570629119873,12595200
2016-08-31,5.110956369039747,5.126955160433806,5.074036478444277,5.114033222198486,12654400
2016-09-01,5.120802275140299,5.154030319796015,5.0703449783213035,5.140492916107178,18008000
2016-09-02,5.191565420249494,5.214332443996327,5.1368008131032745,5.173105239868164,9112000
2016-09-06,5.190949450896549,5.239560816342192,5.17125881282025,5.238329887390137,11809600
2016-09-07,5.247560368849416,5.26294369566685,5.206333165649542,5.246944904327393,9542400
2016-09-08,5.214332269908099,5.216793658507559,5.158337205021485,5.183565616607666,17118400
2016-09-09,5.096189630464954,5.120187588116941,4.9208197593688965,4.9208197593688965,28272000
2016-09-12,4.868516614865905,5.112188514111912,4.866055225645805,5.094959259033203,32851200
2016-09-13,5.045730138143796,5.076496785327599,4.960198896529764,5.007579326629639,27662400
2016-09-14,5.018657424341149,5.109726944420383,5.017426964505554,5.058038711547852,26166400
2016-09-15,5.060499304899197,5.2254085951929214,5.056191991958991,5.214332580566406,21566400
2016-09-16,5.2007966040738305,5.21679540058195,5.157723462854312,5.2075653076171875,19907200
2016-09-19,5.2321779074452754,5.2660214198261714,5.141108860521701,5.160799503326416,20796800
2016-09-20,5.197103673068126,5.221717092697683,5.162029702671135,5.179874420166016,12260800
2016-09-21,5.221715900527646,5.294940678105597,5.163259453032832,5.280172348022461,24152000
2016-09-22,5.344783092777373,5.377395670429611,5.333091614199446,5.36631965637207,14419200
2016-09-23,5.349091309477115,5.350937233888348,5.282635213900981,5.296172618865967,18270400
2016-09-26,5.23771580304592,5.249406813352079,5.193411742305737,5.208795070648193,13180800
2016-09-27,5.205102636870392,5.3146323265811795,5.1927961622548455,5.309709548950195,18976000
2016-09-28,5.321401509267803,5.334938444783254,5.274636056471838,5.330016136169434,15054400
2016-09-29,5.31217105712572,5.3300157743425585,5.20571821840787,5.249406814575195,25457600
2016-09-30,5.278942809241611,5.3601667610172345,5.267251329918893,5.325092792510986,20096000
2016-10-03,5.31032458142774,5.325707908176416,5.27278922660402,5.312170505523682,14316800
2016-10-04,5.3398611294939595,5.367551403589584,5.256791246130984,5.298018455505371,25336000
2016-10-05,5.323862597694827,5.367551667675538,5.322632137867837,5.33309268951416,11352000
2016-10-06,5.320169496077838,5.347859765015954,5.277711365383178,5.329399585723877,15828800
2016-10-07,5.338014859411462,5.35093679870112,5.253714052279596,5.3054022789001465,18608000
2016-10-10,5.354013227403413,5.394009971248325,5.354013227403413,5.368781089782715,10912000
2016-10-11,5.358935765801204,5.36324354820331,5.171874915716349,5.214332580566406,19296000
2016-10-12,5.22233286476609,5.244484896790745,5.178644265345787,5.210641384124756,9936000
2016-10-13,5.139261732323023,5.199564581368396,5.078343888203657,5.173105239868164,17497600
2016-10-14,5.218024542407717,5.262943592939197,5.17679687055069,5.1811041831970215,15888000
2016-10-17,5.178645304199965,5.194643632067789,5.142955859949489,5.154646873474121,11208000
2016-10-18,5.2734044661056325,5.293710571026008,5.2401768919147065,5.2457146644592285,12230400
2016-10-19,5.235869409087138,5.259252368622367,5.226639787651573,5.242638111114502,8024000
2016-10-20,5.229100529354611,5.253098481040879,5.171874536226925,5.232792377471924,14680000
2016-10-21,5.239561777086142,5.2764816715662315,5.20510280203772,5.27217435836792,10553600
2016-10-24,5.338015431434722,5.403240599446901,5.336784971616101,5.398318290710449,12548800
2016-10-25,5.400778902855588,5.405086216168478,5.346014289536586,5.360782623291016,15875200
2016-10-26,5.292480681272824,5.347860759990713,5.26048309380829,5.291249752044678,17249600
2016-10-27,5.336169899002294,5.341707672785878,5.226640658081606,5.244485378265381,15204800
2016-10-28,5.206949448716144,5.265405912027137,5.143569737916898,5.171875476837158,25560000
2016-10-31,5.210026616186397,5.212488005569605,5.160800236908304,5.1620306968688965,12478400
2016-11-01,5.181104562857957,5.182950956523286,4.998351024790173,5.088189601898193,19878400
2016-11-02,5.080190746005553,5.101112318913563,4.980507068119428,5.003889560699463,18243200
2016-11-03,4.9885064517150575,5.021119037626939,4.896206467679776,4.90789794921875,12520000
2016-11-04,4.880822833334941,4.947278930376495,4.853748022807945,4.870362281799316,16256000
2016-11-07,5.025426262019908,5.1128034660144035,5.014965710019579,5.106035232543945,17072000
2016-11-08,5.091266512407806,5.215564075531197,5.068499485594575,5.171875476837158,19294400
2016-11-09,5.04203892719159,5.232792069918551,5.037731614820595,5.21556282043457,27628800
2016-11-10,5.259867812941944,5.278942989784524,4.91035857558332,5.046347141265869,45632000
2016-11-11,5.002042820370331,5.072190756131128,4.968814776673865,5.051884651184082,24038400
2016-11-14,5.056191591941295,5.0623448285887935,4.897435551341772,4.950969696044922,27435200
2016-11-15,5.021734578103642,5.1189573420925445,5.01004309638819,5.088805675506592,20566400
2016-11-16,5.042654707960678,5.152184397176614,5.039578324051647,5.147261619567871,11209600
2016-11-17,5.14172278783276,5.222331736181943,5.120186225091321,5.221100807189941,14073600
2016-11-18,5.228485136989523,5.251252159976245,5.173105067156368,5.183565616607666,9241600
2016-11-21,5.206948303306865,5.298017329450594,5.203255985868387,5.288172245025635,13617600
2016-11-22,5.328168654371244,5.34724429815446,5.294325618299866,5.322630882263184,14211200
2016-11-23,5.285097386328715,5.296788868615455,5.230332763188759,5.27955961227417,13320000
2016-11-25,5.288172553352696,5.315246889196291,5.277711534372571,5.312170505523682,5251200
2016-11-28,5.294941680763477,5.335553422527837,5.2758660348260245,5.289403438568115,12137600
2016-11-29,5.293711015072624,5.373704512368528,5.267251670840465,5.324477672576904,12667200
2016-11-30,5.332476359521187,5.33924459106839,5.189718643302422,5.191565036773682,18036800
2016-12-01,5.191566375839157,5.191566375839157,4.998966783841632,5.01742696762085,20212800
2016-12-02,5.021733719208974,5.074036941447018,4.99219752236031,5.032809734344482,18075200
2016-12-05,5.086343595738007,5.1509532891263925,5.039578149003154,5.110341548919678,12681600
2016-12-06,5.133723436250372,5.153414074233147,5.093726695811716,5.136800289154053,14288000
2016-12-07,5.114033758954861,5.277097134783288,5.083882566574517,5.265405654907227,17998400
2016-12-08,5.270327916715018,5.309709196222942,5.248791352837541,5.283249855041504,17940800
2016-12-09,5.324478277047047,5.370012803873421,5.322632352501138,5.365705490112305,17382400
2016-12-12,5.317708712088044,5.339860741972158,5.273404652319817,5.316478252410889,12670400
2016-12-13,5.351552108271415,5.50907723348207,5.350321179158385,5.451235771179199,25563200
2016-12-14,5.4604668667053655,5.499233160048548,5.398318549453898,5.426623821258545,23904000
2016-12-15,5.439545111372643,5.5084621233556685,5.417393080531832,5.443852424621582,20779200
2016-12-16,5.4678498461318945,5.485694561982139,5.3835490442452665,5.4075469970703125,14985600
2016-12-19,5.416778091093362,5.515231309321058,5.403240685562933,5.450621604919434,13302400
2016-12-20,5.481388174099508,5.510308909169322,5.4715426177089475,5.49307918548584,11360000
2016-12-21,5.493632602559593,5.4985586355267895,5.457303696641969,5.481317520141602,5710400
2016-12-22,5.481933205907847,5.483164948994078,5.408659994764399,5.449914932250977,10484800
2016-12-23,5.432675328521782,5.459767574571275,5.421591987483033,5.45607328414917,4673600
2016-12-27,5.480087153849953,5.575527061854069,5.4751611200673995,5.516415596008301,7228800
2016-12-28,5.5355050531043215,5.54535665302131,5.41851430929014,5.428981781005859,12851200
2016-12-29,5.4228227692947115,5.447452466011018,5.378489409159838,5.410508155822754,8950400
2016-12-30,5.428980364317225,5.430827509458866,5.27011930532231,5.302753925323486,16683200
2017-01-03,5.3735648432386185,5.435138866957406,5.336620522961851,5.394500255584717,13486400
2017-01-04,5.403735298038573,5.4708507440551895,5.403735298038573,5.451147079467773,9744000
2017-01-05,5.445604945417139,5.519493560698018,5.445604945417139,5.512104511260986,9990400
2017-01-06,5.523188260069944,5.637715951088087,5.49609601633668,5.608776092529297,13712000
2017-01-09,5.614936519396339,5.665427210361293,5.611241757773703,5.646338939666748,12824000
2017-01-10,5.647568668888883,5.702985375734266,5.6235548408846245,5.670966625213623,11523200
2017-01-11,5.669734892131946,5.698674751682062,5.615549463264526,5.697443008422852,19227200
2017-01-12,5.6561886575521,5.688206936399639,5.5767581274175795,5.680202484130859,15232000
2017-01-13,5.690670279419929,5.739929678687187,5.689439005835848,5.720841884613037,12737600
2017-01-17,5.687591705685789,5.7072953709016225,5.652494537339699,5.685128688812256,10734400
2017-01-18,5.701137408077111,5.717762653988669,5.673429291254406,5.710989475250244,11449600
2017-01-19,5.720226965250984,5.762097320667091,5.679587883623943,5.701754570007324,12588800
2017-01-20,5.752243905837335,5.781183765722971,5.69805894611412,5.726998805999756,15254400
2017-01-23,5.717146677421357,5.750396698861822,5.664192991768663,5.735619068145752,12027200
2017-01-24,5.757170472994189,5.8310591039899435,5.739929823746677,5.813818454742432,12608000
2017-01-25,5.884629536286274,5.9326572005069975,5.87724048418596,5.92957878112793,12539200
2017-01-26,5.9449719411526205,5.966522754641261,5.921573512417095,5.938814163208008,11788800
2017-01-27,5.963444111340273,5.974527454415666,5.92711566278747,5.961596965789795,9688000
2017-01-30,5.922805130704926,5.923420532668377,5.805814398818026,5.872314453125,16958400
2017-01-31,5.830442783187641,5.849530574735931,5.7799521170176575,5.847683429718018,14944000
2017-02-01,5.925268771576044,5.94928260430809,5.874162216880648,5.9271159172058105,19384000
2017-02-02,5.906179963442154,5.9498974618452385,5.872929935831535,5.916647434234619,12419200
2017-02-03,5.930194250201326,5.960981262975329,5.9172637612089485,5.947434902191162,13200000
2017-02-06,5.925266742920408,5.9652894705893935,5.91972483815597,5.963442325592041,9465600
2017-02-07,5.984994261911966,6.031174774642066,5.9782210824630875,6.006545543670654,13507200
2017-02-08,5.989304189162235,6.042873750944037,5.967753378022125,6.029327392578125,9296000
2017-02-09,6.039795580744703,6.09582816614655,6.03179112701837,6.071198463439941,15824000
2017-02-10,6.0921335980284015,6.126614898385587,6.0761242215315,6.109990119934082,17462400
2017-02-13,6.146933663036137,6.193729573404829,6.142007629384982,6.179567813873291,14137600
2017-02-14,6.182031228758187,6.220206817581687,6.142623896556374,6.21897554397583,14966400
2017-02-15,6.207892506766377,6.296559243453443,6.203582344275893,6.290401935577393,14771200
2017-02-16,6.2996375334481804,6.323651362513557,6.256535909426343,6.2885541915893555,16126400
2017-02-17,6.271312747093795,6.343354225158691,6.268234328495263,6.343354225158691,10902400
2017-02-21,6.365520958692776,6.411701466004231,6.35997952330616,6.4036970138549805,18315200
2017-02-22,6.391997215647925,6.417242782821061,6.3716781513208005,6.409237861633301,13968000
2017-02-23,6.425863844689667,6.426479716337781,6.309489001134685,6.363058090209961,18371200
2017-02-24,6.305794444531797,6.3827619552612305,6.297173651139488,6.3827619552612305,17516800
2017-02-27,6.360595346113033,6.400618076324463,6.338428665191904,6.400618076324463,14411200
2017-02-28,6.394462363491622,6.401851415564893,6.3248838847819595,6.359981060028076,14988800
2017-03-01,6.438178389001982,6.521303679013628,6.416627579276616,6.497905254364014,15451200
2017-03-02,6.496058292109363,6.496058292109363,6.417859503254931,6.433868408203125,11808000
2017-03-03,6.420322097067696,6.459114025720266,6.389535090719908,6.456035137176514,13326400
2017-03-06,6.411701836921201,6.448030749056161,6.3753733945586815,6.4283270835876465,11216000
2017-03-07,6.400618205388142,6.460345070753732,6.382762155737788,6.4024658203125,10406400
2017-03-08,6.408623570691677,6.465887423224794,6.398771502836649,6.425864219665527,8952000
2017-03-09,6.424016060023407,6.452955917562341,6.367368088119148,6.434483528137207,12166400
2017-03-10,6.491748688026177,6.510836483136365,6.435716106574049,6.489901542663574,11372800
2017-03-13,6.483744432305951,6.512683826822101,6.477586654546464,6.509605407714844,6617600
2017-03-14,6.4806636045411325,6.4862050391398,6.4264786527851046,6.475737571716309,9457600
2017-03-15,6.5046783633507586,6.586571909201404,6.464655162991447,6.556400775909424,13812800
2017-03-16,6.582261096272619,6.582876967846517,6.520687092509119,6.551474094390869,11846400
2017-03-17,6.560711532838733,6.577952181997808,6.538544849699219,6.539160251617432,7243200
2017-03-20,6.539776432852064,6.58472567294932,6.5206886374899655,6.553322792053223,8475200
2017-03-21,6.60258244825295,6.616128338201935,6.348897313778155,6.358748912811279,17296000
2017-03-22,6.362382142026234,6.454144648707654,6.341443349269775,6.441827297210693,13499200
2017-03-23,6.425199509475307,6.460303139258774,6.3870164243291665,6.411650657653809,11168000
2017-03-24,6.447370968089877,6.499102440779917,6.385785613063274,6.430127143859863,12824000
2017-03-27,6.343906905908513,6.476931014873706,6.313729746724442,6.455992221832275,11979200
2017-03-28,6.452297112660532,6.571772845716866,6.427663347784501,6.5329742431640625,12640000
2017-03-29,6.542827641145815,6.597638566637941,6.528663273358292,6.5939435958862305,8689600
2017-03-30,6.590248365064732,6.6284309809494735,6.576699513031207,6.612419128417969,10065600
2017-03-31,6.595174836428981,6.640132348192886,6.581010469199331,6.605644702911377,11584000
2017-04-03,6.616114141217006,6.646906816086328,6.525583601923769,6.595790863037109,11862400
2017-04-04,6.558223976777109,6.617961843156413,6.5551449911047515,6.614266872406006,6385600
2017-04-05,6.63458972341457,6.710955423105156,6.538516261368824,6.5637664794921875,16068800
2017-04-06,6.579163204912255,6.603797439451847,6.536053177003232,6.569925308227539,12670400
2017-04-07,6.562534897646179,6.601949484970382,6.515730368860527,6.563150882720947,10004800
2017-04-10,6.575467198422134,6.6198087228054705,6.532973629103855,6.569308757781982,8843200
2017-04-11,6.5508331838546825,6.571771975197476,6.414729630549876,6.513266086578369,16848000
2017-04-12,6.508340106411643,6.5169620182198456,6.443059782761263,6.459071636199951,12068800
2017-04-13,6.439979772874893,6.512650501759809,6.402412673290214,6.404260158538818,13960000
2017-04-17,6.440596649527145,6.511419902968009,6.4362856933973,6.508956432342529,8764800
2017-04-18,6.465846444882517,6.527431801358782,6.457840517689836,6.49232816696167,12592000
2017-04-19,6.543444341160799,6.5871698893163,6.491096880403313,6.510804176330566,13726400
2017-04-20,6.562534932605566,6.646291048580414,6.542827638838482,6.614266872406006,13692800
2017-04-21,6.628431240188533,6.633358181095041,6.581626711153548,6.614266872406006,10641600
2017-04-24,6.756528417563197,6.784857621028958,6.739284595441334,6.773772239685059,11488000
2017-04-25,6.816882293981646,6.893863978682463,6.807644397845764,6.872308731079102,8708800
2017-04-26,6.876619289361563,6.907411959359007,6.84336314938126,6.852600574493408,11865600
2017-04-27,6.8852429237697885,6.932663440704346,6.8772365268555955,6.932663440704346,9142400
2017-04-28,6.98808952233943,6.9930164629523395,6.9351260853979415,6.957296848297119,9145600
2017-05-01,7.002870669988695,7.09832815830935,6.999175699038647,7.074925422668457,8368000
2017-05-02,7.100174944422449,7.1094128407466135,7.061991858883398,7.103869915008545,8174400
2017-05-03,7.074309391459591,7.076156876799871,7.019498467022919,7.057681083679199,9921600
2017-05-04,7.058296333062959,7.078619609405625,7.012723309936676,7.062607288360596,9598400
2017-05-05,7.098326853495017,7.113107204437256,7.044747435273434,7.113107204437256,8523200
2017-05-08,7.117418675907331,7.143900394439697,7.093400427687152,7.143900394439697,6856000
2017-05-09,7.161760151362893,7.223961484195465,7.153138240260428,7.194400310516357,9747200
2017-05-10,7.201791586313698,7.206718057636107,7.151291613851975,7.200559616088867,7777600
2017-05-11,7.163607338312997,7.1913205557227595,7.09463158250664,7.188857555389404,12984000
2017-05-12,7.1937838491180095,7.224576520976039,7.184546423447708,7.221497535705566,6872000
2017-05-15,7.225809006478098,7.273845502826243,7.216571110289858,7.265839576721191,7286400
2017-05-16,7.299710533753729,7.32865571975708,7.262143437433491,7.32865571975708,7971200
2017-05-17,7.210413521538362,7.2350477576651695,6.951139231739931,6.952986717224121,24633600
2017-05-18,6.951139157745803,7.119266913043036,6.932663363382626,7.071230411529541,22795200
2017-05-19,7.121729761193494,7.19316899197126,7.118650305782445,7.134662628173828,13368000
2017-05-22,7.16299297353204,7.2615299240750675,7.159913987489447,7.25475549697876,8078400
2017-05-23,7.298479817990049,7.298479817990049,7.233815013805226,7.266455173492432,10201600
2017-05-24,7.312028835014308,7.340973554922965,7.269534793027084,7.335431098937988,10771200
2017-05-25,7.390241917586662,7.494936823475569,7.358217742681714,7.456754207611084,13491200
2017-05-26,7.4592174993911,7.488162218193872,7.441357692134763,7.482619762420654,7923200
2017-05-30,7.472150928916422,7.513413002310504,7.4684554882636585,7.4967851638793945,5656000
2017-05-31,7.544206290560573,7.54666976124261,7.4136451635665335,7.487547874450684,12798400
2017-06-01,7.5208036574945565,7.552827835083008,7.4579863328102185,7.552827835083008,13092800
2017-06-02,7.602710547702681,7.721570280711675,7.575613315779552,7.716643810272217,8580800
2017-06-05,7.718492072190833,7.74312630630281,7.694473823142864,7.715412616729736,7500800
2017-06-06,7.697553909549253,7.746206399666846,7.634737049946451,7.658755302429199,11993600
2017-06-07,7.692009619308921,7.725881276856641,7.626728834657899,7.713564395904541,12206400
2017-06-08,7.748668631130993,7.752979586788192,7.645821210552871,7.731424808502197,14518400
2017-06-09,7.745588876662948,7.764064668685546,7.137125818142595,7.34282112121582,39006400
2017-06-12,7.22026642650921,7.286162733347184,7.076772915636273,7.261528968811035,40088000
2017-06-13,7.342206896971737,7.398865316968957,7.268304181017126,7.379158020019531,23492800
2017-06-14,7.439511685039615,7.439511685039615,7.1968652159880575,7.31326150894165,21617600
2017-06-15,7.165454600498988,7.263991055828056,7.076156040638651,7.244899749755859,27932800
2017-06-16,7.243669476576718,7.246132947109573,7.131584151556096,7.192553520202637,17182400
2017-06-19,7.320651202068539,7.437662998828349,7.302175407917535,7.423498630523682,18313600
2017-06-20,7.408717514655587,7.427192837046253,7.3034061566354564,7.30956506729126,13609600
2017-06-21,7.339558745231691,7.45534633011663,7.330936325491745,7.452266693115234,18323200
2017-06-22,7.47136011137351,7.501539054326762,7.409155570750751,7.446724891662598,15884800
2017-06-23,7.4307108526291445,7.52247830523321,7.389446347015726,7.501538276672363,11470400
2017-06-26,7.5859156129209735,7.613630939722374,7.4017646685793315,7.434406757354736,20366400
2017-06-27,7.376512411074924,7.393141699900797,7.162799031179626,7.164646625518799,32388800
2017-06-28,7.21391899852372,7.378977528113952,7.132621541853115,7.364196300506592,24598400
2017-06-29,7.301375139197198,7.306301901409312,6.971258106763074,7.111064910888672,39684800
2017-06-30,7.152944737024698,7.186818866997951,7.071031273552407,7.102441787719727,19865600
2017-07-03,7.176964756199809,7.196673213728397,6.956476064551637,6.966330528259277,14022400
2017-07-05,7.005747047819254,7.139395032574083,6.9614029034116305,7.101825714111328,15768000
2017-07-06,6.992197762285737,7.053170729097565,6.923218396158962,6.9718732833862305,21062400
2017-07-07,7.018065425268805,7.1597202943153215,7.018065425268805,7.117223739624023,13872000
2017-07-10,7.1320058356340095,7.24964057218295,7.096900127148157,7.215766906738281,14107200
2017-07-11,7.19113155909015,7.272429017892562,7.142476194141368,7.255184173583984,15385600
2017-07-12,7.378360251676067,7.443644422410378,7.350028906378561,7.430710792541504,13705600
2017-07-13,7.444261048666224,7.494147977911989,7.416545722506712,7.461505889892578,11862400
2017-07-14,7.523094579926783,7.595153579299387,7.479366457148025,7.5748291015625,13230400
2017-07-17,7.590226528740569,7.634570673992401,7.554505273853637,7.582836151123047,6811200
2017-07-18,7.57174903366308,7.686304569244385,7.526172852058229,7.686304569244385,7520000
2017-07-19,7.728185654888521,7.795933440995287,7.7244899964519265,7.774992942810059,7757600
2017-07-20,7.814410988179447,7.821801836239046,7.723259544877943,7.794702529907227,9481600
2017-07-21,7.7306485519881765,7.784847155039468,7.704781293197311,7.7836151123046875,5974400
2017-07-24,7.783616917139101,7.867377986834532,7.765140500812798,7.852596759796143,6931200
2017-07-25,7.802091576067514,7.851362945312157,7.773760703212154,7.819336414337158,6710400
2017-07-26,7.856291244432824,7.8735360860786665,7.8328875978972805,7.867377281188965,5128800
2017-07-27,7.969613881256041,7.983163532454723,7.586530808576211,7.774992942810059,22096000
2017-07-28,7.672755676428398,7.778688803219571,7.648119989053554,7.754053115844727,9999200
2017-07-31,7.794702659708959,7.814411118309375,7.654279833445149,7.685074329376221,9078400
2017-08-01,7.733113516839409,7.742967980890544,7.6776838011552515,7.718332290649414,6574400
2017-08-02,7.820569355343607,7.823032501190836,7.619789136955255,7.760211944580078,11362400
2017-08-03,7.779920474515952,7.779920474515952,7.675219389207241,7.70847749710083,10845600
2017-08-04,7.730649753439955,7.762676291108844,7.666597617875578,7.72818660736084,8856000
2017-08-07,7.754054340714608,7.825497328511835,7.735577454793108,7.821802139282227,6524800
2017-08-08,7.79347183613608,7.921576594415528,7.752822872052147,7.799630641937256,12042400
2017-08-09,7.6739891313152615,7.78238590041578,7.634572209803577,7.777458667755127,17067200
2017-08-10,7.6924642548500595,7.698623059320183,7.428863476480802,7.4399495124816895,24116800
2017-08-11,7.463354184076449,7.587763743078622,7.42886449839005,7.552042484283447,15600000
2017-08-14,7.671524553772827,7.7725304612267205,7.67029298070536,7.747895240783691,13187200
2017-08-15,7.782384770497618,7.788543575485858,7.718332164869183,7.757749080657959,9633600
2017-08-16,7.79223927000758,7.858755495923759,7.735577508621234,7.7873125076293945,11654400
2017-08-17,7.728186003331146,7.747894459630563,7.467048370005549,7.469511985778809,19133600
2017-08-18,7.474440474858185,7.556969502657458,7.395606636397166,7.449804782867432,19329600
2017-08-21,7.457194928465971,7.485525807124321,7.3426393709114635,7.441181659698486,11562400
2017-08-22,7.515089146448613,7.677684529510241,7.511393957022242,7.66290283203125,10056800
2017-08-23,7.58530061997197,7.640730337883501,7.572982539413064,7.605009078979492,9434400
2017-08-24,7.640729978568927,7.656743247599097,7.475671465935481,7.565591335296631,11104000
2017-08-25,7.6173249376660745,7.655510273785961,7.510160245828484,7.531100273132324,12544000
2017-08-28,7.572982489309724,7.6087042178641235,7.526174723269019,7.569287300109863,6819200
2017-08-29,7.444877143624168,7.657974998407769,7.427632301139106,7.632107734680176,7864800
2017-08-30,7.646888565974866,7.834118665964494,7.6358025299332875,7.814410209655762,12700800
2017-08-31,7.852597376607654,7.978238521133017,7.846438570681787,7.9597625732421875,10594400
2017-09-01,7.999177473310006,8.0201175021429,7.914184375399271,7.958528518676758,7959200
2017-09-05,7.903099728500219,7.941284601962202,7.694928639449453,7.811947345733643,16024800
2017-09-06,7.856290921618207,7.894475792297358,7.7466626014713835,7.857522964477539,8940800
2017-09-07,7.888317229873295,7.9351245196701115,7.83658223866805,7.895707607269287,7624000
2017-09-08,7.873535547882327,7.8796948222377035,7.741735158727829,7.761443614959717,7356000
2017-09-11,7.876000906891139,7.960993555099354,7.876000906891139,7.9289679527282715,7383200
2017-09-12,7.981934323012348,7.9954839774254225,7.900636396533906,7.973311901092529,10645600
2017-09-13,7.94744312005045,7.996714501641534,7.92034475296012,7.9954833984375,5560800
2017-09-14,7.935124820301549,7.9794689659041715,7.890780674698926,7.899403095245361,7819200
2017-09-15,7.900636394546955,8.011496776183538,7.872305512547995,7.9499077796936035,7004000
2017-09-18,7.965919650916246,8.020118262230453,7.884622673718331,7.932662010192871,6916000
2017-09-19,7.962225719703117,7.9807026073674905,7.905563953366302,7.9597625732421875,4793600
2017-09-20,7.954833900374723,7.967151509996433,7.7860797352598405,7.912952899932861,10851200
2017-09-21,7.899403402777359,7.899403402777359,7.757749009794982,7.809484004974365,8819200
2017-09-22,7.760211622291934,7.815641799285632,7.74543039838916,7.7971649169921875,5692800
2017-09-25,7.731881308623258,7.741735301978206,7.554505199254164,7.634570598602295,12168000
2017-09-26,7.7060132420314185,7.738039304446056,7.617324961673006,7.671523094177246,8515200
2017-09-27,7.749126958630718,7.864914094491061,7.710941614411857,7.808252334594727,12598400
2017-09-28,7.77253048608357,7.815643061770167,7.734345612342731,7.800861835479736,8776800
2017-09-29,7.82919117209309,7.9228062133327475,7.7910058359907115,7.910488605499268,9125600
2017-10-02,7.936356286641854,7.989322848943198,7.856290421799363,7.921574592590332,8859200
2017-10-03,7.942515915762464,7.975773554148223,7.911721423275406,7.960991859436035,6309600
2017-10-04,7.930195902124291,8.006566567703803,7.915415149915659,7.972076892852783,6527200
2017-10-05,8.027508491182138,8.13467366889833,8.012727735478785,8.129746437072754,8244800
2017-10-06,8.07308701785251,8.148225680341369,8.07308701785251,8.146993637084961,7084000
2017-10-09,8.174090779465624,8.185176346508591,8.111269746901936,8.132209777832031,4552000
2017-10-10,8.18394424181574,8.20118908162112,8.069388697523843,8.143295288085938,6088000
2017-10-11,8.135907013591416,8.1925687789917,8.11496604003869,8.1925687789917,4819200
2017-10-12,8.164235873918141,8.22459281735822,8.143295844120837,8.161772727966309,6525600
2017-10-13,8.225825860511048,8.240607557339603,8.207348974418721,8.220898628234863,4937600
2017-10-16,8.259082385007119,8.280022412131888,8.229518998718142,8.277558326721191,5237600
2017-10-17,8.271401500318186,8.29850080613569,8.245534237430586,8.296036720275879,4802400
2017-10-18,8.312048944058333,8.314512089695798,8.254155153958955,8.277558326721191,4096800
2017-10-19,8.187640583560102,8.215970993041992,8.100184329437027,8.215970993041992,8650400
2017-10-20,8.28495377606649,8.294807303304943,8.238145527645617,8.257854461669922,5980800
2017-10-23,8.291109078354864,8.292341121223847,8.128514191263156,8.150686264038086,10334400
2017-10-24,8.175323026136281,8.211044753787307,8.117429224073357,8.18148136138916,10473600
2017-10-25,8.144528832336354,8.198726507527665,7.994251537951095,8.114965438842773,9878400
2017-10-26,8.107577942974709,8.143299684650087,8.059538586184255,8.068161010742188,7840000
2017-10-27,8.325597749143414,8.560868100551897,8.30712180721981,8.523914337158203,13812000
2017-10-30,8.325596839448686,8.634773744089157,8.325596839448686,8.570721626281738,8524000
2017-10-31,8.622457358457208,8.656947037527313,8.574418028356236,8.632311820983887,5910400
2017-11-01,8.696364607199637,8.709914259257808,8.563332172323063,8.628617286682129,8323200
2017-11-02,8.605213772619553,8.612604150704636,8.477108560428835,8.589200973510742,8817600
2017-11-03,8.65818118519612,8.759187101217174,8.595360146032567,8.75179672241211,10007200
2017-11-06,8.743172651366326,8.820774433502363,8.737013377008234,8.813384056091309,4132000
2017-11-07,8.802296438917564,8.846640577332117,8.7641115740835,8.823236465454102,7084800
2017-11-08,8.819543390022119,8.899609266883019,8.798603358469194,8.895914077758789,4901600
2017-11-09,8.751794711778087,8.809687565406646,8.619994327984365,8.797369956970215,10623200
2017-11-10,8.760420187815242,8.813386768365742,8.72962568609457,8.799837112426758,5646400
2017-11-13,8.733319518788873,8.841715809682471,8.733319518788873,8.81831169128418,4464800
2017-11-14,8.751796262050698,8.775199440293518,8.671730383371282,8.757954597473145,7810400
2017-11-15,8.681582191045006,8.717302968974929,8.581807414090468,8.666800498962402,8024000
2017-11-16,8.761649293216392,8.931635505405488,8.76041819006531,8.892218589782715,9411200
2017-11-17,8.895913013444213,8.906998579490617,8.808456768798191,8.824469566345215,5201600
2017-11-20,8.838018003057092,8.850335610228667,8.786283489072567,8.809686660766602,4398400
2017-11-21,8.88605737988238,9.005540143656297,8.884825337226193,8.996917724609375,5812800
2017-11-22,9.016627714951271,9.036336642743839,8.98213803108768,9.021554946899414,4404000
2017-11-24,9.036335397107571,9.089301958532037,9.028945020090806,9.088069915771484,4624800
2017-11-27,9.078217506408691,9.116403322435918,9.036337440810845,9.078217506408691,7015200
2017-11-28,9.118863510182104,9.132413159896716,9.019089671168308,9.123790740966797,11962400
2017-11-29,9.099156690912041,9.099156690912041,8.719768329912428,8.810919761657715,19259200
2017-11-30,8.877437040111634,8.982138135854012,8.838020123840145,8.95257568359375,13880000
2017-12-01,8.836789475517987,8.959967475778017,8.611374449270038,8.876206398010254,17671200
2017-12-04,8.988296426271024,8.99815088920284,8.65202016196596,8.67172908782959,17936000
2017-12-05,8.655716496762752,8.874974097048604,8.596591590889494,8.674193382263184,14808800
2017-12-06,8.61014005598739,8.782589397235983,8.59289521583986,8.753026008605957,10258400
2017-12-07,8.755492244746648,8.865120586800117,8.734552210820375,8.814617156982422,9636800
2017-12-08,8.941489029481133,8.984602073877346,8.863887241160066,8.892218589782715,8942400
2017-12-11,8.898375779960249,9.032640248251647,8.897144676967566,9.030176162719727,7212800
2017-12-12,9.021554495304404,9.056044177441533,8.967356826134639,9.00430965423584,6592800
2017-12-13,9.073288754426557,9.094228781549553,9.012930878921592,9.036334991455078,7186400
2017-12-14,9.070824513945302,9.110241421880184,9.00430830559771,9.022785186767578,7492000
2017-12-15,9.09300023435595,9.246972739638172,9.06343777647837,9.219873428344727,10990400
2017-12-18,9.345512238605775,9.397246756675859,9.314717748358353,9.378769874572754,9395200
2017-12-19,9.345513131464315,9.361525929604444,9.219871072978126,9.27283763885498,9002400
2017-12-20,9.336891667751159,9.339354813958451,9.175527867856761,9.249434471130371,11491200
2017-12-21,9.270375547321361,9.330732497701277,9.228494543137929,9.250666618347168,6385600
2017-12-22,9.218640179570063,9.233421876462527,9.179223260963626,9.228494644165039,6430400
2017-12-26,9.132416426649646,9.149661270678129,9.059741861068686,9.128721237182617,5585600
2017-12-27,9.121329056739512,9.17675876734434,9.1090105079177,9.129951477050781,4949600
2017-12-28,9.180455457513698,9.184150646855246,9.127488884146732,9.148428916931152,6582400
2017-12-29,9.163208800166547,9.164440842961001,9.026481182954347,9.03264045715332,9567200
2018-01-02,9.122559638084548,9.354134809954873,9.083142727519661,9.345512390136719,10641600
2018-01-03,9.368915186490048,9.546291746770379,9.365219998113082,9.527814865112305,10131200
2018-01-04,9.600493175061477,9.620201165464358,9.541367324305801,9.562307357788086,8392000
2018-01-05,9.649762856020555,9.766782505176376,9.618968359891145,9.75200080871582,9568800
2018-01-08,9.75816123508649,9.83945822577709,9.747074726489764,9.824677467346191,9283200
2018-01-09,9.869021368419551,9.88626621266121,9.7717106388996,9.83329963684082,9404000
2018-01-10,9.734755317761458,9.785258739141574,9.652226299176435,9.779099464416504,10728800
2018-01-11,9.817282995820612,9.914593696594238,9.786488505946929,9.914593696594238,11340800
2018-01-12,9.894885733803187,10.079652673456946,9.87517680914896,10.05501651763916,10579200
2018-01-16,10.188052000636244,10.295217196150531,9.94416009329136,9.998357772827148,19343200
2018-01-17,10.093203839811572,10.247176312643584,10.000820356112364,10.21391773223877,12359200
2018-01-18,10.185588572250648,10.265653516120437,10.135085143878864,10.21761417388916,10056000
2018-01-19,10.28289794921875,10.313692443515942,10.183123148649944,10.28289794921875,10224000
2018-01-22,10.269347952036211,10.500922203063965,10.252103110990173,10.500922203063965,9268000
2018-01-23,10.568672013687863,10.69431315112615,10.55758550580518,10.672141075134277,10878400
2018-01-24,10.716482181914074,10.766985595011944,10.414696565344174,10.541569709777832,22814400
2018-01-25,10.672139819543734,10.683226326122075,10.457810403354074,10.528021812438965,12841600
2018-01-26,10.641345629725778,10.837199106841833,10.603160756607668,10.835967063903809,9285600
2018-01-29,10.795317800503456,10.840893990191152,10.69554394012522,10.738656044006348,13812000
2018-01-30,10.54280281523334,10.651200038657773,10.454115459395263,10.566206932067871,14988800
2018-01-31,10.681994190236132,10.720179061929782,10.51570411119556,10.64380931854248,11579200
2018-02-01,10.484909559928973,10.685689320661607,10.399916456535713,10.46766471862793,12460800
2018-02-02,10.38883070560972,10.430711708796037,10.03284640750649,10.043932914733887,31801600
2018-02-05,9.855469338153357,10.185586325138678,9.24573784163929,9.266678810119629,34402400
2018-02-06,8.991992730169171,9.766782353527791,8.900841286177988,9.73845100402832,32716000
2018-02-07,9.684253085974916,9.89488731813333,9.489631652832031,9.489631652832031,20606400
2018-02-08,9.536439386156882,9.558611461078051,8.691438332722885,8.698829650878906,23687200
2018-02-09,8.937793741608855,9.115170329835848,8.312050330491143,8.984601974487305,38595200
2018-02-12,9.17183490449371,9.430508548613375,9.02771685216937,9.312257766723633,21568800
2018-02-13,9.208785070999403,9.439127267707992,9.171831305010373,9.396015167236328,11773600
2018-02-14,9.290080926843697,9.782792735509263,9.287617781300574,9.755693435668945,20396000
2018-02-15,9.924450364695947,10.106754198767009,9.722438541407543,10.105522155761719,22069600
2018-02-16,10.050092054028784,10.239786277083319,9.989735100257551,10.030384063720703,18961600
2018-02-20,9.95277952525842,10.229929934739056,9.9404609774629,10.05501651763916,14119200
2018-02-21,10.149864988316967,10.355571974137932,9.993428439028605,9.995892524719238,19419200
2018-02-22,10.094434281034143,10.192977033094236,9.947853135555754,10.006978034973145,16747200
2018-02-23,10.149865695591755,10.402379989624023,10.077190199027232,10.402379989624023,13585600
2018-02-26,10.498458076499654,10.675833702087402,10.488603614029984,10.675833702087402,13797600
2018-02-27,10.686920431198057,10.721410110791192,10.409770011901855,10.409770011901855,26056000
2018-02-28,10.536642983178767,10.601927152680782,10.270578134144216,10.279200553894043,15216000
2018-03-01,10.293984379481195,10.383904723871344,9.764318657234485,9.954012870788574,31126400
2018-03-02,9.70273042926842,10.162184772482217,9.638678284202829,10.127695083618164,19491200
2018-03-05,10.035310385614311,10.402380247226876,9.961403784061812,10.34695053100586,18609600
2018-03-06,10.449186916408637,10.509543855659514,10.312459301124711,10.433173179626465,18846400
2018-03-07,10.275505550707624,10.500921450798208,10.244711059649566,10.479981422424316,16130400
2018-03-08,10.563741534516627,10.613012903774347,10.486138822509428,10.596999168395996,11268800
2018-03-09,10.753438978294927,10.999794960021973,10.71894835144341,10.999794960021973,15151200
2018-03-12,11.070006017505971,11.175939161388207,11.021966677812104,11.100800514221191,15638400
2018-03-13,11.215356716691279,11.268323291641211,10.765756851154435,10.827345848083496,20951200
2018-03-14,10.93081227626783,10.95052120162433,10.722642155886199,10.818720817565918,17603200
2018-03-15,10.837200055835977,10.924656316625994,10.716485211220741,10.789159774780273,15205600
2018-03-16,10.827343270727244,10.879077790287054,10.72264218882574,10.737422943115234,12656000
2018-03-19,10.54526855157893,10.54526855157893,10.089510331965991,10.281667709350586,23240000
2018-03-20,10.270580197100704,10.38513576237142,10.215150478971486,10.339560508728027,10019200
2018-03-21,10.290286057714903,10.475052982749775,10.159717731417679,10.243478775024414,15803200
2018-03-22,9.968792780232867,10.105520397047409,9.718741660763861,9.733522415161133,26274400
2018-03-23,9.71874239553559,9.77047691938395,9.21617603302002,9.21617603302002,25210400
2018-03-26,9.593100602415833,9.934304128250231,9.299937352663536,9.90966796875,24511200
2018-03-27,10.052554977199895,10.055018123288379,9.100388782636012,9.255593299865723,25253600
2018-03-28,9.166906681412682,9.339356072131999,8.913160298072311,9.053583145141602,31148800
2018-03-29,9.154588467694468,9.562307326715258,8.982139088305432,9.386162757873535,18369600
2018-04-02,9.249435072769908,9.335660232008934,8.649558846402288,8.846643447875977,24124000
2018-04-03,9.008003647873847,9.113936765967306,8.72099972258519,9.036334991455078,24143200
2018-04-04,8.69266931727312,9.377538530688266,8.668034099148546,9.270374298095703,27109600
2018-04-05,9.501950330114722,9.53644001788271,9.292548117367083,9.420653343200684,24580000
2018-04-06,9.226030126069471,9.40340576353743,8.866350679795373,8.966124534606934,20556000
2018-04-09,9.11147261626816,9.43789435396791,9.04865160204866,9.070823669433594,15968000
2018-04-10,9.3578334280413,9.537673207139061,9.232191333474915,9.469924926757812,16132800
2018-04-11,9.36891767355597,9.570929503157483,9.34920968372273,9.371381759643555,13467200
2018-04-12,9.490861060120459,9.655919055711285,9.472384180373076,9.585707664489746,13984000
2018-04-13,9.690410951606985,9.713815067304067,9.415724596920992,9.495789527893066,13190400
2018-04-16,9.618967967040962,9.705193116545836,9.508108537321473,9.630054473876953,8600800
2018-04-17,9.828370216952267,10.09197099429508,9.796343682013674,10.040236473083496,10188800
2018-04-18,10.05871335573373,10.16095035532983,9.955243373543157,10.087043762207031,9190400
2018-04-19,9.994661586049125,10.034078503493852,9.834529830307355,9.915827751159668,12736800
2018-04-20,9.851773093536734,9.864090700880963,9.521656141936079,9.593098640441895,16163200
2018-04-23,9.680558329055572,9.754465879043229,9.435434378265553,9.541367530822754,13684800
2018-04-24,9.628822212558777,9.658385603601971,9.010469183059397,9.136110305786133,21473600
2018-04-25,9.168137251479676,9.230958285529619,8.905768487748087,9.16444206237793,17077600
2018-04-26,9.391088696883356,9.59802773569194,9.330731751331424,9.533975601196289,13362400
2018-04-27,9.813587591635708,9.818514822679955,9.442822618345037,9.549986839294434,17289600
2018-04-30,9.595565046994135,9.711351711767165,9.366453923830061,9.410798072814941,15795200
2018-05-01,9.366455484235807,9.630056336130863,9.320879284693733,9.617738723754883,15316000
2018-05-02,9.662080140012344,9.718741892691753,9.492093942200803,9.514266014099121,12085600
2018-05-03,9.421882048119247,9.577086543340771,9.206320614667847,9.50810718536377,18940000
2018-05-04,9.429273984075815,9.912131401169177,9.412029143449146,9.866555213928223,12237600
2018-05-07,9.961403043072846,10.094434540062291,9.945389305082493,10.021759986877441,11336000
2018-05-08,9.986039312693473,10.050091452075202,9.86409336938152,9.999588966369629,11168000
2018-05-09,10.051323281481807,10.242249532116997,9.977416679220049,10.231163024902344,10900000
2018-05-10,10.291519670967302,10.451650466571596,10.277970019215042,10.438100814819336,13800800
2018-05-11,10.397454057058017,10.465201384241007,10.3247785579799,10.418394088745117,11444800
2018-05-14,10.462737885356386,10.582220675902496,10.417161694597265,10.449188232421875,11264800
2018-05-15,10.284128588358161,10.293983051634266,10.107984051334512,10.218844413757324,18564800
2018-05-16,10.24594154317621,10.398681932443262,10.23485503940037,10.355569839477539,10063200
2018-05-17,10.284128795630847,10.428247739571836,10.172037327869369,10.268115997314453,10403200
2018-05-18,10.196670576296818,10.2594915940914,10.135081601141826,10.16218090057373,7439200
2018-05-21,10.31861852621132,10.411002007228197,10.191745362645216,10.280433654785156,11191200
2018-05-22,10.371585552597654,10.40238004763479,10.212686785206639,10.250871658325195,7474400
2018-05-23,10.093204576299325,10.422089576721191,10.091972533290217,10.422089576721191,10725600
2018-05-24,10.414697438262948,10.447955075701021,10.204062288653041,10.412233352661133,10844000
2018-05-25,10.408539969525652,10.508313838920223,10.371586197274754,10.434407234191895,8568800
2018-05-29,10.332168327834353,10.455346304302555,10.21761277212799,10.340790748596191,12250400
2018-05-30,10.414699547467603,10.523095841567493,10.367891309286463,10.48491096496582,8212800
2018-05-31,10.476288392635723,10.609319907191706,10.419625690412321,10.47136116027832,13189600
2018-06-01,10.573594512986428,10.808864842705082,10.56989932494237,10.80024242401123,9189600
2018-06-04,10.853211656308435,10.999793750039444,10.840894046531725,10.98501205444336,8380000
2018-06-05,11.036746684533373,11.098335673777168,10.965303231464956,11.056455612182617,8060000
2018-06-06,11.087247521493504,11.188253402709961,10.971459947986888,11.188253402709961,7833600
2018-06-07,11.189485485087815,11.190717527829806,10.897554320043975,11.013341903686523,9358400
2018-06-08,10.886466912044268,11.0367441618133,10.847050005528882,11.002254486083984,9008800
2018-06-11,10.98870585391904,11.115579004145975,10.982547519696075,11.061381340026855,5928000
2018-06-12,11.092176788591571,11.199341023105905,11.072467861919806,11.178400993347168,5282400
2018-06-13,11.214125738030631,11.339766890191086,11.129132613473686,11.168549537658691,10618400
2018-06-14,11.26832044320015,11.43214641939114,11.259698023400624,11.401351928710938,9347200
2018-06-15,11.321287155151367,11.364399254721691,11.207962713715146,11.321287155151367,12302400
2018-06-18,11.175936967981015,11.322518104531264,11.103261481314302,11.307737350463867,11745600
2018-06-19,11.017038297772213,11.239990130035022,10.94929003614759,11.238758087158203,12672800
2018-06-20,11.33976559953979,11.491274942622235,11.321289652629062,11.39889144897461,9612000
2018-06-21,11.451857786514664,11.471565776070427,11.15499838196396,11.196879386901855,11680000
2018-06-22,11.27447818239226,11.280637456112517,11.068771221051541,11.125432968139648,8013600
2018-06-25,10.945594768120593,10.975157218536893,10.44672360100709,10.641345024108887,25484800
2018-06-26,10.720177609400212,10.851977987791672,10.64134379091036,10.731264114379883,14937600
2018-06-27,10.818719306106644,10.913565911757454,10.423318209172022,10.427013397216797,18160000
2018-06-28,10.40237842679362,10.684456070154804,10.366657645116957,10.616708755493164,16586400
2018-06-29,10.717717372623158,10.828577753642309,10.642578722142037,10.649969100952148,10381600
2018-07-02,10.468895153176208,10.816256982557883,10.42455100987018,10.810098648071289,8789600
2018-07-03,10.882774561045709,10.890165879038328,10.541571963173848,10.557584762573242,8424800
2018-07-05,10.699239074530801,10.833502617329637,10.588378708134794,10.819952964782715,10808000
2018-07-06,10.864297956272392,11.169779774124306,10.827345124448769,11.14637565612793,9174400
2018-07-09,11.26339405281858,11.357008634838696,11.18209614026215,11.353313446044922,9883200
2018-07-10,11.384108391339591,11.417366971351692,11.29172490873124,11.370558738708496,8161600
2018-07-11,11.196878579921403,11.33237417008733,11.17224242003543,11.257235527038574,9681600
2018-07-12,11.353312877848667,11.632927386379553,11.338532123413296,11.626768112182617,9515200
2018-07-13,11.6304642600188,11.692053247974552,11.573802503872312,11.65017318725586,7636000
2018-07-16,11.658795296841857,11.69698016762791,11.561484585695883,11.599669456481934,7059200
2018-07-17,11.350850762439693,11.786900913559508,11.350850762439693,11.745019912719727,8197600
2018-07-18,11.736398048092932,11.752411787308205,11.621842486524615,11.693285942077637,8352000
2018-07-19,11.618146543855937,11.683430720126706,11.54793513582108,11.578729629516602,9615200
2018-07-20,11.650171861125122,11.716688073318648,11.541774653206813,11.563946723937988,10312800
2018-07-23,11.49250632004512,11.647709903747053,11.405049124123417,11.636624336242676,7251200
2018-07-24,11.881745971507957,11.961811833884987,11.642780427119883,11.737627983093262,11300800
2018-07-25,11.746250893354535,12.075135836480515,11.736396430545376,12.059123039245605,10581600
2018-07-26,11.73024005944215,11.809073895563463,11.666186980235173,11.709299087524414,11900000
2018-07-27,11.847257230300652,11.85464760779696,11.246149073085434,11.386571884155273,18134400
2018-07-30,11.38287676933696,11.390267146881268,10.94805774160458,11.060150146484375,14644800
2018-07-31,11.135290539677179,11.308971017764089,11.019502927770247,11.18702507019043,11528800
2018-08-01,11.278175657153062,11.374254332118573,11.18332902513602,11.305274963378906,9388800
2018-08-02,11.145144438150023,11.639087478785973,11.135289973855812,11.61322021484375,12026400
2018-08-03,11.64401536083424,11.683432280437666,11.55655909983206,11.679737091064453,8567200
2018-08-06,11.673576316691424,11.825085639953613,11.636623487930592,11.825085639953613,10143200
2018-08-07,11.879286156768588,11.947033490258503,11.832477917141658,11.895298957824707,7208800
2018-08-08,11.868198492851677,11.974131633580967,11.804146355090758,11.916237831115723,6814400
2018-08-09,11.917467171938416,12.003691364714987,11.881745452138631,11.906381607055664,6632800
2018-08-10,11.751178840056529,11.822622290111767,11.644013664973668,11.72900676727295,12099200
2018-08-13,11.765961716128878,11.919934210496931,11.692055106786917,11.70806884765625,9997600
2018-08-14,11.79305919851845,11.876820260069332,11.668650118979478,11.84972095489502,6780800
2018-08-15,11.671111994519089,11.733933018787056,11.413670502934327,11.565178871154785,13655200
2018-08-16,11.733935415952343,11.780742713137464,11.586121266287517,11.629234313964844,8097600
2018-08-17,11.566410923068553,11.69328407469809,11.429683308845407,11.635390281677246,9157600
2018-08-20,11.692053495519287,11.694517581362778,11.524531369550981,11.618146896362305,9772800
2018-08-21,11.68712611698636,11.837403399258532,11.669881275391853,11.698212623596191,10044000
2018-08-22,11.642783256118088,11.812769484573474,11.61814803391149,11.784438133239746,5916800
2018-08-23,11.747481541366458,11.91130750219445,11.71422296827767,11.749944686889648,9630400
2018-08-24,11.822622498147137,11.986448491281118,11.822622498147137,11.965508460998535,6557600
2018-08-27,12.093614272378437,12.206937789916992,12.051733269947757,12.206937789916992,8938400
2018-08-28,12.27591644713197,12.296856475643443,12.19338649632643,12.245121955871582,6043200
2018-08-29,12.280844831017788,12.539519353493993,12.277149641800719,12.528432846069336,6626400
2018-08-30,12.476696863715102,12.626974139522114,12.396630994171801,12.475464820861816,8798400
2018-08-31,12.443437833718438,12.578934349464431,12.418802616186426,12.505026817321777,5545600
2018-09-04,12.43604779861409,12.468074334105623,12.26729364057897,12.404021263122559,6148000
2018-09-05,12.358447477738466,12.358447477738466,11.998767986585168,12.082528114318848,11512000
2018-09-06,12.088684847734086,12.11578414913756,11.699442985117884,11.864500999450684,14222400
2018-09-07,11.693286240330856,11.97166875163125,11.680968629694227,11.790596961975098,13063200
2018-09-10,11.898993858245662,11.915007598686271,11.717922059352766,11.844796180725098,7935200
2018-09-11,11.74502169233461,12.065284292935251,11.690824013317396,12.024636268615723,8543200
2018-09-12,11.979056754308585,12.008619201928205,11.752409756269389,11.960579872131348,11160800
2018-09-13,12.094845322582218,12.252512975741999,12.094845322582218,12.194619178771973,8707200
2018-09-14,12.224184058318736,12.261137833023357,12.039417064342688,12.130569458007812,10212800
2018-09-17,12.091152312719416,12.107165113582,11.762266355311565,11.78813362121582,9657600
2018-09-18,11.802914468898363,12.091151442084676,11.795524090536016,11.976595878601074,6864000
2018-09-19,11.9765956228793,12.034488485103976,11.805377363028706,11.961813926696777,5288800
2018-09-20,12.118248842962794,12.25128128151698,12.064051173005192,12.21063232421875,9399200
2018-09-21,12.29316264399797,12.320261009888714,12.056660210784917,12.086223602294922,7732000
2018-09-24,11.91131113598825,12.158899156507596,11.811537265830165,12.145349502563477,8125600
2018-09-25,12.134262291735466,12.202009612509864,12.056659567876531,12.183533668518066,4893600
2018-09-26,12.197082129793541,12.426193228309346,12.152738925352628,12.192155838012695,7184000
2018-09-27,12.291929412235087,12.487781928236243,12.28453903495906,12.399094581604004,7039200
2018-09-28,12.325187243475172,12.460683760820741,12.291929605437009,12.401557922363281,5012800
2018-10-01,12.535821919423654,12.625742253362512,12.384313538656382,12.442207336425781,8796800
2018-10-02,12.412643035184109,12.577701995844356,12.331346067518776,12.384312629699707,5109600
2018-10-03,12.493940040099254,12.549369744059126,12.376921358506985,12.42003345489502,5771200
2018-10-04,12.30794375177464,12.321493404993996,11.76103415003492,11.938409805297852,14784800
2018-10-05,11.929786002090978,12.008619826358046,11.417366144355034,11.65263557434082,17824800
2018-10-08,11.53684905740307,11.704370231083915,11.226440048448971,11.502358436584473,15397600
2018-10-09,11.515906652482968,11.747481807380591,11.461708991786825,11.566410064697266,12202400
2018-10-10,11.428454205929668,11.440771817453616,10.525559278598823,10.558817863464355,37497600
2018-10-11,10.465201741178278,10.75343872160066,10.067337366459634,10.293984413146973,37673600
2018-10-12,10.829806384307272,10.924653942991442,10.454114157451825,10.865528106689453,25358400
2018-10-15,10.786694661390987,10.82118434219906,10.51816665253386,10.58961009979248,20704800
2018-10-16,10.81010125343987,11.264627422213136,10.776842668057963,11.2055025100708,14580800
2018-10-17,11.327448614982941,11.334838994156073,10.989941162655738,11.2190523147583,15159200
2018-10-18,11.127898172925883,11.136521533639245,10.604391762121448,10.717716217041016,19958400
2018-10-19,10.851980269467472,11.050296900114157,10.598233921587827,10.677067756652832,21019200
2018-10-22,10.801478325692422,10.945596349539064,10.620406528656314,10.789159774780273,14622400
2018-10-23,10.397453747240547,10.80886774952141,10.151097787137495,10.718947410583496,30164800
2018-10-24,10.68445663445833,10.71155593766355,9.687947328787445,9.723669052124023,24856000
2018-10-25,10.02791893408105,10.510776348301086,9.934303414255263,10.380207061767578,21328800
2018-10-26,9.690411968809075,10.253335329313993,9.562306750123856,9.882570266723633,36252800
2018-10-29,10.14494055324446,10.22993367730692,9.079450623482538,9.501951217651367,25815200
2018-10-30,9.3984805946052,9.772940840538192,9.30979229538875,9.75200080871582,25826400
2018-10-31,10.073494762190736,10.38883008112747,10.072262719289876,10.20036792755127,20238400
2018-11-01,10.250874298123671,10.508315891839073,10.09566974003178,10.494766235351562,15801600
2018-11-02,10.424551908632061,10.547729886263522,10.021760335277477,10.17819595336914,23082400
2018-11-05,10.184354266410297,10.189281497823064,9.881336582824897,10.107983589172363,11281600
2018-11-06,10.100593377527838,10.372816574076216,10.077189262876836,10.261956214904785,9108000
2018-11-07,10.502154991847584,10.896324157714844,10.461506032306248,10.896324157714844,16076000
2018-11-08,10.802708274242205,10.864297263125623,10.657358222886403,10.763291358947754,9666400
2018-11-09,10.557584111545305,10.604391403669558,10.228699144243762,10.397453308105469,14313600
2018-11-12,10.245945419453577,10.282899192989314,9.745843072304655,9.782795906066895,17848000
2018-11-13,9.856700893051597,10.135083372544134,9.726132543629792,9.786489486694336,16548000
2018-11-14,9.971257432207258,10.039005699339167,9.521658542276462,9.622664451599121,15684800
2018-11-15,9.585710909269716,10.015601820696803,9.426811193291424,9.965099334716797,18927200
2018-11-16,9.776635580609579,9.992197022892679,9.694105628479193,9.898581504821777,13453600
2018-11-19,9.803735199076572,9.819748938294122,9.191541414025464,9.246971130371094,17876000
2018-11-20,8.82323887852697,9.168137618350457,8.684048091408654,8.923013687133789,24724800
2018-11-21,9.14719838829106,9.228495378232598,9.0227883472605,9.049887657165527,12043200
2018-11-23,8.907000497408287,9.102853997693837,8.902073264846702,8.918087005615234,4828000
2018-11-26,9.159514919612834,9.338122619610198,9.091766652842285,9.329500198364258,12930400
2018-11-27,9.22849305702646,9.437896164675449,9.134878478794652,9.396015167236328,9388000
2018-11-28,9.52781700860892,9.99219854110112,9.420652762474914,9.987271308898926,16129600
2018-11-29,9.912132608889802,10.059945815063577,9.770477738105427,9.928145408630371,11163200
2018-11-30,9.95031752317981,10.082117930138162,9.866556455408016,10.080885887145996,8653600
2018-12-03,10.514473517922804,10.536645594169945,10.268117532853896,10.41593074798584,14574400
2018-12-04,10.307535354319269,10.366661209406999,9.598029792134444,9.617738723754883,18368800
2018-12-06,9.238346412479379,9.755693435668945,9.160744640932903,9.755693435668945,28344000
2018-12-07,9.66207994561683,9.779098637308797,9.048653261954046,9.102851867675781,22570400
2018-12-10,9.073290031984978,9.376307735788318,8.88729102777934,9.297473907470703,25332800
2018-12-11,9.591870107863507,9.607882907724605,9.198932031807264,9.355367660522461,16714400
2018-12-12,9.63621253412541,9.814820205958732,9.511802527388847,9.52165699005127,15156000
2018-12-13,9.631286977312284,9.724901569561505,9.402175849330208,9.530281066894531,12075200
2018-12-14,9.304866028274658,9.372613362921602,9.01786106903667,9.037569999694824,13204800
2018-12-17,8.983367056969195,9.121326685863451,8.507900141052394,8.658177375793457,25010400
2018-12-18,8.782589397235983,8.92424330705164,8.603980781746142,8.753026008605957,16136800
2018-12-19,8.734552645477708,9.014166298840356,8.195032390780302,8.339150428771973,27059200
2018-12-20,8.284949506226653,8.464789207532244,7.874766691036564,8.089096069335938,32672000
2018-12-21,8.153150531925212,8.264009958503216,7.4966116943191095,7.568054676055908,40079200
2018-12-24,7.463353835239694,7.654279610473256,7.198520989992471,7.208375453948975,20820000
2018-12-26,7.353825524016472,8.095864295959473,7.257681123303003,8.095864295959473,35284800
2018-12-27,7.883852345288319,8.1661229729778,7.523926849009415,8.163658142089844,29698400
2018-12-28,8.25610599750798,8.422509848511432,8.0120463263976,8.15379810333252,23563200
2018-12-31,8.305408280576387,8.359643959847567,8.116817229094867,8.281989097595215,18244000
2019-01-02,7.930692001225594,8.43853276415867,7.917134020126469,8.343621253967285,17621600
2019-01-03,8.103259150921149,8.169820871372076,7.761823170158529,7.784010410308838,21891200
2019-01-04,8.045326668799882,8.542074327798323,7.997254466383313,8.481675148010254,25744800
2019-01-07,8.502627451086871,8.745453208882983,8.450856609440182,8.653006553649902,16092000
2019-01-08,8.825575828552246,8.882276343742136,8.566725323410148,8.825575828552246,14865600
2019-01-09,8.883508974769912,9.038819649569824,8.814482426154926,8.957466125488281,16208000
2019-01-10,8.823110943369576,9.02156321552168,8.724500779914242,9.003073692321777,13630400
2019-01-11,8.90815957128708,8.962395245036468,8.84652846581406,8.948836326599121,8992800
2019-01-14,8.78859763013028,8.862554782192596,8.709709875874982,8.786131858825684,11020000
2019-01-15,8.861321268979799,9.152220194850772,8.856390667136003,9.132497787475586,17195200
2019-01-16,9.158385176840731,9.285345138684951,9.118941296069554,9.130034446716309,12770400
2019-01-17,9.063471118039041,9.343276891231408,9.03512133334668,9.259458541870117,14449600
2019-01-18,9.397512956616628,9.534334118866271,9.286576752033639,9.439422607421875,18348800
2019-01-22,9.305065551601366,9.316159641403885,8.932814027895391,9.079496383666992,21948800
2019-01-23,9.16084799622373,9.240968625937684,8.885972836538281,9.090588569641113,20761600
2019-01-24,9.14235824220752,9.23110718729312,9.079495189785277,9.200291633605957,11466400
2019-01-25,9.34327883392404,9.478867119502164,9.28904314352626,9.432026863098145,14160800
2019-01-28,9.18427000061509,9.19043254852295,9.037587630330313,9.19043254852295,11272000
2019-01-29,9.199059537247608,9.203990139110434,8.951303141449568,9.010468482971191,8624000
2019-01-30,9.21754966142065,9.539264165766353,9.162082032567753,9.486261367797852,18242400
2019-01-31,9.579942816774803,9.844956858854,9.561453290040648,9.758672714233398,18085600
2019-02-01,9.661291448529832,9.804276060085327,9.61814986415223,9.66868782043457,13536000
2019-02-04,9.672388201066658,9.906586647033691,9.656363507871358,9.906586647033691,10956800
2019-02-05,9.93493657149039,10.105039068247772,9.93247174042006,10.08531665802002,10905600
2019-02-06,10.087779593753371,10.123525750262814,9.932469874263365,10.018753051757812,10268800
2019-02-07,9.844955148686047,9.890561574236092,9.602128392786017,9.748809814453125,25721600
2019-02-08,9.576242076663751,9.783322641802952,9.556519670261876,9.779623985290527,13643200
2019-02-11,9.854815729809292,9.90412081398248,9.721693225082827,9.76729965209961,8244000
2019-02-12,9.902887510928338,10.08408314688936,9.877002554421937,10.059431076049805,8245600
2019-02-13,10.140782811359703,10.203646809267482,10.048336142843146,10.065593719482422,11249600
2019-02-14,9.987937070950949,10.161737244456036,9.927538849280472,10.082849502563477,16321600
2019-02-15,10.244325666714664,10.244325666714664,10.080386648611059,10.177763938903809,13076800
2019-02-19,10.1087354707727,10.275139288665153,10.1087354707727,10.211042404174805,10092000
2019-02-20,10.229534590364462,10.305957529339507,10.10010978292657,10.209813117980957,13265600
2019-02-21,10.151875819192108,10.206111493210985,10.024915891753409,10.125990867614746,10931200
2019-02-22,10.17283182481472,10.293629225581679,10.16173867536904,10.280070304870605,8028000
2019-02-25,10.431684539322564,10.489617950956623,10.340470731864896,10.354029655456543,9064000
2019-02-26,10.292398835046328,10.437848341230106,10.273909307738409,10.372519493103027,9204800
2019-02-27,10.284999516742925,10.383608724456945,10.142014895995905,10.35525894165039,9379200
2019-02-28,10.289932349130202,10.381146144655965,10.251720414726705,10.307188987731934,6304000
2019-03-01,10.456336223318823,10.480988295572963,10.309653854282743,10.457568168640137,7465600
2019-03-04,10.568501602781165,10.616573789360084,10.220902208832664,10.452635765075684,14304800
2019-03-05,10.461265660228712,10.53029220718219,10.363888386967245,10.467428207397461,6786400
2019-03-06,10.47975502897903,10.487151402719492,10.313351196270359,10.34416675567627,9884000
2019-03-07,10.28869889105273,10.299792040786919,10.017521410194762,10.092711448669434,16847200
2019-03-08,9.863443211169706,10.06682607834782,9.842488857811329,10.056964874267578,12748800
2019-03-11,10.137084270374908,10.489614279537637,10.137084270374908,10.477288246154785,8944800
2019-03-12,10.526593614129613,10.644925230659126,10.483452025876575,10.595620155334473,10898400
2019-03-13,10.69792778050699,10.86063386711327,10.673274773193269,10.7496976852417,9967200
2019-03-14,10.75709375991209,10.78544448491267,10.704090966541017,10.70902156829834,5555200
2019-03-15,10.792842823456102,10.971573658724255,10.78174967182724,10.892685890197754,9206400
2019-03-18,10.89884672098779,11.024574728797328,10.855705126314412,10.949384689331055,9306400
2019-03-19,11.045528311773854,11.147836186579065,10.939522720600097,11.028271675109863,10556800
2019-03-20,11.031107990635281,11.248202629595976,10.932428352631662,11.118685722351074,13987200
2019-03-21,11.047143220315794,11.49120065782889,11.044676652809073,11.460363388061523,12127200
2019-03-22,11.359218763997516,11.422127071804281,10.933664723074155,10.947233200073242,21494400
2019-03-25,10.876923148908984,10.989170335112163,10.759741886015274,10.918861389160156,17850400
2019-03-26,11.076748910322785,11.212432724192533,10.904059992179972,11.01754093170166,11055200
2019-03-27,11.03974480838559,11.092784960750603,10.712869494558378,10.886792182922363,12356000
2019-03-28,10.922563252801183,10.997806279579148,10.790579752581941,10.921329498291016,11332000
2019-03-29,11.07674793238261,11.102651126655266,10.955865418031406,11.092782974243164,11311200
2019-04-01,11.300011338744342,11.402391319528194,11.219834234021096,11.390055656433105,10333600
2019-04-02,11.398688848526792,11.481332505644422,11.341947444005505,11.460363388061523,8560800
2019-04-03,11.588646835482704,11.732965988573225,11.518337890573532,11.592348098754883,11328800
2019-04-04,11.592348584251011,11.678692575973551,11.443095348292305,11.582480430603027,10709600
2019-04-05,11.650320545235862,11.709528519314784,11.615782952472669,11.69596004486084,8264800
2019-04-08,11.65648860369669,11.77120329109051,11.567677111381625,11.756401062011719,10833600
2019-04-09,11.66882538321892,11.75146905939866,11.62195306114959,11.673759460449219,8942400
2019-04-10,11.703362713505216,11.80080861913402,11.673759191883487,11.799575805664062,6844800
2019-04-11,11.826710267760882,11.831644344230835,11.693493967387647,11.741600036621094,6588000
2019-04-12,11.84027994532643,11.851381853781087,11.741601229141812,11.837813377380371,7475200
2019-04-15,11.836576108956045,11.86371305370136,11.681156024282947,11.839043617248535,7102400
2019-04-16,11.92045753996369,11.971031125190015,11.848914832556252,11.91922378540039,7738400
2019-04-17,12.073408450104818,12.096845078077695,11.930323996728635,11.999399185180664,7839200
2019-04-18,12.03763665347038,12.040104162154035,11.888384374789245,12.025301933288574,6980000
2019-04-22,11.919222630092424,12.10301345797072,11.90318758663976,12.096845626831055,5758400
2019-04-23,12.148650917855102,12.428653863192887,12.122747723361623,12.401516914367676,9048800
2019-04-24,12.413851720328708,12.452089635167592,12.315172076841415,12.3225736618042,7058400
2019-04-25,12.506363683228114,12.513764327200855,12.286802461967651,12.406451225280762,8656800
2019-04-26,12.381780202972779,12.44345474243164,12.172087145244163,12.44345474243164,9377600
2019-04-29,12.436054422080273,12.523632157458726,12.399049321011603,12.480460166931152,5885600
2019-04-30,12.288038121359417,12.32997636514516,12.120283264058477,12.295438766479492,10799200
2019-05-01,12.449623265820279,12.521165961433908,12.194290695890592,12.200458526611328,13489600
2019-05-02,12.202924775371068,12.32750761225942,11.941424381554056,12.107946395874023,17077600
2019-05-03,12.302837997927368,12.503897617323624,12.262133513365162,12.487861633300781,11482400
2019-05-06,11.957461383683617,12.365746580611425,11.917989711543274,12.342309951782227,12828800
2019-05-07,12.058606610500497,12.167153464688377,11.625651065922687,11.84644603729248,26300000
2019-05-08,11.77243863679915,11.966096689966728,11.693495286532047,11.77490520477295,16962400
2019-05-09,11.53190604430018,11.739132551053483,11.320979215456815,11.666357040405273,25925600
2019-05-10,11.57137950976294,11.799576112217665,11.187763708947097,11.689794540405273,19810400
2019-05-13,11.092782672091529,11.207497352790801,10.807846601774761,10.869521141052246,28607200
2019-05-14,10.987937423809113,11.242036254093788,10.908994079622051,11.108819007873535,14888800
2019-05-15,10.96696785314532,11.480099569272316,10.957099700257778,11.412257194519043,20064000
2019-05-16,11.427059881812893,11.793406838004953,11.403623253035427,11.64415454864502,19188000
2019-05-17,11.414725135222776,11.728031943166561,11.39128850649772,11.40609073638916,19876000
2019-05-20,11.09524966520507,11.176660511892111,10.948464896027524,11.029874801635742,18007200
2019-05-21,11.212432516129683,11.312344978302486,11.144590139914273,11.250670433044434,9770400
2019-05-22,11.123621790920188,11.274107842346645,11.119921468521005,11.150758743286133,7378400
2019-05-23,10.899125134647335,10.901591702252,10.669695763181632,10.804145812988281,18256000
2019-05-24,10.929963637557595,10.999038831219602,10.768376620492997,10.789345741271973,10604000
2019-05-28,10.847319455882834,10.97436887012008,10.707934379577637,10.707934379577637,10436000
2019-05-29,10.583353210481082,10.649960896671773,10.419298680784303,10.536479949951172,17305600
2019-05-30,10.593218240571472,10.678329403614187,10.499473620985704,10.6265230178833,13569600
2019-05-31,10.371191784873128,10.440266974606192,10.270045568015908,10.271278381347656,16176800
2019-06-03,10.22687271903491,10.27497878515801,9.724841057813945,9.839555740356445,30019200
2019-06-04,10.040615953285911,10.382292513034855,9.969073256373662,10.377358436584473,14740800
2019-06-05,10.573484533013954,10.577184855276995,10.314451622733156,10.530312538146973,16856800
2019-06-06,10.563614246939085,10.747404097170298,10.472336198922598,10.69189739227295,12558400
2019-06-07,10.804147654115352,11.197631600169956,10.781945718653475,11.101419448852539,14323200
2019-06-10,11.25190554425471,11.577547107198173,11.25190554425471,11.355518341064453,14978400
2019-06-11,11.60591682371191,11.645389440700054,11.32221444720202,11.394989967346191,12202400
2019-06-12,11.32961345761097,11.377719526275369,11.224766921831609,11.269172668457031,7091200
2019-06-13,11.357982232804096,11.44679371097226,11.312342739556929,11.399920463562012,7874400
2019-06-14,11.269173005560814,11.353050424909165,11.208732214598863,11.286441802978516,8337600
2019-06-17,11.340714839900334,11.493667437264662,11.320978535167487,11.429526329040527,6988000
2019-06-18,11.693493289399301,11.922922656015986,11.641685960008033,11.762568473815918,13854400
2019-06-19,11.803275582092997,11.904421805609596,11.652789530770484,11.84891414642334,12580800
2019-06-20,12.17702167730646,12.183188566835996,11.890851841144684,12.064773559570312,14650400
2019-06-21,12.031469279642712,12.18442187411404,11.980895705530466,12.03516960144043,11025600
2019-06-24,12.07464229186199,12.09807892000445,12.01666806924361,12.03147029876709,5284800
2019-06-25,12.013084665736148,12.02295696963895,11.583649802186148,11.614500045776367,13850400
2019-06-26,11.767516436617372,11.914363890468403,11.686071345463958,11.718155860900879,8439200
2019-06-27,11.804535483676734,11.863767413227583,11.74653688578039,11.811939239501953,6425600
2019-06-28,11.865001926483277,11.89215028702458,11.752706606330541,11.847725868225098,10090400
2019-07-01,12.289499635113815,12.320349871299731,12.045166291747075,12.154993057250977,11168800
2019-07-02,12.146357287984562,12.253716468811035,12.078486379161848,12.253716468811035,7073600
2019-07-03,12.304308629289592,12.427709579467773,12.28333069371319,12.427709579467773,4602400
2019-07-05,12.263588617888836,12.425244536149952,12.16610173417442,12.38698959350586,7598400
2019-07-08,12.224098904075394,12.224098904075394,12.10563409440816,12.204355239868164,4544800
2019-07-09,12.08342161624624,12.35613762123561,12.067379830590841,12.32775592803955,6504000
2019-07-10,12.475835368998858,12.63995885203682,12.430177621827415,12.56838607788086,8825600
2019-07-11,12.612813110086151,12.668344111820378,12.472136078718949,12.54864501953125,9186400
2019-07-12,12.574558864984397,12.693023681640625,12.549878106426013,12.693023681640625,5073600
2019-07-15,12.748551570884054,12.776934203026517,12.680681614718662,12.763360023498535,4829600
2019-07-16,12.73004215504192,12.760892391817642,12.560982518580136,12.63625717163086,6689600
2019-07-17,12.643661698382168,12.681915693045514,12.511622714587372,12.515324592590332,4691200
2019-07-18,12.39685936544362,12.58689694205552,12.312946681504268,12.55481243133545,8288800
2019-07-19,12.72387332387,12.72387332387,12.327756347060784,12.341330528259277,9793600
2019-07-22,12.419073689367746,12.598004721350943,12.412903264206381,12.553581237792969,5620000
2019-07-23,12.685618505292918,12.711532592773438,12.51779313177421,12.711532592773438,6175200
2019-07-24,12.617748267607363,12.887996673583984,12.60911023799268,12.887996673583984,6628800
2019-07-25,12.795446948062809,12.800383099865808,12.595537036677477,12.638727188110352,8358400
2019-07-26,12.800382170576583,12.93242116192821,12.786807989472475,12.892932891845703,5265600
2019-07-29,12.88182717070635,12.88182717070635,12.648599412946577,12.813956260681152,6031200
2019-07-30,12.61651239997362,12.797911940432234,12.594300192132271,12.695488929748535,4669600
2019-07-31,12.767063215034213,12.779403122745489,12.114272023329452,12.358606338500977,15574400
2019-08-01,12.393157783447887,12.839869573536308,12.10563333616881,12.219161987304688,20566400
2019-08-02,12.045168144893067,12.068614629273435,11.71198591941497,11.863768577575684,18462400
2019-08-05,11.36522691817353,11.368928795911053,10.823496841511073,11.003662109375,26062400
2019-08-06,11.224550895206093,11.388674393377269,11.060427397034916,11.326973915100098,14356000
2019-08-07,11.08387444372267,11.475055269939544,10.911112907465885,11.424461364746094,21372000
2019-08-08,11.562670447016496,11.945214205032737,11.48492817528706,11.940278053283691,11144000
2019-08-09,11.823044503477702,11.902021034725232,11.529350586743108,11.713217735290527,15328000
2019-08-12,11.568839117038248,11.63671001644802,11.338079000519558,11.446672439575195,10623200
2019-08-13,11.435566930135696,12.096996162210333,11.404716689615329,11.960021018981934,17779200
2019-08-14,11.55279784313923,11.63424198455704,11.189998731117816,11.215912818908691,19658400
2019-08-15,11.26527318733644,11.32573939109607,11.030811186780786,11.201104164123535,15259200
2019-08-16,11.392375262396047,11.61449734110997,11.392375262396047,11.555264472961426,8902400
2019-08-19,11.87857571650638,11.974828306918209,11.810704817382891,11.908191680908203,8017600
2019-08-20,11.871171262032675,11.95014779636875,11.740366553565034,11.747770309448242,8296800
2019-08-21,11.953850229547287,12.022954459489906,11.868703273743332,11.95138168334961,5812800
2019-08-22,11.992102938065804,12.047632982397863,11.683600599611214,11.873638153076172,8872800
2019-08-23,11.713218523316248,11.921766440330492,11.053023596687067,11.12583065032959,18804800
2019-08-26,11.368930468837743,11.451609830198096,11.234423870051248,11.4503755569458,9049600
2019-08-27,11.604626231396505,11.644114500393139,11.310932289576206,11.410886764526367,10804000
2019-08-28,11.32450687306956,11.517013031069208,11.217148629149746,11.477524757385254,7570400
2019-08-29,11.761345099387537,11.893384087840246,11.677432409620186,11.829216003417969,9375200
2019-08-30,11.952616005658385,11.95878642970346,11.642879359791188,11.776152610778809,8736000
2019-09-03,11.619434768278097,11.734196756499696,11.463949296098656,11.542925834655762,10075200
2019-09-04,11.76134429422476,11.890915668876389,11.70211236519367,11.876107215881348,6433600
2019-09-05,12.130314385092731,12.373413478249512,12.122909687509445,12.312947273254395,7368800
2019-09-06,12.340095980922452,12.353670161819435,12.233971080168551,12.284565925598145,6122400
2019-09-09,12.35736812839551,12.364771882368617,12.101928260105941,12.226563453674316,6916800
2019-09-10,12.094529172101181,12.168569564819336,11.935341809946076,12.168569564819336,7916800
2019-09-11,12.199420524816865,12.393160018876602,12.146358067642556,12.38698959350586,6238400
2019-09-12,12.536304204957611,12.67327935822736,12.449923901758082,12.47953987121582,11579200
2019-09-13,12.446220474679974,12.502984801359048,12.362307787094695,12.398094177246094,5365600
2019-09-16,12.229033112907944,12.331456120294696,12.206820905781594,12.273457527160645,7053600
2019-09-17,12.278397368463043,12.39686219492049,12.233972940857155,12.390692710876465,3535200
2019-09-18,12.347498981952619,12.3956252780164,12.079719141500382,12.389455795288086,7505600
2019-09-19,12.42894430201451,12.577025070993134,12.378349458704164,12.42524242401123,4820800
2019-09-20,12.463496982534135,12.482007314862525,12.074783769536417,12.162398338317871,8774400
2019-09-23,12.151292333945477,12.24014117323768,12.06861391906646,12.16980266571045,6104000
2019-09-24,12.283331709007442,12.32899040327818,11.746537719657875,11.839088439941406,15376000
2019-09-25,11.819346131723638,12.171038748865355,11.625606623931548,12.106870651245117,9322400
2019-09-26,12.08588962319032,12.095760983897486,11.840321049161417,12.01801872253418,9116000
2019-09-27,12.056272945593427,12.071081399147221,11.557733915118478,11.730494499206543,11147200
2019-09-30,11.804536893248537,11.97606416116142,11.769983831830947,11.936575889587402,8552000
2019-10-01,12.024187559044153,12.16239600544043,11.709514794242974,11.740365028381348,10512800
2019-10-02,11.589815800756904,11.589815800756904,11.217145384504523,11.336844444274902,12161600
2019-10-03,11.34054754131249,11.600923622232925,11.062895402636869,11.58981704711914,13472000
2019-10-04,11.70211379987264,11.960021366202602,11.687305345062084,11.931639671325684,8134400
2019-10-07,11.855129909998158,12.041465618817272,11.809471216943928,11.851428031921387,6994400
2019-10-08,11.699644804491077,11.800833554794604,11.47875697144962,11.48369312286377,11548800
2019-10-09,11.681135100161825,11.82427972143356,11.619434621352116,11.72926139831543,6865600
2019-10-10,11.719389346251406,11.98840347727084,11.710751316692395,11.89215087890625,6428800
2019-10-11,12.167334659747237,12.39439291929779,12.154994751847392,12.193248748779297,13950400
2019-10-14,12.162398423531545,12.272225203581627,12.145122364297238,12.204355239868164,4255200
2019-10-15,12.270992033760335,12.563451712853716,12.262354004029193,12.505453109741211,6500000
2019-10-16,12.432648790877566,12.500519706772511,12.367246421819582,12.442521095275879,5408000
2019-10-17,12.594301800630467,12.631322465585695,12.421541208105054,12.51162338256836,5344000
2019-10-18,12.480771825582934,12.522728637537526,12.142653491129074,12.269756317138672,7823200
2019-10-21,12.391923250495314,12.50051668971772,12.33762747235865,12.485708236694336,4286400
2019-10-22,12.572090186105735,12.617748882852315,12.2796304966949,12.285799980163574,5113600
2019-10-23,12.225333189774158,12.33269236496087,12.194482949470755,12.33145809173584,3968800
2019-10-24,12.506686269908155,12.580726652653421,12.395625225052981,12.564684867858887,5922400
2019-10-25,12.437584321155908,12.778171274069097,12.432648169203576,12.758426666259766,6609600
2019-10-28,12.884294591440085,13.052119029658165,12.884294591440085,13.01633358001709,5828000
2019-10-29,12.971908952737442,13.008928674992548,12.811487331874885,12.821359634399414,6106400
2019-10-30,12.8682513543537,12.979312401437362,12.71770203958191,12.923782348632812,6336800
2019-10-31,13.006461019511237,13.021268531765852,12.801614979559613,12.943526268005371,7887200
2019-11-01,13.058289541673261,13.185392379760742,13.020035545368184,13.185392379760742,6411200
2019-11-04,13.361855183537616,13.401343451262226,13.296452828381968,13.337175369262695,7344800
2019-11-05,13.377898933667527,13.401344476580116,13.26930548301059,13.34211254119873,4214400
2019-11-06,13.32730416666342,13.32730416666342,13.16564920443226,13.293986320495605,5488800
2019-11-07,13.429726447286688,13.553127404939291,13.305091216444675,13.382833480834961,6590400
2019-11-08,13.333473830225785,13.488958358764648,13.26313532213213,13.488958358764648,4704800
2019-11-11,13.360619565399647,13.459340695510436,13.314961819439846,13.450702667236328,3490400
2019-11-12,13.47291842642862,13.616063067205902,13.430961605554002,13.521044731140137,4613600
2019-11-13,13.432196346117719,13.555597324844523,13.416154557814146,13.502534866333008,6140000
2019-11-14,13.429726475439695,13.525979071974566,13.351983269411843,13.509937286376953,4528000
2019-11-15,13.667892576192346,13.692572395183124,13.585213205476267,13.677763938903809,4488000
2019-11-18,13.66541999635836,13.771544881352813,13.554358960727598,13.732056617736816,5767200
2019-11-19,13.829545567007992,13.829545567007992,13.664188732306956,13.762908935546875,4820800
2019-11-20,13.697507958480527,13.776484505625863,13.391473132186327,13.596319198608398,10796000
2019-11-21,13.56546766422447,13.585211328394143,13.450704732972236,13.53461742401123,4807200
2019-11-22,13.59631624717783,13.617294182011918,13.41244910153145,13.554359436035156,4209600
2019-11-25,13.659251900292404,13.87643690148281,13.659251900292404,13.872735023498535,4988000
2019-11-26,13.887542734884313,13.957881237250987,13.857926771117953,13.924562454223633,3788800
2019-11-27,13.998604442205714,14.117069244384766,13.962818052775393,14.117069244384766,6480000
2019-11-29,14.049197516773523,14.086218177171146,13.971455259707918,13.983795166015625,2859200
2019-12-02,13.987500141730417,13.992436293641664,13.54078922072159,13.67529582977295,10956800
2019-12-03,13.332239869129738,13.490192947741075,13.187860971474809,13.476618766784668,11588000
2019-12-04,13.622231130555148,13.682697333930928,13.58150859009869,13.613593101501465,4644800
2019-12-05,13.713547783007604,13.713547783007604,13.53955292611588,13.665421485900879,6520000
2019-12-06,13.857930678141638,13.980097386911035,13.849292647046322,13.950481414794922,6270400
2019-12-09,13.907287571158133,14.039326558380164,13.824609155364112,13.833247184753418,4480800
2019-12-10,13.84065325154309,13.936905857537983,13.748102524013431,13.809803009033203,5700000
2019-12-11,13.865333107054933,13.981330320482696,13.828312439351485,13.957883834838867,4825600
2019-12-12,13.922094285745997,14.265148755027345,13.887542172505354,14.166428565979004,16383200
2019-12-13,14.149154343681914,14.349063293769202,14.087453864474805,14.25157642364502,15720000
2019-12-16,14.43174032856138,14.569949727686897,14.43174032856138,14.524291038513184,6349600
2019-12-17,14.574886818178431,14.593397149657063,14.50454831173928,14.540334701538086,5134400
2019-12-18,14.577354460679228,14.652629118472111,14.548972768283296,14.561312675476074,3756800
2019-12-19,14.587227403855445,14.759988936567638,14.585993130639574,14.75381851196289,5753600
2019-12-20,14.893262158318986,14.921643851883005,14.813051346052893,14.875986099243164,7419200
2019-12-23,14.979641675148665,14.994450128504552,14.92287734949628,14.943855285644531,5128000
2019-12-24,14.973486723155968,14.984596946260645,14.889539361754077,14.951265335083008,3299200
2019-12-26,15.003112468510365,15.224091529846191,15.003112468510365,15.224091529846191,3947200
2019-12-27,15.331496020373752,15.331496020373752,15.117923759639039,15.187056541442871,6070400
2019-12-30,15.174709978607389,15.19199317228412,14.845093573948233,14.982125282287598,9577600
2019-12-31,14.900647822914022,15.066073901643634,14.852501644759647,15.047555923461914,5025600
2020-01-02,15.296929417076715,15.543833282220485,15.242610265348766,15.541363716125488,7477600
2020-01-03,15.132736346268848,15.445069548353873,15.132736346268848,15.266064643859863,10924000
2020-01-06,15.011756957013002,15.459888139063542,14.980893969460812,15.447542190551758,6679200
2020-01-07,15.467291715169017,15.53642449141021,15.356184794878931,15.440132141113281,5158400
2020-01-08,15.43642966272168,15.82406771129647,15.394455516147662,15.673457145690918,9110400
2020-01-09,15.93640976769182,16.001839142258873,15.759874405599172,15.951225280761719,7167200
2020-01-10,16.070971119890114,16.070971119890114,15.808019793578397,15.867276191711426,8929600
2020-01-13,15.983317573590785,16.231455213360842,15.946281627007934,16.222814559936523,5419200
2020-01-14,16.198125895956636,16.26231953269914,16.045044849830706,16.10306739807129,7709600
2020-01-15,16.112944227941743,16.256147015529326,16.00553978259268,16.10553741455078,6817600
2020-01-16,16.25985539752254,16.415404159488155,16.19812942922597,16.409231185913086,4939200
2020-01-17,16.55613682839205,16.59811002849384,16.393179392147296,16.575889587402344,5762400
2020-01-21,16.48082841550634,16.64131625996818,16.47218587844059,16.561071395874023,6591200
2020-01-22,16.721562936986434,16.835138482431514,16.60181441851922,16.645023345947266,5920000
2020-01-23,16.622803504113886,16.757367554690386,16.47219198175379,16.74378776550293,5767200
2020-01-24,16.91538592948312,16.937606375260263,16.312939838718208,16.457378387451172,13505600
2020-01-27,15.73024493152256,15.953692626792396,15.616669380258825,15.77962589263916,14857600
2020-01-28,15.998135209533055,16.333924610942123,15.920361774310084,16.256149291992188,5929600
2020-01-29,16.446267806777602,16.47960035844535,16.173438187065905,16.306766510009766,8316800
2020-01-30,16.101834280679803,16.442562812112158,16.0080114922839,16.42527961730957,9340000
2020-01-31,16.557373904221272,16.572189418236864,15.78703404772411,15.893203735351562,14463200
2020-02-03,16.053687016085696,16.45490576028754,16.042576795263777,16.36602210998535,8365600
2020-02-04,16.826499106866866,17.19068193814683,16.720330367483268,17.11907958984375,7303200
2020-02-05,17.553629623678034,17.553629623678034,17.04006916046682,17.249937057495117,13258400
2020-02-06,17.33265151294684,17.551161972809194,17.210435298704738,17.536348342895508,5023200
2020-02-07,17.384501296471054,17.577086001550818,17.288207060204257,17.378328323364258,5877600
2020-02-10,17.27462653584506,17.809173583984375,17.265985880845726,17.809173583984375,5871200
2020-02-11,18.002994005652376,18.11903911369222,17.719054208396194,17.809173583984375,13471200
2020-02-12,18.01287216231027,18.17212432850964,17.937566407136423,18.158544540405273,8524800
2020-02-13,17.90299682396066,18.25606936799018,17.86349130789152,18.098051071166992,8584000
2020-02-14,18.16224676786695,18.2449593323196,18.042498248833155,18.194345474243164,5173600
2020-02-18,18.019047565404453,18.289405755292478,17.99312182689962,18.22521209716797,7386400
2020-02-19,18.43137319909594,18.64617834790381,18.40297978314269,18.567169189453125,4651200
2020-02-20,18.488158143219316,18.560996204823606,17.76843325151683,18.206687927246094,10793600
2020-02-21,18.048667842881088,18.098049734319826,17.37708918912665,17.5289363861084,11076800
2020-02-24,16.17590750194069,16.598112909504252,15.991963433717027,16.167266845703125,32115200
2020-02-25,16.430217732640436,16.54255944664874,15.194464529730281,15.29446029663086,32688800
2020-02-26,15.463589683541617,15.977149244758142,15.214216246725254,15.426553726196289,28350400
2020-02-27,14.658681501197075,15.129033982024177,13.879700145724271,13.882168769836426,44845600
2020-02-28,12.973562784673089,14.094506527609173,12.882208620807003,14.0216703414917,52608800
2020-03-02,14.316721931637847,15.354952278962026,13.92414471656063,15.3413724899292,27213600
2020-03-03,15.441367748499326,15.793205563316494,14.09574151283907,14.362397193908691,36943200
2020-03-04,14.904352233823582,15.561116477431469,14.614239438788854,15.541363716125488,19877600
2020-03-05,14.750036969544773,15.279644918922905,14.390791402155582,14.605597496032715,23922400
2020-03-06,13.634031558489227,14.25869802783621,13.404410891523044,14.113024711608887,25092000
2020-03-09,12.160015929978906,13.171087606669934,12.098289960791197,12.169892311096191,18062400
2020-03-10,13.093311226768948,13.492061369983649,12.16001494931433,13.474778175354004,27948800
2020-03-11,12.841470629450157,13.022945135411636,11.96496202709534,12.299516677856445,29296000
2020-03-12,10.650195780895451,11.721758389282131,9.993431662327056,10.02306079864502,36395200
2020-03-13,11.132897035524486,11.987184314745804,10.131701632468996,11.932866096496582,32360800
2020-03-16,9.44530948729884,10.767479832836298,8.888540897889747,9.035449028015137,23924800
2020-03-17,9.5416004245006,10.500821570698783,8.949030743898417,10.253917694091797,31902400
2020-03-18,9.084826832417283,9.914423930416957,8.534231352440186,9.611967086791992,30875200
2020-03-19,9.51443892840187,10.36749210212062,9.086060638190498,9.744059562683105,35715200
2020-03-20,10.181080604168042,10.305767314573508,8.90829153397135,8.965079307556152,36707200
2020-03-23,9.026805846994243,9.376174108030035,8.398435006632626,9.010756492614746,33055200
2020-03-24,9.945287110419997,10.389714808828089,9.778627194448699,10.382307052612305,31956000
2020-03-25,10.448853260828276,11.03284372052108,9.953758784419511,10.19698429107666,28396800
2020-03-26,10.385889236095094,11.377314285604436,10.3537880318646,11.29459285736084,22880000
2020-03-27,10.708133279155833,11.120506443616987,10.432805569773231,10.466140747070312,17913600
2020-03-30,10.701957858062762,11.31928352836642,10.630347854236126,11.267428398132324,16922400
2020-03-31,11.220513141789096,11.639059949137033,10.934074014902539,11.060009002685547,20289600
2020-04-01,10.422928032946222,10.751345793416375,9.969811145648862,10.136488914489746,15729600
2020-04-02,10.036480314439737,10.559972190608002,9.980920441958594,10.538983345031738,17881600
2020-04-03,10.480955677761203,10.659979754291808,10.005615076314198,10.252545356750488,11934400
2020-04-06,11.024201776014495,11.826725135958073,10.893329037206088,11.710667610168457,16623200
2020-04-07,12.37984791579422,12.424295437036394,11.643995869177578,11.664985656738281,23536800
2020-04-08,11.89216080441966,12.247740025375304,11.687209186704855,12.172426223754883,18464800
2020-04-09,12.382318815817058,12.504549038813039,11.99463835745465,12.203293800354004,20278400
2020-04-13,12.109461333212693,12.531711892076249,11.963772428217373,12.483560562133789,13797600
2020-04-14,12.983594113015302,13.6330200481159,12.89469906466097,13.562644958496094,23470400
2020-04-15,13.139159834174784,13.48980131789865,12.963839563294977,13.252747535705566,14076000
2020-04-16,13.546592676003355,13.872540506832552,13.289785008694269,13.7552490234375,23693600
2020-04-17,14.083668017150538,14.15404310694854,13.58239986672842,13.982426643371582,17477600
2020-04-20,13.73549571066367,14.078728621303513,13.652774299646135,13.658946990966797,14834400
2020-04-21,13.394731097654379,13.46263729293734,12.499608944735385,12.642828941345215,24203200
2020-04-22,13.189782027008452,13.56758507960839,13.082367008814751,13.424365997314453,14567200
2020-04-23,13.513259245392517,13.842911886285046,13.297195249606203,13.360162734985352,16400000
2020-04-24,13.402140928162197,13.820687665049796,13.224350830381894,13.799697875976562,12976800
2020-04-27,14.070086647135387,14.12811541119891,13.855257576358362,13.967610359191895,13344800
2020-04-28,14.223184185683186,14.223184185683186,13.433008019117459,13.470046997070312,18484800
2020-04-29,14.06761695492892,14.540487678240174,13.926866784674411,14.388626098632812,16485600
2020-04-30,14.549130346707216,14.550365261746972,14.19972474759027,14.442951202392578,14748000
2020-05-01,13.820686196364594,14.105890329609132,13.452759714659804,13.570052146911621,15874400
2020-05-04,13.44164825602037,13.9318040022018,13.378680779653292,13.909581184387207,11196800
2020-05-05,14.182440585038346,14.536784924340393,14.1145343831002,14.21947956085205,11768000
2020-05-06,14.442951325131997,14.659015302680881,14.278742476123439,14.392330169677734,11310400
2020-05-07,14.756553963364524,14.881254025655423,14.586172399514819,14.773839950561523,10453600
2020-05-08,14.991137503321408,15.181273937418439,14.862733640997533,15.161520004272461,11151200
2020-05-11,14.98249423287197,15.577596157373016,14.947924145119382,15.413387298583984,9703200
2020-05-12,15.514628710437215,15.603522812916184,14.789888057179319,14.798530578613281,10824000
2020-05-13,14.870142363728224,15.119541542138768,14.070087809744654,14.42937183380127,18562400
2020-05-14,14.254049684121048,14.75038006216104,13.978722956221958,14.744206428527832,16701600
2020-05-15,14.341712142392486,14.946690618179003,14.28862209070903,14.934344291687012,13533600
2020-05-18,15.339308465944546,15.634390070110667,15.236833117400426,15.505986213684082,15345600
2020-05-19,15.52821033574587,15.820823058394376,15.401041391503355,15.405980110168457,14496800
2020-05-20,15.77267063984452,16.077629667117822,15.77267063984452,16.03318214416504,10851200
2020-05-21,16.045530427855486,16.13071979197956,15.613401495769306,15.680072784423828,14448800
2020-05-22,15.618339686833627,15.814648800715029,15.493639635860701,15.777609825134277,7922400
2020-05-26,16.289989528085577,16.318385980441107,15.672663879053554,15.714641571044922,12181600
2020-05-27,15.629453542206274,15.887495264391438,15.001016354478434,15.864038467407227,21416800
2020-05-28,15.702296850279739,16.30604226330628,15.70106193510557,15.802303314208984,16858400
2020-05-29,15.897370843641879,16.320857256027548,15.656614195981955,16.231962203979492,23090400
2020-06-01,16.154177786184146,16.4430857494929,16.10602645896602,16.40481185913086,9300800
2020-06-02,16.444324970296908,16.60853385925293,16.10355992280697,16.60853385925293,10876800
2020-06-03,16.69125251223824,16.86163500762379,16.570257203015146,16.75421905517578,7372000
2020-06-04,16.696190024136754,16.909786068536366,16.333202218294886,16.51469612121582,14243200
2020-06-05,16.660385379200072,17.259190144998286,16.60606041915125,17.161653518676758,12560800
2020-06-08,17.144369948032807,17.453032807615763,16.923368169499987,17.44438934326172,12563200
2020-06-09,17.309812957149923,17.820958582238525,17.301171376640333,17.68267822265625,11370400
2020-06-10,17.9394854812738,18.349388772428615,17.870345303290716,18.12221336364746,15496800
2020-06-11,17.53081758679669,17.728360699370178,16.31345111437903,16.33073616027832,20905600
2020-06-12,17.0357185560443,17.20733501588159,16.003549966855957,16.55914306640625,24397600
2020-06-15,16.08256900612291,17.077699650927226,15.955400058304514,16.972753524780273,16255200
2020-06-16,17.701197605818262,17.88639532718963,16.94682547874174,17.582672119140625,17252000
2020-06-17,17.785155362384256,17.9468944086206,17.56168374070328,17.667863845825195,10474400
2020-06-18,17.62711668774275,17.80737471794254,17.512293140130378,17.77774429321289,11544800
2020-06-19,18.137026662698958,18.166658971817895,17.507355636330452,17.75551986694336,12873600
2020-06-22,17.756755420371412,18.212340155243034,17.699960633179845,18.196290969848633,8647200
2020-06-23,18.430874098537085,18.83090179019967,18.349386662173316,18.486433029174805,8218400
2020-06-24,18.374086544706486,18.569159845267723,17.508594542463655,17.745647430419922,16951200
2020-06-25,17.746881359571468,18.103695568123616,17.371546248140866,18.086410522460938,11276800
2020-06-26,18.030850339453448,18.034556027303967,17.136963826329954,17.20240020751953,15106400
2020-06-29,17.180177035527887,17.588848316065686,16.79743615261748,17.56538963317871,12743200
2020-06-30,17.575262378931473,18.355561037309606,17.553037675421013,18.23456573486328,9148800
2020-07-01,18.277778733603103,18.850656915272083,18.198761118335955,18.698795318603516,9286400
2020-07-02,19.06919007847394,19.26796902487652,18.883992372530987,18.9518985748291,9366400
2020-07-06,19.45440211532241,19.96431183889397,19.446992624764754,19.88899803161621,8572800
2020-07-07,19.840845273224737,20.266799579031083,19.570456347194323,19.60749626159668,10094400
2020-07-08,19.824798771094166,20.13346162634123,19.593917674297938,20.116174697875977,8076000
2020-07-09,20.419899324898935,20.57670057939768,19.766769566564925,20.45076560974121,12246400
2020-07-10,20.41743068085529,20.782888343549313,20.011231177659475,20.755725860595703,9117600
2020-07-13,21.197729407253668,21.65331605850163,19.75812547573568,19.891468048095703,16536000
2020-07-14,19.503787738059547,20.232231288883533,19.002519585955017,20.181612014770508,21487200
2020-07-15,20.3791564407074,20.527314237256004,19.726026655520517,20.22606086730957,14611200
2020-07-16,19.790225689534964,20.06925810076248,19.432177551076002,19.943323135375977,11288800
2020-07-17,20.06678913765366,20.15198038603955,19.675404868283465,20.007526397705078,9411200
2020-07-20,20.12481941629255,21.244649229202693,19.918632842209337,21.1569881439209,7736800
2020-07-21,21.410090144942256,21.412558091286677,20.574230628801182,20.71127700805664,11613600
2020-07-22,20.780414431017412,20.997714251959973,20.48039508814093,20.856962203979492,7987200
2020-07-23,20.786590015007587,20.88659647201998,19.53835743614685,19.75689125061035,16324000
2020-07-24,19.164257261403197,19.598855038159833,18.742006750980874,19.376617431640625,15490400
2020-07-27,19.64700765202325,20.135928534525345,19.527246319648125,20.07543182373047,10046400
2020-07-28,19.95320058536119,20.034688026778216,19.52107261193743,19.576631546020508,7340000
2020-07-29,19.798871595559785,20.153215974387447,19.735905047063564,20.02975082397461,6929600
2020-07-30,19.70997592366471,20.31248644180142,19.528482007487117,20.230998992919922,8896800
2020-07-31,20.95327348287629,20.96685472606053,20.187787970933982,20.949567794799805,11823200
2020-08-03,21.30390860064842,21.628620612122813,21.275512148191897,21.503921508789062,7482400
2020-08-04,21.41132335561627,21.674304694426514,21.306379121860573,21.67060089111328,7414400
2020-08-05,21.745915332937237,21.84592179316975,21.57182903642142,21.784189224243164,6196800
2020-08-06,21.738509840519658,22.406454869488254,21.638501486631206,22.33854866027832,7689600
2020-08-07,22.252119278690326,22.386697698706158,21.47058479986864,21.836042404174805,11301600
2020-08-10,21.882960811928857,21.92493850493083,21.07056001217294,21.640968322753906,10324000
2020-08-11,21.450833212241097,21.669365144549964,20.735969026286774,20.833507537841797,11932800
2020-08-12,21.164395024401127,22.026181212851988,21.164395024401127,21.88172721862793,9388000
2020-08-13,21.995315483301244,22.3471919106032,21.826168832470422,21.96815299987793,8996000
2020-08-14,22.05334321502234,22.10890403645277,21.687887447152992,21.927410125732422,5904000
2020-08-17,22.19903218666357,22.481766523722907,22.176807482183275,22.413860321044922,5020800
2020-08-18,22.603998970280028,22.939824315358788,22.362006457177046,22.850929260253906,4248000
2020-08-19,22.855866288645412,23.026248786004885,22.473125482076988,22.552143096923828,6243600
2020-08-20,22.41386052865173,23.255893681801012,22.354597789369524,23.176876068115234,4279600
2020-08-21,23.223792995397286,23.569493871439576,23.097858028308462,23.485538482666016,4805200
2020-08-24,24.038662887155553,24.176945127937373,23.39911435278068,23.789262771606445,5148400
2020-08-25,23.64851094508981,24.172003791633575,23.581840601636735,24.159656524658203,4954400
2020-08-26,24.367079133285856,25.21651986544246,24.35226391993425,25.184417724609375,6337600
2020-08-27,25.374558167949875,25.515308363661784,24.63129743708517,25.016508102416992,9339600
2020-08-28,25.24121363634586,25.391841258536367,25.01403822986883,25.27825355529785,5770000
2020-08-31,25.38937304274758,26.014106392250767,25.3054176461176,25.720260620117188,6781200
2020-09-01,26.17213666589112,26.591919221182195,25.85606624736927,26.56969451904297,7399200
2020-09-02,27.157389650741404,27.169735032851154,26.033856262697917,27.066024780273438,10671200
2020-09-03,26.261037767626426,26.322770344364585,23.78679692088972,24.29053497314453,21334400
2020-09-04,24.04359973346318,24.567090671090185,21.682945202230865,23.646041870117188,22371200
2020-09-08,21.794064750041883,22.76696866993159,21.34218193298574,21.39156723022461,14596800
2020-09-09,22.270641400220363,22.99167732825606,21.88049112592615,22.638566970825195,15787600
2020-09-10,23.15217945381358,23.34972251224774,21.445890618845162,21.710105895996094,15222800
2020-09-11,22.070628763550594,22.19162596274564,20.87548705765349,21.436017990112305,15321600
2020-09-14,22.053336947394858,22.510159353294043,21.845916470623195,22.18174171447754,10220400
2020-09-15,22.78919589844826,23.046003617197893,22.529918349384424,22.813888549804688,9455200
2020-09-16,22.92747481487148,23.0213095216393,22.03358845791686,22.060749053955078,11146800
2020-09-17,20.942155132378275,21.719985842450026,20.808812563457828,21.403915405273438,12571600
2020-09-18,21.59405367522926,21.65578624935391,20.176674300827443,20.83844757080078,16731200
2020-09-21,20.228525534002582,21.01870346069336,19.848252724695545,21.01870346069336,15192800
2020-09-22,21.40391548123107,21.87061353214464,20.850792214209136,21.771841049194336,9837200
2020-09-23,21.734800969082386,21.75208601217402,20.30754434716961,20.43347930908203,11753600
2020-09-24,20.045798549259185,21.14957711107627,19.99394342081569,20.638431549072266,14940400
2020-09-25,20.714976280871376,21.724921873759726,20.47298571704939,21.61627197265625,9966800
2020-09-28,22.396574607833994,22.497816922242865,21.964446637795852,22.483001708984375,7680400
2020-09-29,22.423741452041444,22.576838926578215,22.199035843533803,22.2805233001709,7970800
2020-09-30,22.307680785392492,23.117613693353444,22.282988133962927,22.631160736083984,11083200
2020-10-01,23.238609337061135,23.438622265613418,22.92747664959092,23.317626953125,10772400
2020-10-02,22.2854542578374,22.90277986054758,21.855796165851025,22.00395393371582,15080400
2020-10-05,22.320023285239376,22.984266205196892,22.31014584999178,22.957103729248047,8582000
2020-10-06,22.79907130933753,23.102794473490135,21.95703822024704,22.105195999145508,11046000
2020-10-07,22.547201266846024,23.006491697679095,22.463245883367986,22.915128707885742,5386400
2020-10-08,23.275646494178613,23.290461706704534,22.942291024846988,23.122549057006836,6250000
2020-10-09,23.38429599902534,23.83370901859667,23.332440867989625,23.823833465576172,8204400
2020-10-12,24.62882827033807,25.779524404200014,24.446100370823874,25.28813362121582,11895200
2020-10-13,25.611608491972287,25.725196192700423,25.051075711244078,25.270843505859375,10455200
2020-10-14,25.441225316761876,25.60173036841725,24.564623992061424,24.86834716796875,9660000
2020-10-15,24.031253000240106,24.63870121812646,23.92754274243891,24.5177059173584,9642000
2020-10-16,24.82390124571946,25.06836170033103,24.22386057790663,24.260900497436523,10963200
2020-10-19,24.591783856268396,24.75475873326178,23.290462206151602,23.443559646606445,9526400
2020-10-20,23.599126094209172,24.09545646999656,23.327503170937078,23.589248657226562,10346800
2020-10-21,23.601597344691857,24.048540562461554,23.446030057764904,23.529987335205078,7973200
2020-10-22,23.67814183158205,23.818892000566443,22.976860816692323,23.537391662597656,9636000
2020-10-23,23.643573760986328,23.643573760986328,23.132428168612485,23.643573760986328,6109600
2020-10-26,23.216384443888114,23.705307234528835,22.29780537105011,22.895376205444336,13420000
2020-10-27,23.06575769077988,23.399113182335554,22.873150495460504,23.248485565185547,9899200
2020-10-28,22.515102991373897,22.59905838223457,21.408854508752047,21.4483642578125,16731600
2020-10-29,21.67800616395052,22.683012173194918,21.5891111261462,22.161989212036133,11930800
2020-10-30,21.865677411487933,22.00148793739115,20.695226508379257,21.112539291381836,14191200
2020-11-02,21.433549909021295,21.71258045829154,20.692759039593305,21.171802520751953,8594800
2020-11-03,21.443423626185,22.223724179437575,21.302673448405702,21.880491256713867,8650800
2020-11-04,23.307751129327233,24.130029489750008,23.03859800357545,23.838651657104492,12656400
2020-11-05,24.939956377612823,25.246149373956836,24.685618510041948,25.093053817749023,10176000
2020-11-06,24.95230477973154,25.238742916074344,24.307816618049642,25.135032653808594,7578400
2020-11-09,25.584444453670724,25.873352406454647,24.0263151120084,24.070762634277344,14152400
2020-11-10,23.529987667637354,23.76951035145988,22.764504141926967,23.246017456054688,11485600
2020-11-11,23.623820951301006,24.34238901649427,23.571965815245097,24.27571678161621,7230400
2020-11-12,24.406588083265103,24.651050418018976,23.843587343702005,24.046070098876953,6288800
2020-11-13,24.31522481504215,24.5596852631538,23.947299227732707,24.488075256347656,4542000
2020-11-16,24.404116923785,24.890569815005446,24.307814277535382,24.81402015686035,5726400
2020-11-17,24.870818532625517,24.927611443006533,24.562155677293944,24.653518676757812,4220000
2020-11-18,24.57944406080682,24.86094447239509,24.30041347989671,24.30535125732422,5259600
2020-11-19,24.216452446053953,24.744883093706346,24.100394913208408,24.67327308654785,4780800
2020-11-20,24.69055802922492,24.804145731307248,24.347325092692,24.357202529907227,3907200
2020-11-23,24.527584837479953,24.747352633035177,23.971991714888507,24.354732513427734,6552800
2020-11-24,24.534993492948704,25.12268689841515,24.2288004642453,25.051076889038086,5338800
2020-11-25,25.206644103865756,25.456042336859596,25.063424085519927,25.36467933654785,5023600
2020-11-27,25.67087071959035,26.0066960385049,25.633830802194336,25.814090728759766,3326400
2020-11-30,25.86347705593928,25.96718920555048,25.083178349085383,25.880762100219727,5148000
2020-12-01,26.300545020138905,26.86601559536199,26.12275491461025,26.61908531188965,4608000
2020-12-02,26.35486950068756,26.705510044646072,26.031389554198718,26.638837814331055,4815200
2020-12-03,26.673402861869803,26.994412917404016,26.589447487180397,26.700565338134766,5140400
2020-12-04,26.725262966603026,26.95490818460118,26.599328006041876,26.952438354492188,3401200
2020-12-07,26.964785330800712,27.298142709865687,26.935154903455196,27.23641014099121,3628000
2020-12-08,27.152449855120675,27.470990101242432,26.826502002984416,27.404319763183594,3881600
2020-12-09,27.394448412578893,27.42407884321901,25.982006778253165,26.20177459716797,8483600
2020-12-10,25.811625187820592,26.586986216062023,25.62148967668686,26.37215805053711,7340000
2020-12-11,26.080777054581095,26.288197587108005,25.68074931965678,26.27585220336914,6267200
2020-12-14,26.4561104205122,26.99688834417376,26.4561104205122,26.61908531188965,5519200
2020-12-15,27.058618236012716,27.211713790893555,26.663530198359698,27.211713790893555,3863600
2020-12-16,27.295675797943943,27.66113158975382,27.110478071519985,27.51297378540039,5317200
2020-12-17,27.81422647764972,27.915468796331975,27.589520903387974,27.871021270751953,4388400
2020-12-18,28.004365089793897,28.041403126146527,27.268511996754434,27.678415298461914,7573200
2020-12-21,27.162330547944737,27.69816879842953,26.64624717181947,27.6068058013916,7365200
2020-12-22,27.767307209149333,27.917934819688057,27.23146899273631,27.740144729614258,6357600
2020-12-23,27.75496269353137,27.81669526096185,27.43889224971584,27.463584899902344,4632800
2020-12-24,27.515442193966308,27.782127358377842,27.508034586720754,27.703109741210938,2612400
2020-12-28,28.177216316346065,28.350066770521007,27.851268399952847,28.266111373901367,4510800
2020-12-29,28.513039700884516,28.624157573187833,28.150051888265164,28.317964553833008,4793200
2020-12-30,28.52538520124944,28.584649825053695,28.196969359661363,28.293272018432617,3214800
2020-12-31,28.30067960459784,28.530324840866868,28.10313462658609,28.424144744873047,4652000
2021-01-04,28.698238482158676,28.722931134267064,26.905524056946568,27.62409210205078,10180000
2021-01-05,27.458647620264987,28.127830367088865,27.451240012959616,28.073505401611328,8942800
2021-01-06,27.23394068493565,28.09572683076449,27.033927761891245,27.32036590576172,9966000
2021-01-07,27.799409138896138,28.784660349361605,27.799409138896138,28.65378761291504,6424400
2021-01-08,29.06369185801798,29.429149484441414,28.65378859182187,29.37482452392578,9081200
2021-01-11,28.80194953705693,29.024187179952005,28.387106564962338,28.500694274902344,8142800
2021-01-12,28.53032729180258,28.725402456267027,27.935224360267267,28.431554794311523,6837200
2021-01-13,28.4760023455349,28.950108073136313,28.36735240981965,28.799480438232422,4868400
2021-01-14,28.878494119323307,29.071101311065245,28.411796063027996,28.48340606689453,5456400
2021-01-15,28.463649509751896,28.631562157593653,27.831508663255082,28.041399002075195,5389200
2021-01-19,28.468594228539832,28.947639608609155,28.273519067418086,28.871089935302734,6685200
2021-01-20,29.52051471142645,30.372423394530934,29.46618975026784,30.192163467407227,5584400
2021-01-21,30.387239395751138,30.81936738207947,30.194634080416215,30.700841903686523,6775200
2021-01-22,30.50823974609375,30.698375250829564,30.372427325619093,30.50823974609375,5576800
2021-01-25,31.16013480927301,31.412002883510613,29.755100815223937,31.049015045166016,14268400
2021-01-26,31.152728527989897,31.3157015514513,30.84406564332257,31.093463897705078,9333200
2021-01-27,30.648986998454937,30.65145494482371,28.977267949674513,29.419273376464844,12130800
2021-01-28,29.577309004923606,30.636640145373484,29.476068568506975,29.71312141418457,9271200
2021-01-29,29.374824870211913,29.58718505440638,28.117950692620624,28.488346099853516,11287200
2021-02-01,29.108138645219096,30.058821662331425,28.750090518412286,29.888439178466797,9096400
2021-02-02,30.446502899609374,31.06382857167016,30.409462982500038,30.86875343322754,6991600
2021-02-03,31.23668060269077,31.315698217395774,30.592192417407137,30.602069854736328,7540400
2021-02-04,30.883568103615993,31.335450939763934,30.614415019614423,31.33298110961914,4824400
2021-02-05,31.520651282276273,31.730541647908634,31.19470338117241,31.552751541137695,7433200
2021-02-08,31.86881643621386,31.98240600541406,31.55521585773782,31.94783592224121,5049200
2021-02-09,31.77251874256256,32.18736357312441,31.77251874256256,31.93796157836914,3492400
2021-02-10,32.207112909247826,32.29847967016065,31.16506876523389,31.78239631652832,5258800
2021-02-11,32.10093939925113,32.21699694312317,31.67127931547864,32.1355094909668,4302000
2021-02-12,31.979937590151504,32.52812308547556,31.770049123473196,32.491085052490234,3381600
2021-02-16,32.649123315017405,32.831853086436595,32.08859050051923,32.32317352294922,4618800
2021-02-17,31.728078289714794,32.05896401544376,31.28113312780228,32.009578704833984,6291600
2021-02-18,31.295942510233363,31.861413065769902,30.942832141804118,31.71819305419922,5330400
2021-02-19,31.989819484923608,32.00710264575517,31.258904176392566,31.45151138305664,4489600
2021-02-22,30.584783319108354,30.83418341870648,29.789667550198544,29.821767807006836,8728800
2021-02-23,28.80195005531178,29.95511410473047,27.708048750421924,29.636573791503906,17403200
2021-02-24,29.127898802728797,30.187230046378687,28.616753142331316,30.120559692382812,9657200
2021-02-25,29.602002009642902,30.098332412039404,27.72533221269059,27.987077713012695,16296800
2021-02-26,28.557488541033116,29.14271212519573,27.678415423690836,28.283395767211914,19246400
2021-03-01,29.194566747596696,30.014375171351272,28.93528920966769,29.955110549926758,8928000
2021-03-02,30.071164062304472,30.08597927371764,28.94516278062691,28.984670639038086,7660000
2021-03-03,28.78466417715084,28.957514628664367,27.295674811918847,27.3154296875,11431200
2021-03-04,27.224061040720454,27.80928643246308,25.702969741778713,26.399314880371094,26453600
2021-03-05,26.88082987141156,27.357405377238532,25.28566052192075,27.209247589111328,17203600
2021-03-08,27.098131721140685,27.4388967550228,25.584449597421674,25.66099739074707,11614000
2021-03-09,26.93762716633459,28.014243490739467,26.85367176349775,27.690765380859375,8753600
2021-03-10,28.463650091095587,28.56983017769251,27.40185110905473,27.52531623840332,14217200
2021-03-11,28.392045250267383,29.10320379916612,28.22166274924774,28.80194854736328,8259600
2021-03-12,28.021645381504943,28.34265357365722,27.591985393410354,28.320430755615234,9356400
2021-03-15,28.372286610484892,28.95257233160343,28.073501228699232,28.932817459106445,5027200
2021-03-16,29.32543767603733,29.890908187307033,28.9698575051953,29.24888801574707,7150400
2021-03-17,28.66613407231877,29.83164524539495,28.342656022239773,29.48100471496582,8042000
2021-03-18,28.55748730762524,28.732807580653652,27.58705123020844,27.663599014282227,12377600
2021-03-19,27.643843223084446,28.14264342799814,27.246285334072574,27.91299819946289,9916800
2021-03-22,28.28092423851601,29.273585004077198,28.28092423851601,28.91553497314453,8472000
2021-03-23,29.093324305775788,29.347662182182635,28.50069128160664,28.616748809814453,9600400
2021-03-24,28.913062033178985,28.913062033178985,27.663595572550083,27.668535232543945,8714800
2021-03-25,27.33765146387731,27.856204682511095,26.885768592868896,27.589521408081055,10858000
2021-03-26,27.545074518366736,28.466123442234373,27.29814422912608,28.41179847717285,8796400
2021-03-29,28.315495931526755,28.584650927548804,27.77718782341126,28.38710594177246,8086400
2021-03-30,28.03152468276498,28.211784616904392,27.606806181754443,28.11054229736328,6412400
2021-03-31,28.436491244856523,29.24395241153121,28.369819015907684,28.937759399414062,6393600
2021-04-01,29.68842523729189,29.97486335199917,29.63656822614746,29.952640533447266,6406000
2021-04-05,30.42427975891168,31.286065913885444,30.374894456180876,31.152725219726562,7248400
2021-04-06,31.078646241045007,31.471264495218094,30.96505853448056,31.0860538482666,5124000
2021-04-07,31.011973706131812,31.40212401004997,30.82924582204085,31.239151000976562,4508400
2021-04-08,31.807087693786183,31.93055282963217,31.64164486389539,31.89598274230957,3505600
2021-04-09,31.629301126901215,32.31329911082928,31.498428369726252,32.286136627197266,5977600
2021-04-12,32.073773411633155,32.2787259929372,31.82437518920286,32.192298889160156,3947200
2021-04-13,32.49108740150371,33.031865329327424,32.46145697297326,32.942970275878906,4570000
2021-04-14,32.99481524288599,32.99481524288599,31.989811192997422,32.15031433105469,5747600
2021-04-15,32.71332048560643,33.192365803052716,32.69356561224344,33.11581802368164,6026800
2021-04-16,33.22447442067142,33.239289636617826,32.83432407336673,33.20471954345703,4457600
2021-04-19,32.89604643940824,33.115814199389085,32.20958068271046,32.592323303222656,6363600
2021-04-20,32.449105260999886,32.718258330908185,31.72066177248684,32.09599304199219,6347600
2021-04-21,31.86635287833588,32.69850670292351,31.661400297068248,32.663936614990234,5561200
2021-04-22,32.57750962429151,32.77999425992986,31.646585193194234,31.878700256347656,7203600
2021-04-23,31.999698353205854,32.92815874139346,31.999698353205854,32.67875671386719,4764400
2021-04-26,32.725674236348475,33.14545501687657,32.5775145406997,33.101009368896484,4052800
2021-04-27,33.147923734897105,33.18249382504236,32.61702134669686,32.79728317260742,4010800
2021-04-28,32.74541869307786,32.9429636351258,32.4614504292852,32.53799819946289,5616400
2021-04-29,33.22446853050342,33.310891864155145,32.18489043755992,32.80962371826172,6563200
2021-04-30,32.32564070642778,32.81702950427505,32.21205113084884,32.365150451660156,4820000
2021-05-03,32.61455126586458,32.76023922423862,31.95277616771784,32.034263610839844,5927200
2021-05-04,31.528059293223397,31.58979186531352,30.130432956817348,30.876163482666016,9809600
2021-05-05,31.27372242093002,31.436695436937615,30.52799187068074,30.653926849365234,6844000
2021-05-06,30.624287512802617,31.160127564984425,30.192159593128135,31.132965087890625,7207200
2021-05-07,31.66387062702352,32.098470357023196,31.42681777023804,31.62189292907715,5674800
2021-05-10,31.365080715519532,31.394713024857456,30.002026512757315,30.014373779296875,8011200
2021-05-11,28.90565891906054,30.10080249298054,28.792071212618026,29.957582473754883,8990000
2021-05-12,29.00690102240768,29.448906460793335,28.243885458378802,28.4068603515625,9091200
2021-05-13,28.94269815190179,29.382233752809135,28.399452284608596,28.84639549255371,9386800
2021-05-14,29.436560618882766,30.281061786484397,29.33285034579386,30.105741500854492,8473200
2021-05-17,29.769916466350583,29.908198715892198,29.20444585135673,29.742753982543945,6804800
2021-05-18,29.92795247044979,30.1477202930802,29.293341656485694,29.33285140991211,6408800
2021-05-19,28.327840781662,29.461249812908697,28.263638384175454,29.401987075805664,13063200
2021-05-20,29.678550473207377,30.703309611392424,29.648918161875205,30.54033660888672,9842800
2021-05-21,30.84159927028648,30.91567724055401,30.130438698572895,30.19464111328125,10658400
2021-05-24,30.6415768618013,31.42928504040036,30.567498909800218,31.21939468383789,6468000
2021-05-25,31.51324252772969,31.6465851029528,31.073705053581598,31.30088233947754,5461600
2021-05-26,31.43422663937794,31.60707708863497,31.295944396043712,31.508304595947266,4153200
2021-05-27,31.424347944156775,31.592260609827655,31.251495617888455,31.2811279296875,3494400
2021-05-28,31.513244117896164,31.784867058644142,31.41940940248841,31.4539794921875,5952400
2021-06-01,31.73548303236317,31.82437809057708,31.00950735159246,31.261375427246094,4544400
2021-06-02,31.345331795901608,31.542874898681635,31.049014315838647,31.379901885986328,3727800
2021-06-03,30.82677515242291,31.078645092218164,30.40699443133552,30.703310012817383,4663800
2021-06-04,31.073704047494825,31.85400459932995,31.05395105782349,31.78486442565918,6406800
2021-06-07,31.64164106566994,31.967590793748048,31.53299115631057,31.94783592224121,4148600
2021-06-08,32.303417863898346,32.466388969112735,31.661397691843188,31.9725284576416,4288400
2021-06-09,32.258976434345314,32.40713613156059,31.96760046910826,32.00217056274414,3653000
2021-06-10,32.071298702036515,32.68862426209816,31.992279221777647,32.67380905151367,3531600
2021-06-11,32.6688770687898,32.836787852012414,32.540472267123796,32.831851959228516,2649600
2021-06-14,32.92568272887815,33.463992700165456,32.69356766213041,33.45905303955078,3428600
2021-06-15,33.38991487731584,33.459055058665314,32.886174964218505,33.01457977294922,3032000
2021-06-16,33.1133483345527,33.32570850220635,32.09599313311914,32.777523040771484,6306400
2021-06-17,32.5799812143298,33.809692933660095,32.57010189329109,33.60721206665039,5353800
2021-06-18,33.29114548035931,33.51338124739382,32.93556523881814,33.08372116088867,5902200
2021-06-21,33.12322950237783,33.552889570573114,32.67875421939259,33.48374938964844,7340200
2021-06-22,33.454111246109214,34.20478136168456,33.389910733639766,34.11094665527344,3735800
2021-06-23,34.10600499846689,34.37762978120031,33.98747953320894,34.13563919067383,4704800
2021-06-24,34.550484448296174,34.876434227626426,34.43195896847475,34.56036376953125,3644800
2021-06-25,34.67889149344993,34.73321646018705,34.36282101490159,34.48628616333008,3307400
2021-06-28,34.76778582550017,35.345601803801884,34.73321573537589,35.31597137451172,2578400
2021-06-29,35.27646083237032,35.57771608292125,35.11842559993845,35.56783676147461,2170400
2021-06-30,35.53820642653053,35.61722592688334,35.34066144350566,35.46412658691406,2516400
2021-07-01,35.380169199382266,35.58265383172988,35.113484052509705,35.48881912231445,3110000
2021-07-02,35.8740269793663,36.35801193478901,35.834517234463085,36.28887176513672,2966600
2021-07-06,36.41234007813994,36.664206246258686,35.85921490466657,36.59506607055664,2962400
2021-07-07,37.05930178593261,37.11856641741536,36.35802060207901,36.72347640991211,3650200
2021-07-08,35.691296279966245,36.49135163749151,35.424614928647706,36.32837677001953,6300600
2021-07-09,36.190097920350325,36.866688182029755,36.07157245180258,36.767913818359375,3614200
2021-07-12,37.0543666943345,37.14820143045645,36.72348093876278,37.0494270324707,3513200
2021-07-13,36.97534607047088,37.67662724838007,36.87163579214832,37.03460693359375,5558200
2021-07-14,37.548220303447984,37.67168545176544,37.00991406535538,37.16300964355469,4879000
2021-07-15,37.15807397035917,37.18770817127862,36.234556973263096,36.639522552490234,5503400
2021-07-16,36.841994945540364,37.03460025165409,35.98761833490396,36.05181884765625,4855200
2021-07-19,35.325845904994864,35.567836528854755,34.9307597104277,35.459190368652344,13662600
2021-07-20,35.6666211030515,36.58520232569812,35.31104078875498,36.2839469909668,7660800
2021-07-21,36.20491670691622,36.841997286017104,36.150591743498985,36.81730651855469,4796800
2021-07-22,36.89632142858627,37.33091735839844,36.89632142858627,37.33091735839844,4153800
2021-07-23,37.617358146815356,38.25443872467595,37.35067299088369,38.18035888671875,4845600
2021-07-26,38.05689606106602,38.34333610906749,37.8692303923016,38.264320373535156,4782000
2021-07-27,38.20011607593885,38.20999539778885,36.52592896880842,37.42475509643555,8540200
2021-07-28,37.65193464095967,38.03220944883366,37.17782887237697,37.691444396972656,6524600
2021-07-29,37.592669315372476,38.07665058161735,37.58278999361231,37.839599609375,3819200
2021-07-30,37.00003165048039,37.55315682513285,36.98027677625812,37.43463134765625,4870600
2021-08-02,37.785279213319306,37.903804713775905,37.316109337255,37.4296989440918,9445200
2021-08-03,37.59266492817267,37.90379570587714,36.90125943208367,37.88404083251953,5711400
2021-08-04,37.87910632854076,38.20011647055023,37.65193090578906,38.007511138916016,3463000
2021-08-05,38.165550643657376,38.5211309165132,38.02233060220946,38.4865608215332,3099200
2021-08-06,38.20011818771911,38.407538743748006,37.90380256941247,38.13591766357422,3444800
2021-08-09,38.23467925082247,38.387778568946416,38.002564211477406,38.27418899536133,2604800
2021-08-10,38.3779017403534,38.442102253504444,37.62723538466526,37.888980865478516,3344000
2021-08-11,38.15072882815615,38.25443909515779,37.46426294096158,37.76551818847656,2856600
2021-08-12,37.63711748495843,38.0964080133332,37.36055674283428,38.03220748901367,2949200
2021-08-13,38.096410673402445,38.35322032432726,38.0025759431194,38.27914047241211,2254400
2021-08-16,38.042076455306585,38.32357680989094,37.22226992547686,38.30876159667969,4969200
2021-08-17,37.72600671258897,37.933427237101405,37.12349624512783,37.63711166381836,4737200
2021-08-18,37.53340940607418,37.81984948740639,36.84200374239074,36.90620803833008,4988200
2021-08-19,36.49630259999215,37.61736461184212,36.446917288818874,37.271663665771484,10185200
2021-08-20,37.474132356235636,38.11615249577759,37.42968672102526,38.04701232910156,5549600
2021-08-23,38.25938185386052,39.32118291322337,38.25938185386052,39.17302322387695,3810000
2021-08-24,39.31129447886474,39.54340951337059,39.197708675504344,39.41500473022461,2759000
2021-08-25,39.47427642674482,39.62737200128285,39.30636186976296,39.4594612121582,3226400
2021-08-26,39.32611769371611,39.464401824860175,38.91621626478961,39.00017166137695,3864400
2021-08-27,39.13845043266874,39.84961086391039,39.034740164422196,39.76565170288086,3742200
2021-08-30,39.91873998492908,40.74842566892901,39.91873998492908,40.65953063964844,3975800
2021-08-31,40.699049548558314,40.699049548558314,40.23975908843756,40.575584411621094,3753200
2021-09-01,40.81263429839974,41.16327482599891,40.669414291151035,40.71879959106445,3672200
2021-09-02,41.00524368276329,41.07438386308814,40.40273316748343,40.66941833496094,3180400
2021-09-03,40.407672454089074,41.005243302995,40.407672454089074,40.92622756958008,2811800
2021-09-07,40.931166802425814,41.173161218925095,40.68423649258717,41.025001525878906,3041800
2021-09-08,40.990423459598134,40.990423459598134,40.24469301394772,40.75830841064453,4814600
2021-09-09,40.78300629135775,41.02993657343012,40.40767120760777,40.43730163574219,3812200
2021-09-10,40.86696372765049,40.98055332094406,39.77059261753793,39.83479690551758,5649800
2021-09-13,40.34346483230473,40.437295763723945,39.33598897560515,39.78046417236328,6193600
2021-09-14,40.10148426215,40.26445918495641,39.35081771348866,39.548362731933594,5696600
2021-09-15,39.661941340796524,40.220006198714415,39.15820521509694,40.13111114501953,3364000
2021-09-16,39.86443133440564,40.31878221744667,39.43477122256996,40.205196380615234,3707200
2021-09-17,40.10147790227595,40.10147790227595,39.014986124927205,39.25204086303711,5933400
2021-09-20,37.97787903963498,38.36308968597327,36.61482279517417,37.61735916137695,14432400
2021-09-21,37.99763935428673,38.24950557118966,37.47414450675894,37.691444396972656,7007000
2021-09-22,37.90873568389824,38.71866665906418,37.67662062982199,38.412471771240234,6998800
2021-09-23,38.64459579235022,39.34094111615789,38.516190968583146,39.11376190185547,6841200
2021-09-24,38.61989083309156,39.28166588362915,38.56062998261669,39.177955627441406,3990600
2021-09-27,38.52111793979382,38.74829331139854,38.012442241651016,38.57050323486328,6146800
2021-09-28,37.59266912903287,37.72600982927609,36.274058502023976,36.36789321899414,12348400
2021-09-29,36.649390926038855,37.07905096052987,36.13083960978106,36.278995513916016,7409000
2021-09-30,36.60494332763049,36.940768634043856,35.91847750196822,35.938228607177734,8754400
2021-10-01,36.096268526480486,36.639518186936186,35.26658635674581,36.422218322753906,9564600
2021-10-04,36.08638196656408,36.160461785655926,34.436889916209196,34.91099548339844,12422000
2021-10-05,35.09866430110146,36.293805763122286,35.07890942968089,35.84439468383789,8216200
2021-10-06,35.17768963616717,36.35307642221199,34.99002021039415,36.2938117980957,8508200
2021-10-07,36.92101952824845,37.50377518723499,36.82718480849026,36.96052551269531,5256200
2021-10-08,37.19263617539319,37.2272062625846,36.481479557761695,36.58518981933594,4585000
2021-10-11,36.279000093994185,36.99510024188397,36.00737901819388,36.027130126953125,4333000
2021-10-12,36.32838306097042,36.40740256234597,35.64191715616338,35.78513717651367,4932400
2021-10-13,36.23948697448483,36.47654170400778,35.839461121763016,36.34813690185547,4573400
2021-10-14,37.088925610675304,37.72600615615872,36.955584923414534,37.68156051635742,5528000
2021-10-15,37.9383665081413,38.17542122504872,37.72600632536105,38.15566635131836,3799000
2021-10-18,37.88404041670991,38.96065651181342,37.760575285472605,38.92608642578125,4577800
2021-10-19,39.15326500310396,39.518720766323085,39.01004498706443,39.4940299987793,3963600
2021-10-20,39.61255627342959,39.73108175644401,39.084125608829545,39.40019607543945,3802200
2021-10-21,39.23228990592582,39.91875588462427,39.15821005737655,39.884185791015625,3066600
2021-10-22,39.6026816145184,39.81010215644413,38.847075520462354,39.20265197753906,4902400
2021-10-25,39.51379126614789,40.205196922801626,39.09894636501256,40.00271224975586,4804600
2021-10-26,40.49656606980976,41.02005705963206,40.00764516860106,40.22494125366211,5430600
2021-10-27,40.3632290486594,41.10895585201534,40.30396441941908,40.432369232177734,3991600
2021-10-28,40.85708738228694,41.39045394434564,40.699052147629324,41.34600830078125,3595800
2021-10-29,40.65459797269294,41.78059935867659,40.58051814090839,41.75096893310547,4382400
2021-11-01,41.84974474569556,42.047289732454146,41.38057869901899,42.032474517822266,4304600
2021-11-02,41.88925743001301,42.48682832510756,41.8843177688374,42.388057708740234,3240400
2021-11-03,42.47694533621849,43.365892031511756,42.25470583650255,43.28193664550781,4803400
2021-11-04,43.56343671784936,44.60054307296164,43.435031925583864,44.3783073425293,5058800
2021-11-05,44.78821900577626,45.005515107565635,44.151138379831636,44.46720886230469,5388000
2021-11-08,44.45732092006953,44.68943595984756,44.19557545576039,44.34867477416992,3865800
2021-11-09,44.59560897345297,44.66968504133735,43.420218458261296,43.721473693847656,5863000
2021-11-10,43.084391942538254,43.73135180439178,42.00777582741966,42.44731140136719,7582200
2021-11-11,43.11403202807532,43.148602119474035,42.59547688923731,42.68437194824219,4129000
2021-11-12,42.926358912114274,43.69184428620854,42.57571836713742,43.57825469970703,3584400
2021-11-15,43.839999116239774,43.90914305927484,42.995498032686925,43.563438415527344,4993600
2021-11-16,43.39059051891537,44.27954106306571,43.36096009006275,44.17582702636719,5156400
2021-11-17,44.244970091429764,44.674630177102785,44.00791910943304,44.21533966064453,3583800
2021-11-18,44.679555904442694,45.23761686138674,44.17088023935857,45.12403106689453,6605000
2021-11-19,45.4993757313212,45.919160255697044,45.306770398708515,45.622840881347656,4075600
2021-11-22,45.98336136974333,46.68958218770808,44.546225196347415,44.58079528808594,8661600
2021-11-23,44.3042269308656,44.76845702678184,43.14365545893177,44.161006927490234,8533200
2021-11-24,43.588137962002115,44.49683966474808,43.05970726646112,44.47214889526367,5404800
2021-11-26,43.82518944776688,44.146199597628645,42.4423820013848,42.69424819946289,9370400
2021-11-29,43.77580084118077,44.812907289769534,43.617765608708744,44.59067153930664,6771400
2021-11-30,44.3832540152217,44.926499928220515,42.82759235283528,43.267127990722656,13698400
2021-12-01,44.27459221724864,44.743758160083694,41.721334472708605,41.800350189208984,10846200
2021-12-02,41.53366806941268,42.79301387499303,41.20772209263192,42.41767883300781,12959800
2021-12-03,42.68931080258137,42.92142588381114,40.01258352884069,40.941043853759766,13186200
2021-12-06,41.03487780255561,41.88431868620641,40.12123639364566,41.61269760131836,9277400
2021-12-07,43.039949509031274,44.22027597209552,43.039949509031274,44.1165657043457,8152800
2021-12-08,44.16100779092022,44.52152763651488,43.73135154025031,44.48695755004883,6692400
2021-12-09,44.21040060551235,44.610430265882975,43.12390875944474,43.17329406738281,7616200
2021-12-10,43.795554840430015,44.15607470897153,43.08933408522438,44.106685638427734,6575600
2021-12-13,44.09680857947137,44.156073201386256,42.74856763179903,42.82758712768555,6913800
2021-12-14,41.72627876914866,42.34854414629835,40.97067269510975,41.9682731628418,9612800
2021-12-15,41.87444123719539,43.91902384471971,41.00030585452697,43.84494400024414,11968200
2021-12-16,44.07211659200554,44.15607575320127,41.227482397122316,41.602813720703125,12277000
2021-12-17,40.812633409022105,42.0867944654491,40.49162331479498,41.1780891418457,13475200
2021-12-20,40.10641711696199,40.531137515785346,39.67182116442848,40.34840774536133,11559800
2021-12-21,41.069441766684605,42.234949102338575,40.25950706491128,42.15593338012695,8665800
2021-12-22,42.09173956869936,43.227616660266314,41.9534554390737,43.19304656982422,7392600
2021-12-23,43.26218530501647,44.17582660861842,43.232554876444055,43.854820251464844,7158600
2021-12-27,44.15113520248066,45.27219702559696,44.12150100647951,45.26232147216797,7256800
2021-12-28,45.48456084371652,45.558640687837325,44.66475420092312,44.891929626464844,8987400
2021-12-29,44.90179847691183,45.17836293581503,44.304227687839855,44.852413177490234,6671800
2021-12-30,44.79808847297796,45.291949005720994,44.44250828654587,44.541282653808594,5771200
2021-12-31,44.412881575246224,44.71907648758729,43.909145447569934,43.96346664428711,10505200
2022-01-03,44.27460658079324,44.92156280545984,43.800500824412644,44.87711715698242,12321800
2022-01-04,44.98081811255829,44.990693665331115,42.98068145287378,43.701717376708984,12080400
2022-01-05,43.311563732272276,43.563433638721385,40.96079049826907,40.98548126220703,19416000
2022-01-06,40.59039678379327,41.65713353297172,40.111351483153776,40.95585250854492,21080800
2022-01-07,40.93610442316108,41.31143953040734,39.67182250551978,40.052093505859375,14856400
2022-01-10,39.000167316247435,40.21506378844221,37.83465614431614,40.14592361450195,26443400
2022-01-11,39.92862200304887,41.336123721417756,39.48908644481888,41.32624816894531,21613000
2022-01-12,41.89418934753448,42.23001465611046,41.13364368494013,41.65219497680664,16403600
2022-01-13,41.91887912448929,42.081853998599385,39.3458662954636,39.54341125488281,21576200
2022-01-14,39.000163684925354,40.10147047289976,38.97546915316448,40.04220962524414,23671400
2022-01-18,38.7680542549906,39.22734472999968,37.87416784030317,38.0766487121582,19022800
2022-01-19,38.34333088347863,38.88164081534979,37.14818931651908,37.197574615478516,21533600
2022-01-20,37.85440700711523,38.69396832620909,36.1160159863201,36.21479034423828,18105000
2022-01-21,35.78019477227037,36.313565062087655,34.16033279684625,34.175148010253906,30147800
2022-01-24,33.098531588884924,34.65913269706388,30.802081218237067,34.58999252319336,40041000
2022-01-25,33.20224954472479,34.08132080321857,32.25403433632523,32.86148452758789,45231000
2022-01-26,34.39738743989476,35.15793312530303,32.09105961733002,32.91580581665039,26151200
2022-01-27,33.74054557250608,34.09118603756894,31.952769398776073,32.15031433105469,31453800
2022-01-28,32.515771425150234,34.209712982177734,31.562622454520266,34.209712982177734,34542600
2022-01-31,34.42701612644581,36.4666587015849,34.11588535771986,36.40245819091797,15154800
2022-02-01,36.614815682762405,36.975335490989615,35.55795455707778,36.83705139160156,14213600
2022-02-02,37.71612927605018,37.75563525408661,36.59012412523491,37.45438003540039,14866600
2022-02-03,35.4048633418372,36.09132919146474,34.18008754396642,34.382572174072266,20256200
2022-02-04,34.49616086232574,35.91354208758218,34.08625567541732,35.26164627075195,12168600
2022-02-07,35.35054309175524,35.84933959109886,34.436901723968546,34.70852279663086,13006400
2022-02-08,34.46158828277353,35.68142443374626,34.2344128838503,35.48881912231445,10682800
2022-02-09,36.36295340221122,36.99509811401367,36.06169814488463,36.99509811401367,10437000
2022-02-10,35.49869700484149,36.91113855993217,34.91100547892217,35.311031341552734,20919000
2022-02-11,35.29127868724225,35.60734917575497,32.802220764311485,33.08372116088867,20967000
2022-02-14,32.92568096903573,33.7899369054136,32.44169975466397,33.172611236572266,21453600
2022-02-15,34.16526824445814,34.81716392901046,33.95784774661342,34.79740905761719,12314800
2022-02-16,34.32330472771006,34.955445564442485,33.7109187631076,34.762840270996094,13161000
2022-02-17,34.09119195241626,34.24428751176269,32.60467069473095,32.69850540161133,12042400
2022-02-18,32.85160324566842,32.935562405595796,31.498426347636844,31.942901611328125,17350400
2022-02-22,31.365082481605107,32.407130420154175,30.604538671724526,31.295942306518555,18384000
2022-02-23,31.888578078355515,32.04661331610804,29.63657311448907,29.70571517944336,20689000
2022-02-24,27.774715068400372,31.765106888454202,27.715450452570575,31.695966720581055,31324600
2022-02-25,31.829304369635885,32.69356015372219,31.098393016522373,32.67380905151367,17812000
2022-02-28,32.046614601810724,33.17755584804235,31.824378835006126,32.92568588256836,15971200
2022-03-01,32.65406642138804,33.093602083477485,31.374965422201225,31.844135284423828,15366600
2022-03-02,32.145382763898944,33.147922888218574,31.612016210689486,32.89111328125,13087800
2022-03-03,33.44424091323087,33.44918057430159,31.60707885209563,31.95277976989746,13261400
2022-03-04,31.503366214143483,31.77992692764413,30.594662689937287,31.053953170776367,12057200
2022-03-07,31.039130018067087,31.25149017246956,28.7081098633048,28.747617721557617,15477000
2022-03-08,28.59946233127742,30.2193242166566,27.868548995583684,28.46611976623535,29354000
2022-03-09,29.96746102262606,30.767514658153342,29.493355304086087,30.550216674804688,15465000
2022-03-10,29.75015894803234,30.066229383592947,29.014305934550976,29.863746643066406,14806400
2022-03-11,30.392174689280722,30.446499644041793,28.515505223669162,28.59946060180664,11842600
2022-03-14,28.382163984927057,28.984672523346404,27.374688096914713,27.517908096313477,17040600
2022-03-15,27.972264120541926,29.36001308664003,27.68582595179602,29.216793060302734,17767800
2022-03-16,29.942765735193415,31.40953029061964,29.276052860973774,31.404592514038086,21507400
2022-03-17,31.044078003535148,32.1355094909668,30.787270262269693,32.1355094909668,13647600
2022-03-18,31.82931632445647,33.52325844821013,31.612020207842413,33.473873138427734,14640200
2022-03-21,33.3010243233297,33.730684452265926,32.42195295484993,33.28620910644531,13864000
2022-03-22,33.38003859006585,34.748034662253225,33.30596250892667,34.58012008666992,13091000
2022-03-23,34.02699518504472,34.71840076015554,33.58251990334081,33.587459564208984,12659000
2022-03-24,33.96772506005666,35.088790520664325,33.547944382783605,35.0838508605957,14963400
2022-03-25,35.05422066234036,35.271516724626856,34.170209897179454,35.03446578979492,13492000
2022-03-28,35.01471330023792,36.11602020263672,34.76778302839965,36.11602020263672,13447800
2022-03-29,36.90126108911169,37.464261817585836,36.3283810395867,37.33091735839844,13109400
2022-03-30,36.965461010922475,37.296346671529406,36.21479464096349,36.535804748535156,10161800
2022-03-31,36.54567866712183,36.6148188388473,35.44930770425109,35.51844787597656,18050400
2022-04-01,35.66661342781901,35.819709009362164,34.83692746228976,35.4937629699707,13742200
2022-04-04,35.636979984686924,36.92595258588122,35.58265502140452,36.921016693115234,10275600
2022-04-05,36.62963779494143,36.77285781325357,35.039406147032224,35.30609130859375,15053400
2022-04-06,34.209716279083366,34.43195577195595,33.22693490742652,33.730674743652344,18505000
2022-04-07,33.5578261385305,34.338126787925376,32.87136020850234,33.91340637207031,23844200
2022-04-08,33.57756803321454,33.71584834438466,32.84665674049936,32.95036697387695,16143000
2022-04-11,32.1305678375443,32.313297606914865,31.335453893458908,31.399656295776367,12651800
2022-04-12,32.303421235854,32.64418246219651,30.876162626219852,31.152725219726562,17267000
2022-04-13,31.187293623891915,32.58985573854643,31.058888829441738,32.38737487792969,9644600
2022-04-14,32.39725295702491,32.505902886350526,30.87616336610929,30.900856018066406,13048400
2022-04-18,30.703310595978138,31.38483870704519,30.426749883723172,30.9996280670166,10158600
2022-04-19,30.83171920033172,32.441705904887385,30.64405163392641,32.31330108642578,10597400
2022-04-20,32.50590068865724,32.579980523448704,31.167539073423942,31.37002182006836,11112600
2022-04-21,32.13056589113911,32.614550883685936,29.923010533370416,30.115615844726562,15518200
2022-04-22,30.120556673332796,30.347732080977224,28.441429999594558,28.505632400512695,17695400
2022-04-25,28.204380145261695,29.300751318129567,27.99201992918497,29.256303787231445,20252600
2022-04-26,28.876028949889538,28.900721602304284,26.984542008847615,26.999357223510742,17151800
2022-04-27,27.038866742238792,28.006833026439086,26.6684713074136,26.9697265625,22371200
2022-04-28,27.833977585673455,29.19703171246745,27.09812462485139,28.866146087646484,21608600
2022-04-29,28.120417586125793,28.742682901980427,26.179545574174146,26.273380279541016,21359800
2022-05-02,26.20424332902578,27.191964499429528,25.675812653574063,27.157394409179688,41917000
2022-05-03,27.152449413320078,27.606802042075902,26.732668751949895,27.241344451904297,15773400
2022-05-04,27.305548330416762,29.16740269830572,26.372152258361165,29.06863021850586,26193600
2022-05-05,28.25376099779623,28.283393308364893,25.527650595118217,26.179546356201172,21008600
2022-05-06,25.774578826335766,26.465984280163266,24.80661269811991,25.5227108001709,23935200
2022-05-09,24.554749961702647,24.95477584731299,23.26083381605083,23.497888565063477,20535800
2022-05-10,24.658464148188404,24.8461317359537,23.404057556378227,24.075708389282227,31727200
2022-05-11,23.69049367454435,24.594257596322894,22.500289699395637,22.628692626953125,29229400
2022-05-12,21.942225270705414,23.23613943630415,21.561952405822527,22.529918670654297,26040200
2022-05-13,23.231202957701466,24.352266740057303,22.96945555996445,24.174476623535156,13575400
2022-05-16,23.897914581790644,24.23373994681759,23.418869187928646,23.631229400634766,12234800
2022-05-17,24.569564297056363,24.910327425173087,23.962115998798566,24.851064682006836,12646200
2022-05-18,24.080641284285765,24.20904609132508,22.19903366203973,22.38176155090332,11742200
2022-05-19,22.09038473402301,22.89537805126045,21.84839409149467,22.15952491760254,17992400
2022-05-20,22.702771096003488,22.80154170325326,20.722389147431226,22.006427764892578,16167600
2022-05-23,22.184214216147375,22.801539881787207,21.80394326397025,22.742277145385742,13331600
2022-05-24,21.907653284802073,22.021240979969978,21.003887615873214,21.769372940063477,14160000
2022-05-25,21.537257427251873,22.70770632392532,21.512564778211104,22.39163589477539,13620800
2022-05-26,22.25829146114721,23.863338005157633,22.21384394303287,23.621347427368164,8656400
2022-05-27,24.130028305794387,25.1868896484375,24.110273430397843,25.1868896484375,13309200
2022-05-31,25.167134355514182,25.527652347841293,24.376958192047717,25.023914337158203,11966200
2022-06-01,25.38937409999057,25.74001468392036,24.288065156425265,24.65846061706543,11093600
2022-06-02,24.470790755071455,26.026452297045505,24.233737908624388,26.01657485961914,11470600
2022-06-03,25.112806973753532,25.349861683903853,24.43128080483865,24.623886108398438,10348600
2022-06-06,25.379492436486043,25.631362362790423,24.554746252382554,24.811553955078125,8605800
2022-06-07,24.248552783834665,25.359739045732095,24.065824903822634,25.25109100341797,7821400
2022-06-08,25.093054805025808,25.53259038576341,24.727597175195093,24.870817184448242,5292200
2022-06-09,24.56956430084396,25.088117542468005,23.507763281004877,23.51270294189453,7298400
2022-06-10,22.618811049155376,22.811416347205377,21.799002675450016,21.838512420654297,16818000
2022-06-13,20.480398457239655,20.860671322517124,19.690220414246582,19.828502655029297,19895600
2022-06-14,20.159387509052173,20.287792307107967,19.522306947132297,19.922334671020508,12524200
2022-06-15,20.40631986748373,21.468120912418364,19.9964165486004,20.89524269104004,19030800
2022-06-16,19.813685221017746,19.87788762158123,18.88522872083579,19.221052169799805,28909800
2022-06-17,19.309947137778497,20.011230112452456,19.07289429510701,19.66552734375,16117000
2022-06-21,20.317426630205226,20.989077408712646,20.307549191235548,20.658191680908203,14404600
2022-06-22,20.253219263830236,21.25081774855496,20.18901875212752,20.58904457092285,11397000
2022-06-23,20.964380348087936,21.32489831704716,20.539659981280824,21.201433181762695,10545400
2022-06-24,21.631091165403824,22.70276951140623,21.601460738868454,22.69289207458496,8389200
2022-06-27,22.860805302205044,22.949700351882623,22.134829691147637,22.307680130004883,7038600
2022-06-28,22.401516521178888,22.796604613877292,20.91993476061339,20.93968963623047,10029800
2022-06-29,20.910057807193084,21.206373412598975,20.549539796508732,20.998952865600586,10130800
2022-06-30,20.52484544693408,20.98413591610143,19.788992387365674,20.45076560974121,11290800
2022-07-01,20.23840947077059,20.776717661539113,19.981601703401957,20.71745491027832,12950600
2022-07-05,20.159388332820885,21.438487285501793,19.922335485102582,21.42860984802246,9101400
2022-07-06,21.482936655177408,22.016307021246913,21.22119113327037,21.690357208251953,9548800
2022-07-07,21.828636106444204,22.727462132833516,21.828636106444204,22.613874435424805,5611400
2022-07-08,22.164464812873284,22.89043863205796,22.040999659768488,22.687955856323242,6734400
2022-07-11,22.297807419807352,22.332377511986444,21.571831716188992,21.690357208251953,6936800
2022-07-12,21.892836759429777,22.18915230437158,21.038456440860056,21.28044891357422,7321400
2022-07-13,20.44088749626756,21.55207371382775,20.36186988504264,21.201433181762695,11671000
2022-07-14,20.791528897622985,21.463179563080637,20.31742321045119,21.344654083251953,9062400
2022-07-15,21.799003004898225,22.120013095785215,21.547134969163668,22.105195999145508,7206000
2022-07-18,22.534857703443347,22.7570953304849,21.561951805021717,21.73480224609375,7378000
2022-07-19,22.297803909876002,23.107734885885762,22.040996205592446,23.058347702026367,8199000
2022-07-20,23.132429192624915,23.98186997656021,23.01390182680172,23.789262771606445,9271800
2022-07-21,23.853467009861742,24.475732431470014,23.44850146167229,24.470792770385742,7491000
2022-07-22,24.337446795852152,24.668334337125128,23.3151556292911,23.611473083496094,8823200
2022-07-25,23.6065360869221,23.680615929814824,23.023780433547238,23.35960578918457,9322800
2022-07-26,23.073165781352014,23.10279620900056,22.29286519851278,22.416330337524414,4909400
2022-07-27,23.122549874860393,24.57943881583756,23.048470041753866,24.312753677368164,12328400
2022-07-28,24.273250546352685,24.880698890883895,23.665800317892696,24.772048950195312,11962600
2022-07-29,25.033790705879188,25.82890649612981,24.806615304072864,25.69062614440918,8710600
2022-08-01,25.394312203516396,26.223998196725987,25.211584301419272,25.66099739074707,5901400
2022-08-02,25.26096851439071,26.179547577738717,25.09305584785706,25.488143920898438,6476400
2022-08-03,25.7795197417374,27.019108828633215,25.769642305181335,26.87588882446289,6720800
2022-08-04,26.880830120849975,27.177145699854016,26.525249918902322,27.10800552368164,5514800
2022-08-05,26.25362626749291,27.028987165655128,26.115345918958024,26.678346633911133,10551200
2022-08-08,26.836382622764724,27.45864609287434,26.263504454562923,26.505495071411133,6903400
2022-08-09,26.174607151277264,26.22399244893475,25.631361341331527,25.89804458618164,5850400
2022-08-10,27.13763756565979,27.38950561691917,26.712917191757498,27.340120315551758,11302000
2022-08-11,27.740146403808662,28.08091139165901,26.905522746066374,27.028987884521484,6851400
2022-08-12,27.379625989718445,28.10560154210403,27.19689812856154,28.09572410583496,5083600
2022-08-15,27.903121089522458,28.609341827104295,27.903121089522458,28.52044677734375,4667600
2022-08-16,28.33772063729268,28.752563600280112,27.853737494462113,28.38710594177246,6352200
2022-08-17,27.824103211180873,28.234006484337744,27.379627966621886,27.730270385742188,8123400
2022-08-18,27.700640832654326,28.061158840721358,27.438895320315073,27.873491287231445,4834400
2022-08-19,27.3351836225208,27.43395611990669,26.63884024764687,26.777122497558594,6553200
2022-08-22,26.036325718780017,26.075833578463453,25.21157771820425,25.3597354888916,13726800
2022-08-23,25.310352674578404,25.77458090395643,25.181949763109063,25.315290451049805,6612000
2022-08-24,25.226398171674806,25.754828817282107,25.132563460071676,25.458511352539062,5331800
2022-08-25,25.740009333213553,26.347457536318622,25.567158907750933,26.342519760131836,7587200
2022-08-26,26.2980730460779,26.490678350057248,24.17447315810987,24.179410934448242,11767200
2022-08-29,23.70530891418457,24.134967110754133,23.52258101880443,23.70530891418457,9565000
2022-08-30,23.967055765394747,24.051013052117934,22.766974284063252,23.171939849853516,8286200
2022-08-31,23.621350234805025,23.759630581405286,22.885497210549865,22.900312423706055,17338000
2022-09-01,22.495346138710467,22.959576229705984,21.91753023897565,22.915128707885742,10762800
2022-09-02,23.364541528992422,23.571962039995903,22.011362895558932,22.25829315185547,13055400
2022-09-06,22.31755731471903,22.47065476163895,21.60639880926822,21.937284469604492,10722600
2022-09-07,21.99161227836792,22.969456056447065,21.96691962474582,22.816360473632812,11316400
2022-09-08,22.475591416127614,23.250954165046792,22.278048338661687,23.04846954345703,11207200
2022-09-09,23.39911396801308,24.125087713483552,23.389236530696188,24.046070098876953,6408800
2022-09-12,24.263367439073125,24.67327068366417,24.223857693897518,24.6140079498291,7567400
2022-09-13,23.181810606340235,23.3892329907446,21.77430897045734,21.902711868286133,12905800
2022-09-14,22.090378979615256,22.38669639710413,21.81381643341128,22.26323127746582,7933400
2022-09-15,21.93728651114907,22.32249905255461,21.260698030113616,21.492813110351562,9872400
2022-09-16,20.99895446310497,21.2952700910532,20.692761396367956,21.231069564819336,8808600
2022-09-19,20.835975798256104,21.586644055714935,20.82609836124538,21.571828842163086,8166000
2022-09-20,21.18168093332539,21.561953823205656,20.875487887368962,21.211313247680664,9361400
2022-09-21,21.354532961854773,21.986673920749347,20.435951953505683,20.445829391479492,15802000
2022-09-22,20.208775002842593,20.3717499063794,19.769239366897178,19.951969146728516,11582400
2022-09-23,19.591443767769615,19.626015733578537,18.80126777631219,19.300067901611328,13828600
2022-09-26,19.211175983062066,19.848254655287814,19.023508448178895,19.107463836669922,10924200
2022-09-27,19.60626578333371,19.942091134966205,18.811149932672325,19.15685272216797,13018200
2022-09-28,19.142032709549753,20.085306216713086,18.92967442156813,19.902578353881836,9776800
2022-09-29,19.31488539156895,19.369210350627647,18.317286907198294,18.78151512145996,13093400
2022-09-30,18.638299306410694,19.196360411019572,18.090113755644406,18.104928970336914,12365400
2022-10-03,18.341981013013385,19.176606570407966,18.14937569482342,18.959306716918945,12673600
2022-10-04,19.71491163209072,20.243344137196726,19.70503607925817,20.14950942993164,12115200
2022-10-05,19.581574068017094,20.381627733944587,19.201301169760953,20.11494255065918,10373800
2022-10-06,19.97172210295112,20.421135176230482,19.74454667776126,19.793933868408203,11859200
2022-10-07,19.12228162082579,19.132159058166827,18.09505074450045,18.27777862548828,12149800
2022-10-10,18.297531805376963,18.35679454000548,17.54192581609615,17.88762855529785,8529800
2022-10-11,17.675270360877416,18.06542066571377,17.18634756464939,17.44315528869629,14375400
2022-10-12,17.507357433548645,17.764165153823647,17.309812453666783,17.413522720336914,9579000
2022-10-13,16.40110745607843,18.386426977273274,16.28751976227959,18.203699111938477,22276800
2022-10-14,18.529646482858272,18.613601864917392,17.033249746747742,17.097450256347656,15657600
2022-10-17,17.902447775176174,18.356798648908622,17.902447775176174,18.258028030395508,12955800
2022-10-18,19.20623735350478,19.29513240722467,18.154313807105112,18.544464111328125,17131400
2022-10-19,18.302471541580733,18.811147274105938,18.04566384521924,18.38642692565918,9111800
2022-10-20,18.253086439942248,18.95930721445745,18.02097325025395,18.17900848388672,12220400
2022-10-21,18.02591125967694,19.107465257043255,17.86787602400502,19.048202514648438,12779800
2022-10-24,19.072892946037946,19.586508344127925,18.55433977162697,19.463043212890625,11592200
2022-10-25,19.586508999614125,20.307544938027473,19.586508999614125,20.258159637451172,8550600
2022-10-26,19.428474400925875,20.218650539090866,19.29019404772913,19.349456787109375,12766000
2022-10-27,19.186479316632067,19.393901702439123,18.574093362956162,18.63335609436035,9520800
2022-10-28,18.544462798864927,19.843316539466386,18.53952502242043,19.784053802490234,10842400
2022-10-31,19.44328600486237,19.566751121273104,19.043260233405622,19.300067901611328,9882600
2022-11-01,19.808751727332346,19.882829697296238,18.865477925265516,18.90992546081543,10109800
2022-11-02,18.914862815993008,19.33464550545902,17.606133203246856,17.616008758544922,16235200
2022-11-03,17.245607228364427,17.448091835743856,16.870274088770117,16.929536819458008,12666600
2022-11-04,17.576499671508287,17.7147800432766,16.741875895732885,17.467849731445312,13356600
2022-11-07,17.61106878299071,17.917261825097402,17.319690955911035,17.848121643066406,5524000
2022-11-08,18.04566550880735,18.539526074123838,17.56662015759322,18.095050811767578,9044400
2022-11-09,17.843183946609436,17.94689422012426,17.21104109962429,17.2456111907959,7479000
2022-11-10,18.929677813337985,19.83837951409741,18.63829998227145,19.793933868408203,16590200
2022-11-11,19.7791146382606,20.623615726086033,19.586509325310434,20.524845123291016,10517600
2022-11-14,20.22852932843399,20.707574703926888,20.02604656174923,20.154451370239258,19760200
2022-11-15,21.122415019951383,21.260695365008402,20.238404222214804,20.722387313842773,13337000
2022-11-16,20.43101329864964,20.470523052490478,20.026047741424787,20.144575119018555,6324200
2022-11-17,19.477856691596372,20.258157155828695,19.45810370414267,20.04085922241211,13683000
2022-11-18,20.48040095246731,20.505093607209897,19.700100251885758,20.04580307006836,8882000
2022-11-21,19.84331841020258,20.01123108407207,19.512430839373607,19.626020431518555,4776000
2022-11-22,19.729731550746664,20.213714717678513,19.423538503081346,20.189022064208984,8834800
2022-11-23,20.18901875212752,20.673001839660202,20.154448666155787,20.58904457092285,8342400
2022-11-25,20.351994143362376,20.450766636602868,20.243346096333585,20.307546615600586,2779600
2022-11-28,20.026044381753547,20.312484397258746,19.58157102918372,19.705036163330078,4054800
2022-11-29,19.73466829560881,19.79393292155017,19.211177287293665,19.413660049438477,4890400
2022-11-30,19.44329149521244,21.186620712280273,19.32970378211132,21.186620712280273,14528800
2022-12-01,21.22118794070695,21.502688296917842,20.811282789495177,21.226125717163086,7831000
2022-12-02,20.475456715712816,21.17179997385005,20.445826290214452,21.058212280273438,7703600
2022-12-05,20.727328766083183,20.914994426619728,20.12481826665383,20.327301025390625,6606600
2022-12-06,20.30754811472484,20.327302991616985,19.290196445853073,19.48773956298828,9560400
2022-12-07,19.309946781663115,19.60626424248417,19.09264881753714,19.31982421875,11128600
2022-12-08,19.512429344118022,19.912457064604297,19.22599120707222,19.788991928100586,5958600
2022-12-09,19.63589486538254,20.021107379893632,19.458106647833397,19.532184600830078,7095400
2022-12-12,19.542064051180095,20.011232004205404,19.403783684198253,20.00629234313965,5270200
2022-12-13,21.56689089204131,21.59158542849075,20.050739043334396,20.440889358520508,16672200
2022-12-14,20.337179003755114,20.826099927009345,19.670467968798025,20.124818801879883,12088200
2022-12-15,19.51737531279539,19.621085608835912,18.593856320756725,18.771644592285156,13833200
2022-12-16,18.662990581638812,18.88028854478413,18.18394524669355,18.401243209838867,20766800
2022-12-19,18.43087547436991,18.440752911387243,17.71477730400511,17.90244483947754,7875200
2022-12-20,17.719717193114924,18.085172947829427,17.51229478093146,17.853059768676758,8547800
2022-12-21,17.991343781748498,18.544467186907163,17.877756057363257,18.376554489135742,7561800
2022-12-22,17.945136316389014,17.955042773620427,16.87526349842217,17.464683532714844,12134000
2022-12-23,17.281418579328157,17.613278279266783,17.028810536239884,17.548887252807617,7979600
2022-12-27,17.449824215592514,17.45973067249692,16.959466880336816,17.018903732299805,7173200
2022-12-28,16.969371665205408,17.271511991539043,16.53349889260741,16.56817054748535,7322000
2022-12-29,16.91983968320468,17.489448627590725,16.84058992384746,17.370573043823242,7830200
2022-12-30,16.994133907307646,17.36066326564835,16.825727964716176,17.355710983276367,6488200
2023-01-03,17.65290193599126,17.84607312281681,16.80096553310579,17.113012313842773,10744400
2023-01-04,17.390389712570546,17.48945240553168,16.85545230425864,17.27646827697754,10703200
2023-01-05,17.043664977737354,17.05357143234465,16.67713371511952,16.711807250976562,8770800
2023-01-06,16.929749456957172,17.78168595409509,16.553311609143996,17.63309097290039,9068400
2023-01-09,17.900556433032598,18.485024125631533,17.776728564083047,17.86588478088379,10445600
2023-01-10,17.722246725239575,18.168027877807617,17.652903410276465,18.168027877807617,7259400
2023-01-11,18.30175671308702,18.797068115933957,18.192787599832513,18.782207489013672,6547600
2023-01-12,18.846602187142523,19.109118566838852,18.257182182661,18.96052360534668,13126400
2023-01-13,18.6187590040192,19.267617736800037,18.574180894294358,19.223039627075195,7118200
2023-01-17,19.193323199502505,19.485557099279927,19.03977593369956,19.287431716918945,5573000
2023-01-18,19.525180864796365,19.733212703332953,18.772308953373116,18.7921199798584,7323400
2023-01-19,18.55932262837956,18.71782215823664,18.25222813600096,18.415681838989258,8381800
2023-01-20,18.63361984714776,19.47069756984875,18.49988550287961,19.44593048095703,6992200
2023-01-23,19.530134306930968,20.456366364016013,19.44097807796411,20.297866821289062,15408800
2023-01-24,20.045258697556577,20.36225778193561,19.970961210514925,20.203758239746094,11212400
2023-01-25,19.5548979818705,20.19385027650439,19.18836852643486,20.09478759765625,12435200
2023-01-26,20.5801912359651,20.897190274995587,20.203755349482222,20.872425079345703,9152400
2023-01-27,20.67925624369248,21.57577078739835,20.669349786420955,21.283536911010742,11035400
2023-01-30,20.803082460513025,21.016066551146775,20.37711427924552,20.40683364868164,9410800
2023-01-31,20.421695772619803,21.040835234157377,20.411789314499558,21.0358829498291,10618800
2023-02-01,21.00120742602134,22.27911005692514,20.699067122083527,21.94725227355957,16668600
2023-02-02,22.88338951481237,23.77990203581184,22.4970452964969,23.49262237548828,15147200
2023-02-03,22.467328892918697,23.58673199927014,22.412844328149397,22.645641326904297,17743200
2023-02-06,22.254342540521918,22.601060916913443,22.061171386529494,22.269201278686523,13271600
2023-02-07,22.244439325232985,23.348983740310103,22.0760333401404,23.195438385009766,17696600
2023-02-08,22.97749736908877,23.116183967478285,22.25434312111031,22.348451614379883,8346000
2023-02-09,22.9923575776108,23.01712466273224,21.729313704413187,21.937345504760742,9880600
2023-02-10,21.620347300492202,21.922485722329697,21.29344179257689,21.659971237182617,9519400
2023-02-13,21.863050667078674,22.42770550987343,21.689692387085035,22.358362197875977,7921400
2023-02-14,22.1057549811142,22.814050647988342,21.81352109135869,22.660503387451172,12703800
2023-02-15,22.39302912704755,23.03198132037425,22.293966463906,23.027029037475586,9261400
2023-02-16,22.284067920081213,22.898253196500555,22.110707740369435,22.125566482543945,11092600
2023-02-17,21.813519312960757,21.922486560121236,21.377644655928453,21.808565139770508,7646400
2023-02-21,21.248863577575406,21.4568934954617,20.758504373400978,20.77336311340332,7102800
2023-02-22,20.86251835915131,21.100267635415157,20.570284519469297,20.803081512451172,9557600
2023-02-23,21.323160945593894,21.338021576299123,20.55047616960923,21.164661407470703,12213600
2023-02-24,20.436552047729492,20.604958036514326,20.183944009283973,20.436552047729492,12301000
2023-02-27,20.897194697713683,21.085413625521753,20.654493083730376,20.73869514465332,8575200
2023-02-28,20.63962648955008,21.035877147201578,20.590096102075226,20.66934585571289,6760600
2023-03-01,20.624771692420328,20.718882091854688,20.198803476670243,20.337491989135742,8565200
2023-03-02,19.96600589408333,20.778316396799163,19.936286525887645,20.684206008911133,8872200
2023-03-03,20.912048575720053,21.550998865988365,20.84270527983536,21.526233673095703,9703800
2023-03-06,21.704548953296303,22.130517129408474,21.536142974123194,21.55595588684082,8407200
2023-03-07,21.57081422980055,21.699596270632508,20.93681615020729,21.025972366333008,10278000
2023-03-08,21.07550385100481,21.313253143185083,20.812989361830148,21.24390983581543,8041200
2023-03-09,21.29344161077338,21.664925225208297,20.367207771702024,20.466270446777344,10255800
2023-03-10,20.495994030294447,20.718884622676327,19.748072474686783,19.896665573120117,30820800
2023-03-13,19.66386935192435,20.71888350602927,19.436026487308613,20.19880485534668,30307800
2023-03-14,20.69906538854307,21.20428328059986,20.580189812397805,21.129985809326172,13031000
2023-03-15,20.74859843051219,21.392503002552047,20.540568507476426,21.33802032470703,18626200
2023-03-16,21.18447448270559,22.506955368221345,21.0854117982617,22.452472686767578,16590200
2023-03-17,22.44751822428511,22.794236670642277,21.952206697907304,22.229581832885742,12643400
2023-03-20,22.15033238795083,22.437612094927257,21.818472677906836,22.393033981323242,8176800
2023-03-21,22.675359938022428,23.096375848049398,22.457423557531005,23.017126083374023,7240800
2023-03-22,23.01712447949302,23.75513750733178,22.378172233498148,22.388078689575195,24747800
2023-03-23,22.937872720922318,23.561964283669997,22.52676333214469,22.932918548583984,12797200
2023-03-24,22.84872035357533,23.10132839085455,22.502001920682254,23.086469650268555,7752000
2023-03-27,23.18553243523751,23.348984250818624,22.63573635748896,22.754610061645508,6827600
2023-03-28,22.685267266151754,22.685267266151754,22.175097004549382,22.52676773071289,7862200
2023-03-29,23.066655582336782,23.433186910646878,22.947781884669922,23.35393714904785,6727800
2023-03-30,23.705610218587207,23.859155584216552,23.5025325660907,23.765047073364258,8303200
2023-03-31,23.794765320517065,24.58231069456777,23.760093666081026,24.55259132385254,7233800
2023-04-03,24.215776454206257,24.468386351451205,24.012698835569743,24.428760528564453,8188000
2023-04-04,24.49315311528243,24.64669846514804,24.07213722272107,24.265310287475586,6524000
2023-04-05,24.09690566620799,24.126623147488385,23.47776628002036,23.760093688964844,8331400
2023-04-06,23.5025298020576,24.15138662326801,23.299452173444195,24.101856231689453,8803400
2023-04-10,23.621402754403693,24.0523250833245,23.344029547149766,24.04737091064453,6597000
2023-04-11,24.042418534578985,24.042418534578985,23.66102848661445,23.740278244018555,5338600
2023-04-12,24.032518793391976,24.111768572938423,23.244973282508735,23.309364318847656,8870200
2023-04-13,23.566924455107028,24.28017240687484,23.542157366037014,24.220735549926758,7159200
2023-04-14,23.958216855189765,24.389139222927987,23.670937166161053,24.116716384887695,6523200
2023-04-17,24.057279369484046,24.20587244137914,23.735326139158495,24.141483306884766,6663400
2023-04-18,24.473338671099842,24.53772968865528,23.963168482182667,24.156339645385742,6720600
2023-04-19,23.784858892629998,24.2851226854342,23.765045978795673,24.126623153686523,7118600
2023-04-20,23.656075722198654,24.195965317111007,23.547108480195725,23.755138397216797,10049200
2023-04-21,23.675885770633506,23.908682745341363,23.413371319639978,23.784854888916016,8053600
2023-04-24,23.7501847476079,23.953262369455505,23.35888824299855,23.68084144592285,5432200
2023-04-25,23.42822941774422,23.532244360828763,22.774418504836984,22.794231414794922,10007200
2023-04-26,23.279636852958426,23.512433826116208,22.98740303816191,23.051794052124023,7649800
2023-04-27,23.616452764096447,24.379232937029222,23.522344258135956,24.304935455322266,13067400
2023-04-28,24.255406836895546,24.64174923535416,24.087000836894482,24.636796951293945,7154800
2023-05-01,24.567450688140163,24.785388966657436,24.403998868715714,24.572404861450195,6884000
2023-05-02,24.56249700784793,24.6070751177863,23.86410787845571,24.131576538085938,7979400
2023-05-03,24.19596589938383,24.5971688926037,23.804671252313923,23.834388732910156,10127800
2023-05-04,23.779903199640714,23.943356894132197,23.48271706897317,23.651123046875,7362000
2023-05-05,23.97307862376299,24.770528593792225,23.92354633746509,24.641748428344727,6692400
2023-05-08,24.557547065123313,24.810155119210574,24.394093349947646,24.75567054748535,5566600
2023-05-09,24.493151052023485,24.626885367374143,24.389136103238485,24.443618774414062,5099200
2023-05-10,24.820058850958716,25.102386246653122,24.43371649673761,24.973604202270508,9513800
2023-05-11,25.03304569117683,25.20145169039645,24.795296378654474,25.122201919555664,7098400
2023-05-12,25.186592012957508,25.265841786798802,24.612030680242214,24.938936233520508,7470200
2023-05-15,25.00332607837959,25.236123104628454,24.765576768141063,25.206403732299805,7146600
2023-05-16,25.077618317182235,25.51844518910155,25.077618317182235,25.2509765625,5980600
2023-05-17,25.404523224833035,25.949365031896257,25.231163093885193,25.870115280151367,7689400
2023-05-18,25.914694037164768,26.840925888316953,25.909741754195935,26.801301956176758,10012800
2023-05-19,26.83597943254232,26.949900860194262,26.509073891182616,26.682432174682617,7781200
2023-05-22,26.637853288450188,27.014291106660206,26.632901004549527,26.840930938720703,6917800
2023-05-23,26.58336867503949,26.756728842697363,26.112824237236673,26.167308807373047,5407400
2023-05-24,25.855260978200654,26.093010274226494,25.567979397921444,25.88993263244629,7873200
2023-05-25,27.04895950239201,27.33623917059523,26.65766299017587,27.133161544799805,9238800
2023-05-26,27.311476498212684,28.653770243679205,27.28671130047922,28.52499008178711,9572800
2023-05-30,29.228330518432006,29.416549415773954,28.539847841993122,28.76769256591797,9288400
2023-05-31,28.49526938436553,28.837035521353812,28.2030355300019,28.391254425048828,8536000
2023-06-01,28.37639670666451,29.297676412555894,28.207990718604112,29.0945987701416,6621400
2023-06-02,29.376926132059666,29.70878393448732,29.079738094468063,29.520565032958984,8838800
2023-06-05,29.48093741867336,29.981201146514135,29.37692246874556,29.555233001708984,6077000
2023-06-06,29.44131320254099,29.698875394603455,29.21347037899227,29.545330047607422,5470200
2023-06-07,29.580003296109215,29.9069088095524,28.420974313999107,28.52994155883789,8243600
2023-06-08,28.564616572182185,29.29272516526752,28.524992630161403,29.218429565429688,6031800
2023-06-09,29.46608338078617,29.961394904561967,29.203566988349806,29.43140983581543,8509600
2023-06-12,29.718685789939368,30.441840024023403,29.550279828217853,30.436887741088867,5299600
2023-06-13,30.907436533963395,31.03126440166443,30.352686326249177,30.88266944885254,6533600
2023-06-14,30.88762344615421,31.38293491414395,30.407170717575905,31.333402633666992,9163200
2023-06-15,31.10556146476167,32.32402917675592,30.996594220848632,32.05656051635742,12554400
2023-06-16,32.47756899545494,32.50233607752,31.581054663343888,31.640493392944336,6792600
2023-06-20,31.3878878220092,31.798995366099895,31.036217126210214,31.566200256347656,5751400
2023-06-21,31.3433113660317,31.417608847411245,30.531000801849604,30.704360961914062,6789600
2023-06-22,30.456703556905595,31.422559425637516,30.387358362965436,31.41265296936035,4765800
2023-06-23,30.704360415266,31.174904824080933,30.481469864559056,30.778656005859375,5761000
2023-06-26,30.67958928999737,31.155089698727437,29.93166986215857,29.95148277282715,6571600
2023-06-27,30.214002446579595,31.085749882526812,30.075315826862955,30.97182846069336,10757200
2023-06-28,30.63501687670069,31.412655815002026,30.63501687670069,31.07584571838379,9968600
2023-06-29,31.02136061705532,31.115469124405884,30.65482926573092,30.937156677246094,6941800
2023-06-30,31.561243787145283,32.061509371521176,31.51171151225193,31.888147354125977,6290800
2023-07-03,31.987217702978985,32.13580888620836,31.79899691372417,32.04170227050781,3440600
2023-07-05,31.734606051573795,32.314119570371915,31.734606051573795,32.01693344116211,4058000
2023-07-06,31.333402816119747,31.586012724364895,31.001545037576616,31.521621704101562,7080200
2023-07-07,31.457231178607234,32.02188785143377,31.25910772081951,31.293779373168945,7112200
2023-07-10,31.229387678860338,31.427513021841555,30.80837368685438,31.333402633666992,9980800
2023-07-11,31.3779840087894,31.690030795166443,31.011454542409318,31.62068748474121,10915800
2023-07-12,32.31906931700134,32.64597665960959,31.977303236806577,32.4230842590332,11074400
2023-07-13,32.95307308611414,33.636605366241966,32.85401229890012,33.48801040649414,6168000
2023-07-14,33.5672587762096,34.14182193153122,33.31465263140527,33.47315216064453,7406600
2023-07-17,33.58706695602104,34.24583206676544,33.51277326444758,34.08237838745117,9326800
2023-07-18,33.973414668508305,34.889743985459845,33.61679355548628,34.65199279785156,12493000
2023-07-19,34.83525852857432,35.03833427752169,34.37957285778462,34.562835693359375,9836000
2023-07-20,34.04274973685492,34.320122875358244,32.81933013407325,32.997642517089844,10129200
2023-07-21,33.42857286792287,33.557354919069766,32.73018560143885,32.79457473754883,8124000
2023-07-24,32.96793722076954,33.13634512130172,32.576640623071675,32.89859390258789,10284000
2023-07-25,33.02241695016966,33.631651760703804,33.012512382851845,33.35427474975586,10330600
2023-07-26,33.15119651307581,33.41371098497254,32.70541543866317,33.12147903442383,6982200
2023-07-27,34.06753080667879,34.34985826390268,32.705423924138884,32.9382209777832,16236400
2023-07-28,33.64650913094621,34.31022470308991,33.562307085929774,34.13191604614258,8282600
2023-07-31,34.18145590397561,34.36967295888451,33.92389174575526,34.19136047363281,5744800
2023-08-01,33.9139745377523,34.12695860582543,33.62173882624436,33.99817657470703,5208800
2023-08-02,33.36418480201254,33.36418480201254,32.274500952844996,32.492435455322266,13333800
2023-08-03,32.05160860928286,32.74009133273331,32.026845300172745,32.37356185913086,7784200
2023-08-04,32.71532685225039,33.11652796738363,31.98226415236575,32.06151580810547,14143000
2023-08-07,32.388419301045424,32.616262141924175,31.96245110059869,32.60635757446289,6114800
2023-08-08,32.150674111221,32.15562450582978,31.486954677708212,32.03675079345703,10888600
2023-08-09,32.08132377051088,32.111045029790404,31.19967180619335,31.32349967956543,7037800
2023-08-10,31.82376385172473,32.40823157245434,31.160046366631626,31.427515029907227,13651800
2023-08-11,30.971825091116926,31.31854349215082,30.758841011458816,31.016403198242188,8892800
2023-08-14,30.88762225080951,31.72469980857395,30.758840216016566,31.719745635986328,5633400
2023-08-15,31.526578681067498,31.6702175844049,30.91239157119061,31.031267166137695,5414800
2023-08-16,30.93715474775547,31.19471694542668,30.35268704716761,30.357641220092773,6374000
2023-08-17,30.59043702102769,30.644921587651467,29.619626946799947,29.67906379699707,9601400
2023-08-18,29.119362606515512,29.817751723585257,29.045065128108007,29.59981346130371,7514600
2023-08-21,29.847468799596637,30.66968577658024,29.77317321165758,30.560718536376953,8257000
2023-08-22,30.98173243582898,30.986686608686835,30.342780178525633,30.46660804748535,7614000
2023-08-23,30.649877682928405,31.600874903578788,30.62015831123426,31.41761016845703,8116200
2023-08-24,32.00702775731368,32.01693232374011,30.02578003703023,30.035686492919922,10530400
2023-08-25,30.189238571163482,30.803423819210824,29.61467726357231,30.526050567626953,14986600
2023-08-28,31.016404185930618,31.1204210321774,30.55081207737853,30.98668670654297,5851200
2023-08-29,30.932207246990956,32.378517982238506,30.887629131088648,32.314125061035156,8184000
2023-08-30,32.338888053958364,32.7698104162471,32.1556214398737,32.670745849609375,7393400
2023-08-31,32.66084621536442,33.14129904407416,32.655892041552576,32.82925033569336,5388000
2023-09-01,33.270071101445204,33.32950983927442,32.50729097114034,32.78466796875,5922400
2023-09-05,32.62121231181686,33.057085026234226,32.45775862681293,32.84410095214844,4413600
2023-09-06,32.69055941475961,32.75494855016288,31.90796632788806,32.264591217041016,6877200
2023-09-07,31.462185315646103,31.91291868513855,31.278920597798848,31.779186248779297,6219600
2023-09-08,31.754412898823368,32.24972427920879,31.69497606222675,31.853473663330078,6527200
2023-09-11,32.383465127851316,32.70046419158932,32.05160732345794,32.60635757446289,7382200
2023-09-12,32.309167845025975,32.541961054380636,31.828715129454466,31.88319969177246,7969800
2023-09-13,31.91787193737188,32.38841631642369,31.71479242332376,32.11599349975586,7316200
2023-09-14,32.398328266825885,32.78962104132157,32.04170336857094,32.62617111206055,7829400
2023-09-15,32.373560693753944,32.44785817626387,31.338359559146806,31.48200035095215,10794000
2023-09-18,31.318547210269195,31.74451353069259,31.27892327115554,31.561250686645508,5146600
2023-09-19,31.313594397687595,31.541437239768516,30.892578478750096,31.422561645507812,6375200
2023-09-20,31.688786503946673,31.738456585736113,30.57620319794161,30.5960693359375,10784400
2023-09-21,29.93547503038044,30.074547477742584,29.423885474966855,29.438785552978516,8599200
2023-09-22,29.741764092342738,30.089447078054825,29.399047167336324,29.4636173248291,7559200
2023-09-25,29.2848067803555,29.74176201690353,29.125866322787413,29.72686004638672,5793000
2023-09-26,29.284810686523684,29.37421494267092,28.663948849234494,28.82288932800293,6881200
2023-09-27,29.00666591149167,29.274876786280963,28.360968082364927,28.976863861083984,9552000
2023-09-28,28.783153057024382,29.77653192425753,28.654012743240973,29.433815002441406,9031600
2023-09-29,29.995078886684052,30.233489621581636,29.2599786470698,29.4785213470459,11351800
2023-10-02,29.49838350511854,30.183815415593212,29.404013200122638,29.95037078857422,9423200
2023-10-03,29.52321749288462,29.895734545900062,28.61924292914473,28.89242172241211,10531000
2023-10-04,29.02156587914807,29.81130221211361,28.952029656514117,29.672229766845703,10016800
2023-10-05,29.662297827989534,29.71196602057316,28.892427579902627,29.4785213470459,6617000
2023-10-06,28.97189588128897,30.65070482061825,28.837789505415948,30.452030181884766,10872000
2023-10-09,30.069578786291956,30.85931506206719,29.806332097886994,30.76991081237793,6528800
2023-10-10,30.81461641698882,31.549716634885776,30.74011223559438,31.08779525756836,7793000
2023-10-11,31.321235095906893,31.574545863103058,31.033154326625233,31.539777755737305,6928000
2023-10-12,31.61924951956201,31.917264318932567,30.88911544003197,31.286468505859375,10319000
2023-10-13,31.405675509333424,31.505013784012675,30.26825614843199,30.511634826660156,9706000
2023-10-16,30.735144136815194,31.370906035612382,30.710310042903416,31.211965560913086,6193400
2023-10-17,30.57123506312052,31.271567107125563,30.213619949933175,30.998388290405273,8118200
2023-10-18,30.551363548901563,30.928848546390018,29.94043582649437,30.12421226501465,9828200
2023-10-19,30.382489222503484,30.586133692310728,29.443746574057823,29.582820892333984,16464600
2023-10-20,29.503354173114612,29.587790470392978,28.663947787569082,28.703683853149414,11697200
2023-10-23,28.46030717627095,29.44872008734528,28.12752613002986,28.85765838623047,36769400
2023-10-24,29.160636192896256,29.543087284147393,28.88249132269166,29.433815002441406,8863400
2023-10-25,28.996727832496937,29.041429954486098,27.879176677487607,27.973546981811523,12723400
2023-10-26,27.76494330354709,27.91891583312938,26.68216006163788,26.895736694335938,17080400
2023-10-27,27.31295505514499,27.690438222346828,26.950370071157987,27.15401268005371,14958000
2023-10-30,27.53149412538027,27.958647320786383,27.317917527677217,27.740102767944336,15122600
2023-10-31,27.755005399973967,28.07288632653336,27.337786210184817,28.023216247558594,8014600
2023-11-01,28.14242248758971,29.071231173332166,28.132488471814096,28.996728897094727,13525000
2023-11-02,29.702028648724728,30.04971164170496,29.503354006107365,30.024877548217773,13622200
2023-11-03,30.22355397601882,30.928854019977372,30.188785864139174,30.720243453979492,8676600
2023-11-06,30.844414162553605,31.048056761762894,30.57620329888471,30.958654403686523,7315800
2023-11-07,31.127527731856343,31.68382129452734,30.92388512784712,31.534814834594727,7065600
2023-11-08,31.609316286542665,31.70865455546055,31.182163056499675,31.584482192993164,6037400
2023-11-09,31.67885438106782,31.87256297482509,30.983490246931968,31.082828521728516,9564600
2023-11-10,31.351035201839032,32.48348835130331,31.271564971588884,32.44375228881836,15628400
2023-11-13,32.180509557306586,32.4288542795058,31.91726475808578,32.25004577636719,7899600
2023-11-14,33.35270043109749,33.794753779605074,33.26826412620056,33.625877380371094,11581600
2023-11-15,33.94375107895038,34.04805918551175,33.44209752366421,33.67057418823242,8840200
2023-11-16,33.52653815258788,33.75998280233108,33.30302941401322,33.73018264770508,8899800
2023-11-17,33.58117551023033,33.90898859129188,33.42223503074353,33.725215911865234,5736400
2023-11-20,33.730182388038315,34.658989234836774,33.72024647694627,34.54971694946289,11375000
2023-11-21,34.226870392357526,34.26163850083131,33.81461725656864,34.107662200927734,8832800
2023-11-22,34.48018322154847,34.91727239463355,34.211970444275366,34.40071487426758,11136200
2023-11-24,34.30137361826852,34.41561386383096,34.10766502793911,34.2815055847168,2595000
2023-11-27,34.192100810043,34.5695858629226,34.06792844430733,34.22190475463867,4448200
2023-11-28,34.08778914809199,34.495074268554035,34.013288776221366,34.390769958496094,6934600
2023-11-29,34.82786732276419,35.08117622641061,34.26164162488167,34.311309814453125,9940200
2023-11-30,34.35104933337097,34.42058556364579,33.59607913404395,34.12753677368164,7866800
2023-12-01,33.92389275865303,34.42058223512268,33.64077990864293,34.326210021972656,7126600
2023-12-04,33.620911034256366,33.715279455607,33.024881403730824,33.665611267089844,8523400
2023-12-05,33.32785997939543,34.04309397087882,33.298059826230165,33.82951736450195,7302000
2023-12-06,34.351044352125825,34.37090859551782,33.37256552443903,33.4371337890625,5998600
2023-12-07,33.938784483459195,34.495074134946925,33.75004010361383,34.37586975097656,5838800
2023-12-08,34.02819864201655,34.73349682122384,34.00833060732111,34.64409255981445,8000800
2023-12-11,34.56461440046356,35.28481632232558,34.53978220349972,35.2401123046875,5527600
2023-12-12,35.24012235074324,35.811316095897,35.036481604053286,35.80138397216797,5436000
2023-12-13,35.95534927141931,36.80468778301506,35.82124478619463,36.69541549682617,7928800
2023-12-14,36.9040285206446,37.142437340177885,36.059654162077905,36.61594772338867,8718600
2023-12-15,36.759994331128524,37.177211730503686,36.64078611178662,36.8841667175293,8727400
2023-12-18,37.0281967071709,37.58448641626048,36.9785247350541,37.42057800292969,6906800
2023-12-19,37.490122606491084,37.817935683939815,37.46528661738501,37.78813552856445,5965200
2023-12-20,37.64792337771013,38.02579582528581,36.63363657210938,36.64855194091797,8167600
2023-12-21,37.3645219185523,37.55345625542568,36.89218038637537,37.49876403808594,6424600
2023-12-22,37.70758367397046,37.89154873462501,37.25016134260791,37.603172302246094,7050000
2023-12-26,37.74736095952168,38.17495255919624,37.737418644953564,38.04071044921875,3625600
2023-12-27,38.095406178474654,38.249536725141745,37.93630257740019,38.18490219116211,4740400
2023-12-28,38.39372576960218,38.428529564532916,38.06557245168735,38.11529541015625,3925600
2023-12-29,38.120262452284805,38.18987003809429,37.43910196353069,37.787139892578125,7528400
2024-01-02,37.11094642707231,37.155696325725266,36.081744277998716,36.51430892944336,9588000
2024-01-03,36.022083922966736,36.21102206453199,35.65415754236847,35.73371124267578,9925800
2024-01-04,35.37075023229793,35.93258395392776,35.30114264885101,35.340919494628906,6966000
2024-01-05,35.36577778335049,35.90772688469289,35.17187039852649,35.430416107177734,7603600
2024-01-08,35.63923849173406,36.926982587518296,35.61437701462296,36.88223648071289,7127000
2024-01-09,36.315433153634444,37.190504883198784,36.28062935836747,37.02642822265625,5750000
2024-01-10,37.06122891409418,37.6976432847224,36.9070983755814,37.50870895385742,5419400
2024-01-11,37.72747482404728,37.97607442993582,36.70324566165173,37.62803649902344,7780200
2024-01-12,37.83189164182345,37.98105294413075,37.414246064690175,37.67776107788086,6328000
2024-01-16,37.434126813987056,37.946241363775826,37.16066574694999,37.662837982177734,7434200
2024-01-17,37.03636802638661,37.28994068517792,36.43973049275533,37.220333099365234,9561000
2024-01-18,37.79708676671499,38.35892436851093,37.56340629664211,38.28434371948242,9237000
2024-01-19,38.667178963413036,39.795823238065765,38.55779832906667,39.77096176147461,10636800
2024-01-22,40.19358356638597,40.42726780929062,39.75604961356877,39.87040710449219,8290600
2024-01-23,39.98973344479421,40.22341768529317,39.64169550787812,40.18861389160156,5471600
2024-01-24,40.92446438017218,41.39183283566533,40.53664961639225,40.61620330810547,11427600
2024-01-25,41.08357363685059,41.21781956180073,40.25822483479554,40.69575881958008,8001600
2024-01-26,40.32782019426541,40.66591574145833,40.09413600517687,40.19854736328125,7150800
2024-01-29,40.28804529183104,41.06367472836793,40.16871856159345,41.033843994140625,6252800
2024-01-30,40.83000061278397,40.92943893774948,40.302966869145706,40.46207046508789,5167600
2024-01-31,39.62181108973652,40.00465285905056,38.851150702940586,38.8809814453125,14639800
2024-02-01,39.19917966693238,39.86045545529522,39.015218406807996,39.805763244628906,9338600
2024-02-02,40.128942418578,41.352051856446266,39.94497736987609,41.13825607299805,10507400
2024-02-05,41.108431976191206,41.21781641236164,40.332802400915774,40.989105224609375,6399200
2024-02-06,41.19792697136771,41.32222677425179,40.37257445941948,40.839942932128906,6142200
2024-02-07,41.35703604867598,41.819431528422584,41.10843640995909,41.66032791137695,5831400
2024-02-08,41.66529803630913,41.933782289113196,41.52607906202105,41.7945671081543,4085600
2024-02-09,41.99841839535389,42.74919027387663,41.84925711317648,42.60002899169922,5793600
2024-02-12,42.56025235981991,43.002759360973364,42.12769146730418,42.251991271972656,5187200
2024-02-13,40.69078853296249,41.45647590342098,40.31291979948655,40.92447280883789,11005000
2024-02-14,41.4415525327712,41.898974886057,40.989103233614046,41.824398040771484,7728000
2024-02-15,41.938753133530156,42.1276912634425,41.42663854770687,42.03322219848633,7730000
2024-02-16,42.10282846867001,42.11774383775899,41.13826080540873,41.27250671386719,7759600
2024-02-20,40.87474793344789,41.153178286273295,39.90023790522992,40.64106369018555,8186200
2024-02-21,40.0941481069917,40.31788625712905,39.547229678510945,40.30297088623047,7356600
2024-02-22,41.94870209635383,42.833716154595315,41.814456174563034,42.65472412109375,8965600
2024-02-23,42.93315521331804,43.12209335928103,42.1873563255592,42.381263732910156,7262400
2024-02-26,42.51053116769882,42.71935391917632,42.29176230805831,42.331539154052734,5209000
2024-02-27,42.54035820685384,42.600023470657874,42.02327063387102,42.5353889465332,4686000
2024-02-28,42.1028311946546,42.33154238659426,41.87412000271493,42.0531120300293,3813000
2024-02-29,42.60996870639402,42.96795272710821,41.98846972413431,42.77901840209961,6100000
2024-03-01,42.92818307987167,44.2209042143932,42.91824076355308,44.056827545166016,6217600
2024-03-04,44.031959833079725,44.11151352568777,43.66900654220985,43.69883728027344,6141600
2024-03-05,43.08729185740863,43.102207229025396,41.66530159889143,42.14261245727539,8465800
2024-03-06,42.95304039117135,43.27124758908908,42.29176451695866,42.65969467163086,6384400
2024-03-07,43.34085612063041,44.17615098169167,43.03756428580091,43.942466735839844,6978400
2024-03-08,43.99218728326165,44.54904796457162,42.520474299810985,42.63980484008789,10652400
2024-03-11,42.34645442550689,42.57516559945522,41.948697346464556,42.31662368774414,8074800
2024-03-12,42.77404420256167,43.60436591022457,42.13762986870438,43.54470443725586,7163200
2024-03-13,43.3110256525182,43.325941022631476,42.63483438963606,42.838687896728516,4144400
2024-03-14,43.077339881812875,43.17180894696166,42.07796839294471,42.61494445800781,7269800
2024-03-15,42.02824995802019,42.137634394649865,41.3669740771801,41.58574295043945,6586800
2024-03-18,42.60996848613137,43.05247545574654,42.326565103419085,42.371315002441406,5561400
2024-03-19,41.96858370468428,42.64974413894809,41.5658497980564,42.570194244384766,4733800
2024-03-20,42.80154106471832,43.64234903777075,42.4682043850914,43.582645416259766,9219800
2024-03-21,44.562767057867624,44.64734435862441,43.9259434826694,43.96076965332031,6303000
2024-03-22,43.8562856785449,44.28415217654182,43.69707980457633,44.03539276123047,5832000
2024-03-25,43.488118009513954,44.03041165310378,43.29905844544137,43.726924896240234,4242400
2024-03-26,44.03539273899864,44.209523570475184,43.40354169879703,43.44334411621094,5007600
2024-03-27,44.02544118514319,44.04036614305305,43.139858255327724,43.73190689086914,6829600
2024-03-28,43.69707622133816,43.86125833296461,43.4731904884565,43.522945404052734,5932000
2024-04-01,43.70702368971854,44.22444367198152,43.33886085848476,43.726924896240234,5497800
2024-04-02,42.74681730546083,43.010501680152885,42.34880451572909,42.950801849365234,5965400
2024-04-03,42.53288082417296,43.50304475421985,42.517955867609764,43.11995315551758,5091600
2024-04-04,43.945839524714955,44.06026673092213,41.751779644481516,41.77665710449219,9408600
2024-04-05,42.0602383573509,43.289110358304946,41.91595745483331,42.771690368652344,9035800
2024-04-08,42.945823169584926,43.154780157059946,42.51795669288813,42.796566009521484,5717400
2024-04-09,43.239362241882716,43.29408581969035,42.169696025327156,43.0950813293457,7480000
2024-04-10,42.0751674642787,42.503033963397755,41.93088654752763,42.30900192260742,9474200
2024-04-11,42.68213606674002,43.84135572086676,42.23934466164732,43.67717361450195,6481000
2024-04-12,42.81647123609919,43.035380745868316,41.99059191465972,42.264225006103516,9770200
2024-04-15,42.98562288134951,42.99557158670327,40.702009732308994,40.85624313354492,20375400
2024-04-16,40.82638942594961,41.36371061346114,40.60250749570331,40.85624313354492,8559200
2024-04-17,41.224408400362215,41.23435710630397,39.68210086721814,39.856231689453125,8073600
2024-04-18,39.93583495234573,40.279124160880855,39.27413779093611,39.3686637878418,7749600
2024-04-19,39.14478232245385,39.23931211631168,37.45321751423936,37.75172805786133,11067200
2024-04-22,38.224366155143876,38.9258656130029,37.61241642760291,38.49302673339844,8090000
2024-04-23,38.851237170028966,39.85622716560119,38.78656109933048,39.64727020263672,6423000
2024-04-24,40.21443830899991,40.49802382235382,39.47810894680444,39.905975341796875,6341800
2024-04-25,38.5129293747341,39.647271550259944,38.308944859358995,39.483089447021484,7856200
2024-04-26,40.07016771106012,40.99057680319543,39.95076425262675,40.71196746826172,16079800
2024-04-29,41.09505440129557,41.214457857106694,40.503009577563496,41.0254020690918,5073000
2024-04-30,40.702016698657225,40.97067733839557,39.46319580078125,39.46319580078125,5158400
2024-05-01,39.17960641404113,40.49305577302189,38.7368149753724,38.88109588623047,11989600
2024-05-02,39.562691749814654,40.02538436744709,38.70198638529686,39.8612060546875,5431600
2024-05-03,41.269182821857164,41.662223128207934,40.965696051077046,41.45326614379883,5837800
2024-05-06,41.801530809918,42.37865447998047,41.652277437009325,42.37865447998047,4026800
2024-05-07,42.43835421785262,42.68213736163545,42.22939344170021,42.35874938964844,3822800
2024-05-08,41.851276096971326,42.577652972750414,41.83137489267738,42.313968658447266,2550200
2024-05-09,42.348808658661675,42.57766688919403,41.99059445582221,42.46821212768555,2669000
2024-05-10,42.7567650676633,43.09507798910129,42.36372477689218,42.672183990478516,4574000
2024-05-13,43.0254378000628,43.045335216553696,42.5776700136551,42.86125564575195,3147400
2024-05-14,42.74681308119581,43.49806750909663,42.72193941941481,43.39358901977539,5012600
2024-05-15,43.88115593126212,44.786639980771746,43.57766916451416,44.7269401550293,6462600
2024-05-16,44.682162782230115,45.07022684384804,44.508031959166594,44.5428581237793,4388000
2024-05-17,44.55778867162995,44.67221968158289,44.05032109563107,44.49808883666992,4363200
2024-05-20,44.51301193368281,45.234412744907715,44.48813447297813,45.10506057739258,3577200
2024-05-21,44.72196753790014,45.30406366078654,44.68216512032651,45.2592887878418,2838200
2024-05-22,45.30406170545775,45.45829511795697,44.716989356770895,45.244361877441406,4075200
2024-05-23,46.16477335307963,46.1747220596846,44.438382380904706,44.80654525756836,7033400
2024-05-24,45.11003099761076,45.88616294652137,44.97570258486189,45.65232849121094,4924400
2024-05-28,45.871237151534764,45.98566815891834,45.38864704811683,45.9757194519043,3476600
2024-05-29,45.11002804696838,45.67719916728479,45.11002804696838,45.32893753051758,3680200
2024-05-30,45.124955482882235,45.144856691186305,44.07519046838833,44.3388786315918,3318000
2024-05-31,44.35877983989587,44.49808450225703,42.65229013443696,44.3388786315918,5934000
2024-06-03,44.896092455917376,45.100076972285784,43.592595716113834,44.622459411621094,4175800
2024-06-04,44.55778218130688,45.08515468649856,44.214496792986765,44.846343994140625,3824000
2024-06-05,45.56277069038085,46.66726298704908,45.33391250754005,46.657310485839844,4699200
2024-06-06,46.78666629272326,46.84139366191095,46.38367729758397,46.61750793457031,3274600
2024-06-07,46.508056640625,47.06527523793815,46.28417091497567,46.508056640625,3349000
2024-06-10,46.26924717586086,46.93094807333846,46.2145198056474,46.876220703125,2651800
2024-06-11,46.602587759249204,47.52797308401271,46.2991009701726,47.49812316894531,3227800
2024-06-12,48.299127146779774,49.22451244012575,48.164794942002324,48.74689483642578,4820800
2024-06-13,49.468295324317516,49.59765127745567,48.79166944050345,49.249385833740234,3417800
2024-06-14,49.18968005617393,49.756851126096635,49.10509898410229,49.7369499206543,3886600
2024-06-17,49.7817344099995,51.329018321422716,49.51805002950438,50.94593048095703,4282400
2024-06-18,50.93099984923741,51.11010691712457,50.597659375478614,50.96084976196289,4113800
2024-06-20,51.21458460354672,51.294185634820934,49.796653039068595,50.14989471435547,5670000
2024-06-21,50.085209991908414,50.363823063797824,49.572766303711276,49.851375579833984,3283200
2024-06-24,49.61257449795266,49.97078863517165,48.702114198482256,48.731964111328125,4279200
2024-06-25,49.15983234338862,49.896161851456505,48.980725268338794,49.841434478759766,3653400
2024-06-26,49.6551650333002,50.148233114059074,49.59042044684153,50.043643951416016,2900400
2024-06-27,49.97889044090342,50.59646610929044,49.80457518770397,50.27273941040039,3387600
2024-06-28,50.42215513096586,51.4282097629335,49.61532337638453,49.7099494934082,6420200
2024-07-01,49.91913534746411,50.42714042352768,49.147162788966455,50.317569732666016,4247800
2024-07-02,49.98387493983518,51.358482360839844,49.963952652598856,51.358482360839844,4374400
2024-07-03,51.17918751231879,52.220101411241835,51.17918751231879,52.19021987915039,3810600
2024-07-05,52.34460970635603,53.34568276874844,52.279865124130964,53.25105285644531,5120400
2024-07-08,53.32575863019095,53.61462607892585,53.12156184731803,53.5150146484375,4022000
2024-07-09,53.81385032362664,54.0578917022017,53.256037658524306,53.56980514526367,3915600
2024-07-10,53.98816514697536,54.80495994995459,53.7042791947178,54.70037078857422,4492400
2024-07-11,54.700374534892184,54.7402191133244,52.01590780957847,52.264930725097656,11170200
2024-07-12,52.3794776376478,53.87859661006317,52.28485151631755,52.857601165771484,6546000
2024-07-15,53.24109569029931,54.17742040721238,52.69324608146945,53.15144729614258,5799400
2024-07-16,53.440313753497186,53.614629016668744,52.48406296735022,53.18132781982422,4686000
2024-07-17,51.43318494799218,51.532796381771824,50.02869602989446,50.04861831665039,8610600
2024-07-18,50.79568632265369,50.840512417229334,48.88817393751791,49.5555534362793,6969000
2024-07-19,49.47586333489397,49.96893136676682,48.385145718449984,48.654090881347656,7341400
2024-07-22,49.84940205901204,50.29266631469091,49.1521409821866,50.07850646972656,5351000
2024-07-23,49.88924481284724,50.51180203712592,49.630262679453914,49.7348518371582,3006000
2024-07-24,48.31541927277871,48.37020460926323,45.969624246188246,46.13895797729492,8864800
2024-07-25,46.21366576367545,47.04540125719967,44.599998591847545,45.127925872802734,10057400
2024-07-26,45.95966326950939,46.59716125022096,45.396872914616026,46.03935241699219,5543200
2024-07-29,46.55732216966703,46.985638053708975,45.74550509925608,46.17880630493164,4943200
2024-07-30,46.57724284747021,46.71171734511446,44.25136980833411,44.903812408447266,7852200
2024-07-31,46.94579454372,47.90204149386705,46.66688633341973,47.56835174560547,8010600
2024-08-01,47.69286403014239,48.444910407484116,44.50537034011288,45.26737976074219,10456200
2024-08-02,43.51923823193277,44.01728400441911,42.25420151384294,43.08095932006836,23179600
2024-08-05,38.44415233786684,41.83584265115334,38.2299925151611,40.58574676513672,13239600
2024-08-06,40.86963396925196,42.662601750328236,40.34170667803928,41.287994384765625,9835400
2024-08-07,42.57793261529129,43.03613762015996,40.29190431183329,40.37158966064453,10463400
2024-08-08,41.52705272992766,42.99130843191965,40.79990640030774,42.85185623168945,9644800
2024-08-09,42.553035918746595,43.569049843749035,42.343853787284296,43.28516387939453,5869400
2024-08-12,43.42461201493158,44.007324655394854,42.886721669986564,43.44453430175781,5364200
2024-08-13,44.276272946717306,45.6209951040153,44.25136913648336,45.58613204956055,5930200
2024-08-14,45.7554690618933,46.069236548298605,44.759377460849,45.620994567871094,5412800
2024-08-15,46.791394921842695,47.971764672597075,46.711709580747765,47.90203857421875,5241000
2024-08-16,47.50360458568068,48.26561781219531,47.30936703768314,47.98670959472656,5839400
2024-08-19,48.0165952574799,49.25672818015502,47.63807940244378,49.24676513671875,5369000
2024-08-20,49.05253367909969,49.58046485294067,48.67899929939332,49.02763366699219,10537400
2024-08-21,49.18700309030902,49.854382622378196,48.828409514957535,49.500770568847656,4822600
2024-08-22,49.949013818442815,50.08846603470141,47.69784467093494,47.892086029052734,6161400
2024-08-23,48.76366398557432,49.475865800868654,47.961809978391436,48.923038482666016,6503200
2024-08-26,48.72879775755878,48.977820649941535,47.5334909139518,47.95682907104492,4811000
2024-08-27,47.62314308341425,48.444915653608454,47.22470490409311,48.240718841552734,5530400
2024-08-28,48.126164698155996,48.270598437367255,46.42284895952047,47.12509536743164,14859200
2024-08-29,47.50360141845137,48.43494832223689,46.74159204253024,46.980655670166016,8166400
2024-08-30,47.81737380714514,48.175967357253704,46.915908410403446,48.08631896972656,3913800
2024-09-03,47.423925606355965,47.45380714089531,44.6647511901726,45.13291549682617,8750200
2024-09-04,44.510354822438025,45.62597635823011,44.31611726307474,44.89384841918945,6797600
2024-09-05,44.550192617006715,45.80527008558141,44.36591811392771,44.98349380493164,6771600
2024-09-06,44.79921561439727,44.96855315255108,42.433498200411904,42.55303192138672,7841000
2024-09-09,43.349905528467715,43.798147494367875,42.73730754177287,43.61885070800781,4455400
2024-09-10,43.95752778051175,44.50537745549889,43.17559594808206,44.41074752807617,4513400
2024-09-11,44.639835742412885,46.47264411225596,42.981346411380045,46.30331039428711,21973600
2024-09-12,46.32323784111132,47.399014721674696,45.97460352442528,47.249603271484375,6297600
2024-09-13,47.06532247416413,47.86219489895439,47.01551866007488,47.62811279296875,5788400
2024-09-16,47.194820404052734,47.31933185229069,46.54735935330026,47.194820404052734,4989400
2024-09-17,47.802441617569706,48.046483016364725,46.75156458629608,47.24462890625,5042400
2024-09-18,47.47372597540029,48.29052079152765,46.70673497980988,46.80136489868164,9610800
2024-09-19,49.04755613378962,49.75976183899492,48.62421412876204,49.191986083984375,7565600
2024-09-20,48.99276116793589,49.22683947561635,48.136121880941516,48.967857360839844,4389000
2024-09-23,49.21190402164279,49.45096767628436,48.937981112965105,49.226844787597656,3702200
2024-09-24,49.505755095897484,49.88427098172259,48.63915643605005,49.695011138916016,6006600
2024-09-25,49.5609597134233,50.178851174681185,49.5210947670891,49.815093994140625,3107800
2024-09-26,51.31996214752137,51.38474363896053,49.770247447914045,50.522682189941406,5234800
2024-09-27,50.722002438327486,50.72698650723118,49.69052067564096,49.92970275878906,4736400
2024-09-30,49.71543252654985,50.25858197540775,49.13242193236807,50.17885208129883,6042400
2024-10-01,50.10411098476725,50.16390460472466,47.991314372556694,48.758697509765625,7386000
2024-10-02,48.58429699963065,49.30683117790713,48.0610799727884,48.92314147949219,3421400
2024-10-03,48.45972080205628,49.43638926895428,48.31022914007223,48.84341049194336,5250000
2024-10-04,50.00444793701172,50.07919376267527,48.972966187700465,50.00444793701172,6669600
2024-10-07,49.61079052313488,49.790178985432114,48.64409025601164,48.87828826904297,4444200
2024-10-08,49.40150675584609,50.48281782971441,49.2569991678309,50.33831024169922,3400000
2024-10-09,50.273534333715524,51.24023846629118,50.06424904781694,51.120643615722656,4126400
2024-10-10,50.63729151984779,51.37975810272915,50.36820882902428,51.011016845703125,4275200
2024-10-11,50.58746055325744,51.334911236266,50.467869508460694,51.11566162109375,4889400
2024-10-14,51.63389570407214,52.26175155457603,51.51928492402285,51.972740173339844,9945800
2024-10-15,52.04250011160703,52.17703956007938,50.129024410492164,50.57749557495117,10941800
2024-10-16,50.632310322969616,50.74691730043014,49.909776172691515,50.592445373535156,9462600
2024-10-17,51.71861048844492,51.72857482590233,50.647263629540916,50.67218017578125,3931800
2024-10-18,51.205359409206274,51.51928734923603,51.05088367215234,51.290069580078125,2761800
2024-10-21,51.0309502759093,51.643857692832384,50.617359995127615,51.48440170288086,4592800
2024-10-22,50.91136335485121,51.88803192050744,50.74692327038718,51.584068298339844,3890600
2024-10-23,51.07580100467384,51.205360198536255,49.30185244974839,49.989505767822266,4582600
2024-10-24,50.73695376445682,50.92630657466183,50.208756482174344,50.79176712036133,3311600
2024-10-25,51.35483864570869,52.401272540098546,51.205350804888994,51.37477111816406,6929000
2024-10-28,52.03752247030451,52.03752247030451,51.3349169255778,51.39471435546875,3535600
2024-10-29,51.4445389430482,52.61554427547327,51.06583332688754,52.36639404296875,4629000
2024-10-30,52.19198431405728,52.39628930869124,51.479414569747135,51.574092864990234,4261200
2024-10-31,50.731969087028965,50.731969087028965,48.953036580383035,48.97296905517578,8799200
2024-11-01,49.25201370651852,50.33332855155041,49.207168491711215,49.6556396484375,5359200
2024-11-04,49.531071317801285,50.04930430298039,49.00785426305119,49.34669876098633,4660600
2024-11-05,49.68554005102534,50.74691869724933,49.660627308241196,50.60739517211914,4177600
2024-11-06,52.33151538115783,53.51747297126746,52.12223008939648,53.35801696777344,9537200
2024-11-07,53.94102908723151,55.19176440584048,53.931064750000175,55.037288665771484,5141600
2024-11-08,54.8678638687641,55.2764700932546,54.76322122853576,55.112030029296875,3458600
2024-11-11,55.35619475826967,55.41100811150473,54.42437535673516,55.042266845703125,5074800
2024-11-12,55.02233530703836,55.21667218027344,54.19017445993112,54.847930908203125,4291400
2024-11-13,54.72834325375396,55.27148895830539,54.21509436178892,54.69346237182617,3293600
2024-11-14,54.60875257954339,54.79312514197648,53.73672666287531,53.906150817871094,3939000
2024-11-15,52.6803241287042,52.7500858874948,50.88145920189508,51.30002975463867,7093800
2024-11-18,51.63887771496979,52.47104241138367,51.35484659156235,52.032535552978516,4297800
2024-11-19,51.464474311124434,52.839784736352236,51.41464502216836,52.72517395019531,4783200
2024-11-20,52.660396575927734,52.72517427179263,51.27512180515165,52.660396575927734,5953400
2024-11-21,53.29821694162184,53.43276019528644,51.49935197026044,53.04408264160156,5367000
2024-11-22,52.88961182779972,53.32313460734037,52.56073549296925,53.178627014160156,3869800
2024-11-25,54.04068865477148,54.36458474581436,52.85473481253621,53.34307098388672,4661800
2024-11-26,53.64702689342613,54.07058150469719,53.47261869902279,53.90115737915039,3162600
2024-11-27,53.65200981331671,53.65200981331671,52.32154849263371,53.04408264160156,3628200
2024-11-29,53.12381675984228,54.06062033387664,53.01419004125431,53.92109680175781,2598400
2024-12-02,54.200137906104466,55.31633364377955,54.13037614771611,55.09708023071289,5273000
2024-12-03,54.7981002256004,55.48575346707017,54.703421925048296,55.44588851928711,3279200
2024-12-04,56.16843167133112,56.84113657045194,56.02392407346011,56.79629135131836,4539200
2024-12-05,56.79129701136897,56.955737055248846,56.39265517197477,56.48234939575195,2433600
2024-12-06,56.591988005070476,57.50886290799988,56.57703959824916,57.468997955322266,4528000
2024-12-09,57.22482334620028,57.40919588613374,56.29798798261084,56.54713821411133,4050400
2024-12-10,56.79130906465984,57.18994718692998,55.84952141598124,56.13355255126953,4187600
2024-12-11,57.08529248114537,58.306130739482484,57.01553072943815,58.156639099121094,3927200
2024-12-12,57.658343774084244,57.93241053828754,57.29956684702927,57.39424514770508,3539800
2024-12-13,58.23139155964322,58.81440218042089,57.5537026357248,58.241355895996094,3579000
2024-12-16,58.80443942240292,60.13490076247155,58.78450694743141,59.920631408691406,4078600
2024-12-17,59.507038399835494,59.75120835583058,59.01870609130673,59.387447357177734,4227000
2024-12-18,59.21802922151934,59.60172273306776,54.7632253648051,55.10206985473633,9103000
2024-12-19,56.07873170624469,56.19832274678951,54.50908456738766,54.56888198852539,9644600
2024-12-20,53.75665473851395,56.811239132474114,53.51248856632364,55.535587310791016,9987600
2024-12-23,55.855168514448664,56.6479020724157,55.13223872089349,56.578102111816406,4810400
2024-12-24,56.981946874462054,58.103736877441406,56.847329943969434,58.103736877441406,2841800
2024-12-26,57.71983883013643,58.36299895015036,57.276108823925846,57.99904251098633,3195600
2024-12-27,57.19134640974653,57.27111996863032,55.406452969754426,56.41856002807617,6193600
2024-12-30,54.88794311291181,55.725546566881825,54.105183036580144,54.90788650512695,6596400
2024-12-31,55.17711341621448,55.33665674093304,53.76614987972085,53.965579986572266,6637600
2025-01-02,54.61372102521554,55.09235094803509,52.79891447476174,53.726261138916016,8256800
2025-01-03,54.37940019854732,55.69563366086781,54.20490027055278,55.48124694824219,6843400
2025-01-06,56.62796407502536,57.46058068703299,56.20916046774018,56.74263381958008,5248000
2025-01-07,56.98693619892817,57.03679277384137,54.29962611030929,54.698482513427734,6579800
2025-01-08,54.68851074207352,55.06244074611801,53.721277247725034,54.70845413208008,6203000
2025-01-10,53.89577728196566,53.89577728196566,52.27541392730454,52.96344757080078,24778400
2025-01-13,51.68211860304738,52.70917855272927,51.39792812365183,52.63439178466797,4882000
2025-01-14,53.282540658183066,53.55675374605372,51.781833658247606,52.50975036621094,5988800
2025-01-15,54.15503703096956,55.15218370122544,53.83595040079269,54.88295364379883,6318000
2025-01-16,55.39648447512028,55.406454268308096,54.125120928254724,54.15005111694336,4321600
2025-01-17,56.209157207157176,56.29391756573514,55.34164066184979,55.93494415283203,5983600
2025-01-21,56.52326285980241,56.83736270538057,55.57098592197859,56.5382194519043,6641400
2025-01-22,57.59020953158422,58.51755627990033,57.54533595147197,58.01399612426758,20804400
2025-01-23,57.46556895228291,58.27325539496637,57.34092560704776,58.268272399902344,4767200
2025-01-24,58.313141816327814,58.48265874277798,57.251181890890024,57.580238342285156,4596000
2025-01-27,53.51188048609311,55.02255718212042,53.322420171863335,54.174983978271484,12186000
2025-01-28,54.41429305992124,56.044629982992184,53.686376452866114,55.80531311035156,5140200
2025-01-29,55.934945945858196,55.93992894066574,54.74335593104882,55.58095932006836,3849000
2025-01-30,56.1991923041152,56.687792089004695,55.017572017794784,56.04463577270508,5598400
2025-01-31,56.86727651051314,57.819553458734795,55.625829902934285,55.8452033996582,5608600
2025-02-03,53.970560153479354,55.53608002360323,53.437086870396534,54.95773696899414,6997800
2025-02-04,55.037506934228446,56.418557121712254,54.972693773833655,56.29889678955078,3644400
2025-02-05,55.715571655021975,56.83237488979556,55.45631518766504,56.7924919128418,3631400
2025-02-06,56.89220159619639,57.42068809582332,56.55317158795339,57.3658447265625,3693400
2025-02-07,57.480524822389576,57.889354837468076,55.74548780485339,55.91500473022461,4503400
2025-02-10,56.822409295312745,57.47553921242248,56.717709340923534,57.231239318847656,2721000
2025-02-11,56.523262433697525,57.3758224113936,56.50331904310774,56.962005615234375,2220400
2025-02-12,55.725544326309624,57.21628145299414,55.6657179558828,57.02682113647461,4213400
2025-02-13,57.39078204648416,58.71698525861691,57.21129532547176,58.65217208862305,5266000
2025-02-14,58.62723653417835,59.2604267986549,58.572396966932025,59.10088348388672,6285600
2025-02-18,59.459858706304296,59.50971528047486,58.63721191914529,59.36014175415039,6538600
2025-02-19,59.18564351995563,59.66427349242031,58.731943737189155,59.39006042480469,2730400
2025-02-20,59.20558527945582,59.28535884124144,57.82952176915626,58.861568450927734,4167600
2025-02-21,59.100885255161955,59.100885255161955,56.32881865155535,56.40858840942383,5246200
2025-02-24,56.782518477921755,57.01186176226521,54.987655180241816,55.0474853515625,6613400
2025-02-25,54.91785846776975,54.932815060532434,52.84877818377446,53.65148162841797,7208600
2025-02-26,54.13011257162394,54.977685809520466,53.24763934872728,53.895782470703125,5547000
2025-02-27,54.668564932456306,54.84805163075866,50.87442168837392,50.924278259277344,20766000
2025-02-28,50.85946912403414,52.609458865310195,50.21630903816706,52.494789123535156,9041600
2025-03-03,53.17783624276359,53.496922887894506,49.47343603700321,50.2512092590332,9457800
2025-03-04,49.613044511284635,51.52756471171757,48.30179391823128,49.88227462768555,12562400
2025-03-05,49.99693239702669,51.492652371267916,49.00975934416253,51.18852233886719,10075400
2025-03-06,49.453496831025944,50.45562662765448,47.937833236490235,48.37158966064453,7609000
2025-03-07,48.107343100904444,49.32386333320357,46.81603990663031,49.039676666259766,8447400
2025-03-10,47.364469153279074,47.459199308805744,44.41789877275543,45.3253059387207,9306200
2025-03-11,45.11091988589202,46.3673230961089,44.12374294629718,44.996246337890625,9621800
2025-03-12,46.43213582619321,46.79110925538533,45.026159097732645,46.03327941894531,7135000
2025-03-13,45.85878317227106,45.868752966629486,43.964202723863266,44.34810256958008,7399200
2025-03-14,45.33527456310334,46.62159471037729,45.22558781823014,46.46205139160156,6040400
2025-03-17,46.43712039418833,47.683553739112455,46.098090372216454,47.06033706665039,33021400
2025-03-18,46.40222807450006,46.40222807450006,45.02118137396681,45.46989440917969,5057800
2025-03-19,45.86376264706044,47.48911287727141,45.494819423107785,46.62657928466797,6574800
2025-03-20,45.848806551810526,47.34452665864833,45.724163209574044,46.317466735839844,5467000
2025-03-21,45.31533626445376,46.74125650039761,45.100949549152745,46.64652633666992,6196000
2025-03-24,48.0774351004135,48.79538204329482,47.9478049459903,48.61090850830078,6242600
2025-03-25,48.775426567151385,49.20918290117906,48.59593987589428,49.18924331665039,4001000
2025-03-26,48.962836006347125,49.1174332723546,47.062771990598954,47.38194274902344,6238600
2025-03-27,46.968018112964636,47.79088179211925,46.56406844339347,46.81840515136719,6267400
2025-03-28,46.454347695017084,46.57902388109881,44.16529094005252,44.354801177978516,8245800
2025-03-31,43.003317793816315,44.49444412262185,42.11562002867607,44.32488250732422,31218600
2025-04-01,44.0057077774389,45.19262756344818,43.46710951825763,45.0180778503418,9454400
2025-04-02,43.76632865335326,46.3296706894688,43.72643136135714,45.67636489868164,8060800
2025-04-03,41.8812286859052,42.574428018890565,40.68932077301759,40.79405212402344,10364800
2025-04-04,38.490034853667716,38.87902397108473,35.782067761477556,35.811988830566406,21589800
2025-04-07,33.26859276171429,39.14832210517061,32.27617139407797,35.91671371459961,24840600
2025-04-08,38.345411485439556,39.14832651191634,33.50797648296341,34.5801887512207,23193200
2025-04-09,34.475457942017215,43.137960805242834,34.46049740831185,42.70408630371094,37896400
2025-04-10,40.57461950560127,40.92371131505236,36.719630043559704,39.21315383911133,17448400
2025-04-11,38.95881686715953,40.85888076796466,38.340420230907945,40.59955596923828,9625800
2025-04-14,42.41982795575118,42.51458308280222,40.30532072466457,41.16309356689453,11640800
2025-04-15,41.35259815023541,42.04081316017834,40.92371174847299,41.25784683227539,6603000
2025-04-16,39.61710962803576,40.27539979686345,37.60234182530483,38.7792854309082,16537400
2025-04-17,39.24307815709632,39.35279381131984,38.250652961031065,38.71943664550781,8891600
2025-04-21,37.6871208552388,37.84171812270911,35.891784370909434,36.82435989379883,9018800
2025-04-22,37.76192746488785,39.24308130612887,37.557456673824525,38.7044792175293,9504400
2025-04-23,41.12818628956553,41.99593159361912,40.175658276151765,40.425010681152344,11145200
2025-04-24,40.799036434105176,42.7888712262562,40.694308887910196,42.724037170410156,8749200
2025-04-25,42.64922965651877,43.77131537323924,42.35998378564608,43.666587829589844,6968200
2025-04-28,43.74638784013446,44.080519159593955,42.45972847899736,43.646644592285156,4880400
2025-04-29,43.197812118379645,44.35979143688297,43.12799374919287,44.185245513916016,4523200
2025-04-30,42.64923087495503,44.50441325503696,41.76153698024853,44.175270080566406,6723800
2025-05-01,45.64644684374317,46.394503996357294,45.16270260961557,45.2574577331543,22707800
2025-05-02,46.22494736970881,47.047807214529136,45.91574903574667,46.64884567260742,5397000
2025-05-05,45.84593261785705,46.68375683773505,45.74120506597426,46.10027313232422,3589600
2025-05-06,44.87843954531271,45.920734454989926,44.61911474851752,45.25246810913086,5648800
2025-05-07,45.347222805920076,46.03543398718343,44.34981331172173,45.59158706665039,9409200
2025-05-08,46.54910296355573,47.33705743968544,45.746191757411324,46.49923324584961,6169200
2025-05-09,46.85830390478327,47.10266819849261,46.100274261008764,46.4194450378418,4620200
2025-05-12,50.035049623495496,50.21458364198142,48.98777038553787,50.199623107910156,9100400
2025-05-13,50.4589508981942,52.07475335544956,50.31931416550511,51.71070098876953,7795200
2025-05-14,51.94010101809976,52.438805773329115,51.74560646794554,52.3290901184082,6100800
2025-05-15,51.88025921178928,52.967435817012955,51.635894927603154,52.44379806518555,5064800
2025-05-16,52.71309749274088,52.91756829347076,51.99496514547332,52.89263153076172,5194200
2025-05-19,51.406493048831,53.072165298316435,51.39153251320814,52.967437744140625,6118800
2025-05-20,52.44379601656893,52.73304189469187,51.8702847637953,52.588417053222656,4190800
2025-05-21,51.78052223888444,53.15196049031229,50.763163952156425,51.12721633911133,7939800
2025-05-22,51.23194397002086,52.04483139559847,50.9825915788211,51.31672286987305,4672800
2025-05-23,49.725851567411134,50.84793728653634,49.61115160237495,50.33926010131836,7199600
2025-05-27,51.68575932020494,52.772935813401084,51.39152534780429,52.67818069458008,4745400
2025-05-28,52.88265692235659,53.17689092511722,52.11963919471968,52.22935485839844,3210600
2025-05-29,53.70052865416162,53.73044972219016,51.90020416801462,52.41885757446289,4067400
2025-05-30,52.29418511201969,52.52857697445783,50.77812207852775,52.22935485839844,5291800
2025-06-02,51.840360584475505,53.08712253989642,51.595996306561354,53.032264709472656,3449800
2025-06-03,53.1020861747314,54.15434975071261,52.93252457254019,53.87507629394531,3973600
2025-06-04,53.99476490321621,54.37378160169261,53.60577578325,54.15435028076172,3940400
2025-06-05,54.43861485248377,55.01711041071809,52.89262701217542,53.30655288696289,7350400
2025-06-06,54.37378248911251,54.722878124001475,54.00973012415249,54.333885192871094,4288600
2025-06-09,54.37876626426429,54.83258560715612,54.15933495725732,54.48349380493164,3214000
2025-06-10,54.57325979949006,55.346253667695144,54.119436660202055,55.21160125732422,4771600
2025-06-11,55.48589251573544,55.7302567821388,54.34884627472267,54.82760238647461,8108000
2025-06-12,54.538355621390586,55.27145226450634,54.493470212212294,55.07695770263672,5104200
2025-06-13,53.820223804097175,54.6829848255183,53.41128599976509,53.665626525878906,7400600
2025-06-16,54.368790774954164,55.37118839893974,54.363806466865796,55.14178466796875,5108000
2025-06-17,54.60318651841604,54.942305928595324,53.835180683456606,54.044639587402344,4457800
2025-06-18,54.249106659094146,54.74781145103995,53.70552026218471,54.01970291137695,4966400
2025-06-20,54.66801931696945,54.93732035456817,53.166916864819605,53.53595733642578,5328800
2025-06-23,53.66063561368547,54.74781222774366,53.022294079709226,54.65305709838867,6551600
2025-06-24,55.72028977210167,56.50325616706587,55.600597878928845,56.30876159667969,5531600
2025-06-25,56.780050949945,57.03466726250639,56.225879760725654,56.58034896850586,5296800
2025-06-26,57.04964435964953,57.73861600655479,56.665221187027264,57.64875030517578,5577800
2025-06-27,57.84845158282828,58.417599748300965,57.26432262647606,58.02818298339844,6156000
2025-06-30,58.66722930927968,59.00172795194623,58.20791359014203,58.7670783996582,6690400
2025-07-01,58.337722783542695,58.54740816710694,57.26432787863223,57.743614196777344,6996800
2025-07-02,57.568865630981996,58.5973294621963,57.56387584316422,58.55738830566406,5045200
2025-07-03,59.03667751355161,59.87542285172777,59.016706932999945,59.6557502746582,4315000
2025-07-07,59.06662580464407,59.25135080024917,58.237867740871806,58.762081146240234,6357800
2025-07-08,59.03168063299263,59.1614874948596,58.562385347625,58.8070182800293,3404600
2025-07-09,59.24635974224294,59.925344208863116,58.971772844520636,59.63577651977539,4030600
2025-07-10,59.7506048441909,59.840470545051254,58.87191841455617,59.44606018066406,3561200
2025-07-11,58.956795798031074,59.49100026303808,58.69219226874647,59.16149139404297,3797200
2025-07-14,59.10157812064572,59.730638066703925,58.59733525333594,59.56588363647461,3245800
2025-07-15,60.43956957883728,60.524445487351926,59.655742487248624,59.660736083984375,5046400
2025-07-16,59.77556943515537,59.920349467936994,58.55739077259057,59.79054641723633,5898400
2025-07-17,59.93533007662717,60.853953858783285,59.76058846221839,60.74911117553711,5011800
2025-07-18,61.00872607735166,61.04866723871331,60.324751781777806,60.5943489074707,6542200
2025-07-21,60.77906536925349,61.62779784145079,60.76408838716151,61.21841049194336,4801200
2025-07-22,61.233389044526355,61.24836602700245,59.99523977018815,60.57437515258789,7200800
2025-07-23,60.79903533160264,61.11855697631836,60.20492298799132,61.11855697631836,7623800
2025-07-24,61.403130057867436,61.63777959509368,60.99873631609359,61.388153076171875,5132600
2025-07-25,61.333238533346794,61.9223573049031,61.193448283994215,61.632789611816406,4364600
2025-07-28,61.91736267321915,62.20693036146785,61.752612058662564,62.02220916748047,4544200
2025-07-29,62.57637868616028,62.87093998153198,61.652761257822895,61.837486267089844,5170400
2025-07-30,61.99724245412274,62.52145966798503,61.33822859586642,61.98226547241211,5327400
2025-07-31,63.37019532647105,63.39515950475194,61.05366127676036,61.29330062866211,8180400
2025-08-01,59.93533384304606,59.97028140632427,58.31276133127429,58.846961975097656,9479800
2025-08-04,59.94531653463721,61.05365897005462,59.92534595456678,61.008724212646484,6182400
2025-08-05,61.28331529917374,61.537935435368155,60.06014678217872,60.16498947143555,4372200
2025-08-06,60.34472191919238,61.77757583927733,60.25485621128819,61.67772674560547,5789200
2025-08-07,62.61631930508496,62.97578212595718,61.198442410531925,62.092105865478516,6093400
2025-08-08,62.31676655586007,63.26534812799161,62.25685481765227,63.215423583984375,5211800
2025-08-11,63.23539584893618,63.704691145911525,62.546424172676716,62.80603790283203,6339000
2025-08-12,63.32525987765579,64.4735435040915,62.75611166183949,64.40364837646484,7203600
2025-08-13,64.99775915859094,65.11258523298798,64.14903045331332,64.45357513427734,5422200
2025-08-14,63.98926187980325,64.78806979920566,63.91437697023292,64.33873748779297,5745800
2025-08-15,64.30878764973491,64.30878764973491,63.37019323591897,63.734649658203125,5608600
2025-08-18,63.53494513716212,63.82950261264353,63.28531860851744,63.694705963134766,3912000
2025-08-19,63.51996689174982,63.5349438737309,61.72265287405001,61.94731903076172,6192400
2025-08-20,61.72764773226871,61.73763492645914,59.67072376387303,61.19344711303711,8544600
2025-08-21,60.84397416134405,61.313269465888894,60.130042105399546,60.63428497314453,4594800
2025-08-22,60.90387653455591,62.91087586372848,60.59933187917897,62.476524353027344,10276000
2025-08-25,62.117065910848055,62.75111944131343,61.85246239380292,62.102088928222656,4631400
2025-08-26,61.982268516129196,62.65625938919331,61.76758954673855,62.601341247558594,4834000
2025-08-27,62.36170392448555,62.9707894812898,62.08711320744366,62.77608108520508,7315600
2025-08-28,62.8958991860982,63.73963422728692,62.53643639053923,63.53993225097656,10720800
2025-08-29,62.98077041304876,63.04567193562357,61.627795160616984,62.0172119140625,7505400
2025-09-02,60.05514969992364,61.04866220056059,59.64576235224923,60.98875427246094,10894000
2025-09-03,61.75261540434944,62.286816053820296,61.21841475487858,61.91736602783203,9083400
2025-09-04,62.06714162315509,63.11557231026609,61.70268520543148,63.045677185058594,6589400
2025-09-05,64.16400612689712,64.30379637583177,62.20193761764049,63.18546676635742,7853800
2025-09-08,63.69470245081992,64.2338966371193,63.57487898119894,63.80453872680664,6027000
2025-09-09,63.96430376832454,64.25387147611154,63.39515935663789,64.14903259277344,6153600
2025-09-10,64.85796977536972,64.86295956371559,63.719669547719995,64.18897247314453,7311200
2025-09-11,64.73814578425984,65.11258559318877,64.38867015285899,64.91787719726562,7643600
2025-09-12,65.112582923088,65.73664924571152,64.90289755284614,65.47703552246094,6465400
2025-09-15,65.85646763012285,66.59535996593888,65.83150345554871,66.59037017822266,5914200
2025-09-16,66.77509616717523,66.83500409607083,66.3008072880919,66.44059753417969,4658000
2025-09-17,66.43560923460089,66.56541228944863,64.91288585774537,66.15602111816406,7769800
2025-09-18,67.26936750157505,67.98828558852694,66.83501211100234,67.37920379638672,4336200
2025-09-19,67.78359226591975,68.40266120468125,67.45907319570044,68.25788116455078,4208800
2025-09-22,68.0282188567119,69.19147939457707,68.01823928052211,69.05168914794922,5058400
2025-09-23,69.06168346906074,69.10661442054274,67.8435046644516,68.11809539794922,4513000
2025-09-24,68.41822612545822,68.4831509683026,67.00491440857822,67.64414978027344,5326600
2025-09-25,66.73524427888177,67.39445246352477,65.8962430380876,67.03488159179688,5032000
2025-09-26,67.18969147805322,67.62916865603704,66.45057700440596,67.57423400878906,3117400
2025-09-29,68.2634178237408,68.91763473129187,67.88886546107072,68.17852020263672,4276000
2025-09-30,68.08862515923614,68.6080087141696,67.55925902768713,68.51811218261719,3456600
2025-10-01,67.788982322281,69.30217316782456,67.6141881819853,69.17732238769531,4213600
2025-10-02,70.0412924180187,70.0462837062602,69.09242947259187,69.73665618896484,3962800
2025-10-03,69.88648198443933,70.0712587219021,68.70789017894285,69.10741424560547,3938800
2025-10-06,70.31596514802581,70.5307048451054,69.75163714919945,70.15116119384766,3741600
2025-10-07,70.44580623869547,70.59063741774499,69.05746610868229,69.39706420898438,3275600
2025-10-08,69.59183269745054,71.05508028386438,69.5768512124235,70.97517395019531,2534200
2025-10-09,70.99015585912106,71.0001460559612,70.0512831039091,70.79039764404297,2289400
2025-10-10,70.92023479649042,71.3247577274042,65.74142684636409,65.82632446289062,9907600
2025-10-13,68.10360658618899,68.83772984204121,67.5742404550928,68.63297271728516,7482400
2025-10-14,67.08981002779495,68.76780473366634,65.89623693423343,67.71906280517578,8362200
2025-10-15,69.05746678670629,69.66174794950801,67.22465814556853,68.63796997070312,6604600
2025-10-16,69.2921807037946,70.01631368078594,67.11478286479543,68.12857055664062,8831200
2025-10-17,67.63416720336524,69.35211531593028,67.284586510759,68.99754333496094,7761200
2025-10-20,69.74164832492279,71.0051377115317,69.70669406623267,70.7204818725586,4817000
2025-10-21,70.73546901966388,70.98517061993385,70.20610284633766,70.68053436279297,4708600
2025-10-22,70.5307055993532,70.665546585175,67.97875516697813,69.27720642089844,7780600
2025-10-23,69.15235702939866,70.63558504255118,69.07245069394219,70.46578979492188,5162600
2025-10-24,71.67434679686119,72.23367592207285,71.47957986074015,71.90406799316406,7029000
2025-10-27,73.67694060321651,74.59084921384488,73.54209962911415,74.4809799194336,4927400
2025-10-28,75.02034398730953,76.02414160473793,74.74567072275323,75.60464477539062,5344800
2025-10-29,76.24387225343973,76.5734801364829,74.96041021715844,76.29381561279297,7443000
2025-10-30,75.40987564679794,75.71950316129286,73.90667490866521,73.93663787841797,7706000
2025-10-31,75.82438015894881,75.83936164362429,74.06148767278613,74.6507797241211,5028400
2025-11-03,76.0491164486137,76.21392041419888,74.79061828796465,75.31999206542969,4294200
2025-11-04,73.207507738204,74.07647198397498,72.0688691376972,72.23367309570312,7876600
2025-11-05,72.07386529673015,73.96160856872712,71.75923887796824,73.18253326416016,5082000
2025-11-06,72.82296443834376,72.8729001766783,70.1361732946013,70.44580078125,7409600
2025-11-07,69.65175680573572,70.0163189656178,67.41942415196974,69.97137451171875,9751200
2025-11-10,72.04889597476372,73.29240496528026,71.59443727062347,73.03771209716797,6672200
2025-11-11,72.42843949152746,72.92285136190905,71.69931514723787,72.64817810058594,4370800
2025-11-12,73.41725903119203,73.41725903119203,71.76423571827306,72.52333068847656,5287600
2025-11-13,71.68432143606961,71.80418092975162,69.02250947726178,69.54188537597656,8550000
2025-11-14,67.49932806668463,70.65056055978421,66.95997177834637,69.61180114746094,9982000
2025-11-17,69.02250928380595,70.44081233044318,67.56424545243308,68.41822814941406,8383600
2025-11-18,67.48435046171564,68.11359569080368,65.64155160903745,66.75521850585938,9274400
2025-11-19,66.91503049107054,68.93760714264619,66.35569378395613,67.51431274414062,6362400
2025-11-20,70.1861122750957,70.70549579571627,64.13334880059745,64.33311462402344,7790000
2025-11-21,64.68270014716643,66.78019191879021,63.22444000779302,65.281982421875,10246000
2025-11-24,66.39065259167657,68.93760395450815,66.38066239550602,68.64795684814453,6323800
2025-11-25,68.20847999232154,69.73665234152148,66.8101497128235,69.4270248413086,6988000
2025-11-26,70.26602946396841,71.07506783837702,69.76662625865194,70.65556335449219,5542200
2025-11-28,71.02511236150454,71.74425407380843,70.88528009747732,71.72427368164062,4196700
2025-12-01,70.46578349135105,71.7941900031152,70.1861113422717,71.26482391357422,3899600
2025-12-02,71.77422664772389,72.76304282433719,71.3547297994986,72.38349914550781,4059600
2025-12-03,71.80418256879386,72.8729049792544,71.43462150338708,72.70310974121094,3311300
2025-12-04,73.02272284724799,73.05268581439425,71.79418785224446,72.53330993652344,3357200
2025-12-05,72.86290930596095,73.92164906068687,72.70310427636944,73.1325912475586,3703900
2025-12-08,73.50214746414652,73.89168890798797,72.22367669757897,72.80298614501953,2875400
2025-12-09,72.5133303474102,73.18252868870508,72.20370285642325,73.01273345947266,2782400
2025-12-10,72.70311067558451,73.95161853657417,72.03391229096299,73.57207489013672,4132600
2025-12-11,72.69311970248667,73.13259690335232,71.25483622349883,73.09264373779297,5511400
2025-12-12,72.26362989655462,72.58324758835124,69.74664152619208,70.25602722167969,8015500
2025-12-15,71.36470986125272,71.36470986125272,69.27720827083712,69.54688262939453,5727600
2025-12-16,69.01751078475341,70.21608286445922,68.7178734800422,69.81655883789062,6377200
2025-12-17,70.09623178754038,70.21609129598974,67.17971899786333,67.19969177246094,9929200
2025-12-18,69.29717326553381,69.99634219639982,68.6679280860125,69.15734100341797,5479100
2025-12-19,69.77661269900753,71.04509341927756,69.75663230450942,70.96519470214844,5733500
2025-12-22,72.10382565625052,72.15376139659931,71.25483424716468,71.58444213867188,4336300
2025-12-23,71.3447380227622,72.31358140337477,71.2548414885394,72.27362823486328,4157400
2025-12-24,72.19669321375817,72.7362210200261,72.14673397101272,72.6662826538086,2534000
2025-12-26,72.78617461201777,72.98600396570322,72.43648277145628,72.61632537841797,2707500
2025-12-29,71.71711478437861,72.33657436782009,71.40738880401321,71.89695739746094,4585500
2025-12-30,71.64716732594137,72.186695096753,71.5072906026987,71.54725646972656,2467300
2025-12-31,71.58723155386346,71.64717655076853,70.28836738770845,70.34832000732422,3960500
2026-01-02,71.64717189062932,72.25663806189178,69.37916405694709,70.03858184814453,7355500
2026-01-05,71.44734495007259,71.79703675493215,70.87784468995571,71.13761138916016,5097800
2026-01-06,71.4273635165398,72.52639825183813,71.27749341111043,72.39651489257812,4801600
2026-01-07,72.2866177159951,73.42561843215215,72.18670684352205,72.52640533447266,4126600
2026-01-08,72.30659329908079,72.3665382887662,71.0776676515617,71.6871337890625,4344600
2026-01-09,71.86698112272862,73.36566694542749,71.33744668500866,73.07592010498047,4090000
2026-01-12,72.06680231057176,73.57548149515479,72.05681656017991,73.20580291748047,3879200
2026-01-13,73.19581826480659,73.71535933325238,72.38652273102691,72.94603729248047,4804900
2026-01-14,72.0168552510511,72.29660873394303,70.23841586177181,71.4273681640625,5370100
2026-01-15,73.05594252350237,73.1558533892493,71.66716090830192,71.8769760131836,4026000
2026-01-16,72.73621684481562,72.85610682418641,71.19756525364227,71.6871337890625,4071300
2026-01-20,69.24927827082013,70.2883680895779,68.44998368749853,68.66979217529297,7404900
2026-01-21,68.97950946015527,71.45733226549147,68.62981764763322,70.47819519042969,9095800
2026-01-22,71.90694165026764,71.91693502270203,70.86785197567227,71.54725646972656,4275600
2026-01-23,71.25751366678374,72.58635023519028,71.02771182409961,71.98687744140625,4766500
2026-01-26,72.06680194039414,73.07591918263343,71.83700771919848,72.59634399414062,3777100
2026-01-27,73.37566156336207,74.1050177407307,73.00598297664936,73.89520263671875,3335500
2026-01-28,74.90431939431642,75.15410036728788,74.03507886419999,74.29485321044922,4422900
2026-01-29,74.22491129372203,74.45470550914995,70.84787544480288,73.45558166503906,6630900
2026-01-30,72.52640499534951,73.13587122410966,71.07767829448673,71.64717864990234,6850500
2026-02-02,70.92780162604187,73.16584459042221,70.91781587566095,72.6662826538086,4547900
2026-02-03,73.12588127655454,73.22579214282716,69.10939889708528,70.39826965332031,4970500
2026-02-04,70.04857953583205,70.06855866049462,66.73148838396726,67.92044830322266,10802600
2026-02-05,66.66155181433717,67.71062739845104,65.45261273776165,65.98214721679688,12348100
2026-02-06,66.63157759146435,69.10940067883347,66.33183736220825,68.729736328125,11017200
2026-02-09,68.2401708760935,70.24840458733583,67.68065626390732,69.76882934570312,6467000
2026-02-10,69.97863184315233,70.3682895152043,69.00948053784525,69.119384765625,3960700
2026-02-11,70.21842749595132,70.45821510108782,68.26014553813039,69.45909118652344,4081200
2026-02-12,69.81877665341666,70.05857188211489,66.40177468292778,66.63157653808594,6782700
2026-02-13,66.56164128552504,67.89047036557598,65.68240731788187,66.86137390136719,4856000
2026-02-17,66.09205011134442,67.32096828800461,64.96303518136456,66.71150207519531,4688200
2026-02-18,66.90133452548463,68.59984970616513,66.62158105689757,67.69064331054688,3790900
2026-02-19,67.04121456739911,67.71062577493215,66.58161847165802,67.18109130859375,3421200
2026-02-20,66.41177071711431,68.68977212203684,66.21194135186005,68.34008026123047,3453200
2026-02-23,67.85050031819733,68.14023950965621,66.151985299559,66.69151306152344,4681200
2026-02-24,66.89134592490035,68.34008023732116,66.30186644870595,68.0703125,3174600
2026-02-25,68.7996756572774,70.08854646470128,68.7996756572774,70.01860809326172,2925400
2026-02-26,69.79878936878946,69.82876186319497,67.17109651554011,68.38003540039062,3747000
2026-02-27,66.9213254801914,68.13026454415676,66.76146198939723,67.93043518066406,3752000
2026-03-02,66.00212621228486,68.47995698159477,65.8122978437483,68.0703125,4495300
2026-03-03,65.42263639899629,67.12114398180745,64.43349824854103,66.62158203125,6669400
2026-03-04,67.17110486405709,69.09941434514317,67.01124137707909,68.58985900878906,5079700
2026-03-05,67.87048261652768,69.06942817297798,66.71149530561046,68.2001953125,5983400
2026-03-06,66.25190904269994,67.52080077306945,65.82228542400404,66.13201904296875,6292600
2026-03-09,64.88310630683337,68.21018298784213,64.2436676423163,67.88047790527344,6123900
2026-03-10,67.90046126635347,69.0894211805397,67.36093343023646,67.85050964355469,5540600
2026-03-11,68.13026198587009,68.87960491973067,67.26102143841605,67.84051513671875,5077500
2026-03-12,66.72149044910967,67.0312164078255,65.45260649523594,65.52254486083984,5388300
2026-03-13,66.01211991035923,66.87136712809392,64.45348896782231,64.7032699584961,5815100
2026-03-16,66.06208066888854,66.90134115785109,65.86225129815145,66.13201904296875,3004600
2026-03-17,66.73149024333058,67.35094984307972,66.47171587921503,66.79143524169922,3213900
2026-03-18,66.37179590736982,66.73148109368647,64.84313767687895,64.8930892944336,4568200
2026-03-19,63.72412203014558,65.09292453682055,63.2045771373818,64.47346496582031,5470700
2026-03-20,64.03384727638746,64.0638273965505,61.316232852287754,62.07556915283203,7178100
2026-03-23,64.02386157339181,65.00299873022112,63.064699729287064,63.52429962158203,19902000
2026-03-24,62.78494287231389,63.464347395069275,62.18547008699091,62.58511734008789,5354100
2026-03-25,63.71736203307924,64.19704059979048,62.97785900562096,63.3875846862793,3108400
2026-03-26,62.28832222614468,62.71803118119388,60.319638330487905,60.389591217041016,5020800
2026-03-27,59.73003192394615,59.77999772623705,57.791330585176325,58.01118087768555,7692800
2026-03-30,58.98053339656102,59.130430803289904,56.56214968410885,57.12177658081055,8459000
2026-03-31,58.330967049609406,61.259008070408434,58.310979966105236,60.95920944213867,9515200
2026-04-01,61.85860985691658,63.177726886328,61.658742831701964,62.44821548461914,6712200
2026-04-02,60.21970066169887,62.7679984502901,59.77999627520696,62.558135986328125,5847700
2026-04-06,62.8179660593232,63.767331555715415,62.49818034864423,63.30763626098633,5359900
2026-04-07,62.67806033271065,63.397576276185056,61.1290937685663,63.34761047363281,5676600
2026-04-08,67.6647246247894,67.90456201338904,66.2456759411597,67.03514862060547,5157600
2026-04-09,67.04513273216887,68.06445491978836,66.4055613151221,67.96452331542969,3493200
2026-04-10,68.32428148336106,68.73400333828188,67.82461584975995,68.14440155029297,4318400
2026-04-13,67.84460442333032,69.59343427762741,67.49483997732952,69.54346466064453,3796300
2026-04-14,70.18304359757671,72.06178377831361,70.18304359757671,72.05178833007812,14742700
2026-04-15,72.19168786821035,74.13039294649228,71.97183377179168,74.06044006347656,4557900
2026-04-16,74.50015191470193,75.18968533134768,73.57077349511673,74.74998474121094,3949400
2026-04-17,75.9491804590861,76.97849050068422,75.57942512526351,76.67869567871094,5542400
2026-04-20,76.48881785855373,76.64870690033625,75.19967957941998,76.218994140625,4289200
2026-04-21,76.56876936391033,76.998482141425,75.12972980678344,75.61940002441406,6332200
2026-04-22,76.97849113934967,78.18768113388117,76.59874797864909,78.12772369384766,4155900
2026-04-23,77.75796738631755,78.55743549015207,75.84924853424461,77.2483139038086,5395800
2026-04-24,78.88721423354,80.31625827888523,78.4375105798259,80.18634033203125,4817100
2026-04-27,80.00646330715291,80.27628703405985,79.38688276622706,80.23631286621094,3866600
2026-04-28,78.56743150198717,79.1070713323044,77.71799377645698,78.61739349365234,3800200
2026-04-29,78.84724316916748,79.59674166388524,78.37755622592414,79.58674621582031,5793000
2026-04-30,80.48614274201243,81.26561992571557,78.59740722018016,80.99580383300781,4916100
2026-05-01,81.36555045013495,82.99446530531893,81.26561884765378,82.54476165771484,4503300
2026-05-04,82.66468378403103,83.18433268917494,81.27561393019106,82.2249755859375,4732800
2026-05-05,83.45415599073354,84.63336718721523,83.36421221234221,84.33356475830078,3972100
2026-05-06,85.88253334055895,87.8811959167932,85.55275218565006,87.79125213623047,5090100
2026-05-07,88.02110434779148,89.21030343207765,86.83189763921243,87.60138702392578,7225600
2026-05-08,88.84055454282806,91.67865178947835,88.75061076074229,91.6586685180664,3645200
2026-05-11,91.45880017666383,92.54807529349434,91.09904791138833,92.19831085205078,3982000
2026-05-12,90.86919375710228,91.38884266893842,87.91117407795267,90.62935638427734,5528200
2026-05-13,91.31889000633262,93.04773648270408,90.00976846379162,92.48811340332031,3761500
2026-05-14,92.51809458360373,94.41682559898042,92.40816752947241,93.83721160888672,4528700
2026-05-15,91.26892626957299,92.57804778705399,90.09971051925976,90.96912384033203,6414500
2026-05-18,91.64867133186722,91.74860293561711,88.39084920443076,90.13967895507812,6049100
2026-05-19,88.6107049381953,90.3195605539368,87.46147241318755,89.07039642333984,4158100
2026-05-20,89.99977432274072,91.98844909667969,89.62003117397339,91.98844909667969,3884100
2026-05-21,90.89917344054018,92.97778435853388,90.35953362773647,92.31822204589844,3999800
2026-05-22,93.20762710611596,94.25692802206922,92.66799491285786,93.0377426147461,4042000
2026-05-26,95.23627784435864,96.58537360148081,94.77657872778744,96.33554077148438,4142400
2026-05-27,97.04506197108637,97.07504068983444,95.08637356185527,96.12567901611328,4035800
2026-05-28,96.18563824811503,97.99442547305912,95.33620816247075,97.724609375,3614200
2026-05-29,98.32420452468719,99.28356164340603,97.6146802272272,98.39415740966797,4821500
2026-06-01,98.09436673384954,100.34286221996328,97.77457338983656,99.5633773803711,4830700
2026-06-02,99.49342358568279,100.5327290713741,98.62401021852325,100.46277618408203,3891700
2026-06-03,100.78255842310901,101.12233502415475,99.09369373839581,99.9331283569336,4401500
2026-06-04,97.59469758586246,99.7132750442585,96.81521277410009,98.95378112792969,4130800
2026-06-05,96.11568464265311,96.51541868711108,89.2202971547045,89.4801254272461,8437900
2026-06-08,92.64800018040958,93.96711713836345,91.47878443628302,92.18830871582031,6023600
2026-06-09,93.95712407168847,94.65666054584355,84.54342519574894,90.05973815917969,10184800
2026-06-10,88.46080656403521,90.91916836152946,86.26228067316055,86.45215606689453,7232200
2026-06-11,87.85122099667751,92.59804482048402,86.7819291528356,92.11836242675781,6688400
2026-06-12,92.40816317384848,94.00709167090346,90.73928179330649,93.31755065917969,7289100
2026-06-15,97.62467648623974,99.3735062495862,97.47477526738008,99.11367797851562,4768600
2026-06-16,98.7039480675028,99.21360915973429,95.32621105516597,95.39616394042969,3520400
2026-06-17,96.7652542326493,96.89516456042647,93.04774047596095,93.4974365234375,5566100
2026-06-18,97.20494917179326,98.38416037407399,96.00575469882313,97.84452819824219,3727200
2026-06-22,98.66398600953232,99.57337355929181,96.65532789239224,97.61468505859375,3493600
2026-06-23,91.67865314302938,93.75726411802961,90.74927471064996,91.15900421142578,5692200
2026-06-24,91.58999633789062,92.73999786376953,88.80000305175781,90.37000274658203,4405200
2026-06-25,94.22000122070312,94.47000122070312,88.9800033569336,91.7699966430664,4754900
2026-06-26,89.38999938964844,91.5199966430664,88.30000305175781,89.12000274658203,4520400
2026-06-29,91.12000274658203,93.79000091552734,88.91000366210938,93.68000030517578,4209300
2026-06-30,93.69000244140625,97.16000366210938,93.63999938964844,96.76000213623047,3942000
2026-07-01,94.93000030517578,95.6500015258789,93.73999786376953,93.9000015258789,4558100
2026-07-02,93.97000122070312,95.29000091552734,89.30000305175781,90.61000061035156,6283700
2026-07-06,92.4000015258789,93.9800033569336,92.05000305175781,93.13999938964844,2936200
2026-07-07,90.91000366210938,91.4800033569336,88.54000091552734,89.69000244140625,4543600
2026-07-08,88.55999755859375,90.37999725341797,87.54000091552734,90.13999938964844,4867500
2026-07-09,91.9000015258789,93.41999816894531,91.12999725341797,93.13999938964844,2926500
2026-07-10,92.45999908447266,93.94000244140625,91.5199966430664,93.69999694824219,2857700
2026-07-13,91.66999816894531,91.94000244140625,89.69999694824219,90.12999725341797,5029600
2026-07-14,92.27999877929688,92.80000305175781,90.77999877929688,92.12999725341797,3908600
2026-07-15,93.16999816894531,93.30999755859375,89.7300033569336,91.61000061035156,4532900
2026-07-16,90.13999938964844,90.55999755859375,87.76000213623047,88.56999969482422,4334400
2026-07-17,84.9800033569336,87.6500015258789,83.7699966430664,85.91000366210938,5352100
2026-07-20,87.5999984741211,88.45999908447266,85.94999694824219,86.02999877929688,3420000
2026-07-21,88.66000366210938,89.5,87.73999786376953,89.2300033569336,2825000
2026-07-22,87.9000015258789,89.37000274658203,87.87000274658203,88.27999877929688,2507100
2026-07-23,85.63999938964844,86.62999725341797,83.9000015258789,85.0,5985900
2026-07-24,84.54000091552734,85.08000183105469,82.58999633789062,83.0,4115500
2026-07-27,84.81999969482422,84.94000244140625,80.98999786376953,82.4800033569336,4033400
2026-07-28,81.05000305175781,81.81999969482422,79.05000305175781,80.87000274658203,5230500
2026-07-29,80.87999725341797,81.94000244140625,77.44999694824219,77.58000183105469,8074300
2026-07-30,80.61000061035156,83.04000091552734,80.2699966430664,82.68000030517578,5777700
2026-07-31,84.69000244140625,85.58999633789062,81.79000091552734,83.66999816894531,7395200
2026-08-03,83.77999877929688,86.98999786376953,83.18000030517578,86.62000274658203,4177400
2026-08-04,88.62999725341797,92.94999694824219,88.47000122070312,92.45999908447266,5541100
2026-08-05,93.11000061035156,93.69000244140625,90.72000122070312,90.80000305175781,4812900
2026-08-06,89.13999938964844,91.30999755859375,88.58999633789062,90.12999725341797,4441300
2026-08-07,91.5,92.36000061035156,90.56999969482422,92.20999908447266,4855400
2026-08-10,92.02999877929688,92.62000274658203,91.51000213623047,91.62999725341797,3544000
2026-08-11,92.25,92.26000213623047,90.36000061035156,90.9800033569336,2804900
2026-08-12,93.1500015258789,93.2300033569336,92.13999938964844,92.31999969482422,3455100
2026-08-13,92.68000030517578,94.94000244140625,92.41999816894531,94.43000030517578,4060500
2026-08-14,94.76000213623047,95.0,93.44999694824219,94.1500015258789,2800200
2026-08-17,94.62999725341797,95.04000091552734,93.68000030517578,93.83999633789062,2850100
2026-08-18,91.33999633789062,91.80999755859375,90.23999786376953,90.6500015258789,3872600
2026-08-19,91.37000274658203,91.63999938964844,89.4000015258789,90.25,2973400
2026-08-20,89.26000213623047,89.94999694824219,88.36000061035156,88.94999694824219,3857100
2026-08-21,90.0,90.0999984741211,88.48999786376953,89.52999877929688,2571000
2026-08-24,88.56999969482422,88.61000061035156,86.83999633789062,87.72000122070312,3890200
2026-08-25,88.95999908447266,89.62999725341797,88.01000213623047,88.80000305175781,2925800
2026-08-26,88.23999786376953,89.37999725341797,88.12000274658203,88.93000030517578,3281500
2026-08-27,90.38999938964844,91.44999694824219,89.7699966430664,91.37999725341797,3731700
2026-08-28,91.0199966430664,92.13999938964844,89.83999633789062,90.16999816894531,3689800
