Date,Open,High,Low,Close,Volume
1999-03-10,43.079733803047546,43.10606615867288,42.36876020116351,43.027069091796875,5232000
1999-03-11,43.34304989386127,43.59320722921466,42.39508525462737,43.23772048950195,9688600
1999-03-12,43.07972916354252,43.10606151633197,41.8421085824383,42.18442916870117,8743600
1999-03-15,42.500398941410396,43.44836323006639,42.05274913843395,43.39569854736328,6369000
1999-03-16,43.58003969800745,43.948692601797234,43.106057393134854,43.764366149902344,4905800
1999-03-17,43.7643562039462,43.81702089251894,43.31670635107792,43.448368072509766,3965000
1999-03-18,43.39570071552653,44.317332708878126,43.382534544192936,44.29100036621094,4848400
1999-03-19,44.87032468468769,44.87032468468769,43.13238957366105,43.158721923828125,7160400
1999-03-22,43.34303034876069,43.448359705622806,42.55306017229482,42.632057189941406,5024800
1999-03-23,42.39506334409823,42.553057368983076,41.05211413257711,41.13111114501953,10962400
1999-03-24,41.49979437010207,42.55308864345491,40.867817806090365,42.526756286621094,8447000
1999-03-25,43.185049168667625,44.08034896850586,42.901976437836424,44.08034896850586,8133800
1999-03-26,43.71169841231931,44.21201303270128,43.42204257946659,43.60636901855469,8256200
1999-03-29,44.133023330937455,45.21264979667041,43.8696998027099,45.186317443847656,5113800
1999-03-30,45.13363899983151,45.502291827134684,44.68598913810623,44.87031555175781,4940600
1999-03-31,45.60762378358642,45.660288476177165,44.08034769845477,44.21200942993164,8256600
1999-04-01,45.50230466470975,45.55496936918279,44.396345870775825,45.13365173339844,8715800
1999-04-05,45.86435271598197,46.83206620087495,45.58128006393845,46.7662353515625,5697200
1999-04-06,46.71359338677308,47.37190220000269,46.31860809883531,46.858421325683594,7522400
1999-04-07,47.2929053840009,47.39823479465569,45.37064363955098,46.371273040771484,11923600
1999-04-08,46.292248947788295,46.96372354856679,45.344284805512764,46.739898681640625,7952400
1999-04-09,46.660930031224304,47.134912390457956,46.52926826477051,47.02958297729492,4946800
1999-04-12,45.923606967173406,47.02956539184157,45.870942280284446,46.71357727050781,10934000
1999-04-13,47.003220520019525,47.10854986572265,45.71293603515625,46.08158874511719,9962200
1999-04-14,46.66091150588538,46.713576191557934,44.24491905065683,44.50165939331055,21253800
1999-04-15,44.6596537877855,45.1797175627317,43.079713205670444,45.107303619384766,17650600
1999-04-16,45.00197145068638,45.00197145068638,43.55369267374797,43.79068374633789,17274000
1999-04-19,44.08034954853238,44.44900241214018,41.295703810923484,41.73677062988281,19460600
1999-04-20,41.552443427262965,43.02705485433947,41.157458223581756,42.68473434448242,17413600
1999-04-21,43.07973297675311,44.81766841469058,42.50042116410728,44.79133605957031,10940400
1999-04-22,45.21264635772792,46.1342786364236,44.916407411004315,46.00261688232422,13630600
1999-04-23,45.76562587932005,46.950581670211534,45.29164356296345,46.60826110839844,7064400
1999-04-26,46.92424983470031,48.03020858501312,46.772838815312255,47.681304931640625,5421000
1999-04-27,48.030183545004036,48.26717458223267,46.35149703130118,46.950557708740234,16482800
1999-04-28,46.55560288556639,46.713597013006094,45.14023882725236,45.34431457519531,7676800
1999-04-29,45.133625736281246,45.396949106971334,44.02766757938287,44.97563171386719,19148200
1999-04-30,45.60762123343139,45.84461233683837,43.659027716529586,45.26530075073242,15295200
1999-05-03,45.13364971673977,45.317976174159355,44.27126521952668,45.0283203125,11109800
1999-05-04,45.107315158674,45.81828860250599,44.05402116781179,44.317344665527344,15428400
1999-05-05,44.3436687077893,45.66028594970703,43.00071912103321,45.66028594970703,12642600
1999-05-06,45.23897067149338,45.63395586361934,43.580032864564345,44.00135040283203,15173400
1999-05-07,44.39635154251504,44.76500452092264,43.4483867408955,44.63334274291992,16430400
1999-05-10,44.92299951571171,45.383815747555175,44.396352393604886,45.08099365234375,10604200
1999-05-11,45.44962215149382,46.028933673702895,45.186298732307876,45.79194259643555,8800800
1999-05-12,46.00259323764855,46.897892705353215,44.65964403609155,46.739898681640625,12507400
1999-05-13,47.10857302668995,47.18757007480625,45.660293811224356,45.87095260620117,9864000
1999-05-14,44.97564748158017,45.502294407593986,44.65965932597187,45.00197982788086,12205400
1999-05-17,44.60699037074152,45.949939903744955,44.16592361235313,45.81169509887695,9906800
1999-05-18,45.76560282101532,46.02892619743083,45.080962042334995,45.607608795166016,9267800
1999-05-19,45.791951238158624,46.26593348214186,45.08097787218376,46.239601135253906,7985600
1999-05-20,46.33837228037047,46.33837228037047,44.89667551529004,44.96908950805664,5997200
1999-05-21,45.107315902168864,45.2389776531968,44.317345396001286,44.55433654785156,10958600
1999-05-24,44.63334264575965,44.712339712389316,43.13239837979605,43.422054290771484,9569800
1999-05-25,43.36938141251806,44.001357826543824,41.815772728038056,42.000099182128906,17771200
1999-05-26,42.55307999890401,43.343050543438125,41.2364624246805,43.17189025878906,26772000
1999-05-27,43.00070450099251,43.75775915770013,42.44772544739738,43.13236618041992,23334800
1999-05-28,43.3956920910168,44.080332864297404,42.84271300490554,43.84334182739258,12969800
1999-06-01,43.764356411645686,43.9750151669364,42.632065601958104,42.869056701660156,6960200
1999-06-02,42.84271754314085,43.81701413139913,41.769674679045586,43.59318923950195,11996600
1999-06-03,43.92236816181856,43.92236816181856,42.71107983121685,42.974403381347656,11147800
1999-06-04,43.290371344857775,44.442411336547266,43.290371344857775,44.29100036621094,12987200
1999-06-07,44.600408036971274,45.495707740739256,44.501661746114515,45.2126350402832,11491800
1999-06-08,45.317969280046945,45.52862805647947,43.84994093178278,44.08034896850586,8134800
1999-06-09,44.23834579951895,44.94273612698153,44.21201345082876,44.817657470703125,8384400
1999-06-10,44.343682489494334,44.607006019716984,43.77095381126007,44.30418395996094,9392400
1999-06-11,44.606994877540714,44.65307648381916,43.237712862409595,43.63269805908203,16567600
1999-06-14,43.79070221327386,43.79070221327386,42.71107576063151,42.80982208251953,14136800
1999-06-15,42.91513810071078,43.705108429301866,42.790059465350524,43.448368072509766,9147800
1999-06-16,44.52800200215367,45.6800422668457,44.47533730433918,45.6800422668457,15060200
1999-06-17,45.08096570979502,46.39758269898296,45.08096570979502,46.18692398071289,16278200
1999-06-18,45.76561437427118,46.529252358652,45.6866173414042,46.39759063720703,5392800
1999-06-21,46.71360045402959,47.81297633844658,46.634603384490646,47.786643981933594,10565200
1999-06-22,47.503551959991455,48.109195915135466,46.34492874145508,46.34492874145508,10862800
1999-06-23,46.35150602583685,47.18755790274088,46.05526717181573,47.075645446777344,9607000
1999-06-24,47.0558990269521,47.082231371119384,45.92360822775851,46.14085006713867,14988800
1999-06-25,46.45024145507812,46.81889416503906,45.660271362304684,46.08158874511719,8635600
1999-06-28,46.476589365774714,47.240227378016904,46.094770359653616,47.17439651489258,7666200
1999-06-29,47.13490843247737,48.003876018104044,46.897917272761,47.819549560546875,9000400
1999-06-30,47.86561876729357,50.50543627873419,47.29947336583748,48.55684280395508,19467600
1999-07-01,48.71482612821506,49.16247588182568,47.872191297889174,48.885986328125,6822600
1999-07-02,48.87283026512633,49.55747120634038,48.87283026512633,49.50480651855469,3302000
1999-07-06,49.76815076660548,50.26846550976183,48.92551540971058,49.188838958740234,8794800
1999-07-07,49.1625004885096,49.47848870803939,48.82017991735233,49.26782989501953,10520000
1999-07-08,49.26781973255335,50.1302040704695,49.03082861679013,49.92612838745117,11225000
1999-07-09,50.11047200334912,50.47912497657398,49.741819030124276,50.42646026611328,4206800
1999-07-12,50.610766313207435,50.87408975916585,49.87346066452387,50.163116455078125,7816200
1999-07-13,49.92612838745117,50.11045481082257,49.53114319451248,49.92612838745117,6230000
1999-07-14,50.42644506172804,50.874094965670274,49.715471684878615,50.77534866333008,6909400
1999-07-15,50.953096230988145,51.24275207519531,50.670023474149325,51.24275207519531,6539800
1999-07-16,51.26907832268056,52.006384020181876,51.249329062926066,51.71672821044922,4913800
1999-07-19,51.927399874714666,51.927399874714666,50.98601825933888,51.190093994140625,6833000
1999-07-20,50.56468150065888,50.63709544370109,49.08348721115904,49.21514892578125,14837400
1999-07-21,49.32047909136397,49.88004138751533,48.925493941139486,49.45214080810547,10980400
1999-07-22,49.45214410642997,49.45214410642997,48.05652981588642,48.19477462768555,15148400
1999-07-23,48.55685633749371,48.76093206233947,47.766885789703686,48.2672004699707,12115000
1999-07-26,47.60888033531923,48.13552724168338,47.003236393000456,47.08223342895508,10720000
1999-07-27,48.03020477294922,48.76751054797256,47.622053361775585,48.03020477294922,13732800
1999-07-28,48.609518320622314,49.24149472349064,47.984125005283865,48.971588134765625,10161800
1999-07-29,48.056550392737755,48.45153573843149,47.45090619600736,47.924888610839844,13033800
1999-07-30,48.135523677596325,48.66217054496609,47.615459896068685,47.68787384033203,10947400
1999-08-02,47.766883626200695,48.71484824061262,47.37189837019573,47.55622482299805,9642400
1999-08-03,48.20795320072629,48.2145362886958,46.55559812037912,47.246822357177734,13005000
1999-08-04,47.24680375410036,47.60229036448373,46.351504142764476,46.3910026550293,13227600
1999-08-05,46.39760741249678,47.12833023071289,45.291648552494024,47.12833023071289,18695200
1999-08-06,46.792589732194074,47.66155735243178,46.29227504175418,46.621429443359375,12392200
1999-08-09,46.79258294338116,46.92424468492135,45.93019853629296,46.022361755371094,7983400
1999-08-10,45.89726450922307,46.23300181415285,44.60697996478709,45.607608795166016,16767200
1999-08-11,46.42392905775297,47.187567142083566,45.72612184276122,47.10857009887695,13101400
1999-08-12,47.29289345719695,47.60888160947221,46.450258384462934,46.55558776855469,12715000
1999-08-13,47.529889341938464,48.63584798590601,47.45089229594078,48.58318328857422,14342600
1999-08-16,48.556853620383286,49.136165323012584,48.24086541894912,48.971588134765625,11470600
1999-08-17,49.39947532625234,49.452140012101225,48.31984926635024,49.21514892578125,11408400
1999-08-18,48.9781700481068,49.583814086336076,48.47785540783044,48.66218185424805,7035200
1999-08-19,48.21452458142451,48.556845072718076,47.773457794565495,48.082862854003906,10157800
1999-08-20,48.135530834763514,48.84650421142578,47.87220736192564,48.84650421142578,6920800
1999-08-23,49.29414238526156,50.40010070800781,49.18222993593605,50.40010070800781,9652000
1999-08-24,50.03146204728194,51.29541477268696,49.93271574060967,50.742435455322266,13891400
1999-08-25,51.058425315996494,52.03272224054104,50.505445980444186,51.82206344604492,11352000
1999-08-26,51.82206308384334,52.00638952773912,50.880681602518436,50.959678649902344,9753000
1999-08-27,51.34148682781451,51.348069913700876,50.32110851542686,50.4527702331543,9635400
1999-08-30,50.66343433709294,50.82142841506724,49.61014048393092,49.74180221557617,10141600
1999-08-31,50.08412196374064,50.610768882391966,48.97816343457287,50.29478073120117,14590400
1999-09-01,50.61076730352629,51.08474951552601,50.29477916219314,50.6568489074707,10752000
1999-09-02,49.715476388787,50.74243803029267,49.61014698965822,50.4791145324707,14583200
1999-09-03,51.92739624632267,52.81611309384467,51.74306978905885,52.796363830566406,14195400
1999-09-07,52.691033701619546,53.217680715128985,52.48037489621577,52.55937194824219,9009000
1999-09-08,52.2433777010459,52.77002465367741,51.42707492446706,51.848392486572266,14303400
1999-09-09,51.87473132840741,52.71736655810743,51.61140781912615,52.5857048034668,12677600
1999-09-10,53.296670789057664,53.71140525789544,52.69102680281837,53.191341400146484,10251000
1999-09-13,53.138670999574046,53.244000377174785,52.26970363436793,52.55277633666992,7240800
1999-09-14,52.34871379224512,53.21109828756505,52.24338438823658,52.842445373535156,10022600
1999-09-15,53.50075071468586,53.50075071468586,51.769398747420894,51.82206344604492,16096000
1999-09-16,51.795711517333984,52.26969362577934,50.72266868849242,51.795711517333984,15371000
1999-09-17,52.2697047584737,53.45466028196555,52.19070772357425,53.34933090209961,14506400
1999-09-20,53.50731117467377,53.71796988008587,53.112326102026074,53.474395751953125,6187200
1999-09-21,53.0070224842799,53.11235188812348,52.039308586467044,52.19071960449219,12265800
1999-09-22,52.26971203008414,53.020183966032455,51.637735662969774,52.74369430541992,12441800
1999-09-23,53.29668157895406,53.402010989189144,50.24871177027622,50.5581169128418,19766000
1999-09-24,50.242116678582676,50.8214282964699,49.39948159801944,50.62393569946289,23570800
1999-09-27,51.34808022128649,51.7167331049265,50.82143324465791,50.979427337646484,12608800
1999-09-28,50.72267256052758,51.40073035075916,49.63646347908863,51.21640396118164,20622000
1999-09-29,51.21642633099871,51.58507927117042,50.1894645690918,50.1894645690918,15557000
1999-09-30,50.66343028226002,51.2427418551341,50.03145402094285,50.716094970703125,17604200
1999-10-01,50.03145722017626,50.73584747314453,49.50481030206914,50.73584747314453,19607400
1999-10-04,51.00575411065581,52.0590479487695,50.71609830517454,51.87472152709961,12434200
1999-10-05,52.05905125218053,52.8753540285172,51.13741908534881,52.243377685546875,19526400
1999-10-06,52.55936224255907,53.369081876305906,51.76280878171868,53.29008483886719,19098200
1999-10-07,53.58631840668556,53.843058752860095,52.77001576756652,53.165000915527344,22013600
1999-10-08,52.954357594547425,53.87598987491001,52.24338412112486,53.724578857421875,22523200
1999-10-11,53.87599195403831,54.50796839924698,53.74433019461984,54.48163604736328,13016000
1999-10-12,54.29730880012852,54.73179259993556,53.08602063096949,53.244014739990234,20182800
1999-10-13,52.63837095526988,53.27034739495296,51.4534151308641,51.6640739440918,22570600
1999-10-14,51.84838468182822,52.34869921151574,51.00574968445976,51.986629486083984,22130400
1999-10-15,50.663428981518194,51.40073460079185,50.14336519649482,50.4527702331543,33703000
1999-10-18,50.505436843462725,50.68976325530018,48.37910002119494,49.814212799072266,24714800
1999-10-19,50.354047424785726,50.610787894071464,49.241505391214176,50.08414077758789,26657200
1999-10-20,50.8477512593172,52.026123537336076,50.347436772560584,51.61138916015625,22486400
1999-10-21,50.7687701489552,52.45404052734375,50.4001172536827,52.45404052734375,22454800
1999-10-22,52.763433328975765,53.296663285263605,52.03271079628502,52.217037200927734,16589400
1999-10-25,51.980054209309245,52.81610624636373,51.769395428319136,52.243377685546875,13855400
1999-10-26,52.87535741852551,53.16501326095767,51.716734048796866,51.82206344604492,13542400
1999-10-27,51.690411615735705,51.92740280500806,50.933356427782364,51.74307632446289,15225200
1999-10-28,52.55938278626059,53.718006454895594,52.085400376364454,53.5336799621582,14103800
1999-10-29,54.771294249327916,55.824588369507296,54.586967778296525,55.40327072143555,19000000
1999-11-01,55.4032421595049,56.06155064524046,55.04117249235034,55.11358642578125,9681800
1999-11-02,55.403266760106725,56.08790788927154,54.93586752769613,55.14652633666992,12834800
1999-11-03,55.92990341615141,56.56187972593843,55.77190933870465,56.24589157104492,18752600
1999-11-04,57.02928729498828,57.14119978304262,56.27223222873829,56.87787628173828,20048600
1999-11-05,58.036495498950934,58.326151329481085,57.457183837890625,57.457183837890625,15134600
1999-11-08,57.66784580570025,58.81988610433011,57.48351935791948,58.61581039428711,10890800
1999-11-09,59.08978499227496,59.19511437728792,57.72050298710637,58.22081756591797,14629800
1999-11-10,58.24717955589294,59.48480045965739,57.983855959347316,58.9844856262207,16561000
1999-11-11,59.616432698567706,60.116747283935545,59.089785766601565,60.037750244140625,18501400
1999-11-12,60.35377246807148,60.88041969728677,58.457842442896464,60.827754974365234,28646600
1999-11-15,60.88040790545452,61.09106675633844,60.40642549096568,60.70924758911133,10909400
1999-11-16,60.93307317937086,62.53934693215462,60.669749613340734,62.249691009521484,19126400
1999-11-17,62.249682568767675,62.519589187350526,61.09105903533883,61.407047271728516,21683600
1999-11-18,61.828390681324514,63.289836883544915,61.45973758526892,63.28983688354492,17738400
1999-11-19,63.0132991358177,63.961263518972494,62.776308040028994,63.855934143066406,17939400
1999-11-22,63.98759990481276,65.30421718680479,62.88164138793945,62.88164138793945,18841800
1999-11-23,64.40889981370412,64.4615644905755,62.565636123205635,63.17127990722656,24047600
1999-11-24,63.35561998935358,65.5082891224083,62.697311385972924,65.25154876708984,18617800
1999-11-26,66.06788636174589,66.38387465841427,65.19891854590787,65.46224212646484,8045200
1999-11-29,65.33055578126498,65.8835350925937,64.30359420308307,64.3825912475586,20485200
1999-11-30,64.51424360275269,64.61957298006331,61.93367385864258,61.93367385864258,23702400
1999-12-01,62.618302845726696,63.59259939967618,62.14432073839991,63.276611328125,23205800
1999-12-02,63.51362673717244,65.40955589350594,63.47412821308216,65.28447723388672,17229200
1999-12-03,66.83149413700917,67.56879982488792,66.48917363906547,66.67350006103516,21444600
1999-12-06,66.9302482911052,67.83213124732448,66.30485500029621,67.2791519165039,16018400
1999-12-07,67.48981070919746,67.75313420006441,66.42993365845801,67.2791519165039,23397000
1999-12-08,67.29892778018764,67.82557497009422,66.30488120923896,66.46287536621094,19563000
1999-12-09,67.41080780510646,67.77946066029064,65.09356128680594,66.7788314819336,28445400
1999-12-10,67.33182525634766,67.56881642854442,65.83088116576815,67.33182525634766,20428400
1999-12-13,67.10139965617785,68.53651249097102,66.80516076826183,68.24685668945312,16209200
1999-12-14,68.04277715476884,68.43776231627099,66.56816588516085,67.01581573486328,27760200
1999-12-15,66.25220574795878,68.3061294555664,65.67289393299252,68.3061294555664,31797200
1999-12-16,69.20140082572438,70.14936522059732,68.88541269410007,69.99137115478516,27219600
1999-12-17,71.20266699728704,71.51865516443476,70.30078410355291,70.5970230102539,23892400
1999-12-20,71.12369142962135,71.83466502036542,70.51804725972823,71.5186767578125,15392000
1999-12-21,71.72932520452535,75.36318969726562,71.32117375787699,75.36318969726562,26003800
1999-12-22,75.15251490194841,75.25784428513263,73.67790353736918,75.12618255615234,22313600
1999-12-23,75.72523787709558,76.46912659135376,74.99451533477117,76.02147674560547,17543600
1999-12-27,76.10048422996175,76.12681657744618,74.07289347366174,75.57383728027344,19281800
1999-12-28,75.62652350341455,76.25850002294169,74.62589401416324,75.0998764038086,15346400
1999-12-29,75.8371309847445,77.94371795654297,75.73180163615459,77.94371795654297,16512600
1999-12-30,78.89171977642455,78.99704917532499,77.10111999511719,77.10111999511719,21887000
1999-12-31,78.04905933427094,78.52304147597702,76.99576568603516,76.99576568603516,14464400
2000-01-03,81.05099484285138,81.05099484285138,76.46916472502937,79.83970642089844,36345200
2000-01-04,77.52240664560465,78.78635892786994,74.0992025478028,74.3625259399414,33786600
2000-01-05,73.73056633527888,75.52116580342137,70.99200244282567,72.46661376953125,42496600
2000-01-06,73.20391830224057,74.15188271190988,67.20014370766832,67.48979949951172,37134800
2000-01-07,69.88604787190755,75.837158203125,69.51739501953125,75.837158203125,28138200
2000-01-10,76.6797657734639,79.15500546532708,75.78446631044955,77.94371795654297,29675600
2000-01-11,77.31179135495965,78.25975609909403,73.30927354639226,74.15190887451172,32546600
2000-01-12,74.99451995605824,75.1985956336072,72.46661478900009,72.51927947998047,29050000
2000-01-13,74.57321049938463,77.10111594004174,73.37508864990653,76.89045715332031,25165200
2000-01-14,78.36507259506777,78.8917195883142,77.5224374058735,78.68106079101562,21898600
2000-01-18,77.57508010965849,79.57633811656073,77.04843326573683,79.10235595703125,16752400
2000-01-19,78.77981130965054,80.89298248291016,77.88451137331626,80.89298248291016,19006000
2000-01-20,80.47165733603252,81.63028067464032,79.21428769015701,80.1030044555664,25958000
2000-01-21,81.31428119609882,81.36694588599266,80.10299332854035,81.10362243652344,18698200
2000-01-24,82.10426859315713,82.26226269564557,76.6534720573061,77.20645141601562,28340400
2000-01-25,77.41706432834748,79.30640935064643,75.33680987870821,78.36502838134766,33276200
2000-01-26,78.57571746655205,78.62838215654304,74.99451854716496,75.2051773071289,23095600
2000-01-27,77.31177115851719,77.94374748951324,73.8359013380389,76.31114196777344,30739200
2000-01-28,75.83715394485829,76.23213912165441,71.41331996474155,72.46661376953125,35313800
2000-01-31,72.3612908871747,75.8371607551176,70.3600324783591,75.57383728027344,36014600
2000-02-01,75.44217275691348,77.9437456755546,74.52054062899307,77.60142517089844,26417600
2000-02-02,77.73308059055745,79.81333579606355,77.60141886868996,78.25972747802734,26169200
2000-02-03,79.47100612660145,81.41959938484152,77.75940394030951,81.31427001953125,30579800
2000-02-04,81.73560206381674,82.78231281833888,81.07729341317389,81.86726379394531,26640000
2000-02-07,81.946286216,83.10490980003085,81.10365088215939,82.99958038330078,17761000
2000-02-08,83.73687646566151,86.68609978772254,83.73687646566151,86.4754409790039,21999400
2000-02-09,86.00140623612837,86.1133186600425,83.2101787220348,83.42083740234375,27258200
2000-02-10,84.1055234755164,86.1594467163086,83.04564641856915,86.1594467163086,26341600
2000-02-11,86.00145230633446,86.00145230633446,82.57824691753363,84.15818786621094,24876000
2000-02-14,84.25694744210494,84.26353053042763,82.36760109349301,84.05287170410156,22814600
2000-02-15,83.36820807805515,84.79015477300618,80.78763815018104,84.65849304199219,30572800
2000-02-16,84.18455272674561,85.6854972076416,83.68423789978027,84.2635498046875,25310600
2000-02-17,85.26416751483372,87.0021029861058,83.94754973356697,86.05413818359375,30080200
2000-02-18,86.47540236700148,86.79139043898809,82.94686889648438,82.94686889648438,25271200
2000-02-22,83.42084087902987,84.21081096311158,81.1035952990568,83.2101821899414,37226200
2000-02-23,83.99358359515237,88.47666459117862,83.5525168892291,87.84468841552734,32170800
2000-02-24,88.37134917353241,89.99737146538749,85.94877345125441,89.74063110351562,48868200
2000-02-25,89.47728260028828,90.58324077251079,87.52868963018194,87.68668365478516,32617600
2000-02-28,87.00208729964035,89.05601066809433,84.68484042241023,87.63406372070312,38216200
2000-02-29,89.1086286415261,90.24091913549347,88.42398787773186,89.95126342773438,23978600
2000-03-01,90.37264089551122,91.47859978758916,89.7406643857524,90.68862915039062,24468400
2000-03-02,91.05724989709701,91.16257927812315,88.26602129990432,88.58859252929688,32739200
2000-03-03,91.00461902521806,93.63785452941997,90.16198366387346,93.58518981933594,32017200
2000-03-06,94.16448514545384,95.402105615766,92.90053232470949,94.32247924804688,23268400
2000-03-07,95.90240788621968,95.9550725802813,91.63656766722802,92.90052032470703,39471000
2000-03-08,93.53250526685393,94.37514044943819,89.5563204990344,93.7431640625,43512600
2000-03-09,93.71683138142461,97.32436324409817,91.92623162476913,96.90304565429688,30101400
2000-03-10,96.79773109969094,98.11434876970849,95.64569063842556,96.48174285888672,29750600
2000-03-13,92.68985902247408,96.16572873581686,92.29487382777603,93.95381164550781,37544200
2000-03-14,95.00710706077993,95.53375399570665,88.47668506768863,90.47794342041016,39106800
2000-03-15,89.74065668933447,90.1619743263736,85.84346854672252,86.68610382080078,51202600
2000-03-16,88.79268751473263,92.05789903662671,85.10615837711028,91.63658142089844,55282200
2000-03-17,91.00457794654189,93.58514757581304,90.95191326023023,93.3744888305664,31422400
2000-03-20,93.53248515602328,93.9538026567261,89.52996889934661,90.74125671386719,21167200
2000-03-21,89.4246447006328,94.3224609298194,87.26539238453978,94.16446685791016,33435100
2000-03-22,95.63909196017082,97.71934753970096,93.6378334279646,96.06040954589844,24370200
2000-03-23,96.46856280647475,99.22029334101184,95.69175849289729,97.74568176269531,19227400
2000-03-24,98.99647076012035,101.53754255912331,96.91621509047026,99.06230163574219,22063000
2000-03-27,99.43092699314126,100.69487945491848,98.69362139043788,99.22026824951172,11752600
2000-03-28,98.57511460131809,99.27292160998242,95.3230706175428,96.69235229492188,18336300
2000-03-29,97.21902097355235,97.271685665304,92.68985748291016,92.68985748291016,27189500
2000-03-30,90.37263488769531,95.0071289845002,87.2127525489647,90.37263488769531,42328700
2000-03-31,91.12312006297176,93.21654241378994,87.63408281160817,92.2685775756836,31349900
2000-04-03,90.80714996004366,91.95260770203637,84.89553471688582,86.73880004882812,31551300
2000-04-04,87.3180571836171,87.5813806371262,74.41520796167127,85.89611053466797,66213000
2000-04-05,82.15694070308842,87.58140537771541,81.10364659151037,84.36885833740234,37631500
2000-04-06,86.26476491602456,87.52871751552675,84.05284786689573,86.3700942993164,30499900
2000-04-07,87.73939724348634,90.47796186333105,86.47544434201956,89.84598541259766,20645500
2000-04-10,90.68862300687069,90.74128771244959,83.6315524592977,84.36885833740234,26988200
2000-04-11,81.84097517359896,85.52750558682415,80.10303940736424,82.36762237548828,34497100
2000-04-12,82.26221245268117,83.21017648862757,76.04778155036595,77.52239227294922,34824400
2000-04-13,78.20709139108658,80.89299149946733,74.15190887451172,74.15190887451172,46330500
2000-04-14,72.51927000553019,74.57319268542538,65.72552575664609,67.7267837524414,60851300
2000-04-17,65.73869796976385,75.83715207407165,65.72553179752877,75.52116394042969,55398500
2000-04-18,75.40263935923576,78.36502697156824,73.62520679183629,77.52239227294922,36260900
2000-04-19,77.94373221554451,78.89169652627412,75.04717459942631,75.15250396728516,28082500
2000-04-20,76.15315531864549,76.65346996285513,72.51929106070182,73.5199203491211,21255600
2000-04-24,70.30737893771281,71.83465533411257,67.30549084823743,71.41333770751953,31190900
2000-04-25,72.8879463261685,76.25848719674278,72.46662871734672,76.2321548461914,28663200
2000-04-26,76.36380830036212,77.87791829252448,73.41458535910677,73.625244140625,25688300
2000-04-27,70.78135233839897,77.93058491275735,69.30674083134899,76.89045715332031,37010400
2000-04-28,78.83907685493732,79.83970642089844,77.62778843298437,79.83970642089844,24828400
2000-05-01,80.68227178037556,81.63023580912672,79.4183197420407,80.57694244384766,23205700
2000-05-02,79.94499838269535,80.5769746544953,75.62649385872892,75.9424819946289,20307900
2000-05-03,75.41586466357217,76.04784118309931,72.05848940358423,75.0998764038086,26589700
2000-05-04,74.99448155055437,76.46909214284055,73.83585894232951,75.25780487060547,17750700
2000-05-05,74.25720319141692,77.78573696008709,74.1782061667452,77.04843139648438,20571200
2000-05-08,76.25845584353885,76.46911456133869,73.94120994774072,74.04653930664062,13903000
2000-05-09,74.57320137911064,75.09984828150549,71.04466713306516,72.46661376953125,19825800
2000-05-10,71.09735303537973,71.61083391841302,66.98950597111335,67.20016479492188,34847500
2000-05-11,69.72801300905303,71.83459950479481,68.1480731372467,71.30795288085938,24709700
2000-05-12,71.9399288295819,73.78319201335597,70.78130625692393,71.30795288085938,17832000
2000-05-15,71.46599892564302,74.67854567174783,69.62273439918944,74.41522216796875,17950800
2000-05-16,75.83717887022539,77.10113185139582,74.2045729362136,76.52182006835938,23758800
2000-05-17,75.20515687450589,76.25845038815443,73.94120465812763,74.94183349609375,20339400
2000-05-18,74.99451466552023,75.29733661729462,71.9399628041437,72.25595092773438,19063000
2000-05-19,70.57067532528423,71.62396898685563,68.51675268521998,68.8327407836914,28178100
2000-05-22,68.78013610839844,69.30678339866182,63.68482357510016,68.78013610839844,43879800
2000-05-23,68.56944796913548,69.62274210076583,62.56567141884252,63.03965377807617,31898500
2000-05-24,63.19765774708873,67.3055055006495,60.88041029636215,66.98951721191406,49476000
2000-05-25,67.62148863862949,69.30675938351744,64.46160599196456,65.51490020751953,29632700
2000-05-26,65.51490020751953,66.77885326618551,63.82962946263157,65.51490020751953,18203200
2000-05-30,67.41079682934624,72.41394190652427,67.41079682934624,72.09795379638672,31590400
2000-05-31,71.1763199340132,73.03275003218113,69.72804113402402,70.04402923583984,29675400
2000-06-01,71.7819798023404,74.46787926669796,70.78135059012877,73.625244140625,28993500
2000-06-02,78.04908085251363,79.15503948807557,69.51739994960728,78.89171600341797,31677200
2000-06-05,77.73310203037862,80.31367249073672,77.41711381074293,79.08921813964844,23784300
2000-06-06,78.52306275041136,80.0503389541417,76.57446897323817,76.89045715332031,23200500
2000-06-07,77.15378945155332,79.20771285674826,75.46851896523953,78.94438934326172,22524400
2000-06-08,79.73432175787141,79.94498046793183,77.2064172371463,78.57569885253906,19313800
2000-06-09,79.83968259684245,79.83968259684245,78.36507104492188,78.9970474243164,17014600
2000-06-12,79.4710505777154,79.4710505777154,75.83718544195506,76.46916198730469,16484700
2000-06-13,76.25849821460027,79.73436898957513,75.297367280611,79.41838073730469,25187900
2000-06-14,79.94500846293435,79.94500846293435,77.10111488124895,77.62776184082031,20274500
2000-06-15,77.41710647583008,79.10237682088217,76.57447130330404,78.9970474243164,18807800
2000-06-16,79.83969840699862,80.31368078540427,78.41775127178163,79.41838073730469,21203400
2000-06-19,79.22084327133334,82.78887526843012,78.10171884419967,82.57821655273438,20042500
2000-06-20,82.78886903965518,84.00015656377228,81.89356956530777,82.26222229003906,20988300
2000-06-21,81.57760179329159,84.02650978773192,81.47227241718663,83.31553649902344,20880600
2000-06-22,83.10485584529367,83.4208438903328,79.62898734986314,80.2609634399414,21526700
2000-06-23,80.05034316432932,80.47166075993105,76.99579059621675,77.10111999511719,24888100
2000-06-26,78.41770198497366,79.56315867951577,77.52240249958444,79.20767211914062,22169200
2000-06-27,79.01019929267196,80.102991584172,77.83840996805142,78.25972747802734,14786000
2000-06-28,78.35187114045975,80.47162433380777,77.9437199044735,79.20767211914062,19259800
2000-06-29,78.31243553584393,78.68108856123122,76.3638409730825,77.21964263916016,21355800
2000-06-30,77.36444430143936,79.16821027647293,76.94312670143152,78.73372650146484,15153100
2000-07-03,78.7863525630921,80.2609634399414,78.57569386639933,80.2609634399414,5212000
2000-07-05,78.8917208101969,79.18137666096865,76.5744740040229,77.1537857055664,16489000
2000-07-06,77.15374977030653,79.8396482264742,75.88979755563939,79.20767211914062,23594700
2000-07-07,80.05034625025448,81.73561669762826,79.5763639369306,80.84031677246094,16603200
2000-07-10,79.78703555142917,80.78766504019296,79.20772374214486,79.61587524414062,12659400
2000-07-11,79.26036074287013,80.68230741400468,78.2070669124001,80.05033111572266,14374600
2000-07-12,80.41896005645204,82.3675530637138,79.73431927011681,81.94623565673828,18252600
2000-07-13,82.52559800801544,84.05287455060156,81.84095679926993,82.99958038330078,19566700
2000-07-14,84.4741805556398,85.21148637096334,83.26289243046541,84.79016876220703,17219400
2000-07-17,85.05347244862548,86.0014368474337,84.15817273863996,85.73811340332031,13140500
2000-07-18,84.57953011210839,84.92185075079377,82.88109309709252,83.84222412109375,20684000
2000-07-19,82.84153514656126,83.36818190528066,80.60328642200382,81.94623565673828,21828500
2000-07-20,82.47290309844249,84.68482003978004,81.95942237991771,84.5794906616211,19521200
2000-07-21,82.94689126850403,83.85535722049241,81.73560333251953,81.73560333251953,14411400
2000-07-24,82.52557161732724,83.42087137322677,79.41835481744063,80.05033111572266,18579200
2000-07-25,80.576990242104,81.73561363120615,79.04971395646935,80.68231964111328,19065700
2000-07-26,80.47161310731975,80.99825978995928,78.57568504981745,80.57694244384766,20318700
2000-07-27,79.15505727651168,80.10302203431421,77.153798343373,77.41712188720703,26141800
2000-07-28,77.68044945147398,78.25976127789176,72.46664301371403,73.20394897460938,36485600
2000-07-31,73.83591331625884,75.94250142799234,72.22963988106206,75.36318969726562,27609900
2000-08-01,75.67914290063443,75.82397076631065,73.88854383409192,74.3625259399414,15751800
2000-08-02,74.0465658527531,76.16631996055774,72.887942489481,73.04593658447266,23578200
2000-08-03,70.99200595520905,76.89045155386144,70.20203556253239,76.205810546875,35874700
2000-08-04,77.52242267412882,78.16756511825794,75.09984696556229,75.9424819946289,22283400
2000-08-07,76.57446240474215,78.39139428435948,76.04781548311394,77.73308563232422,15103300
2000-08-08,77.57509904838653,79.41836345211601,77.10111677314181,79.31303405761719,14832300
2000-08-09,78.94438654338842,79.57636295334217,76.99579261269771,77.20645141601562,18649800
2000-08-10,77.36439998894826,77.71988651034064,75.41580720501968,75.67913055419922,15336200
2000-08-11,75.20516144615702,76.77193564295196,74.04653851071203,76.73243713378906,21050600
2000-08-14,76.99574697145852,78.36502838134766,76.00828441625,78.36502838134766,12539300
2000-08-15,78.15436970290317,79.19449692772281,77.52239366756972,78.36502838134766,14090300
2000-08-16,78.73369659809612,79.78699019807065,77.52240895812541,79.15501403808594,15245300
2000-08-17,78.31240816340434,80.78764904012257,78.2597434638997,80.68231964111328,14492400
2000-08-18,80.8402748558465,81.41958627175158,79.7869813723827,80.2609634399414,14706700
2000-08-21,80.89295903550392,81.61709847999492,79.52367717683003,80.47164154052734,13560100
2000-08-22,80.89295903550392,82.03841597497151,80.27414896475707,80.47164154052734,14878200
2000-08-23,79.78698091820141,82.10422656863102,79.06284165244216,81.78823852539062,21396400
2000-08-24,82.10425116249331,83.15754495546949,80.9456279902195,83.05221557617188,13567700
2000-08-25,82.98639515884979,84.22401552136476,81.7356086222655,82.60457611083984,11764700
2000-08-28,82.78892154984062,84.13187161314912,82.52559800801544,82.99958038330078,12314200
2000-08-29,83.10484938188033,83.56566524505615,82.45970717343417,83.42083740234375,11162800
2000-08-30,82.84155430655112,83.84218337954823,82.38073828609191,83.31553649902344,10545300
2000-08-31,83.94755685578707,85.94881605310194,83.31558026716131,85.63282775878906,15588700
2000-09-01,86.79142919208186,87.22591298506407,85.26415282887169,86.4754409790039,14071900
2000-09-05,85.63282438498645,85.73815381227426,83.77639322903886,83.84222412109375,16348300
2000-09-06,83.63154699405035,83.82903962706527,80.47166486581168,80.89298248291016,20964900
2000-09-07,81.5776122706711,83.77636327925761,81.36695349140531,82.6835708618164,16669700
2000-09-08,82.38075365124175,82.57824626827366,79.85284815323338,80.15567016601562,23475200
2000-09-11,79.62901611328125,80.99829813639323,77.52242838541667,78.20706939697266,27262100
2000-09-12,78.78636488803598,79.78699385385995,76.54811588553495,76.99576568603516,24256000
2000-09-13,76.0478204125389,79.10237275597883,75.8371616302327,78.78638458251953,34093100
2000-09-14,80.260956487348,80.84026785307033,78.0622065310837,78.36502838134766,28615300
2000-09-15,78.47037574512186,78.89169319878695,76.41645315850458,76.94309997558594,24994600
2000-09-18,77.36440105199482,78.36502979262647,74.15185614786161,75.73179626464844,29218500
2000-09-19,76.4691404653507,79.02337828392474,75.73183470328809,78.52306365966797,27568700
2000-09-20,78.68107321775732,80.24784827011895,76.94313786555786,79.73436737060547,33123200
2000-09-21,78.99704142513438,79.61585158296461,73.3092544425247,73.94123077392578,25031400
2000-09-22,73.83590897314485,78.57573194574331,73.73057957375379,78.31240844726562,33710100
2000-09-25,78.89172225187892,79.41836926290614,75.83716958792098,76.2321548461914,20560800
2000-09-26,76.48231463162405,77.94376013413915,74.92870589922059,75.36318969726562,26011200
2000-09-27,76.36384424927013,76.83782673081733,74.15192600204989,75.46854400634766,28482900
2000-09-28,74.75754184918192,78.36507380879372,74.75754184918192,77.1537857055664,29050000
2000-09-29,77.52244683923855,77.90426595580409,74.7312174353801,74.78388214111328,27198800
2000-10-02,76.04780163064127,76.04780163064127,72.46660321590193,73.09857940673828,24968200
2000-10-03,74.2045943055834,74.83657097816467,70.16257683719907,70.78138732910156,35731200
2000-10-04,70.36002763065979,73.19075479020168,69.20140442117288,72.15062713623047,37672100
2000-10-05,71.83464303495582,73.46724855847755,71.25533139757715,72.36128997802734,23443100
2000-10-06,72.09794191567295,72.94057673718555,68.4640792478998,69.93869018554688,36335800
2000-10-09,69.57003887482382,70.62333242326929,66.88414032628785,69.6227035522461,28834600
2000-10-10,68.93810783684586,70.20206092170783,65.62023098908323,65.98888397216797,35283200
2000-10-11,64.77757567616855,67.79262950337232,64.0929346324367,64.9355697631836,48462600
2000-10-12,66.77881299874151,67.04213639384696,62.69730037460708,63.30294418334961,53223600
2000-10-13,62.93433876037597,68.78012252807618,62.88167404174805,68.4641342163086,42410200
2000-10-16,68.35877126600684,69.35940042937675,67.20014802421012,69.09607696533203,27644900
2000-10-17,70.04403330647526,70.08353182149771,65.72552899735423,65.93618774414062,52101400
2000-10-18,64.67226126255133,68.41145552121677,62.828996487152885,65.72555541992188,64354400
2000-10-19,69.42522047548763,71.71613425563837,68.62208403531984,71.6766357421875,44278900
2000-10-20,71.20267366689673,74.04656743761598,71.11051044284564,72.72994995117188,40692200
2000-10-23,72.62458038330078,73.73053846020385,70.88664626245313,72.62458038330078,28989200
2000-10-24,72.83526269739323,73.30924488414418,69.41205801530317,69.51738739013672,31466200
2000-10-25,68.46413405710774,69.09611067917335,64.79076994135139,65.6202392578125,48635400
2000-10-26,65.88354911266917,67.41082563086854,62.039025463408706,67.30549621582031,69991300
2000-10-27,68.13492799263194,68.97756285089831,65.29103534598296,67.17379760742188,51046400
2000-10-30,65.88350800635153,67.30545422231594,63.79008718840391,64.68538665771484,35496700
2000-10-31,65.72554839895295,69.57007166267375,65.62021899446745,68.84593200683594,43863800
2000-11-01,67.67413680936083,69.78072472560552,66.72617224705071,68.25344848632812,45186400
2000-11-02,69.25407104375886,70.14937082151087,68.30610657319791,69.09607696533203,26594300
2000-11-03,69.83337708897301,70.72867679524188,68.79324948904298,69.99137115478516,29837100
2000-11-06,70.46536620445916,70.88668379013605,69.09608405100929,69.46473693847656,23485800
2000-11-07,68.62208161724213,69.49104888254105,67.62145264507973,69.2013931274414,24334400
2000-11-08,69.20136340823336,69.30669272848942,63.72423875491808,63.790069580078125,40338200
2000-11-09,62.98697657943461,64.8302409442174,61.51236508760839,63.776947021484375,64955900
2000-11-10,62.56566393915369,63.776952045719796,60.459075927734375,60.459075927734375,49235500
2000-11-13,59.7875744951733,62.512971526774464,57.52299338678973,60.551212310791016,75023400
2000-11-14,61.51237854330835,64.04028451084157,61.30171971268059,63.90862274169922,44829500
2000-11-15,63.67164437412638,65.77823310445314,63.02650157546381,65.19892120361328,37760900
2000-11-16,63.5136355143264,64.88291787201503,61.407047271728516,61.407047271728516,33898700
2000-11-17,61.67031062547037,63.355579575098936,59.827047711814124,61.367488861083984,49913800
2000-11-20,59.77444059388586,60.72240529052898,58.352493548921174,58.86597442626953,46862300
2000-11-21,59.14246044022208,59.93243097148061,57.66784878187283,58.773807525634766,42128600
2000-11-22,57.66784793216784,59.089794867481565,56.035242191622444,56.14057159423828,56623700
2000-11-24,57.61514670804421,59.5110747532815,57.44398653729362,59.35308074951172,19987900
2000-11-27,61.14371596385205,61.459704160047664,57.93116930252994,58.61581039428711,35416600
2000-11-28,58.08915164061451,58.93178665988,55.03459969577712,55.15309524536133,48812700
2000-11-29,55.45593603033769,56.24590662906044,52.66470658151727,53.03335952758789,66189300
2000-11-30,52.03272897071621,54.13931718815411,50.979434861997255,53.07285690307617,74792600
2000-12-01,53.98131078109145,56.259058772586286,52.348705284297466,53.928646087646484,57112500
2000-12-04,54.03399529090294,55.07412336789645,52.032736206054686,54.77130126953125,49106300
2000-12-05,55.66659710830972,59.82710909653722,55.19261472990406,59.563785552978516,76531800
2000-12-06,59.484771493603205,60.91988439594998,57.08852793188656,57.29918670654297,63352100
2000-12-07,56.456557768628116,58.128661974928434,55.19260498276331,56.035240173339844,41481100
2000-12-08,59.906089042916015,61.93367974898395,56.983198544558356,57.29918670654297,65856900
2000-12-11,60.72239248772629,63.013306688260634,59.78759416451975,62.67098617553711,51829800
2000-12-12,61.933705545750655,62.24969383935142,60.09044049974617,60.380096435546875,31054500
2000-12-13,61.880989100722246,61.933653772297326,57.562486031565456,57.917972564697266,51661600
2000-12-14,57.73366965025834,58.721132643136194,54.981939443438726,55.0872688293457,41562700
2000-12-15,54.13928363001277,55.297906431433276,52.717337464633054,53.82329559326172,59026100
2000-12-18,54.90294291637838,55.58758393116295,52.71735813841224,53.928646087646484,42950000
2000-12-19,53.467826765637064,55.495417339857234,49.50480882511582,49.820796966552734,80489200
2000-12-20,48.293520915397984,49.188820648835026,46.13426861710865,46.96373748779297,81432100
2000-12-21,46.35809319154873,49.50480840676604,45.71295074156694,47.24022674560547,85875600
2000-12-22,48.556851245155016,51.190086128297914,48.451521849829305,50.979427337646484,57240000
2000-12-26,51.058430432783744,52.177555390696746,48.87284522085953,51.2954216003418,37082800
2000-12-27,50.29478076992906,52.401368446156454,49.662804467060845,51.87472152709961,33955500
2000-12-28,51.21640708900056,52.651519781211626,50.76875725840261,51.769386291503906,30996900
2000-12-29,51.87473915884275,52.440884789256515,48.872850699904646,49.188838958740234,49191000
2001-01-02,49.34682588633041,49.452155290570175,44.18568507858187,45.0283203125,62514100
2001-01-03,43.97503284840016,54.98195723799972,43.94870049340112,52.61204528808594,118175700
2001-01-04,51.927397460626416,53.61266796644796,50.75560781204737,51.6640739440918,58465400
2001-01-05,51.66407063465245,51.66407063465245,47.18757114031457,47.71421813964844,68782000
2001-01-08,47.450900827432825,48.451530256646166,45.09415519810139,48.24087142944336,55576500
2001-01-09,48.66218908384898,49.82081263346443,47.71422436143634,48.24087142944336,53318900
2001-01-10,47.29289022190177,50.874089036032416,46.97690209124318,50.716094970703125,74258300
2001-01-11,49.93930359733574,53.66533125830226,49.8734727199335,52.19071960449219,65451700
2001-01-12,52.87535260534227,54.45529342024294,51.82205872874183,52.862186431884766,60793900
2001-01-16,52.71735776146864,53.020179746611944,51.03208758327983,52.23020935058594,32203300
2001-01-17,54.34994232118013,55.284740263235314,53.204485687957586,53.82329559326172,61388800
2001-01-18,54.03398256973482,56.24589998487016,52.82269446144641,56.08790588378906,54934700
2001-01-19,57.41769717573333,57.56252512091404,55.245277998022715,55.877254486083984,56292500
2001-01-22,55.50859874430798,56.45656342874588,54.56063405987008,55.92991638183594,35777100
2001-01-23,55.53491761548634,57.64150529174945,55.03460304237385,57.10169219970703,49859500
2001-01-24,57.351856306278506,58.24715617515521,56.24589764472493,56.561885833740234,53905400
2001-01-25,56.35122251140979,57.022697359092476,54.25780092745788,54.3499641418457,57151900
2001-01-26,53.55998619907093,55.56124428713848,53.086004020318086,55.23208999633789,45681400
2001-01-29,54.56062166014714,56.66720936903313,54.13930411836994,56.45655059814453,31514100
2001-01-30,56.58294688869043,57.08009849990106,55.6139152612579,56.24589157104492,42439300
2001-01-31,56.6672213402342,57.29076963372905,54.18144989013672,54.18144989013672,59322200
2001-02-01,54.39208725931741,55.28527822718561,53.59158021918396,54.897666931152344,45142600
2001-02-02,54.72072882801674,55.02407799703999,50.55810911992795,51.864192962646484,47471000
2001-02-05,51.56084538368642,52.15911880299795,50.65922600039488,51.82206344604492,36016300
2001-02-06,51.81364293124722,53.18713607423225,51.53557175586599,51.90633010864258,42417700
2001-02-07,50.98785670045137,51.56927707032872,49.361573652714554,51.06369400024414,61972200
2001-02-08,51.31649728490204,51.822077240513316,49.3615834087533,49.538536071777344,48269500
2001-02-09,49.08350549634283,49.378426561205224,47.18757609948838,47.52463150024414,55385200
2001-02-12,47.39823687210873,48.8222894093939,46.86737571910949,48.097625732421875,50540400
2001-02-13,48.577913228875424,49.867143861551206,46.328075913188776,46.55558776855469,58914000
2001-02-14,46.68196970670577,48.66216022219665,45.603394965341785,48.40937042236328,63048200
2001-02-15,49.54693671051759,50.970991899147585,49.12561921601592,49.20988464355469,67801300
2001-02-16,47.15385701389315,47.920654787116156,45.948888625343045,46.454471588134766,66779700
2001-02-20,46.96849214837911,47.052754391026674,44.06982471396438,44.6512451171875,55298400
2001-02-21,43.43782965064634,45.56127004296342,42.906968748967785,43.39569854736328,72349000
2001-02-22,43.35358993641578,43.95186027085725,41.19644225656064,42.974403381347656,103855500
2001-02-23,42.2075956543937,43.479973342553755,40.64029372906943,43.126068115234375,93337900
2001-02-26,43.88444002168442,44.322607469683966,42.342416158954734,43.943424224853516,78342700
2001-02-27,43.429401599291275,43.88442519664935,41.20484607584765,41.28910827636719,66741700
2001-02-28,41.66830623718728,42.3087074973047,39.48588120488524,39.983036041259766,102187900
2001-03-01,39.57858808269756,41.45766474893092,38.550571805931654,41.120609283447266,101773000
2001-03-02,39.772384211908744,41.81998811466952,38.466300224873265,39.35106658935547,95927100
2001-03-05,40.02517920854376,40.74984612536015,39.6796988428986,40.06731033325195,43888400
2001-03-06,41.54190187477435,42.68788590680628,41.37337424399367,41.62616729736328,60828600
2001-03-07,42.46879020655577,42.49406821897323,41.26382232724652,41.64300537109375,55215500
2001-03-08,41.58404020351759,41.97165478597493,40.53074634613976,40.867801666259766,48965200
2001-03-09,39.81450071785669,39.91561601012479,37.87644100833252,38.00283432006836,79990900
2001-03-12,37.075943409370865,37.87644737586182,35.22214559602278,35.643463134765625,80674000
2001-03-13,36.04794023037632,37.6995080044931,35.500229166534574,37.455142974853516,80024400
2001-03-14,35.98051779375844,38.07867729827861,35.65189063385029,36.86528396606445,97190000
2001-03-15,38.08711945598857,38.17980986120924,35.432816748519016,35.51708221435547,74135500
2001-03-16,35.28956789393819,36.06479084086434,34.17728953523629,34.716575622558594,77784500
2001-03-19,34.91879331730796,36.452388763427734,34.33737632325072,36.452388763427734,53248200
2001-03-20,36.60405445893102,36.9158316484799,33.87391951414488,34.00031280517578,104796200
2001-03-21,34.1435623922868,35.222133904854495,33.461027048891935,34.00031280517578,96200700
2001-03-22,34.210994204965196,36.06479263305664,33.275671658885194,36.06479263305664,130208100
2001-03-23,36.69676915074244,36.932709236469655,34.96936731194768,36.06479263305664,95277500
2001-03-26,36.629349733622114,36.65462775864144,35.01148863002966,35.23057556152344,57666200
2001-03-27,35.22215182011821,36.84001312626935,34.90194953405944,36.443973541259766,69945300
2001-03-28,35.30642375607482,35.55921372754098,33.43577218130728,33.4526252746582,77863500
2001-03-29,33.18297008795333,34.21941084242734,32.357188101813016,32.82063674926758,79654700
2001-03-30,33.11555194060105,33.68854394728888,32.020127179955686,32.989158630371094,63661300
2001-04-02,33.006032301713404,33.579024721600746,31.430304754222938,31.514570236206055,69713600
2001-04-03,31.34602421718043,31.809472847576867,29.172024265084204,29.205730438232422,89015700
2001-04-04,29.24787159706133,30.174772390735658,28.312545864403926,28.69173240661621,76473900
2001-04-05,30.33486190459004,31.986425836828953,30.090496967792077,31.4387149810791,87035800
2001-04-06,31.093251882078107,31.261776414061664,29.913560871796783,30.292747497558594,86123600
2001-04-09,31.000524746132765,31.506104172111595,30.20844624053151,31.219608306884766,51638700
2001-04-10,31.935864635632438,34.093007965639295,31.834746131240532,33.536869049072266,94265100
2001-04-11,35.52549505262407,35.811991110080626,34.08458982882688,34.548038482666016,92829500
2001-04-12,33.958204240770634,36.06479263305664,33.70541427657607,36.06479263305664,79531500
2001-04-16,35.34011748037554,35.753010123427984,33.755965692724715,33.91606521606445,65229800
2001-04-17,33.66326883967902,35.980515086016915,33.62113773262509,34.75869369506836,94694300
2001-04-18,36.840002509262455,40.44647921023454,36.40183193209056,38.382022857666016,128891400
2001-04-19,38.845488971953685,41.078473971009096,38.40732141160055,40.69928741455078,110467600
2001-04-20,40.598150478979555,41.65986905799276,36.275432463174674,40.783531188964844,80598100
2001-04-23,39.59542396195789,40.210547186780595,37.825888359133074,38.04497528076172,79317600
2001-04-24,38.00283892431971,39.11511691721899,36.86528290889013,37.328731536865234,88888300
2001-04-25,36.99167496859292,38.40730191793516,36.317564448413044,38.00283432006836,68418400
2001-04-26,38.67695655676377,38.97187758788581,36.9664049330615,37.033817291259766,71110200
2001-04-27,38.04497528076172,38.314618250152556,37.27817748385696,38.04497528076172,55580000
2001-04-30,38.97188125984361,40.084159559729436,38.17137711000497,38.88761901855469,73859100
2001-05-01,38.92974692223981,40.51390199987298,38.255639404437886,40.48862075805664,54498300
2001-05-02,41.120591814347044,41.62617479778768,40.02516683848901,41.27226638793945,77566500
2001-05-03,40.36224186290714,40.36224186290714,38.92976086551474,39.435340881347656,67124900
2001-05-04,38.17138793302006,40.61503219604492,38.0112883434175,40.61503219604492,72673400
2001-05-07,40.44649220407628,40.95207207086787,39.688119189490486,39.77238464355469,45561600
2001-05-08,40.69929446122535,40.74142559381556,39.59544400112463,40.61503219604492,56970700
2001-05-09,39.64599189260576,40.404364980319265,39.131983823644234,39.224674224853516,60984600
2001-05-10,40.379093049494486,40.48863656841225,38.52529745525249,38.56742858886719,61130300
2001-05-11,38.62638777434988,39.115114393320255,37.99441153668997,38.382022857666016,48760400
2001-05-14,38.17137121997447,38.221930485585354,36.52823205319718,37.76690673828125,43108000
2001-05-15,37.83431651002527,39.01400369751074,37.56467354063444,38.04497528076172,69007600
2001-05-16,37.3371671948093,40.04202543894342,37.1265083929721,39.73025131225586,80110500
2001-05-17,39.98303434329982,41.11216545519634,39.82293162427119,40.362220764160156,73810700
2001-05-18,40.143119825417415,40.766670967950745,39.67967134598676,40.48017501831055,41095100
2001-05-21,40.589727852698395,43.100783070799736,40.15156046576274,43.016517639160156,85426900
2001-05-22,43.23560167070573,43.774887539732006,42.28342325010771,42.89012145996094,77233900
2001-05-23,42.50250823763581,42.51093638769734,40.985765880700185,40.99419403076172,65618000
2001-05-24,41.26383833337919,42.123326447325546,40.673993171133944,42.047489166259766,61792500
2001-05-25,42.098046877608,42.14860613845296,40.46333601639277,41.28069305419922,36191100
2001-05-29,40.867807916257966,40.867807916257966,38.84548211505497,38.862335205078125,66609600
2001-05-30,38.280897706104064,38.634802765187125,37.14334205688391,37.438262939453125,81397400
2001-05-31,37.53096723392964,38.63481713149374,37.32873340039855,37.69106674194336,68018300
2001-06-01,38.37360602326242,38.955023127470135,37.35401824938009,38.803348541259766,61874300
2001-06-04,39.0392716522656,39.317339463535376,38.16293069273077,38.61795425415039,41696000
2001-06-05,39.01401477057048,40.7498446912898,38.92975252411947,40.320098876953125,68146400
2001-06-06,40.513887463696804,41.196419674282964,39.66282441613042,40.008304595947266,61169500
2001-06-07,39.71339428938831,41.70201369609347,39.662835024771134,41.03633117675781,65400200
2001-06-08,41.053193517029335,41.095324639839696,39.561728625872384,39.898780822753906,56391400
2001-06-11,39.519590357119405,39.603852587503816,38.33147490807021,38.803348541259766,48809400
2001-06-12,37.80903482444255,39.4353207724398,37.26974889204096,38.59268569946289,78450500
2001-06-13,38.98872386812252,39.39318830347865,37.514112541254335,37.539390563964844,68535400
2001-06-14,37.09281008136107,37.41301242810655,35.39068621573364,35.60134506225586,91050300
2001-06-15,35.222148027519275,36.292295035529484,34.78397737125067,35.89625549316406,84589400
2001-06-18,35.92995480935485,36.37655031736916,34.885089240718095,35.41594696044922,63539100
2001-06-19,36.502951019622444,36.705184851003274,34.76712161612914,35.23899841308594,73386900
2001-06-20,34.80084874935951,36.208051836949984,34.78399565206146,36.03952407836914,83588600
2001-06-21,35.95523290390359,37.26974462441053,35.64345886263367,36.52822494506836,67212600
2001-06-22,36.75574767499162,37.24447764920755,35.88783442041994,36.443973541259766,51870400
2001-06-25,36.74731034689676,36.907409828745934,35.938381573768524,36.536651611328125,39212100
2001-06-26,35.84569028875274,36.98324614564437,35.79513103634086,36.66304397583008,55155100
2001-06-27,36.80631547919622,37.202355156026464,36.23332313525423,36.89900588989258,53289400
2001-06-28,37.41300301308174,39.06456718274224,37.37086868286133,37.37086868286133,89963700
2001-06-29,37.99443753377721,39.199406641881446,37.665810179639614,38.508445739746094,59719600
2001-07-02,38.466318298428185,39.165704208988764,38.07870346061402,38.29779052734375,50884300
2001-07-03,38.12924326568849,38.50000160103337,37.75005677817769,38.45787048339844,24758400
2001-07-05,37.80903177177473,38.070249780490236,36.612491607666016,36.612491607666016,44409800
2001-07-06,36.24171797910952,36.325983379947864,34.96091603033041,35.09573745727539,53434800
2001-07-09,35.297989743098896,35.97209729324673,34.969362513301725,35.399105072021484,45547500
2001-07-10,36.031078305114114,36.13219683946047,34.042462012273496,34.12672424316406,58620000
2001-07-11,34.059308590488115,34.63230070540122,33.59585993664897,34.548038482666016,77840200
2001-07-12,35.921541413955275,36.93270435138593,35.64347024004254,36.738895416259766,70363300
2001-07-13,36.553512571413336,37.43827880854646,36.149048097706704,36.35970687866211,62474200
2001-07-16,36.545088590877974,36.95798126300767,35.306417003285425,35.68560028076172,53390800
2001-07-17,35.23899967897622,36.57036468193218,35.00306287922112,36.48609924316406,59813000
2001-07-18,35.61817008488764,36.10689655216454,34.665991948990765,35.09573745727539,64797200
2001-07-19,35.77829137316652,36.52823621940715,35.18002112665976,35.92996597290039,76590200
2001-07-20,34.96091603033041,35.50862667099597,34.85137261643875,35.09573745727539,49012800
2001-07-23,35.59291787951169,35.72773940421292,34.16886210955627,34.21942138671875,55329400
2001-07-24,34.02561573894691,34.46378649902433,33.12399618734102,33.831809997558594,70422900
2001-07-25,33.82337506892114,34.31210500840098,33.199826845775625,34.12672424316406,68859600
2001-07-26,34.08460546157591,35.29799938322834,33.68856576140358,34.63231658935547,69199300
2001-07-27,35.08732323509177,35.609756070041826,34.80082718733253,35.348541259765625,47452900
2001-07-30,35.50020785330018,35.643454237806125,34.885084786004164,35.137874603271484,39459400
2001-07-31,35.25584311869941,36.047918739975316,34.96934713408525,35.18843078613281,55732500
2001-08-01,35.921544760289436,36.654636592099806,35.736163960411474,36.31758117675781,53864800
2001-08-02,36.89899910892177,37.075951743514736,36.081641871423145,37.00011444091797,53187300
2001-08-03,36.67990790101754,36.67990790101754,35.862553972364495,36.384986877441406,51513700
2001-08-06,35.83728212245794,36.10692519021412,35.68560749504523,35.81200408935547,31105700
2001-08-07,35.474942829104535,36.08164123924889,35.34012131733895,35.626617431640625,38407500
2001-08-08,35.26428043217697,35.93839113689373,33.958196566984874,34.12672424316406,76045200
2001-08-09,34.05089379657232,34.446933433069525,33.68856034496821,34.26997756958008,66861400
2001-08-10,34.05933276966588,34.33740408801457,33.05659746391155,33.94136428833008,68491900
2001-08-13,34.202573913269994,34.83455051683049,33.873946593722415,34.63231658935547,48425700
2001-08-14,34.96093900118782,35.13789163761936,34.16043484643755,34.21099090576172,51267600
2001-08-15,34.22784269932572,34.48906078205814,32.921758714460346,32.94703674316406,58935300
2001-08-16,32.55942583856133,33.35992997614137,32.05384596977311,33.334651947021484,68227300
2001-08-17,32.390891824490794,32.69424097233769,31.775768592200265,31.817899703979492,56649300
2001-08-20,31.89374716464423,32.56785802573588,31.615679166682913,32.256080627441406,49921300
2001-08-21,32.264496848264244,32.56784598068359,30.882575880040665,30.916278839111328,56445600
2001-08-22,31.556690014367526,31.88531723984698,30.78989208344936,31.758920669555664,65221400
2001-08-23,31.742066496794425,32.407749077418224,31.43029237227877,31.447145462036133,54711800
2001-08-24,31.90216524341791,33.19139591147054,31.80947486857009,33.11555862426758,58450600
2001-08-27,33.09870013623763,33.62113612479419,32.71951697648814,33.157684326171875,50927500
2001-08-28,33.132412948225685,33.23352826347009,32.02855977428138,32.12125015258789,65275500
2001-08-29,32.33190829798947,32.3993206497574,31.28704256076934,31.649375915527344,59060500
2001-08-30,31.00896648006031,31.43871211796791,30.124200397964593,30.478105545043945,76105800
2001-08-31,30.36014345187577,31.202778602596922,30.284306159734946,30.865726470947266,54309000
2001-09-04,30.764599673418562,31.598809662852613,29.787143289756873,29.888261795043945,74073600
2001-09-05,29.905119484229974,30.259024664039757,28.77598838316437,29.77029800415039,95461200
2001-09-06,29.273144101335618,29.930398435303484,28.464211981377776,28.565330505371094,88701800
2001-09-07,28.329390552760398,29.57649008821446,28.10187869492518,28.39680290222168,95528800
2001-09-10,28.21984960671654,28.919235035847155,28.093453061809754,28.733854293823242,80371300
2001-09-17,26.33234182792219,27.638425339707688,26.197520366339113,26.290210723876953,97700900
2001-09-18,26.568285528222596,27.385641004218428,25.590828931724868,25.70037078857422,66285300
2001-09-19,25.818342202714156,26.12169139123871,23.812871119199567,25.25377655029297,116632800
2001-09-20,24.689209985364954,25.354892545090575,24.267892397852247,24.41114044189453,90840200
2001-09-21,23.096623711495333,24.41113377554434,22.91967114451889,23.75387954711914,112341900
2001-09-24,24.50383078835419,25.2790552124919,24.090939746080707,24.950428009033203,85696500
2001-09-25,25.034685311720164,25.64138354597819,24.394284120090273,25.026260375976562,83860600
2001-09-26,25.236929546808927,25.279060671715364,23.939270327538498,24.158355712890625,59759800
2001-09-27,23.930844011182973,24.259472895970223,23.10506174036258,23.998254776000977,70050700
2001-09-28,24.30159490109792,25.21164068820816,23.854997747283168,24.41956329345703,84810800
2001-10-01,24.310023093443437,24.419564949893264,23.46738798869461,24.208906173706055,53460800
2001-10-02,24.141488641484152,24.781891333888005,23.93082992453019,24.28473663330078,74133400
2001-10-03,23.94769028724348,26.635696782692968,23.871852997511123,26.121688842773438,136198600
2001-10-04,26.6693999861979,27.975485325772777,26.07112985027823,26.37447738647461,127371500
2001-10-05,26.1216878209605,26.880059081419574,25.49813804648531,26.7620906829834,96443400
2001-10-08,26.231224988206655,27.259239036931454,26.08797698404677,26.846349716186523,67789600
2001-10-09,26.846354428147436,26.981175913702568,26.012145883575478,26.197525024414062,57564800
2001-10-10,26.012155633174384,27.419356822387243,25.911038677509016,27.385650634765625,73840600
2001-10-11,27.96705636790068,29.70288574146445,27.924925257955437,29.239437103271484,117232200
2001-10-12,28.92766718551646,29.323703533137472,27.924929267110283,29.11304473876953,111901600
2001-10-15,28.750704763485395,29.11303806387611,28.363093442173543,28.986644744873047,78322000
2001-10-16,29.205751815272006,29.57651034808494,28.708596647836504,29.458541870117188,81346800
2001-10-17,30.22532439371486,30.33486787217367,27.217116920209502,27.34351348876953,141530300
2001-10-18,27.5541517440253,28.261964928410393,27.301362009829738,28.085012435913086,94448200
2001-10-19,27.688995270487737,28.438940140633278,26.96432842963748,28.27041244506836,73434200
2001-10-22,28.177718579616997,29.0709130059692,27.992341030297137,29.02878189086914,74104900
2001-10-23,29.340549929468743,29.829279763828076,28.64958949871046,29.180450439453125,104062200
2001-10-24,29.155184950278247,30.06523276876557,28.919248055588547,29.812442779541016,90171400
2001-10-25,29.239439679195815,31.02582525631109,28.843400139145576,31.00897216796875,118551900
2001-10-26,30.756188766611174,31.22806569665227,30.34329605102539,30.34329605102539,93823900
2001-10-29,30.3348559996647,30.46125251875544,28.683292388916016,28.683292388916016,92146800
2001-10-30,28.405227016133356,28.7254292380064,27.6721354161587,28.127159118652344,96092200
2001-10-31,28.68329890229889,29.458521633194557,28.379949759114417,28.565330505371094,106175500
2001-11-01,29.020346215581906,29.964099664021546,28.464207283007244,29.778718948364258,92716000
2001-11-02,29.719742432887283,30.20846915344319,29.399540172551873,29.99781036376953,64917700
2001-11-05,30.553942299991263,31.312315051356723,30.46968008957167,30.97525978088379,64473000
2001-11-06,30.840443077044082,32.18866115269054,30.66349047920478,32.180233001708984,107214900
2001-11-07,31.691515416227862,32.727956490999,31.59882501521278,32.13811111450195,92562100
2001-11-08,32.483596014879474,33.19983807734764,31.388170570727215,31.80948829650879,105916300
2001-11-09,31.674664615685202,32.08755737342812,31.27862495156434,31.792633056640625,74121900
2001-11-12,31.17750258194773,32.315058822827076,30.58765729562583,32.020137786865234,112994400
2001-11-13,32.88804370840936,33.284083195289625,32.55099163000695,33.166114807128906,97931800
2001-11-14,33.67170449063256,33.907644551132826,32.64369165090429,33.402061462402344,88660100
2001-11-15,32.99758424817088,33.79808808711543,32.82063168154866,33.26722717285156,86349700
2001-11-16,33.26724714588579,33.435774878591424,32.79537013718985,33.174556732177734,64035500
2001-11-19,33.52846359360994,34.118309020996094,33.27567361455844,34.118309020996094,69196300
2001-11-20,33.77282191303957,33.89921527021692,32.42460360235952,32.542572021484375,85176500
2001-11-21,32.416169202751185,32.82063361358157,32.00327664192996,32.3740348815918,60867900
2001-11-23,32.660527131022526,33.22509418242098,32.50042765808116,33.098697662353516,27046000
2001-11-26,33.35150120134165,34.00875559803937,32.871196202526335,33.91606521606445,75267500
2001-11-27,33.74751633086268,34.52274186291896,33.03127818022457,33.8739128112793,100289700
2001-11-28,33.47789700039242,34.017183028427404,32.60155559763643,32.65211486816406,101568200
2001-11-29,32.88805807542263,33.705415428163235,32.68582738291703,33.66328430175781,83774700
2001-11-30,33.477901097915144,33.73911920601559,33.166126927497544,33.410491943359375,66018200
2001-12-03,33.10714843420252,33.368363373053484,32.75323986481842,32.83750534057617,60449800
2001-12-04,33.14927977025791,34.41323298486195,32.39090655573579,34.404808044433594,79378700
2001-12-05,34.71657213351384,36.359711475586145,34.64915977217424,36.10691833496094,115773700
2001-12-06,35.98051810998811,36.43554181896671,35.69402205778651,36.157470703125,77702100
2001-12-07,35.795134671285716,35.89624997198045,34.66600363460252,35.16315841674805,81632600
2001-12-10,34.81768145269598,35.584479251418266,34.44692317250422,34.548038482666016,69088000
2001-12-11,34.935665205024826,35.609772926380025,34.65759717626544,34.741859436035156,66056500
2001-12-12,34.9693763162931,35.34013481161933,34.21100301403533,35.019935607910156,76093400
2001-12-13,34.30367399776541,34.54803894713967,33.503170013427734,33.503170013427734,79582600
2001-12-14,33.595858064973136,34.09301286596821,33.34306819645307,33.798091888427734,70006300
2001-12-17,33.722258411668626,34.75027430263599,33.722258411668626,34.379512786865234,62295500
2001-12-18,34.68285814302593,34.96935418541001,33.84022310241364,34.767120361328125,50850400
2001-12-19,34.17726996377768,34.81767102215049,33.97503618964076,34.135135650634766,79596200
2001-12-20,33.78965980313015,33.9581874339841,32.593119731421794,32.68581008911133,83048800
2001-12-21,33.21666791907498,33.461032824065974,32.989159313073394,33.26722717285156,56205000
2001-12-24,33.317800379934994,33.393637685161494,32.989173128753,33.13241958618164,13660400
2001-12-26,33.174536611880704,33.95818736143985,32.99758404634082,33.44417953491211,37672900
2001-12-27,33.5789923549187,33.87391643598404,33.36833367461332,33.71381378173828,34255200
2001-12-28,33.94978761094956,34.37953033382253,33.899228319976444,33.98349380493164,38240400
2001-12-31,33.96661650305038,34.08458488352284,32.78692626953125,32.78692626953125,46176900
2002-01-02,33.34306819645307,33.83179806140309,32.80378228643757,33.798091888427734,61708800
2002-01-03,33.96661081235626,35.01147619096972,33.92447649976323,34.96934509277344,85769100
2002-01-04,35.34854224203147,35.635038297751876,34.48905407487025,35.11260223388672,86876900
2002-01-07,35.48337539584084,35.57606579941012,33.79810468192314,34.72500228881836,75166200
2002-01-08,34.63230327767221,35.19687049800343,34.41321955364985,34.960933685302734,66956800
2002-01-09,35.42439446750858,35.89626825400842,34.46379058567779,34.640743255615234,85123000
2002-01-10,34.69127695680905,35.003054181179664,34.27838765983804,34.86823272705078,75548000
2002-01-11,34.842952127680974,35.05361085448532,34.101435723695545,34.421634674072266,60832900
2002-01-14,34.118306065841445,34.27840562201395,33.452623380958,33.67170715332031,71310700
2002-01-15,33.73066442234974,34.33736240635717,33.334628317808125,33.99188232421875,66916100
2002-01-16,33.30935965644089,33.65483986889382,32.668958487405206,32.67738342285156,90942000
2002-01-17,33.26724226653053,33.68013499037979,32.871202634919875,33.410491943359375,75285900
2002-01-18,32.71949901313983,33.2419315004782,32.20549145642501,32.51726531982422,81985600
2002-01-22,32.8627858039413,32.87963890033792,31.455586006017604,31.514570236206055,81773800
2002-01-23,31.72521478671025,32.60155290262537,31.472421669367527,32.382469177246094,74968800
2002-01-24,32.812198638916016,33.29250022777805,32.66895226283988,32.812198638916016,77251200
2002-01-25,32.41617521555522,32.98916737411399,32.32348483484748,32.71952438354492,58832100
2002-01-28,32.98917268367649,33.19140335195305,32.37404609713915,32.9049072265625,47795900
2002-01-29,32.97229656739658,33.19980832113305,31.607226044977796,32.003265380859375,83339800
2002-01-30,32.02013446433906,32.73637302844013,31.05110279347491,32.24764633178711,101385500
2002-01-31,32.50043413891799,32.65210870748522,32.03698549691708,32.44987487792969,69655500
2002-02-01,32.35719810133737,32.761662675804246,31.767352724840322,32.13811111450195,61207100
2002-02-04,31.986447329853817,32.07913776225958,30.848890529819,31.110105514526367,82763300
2002-02-05,30.832027183088716,31.45557874829432,30.49497176172373,30.59609031677246,86853800
2002-02-06,31.042666335278497,31.08479743263627,30.08206317217586,30.385412216186523,98507600
2002-02-07,30.3264489071774,30.798322665355034,29.492238462057962,29.6523380279541,97725900
2002-02-08,29.879835483420848,30.537092950621176,29.466946145161607,30.478105545043945,80483100
2002-02-11,30.452833832758778,31.00897290365882,30.31801233721931,30.865726470947266,57641200
2002-02-12,30.596092462950335,31.160656636779784,30.36858051972984,30.612945556640625,51477700
2002-02-13,30.94156455064555,31.30389793182998,30.848874167403288,31.1353702545166,60984700
2002-02-14,31.30389737622215,31.657802599340553,30.334865659667987,31.076385498046875,77482300
2002-02-15,31.034246260013205,31.10165538345928,30.031508628176358,30.149477005004883,79719900
2002-02-19,29.80400079766293,29.879838080685893,28.919234638660097,29.222583770751953,72437200
2002-02-20,29.40795739275779,29.635465972366212,28.59060056404223,29.618616104125977,106552700
2002-02-21,29.31527110964285,29.450092575033903,28.21141815185547,28.21141815185547,109307800
2002-02-22,28.3209653039126,28.818120125314135,27.882794680440256,28.354671478271484,99824200
2002-02-25,28.649581195034333,29.702874621322362,28.607450100862103,29.500640869140625,88994700
2002-02-26,29.686034281426267,29.85456194484034,28.96136757882422,29.39111328125,94683300
2002-02-27,29.820851579244327,29.921966877326252,28.700148721643117,28.986644744873047,95159300
2002-02-28,29.07934344413458,29.466958133814618,28.43894201603483,28.46422004699707,95711200
2002-03-01,28.775975359693792,30.124189550312963,28.725416122147003,30.115764617919922,86081600
2002-03-04,30.082070719327465,31.37130126542518,29.829280857362864,31.303892135620117,105734600
2002-03-05,31.118530147477873,31.91060638257424,31.017414784665437,31.53141975402832,91452600
2002-03-06,31.24491321947666,31.978004907325793,30.84044551473434,31.683080673217773,86943400
2002-03-07,32.12124460873981,32.29820039787388,31.185919264563832,31.750486373901367,85496000
2002-03-08,32.21395075102632,32.88805842385156,32.12968849732277,32.58470916748047,84443700
2002-03-11,32.31504984385881,33.022863347894386,32.07068814527302,32.46672439575195,71035200
2002-03-12,31.65780439159885,32.020137786865234,31.447145590369473,32.020137786865234,82652100
2002-03-13,31.52298295527951,31.733641756962584,31.06795917218849,31.244915008544922,71376200
2002-03-14,31.228054085434056,31.514550112434275,30.949982994052636,31.059526443481445,70700500
2002-03-15,31.084801833554025,31.455563257346057,30.832011999221272,31.37129783630371,63966500
2002-03-18,31.70836439229733,31.969579254630723,31.219634419263535,31.548261642456055,78938300
2002-03-19,31.683071510970358,31.919011472906245,31.362872557709757,31.49769401550293,58947600
2002-03-20,31.067944350813825,31.244900102751167,30.368559134364077,30.385412216186523,61816500
2002-03-21,30.461253985646373,31.295460765746856,30.250595253282004,31.194345474243164,89198800
2002-03-22,31.126928175862947,31.295455777773384,30.73089200792956,30.90784454345703,58930100
2002-03-25,30.916273092184767,31.093228862800725,29.93039180948181,29.96409797668457,87421900
2002-03-26,29.84611955188772,30.688754252474904,29.829269686544713,30.242158889770508,92457500
2002-03-27,30.02309011809668,30.334864211348577,29.829284426918587,30.006237030029297,64531800
2002-03-28,30.35170605254163,30.646626948442727,30.250590776003637,30.385412216186523,59539400
2002-04-01,30.166333018881105,31.09323346785303,29.745015509638637,30.96683692932129,70730500
2002-04-02,30.318002541446432,30.461252142271924,29.492220746278278,29.568058013916016,77759800
2002-04-03,29.745021345807178,29.871417909138753,28.902386161991686,29.51750946044922,85766400
2002-04-04,29.070905798592534,29.62704473746798,28.88552508083497,29.289989471435547,90521500
2002-04-05,29.50065453048288,29.635476022905845,28.8012690430381,28.961368560791016,68426000
2002-04-08,28.203000642424108,29.32370376586914,28.160866311697628,29.32370376586914,74950700
2002-04-09,29.306853933514095,29.475381631955162,28.219856868086136,28.304119110107422,80910200
2002-04-10,28.447363868740876,28.860256544589966,27.91650598973271,28.5147762298584,85748700
2002-04-11,28.363094315699005,28.523193810459237,27.705840036328343,27.806955337524414,90665600
2002-04-12,28.076604762475284,28.481069274989427,27.764830636778633,28.245132446289062,78360100
2002-04-15,28.481062112106326,28.6158835823706,27.975482402214652,28.472637176513672,69306800
2002-04-16,29.01193696048844,29.67761969522144,28.995083866829496,29.6607666015625,72064700
2002-04-17,29.829302397719108,29.913564674422346,29.197325679245395,29.50909996032715,69130100
2002-04-18,29.306850520026497,29.61862785086797,28.649596108497768,28.944517135620117,91086100
2002-04-19,29.53435957945774,29.542787730511193,28.969795605993053,29.03720474243164,62286800
2002-04-22,28.658024383875016,28.658024383875016,28.01762298707716,28.304119110107422,64625600
2002-04-23,28.304109942171127,28.59903090811677,27.554165302140103,27.815380096435547,73070300
2002-04-24,27.983921000253982,28.068186469308028,27.13286065640143,27.385650634765625,68953900
2002-04-25,27.217114358600632,27.579447725679294,26.96432445967081,27.31822967529297,103073700
2002-04-26,27.520467547887602,27.621582879367846,26.130119686040096,26.155399322509766,100193400
2002-04-29,26.32392416458426,26.58514063360848,25.750931955989866,26.222808837890625,85326800
2002-04-30,26.146972688742093,27.124427854280977,26.07113538678834,26.73681640625,95357900
2002-05-01,26.686245798363043,26.829493787336574,25.767773682097182,26.593555450439453,109975700
2002-05-02,26.4503195708024,26.955901034359584,25.666668543368637,25.70880126953125,85852200
2002-05-03,25.675096125074983,25.708802307365755,24.840887399769215,25.059972763061523,92103200
2002-05-06,24.967279528835377,25.26220216153408,24.310025120922948,24.41114044189453,96491200
2002-05-07,24.663923997812557,24.7313347257681,23.947684008785824,24.183622360229492,101954400
2002-05-08,25.38859831856568,26.863209944686933,25.27905644779286,26.77052116394043,129741500
2002-05-09,26.60199418053897,26.871637199283875,25.953164662184562,26.079561233520508,106477200
2002-05-10,26.130116292712678,26.19752704067844,24.857737018559806,24.908294677734375,112282800
2002-05-13,25.169521000309174,26.104845234677867,25.000993271435778,25.919466018676758,93971200
2002-05-14,27.006458956114475,27.51204203169254,26.854785962080072,27.444629669189453,107284700
2002-05-15,27.031734990805308,28.3378187258633,26.837927700349884,27.64685821533203,150522100
2002-05-16,27.419350444524646,27.849092986343862,27.149707435069804,27.688993453979492,89916300
2002-05-17,28.05132547748753,28.152440797483823,27.360364897783075,27.747976303100586,82695000
2002-05-20,27.469908367142242,27.554173822323953,26.91377082773596,27.141281127929688,78144200
2002-05-21,27.267668169061658,27.461473826615634,26.12168409448395,26.39975357055664,104180000
2002-05-22,26.096410668375192,26.618845181584728,25.62453542261109,26.458744049072266,89543100
2002-05-23,26.652553068394262,27.04859106945837,25.953165853715543,26.989606857299805,94445800
2002-05-24,26.61883803367455,26.703101849590684,26.130109829999302,26.323915481567383,55874600
2002-05-28,26.517733494940014,26.559866226138453,25.691951249842912,26.20595932006836,68829400
2002-05-29,25.83518853295483,26.037420736658746,25.481281774673313,25.51498794555664,73470200
2002-05-30,25.287484007880817,25.885754263038404,25.19479361621447,25.734081268310547,92080500
2002-05-31,25.9194560981903,26.155394506869406,25.279053223660366,25.312759399414062,79907400
2002-06-03,25.27905142772748,25.48971018962521,24.2594637915979,24.41956329345703,77043700
2002-06-04,24.22575728105639,25.00940812156063,24.107788890339204,24.739765167236328,98366200
2002-06-05,24.790323397824068,25.110524011755967,24.41113697995843,24.992555618286133,95347100
2002-06-06,24.86616729378042,24.86616729378042,23.509523979324996,24.33530616760254,91129700
2002-06-07,23.28199984144819,24.25945773108751,23.189311102263925,23.84656524658203,106049200
2002-06-10,23.89713948595325,24.225766764277907,23.711758676888543,23.8044490814209,73142900
2002-06-11,24.09936871535222,24.175206017195713,23.054501187640902,23.138763427734375,84609500
2002-06-12,22.953385935549797,23.560082787665007,22.607905582750938,23.475820541381836,152974400
2002-06-13,23.391555120231686,23.77074002469153,23.046074790586413,23.32414436340332,97556300
2002-06-14,22.633183291401885,23.3578485122929,22.07704415590914,23.27358627319336,122106800
2002-06-17,23.59377587250683,24.225752011948977,23.517938607197898,24.065650939941406,87618100
2002-06-18,23.854996366250166,24.56280989382512,23.82971834489309,24.45326805114746,100513400
2002-06-19,23.678052173416766,23.863431360214168,22.96181184933704,23.037649154663086,93507600
2002-06-20,22.978661044173943,23.13033562910431,21.63044447581394,22.296125411987305,99913200
2002-06-21,22.211867408256673,22.565774304694123,21.613595499117483,21.75684356689453,168755100
2002-06-24,21.445064369549055,22.58262049168789,21.242830527143234,22.186582565307617,219672100
2002-06-25,22.397245324138424,22.515213747170254,21.31867160419284,21.453493118286133,136336400
2002-06-26,20.58557416869708,21.723131787745764,20.55186799583103,21.613588333129883,149080300
2002-06-27,21.908515667912617,22.119174472411775,21.0827335400037,22.085468292236328,121371100
2002-06-28,21.950646054261256,22.540491330077494,21.782119980598814,21.992778778076172,87842000
2002-07-01,21.883246063380756,22.02649418038863,20.88051085152548,20.939495086669922,64753900
2002-07-02,20.728822851057025,20.855217788944195,19.456443714302026,20.181110382080078,111629600
2002-07-03,20.096838422913358,20.855209350585938,19.90303282275669,20.855209350585938,101067000
2002-07-05,21.284957877096396,22.237134611860267,21.108003711436734,22.195003509521484,56768300
2002-07-08,22.077045911749384,22.37196698645193,21.133293651103287,21.386083602905273,97288500
2002-07-09,21.27653366764272,21.470339331164844,20.720394698371322,20.77937889099121,91039600
2002-07-10,21.057459340818834,21.091165529695477,20.080002364189834,20.138986587524414,115365200
2002-07-11,20.021010623138665,20.97318760057595,19.82720493146897,20.897350311279297,170271200
2002-07-12,21.276536757762564,21.504048625652523,20.68669153149947,20.897350311279297,130027800
2002-07-15,20.79622674424964,21.605155366133754,20.01257613730046,21.546171188354492,140207200
2002-07-16,21.276542243531086,21.925371838269584,20.981619554359103,21.225984573364258,148281700
2002-07-17,21.9674951122295,22.279270782445337,20.973185513463967,21.613588333129883,157954700
2002-07-18,21.386074131240154,21.546175220313977,20.66140917366119,20.838361740112305,114052300
2002-07-19,20.501316995335714,20.821517705457662,20.05471970315578,20.214820861816406,124116400
2002-07-22,20.096857059748192,20.64456981503364,19.456453884866864,19.717670440673828,150034800
2002-07-23,19.75978457518678,20.012574345087568,18.773901901056647,18.875017166137695,150786800
2002-07-24,18.377879951961432,19.9367559608685,18.234631851527816,19.903051376342773,186493600
2002-07-25,19.59127158261417,19.717666561707293,18.36944970124881,18.74863624572754,153915500
2002-07-26,19.00985627335435,19.24579479000224,18.546407395052757,19.10254669189453,96034200
2002-07-29,19.60811899960153,20.32435915008268,19.448017881917767,20.079994201660156,96735200
2002-07-30,19.99573435110868,20.804665037141483,19.877765928911916,20.48446273803711,117394300
2002-07-31,20.223234800850815,20.38333585970641,19.68394905379825,20.096839904785156,93831300
2002-08-01,20.00414891229347,20.138970344662223,19.094103440205245,19.153087615966797,85149700
2002-08-02,19.195233552869222,19.2457912230666,18.38630279371439,18.74863624572754,86706000
2002-08-05,18.63065891519993,18.807611479981073,17.948123461104867,18.06609344482422,84897800
2002-08-06,18.369444344099612,19.38903364012949,18.361019407523177,18.95928955078125,115364600
2002-08-07,19.549123689122528,19.692371637801024,18.504255353351162,19.212068557739258,125677100
2002-08-08,19.169948002293026,19.88618813920309,18.79076157475274,19.86090850830078,111697900
2002-08-09,19.54912670848669,19.978869013697928,19.27948224029387,19.658668518066406,93576900
2002-08-12,19.422747693304842,19.785081216598197,19.296352689346612,19.717670440673828,62870900
2002-08-13,19.574411771543474,20.113699294944627,19.001419681979076,19.04355239868164,88434400
2002-08-14,19.102543078806356,20.391775717928034,18.93401536919068,20.256954193115234,102613500
2002-08-15,20.425480559671787,20.686697066474697,19.98730979476413,20.669845581054688,120307800
2002-08-16,20.332780383116305,21.06587348765405,19.99572672875356,20.81308364868164,95853000
2002-08-19,20.872069035805797,21.563029468725222,20.796231758319646,21.31866455078125,76015900
2002-08-20,21.217558027136562,21.42821686123093,20.93948843041997,21.225984573364258,89981300
2002-08-21,21.39450018700818,21.78211308744633,21.06587308124431,21.69784927368164,101365500
2002-08-22,21.689418756994957,22.085456519756864,21.41977588811891,22.043325424194336,80345500
2002-08-23,21.73998662983401,21.748413174353985,21.02374802482554,21.19227409362793,75211200
2002-08-26,21.318668054968597,21.39450534492026,20.737250974937805,21.27653694152832,83335400
2002-08-27,21.42820773222066,21.495618466124043,20.349634382567867,20.535015106201172,92340400
2002-08-28,20.24008630902323,20.29907048212259,19.70922553673262,19.785062789916992,115562300
2002-08-29,19.549129035097575,20.408615355008784,19.39745450593724,20.046283721923828,97028200
2002-08-30,19.90304629556119,20.223246999214407,19.700812411233688,19.793502807617188,59474900
2002-09-03,19.43116394423263,19.742939622166453,18.824467282414023,19.07725715637207,81828100
2002-09-04,18.959282007836492,19.39745246663407,18.740196778437703,19.153087615966797,82717600
2002-09-05,18.875024776497902,18.95928860283917,18.47898688205239,18.68121910095215,91576600
2002-09-06,19.094121663436876,19.565997127080568,19.04356397984643,19.254222869873047,86008800
2002-09-09,19.10253687433991,19.692382059214875,18.866598478950163,19.448017120361328,72679500
2002-09-10,19.57441312230099,19.945173018874268,19.4058870654578,19.928319931030273,74615800
2002-09-11,20.3243676781047,20.51817344508474,19.734522222635494,19.759801864624023,73902800
2002-09-12,19.574417368285072,19.599697005534594,19.136246632488945,19.220510482788086,70763500
2002-09-13,19.04355001094178,19.44801439738053,18.976139279868654,19.372177124023438,79716100
2002-09-16,19.262636220981303,19.380604604268928,18.849745272275936,19.09410858154297,58853600
2002-09-17,19.422735382481225,19.557556848875297,18.68964385986328,18.68964385986328,89139700
2002-09-18,18.546397479227764,19.001419566457425,18.352591805170665,18.478986740112305,92358300
2002-09-19,18.285183699295324,18.647515469720894,18.158787138952583,18.184066772460938,86247700
2002-09-20,18.394718679245496,18.453702861491244,18.09979616081833,18.259897232055664,78116900
2002-09-23,18.074525933577902,18.133510141244173,17.53523830520246,17.71219253540039,72757500
2002-09-24,17.425698429716054,18.07452800272021,17.400418791879773,17.72062110900879,91507300
2002-09-25,17.99025805245895,18.571676668020423,17.779599296826408,18.428428649902344,98051900
2002-09-26,18.672793396258164,18.81604142531245,18.007112513381596,18.200918197631836,104453500
2002-09-27,18.15879629805858,18.714935658160986,17.95656394958496,17.95656394958496,92249700
2002-09-30,17.754326687637256,17.897574762395767,17.265598245613997,17.45940399169922,91502500
2002-10-01,17.61949891037375,18.529544707494964,17.248739035339533,18.5211181640625,102096000
2002-10-02,18.12508743902949,18.512698947129127,17.67006355679135,17.906002044677734,94829700
2002-10-03,17.745892637482463,18.032388665856526,17.42569204487548,17.47624969482422,74354800
2002-10-04,17.64477000434541,17.712180711993803,16.945383309794085,17.147615432739258,81837100
2002-10-07,17.0717897835465,17.349859342403906,16.726309471244846,16.987525939941406,79861800
2002-10-08,17.088643360344385,17.366712927120442,16.650472646879333,17.02123260498047,94103100
2002-10-09,16.802147759517908,17.299302698154342,16.717883910949165,16.903263092041016,103301000
2002-10-10,16.93696666533204,17.872290579487498,16.77686553843376,17.76274871826172,109610500
2002-10-11,18.158784968294817,18.858172006432603,18.049243117251045,18.723350524902344,124777400
2002-10-14,18.428418778650904,18.959277851320813,18.35258153866979,18.942424774169922,78890300
2002-10-15,19.75137032872183,19.91146986594774,19.532284975087297,19.85248565673828,118176000
2002-10-16,19.13624466980969,19.515431153665524,18.59695865472504,19.19523048400879,97441900
2002-10-17,19.886189804829346,20.063142414370088,19.026701568548308,19.844057083129883,95754500
2002-10-18,19.61654343902336,20.096845133351213,19.32162086667506,20.063138961791992,84941900
2002-10-21,19.818774386988448,20.6024251467411,19.63339366959403,20.46760368347168,85311500
2002-10-22,19.995727297818686,20.50973513984932,19.92831656502767,20.34120750427246,89947000
2002-10-23,20.096846415852745,20.754100731213722,19.94517184855442,20.728822708129883,88093500
2002-10-24,20.796227772827713,20.94790229873236,20.15582511189609,20.206382751464844,88674800
2002-10-25,20.214812005888994,20.85521475277751,20.214812005888994,20.81308364868164,71557300
2002-10-28,21.065877283415265,21.099583458524197,20.366490221893834,20.636133193969727,90272000
2002-10-29,20.484463352581916,20.619284869765565,19.69238734092779,20.15583610534668,90293800
2002-10-30,20.273802261945175,20.888927173347128,20.09684964314671,20.695119857788086,103531100
2002-10-31,20.779383576373156,21.099585847364924,20.52659366323151,20.68669319152832,81493100
2002-11-01,20.53501873746636,21.402931889048105,20.341211436923807,21.27653694152832,86658400
2002-11-04,21.950638458843326,22.599467716291755,21.739979734258654,21.824243545532227,110562400
2002-11-05,21.66414996111612,22.05176298421798,21.537755004069517,21.992778778076172,79603300
2002-11-06,22.152879099687105,22.4225220933924,21.605164960624332,22.30455207824707,116251700
2002-11-07,21.900087489159453,21.99277787052826,21.32709532651412,21.520902633666992,82711600
2002-11-08,21.47876949345449,21.79897174620467,21.03217229133407,21.124862670898438,76937600
2002-11-11,21.02375039779205,21.082734608890433,20.34964122489818,20.48446273803711,74384300
2002-11-12,20.560288512193328,21.402923300456976,20.560288512193328,21.006885528564453,88748800
2002-11-13,20.813084291193697,21.65571925671249,20.63613011269145,21.259679794311523,119341800
2002-11-14,21.554608093595487,22.26242178169534,21.504050432216662,21.992778778076172,85720100
2002-11-15,21.824242757297952,22.28769289896474,21.697847848551906,22.279266357421875,69291300
2002-11-18,22.506790395169514,22.557349675527867,21.900093495664343,21.950651168823242,76238000
2002-11-19,21.73998326698001,21.950642025796476,21.318665749347073,21.613588333129883,88139200
2002-11-20,21.53775284877375,22.540489074437314,21.5209013681332,22.532062530517578,75104700
2002-11-21,22.692158948698207,23.45895660732274,22.540484403968332,23.36626625061035,105472900
2002-11-22,23.06292241236198,23.543224141763357,23.020789694836257,23.35784339904785,73808600
2002-11-25,23.391551967158094,23.76231188333698,23.206172812668154,23.585357666015625,72666100
2002-11-26,23.40840255602916,23.48423984003953,22.666882802860844,22.793277740478516,80017900
2002-11-27,23.197745602502845,23.762311201335685,23.155612881874156,23.517946243286133,73643900
2002-11-29,23.77073438760691,23.838146735648067,22.93652586698365,23.35784339904785,34652100
2002-12-02,23.947695033465216,24.25947079828932,23.23145471470655,23.593788146972656,85136000
2002-12-03,23.214594526410842,23.239874156003445,22.692161705753954,22.894393920898438,76595500
2002-12-04,22.380384568805173,22.70901330316639,22.08546200502405,22.388811111450195,130115900
2002-12-05,22.70902976168635,22.751160898247615,22.018067228802817,22.07705307006836,84933200
2002-12-06,21.748413001930146,22.515210867979206,21.689428797956992,22.30455207824707,81727900
2002-12-09,22.0938960205723,22.371965593115913,21.23440927365517,21.25126075744629,75855200
2002-12-10,21.41977856002021,21.866375621803563,21.360794375995678,21.571453094482422,69578300
2002-12-11,21.436632529054577,21.967491814410593,21.33551563283515,21.672569274902344,64237600
2002-12-12,21.90851482893458,22.489933557102816,21.53775489719841,21.790546417236328,62296400
2002-12-13,21.504047115158137,21.54617822527514,21.074303041729642,21.09958267211914,72647800
2002-12-16,21.251253104306805,21.87480278159938,21.124858181795908,21.782114028930664,60278500
2002-12-17,21.74840095205126,22.077029574849355,21.622006069681895,21.849517822265625,62562700
2002-12-18,21.52933167084622,21.571464400946095,21.108014013043363,21.386083602905273,67130700
2002-12-19,21.20913213083024,21.72314021607528,20.905782886134883,21.11644172668457,95969700
2002-12-20,21.343948242345004,21.44506516730948,21.12486291092113,21.335521697998047,65578600
2002-12-23,21.21756191217774,21.70629043247732,21.175429173324538,21.63045310974121,45941700
2002-12-24,21.48720432428658,21.681010095209103,21.335529683669094,21.360809326171875,16772700
2002-12-26,21.51247187310856,21.83267246213841,21.20912276240756,21.30181312561035,33795400
2002-12-27,21.217554739544155,21.78212039172739,20.85522134389235,20.91420555114746,42490200
2002-12-30,20.931056921335397,21.040598781923833,20.52659244150258,20.75410270690918,57396400
2002-12-31,20.678263116645695,20.821509519891546,20.45917782966003,20.535015106201172,46015400
2003-01-02,20.829937232080063,21.529324238296052,20.602426996881164,21.402929306030273,65903200
2003-01-03,21.453485701372795,21.66414444521439,21.301812755853728,21.638866424560547,39059500
2003-01-06,21.664134924227213,22.405654276696826,21.234392689988958,22.178142547607422,67223400
2003-01-07,22.25399221626414,22.692162841269294,22.11917073275469,22.45622444152832,88726100
2003-01-08,22.23713445285436,22.725862629602855,21.77368590164749,21.824243545532227,74989900
2003-01-09,22.110746666261633,22.734296499150528,22.09389357713514,22.49835968017578,75391100
2003-01-10,22.20343475949863,22.97023255648756,22.093891298672283,22.835411071777344,82594300
2003-01-13,23.02921924462173,23.14718765469591,22.523637818705307,22.700592041015625,72870300
2003-01-14,22.67530592164246,23.02078611564515,22.624748275670957,22.818553924560547,46993800
2003-01-15,22.9533800833108,23.04607045922896,22.39724104219966,22.532062530517578,55131000
2003-01-16,22.57418888262829,22.734288350347335,22.11916528250437,22.279266357421875,68740300
2003-01-17,21.824249894973814,21.857956072168964,21.29339046174212,21.32709503173828,77289400
2003-01-21,21.411352746990236,21.52932111905346,21.08272564927209,21.09115219116211,67729600
2003-01-22,21.032163543605442,21.512466722962305,20.95632789128416,21.006885528564453,80020200
2003-01-23,21.402930355971055,21.773690235044242,21.158567022562913,21.495620727539062,78471100
2003-01-24,21.51247738301882,21.51247738301882,20.762530956949114,20.91420555114746,74519700
2003-01-27,20.602434817776537,21.091163253342966,20.535024054498386,20.669845581054688,76561000
2003-01-28,20.87206662229413,21.108003363014443,20.577144089195237,20.8804931640625,65217200
2003-01-29,20.86364689334409,21.445065607630067,20.509740059500324,21.19227409362793,95717500
2003-01-30,21.335514468513903,21.419778276231895,20.63612759669195,20.644554138183594,70333800
2003-01-31,20.27380141782796,20.863646670328954,20.23167030287747,20.594003677368164,90505600
2003-02-03,20.661412825301426,20.888924685690043,20.543442819619056,20.636133193969727,53158800
2003-02-04,20.37492191905728,20.476037255561184,20.071572695146973,20.38334846496582,68235700
2003-02-05,20.501308150341053,20.947905249843092,20.231665225056283,20.2906494140625,80107700
2003-02-06,20.256947749840084,20.518164170177954,20.105273180870082,20.40019416809082,103552000
2003-02-07,20.526589177538952,20.602426456348475,19.92831748995255,20.063138961791992,72312400
2003-02-10,20.130544089305523,20.433893120030035,19.903033923460413,20.240087509155273,67572600
2003-02-11,20.43390756506606,20.737256810232708,20.155837959396436,20.34964370727539,77823300
2003-02-12,20.282220525261568,20.50130577850874,20.03785725519254,20.071561813354492,51753000
2003-02-13,20.09685403282235,20.20639592450071,19.650256705088722,20.172691345214844,77387400
2003-02-14,20.079994162263475,20.64455973774696,19.903041564538256,20.636133193969727,67510400
2003-02-18,20.813088264889466,21.35237423147998,20.796235176633772,21.27653694152832,73976800
2003-02-19,21.234410094507094,21.268114670591448,20.821517385278973,21.13329315185547,45541400
2003-02-20,21.19227837533857,21.29339532280901,20.93106187123903,21.049030303955078,59759800
2003-02-21,21.006898955267104,21.377658949092414,20.65299205370643,21.209131240844727,70228500
2003-02-24,21.175417458979265,21.242828196652784,20.821510684393598,20.846790313720703,56646600
2003-02-25,20.60241794349353,21.02373527070446,20.2906424141903,20.872060775756836,74440700
2003-02-26,20.796229915478836,21.015315185780466,20.39176554285977,20.40861701965332,60005600
2003-02-27,20.577138325269576,20.9984556524805,20.45074344854591,20.872060775756836,66424000
2003-02-28,20.905778128791198,21.251258420098825,20.829940834874986,21.200700759887695,50185800
2003-03-03,21.293390537417302,21.47034314672375,20.695118747669092,20.77095603942871,60414400
2003-03-04,20.779375587652996,20.872065936862633,20.57714341344889,20.644554138183594,56043500
2003-03-05,20.560298234957497,20.88050050594926,20.49288748430645,20.68669319152832,69096500
2003-03-06,20.58557553850522,20.796234311339372,20.417047877358343,20.636133193969727,59108600
2003-03-07,20.290657279221623,20.80466530928704,20.189540339445106,20.67827033996582,73291000
2003-03-10,20.50131723916118,20.60243418457031,20.147410341028216,20.231674194335938,55948000
2003-03-11,20.273801444093724,20.425476029630428,20.03786462854687,20.054716110229492,54934200
2003-03-12,20.021013334283687,20.42547786050376,19.83563416156594,20.417051315307617,77859800
2003-03-13,20.762517516356986,21.61357871615935,20.560285390740294,21.588300704956055,128537600
2003-03-14,21.68099581685384,21.891654544045654,21.36922180064114,21.672569274902344,89794400
2003-03-17,21.428206281777648,22.582615222632707,21.360795552437196,22.41408920288086,141040800
2003-03-18,22.582621902675065,22.72586994579677,22.262421245390748,22.69216537475586,96548700
2003-03-19,22.6247546342264,22.709018472659828,22.186583960131813,22.49835968017578,91315100
2003-03-20,22.36352368148839,22.86910316988297,22.051748163593604,22.58260726928711,92789700
2003-03-21,22.928098486489795,23.07134650645032,22.07703851712297,22.894393920898438,93304600
2003-03-24,22.30455827893277,22.414101780078116,21.883240582341827,21.94222640991211,85244500
2003-03-25,22.034908658091847,22.548916609394155,21.91694025242862,22.25399398803711,78731500
2003-03-26,22.329834408957815,22.55734631507878,22.21186598676141,22.38039207458496,67880200
2003-03-27,22.136017794894396,22.456218329275753,21.992769806755742,22.22028160095215,64113100
2003-03-28,22.026485018113103,22.27085001314947,21.866385477088446,21.975927352905273,45374700
2003-03-31,21.571459557207117,21.681001416471208,21.242830765016937,21.27653694152832,89345300
2003-04-01,21.4366341873771,21.630439845658586,21.276533092310427,21.44506072998047,73159500
2003-04-02,21.959069103732578,22.380386631624905,21.933791080666282,22.0349063873291,75843800
2003-04-03,22.447796404348697,22.624750594180526,22.169726912211903,22.31297492980957,70138200
2003-04-04,22.388821955398928,22.414101595578103,21.88324040221156,21.950651168823242,65665700
2003-04-07,22.84383840458454,22.919675693253605,21.967497116497107,21.984350204467773,83842700
2003-04-08,22.034909407026493,22.152879423898334,21.80739752505834,21.95907211303711,54250600
2003-04-09,21.99278078185854,22.144455387013302,21.411361997831687,21.453493118286133,76457100
2003-04-10,21.453486504227612,21.714704513549805,21.318665031699453,21.714704513549805,57017500
2003-04-11,21.92536480408322,22.043333199025163,21.36922578907286,21.495620727539062,67974500
2003-04-14,21.571460641884627,22.02648279727551,21.478770259016525,21.933794021606445,52476200
2003-04-15,21.883227447036397,22.296118348995744,21.78211216058025,22.144445419311523,64655700
2003-04-16,22.456218668231458,22.607893199985117,22.009623221621737,22.09388542175293,70711600
2003-04-17,22.043329314202374,22.73428968943127,22.034902772163175,22.599468231201172,70179900
2003-04-21,22.700601341354226,22.83542289587454,22.430958232313593,22.683748245239258,52729600
2003-04-22,22.52363629669558,23.138759546514752,22.456225551608537,23.113481521606445,70757200
2003-04-23,23.17246346267523,23.38312222142682,22.97023124713755,23.282005310058594,70327100
2003-04-24,23.05450142820695,23.3831286681584,22.97866412557212,23.155616760253906,72383900
2003-04-25,23.020800557480534,23.10506442509407,22.6331890165377,22.709026336669922,63277900
2003-04-28,22.79328333815399,23.282011728912217,22.709021097181267,23.155616760253906,59666200
2003-04-29,23.290428978245412,23.644335713548934,23.096623329845492,23.36626625061035,79903800
2003-04-30,23.29885515128882,23.416825132653347,23.113476047999637,23.130329132080078,60202100
2003-05-01,23.12190465207198,23.484237956121884,22.9112459038754,23.332563400268555,66022600
2003-05-02,23.26515586373187,23.83814799475589,23.231449687930965,23.829721450805664,85004100
2003-05-05,23.87185984639004,24.192060578193626,23.737038316451752,23.8044490814209,80520300
2003-05-06,23.77917250945951,24.352164889215096,23.770745961851382,24.10780143737793,77338300
2003-05-07,23.93925768427176,24.175196037857862,23.694894395913426,23.83814239501953,70353200
2003-05-08,23.46739129864382,23.753887403243066,23.39155399994407,23.399980545043945,80249100
2003-05-09,23.62748831192367,23.998246588328435,23.593782137414767,23.93926239013672,58528200
2003-05-12,23.89712373524124,24.402703335680112,23.73702267126314,24.30158805847168,67487300
2003-05-13,24.124636070028384,24.427985143178933,24.048800408939243,24.14991569519043,64934300
2003-05-14,24.32687518168795,24.41113740294141,23.897131103060133,24.099363327026367,62181200
2003-05-15,24.225768560259784,24.419574323013975,24.065667378889156,24.369016647338867,62232100
2003-05-16,24.20890037871374,24.385854544096123,23.99824165295285,24.183622360229492,70590400
2003-05-19,24.031950379993244,24.166771850263157,23.2651526651336,23.332563400268555,91334800
2003-05-20,23.39155399994407,23.560080080344182,23.096631350244945,23.399980545043945,71817800
2003-05-21,23.298857229101728,23.383121049820097,23.12190465207198,23.332563400268555,63648500
2003-05-22,23.391549105254153,23.863424281713222,23.27358071293909,23.669618606567383,62401400
2003-05-23,23.627491426295844,23.80444404419537,23.551654130853457,23.678049087524414,37922500
2003-05-27,23.534803756002653,24.621802437391782,23.50952411887295,24.520687103271484,101422100
2003-05-28,24.571237932771197,24.773470151934887,24.402710279868717,24.59651756286621,76290400
2003-05-29,24.63022680546345,25.110528618067974,24.571242597908384,24.6976375579834,97336000
2003-05-30,24.883011272292723,25.169507291009435,24.815600538900476,25.102096557617188,78093700
2003-06-02,25.346465590959482,25.44758251749639,24.69763613094513,24.925148010253906,102937000
2003-06-03,24.807178315062803,25.177936609666958,24.714487937812297,25.16108512878418,81672600
2003-06-04,25.118949580271813,25.767778933571517,25.043112299642043,25.632957458496094,87046100
2003-06-05,25.38860181195184,25.852052208250065,25.253780287588555,25.81834602355957,88747900
2003-06-06,26.298639475045164,26.517724783708132,25.312757996860057,25.388593673706055,157178100
2003-06-09,25.27905607990001,25.46443524589427,24.88301811323992,25.051544189453125,94941800
2003-06-10,25.16109158470177,25.447587726805356,25.009416967447006,25.430734634399414,69660100
2003-06-11,25.338037676087218,25.818339434962866,25.1105258090833,25.71722412109375,87338200
2003-06-12,25.818325169618024,25.91101549544984,25.498124709686923,25.826751708984375,79450500
2003-06-13,25.835193216483322,25.894177419023404,25.16108574859816,25.24534797668457,83353600
2003-06-16,25.422311796218032,26.037435293960762,25.279063704272502,26.02058219909668,71211800
2003-06-17,26.13855142333236,26.214388740605433,25.750938289803365,25.919466018676758,67571200
2003-06-18,25.835180752783295,26.315482292838848,25.658228230530494,26.05426597595215,80215700
2003-06-19,26.10483262126008,26.323917920057333,25.59925128612786,25.632957458496094,79467200
2003-06-20,25.860472656310225,25.936309946781435,25.489712748139755,25.599254608154297,71512400
2003-06-23,25.557125304953946,25.590831484084074,24.908295821490714,25.203218460083008,86509400
2003-06-24,25.051532418869158,25.388586020128404,24.88300642183871,25.009401321411133,83004400
2003-06-25,25.00098103654727,25.43072508838828,24.832453390147318,24.87458610534668,94255300
2003-06-26,25.034687675256453,25.514991025122626,24.95042545227536,25.464431762695312,79187500
2003-06-27,25.489715806971205,25.759358824471594,25.085251280720616,25.13580894470215,82451900
2003-06-30,25.413871985198114,25.565546545416204,25.110522864761933,25.236919403076172,72043000
2003-07-01,25.02626027066936,25.599250723548263,24.655500418760536,25.573972702026367,105852500
2003-07-02,25.62453924979837,26.113267657705634,25.599259612299978,26.09641456604004,81972500
2003-07-03,25.868901048905382,26.20595480441704,25.67509373318698,25.767784118652344,50050400
2003-07-07,26.096418414653442,26.880069613481766,26.087991867577927,26.87164306640625,88554600
2003-07-08,26.778953606052905,27.225550946902565,26.644132070551024,27.20026969909668,81874500
2003-07-09,27.116001371706858,27.377219444536962,26.90534256876594,27.132854461669922,89588400
2003-07-10,26.83792852195717,26.955896922820628,26.39975787989445,26.627269744873047,102928700
2003-07-11,26.669399088384402,26.95589513479096,26.63569452203006,26.829500198364258,67728100
2003-07-14,27.250813548211514,27.596293738190067,27.023301733191907,27.14969825744629,84524600
2003-07-15,27.410914845252417,27.51203335712429,26.913761686138425,27.18340301513672,75059000
2003-07-16,27.351935787614,27.385641964564357,26.73681252306077,27.099145889282227,80138700
2003-07-17,26.69468260836581,26.82950410782632,26.15539661052377,26.273365020751953,116260400
2003-07-18,26.458743185846206,26.58513813593803,26.054278702672775,26.357627868652344,80519000
2003-07-21,26.32393147785182,26.37448915524448,25.793071847229914,26.02058219909668,111325300
2003-07-22,26.214372685003813,26.542999787112144,26.00371395653467,26.408178329467773,91471500
2003-07-23,26.450315536378945,26.66097431346307,26.11326181448413,26.627269744873047,69050400
2003-07-24,26.837930652442484,26.98117869651916,26.189101181789372,26.273365020751953,82999700
2003-07-25,26.231229861417926,26.829501616007985,25.927882319405025,26.795795440673828,82709600
2003-07-28,26.846365032379218,26.955906929961895,26.627279630014346,26.87164306640625,56180800
2003-07-29,26.905337656281542,26.98117494006953,26.3239190163066,26.66939926147461,80560100
2003-07-30,26.719954972835822,26.745234601327347,26.399754381270025,26.4755916595459,56617300
2003-07-31,26.787370504039192,27.24239422785689,26.55985864213034,26.795795440673828,85544100
2003-08-01,26.703111374528174,26.787375220501023,26.37448253595397,26.50930404663086,73545400
2003-08-04,26.475597746067987,26.79579841124528,25.986869399934804,26.500877380371094,96344600
2003-08-05,26.467171805555196,26.526156013076665,25.363320130970127,25.456008911132812,111041800
2003-08-06,25.58240745429809,25.92788778835053,25.363322090011305,25.439159393310547,96816000
2003-08-07,25.46443256285946,25.708797517340123,25.295906504402836,25.54026985168457,67326600
2003-08-08,25.641382784265065,25.74249808217181,25.2200652928567,25.33803367614746,66677100
2003-08-11,25.346463065690013,25.784633691696616,25.30433195469659,25.616106033325195,63712200
2003-08-12,25.708792956163236,26.037420077968708,25.557118405422667,26.00371551513672,59676100
2003-08-13,26.10483284916947,26.18067013046134,25.826763353498862,26.012144088745117,57969700
2003-08-14,26.020570999913854,26.28178903628084,25.843618401599667,26.037424087524414,50271500
2003-08-15,26.121686517186912,26.36605145283538,26.062702320912816,26.264934539794922,28116300
2003-08-18,26.382904018424377,26.972747612645712,26.31549327602197,26.939043045043945,67224100
2003-08-19,27.057014531931884,27.284526402703534,26.83792920532203,27.276098251342773,68205000
2003-08-20,27.04858600630205,27.4024944274047,26.981176868338327,27.208688735961914,58233500
2003-08-21,27.46147759217617,27.655283276305084,27.191834621701354,27.50360870361328,77161400
2003-08-22,28.02603770442304,28.11872806548137,27.284521244751016,27.3350772857666,92989800
2003-08-25,27.267663027045046,27.419337550336877,27.141266519502945,27.39405632019043,43044700
2003-08-26,27.200264614523032,27.46148269702771,26.80422662891798,27.41935157775879,79838500
2003-08-27,27.377214827345874,27.66371087960364,27.276096304621227,27.638429641723633,47532100
2003-08-28,27.7563987842533,27.908073358024993,27.402493588384534,27.882795333862305,55311000
2003-08-29,27.840655345641775,28.194560428674382,27.790096099038507,28.135576248168945,53148800
2003-09-02,28.219845818718834,28.556897869231097,27.916496723179737,28.5400447845459,80303100
2003-09-03,28.7338482657297,28.81811368278868,28.35466513935375,28.523189544677734,85234800
2003-09-04,28.50635205239554,28.834979285614672,28.396808569856365,28.784420013427734,63736100
2003-09-05,28.62432413898646,28.936098321405197,28.371530960075205,28.599042892456055,91024100
2003-09-08,28.649595730546594,29.09619134126832,28.607464614998932,29.070913314819336,69296000
2003-09-09,28.91924097505913,28.97822518428998,28.582185595684287,28.725435256958008,87817500
2003-09-10,28.43892438437701,28.556892741593924,27.89963862887303,28.034460067749023,111624500
2003-09-11,28.042899429564454,28.464217044621122,27.815387531706055,28.346248626708984,96914900
2003-09-12,28.09346401810088,28.514781712904792,27.84909898365887,28.497928619384766,104963000
2003-09-15,28.514765753655976,28.573749940764124,28.1777105006976,28.219844818115234,54594200
2003-09-16,28.2451250586784,29.011922765794186,28.2451250586784,28.986644744873047,87463800
2003-09-17,28.92767219856833,29.070918660651486,28.674879030000255,28.868684768676758,79794700
2003-09-18,28.792834965388636,29.37425514349041,28.649588565471966,29.306842803955078,91469900
2003-09-19,29.31528885940786,29.374273085330273,28.952955349084913,29.138336181640625,69796000
2003-09-22,28.75913966909878,28.81812387470212,28.455790489196946,28.582183837890625,97477500
2003-09-23,28.62431606668081,29.121470916259472,28.57375680227695,29.087764739990234,77826500
2003-09-24,29.07933498281333,29.08776313361414,27.95020385533337,27.992338180541992,115057400
2003-09-25,28.127153880671965,28.430502959176533,27.604717927959854,27.6299991607666,117604800
2003-09-26,27.714257711532227,27.95019442397833,27.402483739457498,27.45304298400879,106581000
2003-09-29,27.604716977202933,27.950197145957045,27.34350222424064,27.92491912841797,96862800
2003-09-30,27.739547244975324,27.77325342200542,27.26767362414578,27.31822967529297,119122500
2003-10-01,27.478335350692927,28.00076829299692,27.31823259985906,27.933359146118164,106653600
2003-10-02,27.89122524269737,28.169296415650596,27.747978794374816,28.026046752929688,83911100
2003-10-03,28.5232001022595,29.045636238208807,28.497922074983887,28.809696197509766,112862800
2003-10-06,28.885520431336673,29.028770021381618,28.700142957815256,29.020341873168945,49162900
2003-10-07,28.784413091744046,29.19730567932129,28.658016548870012,29.19730567932129,80104600
2003-10-08,29.33214238673722,29.357420422676608,28.83498732206712,29.011940002441406,71387400
2003-10-09,29.416402704131027,29.71975197294002,29.01193808385206,29.231021881103516,118216100
2003-10-10,29.29841033135533,29.517493949688806,29.188866914990374,29.500640869140625,68356200
2003-10-13,29.61019258146275,29.803998240471163,29.424811857890646,29.6944580078125,60919800
2003-10-14,29.57648911303821,29.854560223801016,29.45852071976828,29.77029800415039,62274900
2003-10-15,30.166328841997668,30.208459944208865,29.51749958187462,29.643896102905273,97045200
2003-10-16,29.576497354568843,29.93883078594697,29.542794385955798,29.879846572875977,73955000
2003-10-17,29.83771225229332,29.90512461108893,29.15517658427958,29.163604736328125,97794400
2003-10-20,29.19732402481693,29.55965758002935,29.07092740252436,29.525951385498047,75544300
2003-10-21,29.61019430688503,29.871412322194733,29.44166665876256,29.702884674072266,73455600
2003-10-22,29.399548773196337,29.433254960860175,29.02036219797561,29.129905700683594,88141400
2003-10-23,28.775989177415877,29.079335105169413,28.69172374104179,28.79283905029297,95409600
2003-10-24,28.472642579755835,28.843400889741893,28.21985267683816,28.81812286376953,101778600
2003-10-27,28.88553373710147,29.0287833931326,28.68330308839637,28.826549530029297,63604500
2003-10-28,29.01193080787072,29.837712935640006,28.961371537616095,29.795581817626953,107375700
2003-10-29,29.66076362986115,29.837716273952815,29.551220139252617,29.761878967285156,74075200
2003-10-30,30.174752932919542,30.33485238554938,29.610185953146683,29.820844650268555,95062600
2003-10-31,29.862979763041743,29.905114079649998,29.542780814718984,29.643896102905273,55473200
2003-11-03,29.854570935142902,30.318019738294616,29.795586717345344,30.132638931274414,71141200
2003-11-04,30.073647280664918,30.22532186448565,29.871416645169276,29.930400848388672,60033900
2003-11-05,29.930414866846625,30.242189117659752,29.6186406160335,30.200057983398438,67412700
2003-11-06,30.157908432214814,30.309582994450068,29.77872202662668,30.2843017578125,90567400
2003-11-07,30.402290331224467,30.486552595321477,29.997822463240688,30.023103713989258,63505200
2003-11-10,30.0820838741789,30.115790061019844,29.568075775250637,29.6523380279541,68896400
2003-11-11,29.618630575647945,29.745023935585948,29.36583742697512,29.54279327392578,75607100
2003-11-12,29.635466093043622,30.301148395133037,29.610188076183494,30.174755096435547,80364600
2003-11-13,30.090491088266667,30.250593774249925,29.95566963472114,30.141050338745117,64243000
2003-11-14,30.17478116542727,30.351733865117158,29.45011405500243,29.525951385498047,90932200
2003-11-17,29.35740525008193,29.416389446388944,28.868675378512247,29.222583770751953,108063100
2003-11-18,29.38267035346751,29.466935749995965,28.49790458349406,28.548463821411133,108588500
2003-11-19,28.65802184650958,28.98665227585222,28.54848158446024,28.826549530029297,86320300
2003-11-20,28.582166765626308,29.222570921657752,28.489479651039314,28.548463821411133,117324500
2003-11-21,28.717001913681937,28.86867325416929,28.422077739451666,28.843395233154297,81787500
2003-11-24,29.087757196285096,29.702880288880365,29.0456260940739,29.643896102905273,92057500
2003-11-25,29.736586456408144,29.871407912122216,29.568058833166294,29.643896102905273,72519800
2003-11-26,29.829278202015484,29.930393494920732,29.332123458168653,29.778718948364258,72842900
2003-11-28,29.711324212331906,29.913558132351014,29.669193083194333,29.812442779541016,24802600
2003-12-01,30.09050568058914,30.34329562677729,29.888275009398043,30.250608444213867,82767300
2003-12-02,30.18319809075297,30.377003836237236,29.980967406073205,30.082082748413086,62504500
2003-12-03,30.200039468114905,30.435976246847847,29.702884674072266,29.702884674072266,107568500
2003-12-04,29.8124448393474,30.090512882387,29.55965483265704,30.023103713989258,102334800
2003-12-05,29.719757182453584,29.913562979409125,29.45853899643544,29.525951385498047,87490200
2003-12-08,29.509077284240394,29.770295284328604,29.30684347539834,29.6944580078125,86961200
2003-12-09,29.863000427860076,29.879853523286098,28.94452762073733,29.011940002441406,109949500
2003-12-10,29.07089690747936,29.239424488952693,28.759122971111257,29.121456146240234,103504200
2003-12-11,29.0708975280437,29.82084190649272,29.062472595268506,29.745004653930664,108374700
2003-12-12,29.753442199058654,29.778720219764907,29.407961987018037,29.6944580078125,72189400
2003-12-15,30.275874291193187,30.326433545844683,29.197302573806073,29.306842803955078,106091400
2003-12-16,29.315277231390024,29.509082927461204,29.003499915868687,29.365833282470703,89854700
2003-12-17,29.33212914798074,29.492228660669728,29.12989530854396,29.416391372680664,68539900
2003-12-18,29.450090177232113,30.03150709669306,29.450090177232113,29.96409797668457,89978100
2003-12-19,30.006243151970125,30.039949334981703,29.660762812097786,29.879846572875977,89762300
2003-12-22,29.787149613670778,30.065220740649963,29.736593564691162,29.972530364990234,63580000
2003-12-23,29.997824038784827,30.35173263825877,29.93883980793909,30.200057983398438,66999800
2003-12-24,30.211847349475885,30.36358121442223,30.178127998231293,30.262426376342773,44840300
2003-12-26,30.31300440112159,30.422590692841744,30.194989878801984,30.220277786254883,25497600
2003-12-29,30.371998038881625,30.793480124197895,30.36356981206267,30.717613220214844,63296200
2003-12-30,30.79348596778807,30.835636756841023,30.59960455762865,30.818777084350586,48249400
2003-12-31,30.869344495038934,30.886204162946456,30.557448677881972,30.73447036743164,60494600
2004-01-02,30.903073296111636,31.0126595632491,30.532170135501392,30.650184631347656,55234100
2004-01-05,30.835623241971838,31.32454066729316,30.818763576870783,31.265533447265625,69717900
2004-01-06,31.257126109725142,31.543730961006233,31.147539821164777,31.476295471191406,60033000
2004-01-07,31.4257161209096,31.762903213500977,31.248694344343622,31.762903213500977,71830000
2004-01-08,31.90618374624489,32.03262962312337,31.695442761882234,32.015769958496094,76800900
2004-01-09,31.788178782496917,32.32767534873285,31.687023980240973,31.805038452148438,94296500
2004-01-12,31.90619209290553,32.32767417189056,31.762889729564094,32.31081771850586,77668400
2004-01-13,32.26024207584455,32.33610898660021,31.695454358962753,31.990493774414062,92973900
2004-01-14,32.100074768066406,32.24337712287692,31.821895068983107,32.100074768066406,68122400
2004-01-15,31.973630907834973,32.42040088448928,31.720742302476932,32.18437194824219,104427700
2004-01-16,32.352979529177105,32.563720661464714,32.17595453415811,32.51314163208008,77324100
2004-01-20,32.64802760869325,32.87562849956894,32.2939839222126,32.48786544799805,81998100
2004-01-21,32.36139835124423,32.58899909382368,32.032642794958434,32.352970123291016,112180300
2004-01-22,32.49627576752222,32.61429026462568,32.08322502766011,32.15909194946289,90061900
2004-01-23,32.20966252022572,32.420403578142384,31.847187643356794,32.04106903076172,88751300
2004-01-26,32.0157824331957,32.5805701634919,31.89776795047355,32.529991149902344,84538000
2004-01-27,32.46255824029352,32.56371628546892,31.771327676531854,31.813478469848633,97191600
2004-01-28,31.98208114276442,32.08323922704119,31.189695443194836,31.273990631103516,127959700
2004-01-29,31.391984939575195,31.450992170151324,30.903064211198245,31.391984939575195,143925900
2004-01-30,31.358275922472213,31.560585575121106,31.16439449882788,31.248689651489258,84264700
2004-02-02,31.358273882344143,31.594302866963435,31.037946534893862,31.164392471313477,94507900
2004-02-03,31.11383565841924,31.392015630807748,31.05482837015308,31.130695343017578,73488700
2004-02-04,30.869350380611838,31.071663218422323,30.624893188476566,30.624893188476562,109933000
2004-02-05,30.776634152461117,30.945227704753076,30.624903492618362,30.742918014526367,96784500
2004-02-06,30.852504809496686,31.42572102699815,30.793497541429325,31.299278259277344,107174100
2004-02-09,31.47629336087824,31.51001271135219,31.231832893423498,31.29084014892578,58817700
2004-02-10,31.240260581671514,31.53529682369957,31.214969464030634,31.341415405273438,65042700
2004-02-11,31.39198286681083,31.75445445256523,31.24867730512184,31.678590774536133,92503000
2004-02-12,31.628025738817353,31.779759593178664,31.391996727879363,31.40042495727539,70556400
2004-02-13,31.518429826322297,32.00735058881626,30.98736149842616,31.139095306396484,90570400
2004-02-17,31.425705153093222,31.712313117071147,31.375129357813968,31.560579299926758,69678600
2004-02-18,31.61958952460176,31.754463684173917,31.45942746500158,31.653308868408203,70972100
2004-02-19,31.923092001627904,31.948383144891075,31.037979163187835,31.172853469848633,100843800
2004-02-20,31.189694615170946,31.307709161372163,30.81035984834188,31.071680068969727,132347600
2004-02-23,31.189659784478508,31.214947668808755,30.439422536599363,30.726030349731445,125199800
2004-02-24,30.599605612133328,30.89464506740283,30.43101209707273,30.650184631347656,124521900
2004-02-25,30.709199703234887,30.911509400328168,30.624904532055126,30.83564567565918,74457100
2004-02-26,30.742923913241334,31.054819954650203,30.608049688660053,30.911514282226562,71327600
2004-02-27,30.987367724930962,31.13910156339021,30.57431699907816,30.827205657958984,99383900
2004-03-01,30.919938443711256,31.248694087677627,30.742916668599275,31.231834411621094,79700700
2004-03-02,31.172835417650077,31.34142900725776,30.860939367051788,30.869367599487305,91536000
2004-03-03,30.77662107115156,30.877779088923212,30.523732458028796,30.700754165649414,83938300
2004-03-04,30.717615517781258,31.046374270066533,30.675467949227766,30.987363815307617,65905600
2004-03-05,30.70075408415412,31.316120769178703,30.65017829105573,30.877779006958008,118107100
2004-03-08,30.928363477828462,31.037949753044263,30.119118404667333,30.1528377532959,112599500
2004-03-09,30.186559867976925,30.32986228929829,29.94209939150055,30.06011390686035,126140400
2004-03-10,30.13599622573686,30.34673745808467,29.613358869897976,29.6639347076416,134226100
2004-03-11,29.562770056503453,29.950533024248056,29.335169214830334,29.394176483154297,152132000
2004-03-12,29.655495301529626,30.001110663754872,29.63020739218418,29.933671951293945,118369600
2004-03-15,29.80722027911953,29.84093962527081,29.343590524327837,29.411026000976562,115813600
2004-03-16,29.596475409049184,29.714489889851848,29.191852953874292,29.46160125732422,123265100
2004-03-17,29.680780979526364,30.02639631576886,29.655493072082017,29.925241470336914,91684700
2004-03-18,29.81565885172174,29.891525799055582,29.478474920191836,29.79037094116211,111249700
2004-03-19,29.73978078128475,29.891514619201818,29.267722810568326,29.293010711669922,99976700
2004-03-22,29.107569182375308,29.124428861744434,28.686086845112275,28.922119140625,133870400
2004-03-23,29.15814027195476,29.208719296274264,28.669219350495386,28.686079025268555,125945800
2004-03-24,28.787247243702417,29.191869934238756,28.6692294785976,29.01484489440918,118876800
2004-03-25,29.208726488705935,29.891525799055582,29.18343536249135,29.79037094116211,142122000
2004-03-26,29.756652115018497,29.992684408527413,29.672356934543537,29.68921661376953,78430800
2004-03-29,29.933657018257975,30.312991547474656,29.91680056420674,30.169689178466797,103864000
2004-03-30,30.068542055841352,30.296142855844515,29.942099310720277,30.270854949951172,95716500
2004-03-31,30.279267499186087,30.346706167516086,30.017950698539092,30.21183204650879,85993900
2004-04-01,30.186552150675038,30.557455277790876,30.161261035524866,30.48158836364746,93048600
2004-04-02,31.09696880710211,31.3245696732419,30.785072753053647,31.273990631103516,145964000
2004-04-05,31.198107246532626,31.61116116734012,31.164391118517532,31.569013595581055,67351600
2004-04-06,31.324587466799173,31.400454465274443,31.122274398979414,31.172853469848633,98611400
2004-04-07,31.18124608745178,31.282400887547624,30.90306636762181,31.139095306396484,91004900
2004-04-08,31.48471048773931,31.518429826322297,30.970505044787785,31.139095306396484,77176300
2004-04-12,31.206549793445895,31.392003033953653,31.172830437779986,31.332992553710938,55285700
2004-04-13,31.476282806745562,31.493142476329417,30.73447342332183,30.877779006958008,100624400
2004-04-14,30.69234431572497,31.147546021290207,30.65019672424414,31.029531478881836,113663200
2004-04-15,30.97893706815571,31.071663652796246,30.363573534040835,30.473159790039062,123565500
2004-04-16,30.51531686927174,30.616471713284522,30.16970153787809,30.422590255737305,110736600
2004-04-19,30.355141928136568,30.844062747933332,30.329854029062076,30.79348373413086,85838700
2004-04-20,30.86093605777519,31.012669950585867,30.04325932603488,30.07697868347168,119545100
2004-04-21,30.26242804625058,30.43944982657143,30.051686912824476,30.338294982910156,117850500
2004-04-22,30.346723761762846,31.198116541302074,30.32986408490554,31.122249603271484,137623300
2004-04-23,31.257118081339122,31.40884869836411,31.105384248660492,31.366701126098633,91855600
2004-04-26,31.34140812224129,31.434134695517947,30.894638140802623,31.139095306396484,74392200
2004-04-27,31.14752251504506,31.34983208773719,30.92835005970046,31.0800838470459,87548500
2004-04-28,30.945228430424265,30.953659876846583,30.363584037814626,30.515317916870117,111740700
2004-04-29,30.422595322128974,30.63333649138294,29.756652455529224,30.04326057434082,156917100
2004-04-30,30.060115320546462,30.178129841456325,29.267729811827007,29.309877395629883,150829200
2004-05-03,29.503757585650828,29.942099512801878,29.411030975876937,29.58805274963379,117007200
2004-05-04,29.68079631491762,30.135998178035653,29.529062360544945,29.714515686035156,126176000
2004-05-05,29.85779487876603,30.09382707665387,29.67234491371937,29.95052146911621,97528500
2004-05-06,29.6976315644089,29.874653293633035,29.377304233679343,29.722919464111328,102733300
2004-05-07,29.579622775229655,30.043252581105143,29.427888916484342,29.47846794128418,137686000
2004-05-10,29.225570678710938,29.419455297096196,29.014829604134757,29.225570678710938,156951400
2004-05-11,29.478484609821617,29.824100102245787,29.43633379082725,29.6639347076416,120493600
2004-05-12,29.604904977961905,29.74821057946733,28.88838661739551,29.722919464111328,197765400
2004-05-13,29.55432920810479,29.883084767179312,29.436311506183802,29.512178421020508,137841700
2004-05-14,29.672345306462585,29.765071898040098,29.20028412009241,29.293010711669922,133689900
2004-05-17,28.981128748605958,29.217157847504996,28.753527882243898,29.01484489440918,150652400
2004-05-18,29.217159637553596,29.419472603044525,29.16658059226699,29.276166915893555,96686400
2004-05-19,29.638639439649893,29.93367580551797,29.19186916686245,29.24244499206543,141646900
2004-05-20,29.318304448458267,29.52061734450181,29.13285444404394,29.37731170654297,94938500
2004-05-21,29.512188899397444,29.647063105255278,29.284591289731804,29.520620346069336,111329200
2004-05-24,29.75663880748361,29.891512965319176,29.503750163498626,29.722919464111328,99861800
2004-05-25,29.630204332970187,30.41416159828624,29.46161078487936,30.313003540039062,146321400
2004-05-26,30.22870134282835,30.506877899169922,30.1865537695225,30.506877899169922,93789700
2004-05-27,30.59117113654323,30.76819284416385,30.397289759294004,30.700754165649414,110183400
2004-05-28,30.66705749556726,30.810359954833984,30.523751820645312,30.810359954833984,56379500
2004-06-01,30.57432418480282,30.8103532264771,30.439449987324014,30.768205642700195,90592700
2004-06-02,30.81877185304967,30.903066985539535,30.49001311877158,30.700754165649414,103519800
2004-06-03,30.59960905544552,30.650188080351406,30.19498650316103,30.32986068725586,97301400
2004-06-04,30.633323834741187,30.86935281777691,30.49001822671684,30.506877899169922,91233200
2004-06-07,30.717625546687273,31.273981993935223,30.633330382059018,31.231834411621094,107532600
2004-06-08,31.105400255286156,31.349857586483445,31.063249445676522,31.273990631103516,72530900
2004-06-09,31.17282957603287,31.231836838989633,30.76820696619165,30.83564567565918,98215200
2004-06-10,30.92836362020035,31.0548095703125,30.81034911511119,31.0548095703125,57101300
2004-06-14,30.860951961663826,30.860951961663826,30.431037971929992,30.616491317749023,85129900
2004-06-15,30.818785240798743,31.181260256140828,30.818785240798743,31.012666702270508,91937700
2004-06-16,30.995797437957616,31.105383696425207,30.894642623185614,30.962078094482422,64743300
2004-06-17,30.894652475747158,30.903080706476995,30.557465364770604,30.675479888916016,77844200
2004-06-18,30.599598750830786,31.05480017472911,30.565879412248737,30.717613220214844,78641500
2004-06-21,30.785055671022544,30.87778225566308,30.397292876756214,30.473159790039062,65373100
2004-06-22,30.4815877006177,30.936789175576735,30.363573217995757,30.91992950439453,101524300
2004-06-23,30.827210334698872,31.349847404428065,30.77663130898795,31.29084014892578,94393900
2004-06-24,31.206546505363498,31.48472312116027,31.122248125080834,31.231834411621094,92343200
2004-06-25,31.189687064038267,31.518442710478826,31.172827387854852,31.467866897583008,81005400
2004-06-28,31.602717956401218,31.628005844336947,31.105369127868666,31.206523895263672,94033200
2004-06-29,31.273984187468542,31.687038240688867,31.257127725884118,31.501585006713867,68265900
2004-06-30,31.56901801748915,31.948352647761784,31.484719646509646,31.813478469848633,97809500
2004-07-01,31.74605650232468,31.74605650232468,30.99581829135041,31.223419189453125,122141800
2004-07-02,31.22338453465599,31.231812759013877,30.877769454243502,31.037931442260742,74056400
2004-07-06,30.852504587715593,30.852504587715593,30.203424643640478,30.37201499938965,130232600
2004-07-07,30.31300050748752,30.59118031635609,30.27928115811179,30.431015014648438,95623100
2004-07-08,30.186562448012022,30.456310853505265,29.967389858764612,30.093835830688477,108755400
2004-07-09,30.21183415397577,30.380427620908527,30.034812460740188,30.135967254638672,86014700
2004-07-12,29.98424692989049,30.085401769244605,29.706070317753078,30.00953483581543,81844500
2004-07-13,30.076968698491857,30.18655496595344,29.849367934834955,29.967382431030273,81222000
2004-07-14,29.672366157702882,30.051701019060143,29.545920132031792,29.6639347076416,119489200
2004-07-15,29.773500486216644,29.916806097382374,29.554331170829627,29.562759399414062,90405700
2004-07-16,29.866225346188543,29.88308501803307,29.183423106926423,29.225570678710938,120387100
2004-07-19,29.318308366546137,29.478473701884244,29.056991393149975,29.166574478149414,106387900
2004-07-20,29.284583841741462,30.001102275192785,29.259292723812823,29.866228103637695,117453700
2004-07-21,29.984239151474103,30.051677837318362,28.947393474020128,28.99797248840332,136086800
2004-07-22,29.06542078373366,29.596489414304276,28.87153929986136,29.394176483154297,132135800
2004-07-23,29.183435432752425,29.217154790683082,28.68608615806759,28.837820053100586,107107100
2004-07-26,28.863096657436017,29.006399033058898,28.40789520136332,28.711362838745117,112962200
2004-07-27,28.82095307295562,29.259294968044628,28.69451033622969,29.107561111450195,103474700
2004-07-28,29.006410878805596,29.19186411419797,28.50063342038687,28.981122970581055,154299800
2004-07-29,29.259281576504392,29.436303256292977,29.082259896715808,29.318288803100586,98959800
2004-07-30,29.301439733811815,29.588047744790035,29.208716355376545,29.411026000976562,83007800
2004-08-02,29.175006843236115,29.520622218648633,29.048560860374618,29.470043182373047,81249000
2004-08-03,29.368876402156104,29.444743317941196,28.82094831974671,28.85466766357422,85746500
2004-08-04,28.78723503594726,29.04855193729631,28.669217320890017,28.863101959228516,86721000
2004-08-05,28.955827929052777,28.99797872459699,28.323604583740234,28.323604583740234,109722900
2004-08-06,28.155010757716123,28.16343898638277,27.531215719808188,27.58179473876953,148808600
2004-08-09,27.657660493647708,27.784103212240925,27.522786331089403,27.649229049682617,79281900
2004-08-10,27.784099569601775,28.222441344360824,27.750380229469556,27.994840621948242,105819800
2004-08-11,27.691389456028,27.851554809055994,27.438500685987435,27.750396728515625,121217700
2004-08-12,27.556503667539417,27.699809280342595,27.286755330602187,27.37105369567871,113691800
2004-08-13,27.522794301518406,27.5986612409064,27.26990235978868,27.4132080078125,91416100
2004-08-16,27.489064879084303,27.977982475005117,27.472205208100352,27.725093841552734,77851300
2004-08-17,27.918978531561912,28.188726867854967,27.809395480704858,28.0369930267334,89573100
2004-08-18,27.868402423010508,28.584920830504856,27.826251633207722,28.53434181213379,106608500
2004-08-19,28.433195075843717,28.534349925694812,28.16344666580433,28.38261604309082,104690200
2004-08-20,28.298309233941566,28.77879859271493,28.247730221987865,28.669212341308594,91962400
2004-08-23,28.702927316048918,28.888380449346226,28.584912855097134,28.73664665222168,83390800
2004-08-24,28.8715242658611,28.922103276224796,28.50062117015383,28.728221893310547,86610500
2004-08-25,28.71979010553043,29.16656010359139,28.576487734700773,29.124412536621094,88394600
2004-08-26,29.04854828713298,29.124415200881007,28.922105574655294,28.99797248840332,57663400
2004-08-27,29.05698752756449,29.2340093019257,29.03169640575975,29.132854461669922,58597200
2004-08-30,29.00640152790448,29.02326119983728,28.610207276617803,28.6439266204834,62355700
2004-08-31,28.677648544311523,28.761943695905433,28.365752624629355,28.677648544311523,81262000
2004-09-01,28.601781570578986,29.056983105943246,28.492195301179315,28.888389587402344,96630600
2004-09-02,28.812511656375296,29.40258713798992,28.795651989397427,29.318288803100586,83054000
2004-09-03,29.03169153776673,29.225572955603205,28.70293595031993,28.7788028717041,90213700
2004-09-07,28.9979779345089,29.174999694616208,28.761945705378352,29.023265838623047,95556500
2004-09-08,28.92209912050878,29.23399493380315,28.812512888293476,28.913667678833008,101466100
2004-09-09,29.0401313739857,29.29302011312634,28.778811188002667,29.158145904541016,104397500
2004-09-10,29.174997572560475,29.66391523857914,29.0569830744061,29.604907989501953,108591600
2004-09-13,29.714494087862832,30.110688371376913,29.621767492516653,29.992673873901367,109350500
2004-09-14,29.883115182759095,30.11071615892563,29.807248190703582,30.034849166870117,76466300
2004-09-15,29.857818189800337,29.883109325966597,29.604929337731285,29.714515686035156,90128700
2004-09-16,29.722923328219597,29.984243449847185,29.61334027149376,29.773502349853516,67121000
2004-09-17,29.69763458528035,29.9420950261158,29.638627336203367,29.866228103637695,83903400
2004-09-20,29.748213605483723,30.152836120149004,29.655487009604492,29.866228103637695,110678100
2004-09-21,29.958955490002364,30.220272395480045,29.8577974469265,29.984243392944336,93688400
2004-09-22,29.874651940133546,29.891511611055844,29.394162573635025,29.46160125732422,101393400
2004-09-23,29.486902201036877,29.630207859448856,29.402607024786192,29.436323165893555,92503200
2004-09-24,29.495324589360447,29.663914890083845,29.293011726576964,29.335159301757812,103247400
2004-09-27,29.1834302307309,29.28458828649119,28.981120550519098,29.082275390625,86017600
2004-09-28,29.12441192162377,29.242426392909877,28.854663639926056,29.141271591186523,87070300
2004-09-29,29.11597710802061,29.604894552124335,29.107545667320018,29.571178436279297,95096200
2004-09-30,29.520617923933234,29.73135905427343,29.411031635773085,29.62177276611328,74514600
2004-10-01,29.88309005773645,30.473165809195173,29.807223129468124,30.431015014648438,118252700
2004-10-04,30.650181704738394,30.86935100243227,30.557455119526303,30.608034133911133,108032600
2004-10-05,30.540598364210194,30.759770898485122,30.48159111628706,30.650184631347656,89754400
2004-10-06,30.608041453535307,30.92836564094782,30.43944791425518,30.894649505615234,87815500
2004-10-07,30.80191512654409,30.91149816612093,30.490016032092644,30.549026489257812,82374300
2004-10-08,30.414156059544812,30.54903023032456,29.925235180684552,29.992673873901367,115073000
2004-10-11,30.11067936007728,30.228693822234337,30.009521350525876,30.135967254638672,51181600
2004-10-12,29.866215141113422,30.211830256697965,29.672333804629655,30.085384368896484,97884100
2004-10-13,30.388866595336932,30.46473352150712,29.866229557083454,30.017963409423828,132442500
2004-10-14,30.085402564303642,30.161269499737735,29.781938038221714,29.883092880249023,99383700
2004-10-15,29.916834560485288,30.228730765310463,29.739809435251193,30.034849166870117,129183400
2004-10-18,29.933664647521272,30.55745972296051,29.840941263994075,30.464733123779297,108933400
2004-10-19,30.667039904385508,30.827201952103795,30.169690874924807,30.24555778503418,129973500
2004-10-20,30.20341454476428,30.540598359176055,30.051680702800137,30.388864517211914,106524200
2004-10-21,30.549036381905452,31.01266623634242,30.4310186450111,30.852500915527344,122627600
2004-10-22,30.86094136804873,30.919948645889114,30.12756290370724,30.178138732910156,114321100
2004-10-25,30.119144395528753,30.186583150981143,29.916834560485288,30.034849166870117,102863000
2004-10-26,30.05168203209349,30.211844109849586,29.84936916197433,30.194984436035156,98164500
2004-10-27,30.211840388254046,31.096952252729615,30.102254129786456,30.962078094482422,152423400
2004-10-28,30.91994435583508,31.290847653035055,30.827217727621335,31.155973434448242,111113900
2004-10-29,31.113816870739292,31.391996675152487,30.911503993379323,31.105388641357422,100779200
2004-11-01,31.172840140211715,31.34143375536066,31.02110620814324,31.223419189453125,72356000
2004-11-02,31.265541486114284,31.653304236181324,31.206534250915087,31.324548721313477,108930700
2004-11-03,31.830343267127102,31.94836101741604,31.316137539886608,31.535306930541992,140980100
2004-11-04,31.408846957178714,31.847188758877696,31.282404247391778,31.71231460571289,112513700
2004-11-05,32.0495070920481,32.16752159434682,31.703891814321565,31.99892807006836,117017900
2004-11-08,31.99050241335116,32.116945154987135,31.906204036606237,32.032649993896484,66486000
2004-11-09,31.973629958977504,32.159083098041286,31.872475162966797,31.965198516845703,85038700
2004-11-10,31.973645396233923,32.083231687285995,31.73761635303365,31.85563087463379,95122300
2004-11-11,31.95678364728443,32.35297798609803,31.914636065968036,32.2771110534668,99338800
2004-11-12,32.31924859181919,32.673292023645736,32.1759430010894,32.58899688720703,102418100
2004-11-15,32.57213076058877,32.7575838827788,32.45411630670518,32.732295989990234,82696000
2004-11-16,32.588998391263424,32.60585806245994,32.30239041222956,32.529991149902344,97197500
2004-11-17,32.73229386148747,33.14534442322034,32.73229386148747,32.96832275390625,125242500
2004-11-18,32.85873994072343,33.1790671962655,32.78287304377012,33.120059967041016,94901100
2004-11-19,33.077953821905766,33.12010143617376,32.530025189451365,32.605892181396484,118448900
2004-11-22,32.54686330936596,32.93462624871052,32.43727701236695,32.91776657104492,79882600
2004-11-23,32.88405159364955,33.00206935302072,32.54686764241165,32.86719512939453,91925300
2004-11-24,32.95150699217127,33.20439588751685,32.93464730372733,33.1538200378418,74051700
2004-11-26,33.187501715228834,33.28022829749354,33.01890822162514,33.05262756347656,31248900
2004-11-29,33.26337787829753,33.4151117431781,32.85032708052045,33.04420852661133,94765400
2004-11-30,33.12849852016139,33.20436544076455,32.92618887565552,32.97676467895508,87663100
2004-12-01,33.10319459583264,33.68483856182575,33.10319459583264,33.651119232177734,102375000
2004-12-02,33.56684297077937,34.04733243326532,33.5162639479083,33.777584075927734,122005600
2004-12-03,34.01360546190277,34.21591829239271,33.78600794912495,33.828155517578125,114227700
2004-12-06,33.819728683337516,34.081048788404416,33.64270694231822,33.94617462158203,70415100
2004-12-07,34.0136238951722,34.14006988471095,33.32239310784528,33.36454391479492,121439800
2004-12-08,33.38138948849561,33.70171686601025,33.297094333406825,33.558414459228516,10121300
2004-12-09,33.2886688758625,33.87874144192305,33.07792775493964,33.76072692871094,134346000
2004-12-10,33.58370566800984,33.77758711631952,33.499410504624535,33.65957260131836,86177300
2004-12-13,33.91243466577362,34.005161202044796,33.70169370721252,33.95458221435547,74296400
2004-12-14,33.954605935131504,34.21592606394085,33.92931803144656,34.123199462890625,91985000
2004-12-15,34.13162785965808,34.29178992811573,33.84501985276021,33.99675369262695,95179300
2004-12-16,34.005189214906416,34.09791582756411,33.56684727412293,33.67643356323242,86101300
2004-12-17,33.73514042430078,33.87981854939908,33.55642325193095,33.5904655456543,97947000
2004-12-20,33.67558193070818,33.84579022311442,33.267083976805075,33.36069869995117,106397600
2004-12-21,33.52240506344596,33.79473711615718,33.428790311616325,33.76920700073242,83184700
2004-12-22,33.650052409583814,33.98195680001144,33.60750114735393,33.81174850463867,75298000
2004-12-23,33.70960747895242,33.96491816740147,33.650035093196024,33.83726119995117,45782000
2004-12-27,34.02450075469034,34.05854305574416,33.53090037521999,33.692596435546875,67157700
2004-12-28,33.76068856212342,34.04153276573847,33.70962834070508,34.0160026550293,62563100
2004-12-29,33.973438403544336,34.17768897003063,33.95642049891871,34.05854415893555,46594800
2004-12-30,34.101093744665505,34.143644997052554,33.98194893940079,34.03301239013672,41717600
2004-12-31,34.06704914504727,34.143642692755776,33.85428965101835,33.97343444824219,44112300
2005-01-03,34.11810980926126,34.28831803989066,33.505361477576216,33.615997314453125,100970900
2005-01-04,33.76067726798791,33.820252917135065,32.80751557842038,33.00325393676758,136623200
2005-01-05,32.91817136680007,33.15646112188458,32.73945405048668,32.79902648925781,127925500
2005-01-06,32.87562211780981,32.94370351784145,32.628820143979034,32.6373291015625,102934600
2005-01-07,32.81601494161049,33.079834551371235,32.51814979818711,32.80750274658203,123104000
2005-01-10,32.71388804446579,33.079834515463645,32.67133680872327,32.79048156738281,88764200
2005-01-11,32.65433325330367,32.764969122985505,32.39902245488268,32.56071853637695,106398800
2005-01-12,32.705392767129055,32.85006767841966,32.34795509528616,32.83304977416992,127754900
2005-01-13,32.833048544505935,33.062825954249796,32.34795388378995,32.399017333984375,101982400
2005-01-14,32.5096487859056,32.78198065717679,32.50113658879913,32.705387115478516,93460900
2005-01-18,32.577735395512555,33.011766617432244,32.52667519042966,32.95219421386719,91760400
2005-01-19,32.96071618344113,32.97773734067529,32.390522025138885,32.40754318237305,104981000
2005-01-20,32.041588001291544,32.17775397694295,31.760743850380734,31.786273956298828,120963900
2005-01-21,31.89690478611028,31.95647718814163,31.47989797189084,31.53095817565918,138569200
2005-01-24,31.59052766415247,31.65861225816751,31.02884274933693,31.088415145874023,137499000
2005-01-25,31.292667299469898,31.564999196706843,31.19905260108489,31.24160385131836,119171300
2005-01-26,31.45435717806333,31.735201218120945,31.335212402203126,31.616056442260742,107465800
2005-01-27,31.565004078224177,31.718191199916834,31.3777746524992,31.57351303100586,103654700
2005-01-28,31.675655652107576,31.718206930024166,31.165030577745267,31.42034149169922,111648600
2005-01-31,31.794778884510286,31.939453780229915,31.709673140158568,31.828821182250977,89139900
2005-02-01,31.905418154625703,32.04158411375639,31.803291250438274,31.93094825744629,76610300
2005-02-02,32.03308919436555,32.10968279059572,31.752248172491147,31.98202896118164,100160500
2005-02-03,31.811794752095597,31.837324847936596,31.488399470152434,31.616056442260742,90157900
2005-02-04,31.616072077535414,32.18626614297672,31.616072077535414,32.12669372558594,99302000
2005-02-07,32.16924106136275,32.26285577624949,31.930951420889492,32.0586051940918,71551400
2005-02-08,32.050087101772576,32.347949067426285,32.0160448067116,32.11817169189453,72821700
2005-02-09,32.143689209992814,32.16921929807095,31.539453318172026,31.58200454711914,93276600
2005-02-10,31.709667875828288,31.760731313961944,31.386275840336783,31.616056442260742,110373000
2005-02-11,31.513939748737553,32.2117907297946,31.428837237468237,32.084136962890625,108684100
2005-02-14,32.08414963986667,32.28839704619563,32.0756374375048,32.228824615478516,54908900
2005-02-15,32.254336529022176,32.747936804815936,32.18625194121513,32.44156265258789,131406500
2005-02-16,32.36498855609087,32.47562445451009,32.1947834772352,32.32243728637695,80273900
2005-02-17,32.381997604520926,32.45859115994652,31.85435491517382,31.888397216796875,115628300
2005-02-18,31.896909826032143,31.97350339023937,31.709680392091602,31.786273956298828,69158800
2005-02-22,31.513941191271876,31.95648141232532,31.309693856295123,31.39479637145996,121232000
2005-02-23,31.522453173139798,31.547983278222507,31.233100078542023,31.437347412109375,95010100
2005-02-24,31.360747439515027,31.862859964365693,31.284153893471633,31.837329864501953,99334600
2005-02-25,31.81179734044942,32.0841292064171,31.735203800242765,32.01604461669922,79988700
2005-02-28,31.879875920656875,31.999020695884855,31.42031471924754,31.675628662109375,95731300
2005-03-01,31.803298700632876,32.08414288325963,31.76925963771567,32.02457046508789,78460600
2005-03-02,31.837348574443062,32.35648255310115,31.794797300846547,32.0075569152832,107270600
2005-03-03,32.09265036187017,32.10967151577285,31.505435161266785,31.743724822998047,89793800
2005-03-04,31.99902961378536,32.12668662079337,31.828824599711407,31.93094825744629,86622300
2005-03-07,31.999030574185664,32.586248928303895,31.96499151822077,32.39051055908203,93563900
2005-03-08,32.34796051590615,32.51816880499864,32.04158949128338,32.06711959838867,89595200
2005-03-09,32.05858650516336,32.2798581107124,31.88838157344992,31.97348403930664,98063000
2005-03-10,32.007541812360586,32.05860201800175,31.556492681450024,31.93094825744629,97043600
2005-03-11,32.075637065464726,32.18627296970782,31.505442879084825,31.63309669494629,102857500
2005-03-14,31.692660853719428,31.794784518585733,31.513940382137424,31.77776336669922,65576200
2005-03-15,31.845860877377785,31.896924358932495,31.479917288826147,31.52246856689453,93856300
2005-03-16,31.41181609475194,31.64159677098692,31.08842070822278,31.165014266967773,159578000
2005-03-17,31.156501350851425,31.39479094932068,31.096928951234112,31.24160385131836,100429600
2005-03-18,31.275634902632223,31.309677189157508,30.935218530281627,31.07138442993164,108899400
2005-03-21,31.148003170599956,31.275660225202696,30.850141038465246,31.130985260009766,92752500
2005-03-22,31.15650471058412,31.27564952266662,30.730985669459404,30.74800682067871,114016300
2005-03-23,30.713950562041383,31.054366938839454,30.696929418556362,30.858625411987305,97444900
2005-03-24,30.96928257464344,31.190554346063774,30.867158889770508,30.867158889770508,77566800
2005-03-28,30.98629397416725,31.156502226336194,30.90119147130897,30.926721572875977,59739000
2005-03-29,30.86714960117,31.13097255802617,30.586305494214805,30.679920196533203,119554300
2005-03-30,30.833098509335716,31.30116864101148,30.824589559938634,31.258617401123047,114711000
2005-03-31,31.258629193199802,31.275650344866577,31.011827363710704,31.12246322631836,86578900
2005-04-01,31.335215919278703,31.386279363143736,30.748000923864918,30.807573318481445,143814300
2005-04-04,30.850112460856455,31.14797431707063,30.662883153264257,31.02882957458496,100090300
2005-04-05,31.054372617458792,31.207556443932916,30.9947969811416,31.11394500732422,66266600
2005-04-06,31.199066552722247,31.41182614548398,30.994815915231335,31.06290054321289,82168900
2005-04-07,31.08842190801672,31.445859611438834,31.071400755810636,31.437347412109375,88618000
2005-04-08,31.488411607507622,31.54798401840019,31.147995048304757,31.182037353515625,92332900
2005-04-11,31.275648584813176,31.301178687650246,30.97778656353883,31.045867919921875,70976000
2005-04-12,31.01181014132442,31.26712402808489,30.5607612352292,31.199039459228516,144848500
2005-04-13,31.113963313514034,31.148002380284506,30.620359511124953,30.688444137573242,108995500
2005-04-14,30.688427581923197,30.72246663033044,30.211845193250635,30.254396438598633,158057900
2005-04-15,29.990578634712477,30.10121123020723,29.513996216400802,29.565059661865234,170013300
2005-04-18,29.53952414229623,29.78632590753569,29.47995175019731,29.573566436767578,110084000
2005-04-19,29.803354505865787,29.871435865377524,29.57357383041486,29.77782440185547,96922100
2005-04-20,29.96503942028445,30.03312400090308,29.437396906296026,29.5310115814209,140457400
2005-04-21,29.888451595065934,30.390564110385373,29.752285654290432,30.3139705657959,124505100
2005-04-22,30.177817374918188,30.186329575942306,29.63315338169979,29.862934112548828,114996800
2005-04-25,30.04162422516614,30.177790100404803,29.913970543258323,30.109708786010742,72170100
2005-04-26,30.033136613283684,30.3820621193563,29.820377079179583,29.828886032104492,104958800
2005-04-27,29.675696797523266,29.999092175370876,29.5565519863301,29.871435165405273,112539300
2005-04-28,29.71824131859299,29.913982888577312,29.54803633914001,29.573566436767578,98181900
2005-04-29,29.786327330910378,29.837390775057532,29.23315138189837,29.769306182861328,144435900
2005-05-02,29.871425662184137,30.007591581150074,29.69270850225102,29.888446807861328,67648800
2005-05-03,29.82890067032423,30.15229622987224,29.811879509668607,30.04166030883789,103428700
2005-05-04,30.03313527151792,30.49269662380002,29.990584015888697,30.407590866088867,90480600
2005-05-05,30.424628936400268,30.569303935282186,30.23739941177236,30.433137893676758,79341700
2005-05-06,30.611814548678982,30.65436576693115,30.399055210968285,30.518199920654297,77310200
2005-05-09,30.526733063123476,30.6884323656845,30.348015856932015,30.662899017333984,66298400
2005-05-10,30.518228695487835,30.603331212233094,30.313978110265136,30.441635131835938,77194700
2005-05-11,30.484187962642295,30.662905204897665,30.041647710543458,30.594823837280273,131952400
2005-05-12,30.66289549121846,30.807573627059185,30.348012367026847,30.509708404541016,116602200
2005-05-13,30.62886566764358,31.037363606349796,30.54375990137997,30.841625213623047,133273500
2005-05-16,30.841620604320195,31.09693137204857,30.74800589864753,31.045867919921875,79093200
2005-05-17,30.93525070270501,31.267158471831383,30.816105822407877,31.233116149902344,91665900
2005-05-18,31.31820237812286,31.79478489726303,31.2416088169477,31.658618927001953,128105900
2005-05-19,31.735207701314188,31.93094605113648,31.65861415169222,31.922433853149414,92619700
2005-05-20,31.871373589837606,32.07562089080245,31.786267842391993,32.05009078979492,66530100
2005-05-23,32.050107302502774,32.33095154409009,31.999043827726716,32.2118034362793,93068200
2005-05-24,32.135194797894115,32.33944535489041,32.08413459348439,32.31391525268555,100830000
2005-05-25,32.2032911894329,32.237333502471394,31.990531602622816,32.17776107788086,76470600
2005-05-26,32.32242718436502,32.5692290166059,32.32242718436502,32.50114440917969,84066800
2005-05-27,32.45860460318379,32.552219348192914,32.35648090247106,32.5181770324707,50076900
2005-05-31,32.50115467748023,32.54370919379252,32.27137392449978,32.40754318237305,75281500
2005-06-01,32.36498948550212,32.91816574702973,32.3564805298965,32.671363830566406,110875700
2005-06-02,32.6202860275553,32.901126861572266,32.59475268158858,32.901126861572266,75926500
2005-06-03,32.87560922208367,32.88411817632942,32.356475358851576,32.424556732177734,96998400
2005-06-06,32.44155338141202,32.50112575549262,32.30538749116337,32.43304443359375,52681400
2005-06-07,32.46710652082991,32.739438467433985,32.118181011340134,32.16073226928711,108953400
2005-06-08,32.23732955666585,32.29690197396479,31.964997578598293,32.0926513671875,79211900
2005-06-09,32.05010740640534,32.39052407977465,31.91394138634841,32.29690933227539,99383300
2005-06-10,32.25435300981602,32.25435300981602,31.81181270230382,31.95648765563965,85971700
2005-06-13,31.896890248928162,32.29687897722939,31.879869106612052,32.109649658203125,82331300
2005-06-14,32.075640470836916,32.203297546705286,31.91394432166403,31.98202896118164,62593600
2005-06-15,32.1947728247029,32.228811881339006,31.701169169273292,32.084136962890625,103952000
2005-06-16,32.118182774107474,32.3394512754475,32.05009816049327,32.25434875488281,90450100
2005-06-17,32.46305302725279,32.54823423208215,32.15639549073961,32.25861358642578,83915700
2005-06-20,32.130841779181736,32.437499315694915,32.01158679263876,32.25861358642578,67580000
2005-06-21,32.23304888654804,32.37785753528329,32.11379394065935,32.2415657043457,97845600
2005-06-22,32.369353685783366,32.454534895700846,32.054179309742835,32.2075080871582,75221100
2005-06-23,32.258608925787215,32.522675821734026,31.79862593692925,31.849733352661133,122163300
2005-06-24,31.84120274065377,31.86675643745071,31.483434738232617,31.491954803466797,142144100
2005-06-27,31.47493347804633,31.56863474521471,31.261977234283442,31.347158432006836,72780800
2005-06-28,31.474913394470054,31.738976888591054,31.432322822784634,31.645278930664062,73330300
2005-06-29,31.73047717777848,31.73899399692547,31.491967248213772,31.5771484375,71513600
2005-06-30,31.636773731315596,31.69640120958185,31.304562566845366,31.330116271972656,87803700
2005-07-01,31.398242258101472,31.517497132745547,31.24491363371577,31.287504196166992,55254800
2005-07-05,31.17677376281049,31.679350321393205,31.17677376281049,31.6112060546875,79288700
2005-07-06,31.543068823054444,31.756025006303698,31.39826017818262,31.457887649536133,79101000
2005-07-07,31.15974903111117,31.59417819759009,31.134192080527693,31.56862449645996,119466300
2005-07-08,31.58566955745828,32.20750135841741,31.5090051847672,32.17342758178711,101320700
2005-07-11,32.25859385651254,32.50562374866648,32.19896639971024,32.47154998779297,96283700
2005-07-12,32.47155305542149,32.76117355130179,32.3778518288936,32.624881744384766,86059300
2005-07-13,32.64192967680257,32.73563093505143,32.5141546429261,32.70155715942383,72135400
2005-07-14,32.94005363284093,33.11893925707829,32.81228190061741,33.025238037109375,99135200
2005-07-15,33.07636450626561,33.22117318863183,32.92303575466943,33.127471923828125,67239200
2005-07-18,33.042287266887314,33.12746845353784,32.95710283078281,32.99117660522461,58644000
2005-07-19,33.144492005105405,33.39152189623527,33.084864548550286,33.37448501586914,77860900
2005-07-20,33.170064824653934,33.706715492500905,33.13599429373147,33.613014221191406,91433100
2005-07-21,33.69818534689945,33.80892021515515,33.40004476067583,33.62152099609375,127286000
2005-07-22,33.63004437614968,33.72374562869324,33.40857134696355,33.57893371582031,71666600
2005-07-25,33.61300597380628,33.75781788014982,33.391532954606085,33.4511604309082,51872700
2005-07-26,33.553380010382575,33.672634968363866,33.38301439207192,33.57893371582031,67324900
2005-07-27,33.60449478954796,33.868558443314036,33.41709226149129,33.83448791503906,78351100
2005-07-28,33.860053610308455,34.00486234273971,33.766352313109195,33.99634552001953,66163700
2005-07-29,33.962251928044765,34.004842515723524,33.66411456483993,33.71522521972656,74725700
2005-08-01,33.766336499197415,33.928185300180694,33.664118427150136,33.77485656738281,59748300
2005-08-02,33.81744942463829,34.19225121354737,33.774858829220875,34.141143798828125,79284100
2005-08-03,33.99632092220791,34.18372338101262,33.97076722308111,34.12409591674805,61916400
2005-08-04,33.9707710383139,34.02187844230732,33.70670420301856,33.79188537597656,72035500
2005-08-05,33.7407658556381,33.894094511464786,33.58743719981141,33.630027770996094,66029500
2005-08-08,33.664122285820625,33.74078666100704,33.34042789620529,33.383018493652344,63415400
2005-08-09,33.53633702339558,33.723739494394465,33.48522962181647,33.60448455810547,62143600
2005-08-10,33.68965910174742,33.808914014584154,33.19560257007342,33.314857482910156,102317500
2005-08-11,33.331901360470745,33.68114935686,33.30634440988876,33.58744812011719,92446700
2005-08-12,33.323390557489134,33.4937561944318,33.19561876687282,33.400054931640625,86367300
2005-08-15,33.340417735284625,33.757813261749405,33.289310333705515,33.60448455810547,63061100
2005-08-16,33.47671083545369,33.50226778667389,32.99969107205572,33.05931854248047,94596000
2005-08-17,33.153004865252605,33.36596097024355,33.04227003026296,33.255226135253906,74470500
2005-08-18,33.11044599018552,33.30636540439308,33.02526476642758,33.08489227294922,72559400
2005-08-19,33.127452769699,33.22115398032513,33.04227162337658,33.06782531738281,52024300
2005-08-22,33.11896606223455,33.374512982963736,32.88045278669263,33.08489227294922,88056300
2005-08-23,33.08487786021257,33.1530221596422,32.88895853135318,32.99117660522461,57482900
2005-08-24,32.923017280687304,33.374483212916324,32.76116855067878,32.79524230957031,95025700
2005-08-25,32.85485415037862,32.95707212902704,32.786709914429984,32.871891021728516,52328800
2005-08-26,32.820785423613856,32.88041285772575,32.59931256111986,32.76115798950195,63840700
2005-08-29,32.59081128680409,33.09338798507215,32.59081128680409,33.0167236328125,74940400
2005-08-30,32.84634973891099,32.93153087836536,32.64191045498745,32.897457122802734,87373600
2005-08-31,32.91450393984836,33.229678150345975,32.778212125893724,33.204124450683594,93426300
2005-09-01,33.221147381012216,33.34892232456606,33.03374499698706,33.15299987792969,74884400
2005-09-02,33.22115729274766,33.24671098930181,32.99968434055523,33.025238037109375,53244900
2005-09-06,33.17858436353843,33.57042308324003,33.135993763475994,33.51079559326172,78106600
2005-09-07,33.47671424819121,33.63004297332956,33.400049885622025,33.57041549682617,57440100
2005-09-08,33.46820364120171,33.70671359147998,33.451166751974064,33.56190490722656,73529700
2005-09-09,33.57040428186093,33.80891410819479,33.48522312944246,33.74928665161133,75342100
2005-09-12,33.757817325450674,33.95373663714603,33.715226735856675,33.84299850463867,51689900
2005-09-13,33.80040308350596,33.99632236719598,33.681148149907976,33.7578125,66145800
2005-09-14,33.7748435808415,33.800397276664356,33.34893132004628,33.37448501586914,98644000
2005-09-15,33.44263738026534,33.51078491822006,33.26375496731437,33.35745620727539,80421500
2005-09-16,33.434129862746424,33.613012325455124,33.31487488760729,33.56190490722656,71034100
2005-09-19,33.493728785679615,33.5448394097736,33.14448097799973,33.29780960083008,73387500
2005-09-20,33.35744495768547,33.681139154899654,33.05930770331212,33.16152572631836,115202800
2005-09-21,33.06782588179755,33.110416455685716,32.76968861512792,32.79524230957031,116404300
2005-09-22,32.744131829658855,32.9911617086389,32.57376953328194,32.91449737548828,118686100
2005-09-23,32.79524166968561,33.11893587393438,32.71857733840175,33.00819778442383,70154000
2005-09-26,33.19560928772056,33.246716689591445,32.837841227357764,33.0167236328125,69327600
2005-09-27,33.04228096569695,33.13598220281602,32.80376783954297,32.940059661865234,64089500
2005-09-28,33.016741276406506,33.17859013402915,32.84637884652697,32.9485969543457,72044500
2005-09-29,32.90598550216811,33.40004208487156,32.75265681284045,33.39152526855469,117634600
2005-09-30,33.36598418763991,33.63005111137991,33.331913656717454,33.613014221191406,79248500
2005-10-03,33.68115570931875,33.860038149864174,33.65559875391657,33.69819259643555,81685600
2005-10-04,33.74929492711461,33.97077117683405,33.468194455644216,33.47671127319336,85348600
2005-10-05,33.485229812984414,33.510783513919854,32.99116993187706,33.0167236328125,106152200
2005-10-06,32.99116992627558,33.101908046065894,32.30119075605591,32.58229446411133,162213700
2005-10-07,32.71005762377581,32.85486620922313,32.5226552195949,32.6589469909668,91119900
2005-10-10,32.59931928491063,32.76116474667425,32.42043694567945,32.480064392089844,64012000
2005-10-11,32.57376816392863,32.57376816392863,32.198963328969626,32.31821823120117,114736900
2005-10-12,32.130842547352295,32.4204631999328,31.883812498204716,31.93492317199707,146109500
2005-10-13,31.917885927444402,32.29268778274218,31.798630939370323,32.181949615478516,138569600
2005-10-14,32.267108211784276,32.42895367311584,32.06266893217147,32.42043685913086,131463200
2005-10-17,32.428965695319654,32.531183748294715,32.216009522773845,32.522666931152344,64080400
2005-10-18,32.488590476214554,32.52266424087209,32.29267120361328,32.29267120361328,88070400
2005-10-19,32.1308287946443,32.940059661865234,32.03712755752524,32.940059661865234,132879900
2005-10-20,32.97415481835058,33.09340983405513,32.45454089324746,32.633426666259766,132576900
2005-10-21,32.940062913100256,33.008210455714334,32.65044560535146,32.83784484863281,110032000
2005-10-24,32.991171314402386,33.37449309176407,32.76969831495644,33.35745620727539,110820900
2005-10-25,33.297822818812726,33.38300397666482,33.025239214342584,33.22967529296875,86665800
2005-10-26,33.20412718509673,33.45115713368692,33.01672470693128,33.05931854248047,89878100
2005-10-27,33.033762197766634,33.050799082408425,32.394893646240234,32.394893646240234,132231100
2005-10-28,32.50562637731013,32.70154564399727,32.30118704498927,32.64191818237305,95243900
2005-10-31,32.75265546629685,33.26374891007471,32.72709851949095,33.11042022705078,115279100
2005-11-01,33.03378158902122,33.22970100322878,32.97415408249959,33.08489227294922,73502300
2005-11-02,32.99117569145712,33.61300743525402,32.9741388047081,33.51930618286133,101409900
2005-11-03,33.85150356189212,34.149640806304646,33.80039292737044,34.02186584472656,137054000
2005-11-04,34.072996246596944,34.26891558508038,33.93670439158872,34.141143798828125,100944500
2005-11-07,34.25185626376118,34.32000377135913,34.03038336297185,34.183712005615234,65324500
2005-11-08,34.14113045925327,34.371120234536875,34.06446611767444,34.192237854003906,78859700
2005-11-09,34.175211962324546,34.35409764983465,34.098547596092764,34.209285736083984,72458800
2005-11-10,34.226322497030175,34.660751737775875,34.004846217862635,34.58408737182617,120763100
2005-11-11,34.72889461964947,34.85666637943183,34.652230263998675,34.67778396606445,80057200
2005-11-14,34.72889461964947,34.80555897530027,34.58408272588531,34.67778396606445,53652400
2005-11-15,34.69482788420215,34.83963980732373,34.39669046814909,34.51594543457031,79543500
2005-11-16,34.60964594558057,34.73741772850375,34.46483402558942,34.72890090942383,65895700
2005-11-17,34.848153504894476,35.197401553608515,34.797042845526384,35.18888473510742,94425500
2005-11-18,35.367767279080645,35.47850541666349,35.15481107189648,35.30813980102539,108820200
2005-11-21,35.265519805285784,35.418848406570156,35.12922807630535,35.39329147338867,69731400
2005-11-22,35.32518734021419,35.66591542478667,35.231486060883945,35.5211067199707,88814000
2005-11-23,35.54662713745107,35.79365696076406,35.52959026176206,35.60625457763672,64101200
2005-11-25,35.64034703521956,35.72552820892106,35.54664579447583,35.68293762207031,22930200
2005-11-28,35.77665397978339,35.77665397978339,35.350741432405016,35.38481521606445,74716200
2005-11-29,35.58071277403431,35.64885705010115,35.21442794799805,35.21442794799805,77443000
2005-11-30,35.16330099677427,35.34218654357837,35.08663669084433,35.12923049926758,88044400
2005-12-01,35.359247645101256,35.819233838133876,35.35073082646904,35.785160064697266,91914100
2005-12-02,35.725522752723876,35.88737150727317,35.665895290348764,35.87033462524414,72929200
2005-12-05,35.827730712142085,35.827730712142085,35.46144600845779,35.60625457763672,61519900
2005-12-06,35.802193074244144,36.04070621301695,35.691458196747924,35.725528717041016,81509400
2005-12-07,35.776645559769,35.80219926677209,35.461471258732466,35.65739059448242,83885500
2005-12-08,35.74256048085379,35.77663424571845,35.154802659477234,35.401832580566406,112043200
2005-12-09,35.40183607570857,35.58071848472908,35.248507368132884,35.53812789916992,56526900
2005-12-12,35.6658935546875,35.725521014160876,35.504048057467315,35.6658935546875,44863600
2005-12-13,35.62331602399144,35.95552720543556,35.57220536167157,35.81071853637695,76611600
2005-12-14,35.73405024495927,35.86182201255191,35.529610867575904,35.69145965576172,73581600
2005-12-15,35.77664852723787,35.836276014826915,35.44443731082621,35.751094818115234,72607200
2005-12-16,35.74340350253881,35.811712182337516,35.47869963224929,35.50431823730469,63743000
2005-12-19,35.581152024497186,35.615307981277574,34.92366777157691,34.94074249267578,75341700
2005-12-20,34.966365814208984,35.13714236389811,34.79558926451986,34.966365814208984,70257700
2005-12-21,35.02614412714327,35.35915667416626,34.96637281138491,35.12007141113281,68935000
2005-12-22,35.102975439440776,35.401831865091644,35.09443482311319,35.35060119628906,59149500
2005-12-23,35.444525174857375,35.51283707631514,35.26521131946686,35.35060119628906,38000400
2005-12-27,35.45309006693263,35.589710706105485,34.98345682335675,35.04322814941406,55656300
2005-12-28,35.060305382388925,35.205463383322325,34.89806613747171,35.00053405761719,50302400
2005-12-29,35.03468199867703,35.11153129966556,34.7102100676521,34.769981384277344,47301700
2005-12-30,34.61628864422563,34.65044461873616,34.46259001622123,34.50528335571289,60026500
2006-01-03,34.71021269586884,35.42747180697432,34.29181019051869,35.273773193359375,109350400
2006-01-04,35.35914082075604,35.64092254638672,35.28229155533776,35.64092254638672,92769400
2006-01-05,35.6494587898018,35.86292860291438,35.61530283795398,35.79461669921875,77656900
2006-01-06,36.0849532882657,36.46066242635095,35.91417996072778,36.44358444213867,110053900
2006-01-09,36.44357192837613,36.64850115397131,36.306951358882245,36.58872985839844,80768800
2006-01-10,36.42651762677664,36.64852497502177,36.332590313455974,36.61437225341797,84369400
2006-01-11,36.71681950469497,36.98152332956319,36.60581425461579,36.89613342285156,100761400
2006-01-12,36.85342504202624,36.9644302467553,36.58872132530019,36.71680450439453,82429200
2006-01-13,36.66558921213647,36.759516490227384,36.48627527612227,36.699745178222656,64572100
2006-01-17,36.417965699195456,36.53750832024394,36.289882458190874,36.46065902709961,77962100
2006-01-18,35.88854922355687,36.255717616767654,35.880011862983025,36.0422477722168,121021900
2006-01-19,36.2215673392891,36.56312044704119,36.110565347967736,36.30695724487305,111094000
2006-01-20,36.25575129344467,36.2813699135451,35.137170353654604,35.222557067871094,188569400
2006-01-23,35.3164384443623,35.39328769005738,35.07735334988433,35.231048583984375,111381900
2006-01-24,35.31646076551174,35.606779959707616,35.273767436984265,35.384769439697266,77956900
2006-01-25,35.55552353884027,35.581138868308585,35.07735334988433,35.231048583984375,99826400
2006-01-26,35.435993969197625,35.59822987739559,35.2054461476797,35.47868728637695,112600600
2006-01-27,35.69215203354151,36.19594092182716,35.64092136315741,35.95685577392578,110830400
2006-01-30,36.016654894844045,36.13619756117821,35.92272758349767,36.02519226074219,53942600
2006-01-31,36.00809204426644,36.09348193700446,35.70069820228361,35.86293411254883,100988100
2006-02-01,35.6409373128108,36.00810255827315,35.606781345742384,35.99102783203125,89168700
2006-02-02,35.8714806222457,35.93125519105357,35.35915416431343,35.3762321472168,94047400
2006-02-03,35.11151901928642,35.20544627178683,34.82119990123573,34.94074249267578,121094200
2006-02-06,34.769967745757164,35.017590278663626,34.65896251958387,34.84681701660156,58162800
2006-02-07,34.7870768993362,34.94931294660635,34.53091026208614,34.69314956665039,87327000
2006-02-08,34.940768500461544,35.13716376948785,34.74437648872899,35.09446716308594,89907800
2006-02-09,35.188383969880235,35.3250046005752,34.693135405095774,34.761444091796875,78213400
2006-02-10,34.73582168059328,35.06029683402159,34.37719056211102,34.97490692138672,102575900
2006-02-13,34.75288026728631,34.78703621327758,34.41132732195419,34.57356643676758,70643100
2006-02-14,34.64189750087026,35.02614399883242,34.505276885738425,34.92367935180664,94340300
2006-02-15,34.82975631767214,35.23107759135936,34.7785223592621,35.14569091796875,92254300
2006-02-16,35.27377709654167,35.478706432509355,35.13715645346553,35.47016906738281,103859600
2006-02-17,35.40185111727668,35.40185111727668,35.17984383138874,35.18838119506836,81770200
2006-02-21,35.18836551774479,35.23959944887405,34.6760392356164,34.79558181762695,85101400
2006-02-22,34.82118702604067,35.47013693575246,34.735800422952856,35.231048583984375,91983900
2006-02-23,35.17129488532351,35.47015466005015,35.07737087790951,35.137142181396484,66517100
2006-02-24,35.17127731036488,35.25666717074281,35.01757881897473,35.231048583984375,57085400
2006-02-27,35.31646221582861,35.75193939635978,35.29084686911863,35.62385940551758,64945000
2006-02-28,35.52994779295296,35.62387511536717,34.983465106863456,35.09446716308594,117564600
2006-03-01,35.20545571588664,35.66655148424001,35.13714704129292,35.57262420654297,80962300
2006-03-02,35.4787048777847,35.726330800412995,35.35916222749323,35.59824752807617,69856500
2006-03-03,35.39329528808594,35.87146557969271,35.342061360860576,35.39329528808594,112066100
2006-03-06,35.4701572456102,35.54700653530842,34.97490554371239,35.08591079711914,99581000
2006-03-07,35.026135014488084,35.06882833502345,34.71020053377651,34.88097381591797,96441100
2006-03-08,34.80413256375325,35.08591440740561,34.582125291387534,34.8980598449707,103961900
2006-03-09,35.00906301264113,35.13714625340911,34.556507874567295,34.59920120239258,108556700
2006-03-10,34.56505368405562,34.82975759292684,34.317427761946384,34.633365631103516,124474900
2006-03-13,34.7870547165019,34.95782802271194,34.684586824025445,34.73582077026367,69169100
2006-03-14,34.701657757376736,35.36768263672814,34.701657757376736,35.324989318847656,118201000
2006-03-15,35.46162019024156,35.62385940551758,35.2823062486871,35.62385940551758,84375800
2006-03-16,35.73485103362478,35.79462233011573,35.290836618918085,35.324989318847656,101371200
2006-03-17,35.324135825374405,35.53775541714383,35.230142683463654,35.418128967285156,78219600
2006-03-20,35.52066814581873,35.61466129484014,35.375408377023135,35.503578186035156,60240100
2006-03-21,35.12761306762695,35.89664179277316,35.10197975466182,35.12761306762695,136566000
2006-03-22,34.93109361195647,35.27288316990128,34.91400364512255,35.213069915771484,112282800
2006-03-23,35.11052703857422,35.22161017316058,34.879817417315145,35.11052703857422,75158200
2006-03-24,35.23014953199801,35.46085912710673,35.05070982232798,35.28996276855469,81795500
2006-03-27,35.2728787430019,35.46940844755985,35.23870207320125,35.29851531982422,54400400
2006-03-28,35.36688282717454,35.60613588745898,35.025093206707986,35.153263092041016,100522800
2006-03-29,35.20450294127959,35.97353137535039,35.178866378440915,35.819725036621094,130669100
2006-03-30,35.89665578688064,36.1444554407366,35.70867265255733,35.93083572387695,115915600
2006-03-31,35.99919307480273,36.05045971712589,35.75139343831425,35.82829666137695,71074600
2006-04-03,36.01626904778435,36.20425209589069,35.802649428899684,35.87100601196289,80730700
2006-04-04,35.930818975710196,36.15298520305132,35.828282472094045,36.067535400390625,89952600
2006-04-05,36.144457893847616,36.4606141835754,36.06755466017562,36.40934753417969,91628200
2006-04-06,36.39224104945284,36.69130723380414,36.264067964972604,36.51186752319336,91712800
2006-04-07,36.64004253542786,36.78530232987625,36.14444339291124,36.16153335571289,116604300
2006-04-10,36.22987442858278,36.31532093872608,35.96498503181786,36.11024475097656,58981900
2006-04-11,36.22133083881156,36.255510749546005,35.64028539462881,35.819725036621094,91481900
2006-04-12,35.83684001523816,35.95646978634078,35.7172135037135,35.82829666137695,58751200
2006-04-13,35.80264817828868,36.17007417070199,35.708655027730394,35.973541259765625,63476900
2006-04-17,35.92228275142588,36.0675425554004,35.3668703324681,35.59757995605469,104072100
2006-04-18,35.69155816315024,36.36659678695867,35.69155816315024,36.28114700317383,124291700
2006-04-19,36.349514994706105,36.44350814819336,36.14443872713604,36.44350814819336,79050300
2006-04-20,36.43496460944195,36.58877100819064,36.21280162212548,36.315338134765625,81408000
2006-04-21,36.45205151734817,36.50332139916108,35.73428946985084,35.88809585571289,130181200
2006-04-24,35.84537663143169,35.94791314705862,35.648846951656296,35.853919982910156,78556400
2006-04-25,35.94790821364738,35.97354152414199,35.5890288284164,35.77701187133789,77660800
2006-04-26,35.76846694946289,35.93936328426366,35.63175053353756,35.76846694946289,82537000
2006-04-27,35.60610251815005,36.30677759154192,35.46084279899135,36.11024475097656,173950100
2006-04-28,35.88811041311213,36.076096796436254,35.70012402978801,35.75993728637695,88876600
2006-05-01,35.81973329000065,35.930816395694876,35.29850419929237,35.409584045410156,92875500
2006-05-02,35.563391415489406,35.657384564510814,35.375408377023135,35.503578186035156,85148100
2006-05-03,35.52066905078172,35.580482281759835,35.272869516971454,35.45231246948242,74971600
2006-05-04,35.48648227495429,35.87954476490454,35.48648227495429,35.742828369140625,88696800
2006-05-05,35.97356376693272,36.067556976298654,35.83684726046736,36.02483367919922,80392200
2006-05-08,35.95644637166809,36.12733941423114,35.94789976379443,36.058982849121094,45079100
2006-05-09,35.97355744568128,36.04191731669112,35.862477544657374,35.92229080200195,48528800
2006-05-10,35.82828348213943,35.87100675488587,35.50358074202837,35.606117248535156,92424200
2006-05-11,35.57194010000493,35.589030060785326,34.7174616184454,34.81145477294922,140989700
2006-05-12,34.65764725932032,34.708913880418905,34.33294453419726,34.341487884521484,153920800
2006-05-15,34.19624186756638,34.46967482200388,33.99971213528805,34.31586837768555,127896500
2006-05-16,34.324395493129096,34.40129867890661,33.98260609156624,34.05950927734375,132397500
2006-05-17,33.9057231255302,34.016806295581574,33.52120696733571,33.59811019897461,207897100
2006-05-18,33.74336621804196,33.888626036408745,33.32467020940197,33.367393493652344,139690900
2006-05-19,33.49556367895688,33.7262733052414,33.11104763514935,33.62373352050781,194306300
2006-05-22,33.33319551301086,33.52972838138282,32.99994951289682,33.29901885986328,169591800
2006-05-23,33.54681062260256,33.64935034715399,32.95722187452137,32.97431182861328,142243900
2006-05-24,32.92303187605654,33.35881742290153,32.66668916239302,33.19646453857422,234981600
2006-05-25,33.41864741955144,33.649356955739314,33.17084792591527,33.632266998291016,123510900
2006-05-26,33.70918249936679,33.820265633598964,33.521196158293456,33.74336242675781,91319600
2006-05-30,33.58099966755576,33.60663623545658,32.99141075905833,33.01704406738281,105606200
2006-05-31,33.076848099873736,33.37591740536739,32.931588380306444,33.170841217041016,137066200
2006-06-01,33.264845332132346,33.956974029541016,33.18794214353138,33.956974029541016,119357400
2006-06-02,34.14495380509658,34.17913372111598,33.589544837874165,33.87152099609375,128864100
2006-06-05,33.803168375627706,33.803168375627706,33.13667297363281,33.13667297363281,103190600
2006-06-06,33.19648856925553,33.281938375382786,32.769249317349654,33.11104202270508,127271000
2006-06-07,33.153765930264576,33.46992207004198,32.85469975203958,32.863243103027344,130754700
2006-06-08,32.70089426309661,32.948693823102545,32.03440204198254,32.81197738647461,280562200
2006-06-09,32.948701942606924,33.10250837916279,32.56418585121727,32.598365783691406,144146200
2006-06-12,32.64108462359858,32.69235125574922,31.94895575336898,31.957502365112305,145607500
2006-06-13,32.034402919989844,32.2992891897045,31.752423428204114,31.829326629638672,207099500
2006-06-14,31.9233126640184,32.22237879192958,31.786596254176672,32.154022216796875,201876800
2006-06-15,32.342011184293334,33.14522309179209,32.299287909540126,33.025596618652344,200700400
2006-06-16,32.96232495882058,33.073482871583614,32.66305741881037,32.78276443481445,120006100
2006-06-19,32.91954955676085,32.95375246899509,32.41506801749816,32.51767349243164,129450100
2006-06-20,32.56899297931626,32.90246337397402,32.44073362978447,32.56044387817383,102871700
2006-06-21,32.611745138010974,33.33854268529132,32.60319603683461,33.0734748840332,129548100
2006-06-22,32.9965102686859,33.0734652038325,32.48347954222179,32.65448760986328,143100500
2006-06-23,32.628853210573865,32.945222206507076,32.43219122597909,32.620304107666016,88050200
2006-06-26,32.63739705814682,32.825509909543456,32.551892995750656,32.70580291748047,65157700
2006-06-27,32.72288590556397,32.774190271095556,32.055945462498656,32.090145111083984,128227500
2006-06-28,32.16712371611791,32.35523659982288,31.961912626413834,32.329586029052734,91576300
2006-06-29,32.47493320289214,33.31288528442383,32.40653061550711,33.31288528442383,181997200
2006-06-30,33.44969623004995,33.4667976936216,33.073473816785544,33.150428771972656,82719200
2006-07-03,33.253039057263564,33.34709548950195,33.18463645494455,33.34709548950195,21598500
2006-07-05,33.039278647350535,33.073481582524785,32.56899970490465,32.620304107666016,93724000
2006-07-06,32.7229023509917,32.90246282793971,32.50058658372882,32.58609390258789,70615200
2006-07-07,32.406545924674745,32.637407620209636,32.12437655626461,32.22698211669922,108063300
2006-07-10,32.31249777170608,32.43220483326893,31.782361839395158,31.94482421875,105109800
2006-07-11,31.876418410783685,32.26974580789339,31.705410186218284,32.18423843383789,136114200
2006-07-12,32.115817919198655,32.18422051859417,31.50017821578412,31.577133178710938,154458900
2006-07-13,31.329170758017327,31.67119358324882,31.04700469970703,31.04700469970703,177745500
2006-07-14,31.038448822806476,31.10685468482056,30.60237286866529,30.730628967285156,172448500
2006-07-17,30.739180257370485,30.995695707422556,30.670774397745443,30.80758285522461,134311000
2006-07-18,30.970047898588597,31.064104333062556,30.388611087087018,30.910194396972656,206964900
2006-07-19,30.88454016204664,31.491630796128195,30.85888959362459,31.31206703186035,192517600
2006-07-20,31.423216547178967,31.4659685703993,30.816129336847453,30.850332260131836,152292100
2006-07-21,30.679334920594886,30.74773753664145,30.457019079457044,30.52542495727539,119343000
2006-07-24,30.64512694112933,31.149608790860462,30.61092400784591,31.13250732421875,130269300
2006-07-25,31.200912394184023,31.41467582909088,30.987148959277167,31.31206703186035,108869600
2006-07-26,31.218001625544847,31.525821405216647,30.978587691031322,31.286407470703125,107170500
2006-07-27,31.41466367861543,31.67117904893513,30.995686073069663,31.08119010925293,99698700
2006-07-28,31.235098892357275,31.756681975451375,31.20944833475258,31.73103141784668,93556100
2006-07-31,31.705390201059686,31.910601245894668,31.542927923647017,31.722488403320312,78015300
2006-08-01,31.440318600746675,31.465969162807742,31.00423947508646,31.192352294921875,98552800
2006-08-02,31.303518502664517,31.748146846822383,31.303518502664517,31.542932510375977,87370600
2006-08-03,31.226560696670514,31.927704451345257,31.19235776674225,31.739591598510742,99205600
2006-08-04,32.021769043763136,32.17567900591859,31.312072744738348,31.594242095947266,123493800
2006-08-07,31.560024643240013,31.585675204545634,31.235103399031036,31.389013290405273,69634800
2006-08-08,31.474521524674998,31.551476472628543,31.00423947508646,31.192352294921875,124139900
2006-08-09,31.628434562583518,31.902051457650767,31.14960336533049,31.235107421875,145342200
2006-08-10,31.14961188661241,31.534386769863012,31.047006338336107,31.45743179321289,102481300
2006-08-11,31.337716203853226,31.371915869408625,31.098298974341375,31.235107421875,86903200
2006-08-14,31.50015726030792,31.867830365055884,31.38045034467255,31.440303802490234,109281100
2006-08-15,31.807985107007553,32.278263794708984,31.713928717113333,32.235511779785156,133712100
2006-08-16,32.47494149401268,33.01362627744602,32.35523448919889,32.996524810791016,135452100
2006-08-17,32.88538405689959,33.33001263647295,32.86828258132681,33.116249084472656,129492200
2006-08-18,33.03071021684918,33.201721530883404,32.731439601846915,33.167518615722656,97754500
2006-08-21,32.919583109766776,32.97088753040973,32.714368688967525,32.85117721557617,66668400
2006-08-22,32.799853393487666,33.18462812801644,32.66304496140747,32.85970687866211,102058600
2006-08-23,32.885368512682085,33.06492902866236,32.42363867578586,32.611751556396484,96056300
2006-08-24,32.70580291748047,32.79130697987663,32.4236336403855,32.70580291748047,78985300
2006-08-25,32.637377166895845,33.03925319112551,32.543324060290246,32.7656364440918,73572900
2006-08-28,32.740016723339316,33.16754370088586,32.69726467793906,33.013633728027344,80035000
2006-08-29,32.98799291033625,33.14189966694535,32.6459699224266,33.116249084472656,104842000
2006-08-30,33.10769015387983,33.37275479217569,33.00508133088919,33.27014923095703,75687200
2006-08-31,33.312890171886664,33.37274366779381,33.141878785678735,33.23593521118164,61207200
2006-09-01,33.41550064086914,33.5266552749881,33.2615907117202,33.41550064086914,69388500
2006-09-05,33.43259763332473,33.75751894550685,33.21883421300483,33.74041748046875,85582800
2006-09-06,33.43259565489793,33.509550612130006,33.01362120245612,33.06492233276367,97888600
2006-09-07,32.96230804415441,33.26157869236492,32.79984907176805,32.911006927490234,115877400
2006-09-08,32.953778936905906,33.19319299130037,32.885373057495,33.107688903808594,96627000
2006-09-11,32.842606487676605,33.4753475452828,32.76565153826194,33.31288528442383,142377500
2006-09-12,33.30433908214093,34.03113335292222,33.30433908214093,33.92852783203125,124102400
2006-09-13,33.95418658688909,34.185051510908636,33.88578397705264,34.159400939941406,116054300
2006-09-14,34.0738894402297,34.39026166513216,33.99693447495222,34.193599700927734,98116000
2006-09-15,34.478501041486545,34.61538826258016,34.221837909892116,34.315948486328125,137825600
2006-09-18,34.324501037597656,34.564056111973386,34.17050251251634,34.324501037597656,117806700
2006-09-19,34.41006792075196,34.43573326142366,33.811184950432065,34.09351348876953,159060800
2006-09-20,34.39294651044785,34.683832252725736,34.384389223636006,34.5897216796875,116635500
2006-09-21,34.67527903396936,34.79505495419773,34.290285937135046,34.37583923339844,121886900
2006-09-22,34.350162169534535,34.35871619078077,33.96516594049526,34.1106071472168,100996400
2006-09-25,34.25606480926051,34.786502449287646,33.948067707422425,34.709503173828125,136473400
2006-09-26,34.66671733333787,34.90626912074918,34.56405274782564,34.8806037902832,113375600
2006-09-27,34.79503825450319,35.03459324363583,34.64959706792934,34.83781814575195,113003800
2006-09-28,34.8806194825012,34.983284114200565,34.58973363964485,34.93195343017578,85943600
2006-09-29,34.99180994486092,35.017475263799106,34.75225500139933,34.777923583984375,85438200
2006-10-02,34.73515640481005,34.82071293863994,34.29027548348684,34.34160614013672,97068800
2006-10-03,34.23894006103382,34.632490308441035,34.11916418257492,34.4870491027832,116261400
2006-10-04,34.427168834807624,35.34260269689462,34.34161228566714,35.33404541015625,149209500
2006-10-05,35.334032440091015,35.55647612255521,35.23136788245616,35.50514221191406,91799900
2006-10-06,35.38536973117424,35.55647951934378,35.28270516373161,35.42814636230469,85450400
2006-10-09,35.38538292149166,35.710491313837,35.35116029837132,35.547935485839844,62786100
2006-10-10,35.59071873287412,35.7190519615491,35.34261282836518,35.60783004760742,98181800
2006-10-11,35.44526854431838,35.787488225671936,35.22282477234394,35.53937911987305,136561300
2006-10-12,35.7276034973198,36.146822519947385,35.676272820346576,36.10404586791992,95260200
2006-10-13,36.12972092328622,36.377830140882146,36.05272162346853,36.30083084106445,80470200
2006-10-16,36.30081842156538,36.46337099283341,36.27515308495703,36.33504104614258,62017400
2006-10-17,36.07837123799947,36.104039835846855,35.727597528140734,35.93292999267578,146149100
2006-10-18,36.12114505384614,36.19814430710294,35.6334842044358,35.76181411743164,120366100
2006-10-19,35.66770305022333,36.027033981538615,35.58214977610685,35.84737014770508,108198400
2006-10-20,35.96715261403976,36.001375235403735,35.62493292769761,35.93292999267578,105454300
2006-10-23,35.86450038754745,36.42916409531068,35.77894706048345,36.30083084106445,126960500
2006-10-24,36.17248358911904,36.31792810522531,35.86448650903418,36.05270767211914,103541700
2006-10-25,36.069832941611374,36.377830140882146,35.975722323650835,36.30083084106445,125399500
2006-10-26,36.4291427233577,36.72002517018285,36.12114570478011,36.63447189331055,130260700
2006-10-27,36.548924876763884,36.63447816829028,36.00137597823765,36.11259460449219,129375000
2006-10-30,36.06981156726646,36.48903045421878,35.98425829089985,36.34358596801758,103899900
2006-10-31,36.41202687762202,36.583133410043494,36.198140448447276,36.42913818359375,135811800
2006-11-01,36.55747814614872,36.5917007675127,35.7789314601867,35.93292999267578,148960600
2006-11-02,35.770380263622066,36.052708753065424,35.71049230332654,35.96715545654297,100216400
2006-11-03,36.01849197010141,36.095491254918194,35.599276180048626,35.873050689697266,119263300
2006-11-06,35.99281276512158,36.54036157350064,35.9842587428368,36.394920349121094,101283300
2006-11-07,36.394907826864596,36.865457218187196,36.33501990053156,36.64301681518555,139706500
2006-11-08,36.4376937341947,36.95957716547033,36.335029157702984,36.81413269042969,180245700
2006-11-09,37.01089839252535,37.087897621188844,36.50612639654181,36.64301681518555,124278000
2006-11-10,36.65158017234713,36.82268997559869,36.5061356973065,36.81413269042969,82419400
2006-11-13,36.83124751319693,37.25046640800137,36.7884708742124,37.19057846069336,89146200
2006-11-14,37.21622924862882,37.61833667798107,36.99378885464173,37.58411407470703,121962800
2006-11-15,37.63546026771676,37.98623390668667,37.575569060608984,37.73812484741211,116565900
2006-11-16,37.86646173593347,38.00334895530867,37.661132538695036,37.90068435668945,113513200
2006-11-17,37.695355159451026,37.90068435668945,37.60124458419643,37.90068435668945,95162500
2006-11-20,37.78090884505271,38.05468328668253,37.65257564769238,37.977684020996094,107184100
2006-11-21,38.00334217989003,38.08034143103884,37.85790096308017,38.02901077270508,68092200
2006-11-22,38.140224804376835,38.285665991312584,37.86644720702292,38.2685546875,69852700
2006-11-24,37.98623637452971,38.37978667530303,37.96912506619413,38.20012283325195,51762900
2006-11-27,38.08036098296672,38.16591756353131,37.336036682128906,37.336036682128906,159506300
2006-11-28,37.22479140118409,37.507123044413326,37.07935020096137,37.447235107421875,118268400
2006-11-29,37.64403048780171,37.79802905543468,37.35314466712271,37.70391845703125,139515500
2006-11-30,37.6867919370565,37.88356707993972,37.46435146447274,37.67823791503906,123457100
2006-12-01,37.64401604968788,37.943455780987435,37.01091070739242,37.35313034057617,144559600
2006-12-04,37.46435832609001,38.054683862858134,37.46435832609001,37.86646270751953,89782400
2006-12-05,37.97768015809995,38.114567364991395,37.80657033357353,38.00334548950195,84697500
2006-12-06,37.88357401833657,37.986241883238804,37.7039101502309,37.86646270751953,78207500
2006-12-07,37.93490464832588,38.05468054996911,37.38735580444336,37.38735580444336,124936100
2006-12-08,37.26757454613757,37.86645396827367,37.19057529705605,37.5584602355957,133798700
2006-12-11,37.49857170187064,37.96056392542405,37.43012647547871,37.69534683227539,72931300
2006-12-12,37.68679448504664,37.75523972040657,37.26757884123664,37.47290802001953,110985900
2006-12-13,37.729573012413496,37.73813029908572,37.318911370659514,37.54135513305664,79035500
2006-12-14,37.618339760433045,38.131665797017305,37.59267117405069,37.96055603027344,109104200
2006-12-15,38.2723669929915,38.34089236048994,37.989691274544356,38.05821990966797,99942300
2006-12-18,38.186699678844825,38.332318089720395,37.5185587281456,37.681312561035156,121588700
2006-12-19,37.390097687098525,37.741298919871575,37.15881834830263,37.5614128112793,136535200
2006-12-20,37.60422530950308,37.78410805694772,37.40720713739722,37.424339294433594,67213400
2006-12-21,37.46717050244268,37.50999926028568,37.013176519957504,37.15879821777344,102952300
2006-12-22,37.17591275133649,37.184477191795246,36.7733154296875,36.7733154296875,92858600
2006-12-26,36.773330803551794,36.93608138129516,36.73050204810613,36.92751693725586,50848600
2006-12-27,37.01317766840986,37.175931527937905,36.918952437656756,37.115970611572266,54129200
2006-12-28,37.00461719814705,37.15880336182632,36.87612763920591,36.93608856201172,69016000
2006-12-29,36.996037325052015,37.355806011264185,36.936076421954006,36.970340728759766,75152500
2007-01-03,37.227338100175515,37.74129319767345,36.42214602867594,37.03889083862305,167689500
2007-01-04,37.090278197719456,37.869773534788855,36.96179189437591,37.74128723144531,136853500
2007-01-05,37.647073640996226,37.647073640996226,37.244475910393014,37.5614128112793,138958800
2007-01-08,37.59566161358947,37.79267653911797,37.381514529194334,37.58709716796875,106401600
2007-01-09,37.69843871344927,37.93828558988349,37.37293760652814,37.77553176879883,121577500
2007-01-10,37.65561823163455,38.255230652928056,37.53569640090081,38.22096633911133,121070100
2007-01-11,38.298061658503,38.75205567415046,38.246668452387254,38.6150016784668,174029800
2007-01-12,38.56360794220135,38.846280398778745,38.52077917818965,38.81201934814453,104217300
2007-01-16,38.84626919442123,38.88910121370421,38.65782203359817,38.78630828857422,95690500
2007-01-17,38.623588556381804,38.794906967395214,38.4008769094032,38.46940231323242,127142600
2007-01-18,38.36659602946287,38.40942479684114,37.64706162758135,37.758419036865234,189029800
2007-01-19,37.66419138064601,37.92973168199379,37.61279490250194,37.835506439208984,127544300
2007-01-22,37.86976557450474,37.88689773154111,37.27015314873109,37.424339294433594,123441700
2007-01-23,37.39864545224689,37.67275344980492,37.26159145346787,37.33012008666992,133103600
2007-01-24,37.569971142761815,37.964001058148,37.492878049088375,37.946868896484375,117615300
2007-01-25,37.998250535446886,38.09247575396988,37.33011282973754,37.45859909057617,158337600
2007-01-26,37.527131072347345,37.54426322885218,37.08170480609585,37.32154846191406,146284300
2007-01-29,37.22732633677139,37.61279172118573,37.17593313059948,37.35581588745117,104191500
2007-01-30,37.41578409162307,37.51000934478482,37.278730069103865,37.372955322265625,69605900
2007-01-31,37.33013604974065,37.85265239703126,37.1159888808485,37.74986267089844,157772500
2007-02-01,37.92116725078813,38.03252465299738,37.56139843889105,37.68988800048828,147365600
2007-02-02,37.792674313435015,37.904031705697484,37.63848816034082,37.82693862915039,98189200
2007-02-05,37.809807176487766,37.99825764881215,37.655621020517835,37.79267501831055,96347800
2007-02-06,37.86120908828283,37.886905695426435,37.381518393307225,37.74128723144531,121110200
2007-02-07,37.9297257530465,38.246665750621474,37.7926717670444,38.08391189575195,117823800
2007-02-08,38.032522952345694,38.20383800331448,37.88690123787206,38.07535171508789,89521900
2007-02-09,38.17814194455425,38.3066315022414,37.45860761028159,37.58709716796875,133472000
2007-02-12,37.57854423053712,37.59567639614009,37.3387004473485,37.441490173339844,126940000
2007-02-13,37.501429110959286,37.689879554371004,37.43290375638884,37.5699577331543,93648000
2007-02-14,37.72413590594338,38.29804829142462,37.72413590594338,38.20382308959961,133370000
2007-02-15,38.22954069629156,38.42655563354492,38.16101205674671,38.42655563354492,110452500
2007-02-16,38.25524023106241,38.40086196743106,38.178147139485034,38.29806900024414,72342200
2007-02-20,38.23810477247943,38.649266802894495,38.058221996852595,38.58930587768555,93629000
2007-02-21,38.4779492561315,38.72636067569401,38.40085943725909,38.709228515625,95864000
2007-02-22,38.85484154013979,39.017592122906244,38.60643017621359,38.90623474121094,116344400
2007-02-23,38.9062342784523,38.940498590508646,38.59786527281913,38.76918029785156,113467100
2007-02-26,38.95761648592143,38.974748635678296,38.34087216516789,38.580718994140625,101623700
2007-02-27,38.00683419872262,38.10105946489422,36.88470525554554,36.99605941772461,317813200
2007-02-28,36.96178446445352,37.484300554550515,36.773334002947315,37.115970611572266,214978700
2007-03-01,36.44782979826589,37.29585361316005,36.182289529027486,36.94465255737305,231806500
2007-03-02,36.6448581513497,36.953230560820565,36.3793177846812,36.387882232666016,183359400
2007-03-05,36.10519790649414,36.66197833713238,36.028104829313456,36.10519790649414,171885400
2007-03-06,36.43069550119096,36.82472856092107,36.40499890054812,36.704803466796875,155551800
2007-03-07,36.713374997919274,36.81616467880816,36.53349223945748,36.55918884277344,119979300
2007-03-08,36.9446521031816,37.03887733341422,36.69624072668196,36.80759811401367,120900700
2007-03-09,37.11595186525557,37.124516305714316,36.53347188536379,36.7733154296875,128597600
2007-03-12,36.721928271357925,37.0731292362065,36.687667233234784,37.01316833496094,81310100
2007-03-13,36.833307088719664,37.038889775342355,36.28509094789376,36.29365539550781,171231800
2007-03-14,36.34504309312029,36.833298179673385,36.062367375839465,36.82473373413086,192586700
2007-03-15,36.74763097385027,36.88468493980469,36.59344485369851,36.73906326293945,111627400
2007-03-16,36.80506622272464,36.890780963760854,36.522215751512746,36.710784912109375,108328800
2007-03-19,36.907917492837534,37.19076791485527,36.813632928937466,37.087913513183594,95913200
2007-03-20,37.07935374272726,37.36220753616658,37.03649799908956,37.3536376953125,78755700
2007-03-21,37.405061125177795,38.09076279293363,37.15649324884023,38.0736198425293,173333500
2007-03-22,38.09077242820693,38.09934554041944,37.7907788944548,37.93648910522461,114856300
2007-03-23,37.936468448013265,38.030753012905215,37.77361537117967,37.816471099853516,68530300
2007-03-26,37.8336314329576,37.98791474283543,37.39649756809309,37.97077178955078,114237300
2007-03-27,37.9107487459927,37.91932185197237,37.670754093472475,37.705039978027344,76419200
2007-03-28,37.542206560381445,37.73934561229548,37.293638650265706,37.30221176147461,142795000
2007-03-29,37.559332720611636,37.58504550337454,36.94219977684237,37.34505081176758,124407000
2007-03-30,37.33649181674934,37.6021993682818,37.04506820530347,37.31077575683594,120418700
2007-04-02,37.43077403752768,37.507915679755996,37.11363762822611,37.362205505371094,89617700
2007-04-03,37.55934163231024,37.97933571195679,37.53362884344647,37.850765228271484,105814500
2007-04-04,37.87648777177709,38.039344195678,37.825062180805496,38.00505828857422,85147200
2007-04-05,37.962197650491504,38.21076554045542,37.91076879645922,38.19362258911133,54220200
2007-04-09,38.32217885172735,38.3564647446028,38.03932840971166,38.099327087402344,63050200
2007-04-10,38.09076991256304,38.29648208618164,38.06505711699225,38.29648208618164,76364500
2007-04-11,38.26217705209078,38.27931999712975,37.77361456236862,37.893611907958984,114012300
2007-04-12,37.83362715025262,38.24504817345997,37.67077401700917,38.19362258911133,113801300
2007-04-13,38.20219920906662,38.330769732120835,37.962204387028585,38.27077102661133,94572000
2007-04-16,38.42504952195229,38.699330218325414,38.42504952195229,38.622188568115234,72803200
2007-04-17,38.699327345640455,38.74218308820182,38.536470946350256,38.7078971862793,81852300
2007-04-18,38.51074286391352,38.767880486867824,38.42503141282285,38.57931137084961,82002500
2007-04-19,38.40789059007181,38.78502557325646,38.33074897195649,38.69931411743164,95413000
2007-04-20,39.01645533549523,39.145022535404976,38.742174718735,38.91360092163086,122377400
2007-04-23,38.965040627433595,39.08503803208226,38.862186176261034,38.97361373901367,85303300
2007-04-24,39.110735731367654,39.28216191594565,38.85359808934192,39.17073440551758,108143700
2007-04-25,39.299310773975215,39.702161911407316,39.17074355776386,39.6935920715332,106818100
2007-04-26,39.787872088759954,39.9850143659387,39.71073372336371,39.89929962158203,99308300
2007-04-27,39.745020449087015,40.02787423010114,39.67645191621552,39.916446685791016,96536500
2007-04-30,39.84787279106372,39.882155418044704,39.359306937808604,39.393592834472656,93290500
2007-05-01,39.40216152161375,39.54787166155921,39.13645075681104,39.35930252075195,135044400
2007-05-02,39.50501804310088,39.9250120783557,39.47073214845092,39.78786849975586,91971600
2007-05-03,39.86502955667514,40.045028956471306,39.796461003640225,39.93360137939453,98003600
2007-05-04,40.08785086490405,40.190705242459345,39.78785429831867,39.96785354614258,93591800
2007-05-07,39.993566323110976,40.09642070066627,39.91642472252408,39.96785354614258,47487900
2007-05-08,39.83072945103428,40.087867134119854,39.68501602648653,40.05358123779297,95138900
2007-05-09,39.8478738949997,40.259294857317066,39.822157836947696,40.13929748535156,116021000
2007-05-10,40.002165096075856,40.09644970607355,39.48788956659541,39.59074401855469,171196300
2007-05-11,39.633604124312356,40.09645080566406,39.58217526208032,40.09645080566406,104767900
2007-05-14,40.08786578182482,40.182150358701705,39.59073011090409,39.8221549987793,118899200
2007-05-15,39.787876252331564,40.027874291961474,39.41931425692111,39.51359558105469,179438500
2007-05-16,39.599306190541625,39.90787273085929,39.35073833643205,39.89929962158203,144420500
2007-05-17,39.847879475721236,39.91644801086895,39.67645323332652,39.71073913574219,109869100
2007-05-18,39.839291398582574,40.03643035888672,39.75357994442682,40.03643035888672,104961700
2007-05-21,40.062168835957365,40.49073288599263,40.00216686084295,40.2935905456543,112831400
2007-05-22,40.31930338832602,40.5250122848724,40.1735899227287,40.32787322998047,98029100
2007-05-23,40.44786075482722,40.60214402440663,40.11358142729956,40.13929748535156,119220600
2007-05-24,40.165023282826766,40.31930660237722,39.40217979709633,39.565032958984375,206268600
2007-05-25,39.65073081320406,39.907871770402316,39.58216228905213,39.8135871887207,87143200
2007-05-29,39.856451014716775,40.16501761023818,39.779309365836426,40.122161865234375,99702400
2007-05-30,39.839319535773754,40.45645290453968,39.72789195092775,40.447879791259766,132036500
2007-05-31,40.55928339282974,40.73070959052962,40.46499882061066,40.63642501831055,109457700
2007-06-01,40.782132874000844,40.94498594130077,40.602133592616134,40.662132263183594,125089800
2007-06-04,40.516450791037286,40.83358731253659,40.49073799109224,40.782161712646484,64782700
2007-06-05,40.670734130076866,40.782161712646484,40.28502578247792,40.782161712646484,151160400
2007-06-06,40.602158075917124,40.610731188129144,40.25073567796297,40.34502029418945,183166500
2007-06-07,40.20785413987495,40.46499175669525,39.70214874326607,39.71929168701172,221373300
2007-06-08,39.702164881232505,40.22501343411228,39.56502454520531,40.20787048339844,177587800
2007-06-11,40.18215852850491,40.44786609589094,40.07930082208103,40.13072967529297,97100400
2007-06-12,39.91643696698476,40.31928803470094,39.81358255787863,39.890724182128906,153967700
2007-06-13,40.06216563280106,40.36215913596619,39.89073937255644,40.32787322998047,147985300
2007-06-14,40.37073463227673,40.705017357933905,40.36216478942192,40.593589782714844,101531900
2007-06-15,40.968448638916016,41.06280698300761,40.87409356706551,40.968448638916016,100378400
2007-06-18,41.04564241786737,41.062798774476356,40.89123848062696,40.977020263671875,75713200
2007-06-19,40.85693720702694,41.05423043910887,40.753999046795506,40.968448638916016,109621300
2007-06-20,41.02848722540629,41.1056859178195,40.52238618428688,40.58243179321289,161889500
2007-06-21,40.56528026144416,40.99417938891409,40.38514341324454,40.951290130615234,143181300
2007-06-22,40.86549747068047,40.92554307077359,40.43659845730684,40.565269470214844,153328700
2007-06-25,40.573847898749705,40.81403358253873,40.16210521941987,40.39371109008789,136602600
2007-06-26,40.58243576556223,40.59101230814533,40.09349103231069,40.162113189697266,128211900
2007-06-27,40.11921541159864,40.79687666015953,40.05916980954792,40.779720306396484,141196200
2007-06-28,40.76256561279297,41.04563728081235,40.71967636275852,40.76256561279297,116546300
2007-06-29,40.985580634129605,41.07136238332752,40.49663611653849,40.8311767578125,124794700
2007-07-02,40.92555137681656,41.21720289599233,40.899818477908255,41.20004653930664,80863100
2007-07-03,41.25152227085973,41.44881549624432,41.208633008339774,41.44023895263672,34803300
2007-07-05,41.46594154776971,41.83479482587603,41.42305231659798,41.74043655395508,73588500
2007-07-06,41.783339185850046,41.95489943779823,41.60320239381229,41.912010192871094,65804300
2007-07-09,41.94632776864779,42.014949914051904,41.79192385118852,41.937747955322266,66768800
2007-07-10,41.706139326933055,41.94632500059756,41.543158879143405,41.5860481262207,104383100
2007-07-11,41.491684557029494,41.869117736816406,41.44879531539172,41.869117736816406,99637600
2007-07-12,42.006373061525515,42.60682910025968,41.96348053969594,42.512474060058594,107667100
2007-07-13,42.57252465258785,42.86417616510879,42.5210555837052,42.80413055419922,74232200
2007-07-16,42.795543175273224,42.95852689513865,42.684028515192644,42.76123046875,77799500
2007-07-17,42.85557150925218,43.14722285271498,42.82125881655338,43.08717727661133,124833700
2007-07-18,42.847007504631634,43.03572082519531,42.58108896679447,43.03572082519531,144915900
2007-07-19,43.241603971304855,43.45605350563433,43.15582546646915,43.16440200805664,116563800
2007-07-20,43.13866180676027,43.1987074044263,42.666873565567265,42.93278884887695,163721300
2007-07-23,43.078610719092204,43.155812659429756,42.821268736474195,42.9499397277832,107464100
2007-07-24,42.632581485351615,42.97569888483104,42.075011211865835,42.3151969909668,175496200
2007-07-25,42.529628978239394,42.60682766154987,42.08357359864174,42.37522506713867,170258700
2007-07-26,42.083567574183455,42.43526459417917,41.217189833450966,42.01494216918945,318522000
2007-07-27,41.93775745676165,42.13505066882734,41.165740966796875,41.165740966796875,246387600
2007-07-30,41.363000884235305,41.800476215851,41.13139514200177,41.64607238769531,166517200
2007-07-31,42.00638415300787,42.02354051182172,40.685373974509524,40.77115249633789,260224500
2007-08-01,40.65105639204147,41.11426820785869,40.2993592590485,41.08853530883789,301153900
2007-08-02,41.114256791567854,41.54315577477032,40.99416559982949,41.4659538269043,177369900
2007-08-03,41.38875463081098,41.44022369022348,40.44517811392674,40.676780700683594,166048400
2007-08-06,40.719672015370655,41.191460259859724,40.342238801987655,41.1485710144043,190869100
2007-08-07,41.07138540493132,41.70615434360504,40.7282647602897,41.44023895263672,167109700
2007-08-08,41.61178058150885,42.083572111106726,41.51742554782905,41.89485549926758,164831200
2007-08-09,41.337287415720766,42.00637212897645,40.908388384866576,40.92554473876953,242418200
2007-08-10,40.48807949927259,41.02849333228473,39.99913474110375,40.55670166015625,247006400
2007-08-13,40.89980215717083,41.07136238332752,40.728241931014146,40.8311767578125,116935100
2007-08-14,40.916987152914984,40.951299876616424,40.08492160048299,40.136390686035156,153529800
2007-08-15,40.04202163571846,40.39371877910723,39.295738091891685,39.37294006347656,214854100
2007-08-16,39.05554536230471,39.38150954748821,38.077656078994224,38.98692321777344,362468700
2007-08-17,39.724613189697266,39.964795501753315,39.106997790423335,39.724613189697266,223246600
2007-08-20,39.87903589913655,40.076329073377835,39.527338802055965,39.91334533691406,144715100
2007-08-21,39.87045221685753,40.428022247702515,39.79325026292884,40.33366394042969,115027200
2007-08-22,40.642481268255246,40.91697644152558,40.54812293889846,40.88266372680664,115814100
2007-08-23,40.99418188867702,41.045647692877694,40.51381365861193,40.77115249633789,118663400
2007-08-24,40.64246925958245,41.371596234600744,40.591000202711655,41.345863342285156,88189200
2007-08-27,41.225780731054336,41.34587194984768,41.03706408881322,41.07137680053711,72490400
2007-08-28,40.83117878814645,40.91696054160987,40.067739179638195,40.093475341796875,106024800
2007-08-29,40.359404624908656,41.27724843643254,40.359404624908656,41.24293899536133,113201000
2007-08-30,41.02847561763204,41.80907158506425,40.95985021413766,41.457374572753906,138930000
2007-08-31,41.91202053421027,42.08358082848911,41.69757098442184,41.920597076416016,94687200
2007-09-04,41.97206503346484,42.88990882044309,41.95490867726782,42.615413665771484,98480900
2007-09-05,42.512483885048624,42.5896858610479,41.9206009783073,42.186519622802734,114049300
2007-09-06,42.22940839600869,42.34092308722142,41.86913469365468,42.15220642089844,99222600
2007-09-07,41.62893987490416,41.68898547886865,41.13141868887835,41.37160110473633,152438000
2007-09-10,41.70613692366183,41.817651577428734,41.01132265322406,41.345863342285156,125199400
2007-09-11,41.611780472889514,42.023526401689196,41.54315833291607,41.9720573425293,103064500
2007-09-12,41.894869518816215,42.34950157521268,41.84340044229854,41.980648040771484,93993400
2007-09-13,42.28087795705081,42.332343759556494,41.98064659605776,42.186519622802734,80807500
2007-09-14,41.86055205967561,42.298030979921336,41.80050644666,42.220829010009766,99801200
2007-09-17,42.03209816393569,42.11787664721123,41.68040114692295,41.869117736816406,84882300
2007-09-18,42.10931212616073,42.95853375081749,41.88628604264701,42.92422103881836,151452100
2007-09-19,43.13865893340034,43.39599765943404,42.87274039556317,43.03572082519531,127025800
2007-09-20,42.94137032115347,43.11292730840818,42.82127584893948,42.91563415527344,109970600
2007-09-21,43.15250742632969,43.35848742759879,42.92078115262984,43.221168518066406,86829500
2007-09-24,43.332755981468274,43.736128574641725,43.19543702495222,43.4185791015625,107226800
2007-09-25,43.272660722701765,43.83052062988281,43.22116817824513,43.83052062988281,101102200
2007-09-26,44.07940118523293,44.208135788221036,43.87342123693568,44.04507064819336,96124600
2007-09-27,44.302553894977095,44.328303440984804,44.079411897869974,44.268226623535156,73423200
2007-09-28,44.23389853894781,44.354052180531426,43.92493016119497,44.1223258972168,75546000
2007-10-01,44.15665525845291,44.766007723797465,44.09657843927478,44.62868881225586,100404100
2007-10-02,44.66302906284137,44.68019433975632,44.388391180085875,44.63727951049805,71046000
2007-10-03,44.49136947355496,44.688765202379514,44.199566380088,44.328304290771484,106785000
2007-10-04,44.41413584065368,44.4827969458124,44.062255861569454,44.43130111694336,84129300
2007-10-05,44.77460599062144,45.401127244708604,44.68020186260704,45.33246612548828,115674700
2007-10-08,45.31527810088707,45.62424643441537,45.238036017504996,45.615665435791016,63022400
2007-10-09,45.71866863406107,45.873152850987,45.512688586845904,45.81307601928711,93965600
2007-10-10,45.82167131025013,45.976155575352195,45.66718704514807,45.924659729003906,91777500
2007-10-11,46.16494214509788,46.29367677125028,44.86899196715447,45.195125579833984,239786700
2007-10-12,45.40111158390404,45.95038725242826,45.315285214483865,45.941802978515625,131676000
2007-10-15,46.01046104153354,46.096284131355944,45.229459137961996,45.58992004394531,121578700
2007-10-16,45.30671600087605,45.727253861641884,45.21230860692476,45.37537384033203,193676600
2007-10-17,46.019049758647384,46.05338030991022,45.212301447620135,45.9589729309082,183985200
2007-10-18,45.77016101633644,46.25077563372927,45.58992726087259,46.156368255615234,144491200
2007-10-19,46.14779503950834,46.14779503950834,44.963417023820796,45.00632858276367,245111500
2007-10-22,44.76601035985523,45.58992387762122,44.64585671442369,45.54701232910156,207052100
2007-10-23,46.01044279777293,46.525387680406816,45.778716618405774,46.49964141845703,162360600
2007-10-24,46.12203128654918,46.29367745729608,45.14363043401131,46.14777755737305,298293400
2007-10-25,46.250782949562996,46.328025064425034,45.27238501060529,45.52985763549805,233833100
2007-10-26,46.413833113386104,46.516821467855536,45.86455425035404,46.28509521484375,146690300
2007-10-29,46.50824619029677,46.62840311334808,46.20786206752196,46.47391891479492,101896600
2007-10-30,46.29367201430213,46.82578555766479,46.259344748553296,46.56830978393555,114616600
2007-10-31,46.748564704236344,47.26350993759962,46.379519419880616,47.22917938232422,148431900
2007-11-01,46.92877129926421,47.00601337230963,46.31941898631717,46.34516525268555,181974200
2007-11-02,46.70564651489258,46.817219174544256,46.00188655205901,46.70564651489258,217882900
2007-11-05,46.225023903755385,46.688476464940535,45.99329762316281,46.40525436401367,150588900
2007-11-06,46.62840310870044,46.93736823183457,46.15636623875652,46.92878723144531,131884700
2007-11-07,46.53399774793019,46.842966158372725,45.75299572106334,45.787322998046875,197908200
2007-11-08,45.607081188489985,45.77014962790954,43.598790293384255,44.39695739746094,380626400
2007-11-09,43.53871866840636,43.873433311812114,42.912200927734375,42.912200927734375,309414900
2007-11-12,42.843540512338116,43.118181614644946,41.753573472603776,41.82223129272461,283216000
2007-11-13,42.388682014802875,43.59022524691633,42.35435145984148,43.54731369018555,255625900
2007-11-14,44.10517308754216,44.14808464681423,42.8263909419471,42.98945617675781,263284100
2007-11-15,42.912208976192524,43.375661618881416,42.37151422638881,42.75772476196289,251548800
2007-11-16,43.04953844543488,43.332760665456185,42.345778307975436,43.15252685546875,263623700
2007-11-19,43.04952324450135,43.29841481531273,42.4058401796769,42.65473175048828,198651100
2007-11-20,42.877885691618786,43.58164577620939,41.99389508452279,42.826393127441406,300763600
2007-11-21,42.44016477031649,43.05809819951049,41.92521642639043,42.320011138916016,212225400
2007-11-23,42.59465660545126,42.88645973729899,42.37151130077515,42.77488708496094,46463300
2007-11-26,42.88644801304904,43.22974360294034,41.968127317330406,42.03678512573242,150352100
2007-11-27,42.39724657277729,42.95510309871833,42.13977080425331,42.87786102294922,211369300
2007-11-28,43.4528824203342,44.371202980241726,43.42713288129353,44.18238830566406,216868100
2007-11-29,44.01075541860102,44.534284831753396,43.942097594582094,44.371219635009766,172087300
2007-11-30,44.80892050919325,44.8432510565135,43.7275344601349,44.036502838134766,171417400
2007-12-03,43.847691873285356,44.225318104465295,43.615965569853984,43.66746139526367,108625700
2007-12-04,43.33275886598205,43.71896620605672,43.238351463228724,43.487239837646484,113374100
2007-12-05,43.94209299027921,44.62868752823305,43.907762444896264,44.268226623535156,137614200
2007-12-06,44.311155790059836,44.94625476250694,44.29399051054203,44.903343200683594,99724500
2007-12-07,44.877580464293665,45.09214146868527,44.69735000635058,44.91191101074219,88992300
2007-12-10,45.02347910679209,45.220874832395786,44.90332547154992,45.092140197753906,75657900
2007-12-11,45.16078691045795,45.349601590235416,43.95066330830463,44.04507064819336,167064300
2007-12-12,44.84324846454379,44.99773264461444,43.676036114650465,44.43987274169922,162975200
2007-12-13,44.05366217720919,44.311134699543885,43.75327483953477,44.199562072753906,153476200
2007-12-14,43.84770887579735,44.285412102709564,43.701805617531456,43.744720458984375,128396700
2007-12-17,43.581648340617605,43.76188214767049,42.6633271207398,42.68049240112305,134377000
2007-12-18,43.118170654970655,43.1439169217292,42.20843103353161,42.81778335571289,154251700
2007-12-19,42.81780799228952,43.083864906326575,42.577500633767144,42.809226989746094,137970900
2007-12-20,43.44432074395612,43.73612390463771,43.08385974931866,43.68463134765625,167341700
2007-12-21,44.40030034092493,44.58931195502917,44.228471898771524,44.54635238647461,107573500
2007-12-24,44.683781112049225,45.01884779880907,44.63223491204963,44.881385803222656,34499800
2007-12-26,44.786886549401764,45.216455757456075,44.67519763764881,45.104766845703125,58492100
2007-12-27,44.958720924735516,45.10477290195507,44.42605267553226,44.563514709472656,65778900
2007-12-28,44.709584248416846,44.812679987472094,44.18550905240813,44.520572662353516,67545400
2007-12-31,44.305770701367614,44.40027645758416,43.99648032733277,44.00507354736328,70135600
2008-01-02,44.04804489061764,44.21987329915007,43.06862722254334,43.30918502807617,152344100
2008-01-03,43.3091979859133,43.60989533279608,43.08582328213685,43.48961639404297,114103700
2008-01-04,42.793710726127365,42.81089389778629,41.41908648960708,41.58232498168945,212617600
2008-01-07,41.582317016788224,41.754142145755424,40.74895137640943,41.38471221923828,235083600
2008-01-08,41.47062644025108,41.89160257806338,40.310787200927734,40.310787200927734,261669800
2008-01-09,40.47402542737731,41.204292024895665,39.91558395114273,41.169925689697266,254011800
2008-01-10,40.74896065905045,41.590916436734,40.62868173043208,41.230079650878906,249958500
2008-01-11,41.00668459744432,41.041050927684644,40.12177289655473,40.42247009277344,211685200
2008-01-14,40.9723383580199,41.24726258004447,40.645867892712744,41.126983642578125,168048500
2008-01-15,40.69740976003493,40.82628190909498,39.8210876675493,39.992916107177734,241094900
2008-01-16,39.68362578798311,40.30220686308087,39.05645476566672,39.56334686279297,265625900
2008-01-17,39.72657547341477,40.01868276650437,38.83307042662846,39.01348876953125,254098800
2008-01-18,39.211087948844366,39.64065727918202,38.64405656389282,38.961936950683594,273063300
2008-01-22,36.79691299979739,38.46364093897243,36.710997161270356,37.956748962402344,325732000
2008-01-23,36.54775651626032,37.9309701747415,35.74875736294329,37.81068801879883,390129000
2008-01-24,37.96532734152575,38.60109124352528,37.85364170149657,38.58390808105469,250249100
2008-01-25,39.40868077452653,39.40868077452653,37.750543262154764,37.79350280761719,199299100
2008-01-28,37.81927533406981,38.18011191348757,37.43266237229854,38.085609436035156,163711200
2008-01-29,38.28321857163722,38.386314289683156,37.836466090299766,38.15434646606445,138520000
2008-01-30,38.01686131481622,38.93613882905414,37.9567219093877,38.119956970214844,220824400
2008-01-31,37.69042097280251,39.168140864765356,37.64746468515689,38.7729377746582,246824100
2008-02-01,39.09082159073461,39.41729530409684,38.558156368036734,39.16814422607422,161920300
2008-02-04,39.159536707933604,39.18530981569747,38.609685282594356,38.61827850341797,100209900
2008-02-05,37.94813140196464,38.3175610773131,37.492789220542974,37.51856231689453,188990400
2008-02-06,37.73338868214925,37.94817346274624,36.74538065781647,36.779747009277344,178285000
2008-02-07,36.367337108445604,37.621678629500906,36.212691904221955,37.0374641418457,286254800
2008-02-08,37.11478920486907,37.60449795826311,36.89141132735551,37.45844268798828,173781300
2008-02-11,37.60450647697598,37.991119600750785,37.4069049420143,37.862247467041016,119562300
2008-02-12,38.094205774791675,38.38631303080366,37.38111916142129,37.64745330810547,145412400
2008-02-13,38.13717678783412,38.55815630788299,37.93957522613117,38.47224044799805,148685900
2008-02-14,38.53236872387912,38.53236872387912,37.707596372575004,37.776329040527344,170868900
2008-02-15,37.57013070276837,37.78491535344325,37.32957294276567,37.64745330810547,100053300
2008-02-19,38.14575912616497,38.23167168417657,37.17493148933462,37.57872772216797,110507600
2008-02-20,37.16634606682503,37.87943290191448,37.149166173500554,37.75056076049805,137338800
2008-02-21,38.111389862175145,38.20589563513511,37.2350680729379,37.389713287353516,127857000
2008-02-22,37.518582681637454,37.535765847649365,36.59930460279986,37.52717590332031,157364700
2008-02-25,37.484207330312366,37.862227026504065,37.23505642090404,37.7161750793457,121444300
2008-02-26,37.501410736420866,38.21449425151262,37.26084963865293,37.862247467041016,148375900
2008-02-27,37.60450551965331,38.19731010944693,37.51858967358251,38.0512580871582,125682600
2008-02-28,37.90519332885742,38.25744001646391,37.75914134301372,37.90519332885742,129196700
2008-02-29,37.50139529189087,37.60449098998718,36.814081898307094,36.89999771118164,188724500
2008-03-03,36.87421987993502,36.93436258526091,36.29000876210624,36.6594352722168,132963800
2008-03-04,36.42747570130769,36.9773238469744,36.10100213581053,36.86563491821289,183851000
2008-03-05,36.934372987012054,37.40689860159795,36.728178263497036,37.046058654785156,183208300
2008-03-06,37.020294577430256,37.17493983846617,36.169745641732696,36.22988510131836,152752200
2008-03-07,36.01506794467418,36.63364843170963,35.55113585674938,36.14393997192383,242552400
2008-03-10,36.09241695039001,36.204105904017176,35.37074027919497,35.448062896728516,146801900
2008-03-11,35.96354380707176,36.81408922091436,35.662843318228916,36.79690933227539,196755300
2008-03-12,36.942960494526254,37.32098030578569,36.59930373712405,36.693809509277344,155566100
2008-03-13,36.281422006612345,37.22647641536133,35.920585374486194,36.977325439453125,208967900
2008-03-14,37.22648989645483,37.2694461857373,35.86045892220149,36.29861831665039,309589800
2008-03-17,35.47383454356446,36.09241212375633,35.26763983193133,35.63706970214844,193130600
2008-03-18,36.29001733469944,37.23506852096271,36.17832839464345,37.226478576660156,216300400
2008-03-19,37.38112087335747,37.4584434822357,36.28142446029265,36.30719757080078,216157200
2008-03-20,36.41293756302202,37.05779480401944,36.197985149356214,37.049198150634766,128397000
2008-03-24,37.21256320385766,38.48508118122634,37.21256320385766,38.330318450927734,125018000
2008-03-25,38.43351185534832,38.75164067173191,38.07238991033529,38.5452880859375,118107500
2008-03-26,38.40770948272425,38.56247553849721,38.072384121854405,38.43350601196289,124824600
2008-03-27,38.20995925145468,38.27014569541285,37.582298278808594,37.582298278808594,143868600
2008-03-28,37.84884486490609,38.12398386264054,37.255577016025356,37.39314651489258,111822300
2008-03-31,37.53070635647535,37.84883512576173,37.35874370716132,37.59089279174805,113644800
2008-04-01,38.192784708460394,39.21596140635917,38.18418804575205,39.19876480102539,137494400
2008-04-02,39.29331411834173,39.568453031177334,38.83761262902718,39.112754821777344,132486800
2008-04-03,38.940822280852885,39.473903926531676,38.811849380808084,39.19876480102539,140033800
2008-04-04,39.35350990171849,39.852198069763446,39.03538107314247,39.43089294433594,139261000
2008-04-07,39.6716422784859,39.903791427101424,39.250337115377285,39.344913482666016,102297100
2008-04-08,39.043983459472656,39.31052581868559,38.84622749486273,39.043983459472656,97435200
2008-04-09,39.0955485784048,39.11274516620111,38.3733082905287,38.6054573059082,127182300
2008-04-10,38.6312656219104,39.4136926324267,38.6312656219104,39.1557502746582,112773800
2008-04-11,38.70865632787371,38.777439439615264,37.93482582130825,38.07239532470703,120135400
2008-04-14,38.01220936939935,38.244358524406934,37.7886601534193,37.90043640136719,89274600
2008-04-15,38.038001719023974,38.13257807850503,37.55650686387645,37.95201873779297,124232300
2008-04-16,38.4248888559766,39.104139209703746,38.390498965594304,39.009559631347656,134027900
2008-04-17,39.052564948373856,39.095558068257425,38.67424976476612,38.9235954284668,124953100
2008-04-18,39.95537532356759,40.35088717176642,39.740422804340156,40.16172790527344,133022500
2008-04-21,40.084346946001496,40.479862094627606,39.97257399174539,40.44546890258789,83303200
2008-04-22,40.19611939755443,40.21331599195602,39.491075426664324,39.843597412109375,104689600
2008-04-23,40.13592693747686,40.462655622273914,39.78340500490342,40.2820930480957,131086200
2008-04-24,40.29930124785037,41.09032829995919,39.88659276497791,40.643226623535156,166509000
2008-04-25,40.68621665997545,40.71200991529834,40.0413590375795,40.5400505065918,121945400
2008-04-28,40.63461350781792,40.94414558957318,40.52284058489528,40.6174201965332,71244000
2008-04-29,40.540051843884115,41.06453330560486,40.46266879544735,40.926963806152344,91270600
2008-04-30,41.01292580565774,41.32245784100755,40.43685156655361,40.591617584228516,132152700
2008-05-01,40.60882752855247,41.88994592288999,40.6002308713716,41.87274932861328,143596900
2008-05-02,42.26827071590472,42.29406397319526,41.563226590693766,41.932945251464844,124990000
2008-05-05,41.932933909842404,42.15648306570029,41.614805129612584,41.81256103515625,75624700
2008-05-06,41.69220314015369,42.242481210666654,41.391267565399644,42.070518493652344,139582600
2008-05-07,42.07910591486902,42.32845163579889,41.15910935273561,41.30527877807617,140008300
2008-05-08,41.47725286244327,41.87276483755337,41.3224867365452,41.61482238769531,128058700
2008-05-09,41.30528038210173,41.666399070645475,41.18490748592048,41.451446533203125,97062000
2008-05-12,41.51163289117718,42.294059994572166,41.44284978490097,42.20808029174805,89606500
2008-05-13,42.22527890545142,42.41443819659936,41.92434337136009,42.31985855102539,85448100
2008-05-14,42.48322701176836,42.93032876367324,42.16509811749767,42.225284576416016,143598200
2008-05-15,42.233865958540356,43.0076962645866,42.11349308424757,42.96470642089844,157248900
2008-05-16,43.05067805808126,43.08507123856642,42.51759688021809,42.999088287353516,146563200
2008-05-19,43.033512668565585,43.39463476565689,42.423048031960754,42.68959045410156,140048700
2008-05-20,42.534809060049994,42.534809060049994,42.03611759998053,42.36284637451172,137163700
2008-05-21,42.414442304748256,42.64658819193139,41.28808966732317,41.4256591796875,192806700
2008-05-22,41.52882183253784,41.864147203621506,41.3654591153192,41.57181167602539,153198200
2008-05-23,41.42564779655947,41.571813928319166,41.11611565881542,41.44284439086914,121698400
2008-05-27,41.52883312843847,42.22528059006489,41.520236469368584,42.17369079589844,106984300
2008-05-28,42.3714467910837,42.44023318336638,41.91574842191589,42.34565353393555,121363000
2008-05-29,42.37144644805383,42.96471759698401,42.34565319111449,42.723968505859375,143993000
2008-05-30,42.88731537064806,43.19684743518609,42.77553917402839,42.999088287353516,94153600
2008-06-02,42.921723045587804,42.921723045587804,42.09630605161471,42.47462463378906,144359900
2008-06-03,42.637985484250216,42.90452781161075,41.846958440424196,42.24247360229492,167606900
2008-06-04,42.11349834091344,43.07648473537187,42.07910514970397,42.784149169921875,174870800
2008-06-05,42.89591970510065,43.514983945002484,42.732556988422026,43.46339416503906,126653700
2008-06-06,43.08509075486653,43.17107046511154,42.14789748156678,42.156494140625,189136000
2008-06-09,42.24247745861418,42.29406397319526,41.22790112625389,41.932945251464844,208897300
2008-06-10,41.50301941756476,42.079090408900285,41.4084398148287,41.73516845703125,162798500
2008-06-11,41.64918708432956,41.71797344525337,40.71199423618506,40.729190826416016,170366900
2008-06-12,41.02153579015354,41.36546111450547,40.41107145534809,40.77219009399414,189913200
2008-06-13,41.02154891922569,41.67500658865248,40.80659634268824,41.58902359008789,167855000
2008-06-16,41.37405018465387,42.147880382586514,41.33106034697192,41.95872116088867,136343900
2008-06-17,42.08769034364761,42.18226994638368,41.67498203345632,41.73516845703125,122932000
2008-06-18,41.49443087992208,41.657796885851475,41.12471558209106,41.28807830810547,169338100
2008-06-19,41.21070452808829,42.139297869620584,40.93556551727015,41.932945251464844,221304200
2008-06-20,41.58361245926716,41.600817769100715,40.61995099842161,40.800636291503906,197434200
2008-06-23,40.96411526443762,41.07596946881699,40.42205611635645,40.48228454589844,131488800
2008-06-24,40.29299212852002,40.75761092165321,39.931618309191,40.27578353881836,178293800
2008-06-25,40.44786444560461,41.29967161687192,40.38763602040624,40.92969512939453,179023400
2008-06-26,40.17252198276915,40.18112791657535,39.2690925830395,39.2776985168457,190028300
2008-06-27,39.23467541221881,39.492800911171905,38.69261974170226,39.2776985168457,181351800
2008-06-30,39.15726277510005,39.43259703072357,38.84751789165629,38.864723205566406,132912400
2008-07-01,38.554950016269665,39.458379314670005,38.443095864749104,39.41535949707031,245494300
2008-07-02,39.53583518611518,39.69070922922118,38.40869704622225,38.46892547607422,199576400
2008-07-03,38.70123137296441,38.787274319980256,38.0989438726648,38.400089263916016,123118300
2008-07-07,38.75286501016867,39.114235614405146,38.064537705287165,38.632408142089844,181011300
2008-07-08,38.67543235120525,39.587464902351186,38.52055827984012,39.55305099487305,206151200
2008-07-09,39.544413322508696,39.60464171501782,38.48611020558974,38.503318786621094,168500300
2008-07-10,38.56356668334066,39.0798112465762,38.18498755578146,38.959354400634766,238811500
2008-07-11,38.554957606639476,38.950745257998655,37.728961847982596,38.3398551940918,265514700
2008-07-14,38.83890789528931,38.87332508392246,37.918269433677025,38.05593490600586,177389800
2008-07-15,37.86663228480672,38.658210974752755,37.255742139847975,38.06452941894531,283891100
2008-07-16,38.167796187958025,39.04541496721618,37.78921360737351,39.0109977722168,186047800
2008-07-17,39.243300383764726,39.42398569492443,38.701241168081935,39.26911163330078,197555100
2008-07-18,38.83888235115172,38.864693584548775,38.365657806396484,38.365657806396484,160661000
2008-07-21,38.71843163292219,38.88190827377954,38.279624185251336,38.52914047241211,128107800
2008-07-22,37.883833278530076,38.554954992064836,37.73756522337383,38.52914047241211,152524500
2008-07-23,38.58937925324948,39.48420625700442,38.47752833943237,39.03679275512695,169259100
2008-07-24,39.2174888379621,39.24330008730317,38.4173072863527,38.45172119140625,145561000
2008-07-25,38.70123641743298,39.131441361978304,38.511945191528,38.95075607299805,111616700
2008-07-28,38.94213502684613,39.165843349246536,38.038705650264745,38.219390869140625,124028500
2008-07-29,38.38289873339764,39.18308046500936,38.348481538398254,39.0109977722168,142290900
2008-07-30,39.12282266394249,39.42396468875192,38.61518090626237,39.2088623046875,165679900
2008-07-31,38.82167648379388,39.70790051810457,38.735636844983986,39.11421585083008,180473100
2008-08-01,39.157252087761634,39.19166927059648,38.20219988061889,38.615196228027344,180350400
2008-08-04,38.606575849125235,38.64959567047417,38.11614266490307,38.227996826171875,116298000
2008-08-05,38.62378516527299,39.553029078570454,38.58076534310967,39.518611907958984,151657400
2008-08-06,39.53583546606371,40.27578850343116,39.217484722848624,40.120914459228516,133463700
2008-08-07,39.87999211713351,40.31019700850368,39.647684364132125,39.811161041259766,152805800
2008-08-08,39.785358546431354,40.81784788699017,39.707921517669085,40.714599609375,143121500
2008-08-11,40.69737539905232,41.54057645411792,40.55970998765798,41.08456039428711,157290100
2008-08-12,41.07597530886424,41.437345937494676,40.87807811828618,41.12759780883789,140549300
2008-08-13,41.05875827313823,41.40292023694997,40.65436460140133,41.04154968261719,169652100
2008-08-14,40.9038690963146,41.69544427398981,40.86084927704126,41.5147590637207,158069200
2008-08-15,41.58359585673782,41.79009231432868,41.26524195446539,41.43732452392578,123115900
2008-08-18,41.55780837371724,41.566414313000045,40.66298105614633,40.95552062988281,151399100
2008-08-19,40.74901762750973,40.94691153122854,40.22416700876683,40.447872161865234,155410600
2008-08-20,40.73180704620257,40.92109828495891,40.21556239058061,40.51670455932617,155466700
2008-08-21,40.21556072625108,40.50810022758431,39.9058126328155,40.32741165161133,118916200
2008-08-22,40.54251631359014,41.02434707180183,40.508102409734924,40.860870361328125,96515500
2008-08-25,40.5769424312217,40.61996228216265,39.89721762686031,40.00046920776367,128076500
2008-08-26,40.02627049086107,40.24137297418543,39.682105204660736,39.94883346557617,107225500
2008-08-27,39.96602985450752,40.51669151852118,39.8283644385041,40.20694351196289,108489900
2008-08-28,40.370421272109404,40.680169287140835,40.29298755055406,40.53390121459961,112808600
2008-08-29,40.103700627740686,40.54250817418117,39.510015775129446,39.682098388671875,133184300
2008-09-02,40.32741024564327,40.50809881531676,39.010984176641074,39.19166946411133,162277500
2008-09-03,39.105634102915786,39.26911081691832,38.537763649502644,38.82169723510742,161682900
2008-09-04,38.59798311122538,38.641002943623505,37.56549072265625,37.56549072265625,219004700
2008-09-05,37.23854000931333,37.668744966101904,36.83414958183035,37.38481140136719,247977500
2008-09-08,37.875250662023525,38.04733332786075,36.72230106777914,37.315982818603516,311065100
2008-09-09,37.29877738642432,37.67735993980762,36.438367266486466,36.524410247802734,214180600
2008-09-10,36.877164404639046,37.152495276953985,36.524396519347846,36.825538635253906,160658100
2008-09-11,36.30930573581537,37.59131490650789,36.28349120172756,37.513877868652344,203398200
2008-09-12,37.195528254836766,37.60852470925765,36.91159462838669,37.367610931396484,172094300
2008-09-15,36.48138178359031,37.247146084355954,36.163027751201945,36.206050872802734,616772300
2008-09-16,35.68978996688773,36.85994755304834,35.64677014314404,36.48997116088867,349506500
2008-09-17,36.02536048964145,36.498585263694295,34.579871639376016,34.59708023071289,340088000
2008-09-18,35.36284492113978,36.111403883440424,33.98619041955797,35.76723861694336,423934000
2008-09-19,37.685514797590265,37.73717535544692,36.24766047251898,36.93645477294922,263394000
2008-09-22,36.79870326674458,36.88480092775996,35.12838105395824,35.197261810302734,164698200
2008-09-23,35.4727679306352,35.94631149706699,34.81841407369204,34.93034362792969,184011200
2008-09-24,35.13699158784182,35.52443433356269,34.88730378126361,35.17142868041992,159270800
2008-09-25,35.49860765592929,36.17879035928832,35.326409045856515,35.731075286865234,148586800
2008-09-26,34.70650229076901,35.72247058398337,34.62901307232331,35.36946487426758,182678600
2008-09-29,34.663455536025275,34.76677669955653,32.011608075963444,32.56264114379883,307954400
2008-09-30,32.47653348628285,33.83689554423338,32.37321235447763,33.5011100769043,195436700
2008-10-01,33.440842269889956,33.55277185785802,32.74343938481776,33.14810562133789,174033300
2008-10-02,32.93286323547363,32.93286323547363,31.546668989467435,31.64137840270996,192124000
2008-10-03,32.08048113725318,32.87259352619616,31.081733018614255,31.15061378479004,272116100
2008-10-06,30.358504578926954,30.590972262520832,28.335179484396026,30.014110565185547,394046600
2008-10-07,30.255171110158702,30.306831663582017,27.78413211532806,28.111309051513672,329365700
2008-10-08,27.50862635710798,29.37697275459436,27.413916948126527,27.887460708618164,452066500
2008-10-09,28.54180941791595,28.998132900694987,26.66484999660391,27.138395309448242,352433900
2008-10-10,26.277414277825507,27.96495383072041,25.29588459535035,26.966205596923828,472339100
2008-10-13,28.292116340276422,30.349880781212622,27.896061946710123,30.246562957763672,276998700
2008-10-14,31.124795338845423,31.124795338845423,28.576261990289417,28.93787956237793,341595900
2008-10-15,28.610693244357616,28.714011110054297,26.294631655530566,26.346290588378906,312088500
2008-10-16,26.527104728749645,27.784151138534032,25.1839606220582,27.77553939819336,494783500
2008-10-17,27.267544245021124,28.972305122877167,27.04368672283381,27.809967041015625,326571300
2008-10-20,28.206022262740678,28.636517130077113,27.29337524601315,28.58485984802246,232783400
2008-10-21,28.119928321236483,28.636520916581315,27.103960037231445,27.103960037231445,239932400
2008-10-22,27.009256765645105,27.20728406963142,25.580011868409397,26.354904174804688,289993600
2008-10-23,26.251577377319336,26.768171557667404,24.88260353839038,26.251577377319336,377966900
2008-10-24,24.305742631912647,26.044942491597098,24.185204580598523,25.40781021118164,322129500
2008-10-27,25.11507218959244,26.001892262707717,24.675967200508623,24.701797485351562,239302300
2008-10-28,25.55417362290036,27.448349908206733,24.839552263759746,27.43113136291504,327239500
2008-10-29,27.474190702991134,28.481550708481105,26.905937435725264,27.362262725830078,341316000
2008-10-30,28.128536179400083,28.46432497212637,27.53445437888229,28.274906158447266,255292100
2008-10-31,27.87024741959565,28.78289806876302,27.629171252969584,28.317962646484375,224261000
2008-11-03,28.249078161632884,28.66235289551388,27.990778579093586,28.257686614990234,128455500
2008-11-04,28.808711426457634,29.282255052841116,28.3954368097367,29.058399200439453,182487600
2008-11-05,28.86898758496922,28.929256609556234,27.482795092844626,27.54306411743164,183893900
2008-11-06,27.112572390003233,27.439749479315324,26.17409324560963,26.311851501464844,220677200
2008-11-07,26.621803306933415,27.10395711021674,26.337676753294073,26.854270935058594,176946200
2008-11-10,27.525847452443184,27.525847452443184,26.174093526003098,26.492660522460938,142584500
2008-11-11,26.24296785599314,26.484045583343885,25.588615432219118,25.91579246520996,162869800
2008-11-12,25.528338073217643,25.65748616839338,24.66734858243656,24.71900749206543,184946400
2008-11-13,24.632916482187692,26.286016814804622,23.487800217138975,26.225746154785156,317943900
2008-11-14,25.640267723996715,26.191300474682286,24.856767415787996,24.951475143432617,259407000
2008-11-17,24.529598830126794,25.16673107532659,24.33157157328247,24.426280975341797,202835200
2008-11-18,24.589864985283977,24.753453485528176,23.582506986445487,24.400447845458984,252661800
2008-11-19,24.452117865249527,24.77929501423835,23.065924957590475,23.12619400024414,244180600
2008-11-20,22.84205607951959,23.634166625767968,21.92940586518058,22.006895065307617,342472400
2008-11-21,22.394341924710822,22.97120507988481,21.56779097239537,22.962594985961914,282746800
2008-11-24,23.43614174823915,24.65874732906325,23.22950439345014,24.366010665893555,225058200
2008-11-25,24.63291961932563,24.658748263272965,23.694440571057612,24.25408363342285,202968700
2008-11-26,24.004392225554717,25.278658235584615,23.9441232090264,25.270048141479492,164912000
2008-11-28,24.985924084335828,25.132292414232786,24.822335564519772,25.072023391723633,41238200
2008-12-01,24.538218542063234,24.546828640371064,23.152023916461065,23.186464309692383,149161500
2008-12-02,23.505022365973186,24.01300651139689,23.10896782124708,23.961347579956055,181743000
2008-12-03,23.358649205190044,24.71901282862312,23.306990284408595,24.641525268554688,230944900
2008-12-04,24.25409264610201,24.77929716429781,23.52225068850337,23.944135665893555,188868700
2008-12-05,23.677219805449127,25.028973546134257,23.203676066223238,24.91704559326172,212283700
2008-12-08,25.476686243741636,26.225746389254343,25.347538112674712,25.898571014404297,185782500
2008-12-09,25.554185492171893,26.544323742363378,25.459476059143828,25.83831214904785,178148300
2008-12-10,25.915793417526267,26.225748630129683,25.502518705916565,25.75220489501953,162335100
2008-12-11,25.66610615775705,26.062162330191654,24.917045931560104,25.046194076538086,167161400
2008-12-12,24.701798509258605,25.709156668981258,24.51237969697422,25.55417823791504,158600100
2008-12-15,25.597226402705726,25.62305668794373,24.74484669634424,25.106462478637695,107887000
2008-12-16,25.330323517944464,26.397950821926337,25.05480700623404,26.311851501464844,169300100
2008-12-17,26.044943157031526,26.34628993522387,25.67471725601303,25.993284225463867,159813500
2008-12-18,25.993291669641977,26.17409880301376,25.278669949833336,25.53696632385254,142656400
2008-12-19,25.80684128824838,26.186227316761244,25.57403611316602,25.746484756469727,118308900
2008-12-22,25.746484796160438,25.798218731394442,24.780775352436816,25.18602752685547,95379600
2008-12-23,25.289491526031373,25.5395418402096,24.910105579681417,25.056686401367188,68764800
2008-12-24,25.177406967351516,25.18602791953147,24.987713127549057,25.12567138671875,27194700
2008-12-26,25.177408351621864,25.20327449876821,24.97909190414371,25.117050170898438,20937000
2008-12-29,25.186021196272037,25.211888979683167,24.53934141231938,24.910104751586914,52688300
2008-12-30,24.97908323899225,25.51367257066396,24.953217100818772,25.427448272705078,77089500
2008-12-31,25.40158524988119,25.936174681728318,25.39296429860237,25.64301300048828,89189700
2009-01-02,25.651649487723542,26.841540404205475,25.599915529074647,26.75531768798828,107891500
2009-01-05,26.582857072944996,27.01397703951536,26.37591968634228,26.74668312072754,91751900
2009-01-06,26.94499792188491,27.27264837299448,26.824284857464356,27.01397705078125,136791700
2009-01-07,26.496632663195626,26.64321351712909,26.031023956025436,26.246583938598633,133879800
2009-01-08,26.19484700689817,26.55698782471667,25.936175698995836,26.522499084472656,131926600
2009-01-09,26.53112175649956,26.54836694896688,25.798217522559117,25.927553176879883,117137900
2009-01-12,25.962043113771333,25.99653185351871,25.177404960561987,25.45332145690918,102726200
2009-01-13,25.44470510572182,25.84995735361887,25.160165943455286,25.461950302124023,186266700
2009-01-14,25.16877805316915,25.246379760047947,24.547964398138742,24.685922622680664,136294000
2009-01-15,24.63419681880539,25.298122021106206,24.20307681387119,25.091184616088867,192567200
2009-01-16,25.436075068107325,25.522299380307437,24.74628385969035,25.367095947265625,175478100
2009-01-20,25.263626373087096,25.3757184720115,24.108224868774414,24.108224868774414,135105800
2009-01-21,24.5134767499097,25.168779167800608,24.228937693616842,25.134288787841797,149179600
2009-01-22,24.59108770743169,25.203277380581238,24.366905087173524,24.798025131225586,200602700
2009-01-23,24.392764624727192,25.306738348244377,24.2634273396193,24.918729782104492,170164100
2009-01-26,24.953219283886856,25.5136748027643,24.789393267891597,25.09980010986328,140398700
2009-01-27,25.10842157164372,25.49642846200441,25.10842157164372,25.280868530273438,110591300
2009-01-28,25.703374958950157,26.427656719243686,25.703374958950157,26.16898536682129,139722800
2009-01-29,25.84995394822045,26.21209480199705,25.4188339625146,25.50505828857422,130731800
2009-01-30,25.694743612060602,25.80683569931008,24.95321855346652,25.056686401367188,140334200
2009-02-02,24.81527366328677,25.530932966826335,24.78078326572213,25.358484268188477,126796100
2009-02-03,25.41020682236701,26.237957902116854,25.03082248688227,25.755104064941406,120541100
2009-02-04,25.815458620169114,26.617341852191764,25.68612298636361,25.78959083557129,175780900
2009-02-05,25.418838844195175,26.53112941033561,25.40159364675287,26.358680725097656,217578900
2009-02-06,26.453521617139437,27.169180701415197,26.367297294237936,27.0484676361084,164513200
2009-02-09,27.065707977453712,27.30713572404784,26.8932609966796,27.160554885864258,98856900
2009-02-10,26.988107935051612,27.31576001465888,25.953421052430944,26.160358428955078,232795200
2009-02-11,26.19484027740169,26.32417754271797,25.634384824533832,26.03963851928711,169117200
2009-02-12,25.73786841850762,26.393171119982267,25.556797134548518,26.358680725097656,201151400
2009-02-13,26.281070242759778,26.539743184608106,26.117245855307036,26.237958908081055,145066700
2009-02-17,25.427448130438812,25.582651536978098,25.056684802504222,25.194643020629883,157783300
2009-02-18,25.35847008545097,25.582652610460084,24.892861490887242,25.211889266967773,161271900
2009-02-19,25.36709727073296,25.530923308001206,24.763528698434392,24.82388687133789,155322400
2009-02-20,24.547972627768527,25.13429610093065,24.478993492372528,24.89286994934082,210752400
2009-02-23,25.030823882025434,25.04806742944171,23.90991107036619,24.022003173828125,169473500
2009-02-24,24.151342374295893,24.98771457451817,24.108229387938703,24.81526756286621,181337300
2009-02-25,24.668684860005726,25.151538759075756,24.263431041410968,24.651439666748047,220224700
2009-02-26,24.815264316795357,24.96184516205111,23.88404531299177,23.961647033691406,211218500
2009-02-27,23.711602831688648,24.12547768641229,23.616755894092297,23.737470626831055,204492600
2009-03-02,23.38394627769384,23.720219304746234,22.823489039817108,22.970069885253906,188180400
2009-03-03,23.159766762144347,23.41843810247432,22.78038070434708,22.952829360961914,158758800
2009-03-04,23.28910872018463,23.892675892110358,23.211506968215325,23.565025329589844,164911000
2009-03-05,23.30634199666316,23.487411562233834,22.780375201181325,22.85797691345215,199626900
2009-03-06,22.978694716775973,23.11665297947918,22.168188689950462,22.676910400390625,218421600
2009-03-09,22.495843727644303,23.116655990676325,22.099212437262857,22.194059371948242,181098800
2009-03-10,22.633805950550887,23.616759282705143,22.556204198581582,23.565025329589844,175068200
2009-03-11,23.80643580164781,24.13408612491794,23.504651613751513,23.927148818969727,173094900
2009-03-12,23.909905553784156,24.79801300219996,23.65985690572403,24.72041130065918,184395100
2009-03-13,24.71179213838792,24.86699556302269,24.418630479542664,24.780771255493164,156783500
2009-03-16,24.944602235047054,24.987713575087653,24.30654486381135,24.366901397705078,190269800
2009-03-17,24.4876195087299,25.28950309753418,24.401395166298546,25.28950309753418,169773800
2009-03-18,25.18603097443585,26.0396500679011,25.073940491986683,25.608530044555664,208033900
2009-03-19,25.962039526278893,25.97928307147381,25.401582370352827,25.591276168823242,146753400
2009-03-20,25.642234759349485,25.935881225299276,25.02903126375614,25.201765060424805,149410800
2009-03-23,25.823601684278152,26.721814718943833,25.219036739232966,26.687267303466797,179499000
2009-03-24,26.46271074662405,26.669990271717698,26.17770119370638,26.194974899291992,118757600
2009-03-25,26.419535696451224,26.816821154834333,25.61632627710693,26.315895080566406,190555200
2009-03-26,26.600906099842014,27.17092539860207,26.272713819193896,27.127742767333984,182459500
2009-03-27,26.773633671226563,26.92909374320996,26.523169855850774,26.618173599243164,156108100
2009-03-30,26.169067729423542,26.186341437245844,25.581776489268233,25.961788177490234,162919700
2009-03-31,26.160444756933185,26.730464203151094,26.143171041032712,26.18635368347168,150243800
2009-04-01,25.8581525472866,26.66999715149866,25.728603016598434,26.574995040893555,137950000
2009-04-02,27.050006057224955,27.8704890279233,26.972276022219372,27.43001937866211,212272400
2009-04-03,27.715036878464748,27.982774474360095,27.49048356286471,27.93958854675293,134577300
2009-04-06,27.6286659426706,27.92231406399029,27.33501946866253,27.870492935180664,160413700
2009-04-07,27.56819857389902,27.56819857389902,26.95499530687487,27.13636589050293,147531200
2009-04-08,27.404118198267174,27.766859583999846,27.196838583071326,27.594125747680664,126126000
2009-04-09,28.112319067959675,28.509604516093912,28.00868010206016,28.449148178100586,131871500
2009-04-13,28.36278508120918,28.561427820396602,28.095047496413827,28.405967712402344,119310500
2009-04-14,28.2332412048826,28.397339858388086,27.87050305536938,28.060510635375977,124069000
2009-04-15,27.861864445866576,28.008689382947132,27.5077631556161,27.98278045654297,124808200
2009-04-16,28.37141953171945,28.872347265125022,28.077773034977024,28.708251953125,171168000
2009-04-17,28.647787504424503,28.932798745123836,28.440509597209473,28.76870346069336,129835400
2009-04-20,28.250500278151154,28.34550401891276,27.689119628976776,27.844579696655273,123080500
2009-04-21,27.74093765644274,28.27641269105371,27.70639353697005,28.233226776123047,145490200
2009-04-22,28.069142869308404,28.958717727502165,27.974139089380124,28.31960678100586,165040500
2009-04-23,28.500968306329746,28.62188097806537,28.060500245775227,28.595972061157227,181666600
2009-04-24,28.79462110156959,29.304184111944014,28.56143091431784,29.09690284729004,141170000
2009-04-27,28.863713035792635,29.416461983857737,28.803256685861513,29.131450653076172,120749100
2009-04-28,28.95007667221023,29.286905791489744,28.811890282387264,28.915529251098633,108968000
2009-04-29,29.148730784192317,29.71011506529331,29.105548138251788,29.31282615661621,141413600
2009-04-30,29.701468156954288,30.14193958696506,29.399186426259657,29.606464385986328,144120400
2009-05-01,29.597833100619088,29.831023307191423,29.373278104086822,29.6841983795166,100112000
2009-05-04,29.951928964754128,30.306031796276155,29.813742574272933,30.271484375,119317400
2009-05-05,30.219681278677324,30.280137648089113,29.90876092477381,30.245590209960938,113569500
2009-05-06,30.478768296609786,30.52195092970247,29.76192406770111,30.254213333129883,178840500
2009-05-07,30.46148821988002,30.46148821988002,29.26099347976453,29.546001434326172,216484700
2009-05-08,29.77057095200521,30.0037611899011,29.261007830964118,29.563289642333984,183507300
2009-05-11,29.183267079578727,29.98647650706243,29.088263317997555,29.66691780090332,142775900
2009-05-12,29.72736485752034,29.77918597346054,28.95006788615186,29.304170608520508,147842200
2009-05-13,29.04508237298067,29.06235608469024,28.466424561892772,28.518245697021484,175548300
2009-05-14,28.58732764912775,29.105528942523204,28.57005723784151,28.837791442871094,140021700
2009-05-15,28.79460577015226,29.209164784108225,28.699602045045694,28.820514678955078,121326400
2009-05-18,29.019177093995133,29.60647025399528,28.837808019630963,29.57192611694336,114333400
2009-05-19,29.502836011227995,30.003763967441518,29.321466907616184,29.71011734008789,129086400
2009-05-20,29.82238084923214,30.26285227924291,29.52009911853751,29.606464385986328,131873700
2009-05-21,29.381896961855183,29.589174810457695,28.768695325691585,29.062341690063477,139253200
2009-05-22,29.174624098837416,29.33872267806194,28.777338697408563,28.96734619140625,83510600
2009-05-26,28.71689346698845,30.081487279320605,28.656437112733148,30.046939849853516,144857200
2009-05-27,29.960546550374353,30.392379178457922,29.73599503340435,29.83963394165039,121348800
2009-05-28,30.021015331431684,30.288752858178608,29.545999902048255,30.18511390686035,118931300
2009-05-29,30.202398490626383,30.660140377189233,30.021026142227328,30.556501388549805,111535700
2009-06-01,30.884686411891856,31.5238005298016,30.755138523474958,31.428796768188477,119126200
2009-06-02,31.256038075589466,31.774239100634734,31.186946582355922,31.471954345703125,126858600
2009-06-03,31.376981735229492,31.411525865120915,31.031514079325387,31.376981735229492,93329800
2009-06-04,31.446056499335054,31.77425026774587,31.385600186025428,31.731067657470703,89280600
2009-06-05,31.92108893080702,32.024731204629354,31.454708582477757,31.765628814697266,121958800
2009-06-08,31.56696959538182,31.91243707196449,31.195593211173165,31.670608520507812,89194100
2009-06-09,31.817441323762676,32.10244926292993,31.670616456306995,31.912445068359375,109187800
2009-06-10,32.0938173690351,32.102452576424795,31.342429130450114,31.8001708984375,133404700
2009-06-11,31.75698827224263,32.15427370463256,31.739714562840042,31.8001708984375,147909800
2009-06-12,31.670625062465252,31.713810990561146,31.264704354278564,31.65335464477539,109452500
2009-06-15,31.35106813632168,31.37698035087667,30.729230995602986,31.005603790283203,112152900
2009-06-16,31.126511454317722,31.256059327697635,30.67740491176328,30.70331382751465,110550300
2009-06-17,30.832864398658717,31.273332431020798,30.61694798591548,30.996959686279297,153421800
2009-06-18,30.945150497319144,31.143793257159835,30.720595520369553,30.936511993408203,126266700
2009-06-19,31.173426502914307,31.44149322220997,31.05236517764327,31.26854705810547,122044700
2009-06-22,30.983207519263512,31.03508909095096,30.28277661340148,30.33466148376465,137714900
2009-06-23,30.421140931400753,30.490317477982067,30.066602471145494,30.26548957824707,114903100
2009-06-24,30.524899082539672,31.017793800319744,30.507604125938094,30.775671005249023,103314600
2009-06-25,30.57678410211626,31.441512144376674,30.507604275371094,31.3809814453125,112538200
2009-06-26,31.233977054753176,31.56257464592906,31.173446353572857,31.450159072875977,87677300
2009-06-29,31.536637381707976,31.77876021347234,31.23398054332634,31.51934242248535,93817600
2009-06-30,31.60580150983995,31.76145278305059,31.225322452366658,31.458799362182617,97843000
2009-07-01,31.614461102916724,31.856583919777776,31.4674556079111,31.476104736328125,85976000
2009-07-02,31.208033275559877,31.216679104038366,30.69784362976604,30.78431510925293,113309800
2009-07-06,30.594082938435854,30.73243931079545,30.30007523483719,30.620023727416992,107632500
2009-07-07,30.628654074408082,30.6891880492237,29.841751985898473,29.859046936035156,149773000
2009-07-08,30.040651647954903,30.153063910949715,29.660169223432515,30.014707565307617,152776400
2009-07-09,30.127127689080552,30.274129885415068,29.96283053458739,30.06659698486328,97851500
2009-07-10,29.980114716842564,30.38653788551631,29.88499741870683,30.19629669189453,108482000
2009-07-13,30.222245588701274,30.78431683421197,29.815822355253406,30.775671005249023,127140300
2009-07-14,30.74106755051007,30.948603639633028,30.611360381148174,30.888072967529297,115631700
2009-07-15,31.406930351181412,31.934415121128144,31.251278999437243,31.925765991210938,160869700
2009-07-16,31.778766707168895,32.37542807822881,31.75282591237229,32.306251525878906,120142500
2009-07-17,32.29759540610566,32.48783665658502,32.14194407365457,32.479190826416016,104906500
2009-07-20,32.65212902894084,32.859665207987526,32.52242180337786,32.79048538208008,97168800
2009-07-21,32.92019159599369,33.01531219482422,32.54835832711539,33.01531219482422,130587600
2009-07-22,33.041250833279946,33.456319811424336,32.97207431959339,33.292022705078125,113808600
2009-07-23,33.25743506662874,34.148107068803824,33.19690437602245,34.027042388916016,160239300
2009-07-24,33.66386508274284,34.04434425792934,33.53415454871231,33.76763153076172,109312300
2009-07-27,34.00975073332157,34.07892725172508,33.61197338246923,34.027042388916016,94718600
2009-07-28,33.880042951799105,34.23458129616758,33.66386095404575,33.79357147216797,111564300
2009-07-29,34.001103329766046,34.09622393373169,33.72439064477983,34.01839828491211,126538200
2009-07-30,34.37294411723933,34.74477748730733,34.16540790888756,34.21729278564453,108969900
2009-07-31,34.21727653739977,34.45939924994021,34.078920230423144,34.11351013183594,78208300
2009-08-03,34.47670135545243,34.641001771922504,34.2778143290665,34.62370681762695,111722800
2009-08-04,34.459406401156876,34.75341402683069,34.39022988264993,34.62370681762695,100690800
2009-08-05,34.7015290512367,34.710174878196916,34.122159684654946,34.35563659667969,118093000
2009-08-06,34.43346909661915,34.52858970551363,33.93192856609676,34.0529899597168,116937500
2009-08-07,34.51993817349958,34.649648685442905,34.23457966536976,34.4853515625,107442100
2009-08-10,34.364293608303086,34.45941092139281,34.01840107436995,34.243228912353516,87163200
2009-08-11,34.130814131224035,34.156754914823715,33.767626667451395,33.94921875,91922700
2009-08-12,33.9232782643094,34.77936041604649,33.89733748048192,34.47670364379883,147240000
2009-08-13,34.684233734151874,34.727469465848415,34.27781059911964,34.66693878173828,110107000
2009-08-14,34.47670554788953,34.55453120234562,33.966515879494146,34.26917266845703,124480200
2009-08-17,33.689788110225656,33.733023832551794,33.25742428961596,33.27471923828125,131797200
2009-08-18,33.48225317941308,33.81949641010398,33.38713261718252,33.75031661987305,84496200
2009-08-19,33.35255936793039,34.07028520575188,33.32661858298403,33.98381042480469,88036300
2009-08-20,33.966515119230216,34.45076399152663,33.89733859385962,34.38158416748047,81473500
2009-08-21,34.58045287239814,34.900401111704376,34.36427100555029,34.83987045288086,114660200
2009-08-24,34.900414622890594,35.08200666966186,34.675583547071604,34.805294036865234,109904900
2009-08-25,34.883120652665944,35.24630475642897,34.8052950163346,34.909061431884766,92900400
2009-08-26,34.83125011498194,35.10796286932465,34.65830711752492,34.84854507446289,96407500
2009-08-27,34.839899817404884,34.995551156618674,34.30376596070127,34.935020446777344,121957800
2009-08-28,35.36737808205809,35.52302939282906,34.72747788236903,34.969600677490234,114300900
2009-08-31,34.710175676352726,34.762060535331834,34.40752224566205,34.615055084228516,96415300
2009-09-01,34.494003066068565,35.09931339027353,33.862751954676895,33.96651840209961,162958900
2009-09-02,33.78491574473335,34.1308081930349,33.758974965646935,33.94056701660156,92757200
2009-09-03,34.10486314741196,34.21727868472095,33.7416790558095,34.1653938293457,76783100
2009-09-04,34.22592690452241,34.917708464517816,34.17404205051975,34.900413513183594,74866600
2009-09-08,35.17713810807708,35.26360959550003,34.986896877335624,35.22902297973633,71024400
2009-09-09,35.25496452199739,35.704623523322944,35.099313202358694,35.53167724609375,99280800
2009-09-10,35.54897091541857,35.9121551156301,35.45385030145581,35.868919372558594,99289100
2009-09-11,35.894861919119336,35.98998253774726,35.64409327753545,35.90351104736328,93868400
2009-09-14,35.6700291923184,36.067803271629415,35.635439281419494,36.04186248779297,90435600
2009-09-15,36.01591765744107,36.27533536268544,35.94673784341586,36.154273986816406,91594600
2009-09-16,36.31858982452392,36.73365902667726,36.180233423806136,36.6817741394043,96888500
2009-09-17,36.586631877963256,36.88928526758477,36.50015712473243,36.67310333251953,102169600
2009-09-18,36.82112036478492,36.890363818613,36.53548245034311,36.734561920166016,87444200
2009-09-21,36.526848763375085,36.959631323837186,36.492225366089585,36.84710693359375,71351400
2009-09-22,37.05481862254446,37.072130309323875,36.73455736992525,36.91632843017578,75638400
2009-09-23,37.07212908780234,37.3664178477557,36.68262440276622,36.74321365356445,143924100
2009-09-24,36.89037042950327,36.9509597006608,36.154641678666046,36.414310455322266,111016400
2009-09-25,36.14597931360325,36.43161724076291,35.99018071008648,36.09404754638672,109216000
2009-09-28,36.293120884409575,36.92498259295042,36.25849751087858,36.70859146118164,84478500
2009-09-29,36.70859978552351,36.890367584980446,36.379684266124734,36.54414367675781,106686400
2009-09-30,36.69128885653184,36.87305665976222,36.00749191843571,36.57011032104492,173102700
2009-10-01,36.440287036870934,36.46625623346531,35.48816680908203,35.48816680908203,140119100
2009-10-02,35.24579095692537,35.70453913036662,35.24579095692537,35.384281158447266,145286400
2009-10-05,35.566062638681714,35.8343889521303,35.34101721265925,35.66992950439453,97054200
2009-10-06,35.86899083166149,36.474886627513385,35.85167914585241,36.30177307128906,124628000
2009-10-07,36.25852617780063,36.422985681165464,36.15465927695444,36.40567398071289,93787600
2009-10-08,36.62204021743072,36.890363136117564,36.47489251523444,36.56145095825195,107850400
2009-10-09,36.48354193905613,36.82976572892864,36.405641008508226,36.7691764831543,62828000
2009-10-12,36.91635372816476,37.10677580949723,36.59609225607719,36.84710693359375,53221900
2009-10-13,36.81247396600552,37.00289929970117,36.67398371473633,36.85575485229492,70939300
2009-10-14,37.314483821100055,37.401038945013234,37.08943521593966,37.35776138305664,91004900
2009-10-15,37.15867779741692,37.32313383519104,37.10674274776227,37.271202087402344,85772800
2009-10-16,37.132751282404634,37.21065228852485,36.769212153220494,37.02888107299805,111859300
2009-10-19,37.05483422128537,37.45299327922251,36.86440888841629,37.401058197021484,83512000
2009-10-20,37.61745129523777,37.61745129523777,37.16735713266299,37.40971755981445,89847900
2009-10-21,37.401054818481626,37.92904988329208,37.271222077509236,37.3404655456543,110397400
2009-10-22,37.27122247219864,37.64341561028945,37.03751957373224,37.487613677978516,85871800
2009-10-23,37.85112820753943,37.85112820753943,37.236578318334566,37.331790924072266,117020400
2009-10-26,37.39239630702231,37.87711043369117,37.03751490633946,37.210628509521484,107068600
2009-10-27,37.1586935690674,37.314495482294014,36.509520031245636,36.64801025390625,121438200
2009-10-28,36.51819615808938,36.630720563415814,35.74784362550631,35.82574462890625,143553600
2009-10-29,36.033470093041466,36.51818435588157,35.955569114818125,36.4316291809082,85207600
2009-10-30,36.40565642720363,36.48355739074452,35.418909788396434,35.45353317260742,162796500
2009-11-02,35.488160758554336,35.98153248543846,35.17655686749741,35.600685119628906,142456600
2009-11-03,35.41024949577042,35.76513086815471,35.34966023476826,35.71319580078125,95107000
2009-11-04,35.9468949069307,36.24118698765935,35.73050376821455,35.77378463745117,107970600
2009-11-05,36.189259580871344,36.699942861747694,36.163290395832114,36.65666198730469,135204800
2009-11-06,36.45758762078251,36.91633919959977,36.422967538990775,36.8730583190918,96312300
2009-11-09,37.15869498709286,37.66937832174237,37.11541740996002,37.66072082519531,101620800
2009-11-10,37.617441632251136,37.88576788193711,37.56550986266938,37.75593185424805,72846500
2009-11-11,38.04155331336035,38.206009348899485,37.74726130638206,37.99827575683594,84676200
2009-11-12,38.024278580257445,38.22335817521696,37.695362887691275,37.78192138671875,92426100
2009-11-13,37.89442255441182,38.206026383303644,37.76458982695182,38.093502044677734,87959500
2009-11-16,38.25796015594108,38.64746492882597,38.1887133954872,38.48300552368164,87776100
2009-11-17,38.379156796564935,38.60420227050781,38.30125580522532,38.60420227050781,81884000
2009-11-18,38.4830109674854,38.50898015726284,38.12812952462595,38.38779830932617,100240800
2009-11-19,38.128127594537034,38.154096782999886,37.522231592995816,37.790557861328125,114558000
2009-11-20,37.59145872465016,37.69532551864626,37.46162275575565,37.60011291503906,70912100
2009-11-23,37.989636794582225,38.431076671303344,37.9636709083754,38.20602798461914,91621500
2009-11-24,38.18873110709562,38.21470030524375,37.85116124798911,38.076210021972656,60670000
2009-11-25,38.206015361495474,38.27526210432484,38.09349105533098,38.240638732910156,37630100
2009-11-27,37.19331836954613,37.93770458295398,37.132729101186655,37.66072082519531,61230000
2009-11-30,37.57416634477663,37.75593415311484,37.31449757545524,37.704002380371094,84819400
2009-12-01,37.98963520233625,38.34451660704808,37.980981007919205,38.093502044677734,81817800
2009-12-02,38.22335539927094,38.50899347251366,38.06755341420562,38.14545440673828,81653600
2009-12-03,38.283912230780544,38.5176150102125,37.98096601773879,37.989620208740234,72460400
2009-12-04,38.47434331893551,38.716700326329146,37.79054656022737,38.18870544433594,125062600
2009-12-07,38.16274081614693,38.33585438504407,37.92903799341579,38.00693893432617,67471900
2009-12-08,37.790558457095685,38.084850616662784,37.53088968144651,37.77324676513672,86621400
2009-12-09,37.738613175725405,38.188707139338526,37.49625615757477,38.15408706665039,78820500
2009-12-10,38.3185470568182,38.55224990613374,38.292581174183276,38.344512939453125,76722400
2009-12-11,38.55223844298166,38.595516001794046,38.04155532451692,38.197357177734375,66643700
2009-12-14,38.4570386204815,38.604183029746316,38.24930164649136,38.56090545654297,47965500
2009-12-15,38.43972557827061,38.6647709321298,38.23198861159,38.344512939453125,61171100
2009-12-16,38.49167798321781,38.6907575441135,38.335876013496225,38.39646530151367,61629700
2009-12-17,38.22333493014701,38.26661250240745,37.87710774832932,37.92904281616211,90440900
2009-12-18,38.28710871322104,38.56455126635208,38.14838743665552,38.547210693359375,96442600
2009-12-21,38.74661633774332,39.128102269914486,38.72927576742867,38.980709075927734,82357400
2009-12-22,39.110780696768956,39.26684259802874,39.04141838181918,39.214820861816406,51569100
2009-12-23,39.29284717322866,39.50959942078944,39.19747565512162,39.50093078613281,73932200
2009-12-24,39.544289315870216,39.865081787109375,39.535617371919734,39.865081787109375,31770400
2009-12-28,39.96045757655036,40.142528730345155,39.83040486248098,40.07316970825195,49381400
2009-12-29,40.0818268439822,40.09916742137398,39.873746530034815,39.908424377441406,32410200
2009-12-30,39.865069910210764,40.10783135045806,39.84772933485358,40.02980041503906,57612700
2009-12-31,40.107830125745004,40.125170700572674,39.66565704345703,39.66565704345703,50079200
2010-01-04,40.16855434623707,40.30727574300281,40.116532582182806,40.24658203125,62822800
2010-01-05,40.22057280291236,40.31594438332236,40.0211610017728,40.24658203125,62935600
2010-01-06,40.229227493328935,40.359276886608356,39.94311287483458,40.00380325317383,96033000
2010-01-07,40.06448156575341,40.116503291824934,39.813048184139234,40.02980041503906,77094100
2010-01-08,39.94311181711759,40.359275817871094,39.82173106365333,40.359275817871094,88886600
2010-01-11,40.411267356717836,40.4372765537714,39.986431729717985,40.194515228271484,104673400
2010-01-12,39.951774800199296,40.0037932215155,39.47491722228918,39.69166946411133,90673900
2010-01-13,39.81305316122645,40.307251352244926,39.54428247803226,40.18586730957031,100661000
2010-01-14,40.10783843107788,40.33326264314087,40.07316058161809,40.220550537109375,75209000
2010-01-15,40.28990925852064,40.3592682586333,39.57896214363734,39.75236129760742,126849300
2010-01-19,39.847738556375006,40.437305025449504,39.83906992037861,40.39395523071289,84388200
2010-01-20,40.10783249110859,40.40261566581093,39.38821678389141,39.81304931640625,145680000
2010-01-21,39.92576957568565,40.185871651911555,39.275512731432215,39.44024658203125,204939600
2010-01-22,39.31018004762017,39.43156075329101,38.18306924262159,38.287109375,171098700
2010-01-25,38.521226936374184,38.66861694312032,38.25245283848746,38.41718673706055,154218700
2010-01-26,38.37381994260025,38.92003658219145,38.19174883186223,38.45185089111328,140816500
2010-01-27,38.382492077730454,38.885355620485036,38.15706786650687,38.755306243896484,161632700
2010-01-28,38.49520712871883,38.521216344551156,37.55883567022657,37.75824737548828,221439800
2010-01-29,38.07037653406072,38.16574808199088,36.96060573787972,37.099327087402344,212099600
2010-02-01,37.19469632748752,37.52415744505029,37.1773557464509,37.50681686401367,136827100
2010-02-02,37.567512746295165,37.95766426659274,37.30740732292633,37.84495544433594,110727700
2010-02-03,37.66286580686738,38.12238277753827,37.64552523180654,38.05302047729492,93581600
2010-02-04,37.775598196713695,37.853629172743446,36.95193862915039,36.95193862915039,151652500
2010-02-05,37.04729726195744,37.29873068669131,36.51842119868175,37.2640495300293,213618600
2010-02-08,37.203349539481835,37.43744232535277,36.96925675361091,36.99526596069336,94354400
2010-02-09,37.437456582723385,37.72356789171948,37.07331100800943,37.376766204833984,118956000
2010-02-10,37.3767637107017,37.55016619626216,37.06463989816833,37.29873275756836,94102900
2010-02-11,37.307396563266835,37.96632526160837,37.073303734175255,37.862281799316406,93050800
2010-02-12,37.52416261063869,38.044370191216196,37.42012241747443,37.94032669067383,93938500
2010-02-16,38.21775816337495,38.45184768200028,38.01834318363555,38.425838470458984,83861400
2010-02-17,38.59924359243929,38.64259338378906,38.373819385617104,38.64259338378906,82691700
2010-02-18,38.61659377482955,38.95472686178319,38.53856280804195,38.8853645324707,65752600
2010-02-19,38.781316210551346,39.05875885484513,38.68594468144212,38.868019104003906,80416500
2010-02-22,39.02408286098558,39.04142344197054,38.633931364645875,38.78999328613281,72055000
2010-02-23,38.76396356472522,38.789976078351955,38.10503831649374,38.287109375,95814400
2010-02-24,38.48653355032063,38.83333851444748,38.42584317770502,38.677276611328125,86591000
2010-02-25,38.269774848436285,38.755301055210275,38.00100418837755,38.66859817504883,97961300
2010-02-26,38.659937305694655,38.894030168083816,38.4952067613663,38.80732727050781,66222400
2010-03-01,38.98071406924297,39.44023097300505,38.972045436663024,39.37086868286133,77290100
2010-03-02,39.509592923692054,39.752354342679,39.40555278803711,39.492252349853516,76368500
2010-03-03,39.58762429167309,39.72634557654481,39.38821265138101,39.53560256958008,65735500
2010-03-04,39.561616901867474,39.71767876794004,39.36220525241396,39.66565704345703,54470900
2010-03-05,39.96045268568218,40.35060747276028,39.8737530918326,40.2639045715332,68136300
2010-03-08,40.28123621100758,40.43729809119953,40.26389563461106,40.34192657470703,58712400
2010-03-09,40.25523230807919,40.79277701774399,40.229223093743265,40.56735610961914,98002800
2010-03-10,40.59336440204393,40.992187780564144,40.57602382375473,40.89681625366211,102578900
2010-03-11,40.80144541816859,41.05287551879883,40.73208310945893,41.05287551879883,67510300
2010-03-12,41.182927055192295,41.20893626655078,40.83612213598731,41.061546325683594,64068300
2010-03-15,40.97485298991367,41.078896474344866,40.67140109543335,40.957515716552734,60150500
2010-03-16,41.087552927534006,41.27829595172016,40.94883163013769,41.21760559082031,74950600
2010-03-17,41.27830383627575,41.52973726938797,41.20894152064041,41.330322265625,75643500
2010-03-18,41.36499265592496,41.51238588459422,41.26962115044068,41.46903610229492,77829400
2010-03-19,41.59142092811269,41.61746121532944,41.07066153648217,41.21821212768555,86337100
2010-03-22,41.05330076259847,41.756328892243324,41.00990470022942,41.5914192199707,71902800
2010-03-23,41.65218421787813,41.92124183334041,41.46123754039559,41.877845764160156,59182600
2010-03-24,41.80840704173526,41.80840704173526,41.582745508207616,41.678218841552734,62995700
2010-03-25,42.02538143937968,42.181609893949684,41.57405847162958,41.617454528808594,76294800
2010-03-26,41.79104966039207,41.94727814334328,41.43519662942708,41.660858154296875,78067900
2010-03-29,41.869166276953784,42.00803567957603,41.74765265261506,41.8604850769043,57993300
2010-03-30,41.99066598512026,42.13821323961937,41.71292725002213,41.99934387207031,49437300
2010-03-31,41.86914564261309,42.05141102293388,41.721595112658584,41.79970932006836,59947400
2010-04-01,41.9732968155241,42.26839456452703,41.478574605564205,41.79970932006836,83728600
2010-04-05,41.89520210148429,42.285773320261605,41.78236968030247,42.19029998779297,56220300
2010-04-06,42.094837286533455,42.44201252666207,41.999363929952665,42.31182098388672,54097100
2010-04-07,42.25106056164086,42.415966959204226,41.98199961844038,42.207664489746094,77211500
2010-04-08,42.086151262789144,42.37256796627642,41.8691676073654,42.30313491821289,68314300
2010-04-09,42.31181562244222,42.57219536409102,42.20766438796431,42.55483627319336,54227300
2010-04-12,42.572183302936374,42.702374792330154,42.47670998550188,42.589542388916016,44280600
2010-04-13,42.54616168103971,42.83257842578174,42.40729225400242,42.806541442871094,59376000
2010-04-14,43.0321906896876,43.32728521783545,42.96275434595368,43.318607330322266,69004800
2010-04-15,43.2838872059048,43.56162594649739,43.2838872059048,43.509552001953125,72254200
2010-04-16,43.3533381526853,43.5008854598135,42.702387139314375,42.98880386352539,127388000
2010-04-19,42.83256181003291,43.101622669065065,42.44199397425036,42.96275329589844,98251700
2010-04-20,43.197096176651115,43.29256949192422,42.901998343491975,43.17973709106445,69543700
2010-04-21,43.474844907879266,43.56163704483666,43.15371002804756,43.422767639160156,74748700
2010-04-22,43.0061508990503,43.70917898834514,42.75444911648592,43.6657829284668,110477200
2010-04-23,43.65711011996351,43.891452861431084,43.47484464690245,43.84805679321289,77205200
2010-04-26,43.89144812520937,43.96088447559199,43.65710540902917,43.75257873535156,67361000
2010-04-27,43.57898893299169,43.769935575833415,42.71105446321258,42.82388687133789,112608000
2010-04-28,43.04955436809334,43.075594657227796,42.511435848991795,42.84992980957031,130082100
2010-04-29,43.092943769822966,43.683139419648455,43.05822559961984,43.596343994140625,84180200
2010-04-30,43.578985176144116,43.64842151697597,42.7023728940372,42.737091064453125,110897000
2010-05-03,42.91935231645195,43.54426276859609,42.90199323293313,43.335960388183594,74169700
2010-05-04,42.806534139001975,42.806534139001975,41.730297090823115,42.03407287597656,141136500
2010-05-05,41.591431820069296,42.09483556659655,41.348411148453835,41.81709671020508,128560200
2010-05-06,41.5306594013586,41.938589625761864,37.008722006195526,40.41970443725586,274356800
2010-05-07,40.11592315565993,40.619323312304836,38.43212854713911,39.41289520263672,288200400
2010-05-10,41.16613715844096,41.4872720241471,41.061985936491766,41.46123504638672,136041600
2010-05-11,41.044634478170146,41.99936136382814,40.96652021945935,41.4178466796875,113016100
2010-05-12,41.64348576374285,42.233681330606096,41.574052744003545,42.1989631652832,85462400
2010-05-13,42.016714744245725,42.34653082629142,41.42651893886197,41.530670166015625,102844300
2010-05-14,41.21823010258321,41.24426709024699,40.254821828116384,40.73218536376953,147386100
2010-05-17,40.81028464085967,41.027268287411935,39.985746121779506,40.862361907958984,120969600
2010-05-18,41.2095370556564,41.296332507771865,40.115940846265154,40.2982063293457,153072100
2010-05-19,40.15064263651181,40.47178073836142,39.534410026325084,39.97705841064453,159000300
2010-05-20,39.195917461842654,39.30006866302859,38.40609728845976,38.492889404296875,189289800
2010-05-21,37.8940082747005,39.61251764940573,37.74646104512625,38.91817092895508,190631100
2010-05-24,38.900824651028536,39.343473107258724,38.744596173642286,38.76195526123047,113038000
2010-05-25,37.91138296118423,38.84875059189356,37.52081173551047,38.79667663574219,155643000
2010-05-26,39.06573393526217,39.55177849132034,38.293272689869994,38.362709045410156,140203200
2010-05-27,39.230642120964355,39.82951576546596,39.135168791208834,39.812156677246094,110671600
2010-05-28,39.88159125881855,39.916309433716314,39.230640378568765,39.57781219482422,128535300
2010-06-01,39.43027101381135,40.14197715470869,39.169891283638066,39.213287353515625,104242700
2010-06-02,39.43892844278661,40.16799329558287,39.16987096258609,40.1419563293457,97249300
2010-06-03,40.254791985154775,40.59328581747657,39.99441236882313,40.52384948730469,98928400
2010-06-04,39.66461060156177,40.176692131464904,39.004978472750444,39.135169982910156,112849900
2010-06-07,39.33479641055885,39.456306726677695,38.38006966027558,38.423465728759766,88436600
2010-06-08,38.492903847819065,38.60573628947052,37.83327491158918,38.354034423828125,133030100
2010-06-09,38.62307443534732,38.978927348270446,37.92004649527198,38.03287887573242,101949200
2010-06-10,38.50156155093616,39.161190084581634,38.39741037423555,39.117794036865234,76892300
2010-06-11,38.71855901852813,39.52573837765242,38.71855901852813,39.49102020263672,74346800
2010-06-14,39.855550554420475,40.13329263978386,39.412905417289736,39.48234176635742,68085000
2010-06-15,39.690638696388994,40.593291243848235,39.44761813011416,40.54121398925781,76332600
2010-06-16,40.42838840668324,40.91442958134306,40.358952061213444,40.70612716674805,78399700
2010-06-17,40.93179994499271,40.94915903614283,40.48047350781387,40.836326599121094,77111900
2010-06-18,40.913725209820576,41.165904125035865,40.748506257015755,40.87024688720703,75921400
2010-06-21,41.391975431305696,41.461543371045764,40.28761258397861,40.522396087646484,95488100
2010-06-22,40.69632834231089,40.99198556606562,40.131103540874335,40.20936584472656,94493400
2010-06-23,40.252855763651226,40.4093804164564,39.73110581523927,40.04415512084961,92397600
2010-06-24,39.870218365209,39.99196228047309,39.304993685947004,39.435428619384766,114145900
2010-06-25,39.65237156237711,39.78306627691107,39.16445171868692,39.44326400756836,88740300
2010-06-28,39.44328117459737,39.68724120262198,39.04248875035517,39.30387496948242,71350000
2010-06-29,38.70267598617184,38.737528362052565,37.52643655169427,37.78782272338867,136384200
2010-06-30,37.665851013736514,38.049217261605136,37.151789989429886,37.2127799987793,101313200
2010-07-01,37.326049191262605,37.430603019891834,36.39376952036181,37.10822677612305,158695000
2010-07-02,37.169217395149545,37.30862361017353,36.672582546394956,37.0036735534668,78565300
2010-07-06,37.55256509326503,37.78781358802936,36.81197056522174,37.116920471191406,88591900
2010-07-07,37.23892023870774,38.345455143651456,37.204067855827546,38.3018913269043,72448400
2010-07-08,38.606840152014755,38.66783015303058,38.05792681916651,38.5109977722168,78264600
2010-07-09,38.49356411569719,38.885644991674305,38.406436509349,38.876930236816406,47851200
2010-07-12,38.84207104179259,39.234148491642244,38.73751395304204,38.99018859863281,60927500
2010-07-13,39.33000494157796,39.64366967298124,39.03376639788659,39.49555206298828,93310500
2010-07-14,39.573958630459074,39.913764251258854,39.41712961339639,39.69594192504883,87687100
2010-07-15,39.617523973102074,39.85277247367459,39.19930552443031,39.73078918457031,95992500
2010-07-16,39.59138192373209,39.75692900673166,38.59811272055338,38.632965087890625,98831900
2010-07-19,38.74623180755376,39.04247026865461,38.42385241032036,38.964054107666016,81800800
2010-07-20,38.33673933724226,39.43456268310547,38.214759334780325,39.43456268310547,89061200
2010-07-21,39.85277604629154,39.87019890830639,38.82465435475113,38.89435577392578,83577000
2010-07-22,39.44326165909815,40.061876180489705,39.417124047229464,39.87890625,82890300
2010-07-23,39.60880862174726,40.16643321156557,39.53910720987233,40.13158416748047,81056100
2010-07-26,40.18385709362056,40.480095555455286,40.00088715876207,40.462669372558594,64850900
2010-07-27,40.63694002499844,40.70664477742134,40.262285289989215,40.445255279541016,67655600
2010-07-28,40.40171059606849,40.584683995939855,39.974780418351884,40.12289810180664,51988200
2010-07-29,40.35811659720231,40.43653276032491,39.425837393247306,39.826629638671875,85669500
2010-07-30,39.49553137986863,40.15770954762239,39.268994381952865,39.91374969482422,98958100
2010-08-02,40.41910694262745,40.76762396492604,40.26227461496355,40.66306686401367,68706800
2010-08-03,40.63692523766464,40.689203782958224,40.29712300251719,40.488807678222656,60856600
2010-08-04,40.6717892785115,40.941890187854106,40.51495692130679,40.89832305908203,43820600
2010-08-05,40.69791407322711,40.8808839910785,40.53237033665265,40.80247116088867,39150200
2010-08-06,40.35812328477759,40.819905586517,40.12287475642775,40.74148941040039,71339200
2010-08-09,40.95060088771924,41.116144673497416,40.76763091548464,41.02030563354492,26927600
2010-08-10,40.689207801094085,40.90703010910455,40.32326459531011,40.66306686401367,86694500
2010-08-11,39.99218230106691,40.00960516312216,39.3909905253032,39.55653762817383,92219700
2010-08-12,38.798522247144426,39.41714034806808,38.72882081210163,39.242881774902344,66000200
2010-08-13,39.09474549351065,39.26029256876687,38.95533935438699,38.964054107666016,46387300
2010-08-16,38.77236636659701,39.30385326880822,38.59810787548943,39.03375244140625,55472900
2010-08-17,39.31257317786733,39.88762399597439,39.234157006138865,39.5303955078125,56927100
2010-08-18,39.45198063357196,39.922477679416325,39.30386303971637,39.68722915649414,61835400
2010-08-19,39.45198042586401,39.608812773653106,38.82465435841271,39.08604049682617,82969500
2010-08-20,39.02504807887653,39.23415564710582,38.80722575647651,39.13831329345703,65806700
2010-08-23,39.38228477478587,39.504264768997544,38.73752910347416,38.75495529174805,69612200
2010-08-24,38.310607930774964,38.441299387314835,37.87496309489608,38.031795501708984,79095800
2010-08-25,37.76168703069651,38.563271774633165,37.700697031645056,38.397727966308594,87247900
2010-08-26,38.52839745215154,38.61552501545297,37.90106836053006,37.93592071533203,91199000
2010-08-27,38.21475796915423,38.476144154189846,37.43931084660944,38.397727966308594,109568800
2010-08-30,38.21473999698278,38.554542210092634,37.988202972440135,37.996917724609375,49373200
2010-08-31,37.79653240698146,38.20603613565598,37.62227387466856,37.866233825683594,72066900
2010-09-01,38.42386192946771,39.129607553206846,38.39772431056435,38.9989128112793,83523100
2010-09-02,39.06862267571966,39.451988872558,38.972780295583625,39.43456268310547,41816800
2010-09-03,39.870201787731645,40.09673889474618,39.687231810015895,40.0880241394043,64041100
2010-09-07,39.92248976643328,40.105459787311894,39.75694593664398,39.817935943603516,51195200
2010-09-08,39.93119066992045,40.47138911144575,39.92247591554628,40.2971305847168,66879800
2010-09-09,40.65437571669073,40.68922810104946,40.358137097054154,40.4539794921875,61476400
2010-09-10,40.497527510251,40.66307128580687,40.29713136393441,40.602081298828125,66995700
2010-09-13,40.91573281905419,41.272961195110824,40.89830663928266,41.16840744018555,64523400
2010-09-14,41.11612960875034,41.560488891315,41.02029060391279,41.34266662597656,91405800
2010-09-15,41.238132585452,41.64763637995579,41.11614926663015,41.60407257080078,67108200
2010-09-16,41.52564760529195,41.8044599133829,41.421093820684064,41.76960754394531,66885800
2010-09-17,42.042092124436934,42.042092124436934,41.70149406718811,41.911094665527344,76372600
2010-09-20,42.0682981849873,42.73203075097238,42.01590052500731,42.64469909667969,84475000
2010-09-21,42.67089743385065,42.94162755792468,42.452564969151446,42.635963439941406,82272000
2010-09-22,42.46129378597006,42.81062703727217,42.286627160319,42.52242660522461,88315900
2010-09-23,42.24295325444663,42.93288446144514,42.19928743926064,42.50495147705078,85040000
2010-09-24,42.98528874502657,43.39575143713389,42.924155932766155,43.36955261230469,79495900
2010-09-27,43.34335533078665,43.44815396532341,43.09882074154952,43.13375473022461,43859800
2010-09-28,43.23854903337449,43.2647511880003,42.43508736326461,43.11628341674805,104922900
2010-09-29,43.05516432844949,43.25602980998502,42.88923284322169,43.04643249511719,81679200
2010-09-30,43.26476375425229,43.5267620561904,42.57483233834025,42.85429763793945,122458600
2010-10-01,43.21235354093768,43.256019360028745,42.60102207919735,42.80188751220703,77675400
2010-10-04,42.67962548651139,42.836825113691,42.094496132056314,42.339027404785156,71359900
2010-10-05,42.81935397047252,43.45688424939431,42.79315514564331,43.36955261230469,99301300
2010-10-06,43.31714959451252,43.41321638968737,42.71455333135425,42.9940185546875,81831200
2010-10-07,43.23853858055345,43.26474072884494,42.79314203744672,43.151206970214844,75693300
2010-10-08,43.168681619604044,43.55294543737048,42.863017597686195,43.44814682006836,83223900
2010-10-11,43.47434233347449,43.6839428836178,43.33460974387486,43.46561050415039,46880000
2010-10-12,43.39575015975001,43.84988198852286,43.02021813463954,43.762550354003906,88571700
2010-10-13,44.0420209143607,44.32148617644182,43.91102011523386,44.12062072753906,71122900
2010-10-14,44.146805557363884,44.225405345621006,43.8149394145574,44.03327178955078,68464000
2010-10-15,44.574766618715415,44.976497642763135,44.21670143093553,44.96776580810547,104654000
2010-10-18,44.97647781783252,45.168611410509214,44.80181121826172,44.80181121826172,72399400
2010-10-19,44.382625579833984,44.80182353515661,44.03329228465387,44.382625579833984,105739800
2010-10-20,44.50487647024927,45.03760806950758,44.426276671481844,44.70574188232422,80861400
2010-10-21,44.98520580630135,45.159872390953275,44.356410765637634,44.79307556152344,85885400
2010-10-22,44.80181500847378,45.142413074132705,44.72321519859183,45.09874725341797,47406900
2010-10-25,45.28215508440298,45.61402138729634,45.28215508440298,45.31708908081055,51413900
2010-10-26,45.090020193995876,45.54415210676725,44.90661839720186,45.43935012817383,60498300
2010-10-27,45.20354661347521,45.61401266404317,45.11621497064692,45.579078674316406,57483400
2010-10-28,45.77120717613817,45.80614116196468,45.273409538319186,45.675140380859375,61220000
2010-10-29,45.67514546994326,45.841080255363394,45.561611669101374,45.57034683227539,46668700
2010-11-01,45.73627547128693,46.06814169021328,45.395677421212596,45.60527801513672,60555600
2010-11-02,45.98081081383124,46.225342067883055,45.919678000318285,46.09434127807617,48137500
2010-11-03,46.138012181265964,46.32141062877006,45.727546133671325,46.3039436340332,126225800
2010-11-04,46.810468295248874,47.03753587176363,46.72313666212059,46.87160110473633,84201000
2010-11-05,46.89780325986542,46.99387005519949,46.73186849283812,46.87160110473633,77937100
2010-11-08,46.79301424660324,47.01134670576472,46.67948043502237,46.93274688720703,39623500
2010-11-09,47.116134883546394,47.19473468463822,46.46986948218159,46.67947006225586,66828700
2010-11-10,46.740601355185525,46.95893375875152,46.37380118482086,46.91526794433594,83553700
2010-11-11,46.20787352036782,46.7056711745172,45.98954109902201,46.61833953857422,85163600
2010-11-12,46.37381193582424,46.60961138612029,45.50921728289425,45.85854721069336,99164300
2010-11-15,46.09435796015239,46.18169296212734,45.66642811068899,45.683895111083984,56723400
2010-11-16,45.360756809544604,45.63149029580326,44.40882702226732,44.93282699584961,101097000
2010-11-17,44.95902123384329,45.2996193495446,44.845487418113166,45.063819885253906,77836200
2010-11-18,45.55288538289597,46.10308412773702,45.52668655316179,45.7886848449707,71488300
2010-11-19,45.727530182548236,45.92839555472138,45.53539663895331,45.8235969543457,54506100
2010-11-22,45.64020866044683,46.2078742980957,45.56160885417989,46.2078742980957,69918900
2010-11-23,45.73628341502663,45.80615140229921,45.212286836438224,45.47428512573242,76818300
2010-11-24,45.91967798466576,46.50480729422986,45.90221099059823,46.391273498535156,53444200
2010-11-26,46.09434508274566,46.400012507028976,45.998278273156295,46.08561325073242,23640300
2010-11-29,46.02448323874503,46.199149873059696,45.50048333580102,46.050682067871094,89269100
2010-11-30,45.5703448027397,46.05941064255626,45.30834655449415,45.49174499511719,118862100
2010-12-01,46.164210754060406,46.68820726733356,46.14674375941949,46.45240783691406,81758800
2010-12-02,46.522280309387455,46.99387921578145,46.46987932040293,46.92401123046875,56844600
2010-12-03,46.723137417549744,47.10740127361063,46.723137417549744,47.046268463134766,38014200
2010-12-06,47.05499930280389,47.11613210766383,46.880332718280656,47.0287971496582,39312000
2010-12-07,47.59648302335851,47.61395002241186,47.00261838150204,47.05501937866211,59067300
2010-12-08,47.17726668680011,47.29080047073328,46.88906631177472,47.22966766357422,48066900
2010-12-09,47.517881074828885,47.544079906496165,47.116150108980676,47.27334976196289,51679800
2010-12-10,47.413071426340196,47.64013568829817,47.238404815571016,47.587738037109375,44696200
2010-12-13,47.77113573686151,47.806069724770154,47.395603695564695,47.42180252075195,53110200
2010-12-14,47.54407449042645,47.701274125500994,47.36067602666913,47.5091438293457,69884800
2010-12-15,47.48293227145364,47.77113265587992,47.186000056357585,47.29953384399414,76951900
2010-12-16,47.343209253406705,47.736208342944366,47.21221177788676,47.666343688964844,65519400
2010-12-17,47.725833684518214,47.848341705679495,47.61207480568565,47.70833206176758,36844200
2010-12-20,47.7958296167095,47.91833761936297,47.393302368535885,47.74332809448242,48159600
2010-12-21,47.9271285429883,48.032135009765625,47.79586795594509,48.032135009765625,35775400
2010-12-22,48.014612538429894,48.093368188858676,47.94460937032317,48.02336502075195,35766500
2010-12-23,47.935848297405926,48.01460393372089,47.787089505529515,47.900848388671875,21664800
2010-12-27,47.76084831602132,48.00586441675476,47.43707322508754,47.92710876464844,29263700
2010-12-28,48.02336884844905,48.05836876624511,47.73459699449568,47.839603424072266,24160500
2010-12-29,47.97086136715233,48.04086787514224,47.89210571471069,47.944610595703125,24132700
2010-12-30,47.944622888240005,47.95337203493492,47.73460664851816,47.83086395263672,27553300
2010-12-31,47.76959309355096,47.79584386248867,47.4370688886006,47.65583419799805,38540100
2011-01-03,48.10211437869668,48.732156161614,48.084612754435994,48.399635314941406,90994300
2011-01-04,48.574644465977386,48.60964771419943,48.05835823802929,48.36463165283203,43851500
2011-01-05,48.21587503189236,48.79341534124166,48.18962426176998,48.775917053222656,43787400
2011-01-06,48.828427095846955,48.96843679103562,48.72342065897906,48.933433532714844,46139600
2011-01-07,49.02093949889758,49.047190272423755,48.40839585789728,48.889678955078125,72261700
2011-01-10,48.784657336394524,49.16093388424287,48.635898548595215,49.073429107666016,55551800
2011-01-11,49.274700770868975,49.31845316626669,48.959678183055345,49.14344024658203,56663800
2011-01-12,49.37970652659731,49.493465423583984,49.178442839986275,49.493465423583984,51979300
2011-01-13,49.52845409402478,49.642212965189124,49.36219369624074,49.510955810546875,47364500
2011-01-14,49.52847977009809,49.89600733743104,49.405971693685345,49.87850570678711,43867400
2011-01-18,49.502211231622006,50.07975148326924,49.432208072258405,50.018497467041016,65805600
2011-01-19,50.106006797743966,50.106006797743966,49.28345040653922,49.449710845947266,67767200
2011-01-20,49.2396876797015,49.30969083073029,48.723401505753266,49.09967803955078,92357800
2011-01-21,49.344711984483396,49.43222012764605,48.6971684155515,48.723419189453125,59673300
2011-01-24,48.819653784657845,49.405943049893565,48.72339654097012,49.397193908691406,64103300
2011-01-25,49.15218250393019,49.48470667093319,49.047176102068896,49.46720504760742,55305100
2011-01-26,49.53721796995264,49.860989698265854,49.39720830326906,49.729732513427734,60547700
2011-01-27,49.887225749364205,50.184746620550825,49.808470126459135,50.035987854003906,53656100
2011-01-28,50.02724147566193,50.07099720112856,48.53964027640569,48.767154693603516,123359900
2011-01-31,48.83715757378377,49.14342760085128,48.46963020320982,49.00341796875,70571300
2011-02-01,49.370944170505794,50.035992455777674,49.31844264246907,49.92223358154297,76952900
2011-02-02,49.81724745528211,50.02726032905789,49.738491793092585,49.84349822998047,48661000
2011-02-03,49.747245745024564,50.00101438527507,49.35347073412627,49.93101119995117,45341900
2011-02-04,49.922245781498454,50.24601752318928,49.790988591237046,50.21101760864258,47647800
2011-02-07,50.3072636132944,50.72729253659479,50.22850798154476,50.44727325439453,45627100
2011-02-08,50.46478543071516,50.81481129886765,50.368531488162596,50.779808044433594,38099900
2011-02-09,50.701040402258286,50.858551671872455,50.534779990151456,50.692291259765625,62540800
2011-02-10,50.35976968129592,50.84105265732455,50.307268147459666,50.77104949951172,70194700
2011-02-11,50.622290254118596,51.17357975751938,50.5522870923102,51.13857650756836,47853500
2011-02-14,51.13858175225531,51.33109630863623,51.086080210037956,51.26109313964844,48506100
2011-02-15,51.138584746741124,51.25234365836333,50.95482266203199,51.19108963012695,39723800
2011-02-16,51.322337867720364,51.66361118269052,51.304836244120175,51.52360153198242,53061700
2011-02-17,51.26983279041693,51.60235696129436,51.23482954335754,51.506099700927734,38361900
2011-02-18,51.50611196885318,51.60236925214675,51.19983849127421,51.39235305786133,44334300
2011-02-22,50.692307423160244,50.86732037165642,49.825995164056046,49.90475082397461,92598100
2011-02-23,49.904741940531,50.079754857873475,49.11718881963047,49.493465423583984,97842900
2011-02-24,49.598473961469736,49.904744076356515,49.12594006584964,49.755985260009766,98716100
2011-02-25,50.03599347324715,50.508527263745016,49.983488606049676,50.44727325439453,54094600
2011-02-28,50.64853768165051,50.797296467185184,50.25475951686285,50.55228042602539,51402800
2011-03-01,50.771056009313796,50.771056009313796,49.615975383504704,49.73848342895508,91993900
2011-03-02,49.71220063173823,50.3247404643632,49.69469901679298,50.00096893310547,61552900
2011-03-03,50.46477227821423,51.07731571878846,50.46477227821423,50.989810943603516,64146600
2011-03-04,50.97231863704298,50.981067780923254,50.39477833622427,50.72730255126953,62328400
2011-03-07,50.93731694567135,50.98106934260059,49.58972175644955,50.04475402832031,98470000
2011-03-08,49.98348076395463,50.47351609996818,49.67721076525406,50.24599838256836,62399100
2011-03-09,50.062262143811736,50.114767029788894,49.63348392499516,49.90475082397461,84764200
2011-03-10,49.3446998980109,49.458458787211114,48.924670927994946,49.12593460083008,102894400
2011-03-11,48.84592757919497,49.58097929621648,48.84592757919497,49.432220458984375,81679400
2011-03-14,49.160937255351826,49.5197122048684,48.880917945392234,49.25719451904297,73565800
2011-03-15,47.813358973922355,48.845931792570596,47.66460012385854,48.55716323852539,101276500
2011-03-16,48.15462262162172,48.425892828311774,47.05204684435067,47.38457107543945,176507700
2011-03-17,48.13711701859443,48.33838403995785,47.367065536021656,47.82209777832031,94434500
2011-03-18,48.3890578978965,48.3890578978965,47.67925705611638,47.71430969238281,94887200
2011-03-21,48.4416399347105,48.87978791774603,47.75813015087231,48.63442611694336,57423000
2011-03-22,48.70454373140379,48.73083154734512,48.441652200771834,48.546810150146484,36162100
2011-03-23,48.37152630509328,48.95864285591879,48.038532982480135,48.81843566894531,60365100
2011-03-24,49.1864895428569,49.79113250724989,48.914836611884276,49.685977935791016,69502400
2011-03-25,49.843718872545324,50.141659654964066,49.71227313158256,49.80866622924805,74131100
2011-03-28,50.027737140257805,50.036498629137995,49.51072238342668,49.537010192871094,37824000
2011-03-29,49.423092792280094,50.01897430419922,49.27412074289844,50.01897430419922,47994800
2011-03-30,50.26432284305233,50.325663275795016,50.018961112081584,50.255558013916016,44935900
2011-03-31,50.1679424281614,50.369490092675214,50.08031417152191,50.32567596435547,50004300
2011-04-01,50.5797941917433,50.737527701751894,50.20298673370089,50.35195541381836,68031800
2011-04-04,50.4921689952885,50.544747952878225,49.96639279060563,50.18546676635742,48659100
2011-04-05,50.08907638295895,50.37825565108946,49.94886916463003,50.05402374267578,55349400
2011-04-06,50.43959586483164,50.58856457113438,49.887528482760835,50.17670440673828,49532100
2011-04-07,50.1591736562109,50.47463733998813,49.78236619032906,50.14164733886719,60697000
2011-04-08,50.369476391873505,50.448343138518304,49.64215269975173,49.9050407409668,42782200
2011-04-11,50.09783326637193,50.20299117755477,49.563295593808036,49.73855209350586,42451700
2011-04-12,49.51072040258084,49.633401298818285,49.20401816198722,49.39680099487305,50422800
2011-04-13,49.764826291107404,49.94884755878828,49.42307155318512,49.81740188598633,49979800
2011-04-14,49.47567072426203,49.79990264692955,49.27412304797903,49.72979736328125,53544100
2011-04-15,49.5370082185012,49.834948970610434,49.31793423438569,49.64216613769531,68530000
2011-04-18,49.14267254638589,49.309167553371644,48.47668583283615,49.29164123535156,69065000
2011-04-19,49.42308640285072,49.59834289550781,49.16019497825844,49.59834289550781,38608400
2011-04-20,50.47465131156535,50.77259210327324,50.413310855284685,50.72001647949219,67397500
2011-04-21,51.21073235031858,51.23702350101938,50.9653705624688,51.123104095458984,43666800
2011-04-25,51.16692695062153,51.28084637561358,51.070533848151655,51.25455856323242,25376800
2011-04-26,51.38599053219659,51.727745394963094,51.27207113033991,51.543724060058594,49400000
2011-04-27,51.64011853012282,51.955585594320986,51.40351823197419,51.89424514770508,56465500
2011-04-28,51.73650951888496,51.90300453255152,51.596302311901674,51.81537628173828,48100000
2011-04-29,51.71898933593201,51.955589652561436,51.68393669432678,51.771568298339844,44831200
2011-05-02,51.85042357861419,51.99939561062109,51.54372136978141,51.675167083740234,48149400
2011-05-03,51.648883564066644,51.70146252597703,51.114345827261786,51.4298095703125,38100000
2011-05-04,51.45608715634995,51.58752951226554,50.921546217672145,51.350929260253906,53097200
2011-05-05,51.09682872423859,51.675184038369785,50.895281014763036,51.07053756713867,72200000
2011-05-06,51.57878494671851,51.87672573112785,51.09682279797507,51.237030029296875,72507000
2011-05-09,51.324654989295595,51.63135724342985,51.12310731617825,51.4298095703125,40022000
2011-05-10,51.578782132501104,51.946824841088336,51.50867684926322,51.867958068847656,38053600
2011-05-11,51.78908299333403,51.973107660927106,51.14062594136927,51.49114227294922,61900000
2011-05-12,51.333434704269514,51.867972596054514,51.035493852668864,51.79787063598633,66100000
2011-05-13,51.675179047432316,51.76280731515674,51.16692573477905,51.184452056884766,63506600
2011-05-16,50.94783056126026,51.10556405189225,50.18545425174082,50.299373626708984,73115300
2011-05-17,50.03649182157449,50.44835194178974,49.93133725529948,50.43959045410156,63136000
2011-05-18,50.369479776043306,50.947834842695464,50.30813934039861,50.860206604003906,42351100
2011-05-19,51.0179429916675,51.12309755260181,50.69371113601495,51.009178161621094,35015800
2011-05-20,50.956608647618594,51.00918426297285,50.55350998734874,50.62361526489258,44703300
2011-05-23,49.93133643047728,50.08030846114243,49.6421605422971,49.87875747680664,43700000
2011-05-24,50.00144225268092,50.01020374032084,49.56329432901047,49.57205581665039,39314800
2011-05-25,49.510720179096644,50.00144710463507,49.484432370822624,49.76484680175781,41369000
2011-05-26,49.61584772134083,50.21172889810764,49.60708623762449,50.0715217590332,40564100
2011-05-27,50.15918093961894,50.37825492402139,50.115363468495474,50.32567596435547,30127200
2011-05-31,50.79887395151395,51.140628814697266,50.53598250955427,51.140628814697266,47590100
2011-06-01,51.01794814783883,51.140629038461576,49.98391872287063,50.027732849121094,51795000
2011-06-02,50.124134933637826,50.30815630261773,49.852481953616895,50.132896423339844,50198100
2011-06-03,49.554536137142314,49.94010850101968,49.30917433671404,49.379276275634766,57773700
2011-06-06,49.26536030374914,49.53700991395548,48.94989322097704,48.97618103027344,50175600
2011-06-07,49.107612287636044,49.300395070325614,48.853485729996564,48.8885383605957,46311100
2011-06-08,48.783401998004756,48.87103361317639,48.39783291966251,48.53804016113281,46426400
2011-06-09,48.555573713538095,48.862276055292504,48.39784012554874,48.62567901611328,45307500
2011-06-10,48.39782452394496,48.49421761251,47.83699565535245,47.88080978393555,53740600
2011-06-13,47.90709759252465,48.13493640964269,47.71431475819831,47.88080978393555,37736800
2011-06-14,48.2488513327498,48.608132502216556,48.222560183801114,48.49421310424805,40565300
2011-06-15,48.02978242079313,48.32772317873281,47.47771503403355,47.5741081237793,59022400
2011-06-16,47.600392454517305,47.75812598206584,46.98698466325117,47.39008331298828,66316200
2011-06-17,47.777381540259476,47.95303099310938,47.10112042583196,47.241641998291016,70337000
2011-06-20,47.10990786747559,47.62808186349499,47.10990786747559,47.4875602722168,37402900
2011-06-21,47.654429788897886,48.559040695942414,47.45243020585275,48.506343841552734,55892800
2011-06-22,48.30434729370093,48.58539050084033,48.1462600708976,48.15504455566406,36833300
2011-06-23,47.636891716937754,48.629324518112966,47.47880442377164,48.60297775268555,80743300
2011-06-24,48.37462152561949,48.418533909224564,47.663228850136804,47.75983810424805,56298300
2011-06-27,47.81252180773642,48.76982631509686,47.70713143866263,48.5239143371582,49968900
2011-06-28,48.62932276922192,49.25289078108502,48.55906361384198,49.24410629272461,47028800
2011-06-29,49.35826975149103,49.54270376071266,49.09479211684586,49.44609451293945,65407300
2011-06-30,49.62174307261331,50.13991716083489,49.59539631652904,50.10478591918945,50347200
2011-07-01,50.13113730695838,50.93035464817277,49.99061233678473,50.86009216308594,53203900
2011-07-05,50.912807436689185,51.16750066147537,50.789851393626705,51.11480712890625,43128800
2011-07-06,51.05329660070945,51.36947099601315,50.886424919688736,51.28164291381836,49282700
2011-07-07,51.66810082933097,52.13357812859697,51.58905719829522,51.98427200317383,54799800
2011-07-08,51.53635238080925,51.852526856199425,51.26409028249001,51.84374237060547,69519500
2011-07-11,51.299228923951254,51.56270657468201,50.728357888784544,50.90401077270508,52080800
2011-07-12,50.89522297399514,51.00061335043189,50.46487363223726,50.51757049560547,84000700
2011-07-13,50.886427354140665,51.23773299912905,50.54390619294139,50.72834014892578,82378100
2011-07-14,50.860089144203066,51.097219991846295,49.946696994088306,50.139915466308594,98774200
2011-07-15,50.70199032927164,50.80738067626953,50.33312243962966,50.80738067626953,68281500
2011-07-18,50.526352690618246,50.75470241970294,50.04330982566181,50.53513717651367,59512200
2011-07-19,51.018180628378616,51.72957323060354,51.018180628378616,51.6856575012207,73904600
2011-07-20,51.97547256596506,51.98425369952158,51.37825497515304,51.46607971191406,57085500
2011-07-21,51.518792700254956,52.09844485520675,51.23774943423591,51.80862045288086,70148800
2011-07-22,51.78227000846238,52.432184650865665,51.74713876286221,52.344356536865234,43620400
2011-07-25,51.93157406973687,52.52879182007988,51.834964823313754,52.23896408081055,48916100
2011-07-26,52.20382531070136,52.54634986690363,52.09843494356956,52.370697021484375,40918900
2011-07-27,52.02820566320732,52.07211806217904,50.886463188135146,51.01820373535156,83969500
2011-07-28,51.04452862005163,51.7559212394784,50.84252899114523,51.10600662231445,61031900
2011-07-29,50.69320931931323,51.47486081618338,50.44729404198984,50.93912124633789,82860500
2011-08-01,51.55392541737515,51.659315807565015,50.087227690074016,50.70201110839844,85421100
2011-08-02,50.46487187744197,50.69322159379756,49.367045722692716,49.419742584228516,90853300
2011-08-03,49.48122867734763,49.955490457873346,48.61174874638381,49.894012451171875,103612300
2011-08-04,49.18261675424673,49.261660379470904,47.57539749145508,47.57539749145508,132830000
2011-08-05,48.0584346070749,48.330693325380516,45.95060723471927,47.27678298950195,214111800
2011-08-08,45.82764816520882,46.65321209944908,44.43121337890625,44.43121337890625,204804500
2011-08-09,45.09869074668887,46.61808487918143,43.851562018644145,46.57416915893555,193707100
2011-08-10,45.520260483277454,46.58295528481846,44.61564954905649,44.6683464050293,205917900
2011-08-11,45.30949302639028,47.15384010794087,45.089927738096144,46.63566589355469,143825300
2011-08-12,46.92547541894196,47.33825907237646,46.44243264275426,47.048431396484375,90483300
2011-08-15,47.241655341273876,47.74226379394531,47.013305627595976,47.74226379394531,73554300
2011-08-16,47.27678646955702,47.73347919522872,46.70591553701815,47.33826446533203,89219200
2011-08-17,47.39974935761818,47.79496414501734,46.56540070031997,47.057228088378906,84416600
2011-08-18,45.783750521892706,45.79253165846156,44.334618416123625,44.74740219116211,130019400
2011-08-19,44.28191715184081,45.37974338051953,43.90426801145112,43.939395904541016,96674600
2011-08-22,44.993303438112996,45.00208792287716,43.96573984045978,44.097476959228516,77107700
2011-08-23,44.396090520178184,45.91548156738281,44.21165652405326,45.91548156738281,75688400
2011-08-24,45.78374591025272,46.363398024113955,45.414874555813874,46.275569915771484,80197700
2011-08-25,46.249218470581674,46.46000255893868,45.36217644318209,45.520263671875,93623700
2011-08-26,45.37097280475731,46.8201051040136,44.9230610733384,46.662017822265625,91573300
2011-08-29,47.12748158184595,48.01452365100553,47.109915961130966,47.961830139160156,45985800
2011-08-30,47.78614994201833,48.56780118997488,47.52267248263826,48.277976989746094,61617900
2011-08-31,48.56782495047449,48.9542618735636,47.95304167762305,48.3570442199707,60900400
2011-09-01,48.480005636997014,48.86643925308935,47.83009105280114,47.91791915893555,57158400
2011-09-02,47.05722410323086,47.96183182490016,46.53904999997473,46.79374313354492,58185700
2011-09-06,45.70468725657795,46.87277223582605,45.59051242843233,46.802513122558594,52992200
2011-09-07,47.4699928329466,47.99695129274302,47.338255730721656,47.98816680908203,48952200
2011-09-08,47.74227658968022,48.453665976088445,47.61053607722664,47.76862335205078,61422800
2011-09-09,47.43486832690865,47.63687127617633,46.41608584716008,46.70591354370117,63663500
2011-09-12,46.187743118751214,47.338266159998994,46.17017749785816,47.30313491821289,65973000
2011-09-13,47.47879350710145,48.03209555566283,47.250443758231654,47.935489654541016,59020000
2011-09-14,48.18138733697495,49.16503848086421,47.70712570766621,48.62051773071289,90757300
2011-09-15,49.1474911689711,49.428534457619236,48.64688260167285,49.3407096862793,83536100
2011-09-16,49.4498046549143,49.845755713986044,49.353016245306435,49.79296112060547,91902100
2011-09-19,49.17704040346639,50.07452840258576,48.772291900877235,49.81056213378906,73042900
2011-09-20,50.06572504265026,50.46167272062138,49.47619720097132,49.59058380126953,66570100
2011-09-21,49.845770345401185,50.09213847380183,48.71950885161105,48.728309631347656,79938000
2011-09-22,47.487657243855,47.918801399471256,46.41419053095059,47.144500732421875,151885500
2011-09-23,46.74854623764412,47.84840849290999,46.71334983991244,47.646034240722656,85940600
2011-09-26,47.883598498008354,48.288350333232444,46.81893270798065,48.20035934448242,96261400
2011-09-27,49.01864983776658,49.449797227668014,48.3763308190864,48.70188903808594,81148600
2011-09-28,48.913076905586884,49.24743598847781,47.86600919222136,47.98039245605469,76757100
2011-09-29,48.710706841537295,48.772298867837634,46.60777045539049,47.408470153808594,116900200
2011-09-30,46.774937868008244,47.17088891743387,46.15901438629203,46.1854133605957,104870100
2011-10-03,45.77185858704526,46.50216522868179,44.97115916444917,44.997554779052734,99149500
2011-10-04,44.540035827163315,46.00945403641622,44.08249257335762,45.92146301269531,137013700
2011-10-05,45.80705881319642,47.23247918186034,45.4551015919524,47.100494384765625,108825700
2011-10-06,47.038915952178115,47.90120770096,46.81894346453436,47.89241027832031,71939200
2011-10-07,47.86599920377832,48.09476904021981,47.26767396199264,47.57563400268555,72525200
2011-10-10,48.385153615029964,49.221046447753906,48.29716259923362,49.221046447753906,48230200
2011-10-11,49.089045141936445,49.67856960547194,49.00985493794527,49.55538558959961,66449100
2011-10-12,50.03053102395517,50.356089287088935,49.76656477394095,49.8017578125,85627600
2011-10-13,49.70498343886398,50.32090370237666,49.652188834914156,50.25931167602539,63443700
2011-10-14,50.875225235949394,51.20078350464622,50.6024582042497,51.191986083984375,65643600
2011-10-17,50.954409236309104,51.11278964101908,50.1273141778891,50.40007781982422,65161300
2011-10-18,50.32088874425359,51.28876938987756,49.85454829578341,51.024803161621094,91434600
2011-10-19,50.74324066293777,50.90162108768097,49.87215168336324,50.039329528808594,67639400
2011-10-20,50.03053175604851,50.08332299291606,49.08904999142962,49.79296112060547,80378300
2011-10-21,50.32089423692667,50.73444349879329,49.96013956907911,50.41768264770508,60455800
2011-10-24,50.60245355043763,51.60553059580165,50.42647830128056,51.46474838256836,61449500
2011-10-25,51.29757425499966,51.31517245363932,50.34729502405021,50.452880859375,65299200
2011-10-26,50.734449079610094,50.84003492274964,49.458608114167404,50.391292572021484,98193800
2011-10-27,51.59674096337782,52.089480494373326,51.060007610591185,51.781517028808594,104455500
2011-10-28,51.491154205049156,51.922298350061794,51.473556005342644,51.8607063293457,42950000
2011-10-31,51.41195541768754,51.59673144904598,50.954412371100304,50.98960876464844,60520200
2011-11-01,49.7313768414291,50.95442324794178,49.37941954384387,49.66098403930664,99933000
2011-11-02,50.18012048890144,50.29450711701542,49.60819406135879,50.08333206176758,65003800
2011-11-03,50.47928188984911,51.19199390684024,49.89855469854605,51.12160110473633,78994200
2011-11-04,50.8752222507592,51.077596479237336,50.34728977268692,50.85762405395508,61527800
2011-11-07,50.82243271288817,51.25358018616981,50.30329760335142,51.2183837890625,65559000
2011-11-08,51.58795366932467,51.89591383883441,51.00722638073907,51.807926177978516,62906900
2011-11-09,50.804839546966164,50.88402976481362,49.828161312351966,49.986541748046875,69539000
2011-11-10,50.47927918284854,50.5232730035475,49.476205302253476,49.96014404296875,66052400
2011-11-11,50.39127333597051,51.05119047757854,50.3296813379414,50.901607513427734,54471000
2011-11-14,50.76083318715201,51.04239760933231,50.40007856145146,50.58485794067383,44617600
2011-11-15,50.435283049033096,51.350369246261586,50.38248845270765,51.14799499511719,52203900
2011-11-16,50.77844025432617,51.17439134110188,50.206513890328594,50.30329895019531,68342800
2011-11-17,50.171320040648446,50.188918240567155,48.81628885552866,49.12425231933594,101706900
2011-11-18,49.1330495274276,49.1858441269542,48.65790820122846,48.74589920043945,60417000
2011-11-21,48.08598040318874,48.156369843983825,47.32047383676983,47.81321334838867,52283700
2011-11-22,47.69002748403424,48.11237418217721,47.39966224102227,47.97159194946289,51940100
2011-11-23,47.61082574645662,47.663616973128185,46.86291758898973,46.88931655883789,48437300
2011-11-25,46.686956337680584,47.223686323126316,46.51977511912804,46.5285758972168,25448100
2011-11-28,47.66362948214131,48.20916358201021,47.637233861878165,48.1475715637207,46710700
2011-11-29,48.12117526868059,48.48192997727213,47.70762931662076,47.848411560058594,52056700
2011-11-30,49.150644800789976,49.66097913977428,48.98346359049993,49.61698532104492,66918600
2011-12-01,49.60819012086372,50.09212886157899,49.58179114323365,49.96014404296875,45362200
2011-12-02,50.452884409939315,50.452884409939315,49.775368818942276,49.81936264038086,36938900
2011-12-05,50.56725763306057,50.69923906240773,50.083315655916714,50.36488342285156,40492200
2011-12-06,50.408908668063326,50.54969096106753,50.056951257295495,50.2241325378418,38670000
2011-12-07,50.08334688832296,50.45290250528065,49.58180975971331,50.2241325378418,44576200
2011-12-08,49.89854871015313,50.2857023622347,49.28262519171594,49.37941360473633,51692600
2011-12-09,49.502603673671075,50.32090153888607,49.48500882962464,50.171321868896484,55757900
2011-12-12,49.6433778533398,50.162512937689556,49.18583813919598,49.608184814453125,55411700
2011-12-13,49.93375271060041,50.13612698840799,48.86028593947758,49.062660217285156,68557700
2011-12-14,48.87788064136461,48.913077041032366,48.024389766758866,48.29715347290039,63682800
2011-12-15,48.71070335213394,48.76349459574469,48.09477977673869,48.1651725769043,58732900
2011-12-16,48.421974160350636,49.07501485382354,48.333726964720526,48.413150787353516,60978900
2011-12-19,48.598463685800404,48.71318771381792,47.80422559400863,47.93659973144531,46733900
2011-12-20,48.71318894035721,49.41917650282907,48.68671209235473,49.35740280151367,81758800
2011-12-21,49.066197979907635,49.10149821182321,48.086641792365896,48.651432037353516,78552300
2011-12-22,48.75731646605887,49.09266184769751,48.68671602090778,49.066184997558594,40334100
2011-12-23,49.16324705159932,49.489768981933594,49.04852640556006,49.489768981933594,26594600
2011-12-27,49.45356318127606,49.83336060889043,49.400566545875854,49.67437744140625,21443500
2011-12-28,49.612552902032995,49.692046180954385,48.96777558160782,49.10026550292969,38180100
2011-12-29,49.179756585413784,49.48889522888002,49.02077003467157,49.45356750488281,28077900
2011-12-30,49.34756832035617,49.568382573371096,49.303406143624805,49.31224060058594,21832400
2012-01-03,50.266159121524645,50.51347001999075,50.12483812677854,50.257328033447266,39514100
2012-01-04,50.17782628806771,50.5399614865233,49.95701206048851,50.46929931640625,29403400
2012-01-05,50.36331578343939,50.92859973825009,50.16899816046391,50.884437561035156,41260600
2012-01-06,50.893282783672554,51.175924839578,50.69896847608698,51.06110382080078,46325200
2012-01-09,51.193579944199925,51.2112454902596,50.725454766373076,50.893272399902344,39195500
2012-01-10,51.4320502379514,51.58220566697411,50.91092851844513,51.26423263549805,35949900
2012-01-11,51.255414876960174,51.48506363866483,51.061100581701076,51.3702392578125,37144100
2012-01-12,51.485066582285604,51.644053158906814,51.10526569028595,51.57339096069336,26188300
2012-01-13,51.29958074695119,51.405570669501074,50.946276512639734,51.38790512084961,35980400
2012-01-17,51.838352521945296,52.07683231813105,51.661703816051926,51.85601806640625,41790800
2012-01-18,51.95317608430495,52.544960021972656,51.82952064432132,52.544960021972656,48692700
2012-01-19,52.783433605814515,52.96892012517022,52.686278172023634,52.871761322021484,47774500
2012-01-20,52.64213423937344,52.818786374947024,52.606806507746114,52.79228973388672,41041700
2012-01-23,52.801121136945284,53.18092205140052,52.50081351550066,52.80995559692383,40958300
2012-01-24,52.57147422615501,52.854116288981714,52.474315385303484,52.71279525756836,38440200
2012-01-25,53.22507341697635,53.507718799690956,52.845275949133026,53.37522888183594,61591800
2012-01-26,53.60486773868994,53.70202655072649,52.933593880900055,53.18973922729492,37852700
2012-01-27,53.07492107138608,53.445887448658404,53.04842443568335,53.348731994628906,45532300
2012-01-30,52.8982733132514,53.472391842561585,52.69512456102011,53.39289855957031,42797800
2012-01-31,53.657868205578474,53.75502702455423,53.11908084170083,53.46355056762695,51449600
2012-02-01,53.77269920655793,54.09067233722449,53.57838154462641,53.89635467529297,46146700
2012-02-02,54.0730052959874,54.24082294615744,53.852191002383215,54.064170837402344,46373600
2012-02-03,54.56763052594223,54.86793811855741,54.47930615079144,54.80611038208008,36453800
2012-02-06,54.60295345546629,54.779605548700694,54.46163245475046,54.761940002441406,28541300
2012-02-07,54.717775848893076,54.98275229451305,54.470461579537236,54.87676239013672,37935700
2012-02-08,54.88560517144215,55.16824722290039,54.68245640754148,55.16824722290039,41171100
2012-02-09,55.38022496424618,55.62753589245179,55.044586297853776,55.56570816040039,46856400
2012-02-10,55.16823997416132,55.32722652838668,54.982756784017916,55.17707443237305,58090500
2012-02-13,55.59219132439417,55.76001230159826,55.336049369125305,55.68935012817383,36810200
2012-02-14,55.56570818590066,55.83951912036732,55.37139053115925,55.830684661865234,51648200
2012-02-15,56.095655469180066,56.40479746769784,55.353719389839114,55.442047119140625,105709100
2012-02-16,55.459723926256764,56.26348789463618,55.31840290003706,56.20166015625,83642300
2012-02-17,56.21049620148036,56.25465839431228,55.77770199462449,56.0250129699707,76112300
2012-02-21,56.08682403217276,56.43129375091081,55.83067867282864,56.183982849121094,38141300
2012-02-22,56.077989000770216,56.245806619561705,55.84834029152071,55.927833557128906,43174700
2012-02-23,55.99850909135737,56.360644416754646,55.72469814020961,56.2988166809082,54250000
2012-02-24,56.45779863356169,56.59028856136823,56.35180871293174,56.49312973022461,41364900
2012-02-27,56.18398510842431,56.75810357564675,55.93667419668958,56.5726203918457,42678500
2012-02-28,56.62561009001487,57.146728515625,56.55494790862879,57.146728515625,43717500
2012-02-29,57.190898669422296,57.37638185646087,56.70510455666625,56.890594482421875,59784400
2012-03-01,57.102572742871985,57.39404920255216,56.93475173783488,57.34104919433594,67558900
2012-03-02,57.26155916629359,57.48237344035267,57.11140707722546,57.29689025878906,33358200
2012-03-05,57.26155342611208,57.33221560401951,56.519617404874566,56.70509719848633,45788800
2012-03-06,56.14864730834961,56.281137206300244,55.84833979310517,56.14864730834961,54638600
2012-03-07,56.41362996548995,56.713937513901826,56.325305603339935,56.58144760131836,42741800
2012-03-08,56.917091342656505,57.358719905554295,56.7934358841425,57.19089889526367,43711100
2012-03-09,57.28804564452125,57.53535650942755,57.25271455828954,57.42936325073242,43117200
2012-03-12,57.411717471042905,57.50887630124515,57.16440653551631,57.45588302612305,32687300
2012-03-13,57.7650334364511,58.524635314941406,57.650205665390665,58.524635314941406,61559100
2012-03-14,58.58645029983032,58.94858223908393,58.36563600508232,58.72776794433594,59926900
2012-03-15,58.904433825425286,59.019254853032436,58.60412282740236,58.895599365234375,65531200
2012-03-16,58.98671109482171,58.98671109482171,58.71243875447257,58.85399627685547,53023100
2012-03-19,58.95130457273576,59.41138158772312,58.79204818295618,59.26981735229492,60966200
2012-03-20,58.96017424826638,59.4379435814795,58.800917803862,59.37601089477539,47290600
2012-03-21,59.384857177734375,59.71221275418744,59.3052255847078,59.384857177734375,39648100
2012-03-22,59.030955375078925,59.40255148891312,58.99556430469141,59.26099395751953,56953900
2012-03-23,59.33176001119335,59.3494589186801,58.88938182620049,59.22559356689453,45541700
2012-03-26,59.623727999725304,60.2607536315918,59.57064478045478,60.2607536315918,40855300
2012-03-27,60.3049865154701,60.59695093466161,60.27843815903979,60.349220275878906,37278200
2012-03-28,60.38462005246022,60.61465859032257,59.756443862665705,60.110347747802734,44421900
2012-03-29,59.80953936109634,60.10151063253439,59.45563540330688,59.88032150268555,53975300
2012-03-30,60.145761649225314,60.18114597603512,59.52642792753007,59.765316009521484,39480900
2012-04-02,59.70334616292613,60.46423021872825,59.59717299808806,60.384605407714844,40031600
2012-04-03,60.43771875440811,60.65006518997811,60.03073154480095,60.366943359375,45539900
2012-04-04,59.915716933724866,59.95110800709498,59.199066260911906,59.54412078857422,54088100
2012-04-05,59.43792978282904,59.968782224219495,59.39368926681524,59.91569900512695,42979900
2012-04-09,59.172491119694946,59.70335022989365,59.0663246977784,59.46446228027344,36908200
2012-04-10,59.4379579999516,59.66799664215109,58.32316261869367,58.50896072387695,69254200
2012-04-11,59.022103238738666,59.18135967316968,58.64165768705102,58.79206466674805,62950000
2012-04-12,58.90706831474959,59.52639494310942,58.81859404643446,59.46446228027344,57407400
2012-04-13,59.26099690874061,59.45563768033041,58.535496805057555,58.56203842163086,55227500
2012-04-16,58.85402293746663,58.88941402163337,57.72153524476739,57.90733337402344,57588000
2012-04-17,58.15504375442705,59.26983200839193,58.06656271032792,59.08403396606445,47362400
2012-04-18,58.915913918859005,59.27866721202157,58.756664278139034,58.93361282348633,42536100
2012-04-19,58.72128533717739,59.429086414787704,58.05771802995514,58.270057678222656,81110900
2012-04-20,58.588563279511376,58.845143416589025,58.02231978739342,58.11079406738281,59906900
2012-04-23,57.56224951711567,57.66842271571244,57.05793863655343,57.57994842529297,70514400
2012-04-24,57.47379589968842,57.712683994918905,57.02256808104269,57.27030563354492,49661500
2012-04-25,58.4558596385742,58.82745573552785,58.367385341702786,58.79206466674805,57526900
2012-04-26,58.783237272343264,59.26984940695292,58.70360565930951,59.13713455200195,41799500
2012-04-27,59.38484994371176,59.676814415493325,59.075179814299894,59.49101638793945,46003800
2012-04-30,59.31407978293503,59.429095704108896,59.02210850208204,59.066349029541016,37787700
2012-05-01,59.004401732885704,59.83606809192502,58.91592069987388,59.163658142089844,37643800
2012-05-02,58.87169763133937,59.376008560433704,58.73013335292032,59.33176803588867,38299300
2012-05-03,59.36714617164611,59.41138668655282,58.55317199853957,58.70357894897461,51297600
2012-05-04,58.163883731294575,58.70358567424308,57.23489356321933,57.243736267089844,107554000
2012-05-07,56.898680985409534,57.571097728361636,56.88098882776985,57.29682540893555,50267800
2012-05-08,56.93407712146467,57.279131602491546,56.164339942629475,57.0844841003418,72659700
2012-05-09,56.420916390216,57.22604458431024,56.19087783471603,56.90753173828125,85715300
2012-05-10,57.16412238354235,57.181814544828676,56.5801831838182,56.79252624511719,49448900
2012-05-11,56.59788568477969,57.385318586977974,56.54479906915281,56.78368377685547,47099900
2012-05-14,56.29705239291478,56.6951934600654,56.164337578838605,56.25281524658203,46360000
2012-05-15,56.403232680584864,56.8633031378711,55.969700465926984,56.06702423095703,66908600
2012-05-16,56.26166995906826,56.42977249095891,55.571560920163165,55.68657684326172,52825900
2012-05-17,55.704277292739796,55.79275498186385,54.501007721282605,54.509857177734375,62253900
2012-05-18,54.677954835490354,54.8195157503526,53.75780720134651,53.80204772949219,79496500
2012-05-21,53.908193577216956,55.359193152481616,53.837411463751884,55.30610656738281,61473000
2012-05-22,55.4653793233318,55.695417884933484,54.84605252304558,55.24419021606445,62954800
2012-05-23,54.77527164296345,55.48307612741116,54.297502350307,55.350364685058594,56951100
2012-05-24,55.42999189461526,55.483075120561786,54.58062315361347,54.987613677978516,83131200
2012-05-25,55.040701155124964,55.13802491031455,54.75757934461609,54.91683578491211,32078900
2012-05-29,55.4299932752044,55.872371502859416,55.10263095668351,55.61579132080078,44216700
2012-05-30,55.11149002910819,55.341525262599255,54.57178795717003,55.146881103515625,56431800
2012-05-31,55.076080542481165,55.21764141770774,54.49214151028688,54.90797805786133,55260100
2012-06-01,53.917062896450105,54.2532713301882,53.43044746937663,53.448143005371094,71430800
2012-06-04,53.598541022752286,53.934746003938265,53.120771786232076,53.85511779785156,74119500
2012-06-05,53.66933722173739,54.18249768890524,53.6427956027731,54.076324462890625,47916900
2012-06-06,54.48331337397292,55.359220523168844,54.43022676262705,55.31498336791992,58781800
2012-06-07,55.8989164340859,55.8989164340859,55.04955099659729,55.093788146972656,38414800
2012-06-08,55.005311179986066,55.69542356003235,54.81951312096826,55.62464141845703,39730800
2012-06-11,56.04930484227618,56.07584982376538,54.6513917783132,54.68678283691406,51008900
2012-06-12,54.94337415330791,55.376906298513504,54.57177806462712,55.350364685058594,48802600
2012-06-13,55.19111406236757,55.60694734226062,54.78412348778607,54.96992492675781,50840100
2012-06-14,54.96107309166918,55.39460526372836,54.677951280353135,55.17341613769531,65170600
2012-06-15,55.32681084973866,55.93869792995998,55.30020824028013,55.85888671875,41536100
2012-06-18,55.62833329198328,56.523993038035314,55.539655649903075,56.38210678100586,32191200
2012-06-19,56.66587900372228,57.20682141300187,56.621536800074956,56.967384338378906,36476500
2012-06-20,57.09153040689034,57.260022650191154,56.58606382549277,57.011722564697266,51389700
2012-06-21,56.96738102303379,57.02945604512523,55.5307823387484,55.592857360839844,42492700
2012-06-22,55.77909355993932,56.2490911876006,55.62833749760324,56.17814636230469,29504200
2012-06-25,55.7170021340446,55.73473495231509,54.93662619959884,55.096248626708984,33136400
2012-06-26,55.28249710359928,55.60174209317806,55.03419694852062,55.44211959838867,30611100
2012-06-27,55.65492602442237,56.02737949725362,55.59285100942293,55.77907943725586,35705800
2012-06-28,55.36231706994631,55.397789492782884,54.57307426743281,55.158355712890625,49793400
2012-06-29,56.222480204634294,56.89644241333008,56.05398796104287,56.89644241333008,44761300
2012-07-02,56.976248514579964,57.09152876075826,56.63926742052955,57.06492614746094,33425600
2012-07-03,57.100401585688516,57.54379653930664,57.011723948098904,57.54379653930664,15895100
2012-07-05,57.490599388523535,57.86304957813902,57.18022423051063,57.57927703857422,37016200
2012-07-06,57.31321597587711,57.366427958625,56.444165857127295,56.860958099365234,40684100
2012-07-09,56.79889695070051,56.98512202158872,56.47078224541929,56.754554748535156,35628300
2012-07-10,57.06493855048401,57.20682820646894,55.974187191366774,56.195884704589844,47365700
2012-07-11,56.12493554889967,56.27568821341963,55.42437069147894,55.885501861572266,43432000
2012-07-12,55.44211974980993,55.59287244928059,54.85683839492897,55.362308502197266,57680400
2012-07-13,55.51305534182488,56.328903940505796,55.477586311057884,56.20475387573242,32357200
2012-07-16,56.08058882868643,56.328888891898295,55.82341897302576,56.04511642456055,27621400
2012-07-17,56.399832128391985,56.523985546819304,55.53964828914289,56.3377571105957,42467800
2012-07-18,56.23136789310359,57.268914212866775,56.21363168270703,57.10042190551758,44489700
2012-07-19,57.499455156866006,57.916247501712256,57.393044696510486,57.73002243041992,53017800
2012-07-20,57.71229141249768,57.73002423455438,56.94078172245866,56.967384338378906,40573100
2012-07-23,55.85889920442599,56.47078303858225,55.43323706093845,56.27568817138672,48657800
2012-07-24,56.37324457841086,56.45305582016464,55.46871829947989,55.83230209350586,57269700
2012-07-25,55.39776765780578,55.82342641556243,55.11399515263467,55.459842681884766,46264400
2012-07-26,56.25795973766546,56.51512966488476,55.84117071313429,56.195884704589844,41928200
2012-07-27,56.6038184913675,57.632491576169954,56.43532619311029,57.52608108520508,42621000
2012-07-30,57.66795268844629,57.91625280624447,57.286632717350294,57.481727600097656,37821300
2012-07-31,57.57041882650004,57.80098617555664,57.41079631802584,57.46400833129883,34588300
2012-08-01,57.87192811397539,57.88966094039554,57.06494581558208,57.29551315307617,30920200
2012-08-02,56.86098074732694,57.659086384080645,56.67475226487073,57.0915412902832,40534900
2012-08-03,58.01379748915913,58.4217200583845,57.809839587381674,58.17341995239258,42117400
2012-08-06,58.47493078746784,58.8739835540554,58.35078073716637,58.61681365966797,23523600
2012-08-07,58.86511993972944,59.34398736930656,58.7764422895865,59.104557037353516,28223300
2012-08-08,58.95379947087801,59.20209957697355,58.856252034101836,59.07794952392578,20723500
2012-08-09,59.06907735710833,59.33511704047829,58.962660130626304,59.25530242919922,20726200
2012-08-10,59.04248279846416,59.30851575246508,58.89173011462986,59.2907829284668,20312000
2012-08-13,59.273051906217894,59.44154420407573,58.97154649496923,59.432674407958984,19890300
2012-08-14,59.654350934031775,59.7785077389077,59.290770609404944,59.45926284790039,24218700
2012-08-15,59.414936224982014,59.69870878408641,59.4060664296649,59.61003112792969,29100400
2012-08-16,59.83170103832554,60.45245111061271,59.76075623987319,60.31943130493164,35699900
2012-08-17,60.45245610496021,60.59434571358729,60.310573262002066,60.58547592163086,22584800
2012-08-20,60.54115920450025,60.68304887283745,60.301728846270926,60.67417907714844,26924000
2012-08-21,60.833802461383684,61.082102618935444,60.195312475866665,60.434749603271484,41391000
2012-08-22,60.301697899837194,60.798297952822,60.13320569657379,60.68301773071289,44555700
2012-08-23,60.408129355846825,60.60321744723557,60.02680943496036,60.186431884765625,28800400
2012-08-24,60.04456280776145,60.70078565238572,59.94701534584366,60.558902740478516,38384800
2012-08-27,60.81607851333325,60.89588639033728,60.52343609963945,60.656455993652344,20671400
2012-08-28,60.60324397664347,60.82494154477402,60.39928600274017,60.656455993652344,27337900
2012-08-29,60.656455993652344,60.807208716219634,60.39928600274017,60.656455993652344,26672400
2012-08-30,60.39040325492543,60.41700587488852,59.947008213750244,60.0445556640625,24425400
2012-08-31,60.47906152436566,60.700758973891446,59.83170876052515,60.44359588623047,42128000
2012-09-04,60.32832552416992,60.61209806721553,59.78738305685312,60.38153076171875,32017200
2012-09-05,60.35490370415781,60.612073524296314,60.159808891248026,60.31943130493164,26129300
2012-09-06,60.6919066826959,61.676244073958685,60.67416709482119,61.658504486083984,43100000
2012-09-07,61.51663804573918,61.67626055090287,61.39248796013101,61.56984329223633,32958600
2012-09-10,61.41020631868361,61.543226169258936,60.73624403726046,60.78058624267578,25490000
2012-09-11,60.78943492735319,61.0288651627085,60.58547032520969,60.68301773071289,29810100
2012-09-12,60.904720459263906,61.020000691423384,60.48792819317128,60.86037826538086,42203400
2012-09-13,60.913620308431064,61.95116320683885,60.851545265765786,61.685123443603516,45417800
2012-09-14,61.906805776448024,62.45661799469517,61.88907295390418,62.234920501708984,38880300
2012-09-17,62.270405440422934,62.28813826653439,62.03983810694255,62.26153564453125,31798400
2012-09-18,62.10189248292829,62.341329532629594,62.09302268998796,62.314720153808594,27169800
2012-09-19,62.30588454433276,62.58965715227093,62.128522435826,62.43003463745117,36484600
2012-09-20,62.12851331952049,62.430025476903865,61.96002779825227,62.367950439453125,42520200
2012-09-21,62.67919615110012,62.73255311143737,62.323467250601475,62.385719299316406,23678500
2012-09-24,61.8699088929661,62.12781216019708,61.7365097154378,62.02109146118164,32341600
2012-09-25,62.181192394006445,62.32348671262655,61.122907235377326,61.14958572387695,41299600
2012-09-26,61.06955433523275,61.105127921214894,60.34031278501835,60.651573181152344,32770400
2012-09-27,60.80274940258198,61.629816438245584,60.696028667830895,61.48752212524414,25339500
2012-09-28,61.28297041255668,61.46972657271457,60.927241485366196,60.98059844970703,30112600
2012-10-01,61.274077650936995,61.6564850748232,60.696018970416176,60.89167022705078,37715300
2012-10-02,61.15844192354239,61.345204814927456,60.58927851779046,61.06951141357422,33254300
2012-10-03,61.23850856177547,61.576447348453165,60.998388625611405,61.460838317871094,38236000
2012-10-04,61.558669218806585,61.84325105955223,61.363017931112786,61.674278259277344,26128600
2012-10-05,61.9855379637466,62.074475300869835,61.18515620936721,61.34523391723633,25207900
2012-10-08,60.98950808748106,61.1140122239528,60.64267416660028,60.78496170043945,30911500
2012-10-09,60.62489362340444,60.7760762724481,59.67332226623599,59.815616607666016,67974000
2012-10-10,59.797795863789545,59.966768611644945,59.406500194757704,59.513214111328125,45134300
2012-10-11,59.95788123918573,60.00234990012189,59.290892034933535,59.32646560668945,30469400
2012-10-12,59.31756900695624,59.63772435964158,59.18417659747475,59.29978561401367,24891200
2012-10-15,59.52211528682435,59.8155921573359,59.166386363625335,59.73554992675781,22220100
2012-10-16,59.82446462413059,60.65153126801088,59.806681235912585,60.58039093017578,33960600
2012-10-17,60.269140656006094,60.740485386362884,60.18910520941425,60.54483413696289,33439400
2012-10-18,60.349177554612,60.54482878672264,59.61993637081328,59.84226608276367,61707600
2012-10-19,59.77112206296413,59.82447902542562,58.33931810055339,58.410465240478516,75362600
2012-10-22,58.38377456600607,58.864007482758666,58.25037540274757,58.71281814575195,38621500
2012-10-23,58.23261105525183,58.650585285520954,57.974707731277995,58.15256881713867,52591200
2012-10-24,58.481614750893364,58.57944037601449,57.85908742876212,57.94802474975586,39872400
2012-10-25,58.34821555436774,58.446041179488866,57.77905198182574,57.94802474975586,52688700
2012-10-26,57.94801935381338,58.35710520942481,57.49446484184586,58.11698532104492,54213100
2012-10-31,58.04585043555584,58.15257116235546,57.56562412737203,57.761268615722656,38524500
2012-11-01,58.125882725816226,58.695046268042496,57.95690996688621,58.579437255859375,26945000
2012-11-02,58.846231923689295,58.88180549505728,57.903556029815284,57.956912994384766,44083000
2012-11-05,57.965816390425566,58.45494458562497,57.84131226527771,58.33932876586914,28094700
2012-11-06,58.43715364632976,58.846239592928896,58.21482388502811,58.446048736572266,29608400
2012-11-07,57.82351619986203,57.89466334555329,56.82748330004545,57.067596435546875,70737800
2012-11-08,57.22766454474127,57.36106372434887,56.169376373291016,56.169376373291016,58585800
2012-11-09,56.20496857742538,57.01424883394164,56.16939499873643,56.40951156616211,51542100
2012-11-12,56.73855022491667,56.80080228209547,56.24942546459068,56.40060806274414,32663700
2012-11-13,55.96483878002276,56.54289742337525,55.83143958771606,56.00930404663086,43288300
2012-11-14,56.284999622409444,56.347251680234635,55.262281428168045,55.35121536254883,82655300
2012-11-15,55.38678898957524,55.57354856715233,54.95991625543874,55.164459228515625,55124200
2012-11-16,55.20894267147989,55.564668348896085,54.52416641703683,55.40459060668945,70873100
2012-11-19,56.009305879006554,56.76522900600429,55.991519093284936,56.720760345458984,55306400
2012-11-20,56.70297851895137,56.81859094001207,56.19606695523962,56.73855209350586,52012700
2012-11-21,56.80079232871945,56.93418811680609,56.560675839184995,56.85415267944336,19611700
2012-11-23,57.174338265364774,57.73460697838746,57.13876467938381,57.71682357788086,16462900
2012-11-26,57.57451394091836,58.00139007433459,57.39665284322508,57.965816497802734,26430900
2012-11-27,57.95691684842596,58.1614632011526,57.672335043522885,57.77016067504883,25828600
2012-11-28,57.49449644056355,58.31266860145016,57.138767349100824,58.2681999206543,37295800
2012-11-29,58.579454801183175,58.81956798608509,58.3215514337157,58.615028381347656,41136100
2012-11-30,58.623918243026,58.668386915653066,58.34823147064531,58.51720428466797,33497400
2012-12-03,58.97072905639932,59.02409279962233,58.3748870726284,58.40156555175781,28240000
2012-12-04,58.42824554766194,58.49049759556801,57.98358612405731,58.36599349975586,49584500
2012-12-05,58.277092290903546,58.28598738364072,57.405563181757145,57.71682357788086,54076200
2012-12-06,57.53893655021639,58.23261106915586,57.387753948702176,58.09031677246094,47512300
2012-12-07,58.374911759116564,58.43716383173272,57.547844631520746,57.74349594116211,30089400
2012-12-10,57.58338707026225,58.21480254672125,57.58338707026225,57.912437438964844,33219600
2012-12-11,58.31262899924662,58.997401437660116,58.26816034865101,58.668357849121094,40750800
2012-12-12,58.9796564695994,58.9796564695994,58.383814159263274,58.54389190673828,45917700
2012-12-13,58.42826243569493,58.83735519442348,57.83242026423469,58.08142852783203,45467700
2012-12-14,57.690129887319756,57.876886075796776,57.334400906187625,57.530052185058594,39630300
2012-12-17,57.583410490504285,58.31265186547187,57.50337503000393,58.29486846923828,42302900
2012-12-18,58.588317231207476,59.2730964732404,58.42823958365102,59.184165954589844,55596000
2012-12-19,59.35315415356272,59.37094433493982,58.89071121225106,58.92628479003906,34832500
2012-12-20,59.03299873843688,59.05968401050254,58.632807862012676,58.92628479003906,40754300
2012-12-21,58.02036703587101,58.37807721356649,57.76997195831042,58.30653381347656,51152900
2012-12-24,58.15451683896066,58.2528873213083,58.05614635661302,58.19028854370117,11418300
2012-12-26,58.23500847454226,58.288662623587,57.492760906564506,57.68055725097656,21751300
2012-12-27,57.73420930281891,57.80575271411672,56.87570883551086,57.591129302978516,52933200
2012-12-28,57.15294994220729,57.61797200766573,57.00986649217228,57.03669357299805,33082100
2012-12-31,56.97408118572563,58.35126119589974,56.857828255626906,58.24394607543945,57544000
2013-01-02,59.67477918088407,60.12191522298561,59.4512111598333,60.0950813293457,70695900
2013-01-03,60.09509077691904,60.22028834256947,59.60324514693682,59.78209686279297,47366500
2013-01-04,59.80892955791875,59.80892955791875,59.4422814591344,59.58536148071289,33972500
2013-01-07,59.43333087654365,59.70161527143858,59.245534529219434,59.60324478149414,26766200
2013-01-08,59.59428790930633,59.755257148631905,59.17397896091432,59.48697280883789,28734900
2013-01-09,59.57639781218981,59.87150236072318,59.51379905065203,59.710533142089844,25600300
2013-01-10,60.12191352648765,60.157678404822576,59.513808253478665,60.06825256347656,37528000
2013-01-11,60.041450416151214,60.17559264522895,59.91625282174724,60.148765563964844,21158600
2013-01-14,59.84469475399225,60.050380364642365,59.62112670112519,59.88046646118164,36768500
2013-01-15,59.5853614807129,59.67479416980025,59.317083881719626,59.58536148071289,31675300
2013-01-16,59.665854885303276,60.03250301695713,59.55853974243155,59.82682418823242,33822300
2013-01-17,60.06825973682854,60.345488747688535,59.969889252774216,60.11297607421875,32024200
2013-01-18,59.93410828499891,60.041423384497485,59.710540278109136,59.978824615478516,31992000
2013-01-22,60.041441576682054,60.121929631381896,59.674793482122865,60.077213287353516,32123100
2013-01-23,60.41702821103572,60.62271382096248,60.3276023547545,60.44385528564453,31975700
2013-01-24,59.612186431884766,60.16663081355599,59.52275375622339,59.612186431884766,42596300
2013-01-25,59.799987755943036,60.08615460275645,59.683727996991585,59.91624069213867,39240100
2013-01-28,59.92515649507999,60.256032701512595,59.85361311210712,60.05035400390625,32926100
2013-01-29,59.97884193302069,60.19346537123141,59.58535994400429,60.059329986572266,35554700
2013-01-30,60.166621373409775,60.345479873914385,59.79997338719511,59.93410873413086,34445000
2013-01-31,59.9073113825381,60.22925002039404,59.74634206361012,59.80000305175781,34870500
2013-02-01,60.22029223160526,60.61377421920666,59.97884171733099,60.506465911865234,53120800
2013-02-04,60.15768667100364,60.327600568836736,59.433328386987235,59.45121765136719,48483700
2013-02-05,59.71055237912538,60.51539873159057,59.56747237355129,60.32760238647461,35120300
2013-02-06,60.130882263183594,60.40811138353048,59.95203048849865,60.130882263183594,43593200
2013-02-07,60.20238789978306,60.247104226754885,59.52273930178213,60.184505462646484,46017900
2013-02-08,60.48856177614595,60.92675317650452,60.47961714514758,60.80155563354492,39837200
2013-02-11,60.83734808254795,60.86417516193768,60.61377999062457,60.81946563720703,17650400
2013-02-12,60.73894923692314,60.85520895704355,60.50644344218937,60.56904220581055,22057900
2013-02-13,60.747931131649885,61.01621561046035,60.60484425688225,60.7837028503418,23494700
2013-02-14,60.50646371288935,60.855229344585986,60.4706920041569,60.76579666137695,24478800
2013-02-15,60.756850839066715,60.90887546406481,60.41702306230047,60.586936950683594,25333600
2013-02-19,60.70317751892823,61.04300522654154,60.68529508193709,61.025115966796875,23436500
2013-02-20,61.007250394673726,61.03407746895328,60.07720649070188,60.086151123046875,38200300
2013-02-21,59.86258119750009,59.92517997644222,59.22764877601418,59.4422721862793,45855600
2013-02-22,59.78208029088015,60.05036461305015,59.54956766651641,60.041419982910156,21968000
2013-02-25,60.42598323731089,60.64060669385412,59.245543992188125,59.299198150634766,40927600
2013-02-26,59.37967847242365,59.63007360955086,58.986196501077586,59.52275848388672,42088800
2013-02-27,59.52277667739378,60.497537270872954,59.44229542561291,60.130882263183594,36339500
2013-02-28,60.13980702350024,60.57799850259358,59.996720192833905,60.00566482543945,28557300
2013-03-01,59.799968691193655,60.36335757234423,59.50485730560133,60.25604248046875,31617200
2013-03-04,60.05932683576227,60.533290030709274,59.97883878643322,60.52434539794922,19380500
2013-03-05,60.882051491799594,61.499094654903764,60.882051491799594,61.41861343383789,35581900
2013-03-06,61.60641876874118,61.624308035649456,61.186109692228,61.266597747802734,29071100
2013-03-07,61.33811860345714,61.52592174400917,61.21292105825879,61.42755126953125,21775900
2013-03-08,61.633203703537625,61.72262950866374,61.257611228356986,61.499061584472656,26159900
2013-03-11,61.41861966557637,61.69584188549375,61.23082330794629,61.67795944213867,23187900
2013-03-12,61.499112451751486,61.64219931650486,61.159291382098075,61.454402923583984,27575400
2013-03-13,61.5348668185749,61.60641023078038,61.159274138629115,61.373897552490234,34297300
2013-03-14,61.58854210743853,61.71373969652685,61.44545524976221,61.57959747314453,31530800
2013-03-15,61.623517858473235,61.65937236221657,61.25601432401452,61.40839767456055,30752600
2013-03-18,60.84369386143801,61.524915711495126,60.70924802926291,61.27394104003906,36163000
2013-03-19,61.46217796042164,61.578699972372945,60.61065569478677,61.15742492675781,33125100
2013-03-20,61.587646484375,61.722099126945835,61.300817371545115,61.587646484375,28035400
2013-03-21,61.02296050081105,61.17533698832208,60.74508985109221,60.88850784301758,30050800
2013-03-22,61.13949499638804,61.52492238034361,61.06778598575732,61.4801025390625,28837200
2013-03-25,61.67728229465494,61.81173494375414,60.96021289703556,61.25600051879883,24909800
2013-03-26,61.48904833572609,61.6055771506087,61.354595693155254,61.587646484375,19725200
2013-03-27,61.16637498570789,61.71314414224803,61.076742155145666,61.668331146240234,22539500
2013-03-28,61.668328923500106,61.901372906852835,61.524910928932535,61.82070541381836,23662800
2013-04-01,61.865481889740835,61.92822551569072,61.22908030123701,61.39938735961914,28112800
2013-04-02,61.69521476093628,62.089600547637126,61.64142959660062,61.883445739746094,29431900
2013-04-03,61.91931897720674,62.00895182683348,61.16638799553635,61.31877136230469,35131200
2013-04-04,61.29184628434665,61.48904256313168,61.00501719844429,61.336666107177734,32287400
2013-04-05,60.36863876299532,60.91540798832307,60.22522758376291,60.825775146484375,55610800
2013-04-08,60.852631681773275,61.16634987924495,60.673366094230545,61.1484260559082,17891600
2013-04-09,61.30978206705173,61.81173129964749,61.031911451683015,61.56075668334961,30931400
2013-04-10,61.775862594745995,62.89628961585737,61.74000810944518,62.761837005615234,55271300
2013-04-11,62.60948276900331,62.878388084822866,62.537773772978596,62.73497009277344,37233600
2013-04-12,62.58257630620318,62.734952751726475,62.21507977061498,62.69013977050781,32783700
2013-04-15,62.4570989758325,62.555697124197025,61.381491515459224,61.45319366455078,48795800
2013-04-16,61.802781060041795,62.34059175607563,61.67729372124646,62.268882751464844,27682600
2013-04-17,61.731052971021214,61.74897679537356,60.69129335643624,61.04983139038086,60204800
2013-04-18,61.21118064058668,61.24703513221514,59.94733545522747,60.207275390625,56798200
2013-04-19,60.3237983969375,61.15739644113623,60.234158757214146,61.03190231323242,43062800
2013-04-22,61.24706147848445,61.88346359192038,61.02297593832188,61.65937805175781,34412100
2013-04-23,62.00894812561184,62.47504301897923,61.686264415377615,62.25095748901367,53078300
2013-04-24,62.09856130454431,62.44813407350423,61.95515016682651,62.22404861450195,44500700
2013-04-25,62.38541027687372,62.788768334600924,62.37644494086707,62.55571746826172,26437100
2013-04-26,62.40330217447655,62.53774793829981,62.08957715610647,62.358482360839844,24079800
2013-04-29,62.55570507807986,63.17418320763325,62.52881591393342,62.932167053222656,31664000
2013-04-30,63.01283175305159,63.398259003514916,62.77978096849242,63.3892936706543,30135800
2013-05-01,63.407201155001324,63.505799275419236,62.96799569766743,63.093482971191406,28537200
2013-05-02,63.20105147727952,64.02568415169321,63.14726632822188,63.891231536865234,31744200
2013-05-03,64.50972764512578,64.84136977149726,64.45594931945386,64.64418029785156,34061700
2013-05-06,64.76071181722584,64.9937626603578,64.70693348363655,64.8951644897461,19244300
2013-05-07,65.00271749646052,65.04753733095902,64.6172901708319,64.85930633544922,25838100
2013-05-08,64.82343143466719,65.2267824640267,64.71586796885057,65.17300415039062,24252100
2013-05-09,65.04752715854964,65.52258724033672,64.9578943421164,65.08338165283203,29337200
2013-05-10,65.21784321294932,65.50467236787654,65.10131438096401,65.477783203125,20663700
2013-05-13,65.37024062763598,65.71981355838147,65.30749694361882,65.5584716796875,29730100
2013-05-14,65.57637108657993,66.0962441468902,65.5494750874981,65.8990478515625,36009800
2013-05-15,65.77356072125583,66.09624432565656,65.61221891905548,66.03350067138672,27214400
2013-05-16,66.08729378376847,66.41893592258347,65.92595196215304,65.96179962158203,27253400
2013-05-17,66.30239590864343,66.62507946415218,66.08727581781908,66.59819030761719,31114500
2013-05-20,66.47269123153362,66.71470043598129,66.23067518854276,66.49958038330078,25132400
2013-05-21,66.46376291311437,66.81333575784055,66.23071207044791,66.57131958007812,25900000
2013-05-22,66.65199974165522,67.18083830321905,65.64809411816002,65.98870849609375,59843200
2013-05-23,65.40606346844324,66.06038916514565,65.2805761611703,65.8363037109375,48222100
2013-05-24,65.39709528292732,65.81837701263004,65.21782966279834,65.80045318603516,26430300
2013-05-28,66.571289729951,66.81330579919502,66.02452762810677,66.23068237304688,27057100
2013-05-29,65.97075524848749,66.15002771198473,65.54051501318459,65.91697692871094,32090300
2013-05-30,65.94384938394045,66.58025108141788,65.92592556140374,66.26653289794922,32390500
2013-05-31,66.01556623870596,66.51751539222865,65.58531922244057,65.65702819824219,38347600
2013-06-03,65.666018163595,65.79150549905059,64.92205264728906,65.77357482910156,47613100
2013-06-04,65.90803600580125,66.1679760452355,65.1640703934771,65.43297576904297,35251900
2013-06-05,65.2178380809381,65.46881271693182,64.52765099340938,64.58143615722656,48654200
2013-06-06,64.671078981728,64.90412982485998,64.06156612637695,64.8951644897461,62524100
2013-06-07,65.16403096365694,65.85421781866485,65.00268920365255,65.78250885009766,31969800
2013-06-10,65.90800059464966,66.11416218362304,65.66599135750569,65.80940246582031,25390000
2013-06-11,65.15510559082031,65.73772245058677,64.93102007904949,65.15510559082031,40278900
2013-06-12,65.53154552870986,65.5584346868946,64.3035548760961,64.40215301513672,42081900
2013-06-13,64.31253481907294,65.36125325779834,64.13326916475191,65.21784210205078,28221500
2013-06-14,65.21785249856653,65.28955466859732,64.68900710848631,64.78760528564453,27690700
2013-06-17,65.29850261556015,65.79149337006966,65.07441715233685,65.41503143310547,32441900
2013-06-18,65.50466415720082,66.07832239515012,65.48673349058299,65.95283508300781,24853100
2013-06-19,65.97076605645475,66.0424750536017,65.14613310490383,65.21784210205078,43145100
2013-06-20,64.46491531510257,64.68004231991195,63.4520513120089,63.667171478271484,60908400
2013-06-21,63.64378946243884,63.81463540178274,62.79856032275515,63.329078674316406,51558900
2013-06-24,62.80753907726581,63.18519193316653,62.178117650764605,62.699642181396484,41492300
2013-06-25,63.30210535360482,63.41000227669408,62.771586994419835,63.158233642578125,28897400
2013-06-26,63.6977084055803,63.841580047869144,63.4729141096371,63.72468948364258,23742300
2013-06-27,64.05739939174438,64.39909121205693,63.95848932377807,63.99445724487305,23545000
2013-06-28,63.79662937104579,64.46202554032773,63.65276456429474,64.08436584472656,28301100
2013-07-01,64.51600944040503,65.01055999203511,64.41709933007901,64.48004150390625,24942800
2013-07-02,64.45305531952266,64.90264415214763,64.1563250435467,64.50700378417969,23067900
2013-07-03,64.27318738354677,65.07345451918853,64.21923208821337,64.76773071289062,18847500
2013-07-05,65.13641429439619,65.28927280887052,64.6148897459998,65.26229858398438,28795900
2013-07-08,65.60398389446621,65.63095811950105,65.08245934319507,65.32524108886719,20558500
2013-07-09,65.63099270109863,65.8647808748846,65.32527550937947,65.72090911865234,26108600
2013-07-10,65.657946915216,66.19745897635734,65.6219858473087,66.09854888916016,25598900
2013-07-11,66.80889908403901,67.46529489682199,66.7639374595226,67.41134643554688,47768900
2013-07-12,67.4563085858389,67.7530388757032,67.27647578844436,67.70808410644531,31412600
2013-07-15,67.77999422867879,67.90587852382527,67.59116778595907,67.86092376708984,19783600
2013-07-16,67.91486854115793,67.96881699039055,67.60015782033562,67.77100372314453,31747100
2013-07-17,67.97781667760155,68.10370097702724,67.75302230574428,67.94184875488281,24631500
2013-07-18,67.9328559310216,68.10369497365132,67.66309996450009,67.77100372314453,36278800
2013-07-19,67.18654621221806,67.20452674435833,66.8718354484122,67.06964874267578,37732400
2013-07-22,67.32142663219582,67.4203367129707,67.06066431562392,67.26747131347656,21135900
2013-07-23,67.3933464706482,67.40234016591002,66.71896338978043,66.77291870117188,24739500
2013-07-24,67.42934184778723,67.45631608437675,66.83588806227093,66.9887466430664,24426900
2013-07-25,67.30344265281592,67.49226912745955,66.95276393416621,67.41134643554688,23162200
2013-07-26,67.14157542132074,67.77999055789716,67.0336785228555,67.77100372314453,20885600
2013-07-29,67.63614790368351,67.92388449417837,67.46530194488982,67.6451416015625,20958400
2013-07-30,67.8878930391734,68.29252012116308,67.75301505845049,68.0047836303711,24104600
2013-07-31,68.1396775957982,68.52632423914412,68.00479958343462,68.13068389892578,25007600
2013-08-01,68.59827227097567,68.92197681403837,68.52633640358799,68.82306671142578,16880000
2013-08-02,68.83204100166381,69.2276744403775,68.6791756115222,69.2096939086914,18105300
2013-08-05,69.17370838021817,69.30858634416688,69.03883041626948,69.25463104248047,15462800
2013-08-06,69.16474608128036,69.22768824500287,68.56229867705338,68.8410415649414,23675400
2013-08-07,68.64319020881095,68.85000400152816,68.22058265009005,68.71512603759766,20281200
2013-08-08,69.09280005451016,69.21869122361468,68.60725021161988,69.05683898925781,19994000
2013-08-09,68.93992837537995,69.1827101107269,68.58025604979349,68.778076171875,18558500
2013-08-12,68.51734202356756,69.06584100162438,68.50835518536992,68.93995666503906,20515900
2013-08-13,69.02982325397112,69.4794118059605,68.53527996288894,69.32655334472656,23917000
2013-08-14,69.29963746889698,69.39854758241593,68.96693919068026,69.06584930419922,29921000
2013-08-15,68.292529805636,68.32849772960793,67.69907621054901,67.89689636230469,39406600
2013-08-16,67.90591041902762,68.22062816489536,67.75305182600677,67.86994934082031,23825000
2013-08-19,67.87893611195977,68.45440940525667,67.73507121872694,67.7530517578125,29586900
2013-08-20,67.87892058746593,68.36447735391845,67.82497212236494,68.04976654052734,18842800
2013-08-21,67.83394350495992,68.41840331177045,67.56418754783277,67.81595611572266,30705100
2013-08-22,68.11271808787508,68.52633905106143,68.07675015279163,68.48138427734375,17269500
2013-08-23,68.96693089999566,69.02987306828831,68.6971816902479,68.93995666503906,20697300
2013-08-26,68.99387850130802,69.48842190918836,68.83202630995955,68.97589111328125,27525500
2013-08-27,68.1576541414573,68.49933910623864,67.40234150854644,67.56419372558594,40068900
2013-08-28,67.48325864051709,68.1126800020755,67.48325864051709,67.82494354248047,20490400
2013-08-29,67.80697779799262,68.6432062777252,67.70806772530126,68.30152130126953,27287900
2013-08-30,68.37345464309466,68.37345464309466,67.61814201203624,67.86092376708984,26228500
2013-09-03,68.41838996771585,68.73310747637589,67.92384662300852,68.24755096435547,27241500
2013-09-04,68.4813477054009,69.09278169474129,68.27453390416399,68.97589111328125,27142900
2013-09-05,69.02085209597655,69.29060117232046,68.99387787436,69.09278106689453,17809700
2013-09-06,69.32657983311488,69.54238049967365,68.38244762930807,69.17372131347656,27715100
2013-09-09,69.47046312327764,70.09988469763276,69.44348889297395,69.98299407958984,25161900
2013-09-10,70.38761103257218,70.4235789544806,70.06390659557599,70.32466888427734,27619400
2013-09-11,69.85709755585042,70.23475043446139,69.76717432364637,70.18978881835938,28132900
2013-09-12,70.2077862105776,70.36064475081338,70.0009723512971,70.14484405517578,18332700
2013-09-13,70.2167630439488,70.26172466005083,69.81213593974839,70.18978881835938,16932500
2013-09-16,70.78324813468443,70.78324813468443,69.83910909248122,70.00096130371094,25704300
2013-09-17,70.1538187940343,70.55845274628169,70.11785773444626,70.46853637695312,27174300
2013-09-18,70.57644119201193,71.45763817469809,70.43257635698602,71.31376647949219,31714700
2013-09-19,71.53855233101771,71.65544978448382,71.35871959362565,71.48460388183594,26435700
2013-09-20,71.65412805447863,71.735300566058,71.20318953461212,71.23926544189453,26328900
2013-09-23,71.53689621528625,71.61806873787089,70.76128130549677,71.09497833251953,30319400
2013-09-24,71.24829579867458,71.47376508917671,70.86048834377983,71.09497833251953,21871300
2013-09-25,71.14911506031267,71.24832213526714,70.70719701419311,70.85149383544922,22746400
2013-09-26,71.1401041397832,71.57300842462992,71.11304891212657,71.40164947509766,22421700
2013-09-27,70.98679350668989,71.43773236028146,70.8785657047468,71.31147003173828,25151600
2013-09-30,70.57189548773721,71.3294690822126,70.3464261730799,71.14007568359375,28031900
2013-10-01,71.14911869971216,71.8976787105573,71.11304277235799,71.86160278320312,33129700
2013-10-02,71.37459704903219,71.93376367207836,71.30244518526227,71.83455657958984,25503800
2013-10-03,71.74432532275733,71.8976427768013,70.61697895929966,70.99576568603516,42998200
2013-10-04,70.99580802036276,71.7082921726107,70.93267686159548,71.60908508300781,22852700
2013-10-07,70.97774091572244,71.56396253818322,70.95068569758664,71.0138168334961,20227100
2013-10-08,71.01384883088676,71.07697999524183,69.61594251137288,69.64299774169922,43660700
2013-10-09,69.80533882025763,69.84141475574161,68.85836443595156,69.42655181884766,64526700
2013-10-10,70.17508643053726,71.05892941258136,70.15705190798829,70.89659118652344,48062700
2013-10-11,70.71619521723287,71.50984468358796,70.7071745185308,71.45573425292969,25214100
2013-10-14,71.01384871452684,71.96082305908203,70.95973825396283,71.96082305908203,31471900
2013-10-15,71.9066674051341,72.24937824128025,71.59100490148921,71.68119812011719,38684000
2013-10-16,72.01494862605985,72.52901875159579,71.96083815414521,72.4929428100586,46735900
2013-10-17,72.16822903101607,72.93483035230709,72.10509788605103,72.90776824951172,32193500
2013-10-18,73.57514080123134,74.11626572429036,73.36770602565741,74.0892105102539,39628200
2013-10-21,74.26058547555746,74.4409650929204,74.01708159309105,74.25157165527344,31176900
2013-10-22,74.54017423908783,74.76564360648932,73.8908213600469,74.35979461669922,43944800
2013-10-23,73.99903723121746,74.13431332527685,73.54809856894502,73.90884399414062,38021300
2013-10-24,73.95396354055823,74.38686781809497,73.84573575097903,74.2335433959961,23155100
2013-10-25,74.92798611724065,75.10835886917985,74.40489550352576,74.7656478881836,35824500
2013-10-28,74.77466995563948,74.90093226045877,74.44999349159575,74.78368377685547,28618400
2013-10-29,75.0362049259494,75.09032225464726,74.58526617788293,74.90994262695312,36878100
2013-10-30,75.17148934844809,75.29775164983272,74.47704669083271,74.83779907226562,33535500
2013-10-31,74.64839383938319,75.12639466985328,74.38685543281092,74.66643524169922,31309900
2013-11-01,74.9189611993196,75.00914757021393,74.31470494547062,74.6844711303711,30867800
2013-11-04,74.90992803698433,74.91894873680691,74.53114121377061,74.79268646240234,16834000
2013-11-05,74.50410463371412,75.05425048729698,74.28765594926861,74.87387084960938,27975600
2013-11-06,75.18950913377255,75.21656435046482,74.61230824174604,74.8558120727539,25576800
2013-11-07,74.86486112382325,74.97308203157647,73.38578241776938,73.44891357421875,52173200
2013-11-08,73.71948927207883,74.45902879110903,73.51206123180413,74.44099426269531,31470500
2013-11-11,74.3327442898789,74.53115844718653,74.08021968267994,74.32373046875,24822900
2013-11-12,74.09828317658233,74.54922207552225,74.06220723897336,74.44099426269531,20108500
2013-11-13,73.95394253113426,75.35185517275352,73.95394253113426,75.34283447265625,31345900
2013-11-14,75.14441217674151,75.63142671731795,74.98207399654936,75.57731628417969,31101200
2013-11-15,75.59534876184863,75.72161102294922,75.40595537019773,75.72161102294922,20511300
2013-11-18,75.70359085102783,75.85690835701959,74.83778937623028,74.98208618164062,31679600
2013-11-19,74.936999938292,75.29775232294983,74.63938558567027,74.7656478881836,25545300
2013-11-20,74.9640752270046,75.24365510591124,74.36883265552261,74.58528137207031,32177400
2013-11-21,74.90091649878319,75.40596561178097,74.83778535965847,75.34283447265625,28125000
2013-11-22,75.46908512302062,75.77572007130223,75.41497469233022,75.74866485595703,25361300
2013-11-25,76.01926353204702,76.10042921306157,75.73968367862352,75.9290771484375,21695100
2013-11-26,75.94708750950024,76.5152677381698,75.78474931834067,76.32587432861328,26621000
2013-11-27,76.47920721829142,76.87602860027037,76.4160760747417,76.85799407958984,21638100
2013-11-29,77.16463062476528,77.4171552039652,77.08346495892762,77.31795501708984,16708900
2013-12-02,77.40813157511505,77.5253731489506,76.97522743649986,77.09247589111328,26354600
2013-12-03,77.03837173068301,77.23678587473638,76.7317366940762,77.02935791015625,37147000
2013-12-04,76.70468006479055,77.35402605054456,76.46116929945127,77.10150146484375,37193200
2013-12-05,77.1646499596736,77.25484322979764,76.8129182246873,77.00231170654297,39829300
2013-12-06,77.65164877316741,77.72380062213796,77.19168933695398,77.56146240234375,36842900
2013-12-09,77.87712097167969,78.03945919737536,77.74183797013674,77.87712097167969,22590000
2013-12-10,77.75086145149105,77.96731013323055,77.66969577613105,77.82301330566406,26965900
2013-12-11,77.81398613188645,77.92221390414464,76.7136945299879,76.8219223022461,36830600
2013-12-12,76.84899694879682,77.03839043753386,76.56941706743936,76.62352752685547,33662600
2013-12-13,76.98427439438883,77.02035032497652,76.3980525637043,76.5243148803711,34072000
2013-12-16,76.90309215398294,77.3901068344674,76.8489817053,76.94818878173828,24902500
2013-12-17,76.9481630549158,77.1375564427637,76.6505419251075,76.79484558105469,24454900
2013-12-18,76.88504333981487,77.75986546173198,75.8027932826507,77.68771362304688,68387200
2013-12-19,77.56146933787248,77.57049003999518,77.12856508611804,77.47128295898438,44964100
2013-12-20,77.6178570654744,78.42307730882317,77.56357472630305,78.26022338867188,40475400
2013-12-23,78.9025740123663,79.08352661132812,78.66733908503387,79.08352661132812,28181800
2013-12-24,79.10162102041681,79.1740020623811,78.95685893648822,79.11971282958984,13852500
2013-12-26,79.26445845693412,79.44540412164153,79.11065395166936,79.38207244873047,15241100
2013-12-27,79.48162637073366,79.52686625629134,79.08354436890326,79.18305969238281,15827400
2013-12-30,79.06542205810547,79.1739936094604,78.83923650309255,79.06542205810547,18983700
2013-12-31,79.21022060733351,79.58116149902344,79.18307253001507,79.58116149902344,24890500
2014-01-02,79.21020471840072,79.23734588763634,78.73068541890176,78.95687103271484,29177500
2014-01-03,78.9568334401883,79.02921445877972,78.3687566463761,78.38684844970703,35723700
2014-01-06,78.40497468933614,78.49544754303005,77.80784143021097,78.09735870361328,32073100
2014-01-07,78.45926102690365,78.93877338833643,78.31449893149326,78.82115936279297,25860600
2014-01-08,78.83927554222387,79.2102233493936,78.66737222644875,78.99308013916016,27197400
2014-01-09,79.28256811873494,79.29161747479884,78.4592561854611,78.73067474365234,23674700
2014-01-10,78.92070759467985,79.07451219477903,78.33262346782183,78.98403930664062,38008900
2014-01-13,78.87542599959171,79.1468514231492,77.51831268707474,77.81687927246094,48842300
2014-01-14,78.07928106473729,79.3640137672147,78.07928106473729,79.3006820678711,37178900
2014-01-15,79.64447900074747,80.10589959591503,79.56305549123175,79.95209503173828,39835600
2014-01-16,79.88876171370246,80.07875680135493,79.76209832193415,79.96113586425781,31630100
2014-01-17,79.71685233124984,79.95208728478653,79.31876347182414,79.50875854492188,36895800
2014-01-21,80.01544509884349,80.15115097919167,79.44545279082557,80.1149673461914,26412700
2014-01-22,80.32303619384766,80.52208064368098,80.08780121653216,80.32303619384766,29376900
2014-01-23,80.07875402234991,80.08779647670731,79.49067006518433,80.0516128540039,35011900
2014-01-24,79.66254224827287,79.78015623275485,78.45018428169837,78.47732543945312,63974600
2014-01-27,78.47735704270237,78.61306978876257,77.12929274448146,77.71737670898438,63519300
2014-01-28,77.35545314205311,77.75354189338165,77.18354992622764,77.67211151123047,44378800
2014-01-29,77.00260606274826,77.57259114062002,76.68594768615283,76.83975219726562,51939300
2014-01-30,77.78071098562567,78.5316488898031,77.69928057423142,78.26022338867188,65833600
2014-01-31,77.39164324060576,78.42304872475236,77.31021285889172,78.0521011352539,45187000
2014-02-03,77.90734979337616,78.26019869191502,76.06167491498472,76.2607192993164,65596900
2014-02-04,76.64979773897069,77.12931023483547,76.41456271929867,76.82170104980469,37675500
2014-02-05,76.5683227787697,76.89403049268361,75.76310284788097,76.62261199951172,41721800
2014-02-06,76.84881581526483,77.69926891273707,76.83071710316591,77.59974670410156,32308600
2014-02-07,78.03405672459006,79.0383216589959,77.80787105292458,78.98403930664062,38359400
2014-02-10,78.95683650103844,79.47253919888486,78.90255418630748,79.43635559082031,30205400
2014-02-11,79.60827191251275,80.49492239106753,79.51779906432616,80.34111785888672,38635500
2014-02-12,80.50397580870275,80.67587215813998,80.25064215730748,80.49492645263672,32507200
2014-02-13,79.90683845867994,81.15538032896205,79.88874665011173,81.09204864501953,40454500
2014-02-14,81.06491825300344,81.43586595298503,80.82064084037508,81.25491333007812,33212400
2014-02-18,81.39063136402578,81.80681206981866,81.1915869172037,81.65300750732422,29546600
2014-02-19,81.49918681548073,81.68918186730828,80.92919475736223,81.09204864501953,41749900
2014-02-20,81.14633052324108,81.62584278716186,80.80252406787507,81.47203826904297,41814800
2014-02-21,81.73442038748719,81.85204131038917,81.2639574037883,81.36347961425781,31192200
2014-02-24,81.55347570730157,82.16870078767226,81.46300285190749,81.79776000976562,31500400
2014-02-25,81.91539210449946,82.07824604119381,81.44492210843225,81.7072982788086,26771700
2014-02-26,81.92442022175564,82.18678942146789,81.30919516516121,81.63490295410156,42953700
2014-02-27,81.6467148463459,82.24631990071248,81.51952568538059,82.16455841064453,28742400
2014-02-28,82.14638144933099,82.63697116497126,81.34690576344822,82.07369995117188,48609800
2014-03-03,81.30146645608627,81.68304080115522,80.73820225420653,81.46499633789062,38885700
2014-03-04,82.35533821130717,82.65514418978916,82.27356979386249,82.50069427490234,33189000
2014-03-05,82.63695007804205,82.87316142113922,82.46433329678402,82.72779846191406,27203300
2014-03-06,82.91858672739855,82.98218129275033,82.35532255750795,82.6551284790039,24063900
2014-03-07,82.91860151768923,83.00036993417679,81.82840679397444,82.2463150024414,31167800
2014-03-10,82.2008980052733,82.36442791439923,81.79206976681384,82.31900024414062,18131700
2014-03-11,82.51885245701007,82.72780305839659,81.71936999942604,81.96466827392578,27484300
2014-03-12,81.59222404290934,82.31902540142679,81.29242489396547,82.27359771728516,27977200
2014-03-13,82.58247180953555,82.60972564126293,80.73822192889118,81.11070251464844,48542000
2014-03-14,80.8472223328119,81.20153594244739,80.52016254987318,80.55650329589844,38732300
2014-03-17,81.07436820898634,81.68306720155786,81.02894746292546,81.26515197753906,28467200
2014-03-18,81.36507091731559,82.34625032743232,81.33781708891608,82.2463150024414,31250200
2014-03-19,82.27358631478009,82.36444167047149,81.26515286196192,81.8011703491211,40869400
2014-03-20,81.54677176803943,82.27356591432213,81.3832418721503,82.02827453613281,31634500
2014-03-21,82.49811000110427,82.54364153900474,80.88639498763231,81.04119110107422,62754000
2014-03-24,81.3326024127948,81.39634241914955,79.59340684103515,80.33097076416016,77735300
2014-03-25,80.7498126030596,81.26884021224387,79.92118579960274,80.59501647949219,41723300
2014-03-26,80.99566465604858,81.17778387196451,79.54785336199008,79.55696105957031,40930400
2014-03-27,79.44769416735052,79.80281797519285,78.67370655915927,79.11077880859375,64784500
2014-03-28,79.3657430580819,80.13973064025755,79.04703615912318,79.26557922363281,39895100
2014-03-31,79.88478603975366,80.36738990918705,79.78462218604417,79.83014678955078,33924300
2014-04-01,80.22167519932913,81.28704653552174,79.86655142059826,81.23241424560547,38683800
2014-04-02,81.5784447626311,81.66040015914542,81.07763247312342,81.44186401367188,34631600
2014-04-03,81.52381288824574,81.66040058505615,80.33096136018841,80.79535675048828,30319100
2014-04-04,81.33259512509743,81.41455052428984,78.43696505118089,78.64640045166016,131213200
2014-04-07,78.15470217234298,78.88315845383194,77.35339123142286,77.89974212646484,83995800
2014-04-08,77.9907948332382,78.72835878282694,77.71761939783649,78.61908721923828,51495700
2014-04-09,78.91047945767157,80.01227502499427,78.70104402719005,79.96674346923828,45685200
2014-04-10,80.02136591837443,80.02136591837443,77.27143118919827,77.4899673461914,73659600
2014-04-11,76.7979141372949,77.79955248157285,76.4063734445254,76.58848571777344,93657400
2014-04-14,77.26230080498885,77.59921611458444,76.47920561295155,77.189453125,46500700
2014-04-15,77.4717665323428,77.89063043585003,75.8327278254538,77.44445037841797,84631500
2014-04-16,78.118257224868,78.47338104248047,77.4808503351274,78.47338104248047,46970900
2014-04-17,78.17286962883846,78.88311708333326,77.97254199867088,78.49156951904297,53719500
2014-04-21,78.67373044153811,79.07437896728516,78.30949882501696,79.07437896728516,25947900
2014-04-22,79.34753577472107,79.90298729631269,79.21094808222273,79.7026596069336,38593400
2014-04-23,79.70268899127043,79.73000515041315,78.95601720375787,79.00154876708984,34376700
2014-04-24,80.30367521009744,80.32188366780967,78.9013877634458,79.75732421875,48926300
2014-04-25,79.28380204263999,79.3748581957877,78.29127816319337,78.48249816894531,44334000
2014-04-28,78.85584486014267,79.32024035715817,77.49908917356531,78.73747253417969,58623800
2014-04-29,78.97421307568705,79.51144926499852,78.59176610085406,79.36576080322266,36742700
2014-04-30,79.00152765300237,79.65714308577124,78.80119994330751,79.57518768310547,38689400
2014-05-01,79.70267911342414,80.26723847192328,79.5023513750167,79.81195068359375,37127200
2014-05-02,80.08512372093804,80.23081915607686,79.47503971736083,79.666259765625,40074200
2014-05-05,79.19274586938033,80.10332129490452,79.00152586367695,80.0851058959961,27924400
2014-05-06,79.95761046714541,80.00314200849357,79.0106113736342,79.04703521728516,33698500
2014-05-07,79.21095230293551,79.29290770165692,77.88151304919965,78.81940460205078,67489100
2014-05-08,78.53713897451519,79.70267453413082,78.35502664850272,78.74657440185547,46556900
2014-05-09,78.70103320469875,79.0925809100809,78.17289779797137,79.03794860839844,35081500
2014-05-12,79.51144566223991,80.36738878298497,79.43859796108306,80.34007263183594,38951100
2014-05-13,80.41292280932221,80.68609824710383,80.2399181827245,80.39471435546875,30311900
2014-05-14,80.14884230656244,80.44933385083431,79.7846177103844,79.97583770751953,26483600
2014-05-15,79.95762567521426,80.09421337810006,78.83762179525678,79.34754180908203,59680300
2014-05-16,79.43860554719515,79.91210870279342,78.89226163062317,79.8665771484375,66804100
2014-05-19,79.62980174209676,80.54948467718853,79.49322101417924,80.42200469970703,32017000
2014-05-20,80.38561343965492,80.67699735588329,79.80284560719818,80.13065338134766,33716000
2014-05-21,80.2763459793033,80.94106225826287,80.23081442172402,80.8955307006836,36837700
2014-05-22,80.98658839535277,81.47830000630913,80.85910837923147,81.25065612792969,30617100
2014-05-23,81.33259403974326,81.86072943639185,81.15048173951772,81.84251403808594,22687300
2014-05-27,82.2067578579427,82.88058180593602,82.13391014812181,82.86237335205078,29725200
2014-05-28,82.83508108226306,82.95345343449843,82.54369710610202,82.60743713378906,30468100
2014-05-29,82.89879225403938,83.14464457607107,82.73488839030506,83.13554382324219,33036100
2014-05-30,83.15376102123881,83.27213334471952,82.70758093581422,83.1446533203125,29906400
2014-06-02,83.24481833183656,83.26303373393921,82.5345704869216,83.06270599365234,30409900
2014-06-03,82.78953166359307,83.16287099322349,82.6802670380548,83.02628326416016,21774500
2014-06-04,82.81684106505521,83.47245655337183,82.68936104756476,83.33586883544922,20118300
2014-06-05,83.4087184735752,84.19181399749252,83.12644227790969,84.03701782226562,35583100
2014-06-06,84.3466112240654,84.51962280273438,84.18270734615274,84.51962280273438,22680600
2014-06-09,84.53782767333803,84.66531463710132,84.2282353321497,84.45587921142578,23399500
2014-06-10,84.3830194052854,84.64708710104472,84.28285555699259,84.6015625,20626000
2014-06-11,84.31017572740363,84.70172344018145,84.22822727333208,84.5833511352539,22878200
2014-06-12,84.4012492365976,84.49230540139712,83.52709754966995,83.8184814453125,35275900
2014-06-13,84.1827033703683,84.2737664793503,83.70009946017906,84.0643310546875,39447100
2014-06-16,83.91864034166515,84.38302883878698,83.73652107570983,84.13717651367188,25212300
2014-06-17,84.07342887892595,84.41033733287934,83.93684117863774,84.18269348144531,19977900
2014-06-18,84.26464889183342,84.77456889602988,83.75472888763696,84.65619659423828,34514000
2014-06-19,84.78367479845663,84.83830709856585,84.21911555781888,84.6015625,38422200
2014-06-20,84.63715378913922,84.79237285464974,84.48194168943516,84.70106506347656,25897500
2014-06-23,84.69193265588933,84.74671175329036,84.46367712897724,84.71932220458984,20837900
2014-06-24,84.71021997989953,85.43150853582885,84.39066352241397,84.63717651367188,31945800
2014-06-25,84.44545199118328,85.32195278555913,84.43632678125049,85.17587280273438,32818600
2014-06-26,85.23064401571469,85.23977619060908,84.56414153040268,85.22151184082031,22563900
2014-06-27,85.11193216433377,85.61409020408801,85.08454261235893,85.59583282470703,22877800
2014-06-30,85.57758380687261,85.95191933011512,85.52279773176325,85.74192810058594,19751900
2014-07-01,86.0432302898159,86.9106057620452,86.0067085573823,86.6823501586914,31862500
2014-07-02,86.73710646342901,86.95622983459505,86.65493781141913,86.82840728759766,18777300
2014-07-03,87.1114580044939,87.37622833251953,86.87407026419436,87.37622833251953,15291700
2014-07-07,87.27582572071712,87.38539093881462,86.94714399804367,87.11148834228516,23266400
2014-07-08,86.947125757774,87.01103704680416,85.70541474306704,86.06149291992188,40612400
2014-07-09,86.28973481475826,86.80102504579978,86.04321490635827,86.70059204101562,29919000
2014-07-10,85.58671849812342,86.78278258827173,85.48628547606955,86.42670440673828,44245300
2014-07-11,86.64582874204746,86.983642578125,86.38105140529508,86.983642578125,19566300
2014-07-14,87.3762362659252,87.70492486978135,87.23015631188233,87.50405883789062,19579000
2014-07-15,87.64102091243461,87.76884349508869,86.58191851818532,87.20277404785156,39467500
2014-07-16,87.83275549004611,87.92406330622335,87.4584199137913,87.54972076416016,22052600
2014-07-17,87.31233010906634,87.62276134908117,86.11627298721046,86.39018249511719,43111500
2014-07-18,86.83755013106385,87.80535152463435,86.7371171223944,87.75970458984375,36682200
2014-07-21,87.5771106468807,87.79624104754717,87.23929680268459,87.65015411376953,29750700
2014-07-22,88.06100536143738,88.3440470346907,87.96970451701704,88.20709228515625,25770400
2014-07-23,88.51749552721492,88.87357361195433,88.35315125996547,88.77314758300781,28947500
2014-07-24,88.92836697375222,89.02879997674434,88.54489930731334,88.67272186279297,24707200
2014-07-25,88.21623978864883,88.44449542226754,87.86016155746837,88.32579803466797,29898900
2014-07-28,88.41712176453063,88.58146614187706,87.66844337124384,88.35321044921875,25603400
2014-07-29,88.54488988177931,88.74574890057542,88.12489356898956,88.19793701171875,27022200
2014-07-30,88.69101713139693,88.85536148233692,88.197984078577,88.54493713378906,35348500
2014-07-31,87.8144879694284,87.96056791999415,86.62755615422165,86.75537872314453,50047900
2014-08-01,86.57277627463493,87.04754481701669,85.86061997815857,86.43582153320312,60708000
2014-08-04,86.61843197857239,87.36711001938905,86.29886858664928,87.02928924560547,33230500
2014-08-05,86.6823334362593,86.92884637536942,85.96104503291262,86.3627700805664,50331100
2014-08-06,85.82408255760689,86.83753770677505,85.75103911342394,86.2988510131836,34431900
2014-08-07,86.70060562889331,86.864949938314,85.72367194672819,86.02497100830078,33274700
2014-08-08,86.16190472313296,86.74623835488916,85.79669446183375,86.64580535888672,40236900
2014-08-11,86.98365848979232,87.43104457121721,86.91974718756154,87.15713500976562,28277500
2014-08-12,87.06578822470217,87.34882284733166,86.67318844211653,87.12056732177734,28152300
2014-08-13,87.47667870029537,88.079276860848,87.43103175728315,88.04275512695312,27996500
2014-08-14,88.16143155873019,88.51750970048421,88.04274116674797,88.49925231933594,25006600
2014-08-15,89.0105515456889,89.13837412402232,88.08840393997033,88.92838287353516,55205500
2014-08-18,89.39401289933586,89.69530495138928,89.26618337428022,89.6131362915039,38938300
2014-08-19,89.82312856191038,90.17008148319475,89.76834945467901,90.11529541015625,21363400
2014-08-20,90.04225892245013,90.29790404393937,89.96008329579594,90.11529541015625,23435600
2014-08-21,90.16095785079727,90.34355953607071,90.0240031039383,90.29791259765625,19339500
2014-08-22,90.33445770443772,90.61749247959705,90.13359161917256,90.43489074707031,24692000
2014-08-25,90.86399091380954,91.01007784900334,90.53530924124044,90.75443267822266,24124700
2014-08-26,90.89137228487772,90.94615139353824,90.63572019091153,90.84571838378906,20100400
2014-08-27,90.873145849064,90.97357890071237,90.67227974576726,90.864013671875,15589100
2014-08-28,90.55357444684343,90.87313093792112,90.46227358736539,90.7635726928711,23563900
2014-08-29,90.96443225112107,91.22008441106745,90.63574358271337,91.10138702392578,17906300
2014-09-02,91.32051887346039,91.39356235444362,90.99183714065532,91.36617279052734,18326800
2014-09-03,91.61266170552662,91.61266170552662,90.66312456604273,90.82746887207031,25950700
2014-09-04,91.03746719687062,91.50311059446088,90.51704468161391,90.74530029296875,24663500
2014-09-05,90.88223346911411,91.25656896061388,90.41659018211054,91.20178985595703,30798200
2014-09-08,91.22920297908719,91.60354553311228,90.95530041922824,91.37528991699219,25571300
2014-09-09,91.38439753716366,91.72221829169091,90.44398569428276,90.61746215820312,36449200
2014-09-10,90.73618495721401,91.40269453101897,90.48053973958243,91.36617279052734,31080100
2014-09-11,90.9735572410655,91.33876761776126,90.60834686436976,91.2931137084961,28691900
2014-09-12,91.21093659753203,91.2383261542353,90.54442719925132,90.82746887207031,30444400
2014-09-15,90.92789959350445,90.93703176814374,89.67706333444313,89.95096588134766,32972200
2014-09-16,89.61314666833759,90.90963675702002,89.5218458248459,90.73616027832031,38166900
2014-09-17,90.71786532634049,91.30219884166273,90.32526559268914,90.87307739257812,37196500
2014-09-18,91.15615213537957,91.56701639064099,91.05572608095535,91.5578842163086,30196700
2014-09-19,91.94043383613183,92.0319518848819,91.13506523179987,91.50114440917969,46918000
2014-09-22,91.28148855051656,91.29064244968798,90.2564752794533,90.65000915527344,48658000
2014-09-23,90.28395079686042,90.805611451759,90.21988745265817,90.40292358398438,33989600
2014-09-24,90.49443046733667,91.41877887578902,90.18326768605606,91.37301635742188,35959000
2014-09-25,91.08014043905612,91.199120175629,89.41448696844603,89.45109558105469,68642500
2014-09-26,89.74398233940073,90.56765889513028,89.58840092953538,90.40292358398438,56106200
2014-09-29,89.50599895559391,90.53101202983893,89.46023645090317,90.2839126586914,33342700
2014-09-30,90.53102108861538,90.87879940135775,89.98190588926991,90.41204833984375,41834300
2014-10-01,90.15580473949308,90.24732278549455,88.68234115701758,88.96604919433594,58164900
2014-10-02,88.92944057945948,89.24061031471969,87.83121006268314,88.96604919433594,54501300
2014-10-03,89.48774773809876,90.21075247857894,89.17658485308269,89.84467315673828,41627800
2014-10-06,90.12834793209798,90.34799263387954,89.37788880049675,89.6524429321289,36038700
2014-10-07,89.23147181741786,89.48772518340493,88.3711866752779,88.38034057617188,45154000
2014-10-08,88.42608308316498,90.38459848833732,87.91356948481686,90.10088348388672,64931600
2014-10-09,89.98194301239069,90.21074168837646,88.50847898045177,88.64575958251953,62497100
2014-10-10,88.1240698570834,88.61827567233276,86.41265381070387,86.43096160888672,77579400
2014-10-13,86.27536409770359,86.9343051147713,85.00324457178945,85.07646179199219,80835900
2014-10-14,85.60728522481438,86.1838551845785,84.84767219517177,85.08562469482422,71814500
2014-10-15,83.80434079898434,84.89342423770438,82.58713071834174,84.5364990234375,108847800
2014-10-16,82.75185770465671,84.72868052381268,82.72440299589805,84.00567626953125,93165800
2014-10-17,85.11307525634766,85.92759767601703,84.61886946536083,85.11307525634766,69546700
2014-10-20,85.10391188717291,86.45840245792999,84.93002972659738,86.38518524169922,41479300
2014-10-21,87.45598244856811,88.65489196777344,87.23633772799711,88.65489196777344,53609800
2014-10-22,88.92942447217523,89.04840419456842,88.14235685083688,88.19727325439453,39178000
2014-10-23,89.0850260932255,90.01852835998089,88.92944470955948,89.52432250976562,48123800
2014-10-24,89.71651659423918,90.32054832168218,89.35959129434285,90.25648498535156,43157600
2014-10-27,90.08259648202295,90.48528430339259,89.70736337895033,90.32054901123047,29545700
2014-10-28,90.74151693556004,91.70246676848333,90.67745361336515,91.68416595458984,34495100
2014-10-29,91.38216678332981,91.62927320130969,90.69577092819857,91.3455581665039,40552800
2014-10-30,90.93371792971234,91.7573943023759,90.73237404057465,91.5377426147461,35935800
2014-10-31,93.05696589758723,93.12102922562173,92.49869676083838,92.80071258544922,54254100
2014-11-03,92.96546036293616,93.32238566463316,92.82817978942654,93.07527923583984,33481000
2014-11-04,92.78238467389907,93.00203630729706,92.1325976354462,92.76408386230469,22773300
2014-11-05,93.3772636806045,93.3772636806045,92.45291557787863,92.77323913574219,25818600
2014-11-06,92.76408531036518,93.09355578322769,92.36139762522708,93.06610107421875,24671900
2014-11-07,93.23085578710608,93.26746440089163,92.49869747615345,92.98374938964844,20931700
2014-11-10,93.02951674883667,93.432197556697,92.78241033850605,93.31322479248047,20360000
2014-11-11,93.3315173728112,93.60607147216797,93.07525710474853,93.60607147216797,15454000
2014-11-12,93.23086684007156,93.87150020132091,93.23086684007156,93.77082824707031,22050300
2014-11-13,93.94471669513192,94.52128671569974,93.73421888816786,94.17351531982422,28027800
2014-11-14,94.14603776970726,94.46635437011719,93.8348680847532,94.46635437011719,19251300
2014-11-17,94.24672629523047,94.45721710583295,93.73421266194472,94.18266296386719,23361600
2014-11-18,94.2650195425969,95.01547864218456,94.2558656438859,94.8873519897461,26336800
2014-11-19,94.78670021415017,94.78670021415017,94.01794013598825,94.45722961425781,23760200
2014-11-20,94.0545430932072,94.96059074681091,93.98133283405556,94.87821960449219,22874000
2014-11-21,95.7201905916719,95.81171562871197,94.75924054417118,95.0612564086914,34049100
2014-11-24,95.3174993486452,95.84831378305527,95.2351282207778,95.80255126953125,17928300
2014-11-25,95.948974609375,96.23268961271397,95.70187520118061,95.948974609375,17526000
2014-11-26,96.04051966957495,96.62624363126788,95.93984770906081,96.57132720947266,18973800
2014-11-28,96.82755491749035,97.23938953905748,96.7634915989715,97.01974487304688,17360400
2014-12-01,96.75437740087884,96.93741353392666,95.56462158892526,95.92154693603516,35969500
2014-12-02,96.0221703750096,96.47976745874378,95.82082654098618,96.3058853149414,26031300
2014-12-03,96.4523426469278,96.61707792742797,95.875772656367,96.47979736328125,32974300
2014-12-04,96.38826611624576,96.80925466823831,96.0313408877656,96.43402862548828,31008800
2014-12-05,96.5896336372458,96.73606113439646,96.23270832136446,96.44319915771484,25622200
2014-12-08,96.19610188611095,96.61709055075274,95.25345259545864,95.75680541992188,32685800
2014-12-09,94.64026770032494,96.13203223906652,94.30164321771882,96.0588150024414,46035100
2014-12-10,95.88491189666851,96.12286438997953,94.37484675909445,94.5487289428711,39330100
2014-12-11,94.8232879616959,96.132016172527,94.8049801644094,94.99717712402344,47576000
2014-12-12,94.09112408038492,95.17105363748766,93.95385052080363,93.96299743652344,46889400
2014-12-15,94.44803717873891,94.79581543805395,92.72747462314311,92.99288177490234,52968400
2014-12-16,92.40718496185059,93.77997664024026,91.48283661000194,91.50114440917969,65348600
2014-12-17,91.56522609887836,93.43221701129555,91.44624632750816,93.16681671142578,79715300
2014-12-18,94.5029713812829,95.41816573946824,94.24671807817163,95.40901184082031,49840900
2014-12-19,95.50731671170259,96.21463913541001,95.26847756503402,95.82882690429688,51419900
2014-12-22,95.67267246301732,96.0952297467165,95.6267394287121,96.06767272949219,33869200
2014-12-23,96.41672127500486,96.42590928176458,95.61753288840646,95.72776794433594,30156900
2014-12-24,95.84717043913217,96.17786855174104,95.78286841770236,95.81043243408203,14291300
2014-12-26,96.08604608171348,96.69232852164326,96.05848906324347,96.490234375,13924300
2014-12-29,96.39835687238612,96.68312201997199,96.34323583759179,96.47183990478516,17073800
2014-12-30,96.19627012800315,96.41673325886829,95.70022282725915,95.82882690429688,18604000
2014-12-31,95.99416467698954,96.3707958641541,94.70811704997273,94.84590911865234,24367100
2015-01-02,95.3144126979925,95.71859394542538,94.10185493890039,94.5611572265625,31314600
2015-01-05,94.1477678489708,94.2580029056781,92.90765324669557,93.1740493774414,36521300
2015-01-06,93.31183828321,93.46799935195509,91.51137446839601,91.92474365234375,66205500
2015-01-07,92.53100780630065,93.33018900651034,92.31053774354461,93.10972595214844,37577400
2015-01-08,93.89975118149961,95.07556379599073,93.79870412790466,94.891845703125,40212600
2015-01-09,95.18582426983038,95.21338129027792,93.71605110091471,94.26721954345703,41410100
2015-01-12,94.45093426374336,94.55198134065569,93.04547020465087,93.28430938720703,34129800
2015-01-13,94.19370967453457,95.18580425239728,92.50347368909482,93.25672912597656,56162300
2015-01-14,92.31973715163777,93.21997249810376,91.92473700090193,92.74229431152344,51354200
2015-01-15,93.17403979776607,93.32101284986905,91.42869012552494,91.53892517089844,51005400
2015-01-16,91.4195122719191,92.73311692281891,91.27253920349455,92.61370086669922,35362200
2015-01-20,93.17405756250714,93.58742679678025,92.12684896117871,93.34859466552734,30964100
2015-01-21,93.07304585591424,94.26723499935602,92.74234753952726,93.82630157470703,40128800
2015-01-22,94.19372002237502,95.66348603526734,93.36697444999896,95.56243896484375,40887200
2015-01-23,95.55324963242018,96.06767298610389,95.27767245104394,95.77371978759766,34783000
2015-01-26,95.6634750366211,95.83801213972166,95.17661575786306,95.6634750366211,19960900
2015-01-27,94.15696132595023,94.21207535330792,92.87091362323363,93.18324279785156,45253200
2015-01-28,94.6805675244351,94.78161458223036,92.68719739955827,92.70556640625,43591700
2015-01-29,92.63206595331418,93.77114047529614,91.82369659018758,93.59660339355469,46539700
2015-01-30,93.51392261502431,94.23043286355443,92.74229134156472,92.87089538574219,42927600
2015-02-02,93.08221160138004,93.76197708539542,91.63081456090622,93.67930603027344,43624700
2015-02-03,94.01917944172293,94.64383085028072,93.40371604151952,94.57952880859375,30750400
2015-02-04,94.19369267800047,95.12148505146251,93.98241058979609,94.49683380126953,34073200
2015-02-05,94.73568201328462,95.37870938496079,94.49684988315002,95.31440734863281,23605500
2015-02-06,95.46136264729127,95.69101373545838,94.39578524256127,94.73566436767578,34169300
2015-02-09,94.36823123776195,94.88264744894755,94.20288216868154,94.43253326416016,22604700
2015-02-10,94.95616680697772,96.03093258372434,94.8091866964496,95.90232849121094,23686500
2015-02-11,96.01254939223979,96.4718516907278,95.82883127620335,96.25138854980469,20303600
2015-02-12,96.87603066608865,97.4088229632575,96.72905758903296,97.37207794189453,22520300
2015-02-13,97.64765093606553,98.22636918748914,97.46392585025178,98.20800018310547,29030200
2015-02-17,98.20801430013722,98.36417538922991,97.95998715073455,98.29987335205078,17675300
2015-02-18,98.18044507380367,98.49277424383317,98.05184100626094,98.43766021728516,15149600
2015-02-19,98.37336925831022,98.98883970428291,98.34581223997063,98.9245376586914,19828100
2015-02-20,98.86023138233102,99.64104390492602,98.5479021682548,99.58592987060547,28336700
2015-02-23,99.53079722834805,99.71452233533323,99.31033410836206,99.68695831298828,17868000
2015-02-24,99.55833530727494,99.87985243125054,99.25520120309594,99.76042938232422,19745000
2015-02-25,99.61348297763858,99.99929521953224,99.29196576766375,99.51243591308594,19472300
2015-02-26,99.61348080733205,100.07278308769283,99.33789663575695,100.01766204833984,22255500
2015-02-27,99.98093301463197,100.04524207222804,99.42059059070239,99.57675170898438,27757600
2015-03-02,99.76965198773061,100.5137195144562,99.75127596995618,100.47697448730469,22988600
2015-03-03,100.17381770865941,100.27486475846068,99.37462931706646,100.00846862792969,20788900
2015-03-04,99.67776354576982,99.82473660266083,99.08066929523608,99.62264251708984,21007400
2015-03-05,99.8798505793716,100.10031365334005,99.38380340664654,99.79717254638672,15381000
2015-03-06,99.6685804553401,99.86148654424619,98.4192778723711,98.66730499267578,30990400
2015-03-09,98.8694093450059,99.20010755756365,98.46522809174397,98.95208740234375,26237100
2015-03-10,98.24477092072354,98.27233494907473,97.1148910522461,97.1148910522461,34234500
2015-03-11,97.26183435005672,97.38125741111465,96.51776700578455,96.55451202392578,25459700
2015-03-12,96.48102513458981,97.29858254181094,96.41672310284419,97.1883544921875,21473200
2015-03-13,97.09649102113394,97.48231023026123,96.15951753244424,96.76579284667969,42021100
2015-03-16,97.1240732027663,98.05185885775363,97.02302613010077,98.0151138305664,25674100
2015-03-17,97.74871501939907,98.32743337169705,97.51906387839877,98.17127227783203,19603800
2015-03-18,97.9048764664841,99.58592450668635,97.39964115110199,99.13580322265625,40622200
2015-03-19,99.23682759889364,99.55833772227325,99.08985454608941,99.28276062011719,31314000
2015-03-20,100.10037644542828,100.42262606483112,99.90702667378659,99.9254379272461,31761400
2015-03-23,99.8701951656554,100.14640610917021,99.6952566509357,99.73208618164062,17268500
2015-03-24,99.7228710826466,100.18322965217155,99.3545898466381,99.37300109863281,22445300
2015-03-25,99.52950046421229,99.62157075391576,97.06197876779027,97.09880828857422,41581400
2015-03-26,96.29783478227564,97.31983171435829,95.97558507948307,96.76740264892578,47846300
2015-03-27,96.74897242977208,97.38426256948236,96.60165429478603,97.15408325195312,33878400
2015-03-30,97.74335698129033,98.35102677788537,97.74335698129033,98.2681655883789,30570200
2015-03-31,97.99195747646432,98.19451643730332,97.2001399156482,97.2277603149414,30488100
2015-04-01,97.22771122787826,97.24612950111936,96.09523328150784,96.72132110595703,32970500
2015-04-02,96.81343277508277,97.0988529116861,96.47276481965721,96.78581237792969,19164200
2015-04-06,96.21495678032362,97.84462329241886,96.06763864219398,97.57762145996094,24451100
2015-04-07,97.5223544210718,98.24051264159276,97.41187286376953,97.41187286376953,19379400
2015-04-08,97.44870328988777,98.32338882856267,97.4395011757071,98.1852798461914,25866900
2015-04-09,98.13923707296902,98.83898406974203,97.80778536346007,98.80215454101562,23114700
2015-04-10,98.76535843842795,99.21651504963006,98.54438821579872,99.20730590820312,17164300
2015-04-13,99.28094409495932,99.78733437459304,98.84820585768934,98.95869445800781,17783500
2015-04-14,98.85738827904909,99.14280830542079,98.11160272136406,98.6732406616211,23755700
2015-04-15,98.93107430665036,99.50192158012194,98.8113835825664,99.29015350341797,21128600
2015-04-16,99.02313872680402,99.32697006741597,98.88502974042686,99.15203857421875,16195300
2015-04-17,98.20369982305876,98.47070162921194,97.18170317014564,97.60523223876953,46514000
2015-04-20,98.09321767296098,99.24411424736986,98.05638813963806,99.06917572021484,28945900
2015-04-21,99.63999387154914,99.81493234765105,99.37298510126683,99.49267578125,22759800
2015-04-22,99.75050731314155,100.20166384056934,99.10600802326675,100.03593444824219,21429200
2015-04-23,99.69526329553561,100.86457814367779,99.67685204121342,100.41342163085938,29473200
2015-04-24,101.47225413039976,101.91420153102426,101.30652473323003,101.77609252929688,32508100
2015-04-27,102.15356244092537,102.34691921918696,101.29729523175031,101.51827239990234,31121300
2015-04-28,101.59195349511363,101.78531032869122,100.45947503853762,101.31574249267578,36849200
2015-04-29,100.75407898047125,101.3433374002123,100.12799103143206,100.680419921875,34043900
2015-04-30,100.10956559110934,100.51467630694586,98.57196281501439,99.09677124023438,44080500
2015-05-01,99.48348819697944,100.4686552400551,99.46506992074576,100.40420532226562,32874300
2015-05-04,100.72645124999947,101.19601893369153,100.51468322809477,100.56993103027344,23507300
2015-05-05,100.17404236166777,100.35818300692021,98.88503677135472,98.93106842041016,47843300
2015-05-06,99.10598486861923,99.39140491252027,97.5960094355399,98.24971771240234,42687200
2015-05-07,98.2220952608673,99.11519192407042,98.14843621091963,98.83897399902344,29335800
2015-05-08,99.86099347442638,100.28452257234744,99.71368236513504,100.07276153564453,33023300
2015-05-11,100.13719158307931,100.33975046459227,99.6123831284839,99.68603515625,19679300
2015-05-12,99.0967924395117,99.74129871199116,98.33260248107239,99.23490142822266,33665000
2015-05-13,99.66763351581714,100.18323288246542,99.29013610486787,99.43745422363281,20738400
2015-05-14,100.24767521246204,100.97504256362944,99.87939399246528,100.89218139648438,23904200
2015-05-15,101.1499810602877,101.28809003004349,100.64358384602116,100.89218139648438,23937400
2015-05-18,100.72645207129293,101.53668058987577,100.6527930174634,101.33412170410156,17631100
2015-05-19,101.44463351765923,101.6011537745077,101.05793393326339,101.22366333007812,14212900
2015-05-20,101.29729568055598,101.89576322071943,100.75407594493241,101.28809356689453,21131900
2015-05-21,101.11315735549954,101.95101333561828,100.96584626392143,101.81290435791016,16771800
2015-05-22,101.69322875291627,102.0799353795189,101.62877881923517,101.7116470336914,13543800
2015-05-26,101.49064951081844,101.62875145686996,100.13719424340125,100.54230499267578,25488400
2015-05-27,100.84614733958598,102.27326171808008,100.62517719258857,102.16277313232422,30572700
2015-05-28,101.96943146021623,102.2088199027432,101.61956144768826,101.93260192871094,17302400
2015-05-29,101.86814804713197,102.00625702878257,101.08553985046467,101.3249282836914,30383000
2015-06-01,101.86814728053419,101.94180634012882,100.83694151975311,101.66558837890625,24570200
2015-06-02,101.28811248114322,101.84054145810146,100.79092429452614,101.34335327148438,19449600
2015-06-03,101.80370652664374,102.02467670081077,101.39858868690817,101.64718627929688,20507200
2015-06-04,101.07632292563456,101.7208291155178,100.55151445540135,100.87376403808594,31374600
2015-06-05,100.7541054060769,100.99349389704385,100.01752867595532,100.63441467285156,22641700
2015-06-08,100.58835422560837,100.66201328758389,99.40983733205907,99.61239624023438,24549200
2015-06-09,99.37300384378979,99.80574203501982,98.70087722292975,99.44666290283203,27554600
2015-06-10,99.78732194649456,101.10394774878633,99.67684038445134,100.80931854248047,30297900
2015-06-11,101.14998427548277,101.41699308562747,100.78169601926544,100.95663452148438,17593500
2015-06-12,100.4226199316182,100.63438796830074,99.9898817443428,100.12799072265625,27201800
2015-06-15,99.3822154195175,99.78732620515562,98.80215909597788,99.63080596923828,31238800
2015-06-16,99.52953544458063,100.33977113756501,99.48350379580717,100.17404174804688,16456900
2015-06-17,100.33975952498494,100.77249069104788,99.83336227547636,100.45024108886719,23296700
2015-06-18,100.81855154545379,102.08913898131046,100.7633107513562,101.9142074584961,43032400
2015-06-19,101.9640006017367,102.04705938309117,101.33647274521874,101.4103012084961,27877600
2015-06-22,102.15779876708984,102.46233590872515,101.92709009142733,102.15779876708984,19120900
2015-06-23,102.26856679496395,102.3331649585217,101.81637965005959,102.24088287353516,18127900
2015-06-24,102.12091625851063,102.55464275942973,101.68718271691979,101.7148666381836,15815900
2015-06-25,102.11168492420322,102.21319732827726,101.34573025370693,101.5118408203125,18326700
2015-06-26,101.49338425057431,101.72409297296174,100.4598066396369,100.83816528320312,32311700
2015-06-29,99.72153174223354,100.2752382853493,98.4111079436247,98.4572525024414,50874900
2015-06-30,99.1955112919088,99.40776639511196,98.50338518764354,98.80792236328125,34809900
2015-07-01,99.78611775345459,99.9891425224605,99.1309059339075,99.59232330322266,21293000
2015-07-02,99.87840237596112,99.96145411918761,99.3154726474149,99.62000274658203,20499400
2015-07-06,98.99247827030139,99.96145755190561,98.78023022543167,99.38929748535156,24311000
2015-07-07,99.50004688395809,99.73075558170801,97.66360762125655,99.63847351074219,44230800
2015-07-08,98.9278887667883,99.04786179805829,97.71897741930107,97.9035415649414,39691500
2015-07-09,99.20475883399422,99.29704092244957,97.83895998657003,97.84819030761719,28381000
2015-07-10,99.14937569794533,99.71230550357994,98.78947068000464,99.34317016601562,26415800
2015-07-13,100.20140547605523,101.17037780327924,100.19217515655666,101.08732604980469,25780700
2015-07-14,101.22573926974127,102.0286009429864,101.17036440075648,101.75175476074219,21977200
2015-07-15,101.94556948081767,102.2593299579123,101.57643412372238,101.86251068115234,28631500
2015-07-16,102.70229519882885,103.32059288203155,102.49927039761688,103.30213928222656,29838900
2015-07-17,104.13268766162437,104.82481384277344,103.9573538167233,104.82481384277344,35926800
2015-07-20,105.04628102131134,105.56306622701305,104.72329026774779,105.18470764160156,26539000
2015-07-21,105.22162253976303,105.38773308813937,104.81558000869822,105.1201171875,35468900
2015-07-22,103.5143998976567,104.43723489442426,103.5143998976567,103.92967987060547,35575000
2015-07-23,104.03116920600215,104.37261357303241,103.27444495814572,103.54206085205078,25698300
2015-07-24,104.09580142332442,104.28036562586205,102.37009726283821,102.5269775390625,30844700
2015-07-27,101.94556331033115,102.38852007949748,101.45646198406918,101.67794036865234,35994800
2015-07-28,102.13013850697462,102.75766653174578,101.31804631519437,102.55464172363281,33553500
2015-07-29,102.77609681890812,103.16368567955948,102.37927764043087,102.94220733642578,26714100
2015-07-30,102.7022571681629,103.60663107781731,102.08395971391589,103.4312973022461,25438100
2015-07-31,103.75432706574327,103.80969490618253,103.0991151380834,103.31136322021484,22081700
2015-08-03,103.32981659360098,103.61589313664592,102.30546937348855,102.98836517333984,25001800
2015-08-04,102.94225079590754,103.12681498632546,102.37009054053591,102.79459381103516,22132300
2015-08-05,103.36674789494663,104.28035255211233,103.2467748417326,103.58822631835938,28989900
2015-08-06,103.6805119503175,103.81893860993188,101.46570651850448,101.9271240234375,42125400
2015-08-07,101.67792373758559,102.03782869391654,100.95811382492367,101.79788970947266,30006800
2015-08-10,102.44388527577371,103.1821488348461,102.4346549570926,102.9606704711914,21500800
2015-08-11,102.4162066019858,102.8130258375391,101.07809195155235,101.64102172851562,36123300
2015-08-12,100.93966055702941,102.19471635711493,99.86917592793898,101.99169158935547,41889000
2015-08-13,102.09323793566712,102.58234642100868,101.60413649099816,101.82561492919922,22510500
2015-08-14,101.58567883596606,102.13014810829891,101.38265400876658,101.98249816894531,17924900
2015-08-17,101.7333289135277,102.85918874540172,101.47493623880364,102.83150482177734,21224900
2015-08-18,102.69307759637336,102.77613640746058,102.16706192839527,102.30548858642578,13984400
2015-08-19,101.99170281273462,102.53617902624758,101.04118405969123,101.63179779052734,42511400
2015-08-20,100.69051525739037,101.01350606026286,98.80793123978468,98.8171615600586,57747300
2015-08-21,97.42366009915895,98.25421274668587,94.49827575683594,94.49827575683594,97763400
2015-08-24,86.95873971245753,94.61826550928825,78.20103104058234,90.8623275756836,150829900
2015-08-25,94.19372835116764,94.81202585004198,90.44702208797582,90.52084350585938,75088300
2015-08-26,93.16942085544873,95.26426025048104,91.29606692993897,95.0796890258789,104103800
2015-08-27,96.45469604728603,97.55287177889598,95.31038279728071,97.48827362060547,69377700
2015-08-28,96.97146368671598,97.82046984847035,96.75920862594269,97.46979522705078,49919600
2015-08-31,96.9253523153874,97.46059826865715,96.02097801982165,96.26091003417969,39549400
2015-09-01,93.86153163353782,95.31961238451117,92.86486830699873,93.2524642944336,73155500
2015-09-02,94.9412272870242,95.90097617831331,93.8522821065875,95.88252258300781,43963600
2015-09-03,96.26090983191946,96.91612179099153,95.1442804052751,95.41190338134766,45131800
2015-09-04,94.1014535911092,94.91354557611942,93.75077190614013,94.27679443359375,49379600
2015-09-08,96.08555640550948,97.05452866559065,95.68873718261803,96.93456268310547,37343500
2015-09-09,98.07888544909335,98.10656936772399,95.59645748203677,95.84562683105469,47146700
2015-09-10,95.73487664755157,97.52517834649579,95.62414098166752,96.88842010498047,47686700
2015-09-11,96.44547284205312,97.42367553710938,96.1686195687834,97.42367553710938,29106100
2015-09-14,97.78359948125869,97.80206012473863,96.75925202897115,97.12838745117188,19718800
2015-09-15,97.35907765067374,98.57721938325437,96.99917261882068,98.2726821899414,30020200
2015-09-16,98.29115419808286,98.9186822565772,97.94970272602775,98.8263931274414,31329100
2015-09-17,98.72489214906277,100.3398534113505,98.41112458552581,98.86331176757812,56139800
2015-09-18,97.34615588451196,98.61351076415016,97.29064629411526,97.45716094970703,48384000
2015-09-21,97.99373645845634,98.5672886681896,96.88364314817386,97.76246643066406,35772600
2015-09-22,96.26383823218868,96.5968676510954,95.40351340964659,96.30084228515625,47359700
2015-09-23,96.55984532534522,96.81887364710025,95.87528811949291,96.37483215332031,21775100
2015-09-24,95.44050287736992,96.3840884393404,94.60792945733725,96.02330780029297,38284300
2015-09-25,97.05015828550904,97.14266488548037,94.61719306523615,95.20924377441406,44700000
2015-09-28,94.8022109190344,94.8669662431524,92.22123661581462,92.4987564086914,44077500
2015-09-29,92.72999324691197,93.67357855530024,91.35162637949607,92.01768493652344,49315500
2015-09-30,93.33131680821025,94.23789827646688,92.97053618762853,94.13613891601562,41411400
2015-10-01,94.30266237054128,94.5709364314512,93.05379865925013,94.56168365478516,39339100
2015-10-02,93.24809123108462,96.21759796142578,92.9520658359111,96.21759796142578,59370900
2015-10-05,96.92988848679155,97.85496855566004,96.71712402332027,97.595947265625,32853500
2015-10-06,97.36466231573196,97.68843887861863,96.3748270761643,97.13339233398438,33051500
2015-10-07,97.74394484876959,97.92895800418665,96.47658285498424,97.7161865234375,37389300
2015-10-08,97.34618615506949,98.27126629428489,96.40260046070102,98.10475158691406,50188900
2015-10-09,98.1509748258086,98.73377967295616,97.88270081102311,98.54875946044922,23916200
2015-10-12,98.73379646693749,98.97431219740751,98.3822615322802,98.78929901123047,16162000
2015-10-13,98.22498617584174,99.2240741831909,98.05847150795022,98.1509780883789,26999600
2015-10-14,98.15096762525599,98.6412588012816,97.58666836965698,97.99370574951172,30902600
2015-10-15,98.35450643448885,99.61261581339852,98.2249957976423,99.60336303710938,38393800
2015-10-16,99.81613458866441,100.07515586247092,99.33508903062341,100.0196533203125,27091100
2015-10-19,99.89015251710119,100.65796363781476,99.6681282110095,100.59320831298828,23776300
2015-10-20,100.41744697031766,100.63021143944937,99.73288261952611,100.07516479492188,23404700
2015-10-21,100.58393720227689,100.68568949463132,99.42758736671121,99.46458435058594,30195200
2015-10-22,100.35269495070082,101.57380043199271,100.06591531297384,101.49053955078125,42778700
2015-10-23,104.21953079011097,104.75607190135838,103.67372984358175,104.33053588867188,53170900
2015-10-26,104.2565002774838,104.59878237594219,103.85871564438868,104.395263671875,25918000
2015-10-27,104.11776381108776,104.75606425462372,104.09000548067247,104.6080551147461,31390500
2015-10-28,104.76529172732589,105.47760009765625,103.92346568640913,105.47760009765625,42221900
2015-10-29,104.99657240191094,105.4868636371829,104.88556026913623,105.31109619140625,24913300
2015-10-30,105.35734452527878,105.53311195689842,104.81155079647975,104.83930206298828,27199200
2015-11-02,105.11684071118178,106.15293288010075,104.89482348134219,106.02342224121094,22176900
2015-11-03,105.8106505734289,106.77273464504415,105.65338866326691,106.3934555053711,20418400
2015-11-04,106.74499979256846,106.81900789972254,105.95868306301071,106.40271759033203,28633000
2015-11-05,106.49519187729372,106.75421309876006,105.56085927889102,106.11590576171875,25004100
2015-11-06,105.91241456389636,106.31019927377616,105.23711006946368,106.18994140625,29924900
2015-11-09,105.79213904891714,105.93090244694649,104.41377195950469,105.06132507324219,33479800
2015-11-10,104.50628015536327,104.89481202961534,104.1917493111118,104.79305267333984,35452100
2015-11-11,105.0798345102113,105.58863133671092,104.48778387090283,104.6635513305664,22748800
2015-11-12,104.23800854730776,104.74680534048225,103.57194985726107,103.64595794677734,31196900
2015-11-13,103.21117798477626,103.32219012845303,101.55528389505012,101.61078643798828,52836000
2015-11-16,101.50901517551469,103.09090087409818,101.27774521271947,103.07239532470703,33980600
2015-11-17,103.24815811405331,103.8772126668931,102.87812477865363,103.13714599609375,30579500
2015-11-18,103.55343361888654,105.21857300086542,103.45167427768911,105.11681365966797,32966500
2015-11-19,105.17232792488346,105.67187187903941,104.98730772456702,105.19082641601562,26188100
2015-11-20,105.6903809785498,105.98640627096985,105.58862162261167,105.90315246582031,22727600
2015-11-23,105.94016022041968,106.32869919067753,105.14459790063559,105.59788513183594,20696200
2015-11-24,104.9133356636881,105.75515486966644,104.38603324057301,105.50538635253906,26374400
2015-11-25,105.66264045057883,105.79215108806464,105.37586790440317,105.59788513183594,14159900
2015-11-27,105.8291562580378,105.95866689689721,105.38511474066232,105.74589538574219,8828000
2015-11-30,106.06040491299834,106.06040491299834,105.13532507434645,105.47760009765625,25041600
2015-12-01,105.90315665023832,106.53221130371094,105.77363896299987,106.53221130371094,28639400
2015-12-02,106.61548655473332,107.07802662655429,105.71815768615242,105.87541961669922,22395500
2015-12-03,106.16217166446638,106.34718482198143,103.46093298326977,104.08074188232422,42754300
2015-12-04,104.3952759872365,106.68947747945651,104.18251154082995,106.51371002197266,40037300
2015-12-07,106.58773097839824,106.65248630352797,105.5238874445804,106.03268432617188,25892100
2015-12-08,104.92253976579546,106.38416741193534,104.88553573019466,106.04188537597656,30792600
2015-12-09,105.57937872738931,106.16218364917401,103.79397403039562,104.43228149414062,48509200
2015-12-10,104.67278277995962,105.60711537198144,104.35825197189928,104.904052734375,30154600
2015-12-11,103.69220846798659,103.96973527680305,102.42485345029793,102.48960876464844,56022200
2015-12-14,102.62836229129334,103.31291941394018,101.18523290526582,103.26666259765625,53098500
2015-12-15,104.21951270034718,104.79305776416301,103.76621843389913,103.8957290649414,48428000
2015-12-16,104.59879424326624,105.6163808212537,103.50719957216691,105.44062042236328,44944100
2015-12-17,105.90315967369074,105.90315967369074,103.8864850262599,103.90498352050781,45668800
2015-12-18,103.58205990951839,103.81403622067597,101.91183471679688,101.91183471679688,53746100
2015-12-21,102.87686866063294,103.06244689881399,102.11598655712103,103.04389190673828,26432800
2015-12-22,103.59134626683169,103.86972068626608,103.04388554246108,103.72125244140625,26540300
2015-12-23,104.25946344234237,104.56567395901962,104.07388517249038,104.49143981933594,25656900
2015-12-24,104.49141668474766,104.7605100720053,104.42646359674447,104.47285461425781,11468600
2015-12-28,104.22231604252346,104.43573736216649,103.47071506518371,104.41717529296875,19183600
2015-12-29,105.03885378704165,106.29153132716232,104.97390071364943,106.05955505371094,27725700
2015-12-30,105.96678831972233,106.00390538330862,105.08528106745518,105.10383605957031,19520100
2015-12-31,104.73267277661911,104.92753203826761,103.77692437993038,103.79548645019531,29886800
2016-01-04,101.55920036753201,101.69838753470366,100.32509208630535,101.60559844970703,50807600
2016-01-05,102.10671828203712,102.23662448086989,100.95611748693683,101.4293441772461,38795200
2016-01-06,99.66632180867381,101.0396178279198,99.66632180867381,100.45503997802734,41891100
2016-01-07,98.31155763584587,99.55495434237312,97.25374622547838,97.3094253540039,61386300
2016-01-08,98.01464633167996,98.6270673030075,96.40937392990895,96.51144409179688,69344000
2016-01-11,97.19807574797389,97.48572411247874,95.32371024226103,96.80835723876953,50024100
2016-01-12,97.73629302827585,98.43222218897958,96.57641109376966,97.93115234375,46734200
2016-01-13,98.33011704333839,98.57137438213765,94.40507485791154,94.55354309082031,69870700
2016-01-14,94.92471882245337,97.41150540919658,93.41222859210686,96.56710815429688,78445700
2016-01-15,93.36581311502202,94.59064755603511,92.33583789424353,93.5699462890625,91443900
2016-01-19,94.84121684747198,94.98968512015011,92.67919541225572,93.77412414550781,56563800
2016-01-20,92.29874018801806,94.48859723542168,90.23878931466759,93.48645782470703,86675000
2016-01-21,93.88546461826967,94.97111219054325,92.6235127621828,93.57925415039062,61660100
2016-01-22,95.46290681014857,96.32585913165492,95.13814132987338,96.28874206542969,42229800
2016-01-25,95.94537304230028,96.4928335635493,94.7762108255621,94.85972595214844,38881500
2016-01-26,95.25873792156926,96.12168284082728,94.42362194237168,95.71340942382812,36143900
2016-01-27,95.1566947314919,95.56496826405247,92.92972051640669,93.32872009277344,54524700
2016-01-28,94.87830809050915,94.91542514857571,93.03177869766631,94.64633178710938,47641500
2016-01-29,94.61852294900741,96.65991217371143,94.59068691729844,96.62279510498047,54245100
2016-02-01,96.15883434549002,97.24448904709827,95.78767784784783,96.88260650634766,32750300
2016-02-02,96.43719266901617,96.47430972844387,94.49786702021167,94.7855224609375,44928100
2016-02-03,95.41649610945949,95.41649610945949,92.67917144454876,94.33084869384766,61572900
2016-02-04,94.08033682926515,95.07319541790571,93.19882944771442,94.32159423828125,49321600
2016-02-05,93.98753212308027,94.02464918596009,90.67491036413188,91.04607391357422,70749900
2016-02-08,89.3480025025318,90.05321251524558,88.00253556515973,89.65421295166016,91673100
2016-02-09,88.45717720323854,90.73054141214864,88.31799005018529,89.37580108642578,73778400
2016-02-10,90.40578683514555,91.5749491484277,89.6541860305695,89.7191390991211,59421700
2016-02-11,88.57784340842367,90.30374791694457,88.32731208012171,89.58926391601562,76839200
2016-02-12,90.60066851024807,91.04606614745819,89.75627840966416,90.9532699584961,49186500
2016-02-16,92.29874201089704,93.00395202636719,91.72343817204566,93.00395202636719,40565900
2016-02-17,93.68133810102974,95.24021961872194,93.44008068965816,95.11031341552734,41766500
2016-02-18,95.40723530105002,95.42579029459145,93.90402596735773,94.024658203125,38991500
2016-02-19,93.56996302821852,94.59066447778906,93.36582981765974,94.30300903320312,28257900
2016-02-22,95.18451461893146,95.92683451185198,95.09172551723573,95.83404541015625,23979100
2016-02-23,95.27730901918379,95.53712135012238,94.19166160232395,94.2566146850586,29869700
2016-02-24,93.1524211030954,95.27732528584882,92.57711721539918,95.15670013427734,40739100
2016-02-25,95.35153692567218,96.09385681152344,94.49785879187905,96.09385681152344,29389300
2016-02-26,96.82691487477823,96.84547694487914,95.74126739260592,95.9732437133789,30925000
2016-02-29,95.88047667686465,96.59496079443488,95.11031341552734,95.11031341552734,27553900
2016-03-01,96.01966463635212,98.16312408447266,95.72273515834686,98.16312408447266,37699800
2016-03-02,98.04248361811275,98.2187808223392,97.43934371896486,98.20022583007812,29209800
2016-03-03,98.0981559719239,98.125992000078,97.30943783034768,98.01464080810547,25474600
2016-03-04,98.12599194043658,98.68273374124868,97.40222689144522,98.0517578125,31655400
2016-03-07,97.55068618193238,98.1167090076322,96.75268702043286,97.44861602783203,25861200
2016-03-08,96.78052173897844,97.6249118468372,96.47431130321803,96.6413345336914,28898500
2016-03-09,97.00322626959979,97.28159362736234,96.46503946682712,97.2630386352539,31047400
2016-03-10,97.67132004646174,98.22806184585316,95.86190034924452,97.11457824707031,44236100
2016-03-11,98.16310642511357,98.81263732910156,97.85689596493813,98.81263732910156,31454000
2016-03-14,98.44148083065487,99.21164401438189,98.41364480125497,98.97966766357422,25374900
2016-03-15,98.62705861490927,99.05389421822387,98.31156712067751,98.94254302978516,26524600
2016-03-16,98.70128637324477,100.0838632468941,98.67344326841437,99.82405090332031,31693100
2016-03-17,99.53638765272146,100.00034025255196,99.16523123634093,99.76836395263672,29623700
2016-03-18,100.00850709295133,100.17602581573445,99.39427650965125,99.92475128173828,37682300
2016-03-21,99.7478881648283,100.40865425060419,99.69205097740777,100.31558990478516,17288600
2016-03-22,99.74791337722488,100.85539854335755,99.72930334349897,100.62273406982422,18840300
2016-03-23,100.42732721402383,100.50177447185644,99.57111629554421,99.79447937011719,20912900
2016-03-24,99.3104697790214,99.85025288096986,99.14295113015305,99.82233428955078,19017300
2016-03-28,100.10157065815876,100.12018779407049,99.50595011540845,99.68277740478516,13892300
2016-03-29,99.49662422299234,101.34863117158258,99.32910554269463,101.28348541259766,29963900
2016-03-30,101.88841488598135,102.40958096047547,101.56267898906728,101.7767333984375,23807200
2016-03-31,101.70229246960196,102.08386561037102,101.46962799850556,101.62783813476562,21447200
2016-04-01,101.013608018143,102.74463225789572,100.8740079148682,102.70740509033203,26389000
2016-04-04,102.70741057948163,102.78186491858821,102.07456289778898,102.31653594970703,17163000
2016-04-05,101.52546966089938,101.90704281843632,101.19974080712178,101.33003234863281,20107900
2016-04-06,101.43239753614377,103.03313018134558,101.43239753614377,102.99590301513672,25056000
2016-04-07,102.40028116692346,102.58641699544195,101.07874873604356,101.51615905761719,28567200
2016-04-08,102.14901342015251,102.39097936267306,101.08806397877377,101.44171142578125,22898000
2016-04-11,101.87910226691433,102.39095975532629,101.06011892488726,101.06942749023438,25772100
2016-04-12,101.14391110836996,102.11179627452147,100.52967342393733,101.9163589477539,28564100
2016-04-13,102.6980879673183,103.37747129313126,102.56779644187839,103.2192611694336,25356700
2016-04-14,103.2378852276254,103.61014982246859,102.37237306226652,103.22857666015625,17199700
2016-04-15,103.14480668699575,103.35885400689035,102.70739638066034,102.96797943115234,21353300
2016-04-18,102.6701649760879,103.55428701808046,102.60501921615536,103.5170669555664,17126100
2016-04-19,103.71251651330498,103.71251651330498,102.26068539094705,102.88423156738281,42481400
2016-04-20,102.88422363650375,103.44261690189455,102.53056912481694,102.96797943115234,18078300
2016-04-21,102.91214915487139,103.3495594906197,102.51196598603313,102.977294921875,20216000
2016-04-22,101.6371277416153,102.11176516220954,100.62271424504168,101.42308044433594,39074000
2016-04-25,101.11596169569526,101.4323819091882,100.9298258933275,101.42308044433594,14351900
2016-04-26,101.63716508423262,101.80468381773443,100.62275121495213,100.92986297607422,19118300
2016-04-27,99.89681521521051,100.35284269681169,99.29189326269137,100.12017822265625,33059800
2016-04-28,100.23183346497984,100.8181523719946,98.71486393960947,98.9103012084961,29818200
2016-04-29,98.9103186692217,99.11506453953876,97.60739621294996,98.38915252685547,67502800
2016-05-02,98.64044832275192,99.45943198079866,98.23096359408625,99.31983184814453,24813800
2016-05-03,98.61248478556679,99.05920358645032,98.13784739094451,98.3984375,38569400
2016-05-04,97.80282217450673,98.16578523911306,97.5236291021973,97.7656021118164,27474500
2016-05-05,98.119251632035,98.33330604908761,97.54224124288253,97.73767852783203,20788100
2016-05-06,97.2537455427153,98.27746775993585,97.16068117757814,98.25885772705078,30758500
2016-05-09,98.26814856118685,98.99406757157003,98.2216199338304,98.53804016113281,19289600
2016-05-10,98.89169345035712,99.93402557503379,98.71486620762587,99.88749694824219,21178900
2016-05-11,99.73858695692451,100.03639714572475,98.956837873957,98.98475646972656,20966300
2016-05-12,99.21744577854263,99.33842875732994,97.84937743997682,98.54737091064453,29196300
2016-05-13,98.46360265894603,99.06852457679199,97.98896517077465,98.18440246582031,21059300
2016-05-16,98.3333204356556,99.77583596904948,98.24024896223438,99.41287994384766,18311900
2016-05-17,99.32909354021756,99.61759513795313,97.90518137956862,98.165771484375,29932700
2016-05-18,97.94244444866438,99.04992972400692,97.75631569162591,98.51945495605469,27524400
2016-05-19,98.13787515938101,98.37984820750809,97.29098014147091,98.00758361816406,27334600
2016-05-20,98.39846569619792,99.48733376615273,98.34262139236368,99.08715057373047,29549600
2016-05-23,99.19879112240164,99.55244555800284,98.86376091553042,98.95682525634766,15729800
2016-05-24,99.50593403103238,101.06013091166123,99.47801543203455,100.93914794921875,29931300
2016-05-25,101.32070027837891,101.97215778916558,101.14387305387066,101.6650390625,37951700
2016-05-26,101.76743044809716,102.09315926262923,101.52545742857808,101.9628677368164,21885900
2016-05-27,102.02801064501796,102.50264810454486,102.00940061343209,102.49333953857422,19870000
2016-05-31,102.6329445404949,102.84699896593551,102.16761562465997,102.68878173828125,24366100
2016-06-01,102.37233796524356,102.93073111589224,102.28858218780562,102.69806671142578,19571500
2016-06-02,102.49333202945289,102.92143372811735,101.93493881816686,102.9121322631836,15696600
2016-06-03,102.71673147983917,102.7632601220999,101.75814772455023,102.42822265625,20269900
2016-06-06,102.61433209361743,103.0703524323064,102.43750483764686,102.80046081542969,12502400
2016-06-07,102.85632205451348,102.95869500554653,102.49336599188986,102.53990173339844,12184300
2016-06-08,102.71671295166016,102.93076028823567,102.3351398120208,102.71671295166016,14568700
2016-06-09,102.2979051207849,102.66086109989709,102.10246783205955,102.54918670654297,17571600
2016-06-10,101.61852871068955,101.81396599906358,101.0322097452118,101.3858642578125,32965000
2016-06-13,100.80886258801674,101.37656447022488,100.40867941040044,100.53897094726562,25154700
2016-06-14,100.26907930651453,100.90192695715527,99.80375036046564,100.53897094726562,24588500
2016-06-15,100.78097076607985,100.92057090705927,100.08297716154085,100.25049591064453,24605700
2016-06-16,99.75719831782175,100.64132026771092,99.11504225084367,100.54825592041016,32079900
2016-06-17,100.34018343509644,100.4801553572865,99.13643629509016,99.36972045898438,29208800
2016-06-20,100.52682172632852,101.00271632646364,99.92028143599384,99.99493408203125,20562800
2016-06-21,100.12554748711653,100.51746310140548,99.93891591893151,100.31217193603516,22804100
2016-06-22,100.36816058792594,100.95604114468085,99.98557832141447,100.0695571899414,22724200
2016-06-23,100.84408346012931,101.51594302704905,100.42417479043851,101.49727630615234,18714200
2016-06-24,97.88601679281447,99.37903371586626,97.10217845867088,97.31680297851562,68012700
2016-06-27,96.67294158780945,96.67294158780945,94.94664045788308,95.38521575927734,48222600
2016-06-28,96.43965886212405,97.52210065316729,96.39300630722741,97.4754409790039,28260600
2016-06-29,98.24062968576729,99.40705054947419,98.1939771227798,99.2017593383789,31356700
2016-06-30,99.36971392127089,100.41482946969329,99.03378417782322,100.3495101928711,36300800
2016-07-01,100.30283173578549,101.22664191693545,100.26550542469465,100.85338592529297,19902800
2016-07-05,100.32149665942337,100.46146854369793,99.69628985889916,100.23751068115234,21167900
2016-07-06,99.76163367510196,101.10534548886251,99.44436354068512,101.0586929321289,24579300
2016-07-07,101.1520010001698,101.58124294848791,100.88139055289533,101.35729217529297,19161700
2016-07-08,101.89849389185159,102.98093555285276,101.73052905201574,102.9249496459961,29457900
2016-07-11,103.27022276875412,103.89542256369778,103.26089652890151,103.5128402709961,20218500
2016-07-12,104.14736407341591,104.31532892615269,103.89541323467756,104.03538513183594,21906100
2016-07-13,104.27800849344635,104.34332776656866,103.774113906817,103.783447265625,21107800
2016-07-14,104.47397854387052,104.68860310598014,104.23136102132652,104.49264526367188,20871000
2016-07-15,104.73525178359888,104.79124482165919,104.09139235967821,104.32467651367188,17999300
2016-07-18,104.38999033312662,105.20181459024049,104.37132361499353,105.01519012451172,20713900
2016-07-19,104.65129611778089,104.95923297797918,104.44600487764869,104.63262939453125,18936700
2016-07-20,105.20179597453952,106.05095351765918,105.07115744779277,105.85499572753906,24997900
2016-07-21,105.92965925367061,106.13495043613733,105.32312618454053,105.61239624023438,18885400
2016-07-22,105.68706450065774,106.1722924515612,105.36046807992771,106.05098724365234,20003400
2016-07-25,105.96699863016583,106.08831095435639,105.70572150001362,106.06031799316406,12968100
2016-07-26,106.0229938367034,106.5642077090978,105.64973773489253,106.18162536621094,21223800
2016-07-27,107.07742423707721,107.19872943144662,106.47088402669566,106.91879272460938,27646100
2016-07-28,107.08676963905673,107.41336606006179,106.75083985766065,107.29206085205078,16939700
2016-07-29,107.53464056951525,107.8145843471841,107.18938464555846,107.52531433105469,22385300
2016-08-01,107.59998977828018,108.36516158167427,107.46935121081786,108.09455108642578,13990100
2016-08-02,107.93590255813612,108.02921478887491,106.58285741425644,107.27337646484375,21278400
2016-08-03,107.18939962974008,107.63730119350394,107.12408035505507,107.62796783447266,15011300
2016-08-04,107.5906266666407,108.03852813894211,107.33867585911382,107.93588256835938,12835300
2016-08-05,108.48645943381192,109.21430481806934,108.365147123591,108.97168731689453,23196600
2016-08-08,109.02767104718508,109.05567112385963,108.50511685753054,108.85037994384766,12358200
2016-08-09,108.93440627892498,109.44763445256905,108.86908697675847,109.10237121582031,13276500
2016-08-10,109.16763601101177,109.19562896663922,108.53310291281264,108.82238006591797,14688400
2016-08-11,109.19565158349036,109.52225511816796,108.97170077281912,109.28897094726562,12969800
2016-08-12,109.10233219873648,109.37294267358513,108.98102700074257,109.36360931396484,19379000
2016-08-15,109.50358852074677,110.0821358281711,109.46626219904832,109.83018493652344,11777800
2016-08-16,109.62488180196833,109.63420804132184,109.20496609525959,109.2236328125,14161400
2016-08-17,109.25162132963575,109.45691249533797,108.64508119077001,109.41958618164062,15980300
2016-08-18,109.31695513328795,109.60622520382002,109.13032353998716,109.44759368896484,10036300
2016-08-19,109.25162132963575,109.6621965417738,108.95301793932336,109.41958618164062,18743000
2016-08-22,109.26098351499907,109.69023270410649,109.05569940102565,109.50360107421875,14500600
2016-08-23,109.93282334045398,110.11945493672138,109.65288662495405,109.69953918457031,11997900
2016-08-24,109.62486658918041,109.77416471005188,108.6264109333767,108.9903335571289,17728700
2016-08-25,108.71043421925732,109.14900964231498,108.57979564038082,108.81307983398438,24266300
2016-08-26,108.85038212594063,109.68087310226174,108.31849456673197,108.97168731689453,23896000
2016-08-29,108.99967463453311,109.41025698154175,108.98101503660847,109.12098693847656,11184900
2016-08-30,108.9436861522559,109.26094914435932,108.39313903562947,108.76638793945312,19843300
2016-08-31,108.59844878925632,108.76641368343928,108.19719971533416,108.6544418334961,16169800
2016-09-01,108.69176154195095,109.06501051140445,108.1598739292852,108.93437194824219,20944700
2016-09-02,109.47559543628033,109.69954624695157,108.87838852831177,109.28897094726562,18088200
2016-09-06,109.47556213821117,109.97012329101562,109.23294468087221,109.97012329101562,18525200
2016-09-07,110.07278011050366,110.22208536697138,109.61554522128756,110.03545379638672,17546900
2016-09-08,109.70884161964022,109.73683457137287,109.10230156145978,109.3915786743164,20125300
2016-09-09,108.47713531587216,108.7197528377155,106.62019537998894,106.63885498046875,50813300
2016-09-12,106.04166336642326,108.701101772009,106.03233000520545,108.55180358886719,39646000
2016-09-13,108.0105483872953,108.32781137567748,107.05875230288231,107.58130645751953,45863900
2016-09-14,107.69330914298295,108.68243175927417,107.66530906201133,108.09455108642578,28221800
2016-09-15,108.12253658942629,109.94215004750748,108.11320323036081,109.77418518066406,38521400
2016-09-16,109.65631883020863,109.83406126389222,109.17922485074962,109.7218017578125,27596500
2016-09-19,110.00243722131552,110.33920859450309,109.02955007333327,109.24470520019531,16222900
2016-09-20,109.63760014850563,109.8995389836123,109.26341608684594,109.45050811767578,18078600
2016-09-21,109.91826910317388,110.68535801483524,109.27278932414121,110.52632904052734,31546800
2016-09-22,111.17177105520078,111.52725588466656,111.05951869819312,111.4056396484375,22614400
2016-09-23,111.32145302148649,111.32145302148649,110.53565795537966,110.69468688964844,22213400
2016-09-26,110.0679362759527,110.19890213876832,109.60954861899381,109.7685775756836,16403900
2016-09-27,109.69372775687302,110.90984016816418,109.59082500414259,110.85371398925781,20238400
2016-09-28,110.99405544546379,111.10630782236231,110.47018485055476,111.04082489013672,14794300
2016-09-29,110.8537294688092,111.05953500300863,109.75922600468039,110.23631286621094,27207500
2016-09-30,110.52631958653643,111.38695446022795,110.41406007110102,111.05953979492188,25543200
2016-10-03,110.91919615426914,111.04080525343838,110.47016531476962,110.9004898071289,19216400
2016-10-04,111.22793235848874,111.47115775504528,110.31116410199401,110.73213195800781,21239700
2016-10-05,111.05951708033176,111.48047768718429,111.01274050752461,111.125,14481300
2016-10-06,110.98468939050817,111.3027544182797,110.52630890338538,111.06888580322266,11987100
2016-10-07,111.1717740356957,111.33081010755873,110.28307621241154,110.82565307617188,19984200
2016-10-10,111.3962863603514,111.77047752457898,111.34950978840939,111.52725219726562,19687300
2016-10-11,111.43373866487997,111.45244501684654,109.45052991249241,109.93697357177734,27774400
2016-10-12,110.03987073863794,110.21761319022812,109.50665052097193,109.84342193603516,14267800
2016-10-13,109.09503040425768,109.74985964926563,108.45890750749133,109.45050811767578,22821000
2016-10-14,109.9930700217126,110.43274408510791,109.51597612982592,109.58145904541016,21313300
2016-10-17,109.48790233080888,109.73112762365513,109.14177430395469,109.28209686279297,14182700
2016-10-18,110.58245773048719,110.76955694310635,110.198916834552,110.25504302978516,19276700
2016-10-19,110.17081920807144,110.40468781286977,110.04921010293353,110.24565887451172,13702900
2016-10-20,110.13340617309248,110.35791803461913,109.47856979940993,110.11469268798828,18132200
2016-10-21,110.19891434721549,110.59181197918971,109.83407981222442,110.52632904052734,15707800
2016-10-24,111.23728106615837,111.9295302279227,111.21856757856499,111.85469055175781,19143000
2016-10-25,111.92019784065293,111.93891133231884,111.33085132108326,111.49923706054688,20341800
2016-10-26,110.77889780587846,111.34953786938574,110.4140632914531,110.7414779663086,20463700
2016-10-27,111.21856395685215,111.31210998045987,110.07728391236742,110.23631286621094,19099800
2016-10-28,109.91824331592385,110.48888327772373,109.2072807650234,109.54405212402344,35369300
2016-10-31,109.94631154207715,109.94631154207715,109.38502829655985,109.44115447998047,18749400
2016-11-01,109.62824926441093,109.64695561243437,107.67310402065429,108.61793518066406,23498700
2016-11-02,108.5430688070525,108.79565083439245,107.47662880453234,107.74791717529297,26960100
2016-11-03,107.57022108296016,107.92570599483199,106.56926355735604,106.69087982177734,36205200
2016-11-04,106.42895619550464,107.14927572967149,106.12960456934726,106.31670379638672,26997500
2016-11-07,108.03794438890077,108.95471250852806,107.86020909308309,108.84245300292969,26591200
2016-11-08,108.73019844461604,110.0492137075891,108.47761634638262,109.55341339111328,20777900
2016-11-09,108.27181123014438,110.2363061547188,108.14084537764633,110.0585708618164,70234400
2016-11-10,110.59180466225472,110.74147688196399,106.8311928990096,108.28118133544922,72825400
2016-11-11,107.81345088244684,108.56183343972666,107.42990285913706,108.32796478271484,41115200
2016-11-14,108.35600252835751,108.4589052843357,106.6721457369901,107.23342895507812,35906000
2016-11-15,108.04729013388399,109.09502400150906,107.88826120330162,108.72083282470703,31796600
2016-11-16,108.206324330771,109.44115027834343,108.206324330771,109.36631774902344,16538100
2016-11-17,109.31016065574637,110.18015196166131,109.0856488424108,110.16144561767578,20598600
2016-11-18,110.29244723430051,110.47953928328731,109.64696753221898,109.74987030029297,16428700
2016-11-21,110.02115226198234,110.9940465608177,109.9837324269767,110.89114379882812,20268500
2016-11-22,111.3308462085294,111.49923194026036,110.95665490055995,111.22794342041016,18850600
2016-11-23,110.86310420676486,110.98471334348315,110.29246409190048,110.7789077758789,22926000
2016-11-25,110.90984988697849,111.18113833730364,110.77888403331859,111.13436889648438,7162800
2016-11-28,110.99402675793749,111.39628099110065,110.76951492506343,110.88176727294922,13479000
2016-11-29,110.98469749898861,111.79856290820506,110.66663958508366,111.26534271240234,18553000
2016-11-30,111.40565976271843,111.44307960084481,109.8808388288658,109.91825866699219,30405300
2016-12-01,109.88084134491484,109.89019808893678,107.85086325553007,108.01924896240234,39796600
2016-12-02,108.08470282143358,108.6646994639971,107.78535132719816,108.234375,32876800
2016-12-05,108.79567878747109,109.50663421375056,108.29987134566365,109.0763168334961,21419700
2016-12-06,109.38501815039592,109.52534073303535,108.8798611351558,109.33824157714844,27293300
2016-12-07,109.11370817721944,110.86304746947648,108.78629364046053,110.72272491455078,26622400
2016-12-08,110.76953251193541,111.1998499003915,110.55437024915557,110.91920471191406,18578400
2016-12-09,111.33083453068946,111.82663492847304,111.32147778626765,111.78921508789062,21863100
2016-12-12,111.29342199161769,111.5179339127367,110.82568465930837,111.28406524658203,23259300
2016-12-13,111.62081551505158,113.2953157034095,111.62081551505158,112.687255859375,54477900
2016-12-14,112.82756795744841,113.19240240248817,112.125962157433,112.45337677001953,28746000
2016-12-15,112.60309382192146,113.2953431114516,112.33180529858133,112.63115692138672,22762300
2016-12-16,112.90791171141194,113.13309469177646,111.98843959532627,112.21361541748047,26283900
2016-12-19,112.3261953117267,113.36764322421574,112.16669608575873,112.67333984375,21138700
2016-12-20,113.02989658115753,113.31136459162448,112.89854341129744,113.1049575805664,11461800
2016-12-21,113.1518457007767,113.2269066871599,112.7671706724297,113.02049255371094,7079300
2016-12-22,113.02989812689492,113.05804421250544,112.26054076795984,112.7015151977539,16645000
2016-12-23,112.51384399332599,112.82346519999487,112.41063692443636,112.77655029296875,9007500
2016-12-27,113.02049382408713,114.01502685110948,112.97358607572761,113.35826110839844,16110600
2016-12-28,113.60222716429313,113.70543425164355,112.401279774991,112.47633361816406,17975200
2016-12-29,112.44820194503548,112.71090832534084,111.96031968992726,112.31684875488281,13267500
2016-12-30,112.53263473496176,112.54201199162536,110.84379796806046,111.16280364990234,41749000
2017-01-03,111.90398145131604,112.57951599910017,111.54745251030087,112.15731048583984,22307600
2017-01-04,112.2792845004196,112.97358790620342,112.26990724552161,112.76717376708984,19749100
2017-01-05,112.6827323721801,113.48023571766754,112.6827323721801,113.40518188476562,20644300
2017-01-06,113.5271472978722,114.6999484063213,113.236294913604,114.39971160888672,24074300
2017-01-09,114.49352641586604,114.9814156521271,114.41846543210136,114.7750015258789,18909200
2017-01-10,114.82193665460464,115.37550259412087,114.5592303069879,115.02835083007812,16176600
2017-01-11,115.07523774706324,115.33794403076172,114.48414145053232,115.33794403076172,20686000
2017-01-12,114.92513823602133,115.23475948439689,114.09010431758597,115.15969848632812,19622500
2017-01-13,115.21599701251266,115.75079409316355,115.21599701251266,115.55376434326172,16930800
2017-01-17,115.2535270202174,115.43179511015033,114.86885191240721,115.20661926269531,14538500
2017-01-18,115.37547790712917,115.55374595838683,115.08462553567472,115.44115447998047,12499700
2017-01-19,115.61004061058595,116.01348446914342,115.14092017776144,115.3848648071289,12710700
2017-01-20,115.89152840940088,116.18238799511333,115.32858522530951,115.6382064819336,22091000
2017-01-23,115.56311862649864,115.90088589010293,115.00017557322792,115.73200225830078,17434200
2017-01-24,115.95717639628542,116.68901022914339,115.7601466883576,116.5107421875,17640900
2017-01-25,117.2425660359876,117.71168642209103,117.13935897838812,117.68354034423828,15036200
2017-01-26,117.84307249254996,118.04948666543794,117.59912781929953,117.8055419921875,16052200
2017-01-27,118.05884676351559,118.14328500328111,117.6460185027698,118.03070068359375,15053000
2017-01-30,117.63664922027642,117.63664922027642,116.46384801795914,117.11123657226562,25006700
2017-01-31,116.69841039016086,116.90482455085296,116.20114381660841,116.87667846679688,19091100
2017-02-01,117.70230201007044,117.91810053729,117.14874339040871,117.68354034423828,22861900
2017-02-02,117.47713808579262,117.93687410627578,117.14875521401892,117.5803451538086,15101400
2017-02-03,117.70232277260449,118.0400900828374,117.58973844133371,117.91812133789062,16957200
2017-02-06,117.721078248096,118.0776071870333,117.608486771385,118.05884552001953,11630100
2017-02-07,118.30281075160305,118.73440793453311,118.19022640667446,118.49046325683594,17541100
2017-02-08,118.33094813697375,118.85636076478615,118.10576516087397,118.6874771118164,12569100
2017-02-09,118.80946594340827,119.38179357756263,118.74378935382718,119.11908721923828,17542700
2017-02-10,119.38176940602699,119.68200620592387,119.17535526393353,119.51312255859375,13915700
2017-02-13,119.87903891830715,120.33877496373266,119.83213116734298,120.18866729736328,19120200
2017-02-14,120.23558114025919,120.60149456587045,119.8509060438367,120.59211730957031,16333500
2017-02-15,120.50767192089114,121.36147463558912,120.44198818141238,121.30516815185547,17891400
2017-02-16,121.38021585305637,121.62416763992069,120.95801032803199,121.26763153076172,15098300
2017-02-17,121.08936439144605,121.80243661515381,121.07059556544861,121.79304504394531,15563700
2017-02-21,122.02761078671091,122.46858516089081,121.9619413673757,122.39352416992188,18479600
2017-02-22,122.28093046258235,122.52486792720596,122.07451633235503,122.4404296875,12110900
2017-02-23,122.62807849149851,122.62807849149851,121.49281505927271,121.9806900024414,17489000
2017-02-24,121.42715196952922,122.21527099609375,121.38962862768315,122.21527099609375,18624500
2017-02-27,121.9900962972467,122.3747642187843,121.78368213621616,122.36538696289062,12008700
2017-02-28,122.3372263273599,122.3935184888687,121.65231450163715,121.99008178710938,16598600
2017-03-01,122.76883658862961,123.54756399488303,122.53427634624892,123.32239532470703,25813800
2017-03-02,123.29421359175052,123.31296809789517,122.55299542294689,122.70311737060547,19951400
2017-03-03,122.61870063572053,122.965845173662,122.2903106072109,122.9283218383789,13722700
2017-03-06,122.52485871788457,122.86262596773999,122.16833696045019,122.65621185302734,12026200
2017-03-07,122.41229050626248,122.98461802388883,122.23402244589067,122.44981384277344,15500900
2017-03-08,122.52486655273967,123.05027912690826,122.40290498000554,122.66561126708984,15776000
2017-03-09,122.63747597757043,122.92832836983118,122.1026717855399,122.75943756103516,20855300
2017-03-10,123.32239709016635,123.47251908338018,122.74069226198937,123.27548217773438,21922600
2017-03-13,123.22858921584012,123.5100644241495,123.16291977987474,123.48191833496094,10731600
2017-03-14,123.2004476042551,123.24736252674904,122.68441208967037,123.18167877197266,14019700
2017-03-15,123.43496940380064,124.2324798881997,123.04090994731328,123.9416275024414,22709100
2017-03-16,124.17617522708908,124.17617522708908,123.57570168958084,123.85716247558594,18457300
2017-03-17,124.01134376344781,124.14297009581891,123.7480910987056,123.81391143798828,21234500
2017-03-20,123.77635406611077,124.20884898846667,123.5977295171257,123.92678833007812,10105200
2017-03-21,124.39684465111101,124.50966313971429,121.97114672276541,122.0463638305664,35841900
2017-03-22,122.08399059527835,122.99597838379893,121.92414526037673,122.87374877929688,29177900
2017-03-23,122.71390314435361,123.05237294656393,122.35662547918828,122.56346893310547,20311700
2017-03-24,122.9583830712381,123.437876116972,122.34726363964391,122.8173599243164,22967600
2017-03-27,121.94295930566261,123.23103273247011,121.66089869816177,123.01477813720703,18472400
2017-03-28,123.01477282103377,124.1336040965103,122.74212333149138,123.76692962646484,23721900
2017-03-29,123.85153480165503,124.38745132972274,123.7199084459151,124.34043884277344,13710000
2017-03-30,124.29342341135518,124.67890571053192,124.18060492230696,124.54727935791016,16092400
2017-03-31,124.36865202158613,124.80114684659739,124.22762889723343,124.46267700195312,19841400
2017-04-03,124.56607473363461,124.86692878966784,123.69168849257935,124.38743591308594,23700300
2017-04-04,124.0301897842699,124.60370776881028,123.98317729120292,124.58489990234375,13400000
2017-04-05,124.76353833180283,125.49688731324645,123.84215372494778,124.07720184326172,32011200
2017-04-06,124.19941370344212,124.47206316938845,123.82332816017545,124.14299011230469,18832200
2017-04-07,124.10540646976351,124.45327309408458,123.63531023313561,124.07720184326172,16743100
2017-04-10,124.19943129166832,124.64132290121128,123.78574430858991,124.12421417236328,15619300
2017-04-11,124.01137106168382,124.19942101748963,122.69510744822779,123.58828735351562,33778400
2017-04-12,123.56950465074826,123.67292640902191,122.95838520853144,123.09001159667969,15955200
2017-04-13,122.92075816367364,123.64469597430188,122.58228832961727,122.60108184814453,23683000
2017-04-17,122.94892671134292,123.63526293733091,122.9019142364247,123.616455078125,13325500
2017-04-18,123.20280020766754,123.7857292246992,123.11818633858445,123.42845153808594,12841100
2017-04-19,123.96437009662276,124.37804268986409,123.4566581814221,123.62590026855469,17764800
2017-04-20,124.12420065357989,124.93276666529714,123.93616504889619,124.66010284423828,21977900
2017-04-21,124.77294207243251,124.81994021636199,124.31224262310195,124.63190460205078,22454900
2017-04-24,126.01401609578147,126.25846101309575,125.79777580945726,126.13624572753906,22469900
2017-04-25,126.54993969196696,127.27387772187102,126.4371068156403,127.0482406616211,19384400
2017-04-26,127.0951437273687,127.40540879927757,126.79428975673011,126.8695068359375,25398500
2017-04-27,127.17984564250771,127.63113403320312,127.10462851969193,127.63113403320312,16136500
2017-04-28,128.1387661041755,128.18577857515155,127.64987657536209,127.85671997070312,22771900
2017-05-01,128.27985893394936,129.16364212380194,128.2234496828861,128.99440002441406,24815500
2017-05-02,129.15422307662388,129.26705591801087,128.8251643502548,129.21063232421875,18345100
2017-05-03,128.9191665403335,128.96617902565032,128.44907037955784,128.7969512939453,23827600
2017-05-04,128.77811186032568,129.21059218834577,128.39262965990437,128.8439178466797,14630100
2017-05-05,129.17298754850353,129.3140106201172,128.69349475882464,129.3140106201172,19330700
2017-05-08,129.37985964701585,129.59609985351562,129.11660695748682,129.59609985351562,13279900
2017-05-09,129.7934921973526,130.33880521053106,129.68065941608802,130.04734802246094,28426100
2017-05-10,130.12265014648438,130.16966264574074,129.66196495389354,130.12265014648438,20499400
2017-05-11,129.76538440591,130.05684181143508,129.16366172625166,130.01922607421875,27232100
2017-05-12,130.0756056202391,130.33885830678193,129.9627727930097,130.31065368652344,19738600
2017-05-15,130.3671018224451,130.7995823595707,130.24487220072714,130.724365234375,20481300
2017-05-16,131.06284032195,131.2884917064853,130.67737226606098,131.26968383789062,21786000
2017-05-17,130.2260490688274,130.47050828360977,127.91318371150409,127.93199157714844,55642200
2017-05-18,127.88496717895293,129.48329130115184,127.74392971904918,129.05079650878906,41319900
2017-05-19,129.51148599178038,130.1414130950245,129.4268721300451,129.59609985351562,36730100
2017-05-22,129.88761331849537,130.75260321085054,129.84061516134284,130.68678283691406,19509700
2017-05-23,131.0722917613861,131.08168852547476,130.47996566109248,130.8184356689453,19687500
2017-05-24,131.21324625039497,131.48591007445083,130.84657179606245,131.4200897216797,15891900
2017-05-25,131.91842511197757,132.87742560782138,131.6363644548234,132.53895568847656,23928600
2017-05-26,132.5671433174349,132.83039607136223,132.38850444594152,132.77398681640625,13851600
2017-05-30,132.70817142455124,133.04664131316147,132.6235575389486,132.88681030273438,20306400
2017-05-31,133.35687610470234,133.35687610470234,132.16284217969348,132.8397674560547,33229400
2017-06-01,133.11241249409377,133.41326653603073,132.54829143944474,133.3568572998047,20120700
2017-06-02,133.82702508284726,134.9082552924009,133.61078477941734,134.8800506591797,37222900
2017-06-05,134.87059924709703,135.08683948590763,134.66375576781815,134.85179138183594,15727500
2017-06-06,134.69194337289795,135.13383490041102,134.118425497585,134.3158721923828,22393000
2017-06-07,134.69192725750978,134.95517992161234,134.0714113185218,134.8423614501953,18842400
2017-06-08,135.14329049430157,135.19969975532925,134.25009604069442,134.98345947265625,25417400
2017-06-09,135.14327193651894,135.2936918298703,129.84998369521549,131.60813903808594,109783700
2017-06-12,130.49872398255832,131.13804800673608,129.2482662157643,130.9029998779297,104454000
2017-06-13,131.63633524051377,132.1534439395,130.94999879251267,131.9654083251953,51193000
2017-06-14,132.50129626791303,132.50129626791303,130.32945431235757,131.39187622070312,60093800
2017-06-15,130.06624552269645,130.95002889390065,129.26709039165087,130.8090057373047,55145200
2017-06-16,130.7410982136015,130.8353793535801,129.76064053012254,130.24143981933594,48087400
2017-06-19,131.50473237761642,132.54175292358437,131.30674775063926,132.41920471191406,39626500
2017-06-20,132.28728307423776,132.4569719340548,131.33509207652594,131.38223266601562,40935100
2017-06-21,131.68382031232568,132.74913651896185,131.59897593797734,132.6831512451172,35743400
2017-06-22,132.89057195343375,133.13568274424347,132.30605485953322,132.64544677734375,24099100
2017-06-23,132.49460190129884,133.32422978083102,132.12692852473893,133.154541015625,21654300
2017-06-26,133.91816721805444,134.1444189015973,132.24006676713816,132.53231811523438,34411100
2017-06-27,132.03263149229844,132.1928978622065,130.11884302449192,130.12826538085938,65957800
2017-06-28,130.60916890363495,132.11758147435967,129.854977003561,132.00445556640625,57427200
2017-06-29,131.45757045494628,131.45757045494628,128.45018402816515,129.71347045898438,88769400
2017-06-30,130.08115292623935,130.7316552880258,129.3363838245859,129.7606201171875,68898300
2017-07-03,130.3545759302854,130.50540561007256,128.30880184811377,128.39364624023438,32797000
2017-07-05,128.7989817107324,130.0057050693667,128.36532314590167,129.65689086914062,42116600
2017-07-06,128.66707113114836,129.2138702166458,128.0260052700527,128.48794555664062,48430500
2017-07-07,128.92158783678633,130.22259274146427,128.912165477072,129.87376403808594,36970400
2017-07-10,129.9586008230999,131.03333944521245,129.62863128027465,130.72222900390625,24853500
2017-07-11,130.5336835549497,131.25017118782864,130.0434476033589,131.08990478515625,31517700
2017-07-12,132.2117881178127,132.79629082643294,131.94781822454675,132.64544677734375,36045800
2017-07-13,132.80574390467316,133.25827615661717,132.55121069639873,132.93772888183594,31073600
2017-07-14,133.53159797283516,134.15381870179,133.10736179773906,133.98411560058594,34544800
2017-07-17,134.12551659504902,134.52147125651712,133.79554718452206,134.0500946044922,25343200
2017-07-18,133.95589110283944,134.97406698714022,133.53165474736798,134.94578552246094,25748500
2017-07-19,135.3417312931162,135.93567078192234,135.28516836756918,135.73768615722656,33752300
2017-07-20,136.08649696287094,136.17134134004567,135.30400969660784,135.9167938232422,36139400
2017-07-21,135.4171645425587,135.86026000976562,135.14377225133515,135.86026000976562,39697100
2017-07-24,135.84134204447307,136.5766885894495,135.68107568316034,136.482421875,26712700
2017-07-25,136.0299024918125,136.45415309470215,135.76593265039702,136.13360595703125,28120900
2017-07-26,136.47304820546958,136.6521737465663,136.2562188382233,136.57675170898438,18610600
2017-07-27,137.47231780475914,137.60430271505635,134.15382156478887,135.7187957763672,80665900
2017-07-28,134.90809941532987,135.83199428184582,134.6912556439346,135.60572814941406,38013200
2017-07-31,135.99225267268517,136.16194147299072,134.73838823550025,135.0306396484375,33848600
2017-08-01,135.49254935163287,135.53025316633548,134.9268914341449,135.34170532226562,20149400
2017-08-02,136.21850674756368,136.24678821178068,134.44612493512778,135.70941162109375,41769700
2017-08-03,135.8414435902535,135.91686564935918,134.93640765155922,135.1815185546875,27112800
2017-08-04,135.48309095679738,135.72820165036276,134.87029264497207,135.426513671875,29472900
2017-08-07,135.67170065711977,136.28448486328125,135.4831527771686,136.28448486328125,17933900
2017-08-08,136.02050088882868,137.14238007865742,135.66224988427038,136.0487823486328,30810400
2017-08-09,134.92690571839432,135.93565908814287,134.6157952693676,135.86965942382812,36169500
2017-08-10,135.09661323598115,135.19087997840603,132.82457327991995,132.95655822753906,63331700
2017-08-11,133.13565852111768,134.2575375560198,132.83397047782938,133.9652862548828,45862500
2017-08-14,135.0306421388811,135.89797403321134,134.99293831098996,135.69056701660156,34161000
2017-08-15,136.02996192397256,136.03939867011016,135.41717760694618,135.78485107421875,25509200
2017-08-16,136.1241960283978,136.66157250230572,135.567974839295,136.02049255371094,31913000
2017-08-17,135.4925916457621,135.69999865456475,133.23941040039062,133.23941040039062,70191000
2017-08-18,133.3147836866782,134.05955266572707,132.5982817781841,133.14508056640625,60751900
2017-08-21,133.1356233918939,133.42787461591735,132.15515189519226,132.97535705566406,37111500
2017-08-22,133.69192256373492,135.14377156366257,133.64478199368594,135.00234985351562,36294200
2017-08-23,134.32354554131663,134.8232038603965,134.22927880080502,134.5215301513672,25702300
2017-08-24,134.82319306317652,134.974037098251,133.37135878510196,134.1255645751953,38160800
2017-08-25,134.6441200132211,134.98349761014808,133.66364789337766,133.8427734375,26380400
2017-08-28,134.24813161505858,134.5686788309165,133.8238952939678,134.257568359375,15362100
2017-08-29,133.10737651028884,135.0117427160932,132.98481394505424,134.7854766845703,24498300
2017-08-30,134.89864528122678,136.59560509252495,134.81380088698242,136.3693389892578,33642700
2017-08-31,136.75585821214628,137.8400336680139,136.68043618506394,137.83059692382812,38480700
2017-09-01,138.00970214575352,138.19824999309313,137.274355471434,137.64202880859375,22293600
2017-09-05,137.23664066362983,137.52889196138912,135.37941502627447,136.40701293945312,44794300
2017-09-06,136.75585397156453,137.1329640952826,135.83195934269585,136.8218536376953,30722700
2017-09-07,137.0763800978325,137.49119402103744,136.64272145832157,137.1423797607422,22721100
2017-09-08,136.96329861585673,137.0292983001411,135.81313759639858,135.95455932617188,27890100
2017-09-11,137.01981193155618,137.75515862715974,136.98210811510842,137.51947021484375,27126300
2017-09-12,137.90603497646296,138.0285975828744,137.19896957384154,137.84947204589844,30256700
2017-09-13,137.61374288690396,138.05683822568238,137.38747684626878,138.03797912597656,28450900
2017-09-14,137.50064053065003,137.9154400980371,137.14238950147688,137.22723388671875,35296400
2017-09-15,137.19898047594853,138.19829735608272,136.97271435042845,137.69863891601562,46422400
2017-09-18,137.8582927563849,138.2929006317054,137.10243604918733,137.51815795898438,24858200
2017-09-19,137.76380699655252,137.9527675715396,137.29139835070094,137.75436401367188,20871200
2017-09-20,137.70712954947575,137.85830378636416,136.27100313257327,137.32920837402344,34236200
2017-09-21,137.2346957394856,137.24413872127352,136.00643051904922,136.48829650878906,28841800
2017-09-22,136.05368488318442,136.55443687559364,135.91196806147133,136.3560333251953,21702400
2017-09-25,135.81748012323715,135.8930672334917,134.25853742244252,134.91990661621094,54947700
2017-09-26,135.6096202641284,135.86472496119194,134.79707684332044,135.2694854736328,29628800
2017-09-27,135.98753013870726,136.99849144389268,135.6474097931489,136.48829650878906,33249400
2017-09-28,136.1575920274379,136.58275683649245,135.84580065632727,136.4410400390625,24149400
2017-09-29,136.71504737098957,137.52759074806613,136.35602663467657,137.4236602783203,43102400
2017-10-02,137.63155415705748,138.10396287500583,136.93238406445676,137.54652404785156,27351300
2017-10-03,137.72601253137108,138.00000318643953,137.42366409579648,137.83938598632812,19715200
2017-10-04,137.57484290634704,138.26455547497233,137.4425690655591,137.97166442871094,26381100
2017-10-05,138.47242492200715,139.39834186432483,138.33070808988597,139.32276916503906,31562400
2017-10-06,138.85036474407198,139.51173400878906,138.85036474407198,139.51173400878906,23561100
2017-10-09,139.6912395311605,139.84239933804463,139.17158714783778,139.35110473632812,13704800
2017-10-10,139.82352579984246,139.96524263663161,138.84090767554176,139.45504760742188,19223100
2017-10-11,139.38887597227543,139.89908531759434,139.20935840324717,139.8707275390625,12439100
2017-10-12,139.66292063514695,140.16367272405267,139.47394561409044,139.6156768798828,14513500
2017-10-13,140.1824876425483,140.3147614401841,139.62504909656616,140.15414428710938,18409900
2017-10-16,140.50378877509473,140.67384897116273,140.20144031528312,140.6360626220703,21809400
2017-10-17,140.58877438389763,140.8344216171836,140.37147050765373,140.81552124023438,13138200
2017-10-18,140.95726867505476,140.9761690541806,140.43761637483328,140.64547729492188,17218200
2017-10-19,139.8234595428892,140.14469383190323,139.14319021511716,140.12579345703125,27680300
2017-10-20,140.6927141938849,140.81553061031855,140.33367909177628,140.50375366210938,30173300
2017-10-23,140.79667576173847,140.80611874454638,139.38889281790856,139.58731079101562,29297100
2017-10-24,139.8613184570835,140.11642319157542,139.30387965155288,139.8235321044922,20289500
2017-10-25,139.54947720207898,140.0029853552361,138.25508244024354,139.29437255859375,36179100
2017-10-26,139.20934723056226,139.55893935889455,138.81252578092122,138.85032653808594,28230200
2017-10-27,141.18403371893632,143.15871271379393,140.96672978971415,142.8941650390625,60165100
2017-10-30,142.7902129957932,143.79171681552765,142.65793917840875,143.2153778076172,31733400
2017-10-31,143.67839457694737,143.96182827465566,143.26267259794855,143.75396728515625,26319300
2017-11-01,144.33026392443094,144.39640804556524,143.139799494905,143.70669555664062,29481600
2017-11-02,143.54608220028703,143.60278334708093,142.45010511398695,143.43270874023438,31017400
2017-11-03,143.95237702821942,144.8310502742239,143.46106795244026,144.81216430664062,26199200
2017-11-06,144.69875382535105,145.36013742350136,144.65152449699764,145.30343627929688,28693900
2017-11-07,145.19005555787425,145.57743406499927,144.87826415580528,145.3884735107422,21333100
2017-11-08,145.31288926157058,146.01204476773913,145.14281466766036,145.97425842285156,17373500
2017-11-09,144.77434682688764,145.28455622812663,143.71615609360302,145.20896911621094,40594500
2017-11-10,144.8688008300926,145.31286599945824,144.6136961884484,145.19947814941406,20150800
2017-11-13,144.65152940449283,145.56800330720492,144.65152940449283,145.3790283203125,12522400
2017-11-14,144.86884545198237,145.02946267085645,144.15078945876272,144.84994506835938,25173800
2017-11-15,144.22641026374941,144.55710221198947,143.40442351159777,144.1697235107422,24808000
2017-11-16,144.89714670115617,146.34271566760157,144.86880334234465,146.01202392578125,34790600
2017-11-17,146.0498445520921,146.15377502079556,145.3128882892009,145.45460510253906,28725800
2017-11-20,145.55850565694158,145.69077946112856,145.133340887538,145.34120178222656,21143900
2017-11-21,146.0309824514056,146.9852573005872,145.96485272676824,146.9191131591797,20147800
2017-11-22,147.05137380220665,147.2403343914549,146.76792570994988,147.09861755371094,17299000
2017-11-24,147.2497514226235,147.68435921706782,147.1647069265236,147.63711547851562,8280600
2017-11-27,147.58993004748044,147.92060748215383,147.23089482783072,147.57102966308594,22653400
2017-11-28,147.90171559526993,148.04344686121794,147.108072406333,147.94895935058594,25227300
2017-11-29,147.77891654353925,147.81670290218221,144.67045872879578,145.36962890625,71986300
2017-11-30,145.98375727442135,146.87188809522428,145.6436223731941,146.58843994140625,56595500
2017-12-01,145.69077771296782,146.6733954609348,143.85783043639682,145.96478271484375,59015800
2017-12-04,146.88129800965712,147.04191521431162,144.1413192976373,144.28305053710938,51319100
2017-12-05,144.25467160189618,146.02148942753934,143.706690356617,144.37750244140625,40604200
2017-12-06,143.83903030550763,145.25625664335053,143.66895564824512,145.0294952392578,28647800
2017-12-07,145.0200151872081,145.93648913810804,144.86884095645243,145.52076721191406,32666200
2017-12-08,146.58838813869409,146.94742330110267,145.93647635709456,146.16322326660156,28081700
2017-12-11,146.22939372425924,147.34427134146728,146.21993632348224,147.29702758789062,20821500
2017-12-12,147.23089140786158,147.533225467305,146.78682609390538,147.09861755371094,20310300
2017-12-13,147.69387156846224,147.85448880588987,147.16476168327856,147.382080078125,24418500
2017-12-14,147.63709682262183,148.01503226651727,147.11745901450558,147.278076171875,24594700
2017-12-15,147.85446235750558,149.1110710785889,147.60880063627914,148.950439453125,49816200
2017-12-18,149.93414836863693,150.3223369874135,149.65958474006047,150.19924926757812,26844500
2017-12-19,149.9151814858136,150.06667181421005,148.89264343950677,149.30923461914062,31415000
2017-12-20,149.83003827241023,149.85844091538132,148.56133872997077,149.14834594726562,38972600
2017-12-21,149.3565920340309,149.8299885222529,148.99680607996964,149.167236328125,18638700
2017-12-22,148.93999039119134,149.05360091740243,148.59914436564478,148.99679565429688,23330400
2017-12-26,148.16364448437363,148.38140283322556,147.65236816473785,148.19204711914062,21918700
2017-12-27,148.20153580421493,148.60866438537064,148.0689853364493,148.21099853515625,22388200
2017-12-28,148.68441853847972,148.71283562961312,148.21102187235923,148.3909149169922,25393800
2017-12-29,148.52347542726415,148.55187807339428,147.41572888742726,147.4725341796875,33186000
2018-01-02,148.22990254562927,150.09508582049682,147.8606538714984,150.05722045898438,32573300
2018-01-03,150.19926268281492,151.6478550267392,150.17086004445693,151.5153045654297,29383600
2018-01-04,152.0360795366084,152.23489805200398,151.56268285643972,151.7804412841797,24776100
2018-01-05,152.50002854391565,153.40894216932227,152.21598761838047,153.30479431152344,26992300
2018-01-08,153.30474554919317,153.97697504424332,153.24794027153877,153.90122985839844,23159100
2018-01-09,154.20416329331803,154.36511636134475,153.4467404901132,153.91065979003906,24782400
2018-01-10,153.22899712246803,153.57932040545566,152.54730491119935,153.5509033203125,34004000
2018-01-11,153.81601160755804,154.6113143351201,153.5793133352896,154.60183715820312,20473500
2018-01-12,154.46933822597674,155.8990055133617,154.27051970122946,155.73805236816406,37762700
2018-01-16,156.77004031784324,157.56534324272374,154.82911111430522,155.2930450439453,41231800
2018-01-17,156.03152551116744,157.20553985768248,155.27408804594995,156.96884155273438,33849900
2018-01-18,156.72269053519113,157.35704029937355,156.3534417337441,156.9972686767578,26432200
2018-01-19,157.4611298385631,157.74517060687685,156.7320952375043,157.48953247070312,38937600
2018-01-22,157.43276972860292,159.17486572265625,157.25287671185177,159.17486572265625,26081400
2018-01-23,159.66718514268325,160.6329181337102,159.59143996231683,160.4908905029297,37989700
2018-01-24,160.83171145207308,161.18203466237446,158.53101155158572,159.44940185546875,54287400
2018-01-25,160.54774337595228,160.6045486612282,158.8813779576241,159.3926544189453,28925000
2018-01-26,160.28258714305753,161.8542670543452,159.9701581536145,161.8353271484375,32038200
2018-01-29,161.49452399162143,161.81643021422113,160.70868389745078,161.04953002929688,37277800
2018-01-30,159.58198583192012,160.4056912365544,158.890830888341,159.7239990234375,44987700
2018-01-31,160.62343226703516,160.94535287790538,159.38313570533205,160.38673400878906,42449200
2018-02-01,159.1558963788121,160.69915902176442,158.51206967779103,159.02334594726562,38037900
2018-02-02,158.39849946160183,158.77721094899687,155.71907306987626,155.85162353515625,68478100
2018-02-05,154.39354623256088,156.93094461673147,149.5932986391769,149.7069091796875,105372200
2018-02-06,147.51982576459056,153.86333643730134,146.84761077589522,153.67398071289062,118537900
2018-02-07,153.18165037576267,154.84801548957472,151.67625280337535,151.68572998046875,91028300
2018-02-08,152.0739052814177,152.24433555425998,145.285400390625,145.285400390625,94184800
2018-02-09,147.3399167917831,148.8737312210823,142.14203265284976,147.7943878173828,113836600
2018-02-12,149.30927645624536,151.4395610379046,148.13526219949108,150.41702270507812,63050600
2018-02-13,149.55545699590942,151.49637145642114,149.32822143193087,151.1934051513672,31785600
2018-02-14,150.30340210606565,154.26099026322066,149.59330729296613,154.0242919921875,52107400
2018-02-15,155.40658087592604,156.88357543945312,153.79703588866997,156.88357543945312,51633900
2018-02-16,156.3723696681929,157.88723013252883,155.91789852666605,156.18301391601562,62256300
2018-02-20,155.63386681202076,157.81147955814131,155.56758435521527,156.4954376220703,36785600
2018-02-21,157.26233956795636,158.79613976576488,155.9557604679469,156.05044555664062,41161800
2018-02-22,156.73208108177369,157.56526340773237,155.63381236208812,156.03146362304688,37074400
2018-02-23,157.29071671587283,159.22216796875,156.64689000030455,159.22216796875,50096900
2018-02-26,159.9701719127196,161.3335418701172,159.83762145379552,161.3335418701172,39266700
2018-02-27,161.38086122469835,161.6459621044509,159.26005418667816,159.33578491210938,42209900
2018-02-28,160.24472973620394,160.76546882266194,158.2091303809506,158.3132781982422,42936300
2018-03-01,158.39846341964983,159.12749803626394,154.3272508453887,155.72850036621094,76809900
2018-03-02,153.853889768467,157.43276678702014,153.3426278144954,157.158203125,57445100
2018-03-05,156.41973563701782,159.3074437956318,155.83271393638665,158.90032958984375,38540200
2018-03-06,159.6766117828579,160.11214285979798,158.5688658583368,159.5724639892578,29480900
2018-03-07,158.35115167144852,160.0743221099568,158.07658801921463,159.94175720214844,34609400
2018-03-08,160.60450727192102,160.93587616627335,159.96068049523663,160.822265625,25828400
2018-03-09,161.9679068851201,163.9467010498047,161.73120860378702,163.9467010498047,38310500
2018-03-12,164.42957559756664,165.1964757887273,164.06032682230716,164.81776428222656,37635000
2018-03-13,165.19645907237845,165.8876284498334,162.1572612559161,162.5738525390625,55638900
2018-03-14,163.4259504721992,163.54903819286736,161.83533062087452,162.54542541503906,40536400
2018-03-15,162.65905003568795,163.3502049219649,161.80692761648115,162.40341186523438,28810400
2018-03-16,162.6779541358257,163.03772559429348,161.84477180627698,161.92051696777344,31176700
2018-03-19,160.36246333337064,160.47625819963685,157.08123814260344,158.46580505371094,71395100
2018-03-20,158.5321565972779,159.35719819366201,158.0010946745317,158.9873504638672,34075700
2018-03-21,158.57009797545274,160.03999634470762,157.60279834669134,158.29507446289062,43863500
2018-03-22,156.10442778234764,157.2044928283812,154.1887992670618,154.38795471191406,66607300
2018-03-23,154.20784318946798,154.86219278595863,150.24381880175812,150.31968688964844,80110400
2018-03-26,153.36378881987596,156.09498135829975,150.93606855032337,155.90530395507812,57481500
2018-03-27,157.06226508651713,157.06226508651713,149.53252951710505,150.86019897460938,78889100
2018-03-28,149.99721692350883,151.52402740333153,147.9772712438351,149.124755859375,89369700
2018-03-29,149.93084994324363,153.35431888005857,148.53680488360385,151.85595703125,68692600
2018-04-02,150.77486648346974,151.48611339180113,145.92890363589106,147.47467041015625,85549400
2018-04-03,148.76441423286607,149.76016290246207,146.45998095528037,149.13426208496094,64090000
2018-04-04,146.2513184350684,151.95077125217992,146.0806116684279,151.48609924316406,65768700
2018-04-05,152.99394667733458,153.23102896974905,151.23953192532576,152.3490753173828,43054900
2018-04-06,150.67052937774895,152.1688910657311,147.82554212798996,148.5367889404297,59870900
2018-04-09,149.81705363035536,152.56721718836326,149.32393282990395,149.57997131347656,41810400
2018-04-10,151.93178277350358,153.37323231451606,150.85068838256876,152.88011169433594,48296800
2018-04-11,151.92230088987702,153.62929596129516,151.82747667334667,151.9981689453125,41622100
2018-04-12,152.91805844357725,154.35952264308526,152.8327123024469,153.82846069335938,30467900
2018-04-13,154.59661202950136,154.82420174967174,152.36803288380975,153.0318603515625,44604900
2018-04-16,154.10349503207254,154.75784449546558,153.13619519617177,154.19833374023438,28180800
2018-04-17,155.75356349817457,157.85885508079815,155.44061318504376,157.5174560546875,35536100
2018-04-18,157.5174915772263,158.3709820998015,156.76830337886395,157.8399200439453,29573900
2018-04-19,157.04331121318657,157.41315899859802,155.84840723696925,156.3889617919922,34705700
2018-04-20,155.99067690252605,156.10447177716878,153.37327902290036,153.91383361816406,49197100
2018-04-23,154.66297052440083,155.2699004953339,152.6999370521454,153.5249786376953,33040600
2018-04-24,154.25530526824525,154.492387682169,149.25760393103087,150.27232360839844,70256800
2018-04-25,150.53778372191283,151.07832384601252,148.38507236755763,150.45242309570312,52089300
2018-04-26,152.396489835845,154.1319338977122,151.90335463156612,153.61984252929688,43005500
2018-04-27,155.87684983910054,155.91479110657227,152.84219960727992,153.71466064453125,51043400
2018-04-30,154.07504221148793,155.03284946885802,152.24475937925305,152.6240997314453,35615300
2018-05-01,152.2257998756392,154.38798918946975,151.86543016654926,154.3690185546875,36513500
2018-05-02,154.63453695834895,155.11819404857624,153.27843332420161,153.4586181640625,38646800
2018-05-03,152.68100049746667,154.00865558321564,150.99297568686222,153.43966674804688,60337100
2018-05-04,152.77582291589437,156.7113828700259,152.66201358471108,156.35101318359375,41543200
2018-05-07,157.0812347772602,158.16232939469043,156.95794736121027,157.65023803710938,32500200
2018-05-08,157.31829167453236,157.83038294948977,156.34151399666138,157.48899841308594,26040200
2018-05-09,157.77351906623613,159.3193002407522,157.21400832994246,159.20550537109375,29122700
2018-05-10,159.7175835479745,160.9693848921258,159.59429613580258,160.85557556152344,27067600
2018-05-11,160.66593140924584,161.08319857271485,160.0021038629794,160.70387268066406,24688800
2018-05-14,161.0736900086025,161.99357031662134,160.71332035010164,160.97885131835938,21821700
2018-05-15,159.70815087931882,159.7934970487736,158.3520323708768,159.196044921875,49361600
2018-05-16,159.4046144970717,160.61847443172474,159.3287464423619,160.24862670898438,22941200
2018-05-17,159.68914535867944,160.84610808198119,158.85461107423765,159.6322479248047,27480200
2018-05-18,159.01583957848112,159.5658722726055,158.5701381496388,158.80722045898438,26217900
2018-05-21,160.03997685706554,160.7417454388089,159.01577992844702,159.69857788085938,22954600
2018-05-22,160.4288413065183,160.69437231211054,159.20550306435084,159.489990234375,19477700
2018-05-23,158.27610893563622,160.85556504861896,158.257152773736,160.83660888671875,26557800
2018-05-24,160.78919982910156,161.07370144968664,159.16755072101418,160.78919982910156,27696500
2018-05-25,160.77023934091653,161.52890555356723,160.46678153806891,160.95042419433594,27460500
2018-05-29,160.22019562641287,161.14007599425048,159.2813590955759,160.23916625976562,41220500
2018-05-30,160.81765366711244,161.6711440857028,160.4762546056055,161.3866424560547,22665800
2018-05-31,161.38662041249307,162.353920033033,160.86505104479156,161.28231811523438,35670900
2018-06-01,162.08844108890113,163.90923159575732,162.04102173016057,163.8144073486328,45543300
2018-06-04,164.23162379329236,165.33168900342926,164.1273214856095,165.29376220703125,20459600
2018-06-05,165.68261997398508,166.08091654739832,165.07568979492345,165.80589294433594,24779300
2018-06-06,165.9765242807864,166.80156577414192,165.14199023762663,166.7731170654297,25036600
2018-06-07,166.80154327076448,166.83947005381395,164.5824574684874,165.41697692871094,39600300
2018-06-08,164.63939886259396,165.84378074863625,164.23160986654014,165.426513671875,31780300
2018-06-11,165.3032805584864,166.28005859516657,165.27483183666905,165.87228393554688,22319700
2018-06-12,166.09983389607814,166.90591940863624,165.91966352454074,166.7447052001953,22511800
2018-06-13,167.00069935049626,167.9869548876023,166.36530635147452,166.73516845703125,37858600
2018-06-14,167.50336793728496,168.69825735382278,167.38008052791284,168.42324829101562,35916000
2018-06-15,167.7878925315865,168.16723292572564,167.01027004672497,167.83531188964844,49615700
2018-06-18,166.77845469408697,167.88085977308367,166.2557545050282,167.73831176757812,31633200
2018-06-19,165.61906658811495,167.30119157307357,165.08686786961997,167.26318359375,38236000
2018-06-20,168.03295061402073,169.1448687592361,167.88088971348046,168.45111083984375,33038000
2018-06-21,168.8787843964263,169.04985655002235,166.66444627809435,166.98757934570312,43469400
2018-06-22,167.54827575546196,167.61479333729017,166.0181973575027,166.61692810058594,30073200
2018-06-25,165.1058387969804,165.35294137859935,161.38043384859503,162.8629913330078,77799700
2018-06-26,163.46172719517452,164.4691052867466,162.862996460954,163.52825927734375,39008100
2018-06-27,164.2220216399969,164.963300425591,161.19037441365197,161.30441284179688,52843500
2018-06-28,161.10482759536131,163.24313489216246,160.77219621532913,162.69192504882812,46407700
2018-06-29,163.47118853690554,164.3360184012658,162.89146917194478,163.12905883789062,36408500
2018-07-02,161.59903063796187,164.26955148775508,161.2474024643612,164.22203063964844,31770000
2018-07-03,164.83978061700833,164.83978061700833,162.15977553435707,162.3213348388672,25512700
2018-07-05,163.37620229990637,164.46910923652052,162.53988182584095,164.3360595703125,31626200
2018-07-06,164.7161715991537,167.0160378397544,164.41204986420365,166.89248657226562,37005600
2018-07-09,167.7573500489949,168.43209671893888,167.09210174717504,168.3940887451172,27362100
2018-07-10,168.70770803092606,168.89777690169586,167.93791967844686,168.51763916015625,23902500
2018-07-11,167.1965962462364,168.28001906681746,167.073059478267,167.6622772216797,30280600
2018-07-12,168.40360162928044,170.55142211914062,168.2895631966601,170.55142211914062,27930100
2018-07-13,170.54193930629557,170.96959800532173,170.06675975152666,170.69400024414062,28049800
2018-07-16,170.73200929986223,171.01711993477946,170.0002432218808,170.28533935546875,21405300
2018-07-17,168.47961926874322,171.68232401936834,168.47961926874322,171.32119750976562,31034100
2018-07-18,171.34020719158946,171.48276973361803,170.47539157578655,170.99807739257812,23220800
2018-07-19,170.38036624746783,170.9505874677031,169.94320921310506,170.1427764892578,31094100
2018-07-20,170.6559462030538,171.22615281408937,169.91465295645455,170.104736328125,35897300
2018-07-23,169.60105252881826,170.72246904938171,168.91679297340386,170.6464385986328,22184700
2018-07-24,172.40463052056805,173.01285970351455,170.64646056136627,171.3497314453125,36900300
2018-07-25,171.42573571016183,173.84913920072938,171.340192391803,173.74461364746094,35026600
2018-07-26,171.38773456377848,171.93894451102202,170.88404546568697,171.1121368408203,40873500
2018-07-27,172.19555356266724,172.309592004913,167.83340913083367,168.80276489257812,59456100
2018-07-30,168.8122825211761,168.90730972528303,165.6190755363528,166.41737365722656,60193000
2018-07-31,167.07311412892707,168.33709333173778,166.14176637471348,167.6908416748047,47285100
2018-08-01,168.08042662695814,168.83120355847117,167.35815929402648,168.3275146484375,37101900
2018-08-02,167.13961806470147,170.81751693378456,167.0635876111949,170.61793518066406,47178200
2018-08-03,170.94107374109615,171.15015388738092,170.19029648949385,171.14065551757812,28934400
2018-08-06,171.02659371457545,172.19553109908531,170.81751359684836,172.14801025390625,24808800
2018-08-07,172.63269075814264,173.09837184602304,172.26205136209944,172.77525329589844,29895700
2018-08-08,172.5376289464352,173.2979188245954,172.0719479519978,172.9842987060547,22680700
2018-08-09,172.87982177734375,173.56408146734864,172.62322076825976,172.87982177734375,18852900
2018-08-10,171.7108079721165,172.22400980585118,170.9125101211107,171.5587615966797,33818500
2018-08-13,171.8723871015071,172.97479223924654,171.2926676793552,171.3686981201172,26089200
2018-08-14,172.02446669885106,172.64220871132906,171.10261736592713,172.442626953125,20913000
2018-08-15,171.07408817731056,171.61579967234317,169.27791056436416,170.3328094482422,58528000
2018-08-16,171.64430123164448,172.00544221140498,170.5608927936873,170.89352416992188,27711800
2018-08-17,170.4469016940371,171.35923826277062,169.42051217821566,170.93157958984375,36092600
2018-08-20,171.31167860857735,171.37821068775344,170.11423169533302,170.77947998046875,24939000
2018-08-21,171.29271509798892,172.43314302247376,171.18817502566702,171.40675354003906,26258700
2018-08-22,171.04560154990082,172.27157272896844,170.8270230494858,172.07199096679688,18042400
2018-08-23,171.76787092355596,173.01283874869645,171.53977956957894,171.82489013671875,25776200
2018-08-24,172.39507380849156,173.56402552794034,172.3570658385539,173.4214630126953,23136100
2018-08-27,174.29579312382256,175.1891326904297,174.02019546030448,175.1891326904297,29343600
2018-08-28,175.65483512048132,175.83540562952786,175.07511561838103,175.4457550048828,20277000
2018-08-29,175.74986989454936,177.5650589304477,175.6833523101655,177.47003173828125,29175600
2018-08-30,177.12789298155053,178.21130152645128,176.56717022043534,177.15640258789062,29315500
2018-08-31,176.9378058829727,177.88816474452395,176.74773701092755,177.3844757080078,28653200
2018-09-04,176.8427697509072,177.1468770305292,175.67383247070833,176.6241912841797,29063500
2018-09-05,176.31060333528595,176.33911294479086,173.7446369705543,174.34335327148438,42623300
2018-09-06,174.41939348954,174.62847363849232,171.61583722118763,172.78477478027344,46091400
2018-09-07,171.5397873070904,173.6020644503461,171.4827680913557,172.1195068359375,46629500
2018-09-10,173.10786611229807,173.20290780188296,171.75835822788284,172.69921875,26132000
2018-09-11,172.0054845249532,174.31484998660366,171.55881462473369,174.0297393798828,30116500
2018-09-12,173.7731415067236,173.89667831052904,172.0244700006214,173.51654052734375,36204000
2018-09-13,174.599916905592,175.70233657502786,174.5238864627353,175.3697052001953,31133200
2018-09-14,175.49332152252006,175.7689192913569,174.16281003140995,174.85658264160156,31224100
2018-09-17,174.56187909102744,174.685430362476,172.17648397401638,172.33804321289062,33071200
2018-09-18,172.48068051537692,174.6094756461223,172.39513717425794,173.76365661621094,31877300
2018-09-19,173.7921134590976,174.20077529399987,172.49962487874194,173.63055419921875,31843400
2018-09-20,174.82804063851455,175.7878979675069,174.40988037595886,175.55030822753906,33295800
2018-09-21,176.0254755526097,176.2725636446367,174.3718458561419,174.59043884277344,38605400
2018-09-24,173.32420019269114,175.14265584526314,172.6101482950509,175.0760040283203,34945600
2018-09-25,174.99985652394057,175.4473302592193,174.40004821337016,175.3140411376953,25277500
2018-09-26,175.46635082988104,177.0753500505911,175.0950444349035,175.4377899169922,36210600
2018-09-27,176.15186088156187,177.5514038744574,176.05664814333358,176.92303466796875,33113300
2018-09-28,176.42791387636706,177.35142201991485,176.10421388494765,176.88490295410156,28076800
2018-10-01,177.9131495717101,178.5415186696014,176.79923045858732,177.2467041015625,27371300
2018-10-02,177.09438028739714,178.20829946800947,176.43746476607902,176.8468475341797,25618600
2018-10-03,177.5894791396076,178.00839194130631,176.76118352642777,177.0372772216797,29128700
2018-10-04,176.323209495381,176.43746767580012,172.38164366535705,173.6383819580078,80557300
2018-10-05,173.61930719933738,174.20006988307253,169.87766839365477,171.51522827148438,83325600
2018-10-08,170.9154760295584,171.98178894204224,168.44960562830366,170.46800231933594,66864500
2018-10-09,170.59172941463584,172.34354754864228,170.1823466866776,171.02017211914062,49097900
2018-10-10,169.95385251161585,170.0585806953768,163.2798532444409,163.4988250732422,114471100
2018-10-11,162.8228838293248,165.0887987187315,159.7667352080754,161.470947265625,143084500
2018-10-12,165.8218568361367,166.47878677388903,162.73714803046397,165.9646759033203,102078400
2018-10-15,165.38388327798074,165.6980532085638,163.33692657175004,163.95578002929688,64885300
2018-10-16,165.67904446532552,169.13504491103075,165.37437542500382,168.7256622314453,71979700
2018-10-17,169.54448594774533,169.71585143166217,167.05958473898878,168.79234313964844,66987600
2018-10-18,168.15442267346393,168.21154448926092,164.1747812137926,164.87930297851562,82486200
2018-10-19,166.21221512751114,167.6308032302345,164.12718160074417,164.72698974609375,82923700
2018-10-22,165.71714537447562,166.85010992890815,164.3176026339909,165.5743408203125,52909300
2018-10-23,162.4610803244757,165.7838069113593,160.72832201347433,164.96502685546875,77567000
2018-10-24,164.77457269014778,165.05066628108426,157.12944600252476,157.41506958007812,102997400
2018-10-25,159.86193464041557,163.83206125702893,159.14788277712347,162.86094665527344,83481100
2018-10-26,157.28184741262774,161.8137066345998,156.35833901793634,158.671875,130970900
2018-10-29,161.0995867692778,161.71842575025636,152.41670842517487,155.4062042236328,111871900
2018-10-30,154.949243166997,158.08154405615696,154.24470681612027,157.96730041503906,92584000
2018-10-31,160.53787965578863,163.04182592311986,160.4617123879793,161.6803741455078,73828600
2018-11-01,161.91838028654476,163.98436825390317,160.69020315269333,163.81298828125,52706800
2018-11-02,163.3084019845869,164.2795164773199,160.15705577276574,161.26145935058594,75966800
2018-11-05,161.47094174744802,161.52806357492466,159.07172330146813,160.8616180419922,39573500
2018-11-06,160.87109902324738,162.9846933513967,160.63308177482892,162.08023071289062,34410400
2018-11-07,164.02244552959615,167.16427612304688,163.6320937545104,167.16427612304688,51169600
2018-11-08,166.38358578421858,166.89771121842776,165.30775761156076,166.0979766845703,40296500
2018-11-09,164.54609730376765,164.9459645654844,162.0040746580836,163.29888916015625,50602700
2018-11-12,162.15642721523568,162.4610817938873,158.21484692436925,158.357666015625,62578400
2018-11-13,159.1002752090499,161.35667443118766,158.04347787828496,158.49095153808594,64128100
2018-11-14,160.06188569908852,160.61408763510943,156.3773821653386,157.28184509277344,75270700
2018-11-15,156.9962068338639,160.4617381753091,155.62523937523443,160.03330993652344,73254300
2018-11-16,158.47191258724223,160.2427618485222,157.8340279779939,159.47158813476562,65390700
2018-11-19,158.70992826330897,158.90033919246005,153.7972478431284,154.29232788085938,67280500
2018-11-20,150.7791683624586,153.64490545418477,149.598612057091,151.53131103515625,102652800
2018-11-21,153.61635728282297,154.20663548445114,151.59796088344277,152.68331909179688,42965800
2018-11-23,151.46469078800388,153.13081194571666,151.46469078800388,151.57894897460938,23503700
2018-11-26,153.70202238048194,155.15868679488534,153.05460790329147,155.08251953125,42012600
2018-11-27,154.23518887325832,155.99652245839667,153.45448526505874,155.60617065429688,36608100
2018-11-28,156.72963054133936,160.61407470703125,155.63475674795546,160.61407470703125,70141000
2018-11-29,159.93811880336224,161.14723629312792,158.82419952230057,160.09043884277344,44885700
2018-11-30,160.309383590726,161.3471353188187,159.50963458628507,161.25192260742188,36722800
2018-12-03,164.81268108890382,165.00309200180993,161.38522654690811,164.070068359375,50771700
2018-12-04,163.21317640595507,163.6701799708828,157.58645983919564,157.77687072753906,70594700
2018-12-06,154.5969817865573,158.90985355473777,154.01621906693325,158.89080810546875,71715500
2018-12-07,158.19580175817202,159.1097799392625,153.14983273064016,153.64491271972656,80432200
2018-12-10,153.35926854667193,155.9298518118432,151.76931513996445,155.25389099121094,73960800
2018-12-11,157.78641785961466,157.82450876138103,154.4541757987595,155.76803588867188,59058300
2018-12-12,158.04347030619365,159.5667866743304,157.05332483609985,157.13900756835938,53780000
2018-12-13,158.16724500583982,158.82417501244228,156.16789407508645,157.18661499023438,46378500
2018-12-14,155.38719516103572,155.95842787134256,152.99749256154345,153.35928344726562,56547400
2018-12-17,152.70240913490318,153.92105679393535,148.68467514022876,149.88427734375,74834100
2018-12-18,151.04575404774369,152.28344675982314,149.5129222446328,150.8267822265625,63642100
2018-12-19,150.59822936438317,153.01649214822135,145.99022005621214,147.12318420410156,81856500
2018-12-20,146.76141884839492,148.39897856014474,143.18164492342171,144.99057006835938,99002100
2018-12-21,145.71420758418486,146.70435325265942,139.6876072416377,140.4968719482422,141129400
2018-12-24,139.4761543982672,141.29025515634567,136.97460155799425,137.01278686523438,56163300
2018-12-26,138.5213574124602,145.64410437689799,137.57610718480598,145.56773376464844,98982100
2018-12-27,143.57220516546255,146.25517091060647,140.43094290299098,146.1310577392578,85824300
2018-12-28,147.18135163205488,148.55625603731846,144.86121137491256,146.05470275878906,77856600
2018-12-31,147.4868746330001,147.97381381406322,145.80644421199165,147.28636169433594,53015300
2019-01-02,144.16418268302837,148.70899156234705,144.05915488311425,147.87832641601562,58576700
2019-01-03,145.70145851883362,146.33161100325788,142.73205087270742,143.04713439941406,74820200
2019-01-04,145.45316827768136,149.90250734249278,144.8803011948339,149.1673126220703,74709300
2019-01-07,149.53967516877606,151.6784167360542,149.05273598305433,150.94322204589844,52059300
2019-01-08,152.32766386092172,152.8719028463536,150.09345181006177,152.30857849121094,49388700
2019-01-09,152.90053792476,154.218156819009,152.26082841538826,153.5498046875,46491700
2019-01-10,152.38496842709827,154.07494154520555,151.5256459868379,153.989013671875,38943400
2019-01-11,153.08200930787905,153.58804858399023,152.56641277475376,153.4257354736328,30176600
2019-01-14,152.1271857674301,152.7287100801181,151.4206336313995,152.0699005126953,30710200
2019-01-15,152.76690945913336,155.2493775654394,152.68098156911967,155.03932189941406,40874200
2019-01-16,155.2970615949166,156.37598224953632,154.9533355632049,155.01063537597656,33812200
2019-01-17,154.51415771896586,156.92978291818682,154.26591677611984,156.2327880859375,39329000
2019-01-18,157.33080236185145,158.51475102441884,156.41420916481994,157.77955627441406,57183200
2019-01-22,156.6433893488983,156.7197745625824,153.49256848713136,154.61923217773438,56711700
2019-01-23,155.41168380339158,156.11822140432312,153.07244351927793,154.8197021484375,38106100
2019-01-24,155.325692972528,156.05134485860142,154.73372607092716,155.8221893310547,32417800
2019-01-25,157.07298460204183,158.1614479936636,156.53830287548863,157.68405151367188,36515900
2019-01-28,155.6503392272823,155.74580977380063,154.43774819153273,155.73626708984375,33491200
2019-01-29,155.8222176294789,155.86041750883203,153.7121332182538,154.2659149169922,30784200
2019-01-30,156.01313706681032,158.76294498185808,155.52619798559638,158.1900634765625,41346500
2019-01-31,159.16400955601583,161.35049395073642,158.94441121860712,160.55801391601562,37258400
2019-02-01,159.76549543367247,160.97808647874677,159.44086934884416,159.88006591796875,32143700
2019-02-04,159.90868453607868,161.8660125732422,159.7654714522052,161.8660125732422,26718800
2019-02-05,162.08562679093305,163.4891734270724,162.01879886820296,163.2982177734375,28156400
2019-02-06,163.3364641971419,163.6228904747357,162.0761302997826,162.8113250732422,27970000
2019-02-07,161.38865418257222,161.78966548077221,159.40268306125952,160.62481689453125,42036200
2019-02-08,159.22128051998942,160.9685535140678,159.03988208214375,160.93991088867188,29020700
2019-02-11,161.52231927400283,161.9137878744139,160.38611334884993,160.78712463378906,21434100
2019-02-12,161.9615170260332,163.40324899554577,161.6750762550817,163.16455078125,29722100
2019-02-13,163.8901959032232,164.37714960769725,163.09773061477298,163.2791290283203,26094100
2019-02-14,162.69672277432053,164.06208435195768,162.15249833550328,163.4796600341797,30326800
2019-02-15,164.7208347168751,164.75902001314057,163.4032161765275,164.16705322265625,32521700
2019-02-19,163.66103416098252,164.98819554440698,163.63239154305822,164.49169921875,19487700
2019-02-20,164.6063021070828,165.25556890218667,163.5751385207738,164.4630889892578,32593000
2019-02-21,164.0238700556894,164.47262389563062,162.99270651814774,163.86155700683594,25207400
2019-02-22,164.2148650398717,165.188743479738,164.1289225913068,165.0741729736328,27735400
2019-02-25,166.33452985416625,166.76418388055416,165.56113512388242,165.67572021484375,32608800
2019-02-26,165.2746823513627,166.37268852840353,164.9977842089532,165.84754943847656,21939700
2019-02-27,165.0837136532886,165.94303614559277,163.9952501515587,165.74252319335938,25162000
2019-02-28,165.22692527097536,165.9525626785042,164.89274190610905,165.360595703125,25085500
2019-03-01,166.5541207455064,166.75461914997274,165.35107204275877,166.50637817382812,31431200
2019-03-04,167.60438258326627,167.84308086997248,164.67317519838758,166.53501892089844,38063500
2019-03-05,166.6591033935547,167.17468514853607,165.83798091785584,166.6591033935547,22319900
2019-03-06,166.8214151794805,166.85005780070875,165.44651108459183,165.71385192871094,27194600
2019-03-07,165.2937476490403,165.3510328938963,163.06907837023488,163.68014526367188,39407400
2019-03-08,161.84694030338719,163.5178278894257,161.6846272575929,163.43190002441406,39303200
2019-03-11,164.10981204922217,166.94554819228236,164.08116942708895,166.83096313476562,30518400
2019-03-12,167.27014695211636,168.17719716572475,166.8691357388047,167.74754333496094,33953500
2019-03-13,168.61640432397107,169.88626585207965,168.37770613810417,169.0078582763672,42426100
2019-03-14,169.12246205408147,169.3229603937988,168.6737082494038,168.72145080566406,23751500
2019-03-15,169.38024289194357,170.79334677566342,169.26567241395963,170.2873077392578,38192000
2019-03-18,170.21466669027356,171.20946697611117,169.8703149906379,170.69293212890625,32935100
2019-03-19,171.39115424466002,172.17551638067835,170.53984255304218,171.26681518554688,36893300
2019-03-20,171.27639999764403,172.99815832945106,170.49205234373844,171.9459686279297,50105000
2019-03-21,171.42942086898657,174.88249703098901,171.41028616962532,174.63380432128906,42428500
2019-03-22,173.8781718982724,174.3468772560875,170.61639828777814,170.7981414794922,70794500
2019-03-25,170.1763934448595,171.06596005852316,169.23898277791127,170.47291564941406,46336500
2019-03-26,171.79290996025438,172.83552486208418,170.39636879425802,171.26681518554688,33248100
2019-03-27,171.52509554713254,171.90770199655512,168.9233308236576,170.16680908203125,37096700
2019-03-28,170.6067741444482,171.1998183615748,169.53546469531713,170.55894470214844,30368200
2019-03-29,171.87903655570042,172.01295029538667,170.82684674709208,171.850341796875,35205500
2019-04-01,173.61984055506585,174.33723840839122,172.9120173475694,174.12680053710938,30969500
2019-04-02,174.31815927571364,174.9590330905085,173.87814873357826,174.78684997558594,22645200
2019-04-03,175.77212505956362,176.8817044830559,175.24604470466167,175.791259765625,31633500
2019-04-04,175.83905270315555,176.4799265657825,174.71033880808773,175.72427368164062,28530800
2019-04-05,176.23120871552845,176.73816878233495,176.0207708090617,176.63294982910156,25674700
2019-04-08,176.34597166687823,177.22597801585468,175.6477084565324,177.08250427246094,22697500
2019-04-09,176.4799196134418,177.06340394232524,176.08773851138068,176.46078491210938,25631900
2019-04-10,176.6903473554767,177.46513486651628,176.49904413968292,177.40774536132812,24563000
2019-04-11,177.70430612060665,177.70430612060665,176.66169096196967,176.98690795898438,20654100
2019-04-12,177.77124041405915,177.86688472890083,177.01557297065727,177.75210571289062,24989100
2019-04-15,177.76165753604545,177.98167010054664,176.59468894229946,177.78079223632812,21073000
2019-04-16,178.43126018346854,178.7851865265728,177.84777577511028,178.39300537109375,27195700
2019-04-17,179.5886337142038,179.76080222936824,178.48862927932072,179.01470947265625,29651600
2019-04-18,179.31127263443338,179.62691495869478,178.1921187391353,179.2443084716797,28580900
2019-04-22,178.45994350550225,179.81821537696936,178.3260151929698,179.75125122070312,17936000
2019-04-23,180.21037639242633,182.2573514878714,179.95212361455012,182.037353515625,33665600
2019-04-24,182.19042863651592,182.420001290448,181.4060663488747,181.46347045898438,24977100
2019-04-25,182.82170484159627,182.90778909578103,181.21472578598505,182.199951171875,29517500
2019-04-26,181.91297828889756,182.4008182247179,180.39209817304214,182.362548828125,26359500
2019-04-29,182.36255019902723,183.00343853504035,182.06602805294563,182.7164764404297,21716200
2019-04-30,181.24340701028248,181.59733324356984,180.02862370389855,181.30079650878906,31495300
2019-05-01,182.48696471980216,183.00349958150719,180.5930376163914,180.71737670898438,34797100
2019-05-02,180.6599874084313,181.59739820436164,178.74692559788446,179.9330291748047,44110100
2019-05-03,181.4251752504127,182.93649550064933,181.09995831688713,182.80258178710938,30386200
2019-05-06,178.91909811164209,181.9321644458897,178.64169599212576,181.6834716796875,38371800
2019-05-07,179.70340687061966,180.4686343025898,176.48946333274444,178.14427185058594,58818100
2019-05-08,177.56077319456213,179.03382384051133,176.91989946839934,177.69468688964844,37165300
2019-05-09,175.71466445425392,177.3503381664661,174.17464963814712,176.7381591796875,55351700
2019-05-10,176.10686393847715,177.80948737988223,173.16074769496163,176.9581756591797,58526400
2019-05-13,172.45287391406097,173.38070964782196,170.31981502920178,170.8172149658203,67185800
2019-05-14,171.71642665362353,173.7347073823641,171.0851127736187,172.69207763671875,43360600
2019-05-15,171.55376479333103,175.57119029693308,171.51549539677862,175.1311798095703,40944500
2019-05-16,175.20774638353993,177.98169448457364,174.99730843809937,176.8912353515625,39281200
2019-05-17,175.1407628622321,177.51295471989218,174.930324957589,175.08335876464844,44702300
2019-05-20,172.64420496076946,173.30419878286827,171.54418606627556,172.12767028808594,38608300
2019-05-21,173.6103074994644,174.40422966538463,173.05551798850212,173.92596435546875,31613800
2019-05-22,172.95992659500916,174.15559023557137,172.89296242529605,173.15122985839844,24332600
2019-05-23,171.16158007437997,171.2381042703414,169.4398221539929,170.50157165527344,45351300
2019-05-24,171.41984153614376,172.03202048735562,170.20504368457586,170.4154815673828,25903300
2019-05-28,170.89376677720188,171.85029741234283,169.7554929861043,169.77462768554688,24763800
2019-05-29,168.72246445913737,169.3059488213814,167.47897152044501,168.37811279296875,42178800
2019-05-30,168.8276244154085,169.56415694860564,168.12936127368715,169.0858917236328,30354800
2019-05-31,167.09640326012394,167.67031310465805,166.31204083177104,166.38856506347656,45446200
2019-06-03,165.93894999912084,166.3885206181118,161.91196372539434,162.72500610351562,75842300
2019-06-04,164.55196503690408,167.3641674572933,163.92065131079644,167.30677795410156,47797800
2019-06-05,168.90415880969064,168.93285355728332,166.79979461174338,168.5502471923828,34412700
2019-06-06,168.8371844462781,170.30067486688836,168.09109186304525,169.88937377929688,29913200
2019-06-07,170.79811140726443,173.86858123157793,170.57811344337264,173.17030334472656,45888300
2019-06-10,174.32769644014897,176.81468176117068,174.28944163935552,175.18856811523438,41385300
2019-06-11,177.01554813512195,177.34076503185614,174.83465956390677,175.42770385742188,41260300
2019-06-12,174.9494273422117,175.31291361259898,174.08855570713368,174.4137725830078,27758100
2019-06-13,175.14074094879598,175.8772589273955,174.79638938387387,175.4468231201172,23715800
2019-06-14,174.5477267239581,175.15034576546722,174.0312065423081,174.70077514648438,22844100
2019-06-17,175.08337702293323,176.2407856191689,174.89207379753492,175.75296020507812,20379500
2019-06-18,177.8285889974028,179.55990686945484,177.36944384802652,178.30685424804688,48177300
2019-06-19,178.54601980261103,179.37819682165104,177.50340486683677,178.97645568847656,31672900
2019-06-20,181.4729850498021,181.511239851456,179.02426906999472,180.64080810546875,40922000
2019-06-21,180.43042113263877,181.52086573127514,179.99041051418777,180.37303161621094,39980400
2019-06-24,180.7334631303271,180.9156081441759,180.28289850483958,180.37876892089844,19375200
2019-06-25,180.25412523127173,180.3595768290091,177.01389852604305,177.28231811523438,33921100
2019-06-26,178.46147457822113,179.58308821367626,177.81918375934194,178.1067657470703,22595700
2019-06-27,178.74907516082374,179.20922097917295,178.29851053302093,178.78741455078125,19709200
2019-06-28,179.21880923486822,179.41053544775764,178.37521097260034,179.0175018310547,21179200
2019-07-01,182.44941931928807,182.68908069525745,180.58964470132267,181.43324279785156,31025600
2019-07-02,181.37573637809552,182.17141394538373,180.85807421376495,182.15223693847656,18035800
2019-07-03,182.61236111651115,183.5230712890625,182.42062034101198,183.5230712890625,15792100
2019-07-05,182.2672788270511,183.48474811499906,181.55787587069386,183.14923095703125,21415600
2019-07-08,181.96052558661424,182.01804198425424,181.11691274716978,181.8646697998047,17598800
2019-07-09,181.00184491656844,183.00541039466066,180.84845813403743,182.7753448486328,19193500
2019-07-10,183.88739814714253,185.1048674750675,183.55186635038723,184.59678649902344,28374500
2019-07-11,184.8748106655649,185.34453764996246,183.8778110454052,184.46258544921875,23736100
2019-07-12,184.6638972182639,185.53625355279647,184.4913334125983,185.52667236328125,20211900
2019-07-15,185.9580647222689,186.15938672943233,185.44040254748813,186.12103271484375,15606100
2019-07-16,185.89099465811853,186.06354386599983,184.59681708791777,185.16241455078125,20190900
2019-07-17,185.16238884677202,185.48833946269883,184.2325014593257,184.25167846679688,16765100
2019-07-18,183.37931123532533,184.81727964197137,182.80413264932957,184.46258544921875,28877000
2019-07-19,185.727967612471,185.81424218899141,182.9191289454598,183.11085510253906,29387900
2019-07-22,183.52308838676257,184.9610565703683,183.52308838676257,184.56800842285156,18954900
2019-07-23,185.57460205559488,185.7950864300593,184.33794113965416,185.77590942382812,23786700
2019-07-24,185.06648914651075,187.08923143546096,185.0473121435905,187.0796356201172,20422900
2019-07-25,186.4469580235077,186.47571621666083,184.95145884070303,185.30616760253906,23434700
2019-07-26,186.4853170965318,187.4631396502938,186.38944669071915,187.21388244628906,20431200
2019-07-29,187.041366423173,187.10846401691907,185.39249461976237,186.57162475585938,20451700
2019-07-30,185.1431979624516,186.49487691176398,185.0089881863579,185.7663116455078,18705000
2019-07-31,186.26480593866532,186.38941989498272,181.49075589648209,183.1971435546875,41627500
2019-08-01,183.51351843312352,186.91671320615882,181.40450105883025,182.2864532470703,63251600
2019-08-02,180.915588864479,181.17442725803681,178.50939380664948,179.6022491455078,55214000
2019-08-05,175.84433662234596,175.92103001749456,171.7892702628374,173.25599670410156,75040000
2019-08-06,174.85693026622062,176.1990427192213,173.58194464613536,175.68136596679688,41897200
2019-08-07,173.7736576428369,176.8796594108302,172.45072229556976,176.6304168701172,49990600
2019-08-08,177.42610848888714,180.532125132757,176.93720455651518,180.47459411621094,38418100
2019-08-09,179.61181840356954,180.22535092800092,177.37817267131044,178.77780151367188,33608900
2019-08-12,177.6753834616484,178.2122226918561,175.9114789544597,176.72633361816406,24642900
2019-08-13,176.57291966962129,181.8358741828538,176.40995168747628,180.59922790527344,40241900
2019-08-14,177.69452571039088,178.26012302959205,174.87610567536257,175.20204162597656,51000500
2019-08-15,175.43215054803335,175.9977479599001,173.66824609690406,175.00076293945312,36685000
2019-08-16,176.59208585678573,178.26011958817796,176.4866342715324,177.80955505371094,32781400
2019-08-19,180.37877995056948,181.0210708196773,179.74607027254467,180.63760375976562,22494100
2019-08-20,180.18697916332533,180.8388509537362,179.18997984794015,179.2379150390625,19902900
2019-08-21,180.81013817872793,181.404493740183,180.18702442092956,180.82931518554688,20418500
2019-08-22,181.16479820098039,181.62495851126934,178.82570115419784,180.2445068359375,24243700
2019-08-23,179.01749228509075,180.65676813982037,174.05170025774933,174.54061889648438,55372400
2019-08-26,176.52497809122357,177.22478519580514,175.5088162229292,177.17686462402344,27598900
2019-08-27,178.41352592315718,178.71070370659115,176.1127824281189,176.80299377441406,28012800
2019-08-28,176.22781134865835,177.73287723980545,175.34585920731524,177.43569946289062,21792400
2019-08-29,179.6405549892558,180.66631255471447,178.95991034151243,180.1486358642578,25358900
2019-08-30,181.1168994889403,181.15525350307374,178.70112319827118,179.71728515625,26319800
2019-09-03,178.51896914509211,179.43926064882555,177.37817864070257,177.9725341796875,27964200
2019-09-04,179.68852357801504,180.6951043274031,179.17084679134908,180.54171752929688,21592100
2019-09-05,182.53568991032395,184.3762874821664,182.46857770519148,183.84902954101562,33932600
2019-09-06,184.15581923561265,184.2229168188488,183.26427125203722,183.66690063476562,19487800
2019-09-09,184.24212350443727,184.31881691746875,182.35359026338415,183.28347778320312,24407600
2019-09-10,182.29607972072944,182.85209601225196,181.0977725306654,182.7562255859375,23744700
2019-09-11,183.10131176586452,184.56803838099242,182.6795053564317,184.47216796875,25063600
2019-09-12,185.60334940650097,186.65786527105584,184.98981689287876,185.2390594482422,28689900
2019-09-13,184.97065438401563,185.40204195231652,184.33794481569691,184.57760620117188,27669800
2019-09-16,183.38886800531037,184.13661024733258,183.20672303880815,183.75314331054688,20319000
2019-09-17,183.77232690924416,184.63511657714844,183.37927877034673,184.63511657714844,20953400
2019-09-18,184.25169803864532,184.63516508994803,182.24813206432015,184.5584716796875,29781300
2019-09-19,184.88436560377437,186.0155602350535,184.51049445624344,184.8651885986328,26039400
2019-09-20,185.12401443989904,185.3157405950298,182.29601342535824,182.9095458984375,29086100
2019-09-23,182.85570820642567,183.5377253322884,182.24093860529823,182.9901885986328,22485900
2019-09-24,183.82595960392908,184.22940093960443,179.77231590994003,180.55999755859375,40820700
2019-09-25,180.3774581603941,183.06708131834836,178.86935729802784,182.5867919921875,34704900
2019-09-26,182.34667097028182,182.50996760347581,180.5695943701825,181.91441345214844,26826000
2019-09-27,182.2506186443283,182.34668239093853,178.42751897701254,179.6570587158203,40773500
2019-09-30,180.3870878363966,181.65505889796285,180.0124626877101,181.36688232421875,26307700
2019-10-01,182.02964415090224,183.07667130399994,179.5897809634593,179.88755798339844,32367600
2019-10-02,178.667635391801,178.69645157976666,175.8051150148275,176.7945098876953,48544300
2019-10-03,176.77532004595,178.86938950686732,174.65244905012514,178.7349090576172,39392500
2019-10-04,179.70508509104732,181.62624270631537,179.51297226097438,181.36688232421875,31887600
2019-10-07,180.84816738652944,182.26021933738292,180.50235844637618,180.81935119628906,21216000
2019-10-08,179.68583726802677,180.454303108122,177.9664079591379,178.11048889160156,32379300
2019-10-09,179.6186373358853,180.66566472324038,179.08070088904879,179.8491668701172,20147400
2019-10-10,179.89716962073012,181.9624078693441,179.74347351794262,181.24197387695312,25177700
2019-10-11,183.30725675614372,185.03630155205857,183.2015925003581,183.5762176513672,40976700
2019-10-14,183.3168621261755,184.1429605140476,183.1343498015932,183.5570068359375,14975000
2019-10-15,184.1236985572541,186.32343175388422,184.0084338158643,185.89117431640625,23234200
2019-10-16,185.25723285180132,185.90081890594303,184.84417633510162,185.4301300048828,20457100
2019-10-17,186.5443837302758,186.83256027655185,185.20917990122254,185.92001342773438,19045200
2019-10-18,185.58381522205525,186.0352884160247,183.19198346812016,184.1333465576172,27700800
2019-10-21,185.113155584275,185.89122210320508,184.56561860738648,185.76634216308594,15801200
2019-10-22,186.49636785039505,186.75572823000394,184.22940129983235,184.28704833984375,22392300
2019-10-23,183.91239105450657,184.68084223313406,183.6145993669317,184.64242553710938,14828400
2019-10-24,185.95844656143063,186.5540153849732,185.14196337497037,186.43873596191406,18998500
2019-10-25,185.4781337400711,188.02367603556166,185.4397170420819,187.9276123046875,21507100
2019-10-28,188.80177590351104,190.0313156589591,188.80177590351104,189.7815704345703,18818700
2019-10-29,189.46453469777128,189.7526965616271,188.28301242689565,188.31182861328125,18569700
2019-10-30,188.67688930883773,189.54141903773228,187.5914305562647,189.22442626953125,21764300
2019-10-31,189.7719257229799,189.8583742882794,188.2157929185172,189.31085205078125,26801800
2019-11-01,190.12734233853791,191.03990386430874,189.83918044331378,191.03028869628906,22131900
2019-11-04,192.29825581781458,192.624849064048,191.03028487511827,192.21180725097656,19015900
2019-11-05,192.45195480141126,192.64406761633995,191.68348888442827,192.31747436523438,15048900
2019-11-06,192.0965213544105,192.11573703214864,190.95343037390643,191.88519287109375,19725500
2019-11-07,192.84581665164032,193.7679788542323,191.9717009832627,192.52882385253906,17832400
2019-11-08,192.18296592501972,193.31644162802175,191.67384578660645,193.29722595214844,15258800
2019-11-11,192.31748400577246,193.1147514948287,192.05812363111994,193.0379180908203,10147600
2019-11-12,193.20126650758,194.23869362697891,192.90348935111112,193.5950927734375,14778300
2019-11-13,192.92263234482337,193.82557871364105,192.797767074452,193.64306640625,15774600
2019-11-14,192.91299575943972,193.61421401073278,192.32704224609463,193.4893341064453,16945400
2019-11-15,194.66126616029058,194.91102600097656,194.0368958731109,194.91102600097656,18427900
2019-11-18,194.60363944418737,195.37210535194558,193.81597251525457,195.06472778320312,18365900
2019-11-19,195.80434789254411,195.80434789254411,194.6036245837585,195.35287475585938,16923300
2019-11-20,194.84380147711423,195.42975513502236,192.71131535536787,194.18099975585938,36629000
2019-11-21,193.9696319795342,194.10412705611637,193.143548444642,193.7487030029297,17883600
2019-11-22,194.229036185192,194.34431561155182,192.82659930369675,193.87362670898438,17189600
2019-11-25,194.7093040556252,196.2078045170723,194.68048786654109,196.1693878173828,17752800
2019-11-26,196.29429164367195,196.79378208679682,196.0061150604723,196.54403686523438,14780600
2019-11-27,197.05311807138605,197.92724822449398,196.81297339134113,197.91763305664062,16963100
2019-11-29,197.41818137291952,197.71595848938207,196.91867623647894,197.01473999023438,9854600
2019-12-02,197.02428859014643,197.09152147424373,193.8255599088774,194.99746704101562,28007000
2019-12-03,192.31744716598823,193.54698659636128,191.37606958861963,193.4701385498047,31104100
2019-12-04,194.45958159966167,194.91105482445434,194.1714050178602,194.44996643066406,15300100
2019-12-05,195.1415603066207,195.1415603066207,193.88320453373248,194.8341827392578,14962300
2019-12-06,196.25586888107765,197.06275162357474,196.10217274233426,196.91867065429688,16555300
2019-12-09,196.5632360907847,197.48538349110228,195.93885110324413,196.0253143310547,13984100
2019-12-10,196.12137515493083,196.80339256366707,195.42015672310367,195.8620147705078,21799800
2019-12-11,196.30385997019678,197.10114203484613,195.9964677565774,196.8994140625,18780800
2019-12-12,196.6977276124945,199.14720651673042,196.42876671747646,198.36912536621094,32612000
2019-12-13,198.26339734707372,199.7138802686489,197.84075511744942,199.0222625732422,32519400
2019-12-16,200.32875243408736,201.27011574559933,200.26150486891464,201.02037048339844,21296600
2019-12-17,201.27967055330186,201.44298184384525,200.799381164635,201.13558959960938,15996100
2019-12-18,201.3084460209754,201.84636764313598,201.07790190122162,201.2892303466797,15443300
2019-12-19,201.37574585006266,202.6148860947339,201.35653016937798,202.5476531982422,17865900
2019-12-20,203.50823196288925,204.14221750984458,202.94149396967302,203.36415100097656,27672600
2019-12-23,204.08419889375398,204.22859221546608,203.72801890750017,203.9012908935547,23774700
2019-12-24,204.0841862940331,204.17082228171165,203.5450983408621,204.00717163085938,7089000
2019-12-26,204.33453258773517,205.82666090812998,204.30565391674457,205.80740356445312,17067500
2019-12-27,206.52931627903124,206.54857361492807,205.08532455667964,205.63404846191406,18134100
2019-12-30,205.52818831276454,205.65333898272362,203.2755643877755,204.28636169433594,21815500
2019-12-31,203.63177164410772,204.81584109316393,203.31409160869308,204.67144775390625,18170900
2020-01-02,206.3945739224965,208.0888671875,205.9902579449058,208.0888671875,30969400
2020-01-03,205.3356379037904,207.4246109553394,205.31638056676368,206.18276977539062,27518900
2020-01-06,204.56553489290675,207.54015491021366,204.31524823238857,207.5112762451172,21655300
2020-01-07,207.58826942270514,208.06960004320752,206.82777350549108,207.4823760986328,22139300
2020-01-08,207.45354561144848,209.99497129030985,207.12624423887158,209.04193115234375,26397300
2020-01-09,210.7650811571285,211.21753317284433,209.58101179361842,210.81321716308594,23547000
2020-01-10,211.64110091224714,211.66034356288264,209.8986715526782,210.27410888671875,21898500
2020-01-13,211.1405207417673,212.7289061318919,210.80358338553634,212.7000274658203,22756900
2020-01-14,212.59412035993765,212.95031503349864,211.53520173144415,211.8625030517578,24418100
2020-01-15,211.978021120721,212.940682447054,211.25602512597123,211.9491424560547,25742100
2020-01-16,213.00804889213782,214.01884609495397,212.55559695077292,213.98033142089844,18805000
2020-01-17,214.943019373761,215.21256336951552,213.82632871189446,215.03929138183594,24325200
2020-01-21,214.44243566990113,215.48211168395406,214.34617834894308,214.94302368164062,21146300
2020-01-22,216.03083166997536,216.7431916501498,215.24144233199746,215.510986328125,20736400
2020-01-23,215.38586345788542,216.30038883535866,214.38468739213076,216.20411682128906,26496100
2020-01-24,217.2149161773528,217.44596019978124,213.39314927116754,214.3846893310547,37436500
2020-01-27,209.5424841584409,211.09236944455108,209.07077483169581,209.95643615722656,42264400
2020-01-28,211.43893603364953,213.67231739217365,210.8805906940185,213.1813507080078,26731900
2020-01-29,214.36543430462797,214.6060996555299,212.58451952138205,213.52792358398438,28924500
2020-01-30,212.15131226626292,214.38467895209246,211.48707358685505,214.28842163085938,39568100
2020-01-31,215.1836740824446,215.21255274563228,210.13932370267952,210.8902130126953,52015800
2020-02-03,211.9202327776276,214.56755103761793,211.77583947542755,214.07659912109375,25408600
2020-02-04,217.00308881724794,219.35198452662482,216.26183557049177,218.97654724121094,30691200
2020-02-05,221.61429467698002,221.65279467107086,218.37975167858292,219.69859313964844,38534800
2020-02-06,220.24725145642293,221.652743284184,219.46749822768984,221.59498596191406,22467100
2020-02-07,220.60345252835998,221.83565773621697,220.00659257305335,220.64195251464844,25884900
2020-02-10,219.9103396565095,223.3181540393469,219.8525823314005,223.30853271484375,21478900
2020-02-11,224.54072053370317,225.28197375622153,222.75979147271644,223.34701538085938,30198000
2020-02-12,224.665906561869,225.62856789472264,224.10756122612838,225.52267456054688,24471300
2020-02-13,223.95354530665193,226.15803342779785,223.6840012924257,225.23388671875,22773200
2020-02-14,225.5900134105588,226.09060132824771,224.82951755497305,225.87881469726562,23438500
2020-02-18,224.78141532373002,226.3890579447303,224.54074999683095,225.96548461914062,24394500
2020-02-19,227.31321643870044,228.6031790494799,227.0436724510464,228.1314697265625,22230500
2020-02-20,227.63085866895727,228.10255322458315,223.22186890363966,226.01358032226562,42604000
2020-02-21,224.88734385067116,225.27240255835417,220.75753265793549,221.67205810546875,66017200
2020-02-24,213.40277679916014,215.87682370236712,212.0357993437528,213.1236114501953,84522600
2020-02-25,214.91414523856622,215.6265199218146,206.7219024819188,207.328369140625,97743000
2020-02-26,208.61830374355787,212.05499640192343,206.8758747277392,208.39688110351562,79537700
2020-02-27,203.02529438988105,208.33918971886743,197.82692842370935,197.96170043945312,121822600
2020-02-28,191.22303392584632,199.4345333769781,190.77058195419983,198.11569213867188,148173700
2020-03-02,201.08071208166103,208.48358038250777,198.25048529776444,208.33917236328125,112933900
2020-03-03,209.00340544932334,211.41005881468837,199.86774398634094,201.65829467773438,131953500
2020-03-04,205.35491080541635,210.17783851853628,203.47770956270426,210.0719451904297,73086200
2020-03-05,204.7484628726104,208.2814285748599,202.25517328240088,203.6895294189453,78705500
2020-03-06,197.02790140158754,201.34062023865172,195.33362267357404,200.25282287597656,89828400
2020-03-09,186.25572601816444,193.6489733060806,184.93688458324715,186.34237670898438,116424000
2020-03-10,193.60083116102874,196.67172332048196,186.44824945300695,196.4888153076172,100599200
2020-03-11,191.90658297486783,193.2543032489293,185.53375362139317,187.9307861328125,89168800
2020-03-12,175.2910115179422,183.65654146842257,170.33331116327355,170.69912719726562,137820700
2020-03-13,180.08506471110036,187.21837410798133,171.47886994366365,185.1582794189453,134882000
2020-03-16,167.64744420772877,177.7842655957843,162.84377416044902,162.97854614257812,92054400
2020-03-17,168.918192252125,177.5051299343978,163.44064669091188,175.33914184570312,121257100
2020-03-18,165.202296553107,172.5281492023074,160.5718983230018,170.0059814453125,114156300
2020-03-19,169.12993881662203,176.6386986810499,165.22153692044924,171.02638244628906,120896500
2020-03-20,174.95405127091365,176.04184843522285,163.74867552282853,164.32626342773438,118983900
2020-03-23,164.88867532273736,168.06258801045243,159.11004156703447,164.44491577148438,124639800
2020-03-24,173.561465555149,177.3431375763082,171.6706221843956,177.17913818359375,94881800
2020-03-25,177.91235896739593,182.82274430846908,173.62903115037722,175.86717224121094,88754900
2020-03-26,177.38175917136832,185.91947436692502,177.13093911251065,185.12840270996094,79887600
2020-03-27,180.33377881019265,183.78745282526228,178.14389108359828,178.7613067626953,58845000
2020-03-30,180.45917728377884,185.69757553731253,179.76458287756057,185.26344299316406,49356900
2020-03-31,184.95474821430534,188.36018338676848,182.52366771803807,183.6813201904297,62659300
2020-04-01,178.24996973899405,181.03798885377915,174.4779395483002,175.87677001953125,53715400
2020-04-02,174.84454356405624,183.39189909121444,174.584067000671,179.4462127685547,56465300
2020-04-03,179.00246512870046,180.46883272396678,174.89277913043884,176.89938354492188,47487600
2020-04-06,183.75849134675707,190.67548040616995,182.51401830274105,189.54676818847656,64763500
2020-04-07,195.22894158616256,195.50871656586375,189.08372522680358,189.4696044921875,69904500
2020-04-08,191.1578290474795,194.0712657278729,189.2477018889726,193.49244689941406,45940400
2020-04-09,195.2096595639199,196.04895506935992,192.00680569704667,193.77223205566406,68252600
2020-04-13,192.94253757804694,196.24185320418985,191.73664671818415,195.86561584472656,42853900
2020-04-14,199.91748331839332,205.00152526670652,199.13606809498614,204.3841094970703,63959600
2020-04-15,201.1233510838053,204.35514534463596,199.81134088697377,202.03982543945312,47036000
2020-04-16,204.22005647977275,206.8054797369004,202.29063086567177,205.72500610351562,64657400
2020-04-17,208.5419603817808,208.86995919487663,204.5962886350872,207.69300842285156,62863200
2020-04-20,205.8311036176268,208.2621837593495,205.06898705655595,205.2329864501953,38249100
2020-04-21,203.16850450565815,203.7087412730322,196.44445567672878,197.6599884033203,72932800
2020-04-22,201.72144351385245,204.856759976232,200.97861056876033,203.52545166015625,40089100
2020-04-23,204.3165290973986,206.8730269955325,202.68617673743162,203.0913543701172,43278500
2020-04-24,203.52543821449993,206.73793325170422,202.10730937680577,206.29415893554688,34231900
2020-04-27,208.5612649924583,208.98574098460935,206.93089798640045,207.9534912109375,36451700
2020-04-28,209.6514096969461,209.6514096969461,203.7570134239958,204.03677368164062,46862800
2020-04-29,208.56128434854725,212.20789793540712,207.54833285878604,211.27212524414062,48716400
2020-04-30,212.18856700260577,212.27538761746118,209.68032267790934,211.18527221679688,43359500
2020-05-01,206.93087551406245,209.02430032042034,204.21037861636245,205.2329864501953,48795000
2020-05-04,203.99815849028087,207.8473528266269,203.67014497762716,207.62547302246094,32841000
2020-05-05,209.76716263198642,212.3718843602269,209.19798558832846,209.97940063476562,37783100
2020-05-06,211.65800451626365,213.24013308452902,210.41353135136887,211.27212524414062,36455200
2020-05-07,213.99258422851562,214.8704616228657,212.64197757813062,213.99258422851562,38624800
2020-05-08,215.66155205791532,217.0603826911887,214.62930228334957,216.92532348632812,31852300
2020-05-11,215.60367578440025,219.88698838665965,215.37213940575802,218.86439514160156,35714100
2020-05-12,219.4625309394779,220.05100636516602,214.25307273166106,214.28201293945312,41054100
2020-05-13,214.80293566222824,216.68412250371614,209.06289797857121,211.60008239746094,65521200
2020-05-14,210.2784360370854,214.04080981565204,208.36830894337834,214.00222778320312,51549300
2020-05-15,211.0598828413621,215.44932939218967,210.62576498915945,215.39144897460938,55747200
2020-05-18,218.29523388005654,220.61053895240082,217.5138187861491,219.40464782714844,42398100
2020-05-19,219.66515277111142,221.7392946063429,218.71009629772323,218.85479736328125,36237300
2020-05-20,221.40159264724065,223.58183832561753,221.38229426910294,223.2248992919922,37417000
2020-05-21,223.27312687956453,223.9484228776267,220.28251139055502,220.79380798339844,43642900
2020-05-22,220.38866014657674,221.75855070488282,219.47218583113226,221.55596923828125,28762400
2020-05-26,225.12539128517614,225.32798746064842,220.71664649450943,220.95782470703125,33055300
2020-05-27,220.62013439092797,222.27944129727737,216.03774938428387,222.16366577148438,55665600
2020-05-28,221.02531573597636,225.23146347699497,220.96743533225654,221.874267578125,42784300
2020-05-29,222.25058661531253,225.35696366642563,220.68774153868867,225.12542724609375,50691800
2020-06-01,224.2571276442303,226.1768965554922,223.8133533115732,225.8006591796875,25776000
2020-06-02,226.22514694751698,227.37315751116316,223.823006825593,227.31527709960938,33383400
2020-06-03,227.92307166907605,229.09038079197893,227.04519408975526,228.33790588378906,37228700
2020-06-04,227.99050307443954,229.39897505746606,225.4340061600335,226.7363739013672,38716100
2020-06-05,227.88445534473067,231.82048527560306,227.31527833422862,231.2320098876953,47365600
2020-06-08,231.08728514329638,233.15176983488377,229.51481337413597,233.0263671875,32937300
2020-06-09,232.16777379861546,235.56355207778137,231.98447602097755,234.71461486816406,35046300
2020-06-10,236.40285830274783,239.07511669640425,235.88190518323094,237.5315704345703,58084400
2020-06-11,233.6148620539446,234.9943943327635,225.70421980527954,225.76210021972656,72919400
2020-06-12,230.6532082636059,231.91697983220018,223.56257714138843,227.55648803710938,72034800
2020-06-15,224.23784466597658,231.00047606686667,223.30207207619324,230.32518005371094,45307400
2020-06-16,235.1776628133525,235.76613815413336,230.66281440501248,234.28048706054688,48890100
2020-06-17,235.7758514275849,236.83704161624664,234.1647824832364,235.02337646484375,34749300
2020-06-18,234.70499363235834,235.9012429208972,233.93323509301771,235.66006469726562,30578600
2020-06-19,238.0235854158861,238.28406199401456,233.8946158026866,235.6214599609375,49422100
2020-06-22,235.48999197391447,238.5727795309669,235.20008666743954,238.44715881347656,24068700
2020-06-23,240.04172026973157,242.70895256967864,239.49088538804534,240.47659301757812,32767400
2020-06-24,239.72281740293025,240.95013742753912,234.02111953368293,235.51902770996094,46032400
2020-06-25,235.6060309740591,238.06065660718292,233.03542844181464,237.76107788085938,36940800
2020-06-26,237.51942949256085,237.693387431106,231.62444219984297,232.14630126953125,52824600
2020-06-29,231.9047022245296,234.68791125631003,229.37276413064143,234.67823791503906,34377800
2020-06-30,234.61056214202728,239.819404933542,234.42694563750786,239.27822875976562,38909200
2020-07-01,239.3169179377088,243.06651740639933,238.77574167335084,242.07113647460938,34689200
2020-07-02,244.51612565075843,245.72411376198428,243.25015646954552,243.71401977539062,31956500
2020-07-06,246.86445275514865,250.22748760005902,246.84512081608884,249.70565795898438,34589000
2020-07-07,249.4543447987828,252.11191825099766,247.68583394966709,247.98541259765625,36578200
2020-07-08,249.30939126129002,251.28080632650773,247.8791229368149,251.25181579589844,30426300
2020-07-09,253.16527612713887,254.0350215264384,248.97114563069627,253.3682098388672,40312900
2020-07-10,253.22325340550458,255.34932389816413,250.54636284638087,255.09805297851562,32885300
2020-07-13,257.93922172707306,260.72243032866317,249.0291025612082,249.8505401611328,64108100
2020-07-14,247.32824358968344,252.02491542624807,244.26478834119683,251.6190185546875,72230500
2020-07-15,253.03000743431622,253.86111858629354,248.835876273032,252.1312713623047,54523900
2020-07-16,249.3480668437676,251.04892356561442,247.02873553609317,250.41110229492188,47594100
2020-07-17,250.86524333901522,251.56104550390668,248.52659543194255,250.7009735107422,35137900
2020-07-20,251.33883143939602,258.4418076025263,250.09220891281038,257.81365966796875,40610100
2020-07-21,259.3792027299571,259.3888760723057,254.28633544289957,255.12709045410156,43243800
2020-07-22,255.6198894543515,256.9535126919128,253.72574336731898,256.0257568359375,29865500
2020-07-23,255.6199942779757,256.3254405611249,247.92750365009405,249.3384552001953,51363500
2020-07-24,245.50186157782767,248.29472982246796,242.87329271165177,246.9707794189453,54054500
2020-07-27,248.61362456324807,251.76403747661257,247.83085063304088,251.3774871826172,36445700
2020-07-28,250.5947177003025,251.11657682700226,247.8888361024102,248.17874145507812,31302400
2020-07-29,249.71523464680553,251.8992860487309,249.24171286181425,251.0391845703125,27556900
2020-07-30,249.07746831922572,252.9140396342854,247.92746130972114,252.35354614257812,41774500
2020-07-31,256.97295679520306,257.01162068127,252.08302217032673,256.85699462890625,53686300
2020-08-03,258.9926095304385,261.0703428503079,258.8669740683068,260.32623291015625,32081600
2020-08-04,259.8237008188815,261.3892779920553,259.079590850786,261.2926330566406,24911300
2020-08-05,261.77585464764775,262.3943292112802,260.8867624407989,261.94012451171875,21612100
2020-08-06,261.74688693072375,265.73808462954054,261.10906562731947,265.4095153808594,28048200
2020-08-07,264.86824232800205,265.6413722686258,260.20059012229626,262.3459777832031,44969400
2020-08-10,262.63586656996006,262.8388297558052,257.70729990827857,261.2249450683594,35088400
2020-08-11,260.0653338621166,261.3506497453629,255.73592328755478,256.277099609375,43104300
2020-08-12,258.4321538139539,263.6699736732556,258.3838165950634,262.722900390625,38773400
2020-08-13,263.4959951861173,265.59304572073495,262.38465218698923,263.3220520019531,31895700
2020-08-14,263.94054391818173,264.21113205316004,261.6212128338113,263.0128173828125,30799500
2020-08-17,264.72338374822584,266.5691934292546,263.0515467980899,266.0666809082031,24803000
2020-08-18,267.1296700261357,269.1010853753625,265.67041096082534,268.6275634765625,23529500
2020-08-19,268.5888855660594,269.64224759743485,266.30821830368217,266.8204040527344,31999400
2020-08-20,266.0279578546199,271.0048626981277,265.6220608953523,270.52166748046875,27723400
2020-08-21,270.7149440202601,272.8506585193085,270.06744948407925,272.3964538574219,34748900
2020-08-24,275.6628683241252,276.38766114180476,271.8166238212234,274.0973205566406,36418500
2020-08-25,273.3242484641861,276.4457008111197,272.87971703283785,276.2524108886719,34866600
2020-08-26,277.49897328985776,282.39857926912845,276.2233309949189,282.1473083496094,42216700
2020-08-27,283.12342707967974,283.97385544173255,279.00659409605953,281.2679443359375,49482700
2020-08-28,282.5048607798172,283.3262984255112,281.15192027085186,282.6981506347656,28021000
2020-08-31,283.2200434874042,286.7763531049731,282.78515600775756,284.9692077636719,36321000
2020-09-01,287.6171279661076,289.9558058881011,285.8486463762724,289.83984375,36216200
2020-09-02,293.0869240887489,293.29953118889125,286.9117038255347,292.58441162109375,50836800
2020-09-03,288.08095897355446,288.58347132057634,274.8510731938772,277.750244140625,110083300
2020-09-04,275.9624750809595,279.21920642113605,262.66493206189256,274.04901123046875,123959000
2020-09-08,263.0707705753225,268.86911241785384,260.59681374852715,260.8770751953125,99568600
2020-09-09,266.3759134362451,270.6376699381162,263.8246281507631,268.5406188964844,64837900
2020-09-10,271.4976997377912,272.71536098233287,261.46656346506194,263.1867370605469,69667500
2020-09-11,264.93601004974704,265.97005519843873,257.9296773281569,261.3603820800781,71809000
2020-09-14,265.1387964280676,267.90268768698223,263.7858560703662,265.91192626953125,38525200
2020-09-15,269.6518871559079,271.02417437323385,265.88297084338143,269.6808776855469,41849900
2020-09-16,270.4733902063783,270.93723879273955,265.0326067242916,265.3804931640625,42321000
2020-09-17,258.557729481427,265.1775093575876,257.71697458543355,261.2346496582031,81570800
2020-09-18,262.65522696609054,262.94513225830894,253.80308831036103,257.90057373046875,86251100
2020-09-21,253.6485480406014,258.65444439051623,251.367850834154,258.5191650390625,57168600
2020-09-22,260.91571998677773,263.9018626158336,257.5816909893936,263.3220520019531,41128900
2020-09-23,263.00317383139145,263.1867903893421,254.4023041111969,255.28172302246094,48837300
2020-09-24,252.60480575598547,259.6691173588937,252.4405064083363,256.4703674316406,70631700
2020-09-25,256.9729431203814,263.2448090463775,255.41703882695245,262.43304443359375,55242400
2020-09-28,267.28426649719216,267.8834533691406,262.53931518411497,267.8834533691406,58438300
2020-09-29,267.3228800244996,268.376241912304,266.114892149693,266.6754150390625,27050000
2020-09-30,266.86865970226773,271.6426298619708,266.59807161390717,268.5018615722656,49380800
2020-10-01,272.3192319824493,273.37259426144135,270.4347584011566,272.7637634277344,50020200
2020-10-02,266.74306496429404,272.75401437277986,264.2497907332789,265.0905456542969,75497400
2020-10-05,267.0523087458991,271.06282284456194,266.9460199623273,270.7439270019531,28184600
2020-10-06,270.0577484119592,271.7392578928247,265.03250766405336,265.91192626953125,49704200
2020-10-07,268.5503131121464,271.30450288371395,267.96079947716265,270.5120849609375,27539700
2020-10-08,272.90868252898304,272.9763369448217,270.88892983991883,271.95196533203125,25443300
2020-10-09,273.5947401934564,276.1846885783184,273.2081899767563,276.10736083984375,30201100
2020-10-12,280.784736791468,287.4624984194463,279.74104806948463,284.6309814453125,79370700
2020-10-13,286.42857443864386,287.0663663938826,283.2587844012322,284.62139892578125,64240000
2020-10-14,285.42348254813834,286.38987319194996,280.5045577101655,282.2440490722656,36949100
2020-10-15,277.5473575407139,280.9393680696546,276.90953628514376,280.3498840332031,42514200
2020-10-16,281.992696521591,283.4132915368663,278.4653775900794,278.81329345703125,40570700
2020-10-19,280.7266886465259,281.6834350292942,273.2855015661207,274.26153564453125,36756800
2020-10-20,274.99605740192214,277.95320974762217,273.4401829713871,274.8511047363281,32195400
2020-10-21,275.10242791455397,277.6633571325753,274.1553544997061,274.6385498046875,29306100
2020-10-22,275.4695696201437,276.36833509912185,271.38175713416496,274.6288146972656,32196200
2020-10-23,275.1991260453778,275.33443492752866,272.3096266910596,275.1701354980469,24658500
2020-10-26,272.8892965535558,275.71113970293754,267.4581878077359,271.0434875488281,38421100
2020-10-27,272.03886532178143,273.9813192327098,270.78256974760245,273.1598815917969,30559100
2020-10-28,268.66615489807793,269.27498545628316,262.25898301127285,262.51025390625,53413500
2020-10-29,263.8246900543109,270.0965569482284,263.3608118503157,267.10076904296875,43246300
2020-10-30,265.1195207094076,265.989266111691,258.09387359780874,260.32623291015625,65838300
2020-11-02,262.71318132923017,264.32703644507495,257.9971924424112,260.9060363769531,39987400
2020-11-03,262.81950555662746,267.5161778902707,261.73715310709935,265.4190979003906,43604100
2020-11-04,274.05869660957654,279.0645926549374,272.3965036591907,277.2671203613281,75728200
2020-11-05,283.66458590369433,285.4620874656753,282.186009703758,284.4956970214844,52054200
2020-11-06,283.8385673696389,285.4331059191332,280.0889672219941,284.70831298828125,40959800
2020-11-09,287.6460889111584,289.0860306228483,278.4363898269844,278.8905944824219,86537100
2020-11-10,275.585592558968,277.02550497020536,271.18849807770005,273.8944091796875,69024900
2020-11-11,276.41662421306324,280.4947925750533,273.85569574340076,280.0212707519531,36102900
2020-11-12,280.9876052352474,282.25357395340086,277.5955664222403,278.7069091796875,34414600
2020-11-13,280.41751038496193,281.77045102265487,278.1947948091362,281.1519470214844,24806900
2020-11-16,280.85236889928893,283.6452512673449,280.24353823818916,283.3456726074219,30168400
2020-11-17,283.53895587325457,283.8675250915629,281.80910868719633,282.4469299316406,21843500
2020-11-18,281.89611440171944,283.5099699855039,280.2725559838451,280.3595275878906,28069600
2020-11-19,279.8087077505035,282.8625052053879,279.14189596015774,282.5532531738281,22718400
2020-11-20,282.4759673973097,283.22010705207674,280.5335422989457,280.6205139160156,25907300
2020-11-23,281.6158039352227,282.91076341232724,278.38806383702627,280.6300964355469,26875600
2020-11-24,281.69320429559457,285.06592775647675,279.8957318225151,284.57305908203125,24516800
2020-11-25,285.63604508000066,286.9599953366419,284.6889717798242,286.3221740722656,23326800
2020-11-27,288.28393358751885,290.0814351653389,287.8877099628817,288.9604187011719,17163100
2020-11-30,289.27936907732703,289.8881998959455,284.8726301420624,289.5499572753906,27836200
2020-12-01,291.8208606911067,294.88433071509655,290.71916166616165,293.2607727050781,27521300
2020-12-02,292.09143459430805,293.97590725941365,290.25529913378017,293.6376647949219,23620000
2020-12-03,293.94693388537553,295.5994529470872,293.32842997228477,294.05322265625,22828700
2020-12-04,294.10157996888324,295.3965690688171,293.42512437823916,295.2515869140625,19332100
2020-12-07,295.43518201800396,297.2906644436841,295.2515654944041,296.9234313964844,20851000
2020-12-08,296.44986048640436,298.22801487517205,294.7006966233056,297.9284362792969,18341500
2020-12-09,297.71588317593665,297.9961151441899,290.1200396643177,291.1830749511719,48839300
2020-12-10,289.1536670859478,293.4734334097907,288.0713145425778,292.3524169921875,27519500
2020-12-11,290.6999017536818,291.83059152880014,288.43855169534044,291.7049560546875,26760400
2020-12-14,292.8936549073265,295.7638362163901,292.82602997805446,293.8214111328125,28804800
2020-12-15,296.07303550095884,296.9621276855469,293.8889836609134,296.9621276855469,25709000
2020-12-16,297.3582975144847,299.378049637304,296.31457950869407,298.59527587890625,25461900
2020-12-17,300.18983409404035,300.7793180415245,298.9915195175857,300.5473937988281,23730500
2020-12-18,301.18517676954156,301.494428715187,297.2712787189453,299.6389465332031,41173400
2020-12-21,296.69684020761105,299.6109575846126,293.9279677919338,299.0784912109375,37095500
2020-12-22,299.97876130205765,300.8113491200919,297.0743357213606,299.8916320800781,26176300
2020-12-23,299.9400726222767,300.2982804373687,298.2264719073709,298.3813781738281,21201300
2020-12-24,298.6428485834726,300.1434572907375,298.56541020147336,299.6981201171875,16785000
2020-12-28,302.30236444379983,303.19306815724786,300.47256173105023,302.7186584472656,22497700
2020-12-29,304.0450480707538,304.66467326455717,302.0894114503533,302.9897766113281,25871900
2020-12-30,304.15151157521103,304.4709854534392,302.37979506898415,302.9994201660156,18138100
2020-12-31,302.90265506836647,304.22900519750357,301.828031373789,303.74493408203125,21611400
2021-01-04,305.0712985910944,305.24558665535034,295.4576528755489,299.4560852050781,45305900
2021-01-05,298.46849923876596,302.1958517702346,298.46849923876596,301.92474365234375,29323400
2021-01-06,297.21965709452303,301.9441957847156,296.2321626812209,297.7424621582031,52809600
2021-01-07,300.39512444280655,305.7779920626543,300.36608136211987,304.9454040527344,30394800
2021-01-08,307.2302010628528,309.21491003430316,305.042190529325,308.8663635253906,33955800
2021-01-11,305.9135279564242,307.08497153497416,303.7545606025091,304.4032287597656,32746400
2021-01-12,304.44202606910045,305.5263407416484,301.2859021926537,303.91925048828125,29266800
2021-01-13,304.180580307871,306.76550326758513,303.58033691034495,305.9716491699219,22898400
2021-01-14,306.4169793743503,307.4141645709109,303.86107000917417,304.3354797363281,23500100
2021-01-15,304.1224448556124,305.08089596114627,300.6855230999575,301.92474365234375,35118700
2021-01-19,304.2387041994004,306.83331835673874,303.1446987219593,306.32989501953125,24537000
2021-01-20,309.9410218264804,314.3944517891422,306.42666132440587,313.4553527832031,30728100
2021-01-21,314.791416370408,316.7083484771748,313.4166710531678,315.9628601074219,25130600
2021-01-22,314.9269627231851,316.0596724734222,314.365423740635,315.0528259277344,21609400
2021-01-25,318.43166652611484,319.79675062490884,311.17059975297013,317.6571350097656,39080600
2021-01-26,318.37358312762797,319.25459611588326,316.79550654126723,318.1218566894531,25498100
2021-01-27,315.8659965041969,315.8756578326906,307.24950966451644,309.2535705566406,55264000
2021-01-28,310.4541485856806,316.02096581092127,309.83452344318874,311.08343505859375,42836300
2021-01-29,309.3987887174759,310.5024847127412,302.79608312978183,304.5387268066406,55259000
2021-02-01,307.9755967788546,313.23262959927894,305.95218381143036,312.1483154296875,35646000
2021-02-02,315.11088888284706,318.39287510847345,314.94629173240133,317.24078369140625,33930800
2021-02-03,319.31261928071063,319.68051798841714,315.92412209235215,315.9822082519531,24824500
2021-02-04,317.37629035212416,319.8063064731905,316.0596019812982,319.71917724609375,22350900
2021-02-05,320.66806432122735,321.8104650393647,319.0319016209477,320.8035888671875,22732000
2021-02-08,322.4881305380413,323.10772610139503,320.8519680704715,322.95281982421875,20462800
2021-02-09,322.0234101778319,324.14364367200585,322.0137193026321,322.88507080078125,17597500
2021-02-10,324.3178287279463,324.77285657905094,319.0027394283991,322.1492004394531,28068700
2021-02-11,323.6789239561336,324.32759214036884,321.5393382627716,323.92095947265625,22046100
2021-02-12,323.07871567261896,325.89601293620257,322.03313512769773,325.7314453125,20346800
2021-02-16,326.52533107659025,327.4160349603375,323.6886813310575,324.8504638671875,27080800
2021-02-17,321.87817742268214,324.96655281909017,319.6514626027675,323.2916564941406,31360300
2021-02-18,319.7096058137298,323.2336280192509,317.8991551016132,321.87823486328125,32236200
2021-02-19,323.22388506357134,323.3497482551594,319.45782791752555,320.474365234375,39157700
2021-02-22,316.0984098661009,317.35698283456264,311.96445354950856,312.1677551269531,47256900
2021-02-23,306.90102481836163,312.90351724809113,301.0921726135977,311.2383117675781,97241900
2021-02-24,308.5855941011295,314.11370659641756,305.8941603269146,313.80389404296875,58206300
2021-02-25,311.15121547282814,313.70709534994387,301.32454914976546,302.8638916015625,110182600
2021-02-26,305.7877477065135,308.9438714759192,300.97607935125205,304.1322326660156,104739800
2021-03-01,309.0986863548367,313.6199225043149,307.8110704920777,313.28106689453125,49164500
2021-03-02,313.92004533355646,313.9974836940551,308.0047118607735,308.25640869140625,48370000
2021-03-03,307.1624399490555,308.1015389877985,299.2527353695986,299.3108215332031,86301100
2021-03-04,298.94294673589053,302.0990997560875,290.54914087873334,294.41204833984375,139131600
2021-03-05,297.02592729341904,299.746403707182,287.9738240369548,298.8460388183594,121523700
2021-03-08,298.3039161618704,300.18211405491843,289.96822750430505,290.384521484375,88409800
2021-03-09,297.6745871535942,303.73516482023393,297.1421209339256,301.83758544921875,80391100
2021-03-10,306.0878331967325,306.38795490696515,300.28867103051203,300.9760437011719,76798100
2021-03-11,305.7102875423941,309.66998605715617,304.81961315982704,307.9079895019531,53484800
2021-03-12,303.86109232570243,308.0918984967529,301.4698094897482,305.4101257324219,69315600
2021-03-15,305.72953835863865,308.83726557970624,304.0933761867674,308.67266845703125,42955700
2021-03-16,310.8607663565972,313.8717038740802,308.93417288948405,310.36700439453125,54925900
2021-03-17,307.33677366413497,313.53287824746974,305.62314294705027,311.6449890136719,78258700
2021-03-18,306.77514227085976,307.7529751181446,301.6440016318715,302.0990295410156,82718100
2021-03-19,301.93447260393606,304.70337437905994,299.7948868313532,303.1640319824219,78446200
2021-03-22,305.553499993313,310.91408667450554,305.553499993313,308.8493347167969,56194800
2021-03-23,309.9349455995608,311.25326721926876,306.68756836322217,307.5018310546875,53455400
2021-03-24,308.8687426018364,308.9075254809563,302.17042759765224,302.3158264160156,64803700
2021-03-25,300.4740363467963,303.3045948439506,297.97308794522104,301.7923583984375,78729000
2021-03-26,301.57903681470293,306.63912171854264,300.1831788664678,306.3192443847656,63519600
2021-03-29,305.78618658592865,307.2789873156319,302.8974683731191,306.2320861816406,54608000
2021-03-30,304.27388464541554,305.2626259401432,301.99587179796004,304.6907043457031,44635700
2021-03-31,306.47437891354315,310.914056684004,306.1350953167934,309.3533935546875,55032500
2021-04-01,313.1726619288036,314.7624046599102,312.92061763938574,314.626708984375,55685600
2021-04-05,317.10837001238053,321.67407077598705,316.86602876786066,320.90826416015625,42172500
2021-04-06,320.5980024249018,322.63364465762453,319.90973217862893,320.68524169921875,33537200
2021-04-07,320.2102351043702,322.29439291956294,319.27965325584194,321.4607238769531,32046400
2021-04-08,324.31063829216896,324.99887891764314,323.51575217110764,324.814697265625,29940800
2021-04-09,323.45764800289913,326.9861501688162,322.72095085143667,326.7825622558594,36664900
2021-04-12,325.74537450902636,326.7728988898223,324.4755089142188,326.3560791015625,25833000
2021-04-13,327.8779634603512,330.6309561353368,327.6647020061011,330.1656799316406,30374000
2021-04-14,330.4080597555586,330.53408193634095,325.38675625282934,326.2010192871094,42564300
2021-04-15,329.070319272412,331.5325145174306,325.9198831991519,331.1447448730469,36342800
2021-04-16,331.6682274547277,331.7457932207016,329.66163481322775,331.53253173828125,40860100
2021-04-19,329.9621636897054,331.11568081364885,326.5790597528117,328.4984130859375,34533100
2021-04-20,327.8391751174834,329.1187141235269,324.13619461803864,326.10400390625,38081800
2021-04-21,324.82446872643175,329.0799946790539,323.7387848119833,328.89581298828125,36598100
2021-04-22,328.5080189173388,329.48705715270165,323.7775144260137,324.9310607910156,45936100
2021-04-23,325.5612107593178,330.3304695475756,325.5612107593178,329.0218505859375,36381900
2021-04-26,329.2641463405706,331.4452170856451,328.5177165304616,331.1640930175781,30812000
2021-04-27,331.454991346691,331.66825284543745,328.7795638692136,329.7295227050781,33187200
2021-04-28,329.3998070416593,330.40795458434565,327.9651366764004,328.6146240234375,33615700
2021-04-29,331.88146141564596,332.29828122950687,326.5790341440886,329.7973327636719,37708900
2021-04-30,327.35449511543897,329.8360665634626,326.7243843479342,327.6355895996094,38263400
2021-05-03,328.83768586553776,329.58408623460167,325.44490850724037,325.89080810546875,29729700
2021-05-04,323.3413959067129,323.6613029317883,316.2165570446544,320.02618408203125,65147000
2021-05-05,322.07142882980395,322.934177631916,318.1745932977846,318.9500732421875,46219300
2021-05-06,318.6884031101518,321.5092584227656,316.4491726342146,321.3541564941406,46814300
2021-05-07,324.1265674744462,326.33671847175805,321.52867639706886,323.9617919921875,53324500
2021-05-10,322.5851722224087,322.75965076237094,315.57665504063726,315.7802429199219,60700500
2021-05-11,309.90599292569743,316.13900258664955,309.2468022628767,315.3441162109375,71963600
2021-05-12,310.4197123587213,312.7364789358394,306.31928844902643,307.1820373535156,91164900
2021-05-13,310.1192245133992,312.52323047581723,307.19172365150604,309.5569763183594,69877800
2021-05-14,312.7171506629184,317.3022281176415,312.2130619368649,316.39105224609375,44370000
2021-05-17,314.6849106165879,316.3715959603401,311.60233754605224,314.4716491699219,39395000
2021-05-18,315.42174704254495,316.64312704120806,312.07742537110204,312.3488464355469,36528500
2021-05-19,306.9590411530746,313.0078676452013,306.61005446478663,312.7073669433594,66319100
2021-05-20,314.1904653366139,319.6092101752247,313.9675304002217,318.75616455078125,46466100
2021-05-21,320.3072772398754,320.7240970996504,316.6334051046405,316.9920654296875,50330400
2021-05-24,319.27975746535947,323.44804487356595,316.88542464094826,322.3235778808594,32475800
2021-05-25,323.83568579264556,324.55300623379526,321.5964556098517,322.7693786621094,31280300
2021-05-26,323.4382572317026,324.3591360264829,322.7500165185231,323.89385986328125,25444900
2021-05-27,323.44796589913267,324.2913085420802,322.4786010989326,322.6821594238281,27931700
2021-05-28,323.8841633687067,325.2897541666594,323.38010432071417,323.6999816894531,29927400
2021-06-01,325.02809087441415,325.50309986724034,321.2766528474929,322.62408447265625,31145400
2021-06-02,323.04082791067566,324.09743201993837,321.5383242650881,323.25408935546875,22047900
2021-06-03,320.4235502295139,321.6934158595787,318.22310259495436,319.8904113769531,37057800
2021-06-04,321.6836993136331,325.7647166420639,321.61583668105953,325.3188171386719,38736500
2021-06-07,324.78567477026974,326.346367531055,324.09743402345566,326.2882080078125,32611900
2021-06-08,328.03310255552793,328.89585158541155,324.7663473137233,326.443359375,27282800
2021-06-09,327.81011528704465,328.5855953125596,326.3366618228329,326.5208435058594,21485300
2021-06-10,326.8601130664696,330.0299252524659,326.4142135500906,329.9233093261719,33702100
2021-06-11,329.933056363857,330.7958054113523,329.28359838179995,330.7861022949219,21222800
2021-06-14,331.2125829407871,333.9655756321318,330.0299566115849,333.9559020996094,27827700
2021-06-15,333.60695627915476,333.91716017662094,331.05752161544734,331.7748718261719,35963800
2021-06-16,332.2401232480019,333.3064305766439,327.11220412020464,330.5631408691406,55399500
2021-06-17,329.5549527607095,335.76858468846024,329.5064963536992,334.76043701171875,59722700
2021-06-18,333.1028793451108,334.24672287543035,331.3870844669612,332.1335144042969,55414900
2021-06-21,332.32459487129626,334.5179098432053,330.11188077836255,334.1976318359375,32992600
2021-06-22,333.9938714771948,337.75937452860774,333.69302217724,337.3129577636719,28941600
2021-06-23,337.2547727068681,338.62316628177916,336.643359660952,337.47796630859375,27188500
2021-06-24,339.4092323186821,341.0881598467166,338.8657606820142,339.56451416015625,32581600
2021-06-25,340.1273593549169,340.3699816607992,338.5454571818476,339.14715576171875,28682800
2021-06-28,340.42817198737436,343.4075806908598,340.369945009591,343.2716979980469,39130300
2021-06-29,343.09707100698824,344.5430905442502,342.26246444955655,344.51397705078125,29426000
2021-06-30,344.35870982124544,344.74692923994303,343.3882205084683,343.97052001953125,32724000
2021-07-01,343.6211701215332,344.6110585931317,342.2721757133601,344.1064147949219,29290000
2021-07-02,345.9987820147585,348.37649228536435,345.76587409557305,348.0562438964844,32727200
2021-07-06,348.65802936372256,349.84202760975387,345.9697547859461,349.5605773925781,38842400
2021-07-07,351.7538908214984,352.05474016267107,348.34746358933484,350.29815673828125,35265200
2021-07-08,345.24191321935933,349.03653058613884,343.9608896329204,348.1824951171875,50890000
2021-07-09,347.6001071303628,350.83182292416905,347.0178077249354,350.3562927246094,35184500
2021-07-12,351.7539059787082,352.1809236975444,350.1816882228182,351.72479248046875,25717700
2021-07-13,351.3462873863692,354.684773397096,350.87075704279624,351.72479248046875,39723000
2021-07-14,354.0635093494044,354.70403568054695,351.53054712881755,352.35546875,35336400
2021-07-15,352.26831556432256,352.4721100817183,347.8816837432903,349.8808898925781,53391600
2021-07-16,350.7348755909981,351.7150793969607,346.69763599075077,347.0470275878906,47262000
2021-07-19,343.60167150729745,344.69832898486476,341.65100845649755,344.2033996582031,64404600
2021-07-20,345.13512395324045,349.6478933984783,343.3591119000733,348.2018737792969,42183700
2021-07-21,347.7748438652309,350.8901062011719,347.5516206658584,350.8901062011719,30259900
2021-07-22,351.0939358655894,353.21930999848774,351.0939358655894,353.2096252441406,30252200
2021-07-23,354.5294392236291,357.6155880495975,353.180474514925,357.33416748046875,31960800
2021-07-26,356.64508082972117,358.0037894573996,355.78136080816336,357.6155700683594,28438100
2021-07-27,357.353516177006,357.353516177006,349.531375993439,353.67535400390625,57933100
2021-07-28,354.81089455029075,356.6063056814547,352.52052439792925,355.0340881347656,42066200
2021-07-29,354.47120453246976,356.82948634161215,354.47120453246976,355.6649169921875,25672500
2021-07-30,351.74419309731246,354.39363991627397,351.71507959894967,353.81134033203125,36484600
2021-08-02,355.47080792870975,356.0531074129559,353.13192523859226,353.84039306640625,27334100
2021-08-03,354.5003818321022,356.10168348639223,351.31717765022717,355.9852294921875,35558500
2021-08-04,355.94635621743237,357.4506324293252,354.8400137966244,356.4995422363281,29602200
2021-08-05,357.3147235885684,358.9936806467521,356.6062853936496,358.7607727050781,21443900
2021-08-06,357.4991928815327,358.46968232861104,356.0822865815548,357.1886291503906,33332100
2021-08-09,357.64471717626753,358.3725841736592,356.5480891117972,357.8485412597656,25960200
2021-08-10,358.3629714611559,358.65410647184547,354.830375374176,356.0143737792969,35130800
2021-08-11,357.2758986455181,357.7708279845918,354.0732666019104,355.40283203125,34249800
2021-08-12,354.89823269441365,357.04300574382904,353.5492383580731,356.6839294433594,25969200
2021-08-13,357.0333345975948,358.26584538723085,356.53837556079554,357.9358825683594,19336200
2021-08-16,356.8199086077341,358.13004581665706,352.96706388010085,358.09124755859375,34856900
2021-08-17,355.34463113371896,356.31512037872,352.5108191238256,354.9370422363281,44793900
2021-08-18,354.4032895790549,355.80079659606537,351.19097223749185,351.52093505859375,38541900
2021-08-19,349.5896483819814,354.8885115391661,349.3373116926452,353.2192687988281,48499400
2021-08-20,354.2868322168747,357.2759559368995,353.97626852339454,356.8780517578125,39486000
2021-08-23,357.9164688468706,362.90479843928557,357.9067840926924,362.21575927734375,34034700
2021-08-24,362.8077243638605,363.9237811600913,362.341878827467,363.32208251953125,21732900
2021-08-25,363.5743522789003,364.3119335048066,362.8270566841337,363.73931884765625,20441900
2021-08-26,362.8853603678298,363.56468508570066,360.9928944471551,361.42962646484375,29133300
2021-08-27,362.0604556103134,365.4474538399385,361.5752109531415,364.94281005859375,27104700
2021-08-30,365.7288667468394,369.52348313309056,365.7094380076639,369.0382385253906,27295700
2021-08-31,369.28092896693454,369.34884071563806,367.1943530752369,368.7374572753906,29628200
2021-09-01,369.79526233368057,371.4159629281201,369.1450214515688,369.34881591796875,28138300
2021-09-02,370.6977780055514,371.0277407947319,367.96099122725343,369.1741027832031,25453400
2021-09-03,368.0290057631559,370.70756608874484,368.0096066365166,370.3096618652344,24605400
2021-09-07,370.41631491144716,371.4838589668425,369.26143038110774,370.8336181640625,23970200
2021-09-08,370.65896446604796,370.65896446604796,367.28168071864684,369.54290771484375,32949200
2021-09-09,369.76616838421006,370.8725108772747,368.0289841001596,368.2716064453125,29399000
2021-09-10,369.97955439437084,370.69770682015155,365.14650822144813,365.4764709472656,40249400
2021-09-13,367.80568691624063,368.232704527197,363.17646416375703,365.22418212890625,48741800
2021-09-14,366.7091007301896,367.4369677608617,363.2347618019217,364.18585205078125,41826600
2021-09-15,364.64192016733983,367.2428241323064,362.3515502395031,366.8934326171875,34097900
2021-09-16,365.56400181317724,367.71848982966424,363.6424514315747,367.1459045410156,35193100
2021-09-17,366.6702766200241,366.71878923852006,361.7596031021072,362.7980041503906,60912300
2021-09-20,357.0113567892473,358.75046688054283,350.66703692248456,355.3014221191406,76203200
2021-09-21,357.12797879738775,358.3230148534642,354.6116280954116,355.7386474609375,41927500
2021-09-22,356.65184808119517,360.5186880599965,355.5539747154909,359.06134033203125,46972900
2021-09-23,360.21760478173354,363.40433817488514,359.5763680462439,362.3744812011719,44652000
2021-09-24,360.1106895280067,363.1322731716639,359.7414899525931,362.7144775390625,36056800
2021-09-27,359.6735155077415,360.69364729673265,357.2737478333367,359.8192443847656,43338100
2021-09-28,355.2723346876487,359.77065760688873,349.13203421217105,349.6372375488281,97701600
2021-09-29,350.9002680921135,353.0376940575205,348.4422089595116,349.0639953613281,58076600
2021-09-30,350.7059150777573,352.36728337983305,346.945962244198,347.781494140625,61384600
2021-10-01,348.4032641038666,350.9779057872913,344.3032580391962,349.9383239746094,56375500
2021-10-04,348.32561367199827,348.6559423473053,340.35879524735253,342.5933837890625,76766000
2021-10-05,343.6523598204089,349.4623310874055,343.42891877348393,347.218017578125,47232900
2021-10-06,344.01185558060564,349.7149692484246,343.10830689611487,349.44293212890625,56806500
2021-10-07,352.48389921273855,355.29173732282277,351.9495501269947,352.6490783691406,39411200
2021-10-08,353.7274568047057,353.96065262238324,350.3561242619187,350.8905029296875,41822300
2021-10-11,349.35538452132647,352.87247527953656,348.11178231200773,348.1992492675781,34847200
2021-10-12,349.6468813485061,350.08406788914886,346.34356567000145,346.98480224609375,43905100
2021-10-13,349.28740081060675,350.4338405855879,347.2665286701431,349.7634582519531,40120800
2021-10-14,353.34852170552784,356.4186710500105,352.6878645383114,356.2049255371094,43433900
2021-10-15,357.4194230091557,358.56586286925926,356.3895662331551,358.44927978515625,40419900
2021-10-18,357.15710508473506,362.2675480418583,356.5547393437458,362.0538024902344,34513500
2021-10-19,363.12254656253174,364.8422065438889,362.10241481338824,364.79364013671875,29091000
2021-10-20,365.250199110174,365.8622898890038,362.84070690219073,364.3175048828125,31390300
2021-10-21,363.52086567008075,366.7367443478896,363.21968280779555,366.54241943359375,25469300
2021-10-22,365.2891022902149,366.2509423706017,361.8011867064768,363.4625549316406,36275800
2021-10-25,364.8810195167244,368.0968979159917,362.9378891413452,367.1836242675781,32597800
2021-10-26,369.41832729284755,371.8277905388129,367.1642884209636,368.3398742675781,47191300
2021-10-27,368.7866927678403,372.2551875273893,368.5243808468804,369.19476318359375,45760500
2021-10-28,371.0893573713803,373.54741625645437,370.32181252550123,373.2947998046875,38007000
2021-10-29,370.2247100904669,375.29628268005507,369.87496077730646,375.131103515625,37310100
2021-11-01,375.56831706828604,376.5398824641891,373.4891825389615,376.41357421875,30765300
2021-11-02,375.80146575410737,378.4635749766438,375.7528993465057,377.98748779296875,25135300
2021-11-03,378.47321356359595,382.41776592199056,377.43366132861297,382.0,33748900
2021-11-04,383.26305361105216,387.84884257503916,382.7189794670043,386.8966979980469,40265300
2021-11-05,388.66492530845403,389.5878943977676,385.86681297279597,387.265869140625,43383800
2021-11-08,387.23668808206634,388.2568195219744,386.09994393062084,386.7411804199219,29256300
2021-11-09,387.80996941367835,388.20831470429704,382.7189772454321,384.07916259765625,50490700
2021-11-10,381.31021202374023,384.11802015749754,376.51067735237274,378.43438720703125,54937400
2021-11-11,381.40738299331053,381.5822576249606,379.143619323171,379.4836730957031,32243000
2021-11-12,380.6301585760676,384.01121677531194,379.0368067694047,383.47686767578125,34730600
2021-11-15,384.6523958574728,384.97299933919516,380.9507346830435,383.38934326171875,33716900
2021-11-16,382.66067673603766,386.6149544360584,382.4663814751148,386.1194763183594,27872900
2021-11-17,386.44009993829405,388.35408477451546,385.3616766820078,386.3235168457031,28703300
2021-11-18,388.36377340586023,390.8315276998978,386.1486059054176,390.3263244628906,45721500
2021-11-19,391.9585808347099,393.77540319697215,391.1327444019126,392.5026550292969,45191700
2021-11-22,394.0377788389632,397.08847871856335,387.83918696183883,387.946044921875,61715400
2021-11-23,386.789887223981,388.84963077816195,381.7474900750113,386.1778259277344,70098700
2021-11-24,383.70024480865015,387.70308876680224,381.37821935323643,387.4213562011719,46954400
2021-11-26,384.84674538412554,386.2361064003588,378.68702448181364,380.0763854980469,51533300
2021-11-29,384.63295430341805,389.33532622839266,383.9042804165969,388.32489013671875,54447100
2021-11-30,387.440812314893,389.78228826501027,380.6107093860575,382.6218566894531,81332700
2021-12-01,386.9550383610428,389.0924939464996,375.64603334024446,376.11236572265625,77766500
2021-12-02,374.829879775316,380.6009800122921,373.41140274344633,378.8230285644531,84416600
2021-12-03,380.1832061761861,381.1839172255173,368.1260775304697,372.2358093261719,105349100
2021-12-06,372.7215760878553,376.5786912592903,368.51468201368897,375.218505859375,67588800
2021-12-07,381.8542903912459,387.1298826017134,381.8154194791573,386.5177917480469,56005300
2021-12-08,386.8481048239432,388.45118137491477,384.9535409410944,388.24713134765625,39204000
2021-12-09,387.02308173482663,388.8204836488228,382.3401294064192,382.5344543457031,49973700
2021-12-10,385.3421980821005,386.95499992733414,382.17488593364493,386.69268798828125,52545800
2021-12-13,386.6830072813978,387.0036107993027,380.73703211440903,381.1062316894531,50166400
2021-12-14,376.28724959080563,378.9979252293101,372.72162134697993,377.16168212890625,75199200
2021-12-15,376.90909348999844,386.11954439644194,372.9645402349824,385.7600402832031,73858000
2021-12-16,386.72184428250864,387.14933536877277,374.2566453963507,375.8403015136719,82591400
2021-12-17,372.4300593705942,378.1234466204989,370.91442009447013,373.96514892578125,80492500
2021-12-20,369.24801685453167,371.1255254941099,367.2051181161095,370.3375549316406,65336800
2021-12-21,373.60626178435757,378.93725119775377,369.86098113771806,378.6259460449219,48899500
2021-12-22,378.33401801404176,383.4412499594031,377.67251700140145,383.2369689941406,37042200
2021-12-23,383.58724190976255,387.59519903351975,383.42188146726215,386.12628173828125,29595500
2021-12-27,387.4199657097035,392.50775146484375,387.39078271900286,392.50775146484375,32820700
2021-12-28,393.40276638176255,393.57786434825493,389.81310963024373,390.6886291503906,33113700
2021-12-29,390.8249747681827,392.0896112246505,388.2567515986414,390.6304016113281,32248500
2021-12-30,390.4162215112164,392.5953271533182,388.87920108358554,389.462890625,23850100
2021-12-31,388.7917216357938,390.15364435086724,386.53480417213575,387.03094482421875,34752900
2022-01-03,388.19835056295585,391.0097750810497,386.08737747126014,390.7568359375,40575900
2022-01-04,391.30155766728365,391.34047822796384,382.5949599614313,385.6884765625,58027200
2022-01-05,384.00549782002093,385.12424866501397,373.5867520579978,373.8396911621094,75739800
2022-01-06,372.02062097765435,376.81654920384796,369.7928861023535,373.57708740234375,70814300
2022-01-07,373.58676631105357,375.26973173594047,367.7596666339239,369.5301513671875,72652300
2022-01-10,364.6271924939485,370.28893116706166,359.2670213392742,369.7733154296875,91770500
2022-01-11,369.0437150608484,375.49342437997234,366.9619254037455,375.32806396484375,68295700
2022-01-12,377.89626785911645,379.5889707439038,374.54010446184316,376.81646728515625,54576400
2022-01-13,378.1978779155955,378.8788541706966,366.4561289540999,367.3900146484375,77994000
2022-01-14,364.8703913946755,370.0068064199914,364.6660807383496,369.6760559082031,80121200
2022-01-18,363.86841067713556,365.9891209009165,359.71450953046275,360.4732971191406,75450900
2022-01-19,362.0298017987283,364.5007377255495,356.25133090845486,356.5140075683594,81791500
2022-01-20,359.73400638356384,363.7030425438633,351.3484218440726,351.8834533691406,88610700
2022-01-21,349.6946206883517,352.33091698772046,341.84406809533505,342.1261901855469,143388900
2022-01-24,336.503361180351,344.35391352228993,325.0631519590181,343.6923828125,198685800
2022-01-25,337.2427024792045,341.48412280913794,332.38837987086396,335.72509765625,124398400
2022-01-26,343.3129977401189,347.17503907067993,331.51285522302607,335.1997985839844,146559500
2022-01-27,339.8984675125725,341.7176102878764,330.80272394836476,331.8241882324219,95255700
2022-01-28,333.7017154948516,342.4472338873204,328.7598729741147,342.23321533203125,108167900
2022-01-31,343.5951593572345,353.7609662648605,341.96082238980597,353.1772766113281,94326400
2022-02-01,354.51972302915703,356.2318712803387,349.37360008983933,355.580078125,74433000
2022-02-02,359.70481264846654,360.0355631779779,354.3835618038252,358.4693298339844,78777100
2022-02-03,348.78019330152955,352.08772832642944,342.875252752368,343.93560791015625,95384800
2022-02-04,344.4512021440884,351.5721505685939,342.3985953365478,348.27435302734375,86318300
2022-02-07,348.8678018823196,351.2317141430203,344.2177888048599,345.47271728515625,58198100
2022-02-08,344.3345030373818,350.4437252968105,343.206044188482,349.35418701171875,64720900
2022-02-09,353.8680273004975,356.8350746245941,352.27261072691533,356.75726318359375,55766400
2022-02-10,349.74327756855774,356.52373803272644,346.84433406588846,348.68292236328125,112468500
2022-02-11,348.6829965833848,350.2784133558174,336.3964467985141,337.6221923828125,101569100
2022-02-14,337.0675078177397,341.435426509668,334.53823622017893,338.0403137207031,80254400
2022-02-15,343.3130280418822,346.6789290679671,342.2526728821173,346.4454650878906,55128800
2022-02-16,344.19837029638927,347.379436561988,341.17292693085005,346.3580017089844,58947100
2022-02-17,343.1476750723119,343.8480967760415,335.63760946086956,336.0559387207031,61801400
2022-02-18,336.98976643850756,337.37888294301985,329.9174767418236,332.2230224609375,80001500
2022-02-22,329.2851150350076,334.6842065016989,325.2577133684791,328.8862609863281,85967100
2022-02-23,332.038210028671,332.8748090871975,320.1505174094211,320.4618225097656,86215400
2022-02-24,310.1695541857817,331.76586571589667,309.60533959972105,331.2308044433594,130614100
2022-02-25,332.02848018101594,336.5714981761726,328.21509652010724,336.3671875,78842100
2022-02-28,333.19582386799624,339.0618434116752,332.0381822442066,337.369140625,77515500
2022-03-01,336.34774671347776,338.61437211753906,329.6840182452462,332.2035827636719,67407000
2022-03-02,333.75039937296265,339.11057202016224,330.9876328197201,337.77783203125,70609000
2022-03-03,340.41407433832154,340.5210984604028,331.09460378869966,332.9526672363281,71089400
2022-03-04,330.5984998691438,332.028526362809,325.8123093471127,328.1275634765625,76936300
2022-03-07,328.1178852524775,329.2755272656636,315.8215978708924,316.02587890625,89933800
2022-03-08,315.23783128014855,324.14873946634606,311.23961212376486,314.556884765625,116153900
2022-03-09,322.72848819963866,327.23258609319413,320.14081989375154,325.88037109375,64723400
2022-03-10,321.82376014149736,323.4678050248186,317.8255111481958,322.2615051269531,69362700
2022-03-11,325.2285581449521,325.5398632369939,315.0919050320362,315.57830810546875,66228400
2022-03-14,314.3429336489785,317.7088354468759,308.8174004770983,309.517822265625,79802600
2022-03-15,312.15405848421847,320.00461165026024,310.54893419032584,319.2263488769531,76471000
2022-03-16,323.1370646980165,331.1821616873152,319.4695661402415,331.0654296875,105243000
2022-03-17,329.16842359825154,335.13173025381406,327.8746044366326,335.0733642578125,67810000
2022-03-18,333.41961616057836,342.2235308402903,332.2619743080111,341.9316711425781,85446300
2022-03-21,341.0979546293715,343.31869390140747,336.5980082004085,340.9810485839844,73799100
2022-03-22,341.47781828362815,348.54913327087644,341.09797022303843,347.6822509765625,63345900
2022-03-23,344.8088475078949,348.36397350473,342.62704769272557,342.68548583984375,70615500
2022-03-24,344.60431889958267,350.3509948884147,342.4517676660401,350.3022766113281,53555300
2022-03-25,350.2438234026969,351.29576956009686,345.71468839424256,350.01007080078125,57584200
2022-03-28,350.0003012291695,355.52294392941155,348.76332081543086,355.425537109375,56833900
2022-03-29,359.31190007061673,362.1657391948954,356.5457181859745,361.5423889160156,68073000
2022-03-30,359.68200152367945,361.33782852557766,356.06843686648347,357.5489196777344,68757700
2022-03-31,357.69501139905674,358.04567005236385,352.27952440693844,353.1171875,67011400
2022-04-01,353.38013902507805,354.1593341944505,349.2698205991994,352.4450988769531,54527800
2022-04-04,353.28273195497076,359.7111961332405,353.01976027347615,359.7014465332031,45950200
2022-04-05,358.25028388554637,358.96132122772724,350.5750874389426,351.7146911621094,62738700
2022-04-06,346.4062655140077,347.5069003465268,341.4485636915753,344.0783996582031,90077100
2022-04-07,343.08484310536005,347.0880346472585,339.62712382661994,344.8965148925781,63777400
2022-04-08,343.16281654814475,343.9127926867397,339.4420954838791,340.0751953125,61956100
2022-04-11,335.8480054578386,336.76357619913693,331.68899816767185,332.0299072265625,66107400
2022-04-12,336.77337503281564,338.65320534532646,329.2540240583753,330.62738037109375,72790200
2022-04-13,330.9681858074025,338.39987787475087,330.2474287909676,337.34796142578125,61367800
2022-04-14,337.43564025513336,337.9518637748371,329.41953643655626,329.6338195800781,73519400
2022-04-18,328.58191656925595,332.1760118780032,327.062465025245,329.8870849609375,58560600
2022-04-19,329.2441815884501,337.8349460281546,328.221484275128,337.2602844238281,56515700
2022-04-20,338.068698508038,338.5264838163348,331.1240112611551,332.3415222167969,65500000
2022-04-21,336.2181551269493,338.8284920047036,324.5397972136839,325.465087890625,75801000
2022-04-22,325.6209595063052,326.8384708052652,316.51396904520493,316.9425354003906,82562100
2022-04-25,315.31586648054065,321.3254838822718,314.04963725828924,321.0137939453125,101755900
2022-04-26,318.95865328282736,319.14371732718405,308.62440477055,308.89715576171875,105819600
2022-04-27,308.99463546845755,314.48806102632363,306.81286460970716,308.5271301269531,111204200
2022-04-28,313.4847216823124,321.31576034389815,309.26724715521,319.484619140625,99450000
2022-04-29,315.28668087637624,318.7249309741561,304.4751765510485,305.1082763671875,91977900
2022-05-02,304.69915807506743,310.43608414182137,301.6018172427122,310.20233154296875,115511800
2022-05-03,310.2218488222658,312.8224657828059,307.76735698291543,310.5335388183594,78185500
2022-05-04,311.01076573447637,321.7053936845587,305.73165437547124,321.0333251953125,116083400
2022-05-05,316.71847764967674,316.79638528062134,301.57262187157147,304.8647766113281,154607400
2022-05-06,302.8680460761537,306.90042702253174,297.17980856751376,301.21221923828125,139572800
2022-05-09,295.59225120251307,301.30967906735975,288.0339321273305,289.4267578125,113387300
2022-05-10,296.59540378071733,297.8129146763731,288.86177219356085,292.94287109375,124124600
2022-05-11,290.6831631683839,296.18630646109506,283.38784740770296,284.25469970703125,140326100
2022-05-12,279.9788571911552,288.0631187959251,277.53408545389686,283.5826721191406,120910900
2022-05-13,288.03388809989207,295.12467108754123,286.4364993748133,294.09222412109375,83684900
2022-05-16,292.3487744870589,294.40394878669343,289.4072782183106,290.6832275390625,59190400
2022-05-17,296.53695364221903,298.59209768325974,292.7382960219003,298.2122497558594,62715300
2022-05-18,293.70265421999056,294.3941922213198,282.316487716093,283.5729675292969,79477100
2022-05-19,281.77102563484806,286.738476663522,280.10544911695507,282.053466796875,79920700
2022-05-20,285.5112623311195,286.1638317140984,272.9270529986011,281.1769104003906,91764200
2022-05-23,282.21907844050895,286.23199034784994,279.8230248721788,285.8521423339844,63648400
2022-05-24,280.6412047467661,281.35221225976335,274.9140273398157,279.7743225097656,73491100
2022-05-25,278.28408246900483,285.76449362585697,278.07954891697494,283.6898498535156,67144500
2022-05-26,282.8912146547196,293.09884105809454,282.608743683629,291.5501403808594,59462200
2022-05-27,294.6766361236019,301.21222696962036,294.5597598213431,301.0661315917969,66985600
2022-05-31,301.03696198777624,303.23820206563914,296.42013921910774,300.2674865722656,60968300
2022-06-01,302.40051240627986,304.5238444499757,295.83570262602854,298.04669189453125,65341700
2022-06-02,296.9267084710112,306.3843294134854,295.5143832512099,306.2090148925781,59291300
2022-06-03,300.99791722823267,302.40049218011103,296.9947556078543,298.2414855957031,60914700
2022-06-06,302.67323523378644,304.23165526192764,297.6765653234213,299.2349853515625,51785000
2022-06-07,295.9136101442326,302.59532594620396,294.8227250478429,301.81610107421875,44900300
2022-06-08,301.01743035758443,303.61804712763023,298.7966913157756,299.64410400390625,38342100
2022-06-09,297.95909417977526,301.01746695663655,291.4527212499062,291.6182861328125,55900500
2022-06-10,286.0176516344523,287.20594344916174,280.8846364355447,281.3326721191406,85963500
2022-06-13,272.47902668639784,275.00170651220577,267.3946983506731,268.2518310546875,94442000
2022-06-14,270.44334634056844,271.4173553543754,266.2356202670673,268.73883056640625,64697500
2022-06-15,272.1576120466617,279.37499269025363,269.42061936810114,275.4497375488281,86051400
2022-06-16,268.4270924842186,268.88487782771375,262.28109908553523,264.3362731933594,81910300
2022-06-17,265.10573474580815,269.98552883699915,263.4791565316729,267.5505065917969,82703400
2022-06-21,272.026869215321,276.6135225102179,271.9195365844866,274.3006591796875,51633700
2022-06-22,271.8024054461043,278.30177743750676,271.20713224352835,273.90057373046875,67472900
2022-06-23,276.37927703453715,278.8287481171388,273.54922781064863,277.979736328125,57457800
2022-06-24,280.7999750976957,287.9239239035068,280.56577319972075,287.5042724609375,58422300
2022-06-27,288.8608509108106,289.42684893372103,284.2644585476467,285.396484375,54151500
2022-06-28,285.93324557135105,288.5193252831806,276.5159961701036,276.701416015625,61609800
2022-06-29,276.56473159358586,278.45794354155225,274.06647805469794,276.955078125,57302700
2022-06-30,273.9786543814577,277.09171787698773,269.1285234937554,273.5199890136719,79313600
2022-07-01,272.22205305536403,275.71569439598346,270.3483481823784,275.3253479003906,56675100
2022-07-05,271.5975124107292,280.1559803812563,270.075140020238,280.03887939453125,61829300
2022-07-06,280.4194628152482,283.9326410168725,278.7019024096697,281.83447265625,63194700
2022-07-07,282.6444776054049,288.56808365550654,282.6444776054049,287.8654479980469,56620100
2022-07-08,285.0352907085075,289.5926677839052,284.09845334869004,288.2264404296875,59895500
2022-07-11,285.8161060220792,286.040539649993,281.19043841491765,282.0687255859375,55273900
2022-07-12,283.3177929939941,285.2305115091865,277.74549076739095,279.336181640625,55797100
2022-07-13,273.83221927188373,281.1025149781684,273.2661916044825,278.7604064941406,73939400
2022-07-14,276.16456402172145,280.62434749047134,273.0515011436686,279.7558288574219,63741800
2022-07-15,282.74204373662945,284.9377762264799,281.13181608551673,284.8304138183594,63818100
2022-07-18,287.611677482635,289.0169486418252,281.24894346518283,282.41998291015625,59519600
2022-07-19,286.04049094114333,291.3980983569474,284.4400614458328,291.1053161621094,55172600
2022-07-20,291.52500565321566,296.90209088858387,290.74428281343535,295.7212829589844,67769400
2022-07-21,296.17997591992554,300.02495064223245,293.52557758038677,299.9664001464844,55049400
2022-07-22,299.0393058254194,301.1081694593646,292.8814970769838,294.7063903808594,57127700
2022-07-25,294.7355934056734,295.2040270459721,291.0272572099381,293.0278015136719,40582400
2022-07-26,291.32977998348684,291.58351859643307,286.4601428848884,287.2701110839844,50074100
2022-07-27,291.82744986147276,301.09831895746373,291.2614222284855,299.4100341796875,69304400
2022-07-28,299.19539952894036,302.9135043443742,295.44801947013815,302.3377380371094,55139900
2022-07-29,303.87962702583735,308.7590324776936,302.45481919119555,307.8514404296875,57501000
2022-08-01,306.08512341017763,311.1206738276758,304.9921412634084,307.6660461425781,46358800
2022-08-02,305.3726912440391,310.8668761787576,304.3187231015019,306.7486572265625,48676500
2022-08-03,308.4272114359011,315.92200095901455,308.36866095210183,315.1022644042969,53735700
2022-08-04,315.1803332975884,316.88812529432516,313.0333828747934,316.5758361816406,38973700
2022-08-05,311.4915231177822,316.0195964067601,310.7108300691232,313.9897766113281,53894000
2022-08-08,314.90704761459637,318.59587666591256,311.51097095563654,312.97479248046875,43878500
2022-08-09,311.0816452057415,311.3353838525647,307.812466949981,309.4324035644531,39764200
2022-08-10,316.7613228130929,318.36178251712863,314.2923441967237,318.0690002441406,51459600
2022-08-11,320.39150687223895,322.3920511229261,315.560883736056,316.2635192871094,45897700
2022-08-12,318.3128453863751,322.6164840072935,317.25890705013063,322.42132568359375,40928400
2022-08-15,321.474815778675,325.5247170262433,321.45527909341536,325.0270080566406,38266600
2022-08-16,324.05108255008014,326.35417748127685,321.2210332564173,324.2657775878906,41186900
2022-08-17,321.1331663269014,323.436231181079,318.48850738647985,320.567138671875,47842200
2022-08-18,320.5183981966612,322.5189425848019,318.90820030114213,321.338134765625,41937200
2022-08-19,318.3031306401274,318.9569542566425,314.31175099484204,315.07293701171875,51770600
2022-08-22,310.81820872214865,311.05241071511335,305.96807724093725,306.7780456542969,51098900
2022-08-23,306.543737855867,309.3542799275079,305.7727835197443,306.52423095703125,39497100
2022-08-24,306.0460655965721,309.2274475970766,305.4410240635622,307.4123229980469,38057100
2022-08-25,309.18843732695433,312.86752862816047,308.1442670437042,312.8479919433594,38098300
2022-08-26,312.55524449489485,313.75558914966086,299.93710712291096,300.0249328613281,69047700
2022-08-29,297.2728587954886,299.81015529495335,295.965181858566,297.06793212890625,48321900
2022-08-30,298.71719702917835,299.3320068591553,291.2419445706575,293.75970458984375,51184500
2022-08-31,296.6581631331041,297.55598708223823,291.94466929937244,292.052001953125,50044000
2022-09-01,289.56350871500655,292.54970319492196,285.88444683132894,292.1788635253906,57990700
2022-09-02,295.0479869900323,296.42398337553533,286.4407056585218,288.0509338378906,64666800
2022-09-06,288.52902944390166,289.446360123515,283.8545503145779,285.9819641113281,57005400
2022-09-07,286.46012838191547,292.7545432113645,286.19662144134224,291.7591552734375,49260400
2022-09-08,289.6902922987745,294.5892043917732,288.32406480087906,293.2717590332031,55649800
2022-09-09,295.5260862300546,300.1810585439501,293.2718030746139,299.683349609375,56125200
2022-09-12,301.05930574029827,303.5770657606081,300.747016654849,303.2452697753906,45905700
2022-09-13,294.520884533157,295.7114605874526,285.7282166567736,286.61627197265625,79562200
2022-09-14,287.7580500540228,289.76836270160635,285.9917076770831,288.89007568359375,54907200
2022-09-15,286.97731657179395,289.37797535706585,282.47848993007943,284.0789489746094,65299400
2022-09-16,280.78050327354885,282.7322654178717,278.7311470657045,282.3419189453125,79920400
2022-09-19,279.7012841612989,284.69698298823397,279.64262846808947,284.5405578613281,52613800
2022-09-20,282.0378693199994,284.5601839494864,279.9750741000764,282.27252197265625,51271100
2022-09-21,283.11330785148755,287.37581184198143,277.0813167842155,277.2181701660156,82931000
2022-09-22,275.6930415739473,276.70000432671964,272.58416975490826,273.80621337890625,62757100
2022-09-23,271.3425593161207,271.63586769229045,265.93623941777963,269.34820556640625,74815200
2022-09-26,268.8789462776998,273.2391899171992,267.4418216694611,268.23370361328125,71176700
2022-09-27,271.5967278751962,273.94304548411566,266.0241974483463,268.3412170410156,69780100
2022-09-28,268.32168776244924,274.9598376182292,266.84547923320525,273.67913818359375,79652100
2022-09-29,269.6902728634361,270.0715646873438,262.82728854846664,265.7895202636719,81216000
2022-09-30,264.9683877032516,269.0353524973825,261.12628967839305,261.28271484375,78482400
2022-10-03,263.05226226362504,269.00605596137075,261.5466959774545,267.4125061035156,61267400
2022-10-04,272.7504019516992,276.52408888205673,272.7504019516992,275.8201904296875,66696900
2022-10-05,272.0562013477238,277.462520407493,269.2601802392383,275.6734619140625,55766300
2022-10-06,274.67625661590097,277.82424176859405,273.18047661125445,273.50311279296875,53489400
2022-10-07,268.8691557371326,268.9962530554361,261.75197442759656,263.0815734863281,71354700
2022-10-10,263.2770705805112,263.66814841441,257.74368321845105,260.45172119140625,60393000
2022-10-11,258.77996563092654,261.6444286795512,255.19203248058224,256.8735656738281,66522500
2022-10-12,257.50899316310165,259.4251489637878,256.0914406437089,256.7855529785156,50580200
2022-10-13,249.45330502988705,264.12761327109695,248.57342473862707,262.80780029296875,112894100
2022-10-14,265.1345588543573,265.73090173715434,254.32192079522082,254.90847778320312,77244300
2022-10-17,260.8720851805675,264.1960377721946,260.7743157265391,263.3259582519531,64576500
2022-10-18,270.3454004390657,271.01018506656084,262.72961557378073,265.4083557128906,69781000
2022-10-19,263.89298703618215,267.55911798953014,262.0746004041456,264.4404602050781,53115400
2022-10-20,263.5507981813768,268.6931672043855,261.9279505332129,263.09130859375,60605500
2022-10-21,261.986617180999,269.7979106618397,260.85255709108765,269.2602233886719,77897700
2022-10-24,269.5241608272236,273.1511778563182,265.88735790217254,272.2224426269531,63963600
2022-10-25,273.16097158157777,278.23489911038496,271.68473333216065,277.8536071777344,59014500
2022-10-26,272.2321955769183,277.6287591147078,271.2252328615051,271.71405029296875,63492400
2022-10-27,270.5995535840702,272.05621993697093,266.2490666463493,266.7672119140625,57760300
2022-10-28,266.14155297108766,275.3997564380177,265.97534191478553,274.93048095703125,62651300
2022-10-31,272.68194966008537,273.503159426672,269.81745662103884,271.733642578125,47742000
2022-11-01,275.2042553559678,275.76151447216347,268.59543314016713,268.9571533203125,45895900
2022-11-02,268.92786253985986,271.9878653170992,259.6696565239725,259.73809814453125,79803100
2022-11-03,257.12785978356686,258.58452677660136,254.28293759118606,254.66419982910156,70038900
2022-11-04,259.5913715372942,260.64720401130904,253.28561503914713,258.7603759765625,78313200
2022-11-07,259.8064715479662,262.1430332516671,257.6752346520297,261.6053161621094,47333800
2022-11-08,263.1206098132449,266.7476260907658,259.58154724091315,263.51165771484375,63213800
2022-11-09,261.77151778448103,262.55361373285587,257.14729418920933,257.4308166503906,64862100
2022-11-10,269.8370496054912,276.71957861883755,267.7253543962646,276.4263000488281,99256700
2022-11-11,276.24055218615365,282.18458988685967,274.9011969662566,281.519775390625,66961800
2022-11-14,279.4666812340499,282.741763917315,278.07845646792043,279.05609130859375,55290700
2022-11-15,285.67472427703444,286.7012589614155,279.5742912260636,282.9178161621094,73985400
2022-11-16,280.96249118192577,283.00574441872726,278.2348816226339,279.05609130859375,48859800
2022-11-17,274.5981177562604,279.9164544303959,274.44169257936795,278.4402160644531,55462100
2022-11-18,281.45132801777515,281.5490676405468,276.00589441916804,278.4499816894531,53588600
2022-11-21,277.061687951734,278.2152898203425,274.7544842145169,275.5854797363281,40083500
2022-11-22,276.31883930393974,279.7112049542841,274.18757180031326,279.5548095703125,41873400
2022-11-23,279.5742690811381,282.9862055245089,279.39830194977225,282.36053466796875,46390000
2022-11-25,280.7669719250677,281.47087025300624,280.0142037856951,280.5030212402344,15498800
2022-11-28,278.52813799616996,280.5420632210341,275.4583803547445,276.3871154785156,38714200
2022-11-29,276.61197244287877,277.01280626173184,272.9263002573923,274.29498291015625,35618900
2022-11-30,274.5589724039487,286.9065055448826,273.70843484346506,286.7989501953125,74718100
2022-12-01,287.1215205427985,289.1354455195464,284.3743695841752,287.1508483886719,51547300
2022-12-02,282.0867843893096,286.88697536237026,281.9107874314308,286.007080078125,53583200
2022-12-05,283.88561918438853,285.15653258522,279.75021293114065,281.2069091796875,41482100
2022-12-06,281.05045709162715,281.1873104465043,273.9919327917334,275.3801574707031,53937600
2022-12-07,274.19723419124455,276.25027324305955,272.54502898857334,274.2558898925781,45614300
2022-12-08,275.60506433206405,278.4695274919775,273.532483071853,277.5016784667969,42594900
2022-12-09,276.48491532642936,279.25163871744275,275.2921995910729,275.7321472167969,47860500
2022-12-12,275.90812369116725,279.2516481889468,274.871833080141,279.1929626464844,35732500
2022-12-13,290.0154472774468,290.24031409170993,279.51565582063466,282.1943664550781,80667700
2022-12-14,281.6077090523937,284.8925776911261,276.856417960983,280.1021728515625,64984400
2022-12-15,276.01566388796755,276.68047833241644,269.5046413384967,270.6973571777344,60554100
2022-12-16,270.02273272438384,271.55759662339494,266.51299768012547,268.1163330078125,68300400
2022-12-19,268.38591389305566,268.4741081086413,263.11364035829007,264.3484191894531,44167900
2022-12-20,263.1821610584661,265.8869024245036,261.60441519925917,264.1425476074219,51064200
2022-12-21,265.18133792927495,269.27762774929147,264.3385435697956,267.9742736816406,46394700
2022-12-22,264.9657185869975,265.093120157277,257.2043012809809,261.418212890625,60278400
2022-12-23,260.15405720930426,262.6726010348919,258.25290263889315,262.0061950683594,39373600
2022-12-27,261.39863634460903,261.50644919316005,257.7629358770659,258.3019104003906,38009000
2022-12-28,257.9001485866128,260.15408012625954,254.52903069509586,254.89161682128906,47139000
2022-12-29,257.69434977774887,262.04544340160635,256.99857554474977,261.10467529296875,45893600
2022-12-30,258.34110733474483,261.07524704462577,257.03775322586284,260.9478454589844,37858300
2023-01-03,263.27044150482857,264.74040491904475,256.88101129736896,259.1839599609375,42335300
2023-01-04,261.300672498505,262.09445023311,257.27295778358507,260.4186706542969,47754900
2023-01-05,258.75271045594553,258.9192895246878,256.0283800668829,256.3419494628906,45396700
2023-01-06,258.07654065905234,264.5345752837796,255.126804985391,263.4173889160156,54659700
2023-01-09,265.40669938269843,269.77741078699546,264.5149481705316,265.1225280761719,45568700
2023-01-10,264.0935243898107,267.47445101402536,263.583948018736,267.36663818359375,35247800
2023-01-11,268.4348413268979,272.0999392967966,267.65084316056124,271.99212646484375,44077000
2023-01-12,272.55075772684324,274.4911198155303,268.25846062265697,273.4621276855469,60600000
2023-01-13,270.96319773646184,275.58868281451504,270.63000968968595,275.34368896484375,44802900
2023-01-17,275.147652081972,277.1860174377972,273.9814790914933,275.9022521972656,36269700
2023-01-18,277.4408347282873,278.9892126837552,272.1097958051242,272.3155822753906,47754500
2023-01-19,270.6888091384825,271.82558420366604,268.40547959041226,269.6402282714844,44150400
2023-01-20,271.2474300076123,277.3526582997376,270.189039708322,277.01947021484375,60613600
2023-01-23,277.8622257606587,284.39864475391676,277.06844810068554,283.1736755371094,52799900
2023-01-24,281.5567180138864,283.751853248069,281.03733226985304,282.5954895019531,44875100
2023-01-25,278.0875385777392,282.5856209441002,275.54940651862756,281.96826171875,50872000
2023-01-26,285.388429890523,287.64236129032844,282.7424844155557,287.4659729003906,51596300
2023-01-27,286.15277989519404,292.2874346780867,286.03518764739596,290.3274841308594,56441900
2023-01-30,287.06422753687195,288.485204031386,284.08512343019765,284.4574890136719,49405800
2023-01-31,284.4966454883634,288.81834043174297,284.38886255344715,288.7203369140625,46705100
2023-02-01,288.5146061711699,297.35397489362185,286.44684220280044,294.8942565917969,67562200
2023-02-02,301.41101371232133,307.39864851001664,300.5878380395017,305.4779052734375,83070600
2023-02-03,298.83372911935095,306.13455850213956,298.44174490358915,300.04888916015625,76170800
2023-02-06,297.43235731063703,299.7842924007308,296.16818061095165,297.5107421875,40802300
2023-02-07,297.38337887049175,304.8018011322079,296.26622226916135,303.6748352050781,67584000
2023-02-08,302.36159572104424,303.30236366101053,297.58912066430577,298.27508544921875,56720900
2023-02-09,302.65560463543113,302.8025949668986,294.18863257166754,295.63897705078125,49137800
2023-02-10,293.4830431320697,295.5311881263179,291.2976872269125,293.6986389160156,50050100
2023-02-13,295.09998416838243,298.99048753364445,293.92400177687483,298.4024963378906,39636700
2023-02-14,296.82479185684485,301.55806033599276,294.8844296115814,300.60748291015625,64079100
2023-02-15,298.7945218744599,303.07700999440743,298.10855697315515,302.9104309082031,43100600
2023-02-16,298.28492218029794,302.25381065614226,297.0795416511825,297.2265319824219,59498600
2023-02-17,295.041200334183,295.8839648215853,292.1306722050672,295.12939453125,58230700
2023-02-21,291.3074820247996,292.7480469851319,288.0049698813135,288.14215087890625,46526700
2023-02-22,288.7204047883453,290.4255527522393,286.7016574567407,288.3578186035156,51389200
2023-02-23,292.0032780111049,292.16007766757474,286.6917980591671,290.8763122558594,69294400
2023-02-24,285.9176956757983,287.10345779892566,284.24191583753463,286.0058898925781,74332000
2023-02-27,289.16139327194696,290.5529418079931,287.4660248008548,288.05401611328125,48995000
2023-02-28,287.42674592207146,290.19028346864906,287.0935579060723,287.6815490722656,48243100
2023-03-01,287.38764375571253,288.04421063661897,284.38892091939636,285.368896484375,58287000
2023-03-02,282.8796700562959,288.5341166983965,282.59546884913095,287.73052978515625,53565900
2023-03-03,289.47491316481114,293.9141999999953,288.96530687757166,293.6789855957031,60511500
2023-03-06,294.91379755285436,297.9125198668912,293.8162298962756,294.01220703125,56736300
2023-03-07,294.06126431559863,294.9824437058501,289.7983647809635,290.40594482421875,65955800
2023-03-08,290.827330978684,292.45409396799647,288.97519275474593,291.8563232421875,50876300
2023-03-09,292.3560656900784,294.9530245830803,285.98622520297346,286.79962158203125,71456700
2023-03-10,286.9662054618756,288.4557873254567,281.62535706186685,282.77191162109375,98593600
2023-03-13,280.9883548940412,288.573354857497,279.47918441665786,284.8690490722656,97123600
2023-03-14,288.4165608377867,291.9640670408029,287.57379633938,291.415283203125,73602500
2023-03-15,288.80856358255966,293.2772493516955,287.3679984394516,292.9440612792969,83631500
2023-03-16,292.0327378886065,301.0289069990285,291.2389600204212,300.66632080078125,98198100
2023-03-17,300.5780825063804,302.9594157617402,297.2951586443175,299.24530029296875,89923700
2023-03-20,298.62890724672246,300.6311303110754,296.42054919854286,300.3072509765625,56359500
2023-03-21,302.2407985358672,305.04785266850337,300.7292917206466,304.59637451171875,49757000
2023-03-22,304.52768643281496,309.4155301746397,300.2876613290279,300.4544982910156,75791900
2023-03-23,304.18426197487634,308.33595735209303,301.32811433047993,304.01739501953125,74576000
2023-03-24,303.5952799906133,305.23435576063616,301.2691474607354,305.13623046875,57195200
2023-03-27,305.833089590293,306.9127374035687,302.19176055680384,303.045654296875,50287400
2023-03-28,302.466559225668,302.49600280278304,299.1294607378363,301.43597412109375,48585900
2023-03-29,305.1263695460071,307.55065703124257,304.3117140605871,306.93231201171875,53274300
2023-03-30,309.40563487178633,310.4656633697794,307.02061568045565,309.8374938964844,58354800
2023-03-31,310.0632452196137,315.22590445455506,309.75898499387375,314.9903259277344,62138100
2023-04-03,312.8703281475286,314.489814603818,311.54533734186873,314.22479248046875,47126800
2023-04-04,314.6665077964357,315.6774438935838,311.94775434717684,313.1648254394531,45875400
2023-04-05,312.2127972814154,313.15502177624506,308.25738336194655,310.0731506347656,62795700
2023-04-06,308.4242421889301,312.6544731339284,307.03053939298894,312.1637268066406,46916500
2023-04-10,309.238832639675,312.03609210575996,307.45250919646037,311.98699951171875,45134700
2023-04-11,311.94778749401394,312.0067046080071,309.4744368646345,309.98480224609375,40113600
2023-04-12,311.93793154691537,312.52683299595236,306.7850962851923,307.24639892578125,62813300
2023-04-13,309.0032361199437,313.73403663078875,307.82546322301357,313.262939453125,54613800
2023-04-14,311.7122292583174,314.4309529600365,309.7688631396703,312.6741027832031,56278300
2023-04-17,312.2617937425751,313.29237871005614,310.1908592044973,312.93902587890625,43007000
2023-04-18,315.0492015405647,315.47126599065194,311.7612263212771,312.9586181640625,46746900
2023-04-19,310.55407195884237,313.87152168372256,310.4264731305352,312.8114929199219,38960100
2023-04-20,309.84743656628046,313.361167295096,309.1407606157145,310.426513671875,62462100
2023-04-21,310.0633393438064,311.52575377293005,308.28684008542274,310.7503662109375,59002300
2023-04-24,310.52460416943904,311.85941960168043,307.9334495735245,310.1025695800781,44043100
2023-04-25,308.473335566847,309.1407433849651,304.15477386644125,304.2528991699219,57121600
2023-04-26,307.63900335088084,309.1112420614219,305.5778631655687,306.0980529785156,55400500
2023-04-27,309.85723831198396,314.92171397402467,309.21924413400245,314.4211730957031,65430400
2023-04-28,314.1855717047368,316.6785712153417,313.0568612415905,316.5902404785156,59712600
2023-05-01,316.12889554696204,317.64040228723445,315.14740310962685,316.22705078125,41013400
2023-05-02,316.1583963914901,316.48230572803664,311.7318551123893,313.4691162109375,56519400
2023-05-03,313.83224897780207,316.5019099639338,311.3098058864839,311.41778564453125,59882100
2023-05-04,311.19205535831844,312.3404149311977,309.2879572324431,310.31854248046875,50224500
2023-05-05,312.5759436628054,317.7680478062891,310.3577608434829,316.9141540527344,51806100
2023-05-08,316.45282560845146,318.04283866891797,315.3731778659205,317.6993103027344,36465800
2023-05-09,316.0405787750842,316.90429695051574,315.37317107689563,315.687255859375,31768800
2023-05-10,318.1213864238547,319.9764218717756,315.64803577940484,319.1225280761719,60446600
2023-05-11,319.67215652477967,320.702711788897,318.1213814203093,320.16290283203125,44278500
2023-05-12,320.6928395840267,321.11490410960397,316.9631801847053,319.0144958496094,48432800
2023-05-15,319.4856037559259,320.97746143515667,317.96427254975384,320.7419128417969,33375600
2023-05-16,320.0254547559925,322.8128899714254,319.9861866676694,321.1051025390625,40019200
2023-05-17,322.16511784019536,325.5708983222604,320.9873447050186,324.9918212890625,47486100
2023-05-18,325.3843724071153,331.24388364276535,325.3647533407416,331.0279541015625,64213500
2023-05-19,331.24391752243963,331.9505933702211,329.2220452265491,330.2820739746094,61554900
2023-05-22,330.02691562329284,332.4021411023178,330.01709111154463,331.3912048339844,43015900
2023-05-23,329.6735737600976,330.82190336326596,326.8370456829929,327.19036865234375,48216700
2023-05-24,325.2371462045606,326.7486529543009,323.46064727807794,325.511962890625,62891200
2023-05-25,332.8634256751795,334.6988121050236,330.43913767543575,333.43267822265625,66862800
2023-05-26,334.4534083996253,342.7862705013703,334.3552531548107,341.9519958496094,63007000
2023-05-30,346.18220186431466,347.37962387982896,342.0795705146639,343.50274658203125,72652200
2023-05-31,341.9225630348241,344.11130225670985,340.0970012254624,341.5495910644531,65105400
2023-06-01,341.2944217437348,346.8201997459397,340.2442175064159,345.4952087402344,50488600
2023-06-02,347.25205955281666,349.24448827334294,345.49520941716,348.0863342285156,53372100
2023-06-05,347.8703928659199,350.883582144611,347.30114037340985,348.3316955566406,47266200
2023-06-06,347.7231936940905,349.23470066993315,346.3981727066274,348.2728271484375,41390400
2023-06-07,348.55744268687283,350.5106032126766,341.73605770611135,342.3642272949219,69225900
2023-06-08,342.6586912501391,347.0754079440885,342.43296712222565,346.6141052246094,47153900
2023-06-09,348.06668572991623,351.04060676974495,346.4962917589313,347.9390869140625,53196900
2023-06-12,349.59783135014015,353.9163925495602,348.62616331728384,353.8182373046875,44606500
2023-06-13,356.5664919227782,357.3712931739135,353.36681613092617,356.53704833984375,57097800
2023-06-14,356.5467220353934,359.41269293154363,353.74949274649475,359.1280517578125,69525600
2023-06-15,357.86195327861964,364.8894429222012,357.2436381860123,363.40740966796875,71138800
2023-06-16,365.8219021049376,365.94950092806926,360.6788907605711,361.12054443359375,80932000
2023-06-20,359.66992816528324,361.9992516934067,357.6452823141966,360.6036071777344,49204700
2023-06-21,359.46355155125474,359.8960031411882,354.76558200049374,355.689453125,53378300
2023-06-22,354.4412029254088,360.043366747909,354.03823537075647,359.8861389160156,47603000
2023-06-23,355.9940972689347,358.61829053341046,354.6279666884513,356.3184509277344,48922900
2023-06-26,355.78768031078647,358.5789391758396,351.453357180665,351.54180908203125,52685500
2023-06-27,353.0848841102833,358.31359439431293,352.35759290319345,357.5862731933594,49428100
2023-06-28,355.76802304065137,360.23008989079324,355.689379134913,358.2840881347656,46498000
2023-06-29,357.9892028503114,358.6280720795625,355.92526531964336,357.56658935546875,46151000
2023-06-30,361.242418880044,364.1319675910211,360.92793323331483,363.0803527832031,58712500
2023-07-03,363.7191685474118,364.5643955337729,362.63803984892405,363.9353942871094,19432900
2023-07-05,362.372725830964,365.62592029282894,362.33340387544496,363.92559814453125,34460900
2023-07-06,360.22022137820494,361.59618955883457,358.26435197023386,361.1539001464844,49374700
2023-07-07,360.92792588819304,364.12215218790664,359.7288612774692,359.95489501953125,47133700
2023-07-10,359.67968541300456,360.75097612528987,357.1734584248159,360.07281494140625,48498800
2023-07-11,360.49545377279605,362.30387357517714,358.3626803681237,361.8517761230469,38214100
2023-07-12,365.9501931335994,367.7684509021404,363.9451935946004,366.4219665527344,61975400
2023-07-13,369.59662545868946,373.4690138483002,369.0167539985223,372.6434326171875,46960000
2023-07-14,373.07579318427884,376.289665406279,371.6899868150142,372.5647277832031,55148500
2023-07-17,373.28223122359674,376.91874743367106,372.8006497232177,376.04400634765625,40868900
2023-07-18,375.4051399126897,380.48643025096686,373.4787840563649,379.1202697753906,55262000
2023-07-19,380.18170336657397,381.32179994850327,377.7049304495396,379.0317687988281,54093000
2023-07-20,376.044048776661,377.508499412498,369.2723030623022,370.2944641113281,71941700
2023-07-21,372.67287372158023,373.40019495574614,368.751355826418,369.1838073730469,60499600
2023-07-24,370.15675956883325,371.1002764580917,367.9158882106813,369.7734680175781,40380100
2023-07-25,370.4812028389223,373.9407855993247,370.46152686126584,372.27978515625,38894400
2023-07-26,371.2379616405588,372.73186617653244,368.7415420924305,371.0413818359375,47075700
2023-07-27,376.4961535605494,378.1079939692565,368.86931310713493,370.1568298339844,63940200
2023-07-28,374.206049043493,377.9211786460314,373.69498364625855,376.8990478515625,56902900
2023-07-31,377.20373944509765,378.27503021734213,375.77861108178536,377.0956115722656,44019900
2023-08-01,375.7491127916499,376.977661335996,374.15691867719516,376.22088623046875,41060600
2023-08-02,372.7514160215036,372.7514160215036,366.7266099743299,367.9649963378906,72687100
2023-08-03,365.5571082205294,369.4983018652998,365.39001240778197,367.3753662109375,47666400
2023-08-04,369.3016578121889,371.61133485782324,365.1540771155153,365.65533447265625,61702800
2023-08-07,367.46379575584587,368.8496021400914,365.13447246946816,368.7513122558594,37230400
2023-08-08,366.24508962124304,366.2647356007834,362.490637952567,365.6160583496094,44726500
2023-08-09,365.9010914931724,366.05834931171427,360.83947730891896,361.59625244140625,51150900
2023-08-10,364.6037487888542,367.9355570708687,360.74119910131196,362.26458740234375,72035300
2023-08-11,359.70918530416867,361.6847010137196,358.4315067818279,359.95489501953125,48707200
2023-08-14,359.1587741724269,364.1122901045981,358.44132104712014,363.9943542480469,42130800
2023-08-15,363.02135465299926,363.8174817408834,359.4634827031511,360.1318359375,45539900
2023-08-16,359.5912915220789,361.12451792586296,356.2201610313143,356.3184509277344,53190500
2023-08-17,357.71400821234437,358.058007797812,352.01355505893343,352.42633056640625,62604300
2023-08-18,349.1633272225095,353.2421023084122,348.6227478776219,351.98406982421875,61191400
2023-08-21,353.44851063860824,358.33322103619656,352.9865751686361,357.6550598144531,50696500
2023-08-22,360.2595642550805,360.269402241501,356.4559827490985,357.14398193359375,44530200
2023-08-23,358.32334581662815,363.86657088030654,358.1071200873245,362.7756042480469,51770600
2023-08-24,366.24502723493003,366.34328710975603,354.814608365216,355.02099609375,66842500
2023-08-25,355.8564620160863,359.46346372196984,352.42633410703627,357.7729797363281,69960500
2023-08-28,360.69203716817907,361.39968237368765,357.9990681887623,360.46600341796875,40910000
2023-08-29,360.2693726558129,368.69230800859503,359.9450490630402,368.3384704589844,58492400
2023-08-30,368.44663740934226,370.97254048337203,367.44412257396607,370.39263916015625,41731500
2023-08-31,370.471296535716,373.2035874718416,370.402490614343,371.5032653808594,35730700
2023-09-01,373.87188211383943,374.2944956090259,369.6260112017312,371.110107421875,39801200
2023-09-05,370.30417020396686,372.800589196893,369.380299316676,371.5818786621094,32344200
2023-09-06,370.80540934857504,371.14940891629277,366.30402098652354,368.3089904785156,42998700
2023-09-07,363.85676044832894,366.45146939646156,362.8149536720257,365.6750183105469,52060700
2023-09-08,365.6259312968317,368.4171903454123,365.22296372375945,366.1861267089844,35800100
2023-09-11,369.21327685540757,371.0118589039647,367.24759899108267,370.50079345703125,39936600
2023-09-12,368.8299383335772,370.4811304591035,366.10748541432696,366.39251708984375,41391000
2023-09-13,366.6284042357523,369.3901792248548,365.49814546694387,367.78814697265625,46300700
2023-09-14,369.53756076360116,371.77843208818126,367.47362322311847,370.79559326171875,48039400
2023-09-15,369.45898724728664,369.8619548094555,363.5127937007819,364.4465026855469,69811200
2023-09-18,363.5075090480625,365.93863645323245,363.22206476755633,364.826416015625,36903500
2023-09-19,363.5074962674378,364.84607760693416,361.0271378460605,364.048828125,37621700
2023-09-20,365.11185487592627,365.46617463630355,358.7239766256181,358.802734375,45514200
2023-09-21,355.12154499734396,355.9089722370328,352.0605060828978,352.2278137207031,69734800
2023-09-22,353.9700308914129,356.10586190471264,351.9621286645115,352.277099609375,51589700
2023-09-25,351.3124427906293,354.0388663136453,350.3281813107885,353.95025634765625,39168000
2023-09-26,351.37156116070526,351.9129230972597,347.65105327925147,348.63531494140625,53657700
2023-09-27,349.78694641677345,351.3617712282636,345.8301949477779,349.4523010253906,56066000
2023-09-28,348.5368441938577,354.50149684068487,347.68054144851845,352.37548828125,56453300
2023-09-29,355.84993269784667,357.23774510147166,351.4010512242257,352.6313781738281,64829600
2023-10-02,352.8971481752992,356.9719754148044,352.2869108139904,355.5743408203125,51625100
2023-10-03,353.13337228482897,355.3282864453552,347.7199335363626,349.3341369628906,60478500
2023-10-04,350.17073233689933,354.9345547909679,349.70812819170675,354.0881042480469,54786700
2023-10-05,354.0782318748588,354.48178270513296,349.5506528835014,353.0447692871094,45897400
2023-10-06,350.0526198848716,360.1511531623578,349.2652226471083,358.960205078125,75049100
2023-10-09,356.597960109658,361.3322559289201,355.1018933143861,360.7909240722656,45304800
2023-10-10,361.1255968573327,365.43666773183907,360.6236438363475,362.78900146484375,46968800
2023-10-11,364.11770992962386,365.5645755687648,362.39525226575506,365.3775634765625,38215100
2023-10-12,365.87956850775583,367.8579138612387,361.71613120455214,364.1078796386719,49587900
2023-10-13,364.73778807689456,365.31849875234707,358.13337184276384,359.5310363769531,52469900
2023-10-16,360.8499408644695,364.64920581637176,360.70230764915857,363.5960388183594,44201100
2023-10-17,360.0527516069459,364.09808260584856,357.93659506794,362.4051513671875,50999100
2023-10-18,359.91488126610767,362.1196172018905,356.32230310720615,357.65106201171875,54280500
2023-10-19,359.0685105524273,360.2594588062133,353.5074379211459,354.3046875,72274200
2023-10-20,353.80263100200693,354.37351949388653,348.7927435626663,349.0191345214844,72559700
2023-10-23,347.70025266627835,353.60582210048005,345.59391848351896,350.07232666015625,60665200
2023-10-24,351.88334538295214,354.2455670218574,350.1904143682358,353.47784423828125,47082100
2023-10-25,351.08612173446545,351.26328161200416,344.2454916580146,344.8262023925781,71190500
2023-10-26,343.6253716602287,344.5604321044559,336.9619320878897,338.2513122558594,78621400
2023-10-27,340.9777343824353,343.34980841162735,338.664713645482,339.8753662109375,63476700
2023-10-30,342.3556989748793,345.02306953665595,340.9974431987372,343.70416259765625,55298500
2023-10-31,343.7336356854327,345.72183299342765,341.1646976913509,345.3478088378906,47671900
2023-11-01,346.18448935280355,351.9030468160759,346.0860571858595,351.3420104980469,58992700
2023-11-02,355.8499407400772,357.95624490601404,354.62943595313834,357.72003173828125,58162400
2023-11-03,359.0094151473788,363.21220132553935,358.7830241681351,361.9228210449219,53280500
2023-11-06,362.6905309181117,363.96023673494824,361.1354108770652,363.3992004394531,38848700
2023-11-07,364.4424808513599,367.7003838887603,363.2416806658004,366.8342590332031,50777400
2023-11-08,367.2082460705771,367.9070933221977,364.7869713303603,367.0704650878906,35663400
2023-11-09,367.7595181376134,368.9012351592412,363.7535662221592,364.2456970214844,53859400
2023-11-10,365.96817762056844,372.5824171770866,365.43666791374335,372.4347839355469,58309800
2023-11-13,370.8599423722135,372.3264825668153,369.3343188464061,371.2733154296875,40733500
2023-11-14,377.67097358036534,380.1808584398654,377.1493161843345,379.2654724121094,67792600
2023-11-15,381.15534626237616,381.6474771161688,378.19270891061393,379.5509948730469,54141400
2023-11-16,378.7831865533611,380.1119455665151,377.52333305315267,379.875732421875,45343500
2023-11-17,379.1473710700725,380.978113113573,378.2418672940734,379.9643249511719,46571900
2023-11-20,379.9742336094992,385.2498921677471,379.9742336094992,384.5904235839844,44429600
2023-11-21,382.8876498600651,383.10418863348156,380.61400775783403,382.35614013671875,43337000
2023-11-22,384.42303401897493,386.8836878506186,382.91711507550013,383.9210510253906,44121000
2023-11-24,383.51751122375975,384.1080741677964,382.3856164361023,383.3797302246094,15718800
2023-11-27,382.8875890129527,384.9938930766563,382.1690672796005,383.0450744628906,34139700
2023-11-28,382.2970876541649,384.6297830598259,381.94273782541677,384.049072265625,35491100
2023-11-29,386.5097273149748,387.9369187872778,383.3305512275053,383.675048828125,38811700
2023-11-30,383.9407456818497,384.40334982807576,379.7478117570499,382.7104187011719,52834400
2023-12-01,381.64741281860364,384.39351093056035,379.9938606373886,383.8029479980469,40490100
2023-12-04,380.0135687287101,380.51555177142023,376.6375585502535,380.2399597167969,51186900
2023-12-05,378.34028879793397,382.38558910649584,378.1630989012916,381.19464111328125,42933000
2023-12-06,384.12771425461796,384.2261464093733,378.6454006783333,378.9898681640625,41994100
2023-12-07,381.9624351866648,385.1120545223201,380.86988910871304,384.2852783203125,49593500
2023-12-08,382.5530088484466,386.4408245481199,382.36599672212515,385.9979248046875,46687500
2023-12-11,385.5745976420608,389.56087481431933,385.3679111336152,389.29510498046875,41198000
2023-12-12,389.3345300600356,392.5137059555065,388.20263518688597,392.3955993652344,39221200
2023-12-13,393.3306498850675,397.99604066159475,392.56292697200246,397.38580322265625,55408100
2023-12-14,398.60626257953487,399.9054650273427,394.03927446369323,397.0412902832031,55447800
2023-12-15,397.818824291693,400.14169715869406,397.2184391667707,398.9605712890625,62896600
2023-12-18,399.35309710444824,402.3709508674687,399.0276552700058,401.4734802246094,46610000
2023-12-19,401.92718799546697,403.6432143177387,401.739802351394,403.5248718261719,35711900
2023-12-20,402.7260026011045,404.8168000697406,397.35105072781244,397.528564453125,54042400
2023-12-21,401.4538395044679,402.5189822599552,398.8995134090892,402.154052734375,45568900
2023-12-22,403.36707150520004,404.32371344102273,400.8817888923147,402.755615234375,34314000
2023-12-26,403.6137268306907,405.8919106391057,403.515098031312,405.2212829589844,22722500
2023-12-27,405.50335267436475,406.33221584781865,404.6448582070806,406.0460510253906,31980500
2023-12-28,407.20059203535254,407.4472786001535,405.493510166212,405.8487243652344,27029200
2023-12-29,405.8289987195395,406.18424303030133,402.1780255292888,404.0923156738281,42662100
2024-01-02,400.46110631543075,400.7077928852175,394.93532112958644,397.2541809082031,58026900
2024-01-03,394.6294287174648,395.6852544540013,392.61648800716534,393.0506286621094,47002800
2024-01-04,391.1856845267472,394.2939291818346,390.8107161348315,391.0278015136719,39432800
2024-01-05,391.19556531681906,394.2643317193187,390.10026131361894,391.4915771484375,44922800
2024-01-08,392.7151704947561,399.86908153761993,392.56716456476687,399.58294677734375,42473800
2024-01-09,396.5831820153857,401.2998278033739,396.385820723595,400.3722839355469,39132900
2024-01-10,400.68805977012255,404.0923162885945,399.7999941615258,403.0858459472656,33962800
2024-01-11,404.3587923820562,405.75010833943963,398.88233210983117,403.92462158203125,54536200
2024-01-12,404.96069926457324,405.79943969142045,402.7405199592706,404.1318359375,39595000
2024-01-16,402.8983611364545,405.67111570510156,401.43796583773303,404.0923156738281,43903000
2024-01-17,400.78676327938865,402.1879261807825,397.57983776151127,401.8129577636719,54386000
2024-01-18,405.07903211074836,408.09847302098166,403.73707175646854,407.51629638671875,59562500
2024-01-19,409.71683927383793,415.7557223922179,409.1346625144501,415.59783935546875,70325100
2024-01-22,417.79826002605955,419.10077238644385,415.53860253748337,416.1405334472656,44880600
2024-01-23,416.8311775060242,418.08436441473145,414.99584408349705,417.8672790527344,33003800
2024-01-24,421.77483440398146,424.1528965640352,419.6927840841391,420.1861572265625,46948000
2024-01-25,422.68261931824196,423.3536296702719,418.36069593474804,420.69927978515625,44367200
2024-01-26,418.81458709390614,420.5611171421055,417.54167598048286,418.19293212890625,37137000
2024-01-29,418.64688302860066,422.6728251918383,417.99562679298543,422.4754638671875,38694700
2024-01-30,421.4394001414047,422.0116998127057,418.7554486863462,419.6632385253906,36739000
2024-01-31,415.2721839553905,417.2654006290457,411.2659964098067,411.443603515625,64010600
2024-02-01,413.2395617637934,416.7819779703262,412.27253938443664,416.2886047363281,51008600
2024-02-02,418.1830657905494,424.5377143092311,417.18647251424335,423.32403564453125,59602400
2024-02-05,423.3832622919812,423.9160836378695,419.3671974329479,422.771484375,39889200
2024-02-06,423.9160376085168,424.5179684735846,419.5842372747902,421.9228210449219,35846100
2024-02-07,424.7054500501672,427.0933590723248,423.4029377945693,426.2644958496094,37712700
2024-02-08,426.382944683857,427.8137389159285,425.70211741625366,427.053955078125,29889900
2024-02-09,428.1886798363185,432.0468613748132,427.39929486367424,431.2574462890625,36943900
2024-02-12,431.1488988628783,433.3197526076636,428.8892415712298,429.5700988769531,33203300
2024-02-13,421.61699064734256,425.5540990543251,419.692823167463,422.8701477050781,64491700
2024-02-14,425.5442569952469,427.90256520413857,423.19579577332206,427.478271484375,45092700
2024-02-15,428.16901342001694,429.2149622005433,425.6133137308573,428.7511901855469,38796100
2024-02-16,429.12612415809764,429.2247747002088,424.15291424350715,424.8633728027344,53716500
2024-02-20,422.87011177333653,424.37983239693597,417.8870550394781,421.65643310546875,53999500
2024-02-21,418.92310656439344,420.05788883742673,416.0418243903044,419.96905517578125,49779000
2024-02-22,428.73140828484816,433.30004866411934,427.9617473429976,432.26397705078125,53887800
2024-02-23,433.82301548242646,434.75055943637386,430.01418912468716,430.9910583496094,39853900
2024-02-26,431.8002008373945,432.7869471692382,430.5766149089948,430.76409912109375,33043200
2024-02-27,431.8692503640229,432.184986282359,429.26422577428366,431.8001708984375,33713200
2024-02-28,429.6589206142435,430.8825064645186,428.5438925123563,429.50103759765625,32938800
2024-02-29,432.4218872525922,434.2572211088349,429.2544096158732,433.1816711425781,42495200
2024-03-01,434.06972712165634,440.6611857217521,434.01052474782574,439.70404052734375,43853000
2024-03-04,439.7040856472409,440.1284095207152,437.88847573287114,438.1351623535156,34325700
2024-03-05,435.0959254018696,435.1058025012789,427.9025362866196,430.2707214355469,57917100
2024-03-06,434.48411631091494,436.13196568615194,431.0995838983498,432.9743957519531,46234500
2024-03-07,436.55630255352224,440.7992995133113,435.0169506522898,439.546142578125,44526700
2024-03-08,439.90140185906074,442.693910981613,432.53040518587756,433.2013854980469,72096000
2024-03-11,431.7113307488668,432.84608283298553,429.668758929591,431.5929260253906,45860000
2024-03-12,433.9019103972612,438.13502984583255,430.6752311027023,437.7798156738281,55300900
2024-03-13,436.78322405350747,436.8029782510088,433.30001097548626,434.4150390625,37928700
2024-03-14,435.6485312451789,436.1715056274267,430.60627164587515,433.31982421875,52195200
2024-03-15,430.29050506130005,433.0533829051464,427.00462272271886,428.16900634765625,73069800
2024-03-18,433.4876578345993,435.77005339953286,432.015441232783,432.2525939941406,47323800
2024-03-19,430.2468145521752,433.7346333318046,428.15212113029696,433.32952880859375,43004100
2024-03-20,434.5250931534227,438.80334096798737,432.8256441272629,438.4674072265625,43653500
2024-03-21,443.51637126483735,443.97086631640985,440.34473575766197,440.5423278808594,39345700
2024-03-22,440.0285427517674,442.1429563269523,439.17880316614946,441.0462341308594,28253900
2024-03-25,438.2500236979711,440.9276637079466,437.2521126584658,439.4455871582031,27789200
2024-03-26,440.9672001706422,441.88611062299844,437.79556453713616,438.0228271484375,34142000
2024-03-27,441.105517877216,441.20432901385453,436.6493979452697,439.5147399902344,41359200
2024-03-28,439.46534778476365,440.3150873730311,438.3488452662453,438.7045593261719,36839600
2024-04-01,439.65308146497904,442.18248976686664,437.7263698364116,439.6333312988281,38729000
2024-04-02,434.8215419081569,436.15541700683673,432.7960490881484,435.8392333984375,44259700
2024-04-03,433.71485768745384,438.6946431607458,433.7049976814608,436.8173522949219,39949800
2024-04-04,440.9967934965204,441.6094104504409,429.910859971514,430.13812255859375,57267700
2024-04-05,431.5608768260422,437.8745366372013,430.75066784020805,435.206787109375,54744600
2024-04-08,436.13561556539395,437.2125875865216,433.9520311978938,435.3352966308594,28144900
2024-04-09,437.66715041095875,437.9438035404002,432.21311865071436,436.9458923339844,39443600
2024-04-10,431.77833281863883,433.9915576445621,431.0669348170311,433.1319580078125,61502200
2024-04-11,434.99941289484474,440.9968605135364,432.7268771374683,440.04833984375,45474600
2024-04-12,435.82934357135736,436.95570613893716,431.6597667487768,433.03314208984375,53665000
2024-04-15,436.7778637813603,436.8667847613836,425.0694522981349,425.9093017578125,63453600
2024-04-16,425.75119974644684,428.5770414842701,424.56555655499864,425.9488220214844,47619000
2024-04-17,427.92490809219123,427.94465825778315,419.82287756668256,420.75164794921875,56880500
2024-04-18,421.39392278181145,423.1230122839189,417.77765197619533,418.3507385253906,46549400
2024-04-19,417.1748963589334,417.6985621852426,408.1342356976317,409.6953430175781,75231000
2024-04-22,412.3235850098198,416.1473377835961,408.9938577655325,413.8155517578125,47807700
2024-04-23,415.7422677634582,421.1864391995663,413.86497662605376,419.99090576171875,44384700
2024-04-24,423.0835051077627,424.5952221276178,419.13130059541714,421.4136962890625,48440300
2024-04-25,414.23052802555014,420.23789551957753,413.1436959522945,419.3782958984375,57392200
2024-04-26,422.5103887021801,427.381473182625,421.81877105316397,425.8500061035156,41874900
2024-04-29,427.9545657944638,428.57704279451684,424.84221094712433,427.5791015625,30022200
2024-04-30,425.9981832015452,427.39133873179975,419.4375402321003,419.5165710449219,43665900
2024-05-01,418.0938044365129,425.00030192305,415.6335669199923,416.4832763671875,52251700
2024-05-02,420.2181538330717,422.6981719381448,415.60397171865054,421.7990417480469,36559000
2024-05-03,429.2488772612245,431.26450973657217,427.45061721118805,430.2764587402344,48515300
2024-05-06,432.07473911225696,435.0784229348323,431.3040604511998,434.989501953125,30227200
2024-05-07,435.4341495604902,436.68896365352816,434.3275069549733,435.0586853027344,30996100
2024-05-08,432.44030104834115,436.20477300365775,432.32170959807235,434.8017272949219,24896700
2024-05-09,435.06854747339855,436.32339172560376,433.2208966564502,435.75030517578125,24580100
2024-05-10,437.2521379272072,439.0009775019168,435.23650526025403,436.7778625488281,27116600
2024-05-13,438.6847746021528,438.78358573741383,436.3727387710848,437.78564453125,22994200
2024-05-14,437.36078681259016,441.1351490219814,437.1730547027617,440.6015930175781,34478300
2024-05-15,443.0717526114495,447.73535506298566,441.56003561725066,447.48834228515625,41464700
2024-05-16,447.300603706104,449.25695573333155,446.41136374933757,446.579345703125,34780400
2024-05-17,446.70773221124824,447.31045901301263,444.16846400588616,446.3619384765625,35803700
2024-05-20,446.5793218760035,450.1362815132888,446.39158976534486,449.47430419921875,24474200
2024-05-21,447.62663741534305,450.54136979919565,447.42901515243744,450.3536376953125,23167700
2024-05-22,450.6105944327446,451.36152293797704,447.66619122011053,450.2647705078125,25120000
2024-05-23,455.04694507409687,455.0765854024799,446.4509181608015,448.2392883300781,40899200
2024-05-24,449.8498077178615,453.74273158486886,448.1503585670211,452.47802734375,29669500
2024-05-28,453.6932608661482,454.2465670260158,451.2330234712752,454.1872863769531,26216800
2024-05-29,450.0375023855627,452.7645027751896,449.899160765381,450.98602294921875,29739200
2024-05-30,450.0572632581326,450.19560488160533,444.83046464487313,446.1544494628906,30536800
2024-05-31,446.3816541194616,447.0733018411906,437.7658486846515,445.3244323730469,55941300
2024-06-03,449.13837209312464,450.13628314754243,442.5480583361609,447.715576171875,32997500
2024-06-04,447.458658340774,450.13626814861834,445.7394592236012,448.94073486328125,23767400
2024-06-05,452.507661370221,458.07036382987604,448.9803116462065,457.9913330078125,33817400
2024-06-06,458.67307087921665,458.9892544596683,456.6673284046728,457.8332214355469,21966800
2024-06-07,457.467661590533,460.17491196915165,456.3215186904431,457.4281311035156,25829700
2024-06-10,456.30171335602006,459.63144035265606,456.0151701274093,459.2757263183594,20660800
2024-06-11,458.00116317865417,462.54620375164046,456.50919653862604,462.4276123046875,22053300
2024-06-12,466.35021160302534,470.80633154634563,465.6585939506412,468.4844055175781,34532600
2024-06-13,472.01173265680745,472.6737401049363,468.7511763645749,471.023681640625,25859000
2024-06-14,470.8260932107854,473.5333736936647,470.36170799369097,473.4642028808594,23372600
2024-06-17,473.7309763615581,481.0425485388574,472.4267718136733,479.2640686035156,37054500
2024-06-18,479.21463933122305,480.09398906770866,477.65350181941676,479.4122314453125,24438600
2024-06-20,480.6077834849521,481.0227480217305,473.8890185540874,475.7169189453125,33918700
2024-06-21,475.440293517699,476.77416848361605,472.9504156934659,474.4423522949219,37456800
2024-06-24,473.2171889334799,474.9490265120443,468.90245380557906,469.0409851074219,37751000
2024-06-25,471.129109923321,474.7016290052878,470.1889574276186,474.4047546386719,29014700
2024-06-26,473.58337252856364,475.92880093044886,473.1677483971883,475.3844909667969,22737100
2024-06-27,475.1370763918568,478.0861593754013,474.32557950230506,476.6116027832031,26222100
2024-06-28,477.40334252534984,482.14363827525386,473.4943252654725,474.1375732421875,34881600
2024-07-01,475.0579027852008,477.48245728594264,471.3171348061598,476.91839599609375,24898300
2024-07-02,475.42405251727433,481.98524767467785,475.2953968944467,481.9258728027344,26723600
2024-07-03,481.17380338161604,486.0724422579742,481.17380338161604,485.94378662109375,18064900
2024-07-05,486.7849470721582,491.4460560048313,486.4880424937544,491.0106201171875,28495900
2024-07-08,491.3767232735326,492.7324997890288,490.35741441728845,492.1783142089844,22109400
2024-07-09,493.69247152313164,494.8107486472105,491.08976215311105,492.6038818359375,25614500
2024-07-10,494.52381152050594,498.29426747851727,493.21753393410455,497.7400817871094,28046900
2024-07-11,497.84889132768484,498.05670338480786,485.6369657380776,486.8244934082031,49966600
2024-07-12,487.39845569345266,494.43464949995774,486.933332417575,489.6844787597656,37109400
2024-07-15,491.4559193387255,495.8102781057871,488.9620840273778,491.0007019042969,31151400
2024-07-16,492.4554349867678,493.2669318468274,488.03182577264374,491.188720703125,25950600
2024-07-17,483.21237345638946,483.72696575198995,476.70067742779014,476.7699279785156,56268800
2024-07-18,480.49093325016867,480.6690578747681,471.32702835165105,474.51361083984375,49347400
2024-07-19,474.1771324025522,476.690779451391,469.0212128794801,470.3077087402344,42042900
2024-07-22,476.1662445168207,478.3335178356134,472.75203854862707,477.314208984375,40300000
2024-07-23,476.41370644097475,479.40235260218805,475.1568979647483,475.63189697265625,23282500
2024-07-24,468.9024513256549,469.2686064367645,457.70983493602466,458.57080078125,58818600
2024-07-25,458.9073044861217,463.08350861797516,450.9012698036603,453.51385498046875,59256800
2024-07-26,457.8484444431024,461.09440220531593,454.998329295626,458.1651306152344,39992100
2024-07-29,460.8766312425985,463.05381067459047,456.8290828356766,459.0854187011719,28218500
2024-07-30,461.01518280406907,461.7178056143378,449.4365991488919,452.7815246582031,41317200
2024-07-31,463.0141989264488,467.8831499165186,461.5693600159238,466.1809997558594,44552100
2024-08-01,466.86386133368035,470.61450517713496,451.2476348425809,454.8894348144531,56653900
2024-08-02,446.21045588905764,448.86263428021607,439.85707252429887,444.0926513671875,66323200
2024-08-05,420.30213280152026,437.6996954353394,419.0552302659208,430.85150146484375,87483500
2024-08-06,432.6922358150409,442.4301081222253,430.04993302092026,434.9683532714844,63164400
2024-08-07,441.85611726701137,444.3400770278095,429.8619088840542,430.25775146484375,54929200
2024-08-08,436.48248198323597,444.3301736904715,432.6130580671069,443.41973876953125,47890100
2024-08-09,442.10351876153544,447.36831262214395,440.985241585035,445.7354431152344,33574000
2024-08-12,446.7052488965294,449.6543015423584,443.8946973509151,446.6953430175781,27795000
2024-08-13,451.08926269593627,458.0463003756158,450.9507011946519,457.7790832519531,40084500
2024-08-14,458.69948537304487,460.2828556615313,453.6425036465701,457.9275817871094,34733700
2024-08-15,463.8950151651175,469.89211944188804,463.51895413772047,469.49627685546875,38280600
2024-08-16,467.71489267478665,471.46556648913753,466.75495864422777,470.0998840332031,38383600
2024-08-19,470.23844913548015,476.314709281999,468.4571123615935,476.2751159667969,23737700
2024-08-20,475.36469707718084,477.92781315701507,473.5833602435094,475.275634765625,29209300
2024-08-21,476.0574073595781,479.34295796614543,474.3453815043976,477.49237060546875,25658800
2024-08-22,479.8080927390778,480.50083988140653,468.89256861321644,469.9217834472656,37739600
2024-08-23,474.2661580883122,477.72983304685914,470.34726573430817,475.0182800292969,36061500
2024-08-26,474.47403729011756,475.3943780311616,468.32846606891127,470.40667724609375,27452600
2024-08-27,468.77380546465093,472.8807286031664,466.8143440444415,471.81195068359375,27510000
2024-08-28,471.3468628213856,472.0692672340193,463.03404773017155,466.4581298828125,37372400
2024-08-29,468.36807210677364,472.9698061378377,464.4986483367516,465.7752685546875,41081500
2024-08-30,470.1098112366977,471.9504927515124,465.626826998042,471.3270263671875,33466500
2024-09-03,468.28892418329235,468.41754961460447,454.6420347086688,457.0171203613281,44985200
2024-09-04,453.9097213390106,459.6297325855357,452.9794746829276,455.8295593261719,32505100
2024-09-05,454.2065727199707,460.5302382843721,453.18726380172785,456.2550964355469,34452400
2024-09-06,455.55247378914544,456.43325146305574,443.53848390385747,444.0332946777344,50624400
2024-09-09,448.35791362802206,450.73299918390046,445.15154963762876,449.7433776855469,32981200
2024-09-10,451.50491342000015,454.404527431382,447.5365516543528,453.8998107910156,29680300
2024-09-11,455.13684408962206,464.4986553607296,446.5964054047374,463.7564392089844,57843000
2024-09-12,463.7861380430132,469.12021274769836,462.004831315396,468.3087158203125,40067800
2024-09-13,467.57637427019046,471.5843292398022,467.34875045430647,470.40667724609375,29111800
2024-09-16,468.2789916995769,468.94202118034616,465.0132528878114,468.3284606933594,22585600
2024-09-17,471.3468556724097,472.64325748454945,466.082061787513,468.5758972167969,30084400
2024-09-18,469.77329459592414,473.86040564345177,465.9434343771264,466.547119140625,39909200
2024-09-19,477.60122868202563,481.18368396372693,475.50323588556273,478.34344482421875,52782500
2024-09-20,477.4824829122334,478.6700408299841,473.335966280543,477.4330139160156,34577700
2024-09-23,478.60932938150205,479.78863625808964,477.2714569319046,478.6985168457031,24843000
2024-09-24,480.10574366251944,481.9589315670274,475.85432326157445,481.007568359375,25952600
2024-09-25,480.3832116885974,483.40581684032236,480.2048367630411,481.4535217285156,26549900
2024-09-26,488.935650492815,489.26270143246154,481.4336813987619,485.0707092285156,32020200
2024-09-27,486.091478815064,486.2302350383357,481.19587618082716,482.37518310546875,22851100
2024-09-30,481.41389274489046,484.0202596018101,478.5796124436247,483.6833190917969,30281100
2024-10-01,483.31662795419345,483.6139194959118,473.1091848680393,476.94439697265625,42735400
2024-10-02,476.0425807215539,479.530962836938,473.42632437830656,477.6183166503906,23744000
2024-10-03,475.42815712622803,480.19492312784206,474.6848980169124,477.26153564453125,25337200
2024-10-04,483.06886937334593,483.49499732601123,478.054350472024,482.9400329589844,30686600
2024-10-07,481.0274369696279,482.19682413323716,476.548042370329,477.7669982910156,24975100
2024-10-08,480.30397136476074,485.5860530274448,479.50125391077506,484.9022521972656,28272000
2024-10-09,484.6049568617026,489.29245536882917,483.5644061682119,488.7176513671875,24995000
2024-10-10,486.43830727293584,490.0257663240612,485.130164010439,488.16265869140625,25750400
2024-10-11,486.32930368033,489.9465223032904,485.7644497271091,488.9257507324219,20644500
2024-10-14,491.3140720656338,494.34656675942244,490.8086764455291,493.0285339355469,26060100
2024-10-15,493.355600435728,494.019591930527,484.28784466660454,486.4383544921875,34784500
2024-10-16,486.76533460642946,487.2707604745814,483.18779530560226,486.4977722167969,22996800
2024-10-17,491.97810309485703,492.0276416079537,486.7752890014201,486.8347473144531,27210700
2024-10-18,489.6194382436373,491.1158762002441,488.866259365882,490.0257568359375,25335000
2024-10-21,488.81674495745733,491.7699720639436,486.894178959246,490.9672546386719,30336500
2024-10-22,488.301460782079,492.9790396580823,487.5482818189782,491.5024108886719,26685800
2024-10-23,489.15364612603236,489.807717724267,480.6903945433638,483.97064208984375,39346600
2024-10-24,487.6869462518437,488.568961530818,485.04096090149875,487.89508056640625,22024900
2024-10-25,490.6897586206183,495.7835452221233,489.9861182359376,490.8681335449219,38762100
2024-10-28,493.9798822981678,494.0393406046325,490.6500961629891,490.9473876953125,20477800
2024-10-29,491.2645459528903,496.84394921613693,489.4113580647336,495.6646423339844,28014100
2024-10-30,494.9015658306743,495.85292901449105,491.43302334965017,491.9186096191406,29756000
2024-10-31,487.95455288391236,488.004091392637,479.4021134423859,479.501220703125,41245200
2024-11-01,481.1364259666195,486.33924004761803,480.8391344021652,483.049072265625,33655800
2024-11-04,482.4445631601672,484.9815519553387,479.8976545652101,481.641845703125,23291600
2024-11-05,483.2274703978778,488.45012432937443,483.13828292426075,487.7861328125,24353600
2024-11-06,496.0610489877298,501.8584762261197,495.10968577343385,501.0359191894531,43082200
2024-11-07,503.83053009542596,509.70725465257993,503.77107179071777,508.92431640625,32853100
2024-11-08,508.4288627704024,510.2919704920393,507.80452026333353,509.5190124511719,22924500
2024-11-11,510.7379273428509,510.94606166969805,506.3279414175583,509.2217102050781,24167500
2024-11-12,509.1523347344934,510.0342895835151,505.24771417717085,508.3000183105469,25835300
2024-11-13,507.7946415908849,510.35140934593795,505.36664976558126,507.6459655761719,24567400
2024-11-14,507.30910276162007,508.1811681685992,503.20629738236613,504.1180419921875,28679500
2024-11-15,498.41964553643646,498.80612454252906,490.04558089937717,492.1069030761719,51461100
2024-11-18,493.6529120920853,497.6268806924794,492.265501060555,495.5259094238281,27080800
2024-11-19,492.94927544853863,499.4205835584643,492.612304704476,498.9349670410156,24523000
2024-11-20,498.63769372570533,498.9548248827178,492.0970072679585,498.6476135253906,29565500
2024-11-21,501.6900305990874,502.40356062716495,493.0880515474197,500.4413757324219,34526700
2024-11-22,499.8863368165391,501.9773578308753,498.2610624556709,501.2440185546875,23826600
2024-11-25,505.3171131868859,506.8532002381663,499.727820122481,502.036865234375,26375200
2024-11-26,503.5134355358176,505.55494837109245,502.6710994101925,504.7323913574219,26557100
2024-11-27,503.6026837920866,503.6720316612962,497.41874708868886,500.7584533691406,24957400
2024-11-29,501.38275454356886,505.7531216213566,500.7683318681806,505.15850830078125,15334000
2024-12-02,506.4171600748149,511.6199741872277,506.03065079539806,510.6586608886719,25147200
2024-12-03,509.33074852467934,512.5019997630951,508.755944494111,512.2244873046875,18597900
2024-12-04,515.6434288103802,518.8146796626284,514.9298686374995,518.5570068359375,26086200
2024-12-05,518.6065744020088,519.3299939278061,516.733546890651,517.1200561523438,18169600
2024-12-06,517.7840589262187,521.9859411713386,517.6552224953138,521.7481079101562,23762600
2024-12-09,520.8264281316256,521.6192257616104,516.5353285463648,517.6849365234375,20674400
2024-12-10,518.9138358600111,520.6580271192222,514.4938993957188,515.9209594726562,24350000
2024-12-11,520.2814629318415,525.8410274761027,519.8751744986995,525.1572265625,32168600
2024-12-12,522.9372703487448,524.2057949010591,521.2922168369533,521.7678833007812,23577500
2024-12-13,525.6923406392922,528.3779449247531,522.5607082907461,525.76171875,28780400
2024-12-16,528.2887896903175,534.3042408794819,528.2094917796982,533.3330078125,31979900
2024-12-17,531.5392783661994,532.6492071689107,529.3293405604305,530.9843139648438,28579100
2024-12-18,530.3401626443599,532.0545942641155,510.38116393926435,511.8280029296875,54703200
2024-12-19,516.5056926514047,517.070576909416,509.2118567871215,509.54876708984375,46441800
2024-12-20,505.852260942774,520.1030209685301,504.71260298135905,513.9983520507812,60530000
2024-12-23,515.7106302984251,519.3833002478667,512.3159202923702,519.006103515625,29672800
2024-12-24,520.9517271030093,526.1331242500298,520.3164419142475,526.0438232421875,17558200
2024-12-26,524.4158916610216,527.3142968325767,522.4207352238725,525.6864013671875,19090500
2024-12-27,522.1228814363513,522.559632331355,514.0330843757536,518.6983642578125,33839600
2024-12-30,511.7004458401546,515.5219705176164,508.0476176252374,511.7996826171875,34584000
2024-12-31,513.0802310210817,513.8345638741997,506.48928482473434,507.4521179199219,29117000
2025-01-02,510.49940358547883,512.8221380642742,501.9728857721829,506.4595031738281,36389800
2025-01-03,509.5564103096281,515.8099028942349,508.74252327822325,514.747802734375,29059500
2025-01-06,520.1475802181556,524.0187233784725,518.1722957509822,520.6636962890625,36109700
2025-01-07,521.7059376977747,522.1029453633986,509.4869105259949,511.3728332519531,36690300
2025-01-08,511.2736208982677,513.0999895323981,506.7969397096138,511.46221923828125,30777800
2025-01-10,507.700292461824,507.799529251394,500.1961615298894,503.4419860839844,40532500
2025-01-13,497.49620898526393,502.28056678713506,496.00729379112454,501.823974609375,31694200
2025-01-14,504.9804910575475,506.39001083545065,497.88333436019064,501.3475341796875,33737200
2025-01-15,509.2387301124164,514.0230569301199,507.6802948725127,512.881591796875,34957600
2025-01-16,515.144815906314,515.2242416848954,509.15940797728683,509.2884521484375,28229000
2025-01-17,518.9861821179226,520.1971979799845,509.3181691473964,517.8843994140625,51837900
2025-01-21,520.6041714349437,522.0831509199561,516.2168513724278,520.9218139648438,23628000
2025-01-22,525.6566091124832,529.875202608773,525.3489023631776,527.582275390625,33593000
2025-01-23,525.1304853393235,528.8230268358762,524.5448792406889,528.7039184570312,23096600
2025-01-24,529.0810270552897,529.8452955948869,524.2470209693237,525.716064453125,19878300
2025-01-27,507.223825099109,514.1621608800974,506.3801003492405,510.4101257324219,60771700
2025-01-28,511.4125906777684,519.135127001106,507.9980395084438,517.9539184570312,33194200
2025-01-29,518.5990994614392,518.7281436223639,513.0801896776674,516.9811401367188,26649000
2025-01-30,519.8398489654351,522.2121410225601,514.380493502768,519.1846923828125,27431300
2025-01-31,523.0262105298103,527.5922543320232,517.3385728083707,518.430419921875,38755200
2025-02-03,509.6755846757201,517.0010535797855,507.27348469906485,514.2813110351562,40580800
2025-02-04,514.7974890430145,521.2295844539116,514.4004206860424,520.5942993164062,26046800
2025-02-05,517.9638671852232,523.11551659981,516.7727228160936,522.9566650390625,21134100
2025-02-06,523.4629639433027,525.8948713447239,521.8549400712387,525.6864013671875,19434500
2025-02-07,526.2224643480172,528.1679418559564,518.3311999658048,519.0557861328125,29605500
2025-02-10,523.3238397124358,526.440649799091,522.8573420708846,525.3388671875,20852800
2025-02-11,522.0732896066455,526.0039872775455,521.9442454321847,524.0882568359375,19325500
2025-02-12,518.4402137606293,525.2793115026069,518.0928244789425,524.3958740234375,25009400
2025-02-13,526.0635838146525,532.2574623508953,525.2794434932922,531.9398803710938,28714800
2025-02-14,532.0490173479468,534.8581212532781,531.7115032138299,534.1732177734375,17862600
2025-02-18,535.7414804029439,536.0095045421328,532.078746365208,535.3841552734375,20565000
2025-02-19,534.590089236306,536.8135264180986,532.4956962288245,535.5330810546875,19666900
2025-02-20,534.7488027980122,535.1160636766159,528.5251788659228,533.2598876953125,26550800
2025-02-21,534.4014135025412,534.4212850908257,521.8250608987436,522.1923217773438,47093800
2025-02-24,523.9790766643296,525.1602852244356,515.6908057368098,516.0282592773438,39268400
2025-02-25,515.4029694908314,515.4823952794669,505.67540053530837,509.5267333984375,48940000
2025-02-26,511.72040130693927,515.8198259825109,507.59110865878125,510.7575378417969,34457600
2025-02-27,514.3011549788575,515.2342110395801,496.3547446499532,496.5731201171875,52448000
2025-02-28,496.43413947250224,505.0202115627976,493.2577747457523,504.41473388671875,47654000
2025-03-03,507.7399630206097,509.2487196326077,489.93253345416554,493.37689208984375,44587200
2025-03-04,490.5280988504062,500.0174498903787,484.1356867718227,491.8879699707031,67875400
2025-03-05,492.53313921136856,499.9082249165119,487.629642939058,498.3002014160156,46323700
2025-03-06,490.0417360224173,494.89558418778057,482.6070952577814,484.5923156738281,57574300
2025-03-07,483.5599718062666,489.6347411717219,476.9789615630039,488.15576171875,54714700
2025-03-10,479.8773847046623,480.393531072757,465.1966722399011,469.2366027832031,76668000
2025-03-11,468.85944790641054,475.2717015064333,463.55891291656457,468.114990234375,68760800
2025-03-12,475.6190975102553,477.50505079394827,468.3035653299785,473.3956604003906,46971100
2025-03-13,472.73057814566323,472.76035523811606,462.98313932199375,464.8790283203125,46563300
2025-03-14,470.2292160585815,477.0087300371878,469.6237081167645,476.1153869628906,43563000
2025-03-17,476.06574086012523,482.2497130174167,474.2691189068619,479.202392578125,41744400
2025-03-18,475.86727110411596,476.0657749736721,468.91899953639006,471.03326416015625,39072300
2025-03-19,473.28646764378425,481.74349565345614,471.3608014299573,477.3363342285156,40430300
2025-03-20,473.355936252415,480.9692391887988,472.66109702608003,475.7183532714844,36780500
2025-03-21,470.57662752286865,478.0509810732746,469.4152905592447,477.28668212890625,42234900
2025-03-24,484.8576491349716,488.60538941404207,481.5373907904982,487.7604064941406,34567200
2025-03-25,488.4861400211188,490.7029423960745,487.52187103316214,490.54388427734375,26035200
2025-03-26,489.390696139039,490.24562966600536,479.96673847902554,481.51751708984375,34627100
2025-03-27,479.55920474042404,483.70454516246133,477.41196560654595,478.77386474609375,33469800
2025-03-28,476.974551402309,477.68034714960163,465.28403763438615,466.1687927246094,46363800
2025-03-31,459.1902923533091,467.08334293131804,454.62739030879317,466.14892578125,53000300
2025-04-01,464.53844262078127,470.83105198841025,461.6754876852753,469.90655517578125,41156200
2025-04-02,463.36545522057037,476.72603385839966,463.10698198476695,473.336181640625,49894500
2025-04-03,453.7426680201873,457.35122137143543,447.47991003581626,447.996826171875,70456300
2025-04-04,435.55079068681124,437.7675929050692,420.1722106933594,420.1722106933594,117088400
2025-04-07,406.24500940343484,440.52125924890055,400.01207316550386,421.1861877441406,161557000
2025-04-08,435.5706616527368,440.52124286102435,407.3683213181599,413.60125732421875,101248100
2025-04-09,413.1141801222823,465.0653269802432,412.97499289588256,463.24615478515625,142876900
2025-04-10,450.8796663706337,452.89766878987024,430.07336033484415,443.54327392578125,108384100
2025-04-11,442.0222794815872,453.0964608286063,438.72189215337244,451.71466064453125,52483800
2025-04-14,461.7152208667026,462.3017305650004,449.95514472763216,454.7764892578125,43941200
2025-04-15,455.83021518157193,459.6475186324782,453.454324591476,455.283447265625,35404200
2025-04-16,446.37642892854547,449.94520996662885,435.17304059444126,441.5550842285156,48980600
2025-04-17,444.5274202476084,445.103979334769,438.75172707786896,441.4755554199219,44837000
2025-04-21,435.64027525418857,436.48522787937225,425.40112526573694,430.5505065917969,44149300
2025-04-22,436.2268070816329,444.9350193638807,435.03388632871594,441.8533630371094,52304400
2025-04-23,455.46240028946823,460.6416026468302,450.2036537132872,451.87371826171875,55801100
2025-04-24,453.78240723852906,464.89633088737224,453.1362241937562,464.5881652832031,45956100
2025-04-25,464.2104027176438,470.29423120888106,462.63975320893314,469.7673645019531,38697100
2025-04-28,470.23458681729716,472.0040665388327,463.27595392675005,469.6182556152344,33550800
2025-04-29,467.3915080044207,473.6045731544733,466.8149185696458,472.7198181152344,30613100
2025-04-30,464.36947606745446,474.37997416490805,459.697238824554,472.6601867675781,46810600
2025-05-01,480.5532529218463,484.30096287876717,477.89901815565884,478.8334655761719,43316500
2025-05-02,483.66477784831574,488.00894827712347,481.9648613296433,485.94122314453125,39218100
2025-05-05,481.73622270162116,486.14003597307794,481.2391774925475,483.058349609375,28309500
2025-05-06,476.7260205679887,482.1835675083398,475.36412148604,478.5650939941406,32786300
2025-05-07,479.2310866723673,482.9291041737698,473.9624196873836,480.4438781738281,38006300
2025-05-08,485.642990937839,489.78836133137906,481.30877127503675,485.4044189453125,39577600
2025-05-09,487.31302588730426,488.63518305225665,483.32674418115084,485.0862731933594,27767400
2025-05-12,503.99391286415016,504.88861854839246,498.51649505607935,504.8488464355469,45090600
2025-05-13,506.15112683099704,514.3325026354601,505.4155095627927,512.5431518554688,53269600
2025-05-14,513.7161211405411,516.1615447200978,512.7021295054291,515.6148071289062,47014500
2025-05-15,513.46754933804,518.845551249811,512.1254910070218,516.181396484375,50153300
2025-05-16,517.5831482665423,518.6170412486316,514.0441884093638,518.4281616210938,48394600
2025-05-19,511.2010686059385,519.442117353632,511.2010686059385,518.9251708984375,52536200
2025-05-20,516.4000527652197,517.8514464284522,513.6066614830175,517.1953735351562,42517600
2025-05-21,513.2190402211261,519.9092488061895,508.21873667770086,510.0080871582031,71292800
2025-05-22,510.62447644500173,514.6505913275334,509.27252798800356,510.9624938964844,55607200
2025-05-23,503.1886765918508,508.8152319544728,502.59221627823973,506.2305908203125,58368100
2025-05-27,513.099785560271,518.6269257716245,511.5490069592283,518.1397705078125,47226300
2025-05-28,519.0940785672615,520.5852140545883,515.3264980787542,515.8433837890625,46637200
2025-05-29,523.2196247969079,523.3687019543887,514.2628604553026,516.857421875,58513300
2025-05-30,516.370303138387,517.6029654866918,508.9046747674079,516.042236328125,67662800
2025-06-02,514.1832909592489,520.3566139720011,512.9207767791972,520.1180419921875,44762800
2025-06-03,520.4659496294596,525.6153304447355,519.6010958649408,524.183837890625,44070300
2025-06-04,524.8896842213366,526.708886650537,522.8617009643712,525.6452026367188,41359300
2025-06-05,527.0468829475419,529.8999177687056,519.5713031286073,521.688720703125,61031200
2025-06-06,526.8679353376542,528.6572860020211,525.0885352856423,526.7883911132812,42467000
2025-06-09,527.0070935472497,529.2039944759547,525.8837665533798,527.5637817382812,33688700
2025-06-10,528.0309659877803,531.7389643345455,525.7644714899908,531.0530395507812,40664800
2025-06-11,532.4547240748923,533.607902979141,526.9772759658763,529.263671875,53701000
2025-06-12,527.9514667987352,531.4804753804111,527.7029442130614,530.5062255859375,34104900
2025-06-13,524.5616632957901,528.7269048823287,522.6231747023902,523.845947265625,55814400
2025-06-16,527.3649873706377,532.2062030416474,527.3152949826874,531.132568359375,37622100
2025-06-17,528.5678317630843,530.1782533672921,524.7902396796701,525.953369140625,42180900
2025-06-18,526.9672562637179,529.4027896913979,524.2832609295995,525.8638305664062,43983500
2025-06-20,529.1146401876316,530.4069457539052,521.7782471531975,523.7167358398438,61643500
2025-06-23,524.2849177292203,529.6192118620138,521.1400908129034,529.1017456054688,50666100
2025-06-24,534.3166475371182,538.1083833993794,533.6996241180443,537.1928100585938,45442000
2025-06-25,539.4618115177252,540.7058200544818,536.7946645040316,538.5661010742188,44804200
2025-06-26,540.7456895311693,544.0497840014915,538.9245044882573,543.6019287109375,43811400
2025-06-27,544.6368520201894,547.3537469915822,541.9298580924457,545.462890625,57577100
2025-06-30,548.6177271894713,550.150323841353,546.3785118204822,548.9959106445312,45548700
2025-07-01,547.0950210069877,548.0703649871544,542.0493151839511,544.3681640625,56166700
2025-07-02,543.5421983416136,548.3590266820488,543.5024119311546,548.1599731445312,36538300
2025-07-03,550.528547956803,554.5292991491806,550.528547956803,553.553955078125,26443500
2025-07-07,550.8669428006658,551.6830197478901,546.9458251844275,549.3840942382812,45349300
2025-07-08,550.7276203014773,551.3546055319305,548.4585193260065,549.692626953125,36153300
2025-07-09,551.8223265771115,554.9572527460838,550.4489361357153,553.5838623046875,43045500
2025-07-10,554.2207589895446,554.6287670725607,550.1005880395711,552.7876586914062,34710900
2025-07-11,550.6479296881262,553.1259849885996,549.4039211443059,551.5436401367188,39618600
2025-07-14,551.3346156245823,554.2804496744797,548.9859421113066,553.5440063476562,36453300
2025-07-15,557.5646843377589,558.112036002509,553.9918647207423,554.0515747070312,43277700
2025-07-16,554.6088733698717,557.524821997974,548.9162589009651,554.6187744140625,52314700
2025-07-17,555.3453275516479,559.6147429299454,554.5392124594489,559.107177734375,40423800
2025-07-18,560.4208944407413,562.0231629422733,557.2959302535468,558.56982421875,50484700
2025-07-21,559.3958946507648,563.3468370391857,559.3660092861638,561.4658813476562,39595200
2025-07-22,561.5952444003194,561.6449925970527,555.9325146805868,558.5598754882812,43270600
2025-07-23,559.6446191045442,561.1473303500087,556.8978386154415,561.1075439453125,40215300
2025-07-24,562.4212998555654,563.5259649748344,560.590092369004,562.3018798828125,42275500
2025-07-25,562.2222949681642,564.9790378534013,561.5654850611911,563.6553955078125,30630800
2025-07-28,565.0187020627711,566.3124587614624,564.1528770013529,565.4168090820312,31498700
2025-07-29,568.0243008153843,569.3678058353573,563.8145950597007,564.5410766601562,45463300
2025-07-30,565.4566917408055,567.8849991894002,562.3416890497874,565.2974853515625,43433800
2025-07-31,571.7861703841629,571.8757657350329,561.1673293990499,562.3018798828125,64613600
2025-08-01,556.1514446022372,556.3405363278684,549.0356915374143,551.2251586914062,69400800
2025-08-04,556.3703965814645,561.6151562999452,556.2709001900665,561.3961791992188,47669800
2025-08-05,562.6799876518158,563.8443626007596,557.047083143738,557.5845336914062,48666600
2025-08-06,558.4205125100245,565.0386624956789,557.9428326498341,564.6007690429688,41823700
2025-08-07,568.9298809926769,570.5719965866228,562.4013265086303,566.5115356445312,44463000
2025-08-08,567.7157577691117,572.0150586353669,567.4172078636645,571.7960815429688,35255500
2025-08-11,571.9353942373868,574.0352659921666,568.8303539029688,570.1041870117188,33112900
2025-08-12,572.4031383383943,577.568264258411,569.7459530883017,577.2697143554688,42143300
2025-08-13,579.9667330931853,580.5240464797514,576.165035771658,577.558349609375,41209300
2025-08-14,575.5083270283026,579.091047893356,575.1400445589929,577.110595703125,45425000
2025-08-15,577.0209239007323,577.060771050305,572.811218330625,574.57275390625,49480200
2025-08-18,573.67703945311,575.0006815724842,572.4827790837365,574.3438110351562,29831000
2025-08-19,573.6272978127284,573.7964659713523,565.5262993771687,566.5513916015625,53752600
2025-08-20,565.6059676042936,565.7253875756548,556.1614636230435,563.1876220703125,76781100
2025-08-21,561.6449570276834,563.774714247948,558.2911148293009,560.5801391601562,46436900
2025-08-22,561.9634564557491,571.238791941298,560.5702032580724,569.2284545898438,51502100
2025-08-25,567.6659983001664,570.5420998652211,566.4318908111547,567.5863647460938,34044700
2025-08-26,567.0987738406898,570.1739291946637,566.0736815609588,569.8654174804688,34103000
2025-08-27,568.8503542214644,571.6567843025553,567.6361701841732,570.7412109375,36927100
2025-08-28,571.3581690220095,575.2295381040836,569.716114225579,574.31396484375,46787900
2025-08-29,571.9055458127416,572.273828233091,565.8148847062891,567.666015625,56030400
2025-09-02,558.6195961337324,563.257233673264,556.8580604404501,562.908935546875,65876800
2025-09-03,566.5015849549442,568.9597775003773,564.0135677896833,567.3375854492188,54230200
2025-09-04,568.0043701424134,572.8410610450118,566.3026052373926,572.4728393554688,47526300
2025-09-05,577.707586970244,578.3345721151251,568.7905728965633,573.298828125,68342500
2025-09-08,575.5977945125156,578.0559870759845,575.0006946855148,576.0953979492188,46371400
2025-09-09,576.8915995273586,578.155531799883,574.2742003720782,577.7276000976562,44007600
2025-09-10,580.9420329124574,580.971918274203,575.7769069667078,577.9166259765625,49308000
2025-09-11,580.4443950823623,582.0765487866307,578.8321649514098,581.2803955078125,44745800
2025-09-12,582.2357313606893,585.0422216665232,581.300234592078,583.8479614257812,50745900
2025-09-15,585.6194728964887,588.9533912717069,585.4701675842726,588.8439331054688,44360300
2025-09-16,589.7695130089575,590.018314719858,587.6596793599289,588.3463745117188,36942100
2025-09-17,588.2668225233333,588.913731358415,581.5690989748401,587.172119140625,69384800
2025-09-18,592.0584229144854,595.2729820328051,590.1178183395137,592.4664916992188,61069300
2025-09-19,594.4668964152456,597.173829761915,592.9939490424024,596.4771728515625,58196100
2025-09-22,595.56457167487,600.6759063866804,595.5446250028239,600.0083618164062,57154800
2025-09-23,600.1777560752951,600.3770403666388,594.8073576106723,596.02294921875,64635500
2025-09-24,597.3979183069385,597.7167610032964,591.2005236200914,593.9305419921875,49850300
2025-09-25,590.0447574609248,592.9541133753095,586.358211090951,591.3699340820312,70920200
2025-09-26,592.1869260081028,594.1298414316656,588.9089213733314,593.801025390625,54337400
2025-09-29,596.929586249639,599.858888854889,595.2357610619866,596.5509643554688,48332900
2025-09-30,596.2520555976123,598.5237869140956,593.9305184146496,598.1849975585938,46533800
2025-10-01,594.9966151966095,601.592517201177,594.1696797218984,601.0545043945312,46899600
2025-10-02,604.8506893778672,604.950301116935,600.7357150581139,603.5255126953125,43765400
2025-10-03,604.3027001978111,605.1197232184186,599.2013385970163,600.9848022460938,46482100
2025-10-06,606.2355880916678,607.1422494333636,603.7645725777412,605.498291015625,41962100
2025-10-07,606.8035939044607,607.4910851983766,600.835403229105,602.3099975585938,58209500
2025-10-08,603.2066381307736,609.523591030116,603.0572205300643,609.2147216796875,50629800
2025-10-09,609.2545466200572,609.3840783602061,605.2691043090726,608.4774169921875,45551000
2025-10-10,609.1748739271294,610.9483641105261,586.9061788056832,587.3545532226562,97614800
2025-10-13,597.497493628088,600.7556121211176,595.056398092238,599.8190307617188,65872600
2025-10-14,593.1434568492728,600.4966033203683,587.9823159734815,595.8236694335938,69203200
2025-10-15,601.8117836952674,604.4919961772353,593.7611729131481,600.0282592773438,62805500
2025-10-16,602.9077579751356,606.0961241101174,593.3327470469682,597.806396484375,70982000
2025-10-17,595.7738386787643,603.306322454893,594.1995718879336,601.7320556640625,72024900
2025-10-20,604.9303203667564,610.5696939626,604.8605678351395,609.3142700195312,45761700
2025-10-21,609.41403175621,610.4900574537519,607.1024677916307,609.1549682617188,44538200
2025-10-22,608.5969960402966,609.1848147458128,597.5573034367524,603.286376953125,61478800
2025-10-23,602.7085014161719,609.1450131867009,602.319966975814,608.35791015625,42844300
2025-10-24,613.7481802624443,616.1693293175521,612.8913247080658,614.8541259765625,47632500
2025-10-27,622.2471843336021,626.2624862060553,621.7589773359792,625.80419921875,54098600
2025-10-28,628.0658354818435,632.3701204498367,626.9598898422056,630.6165161132812,61195700
2025-10-29,633.2769001713006,634.6917152842577,627.9563074763624,633.4562377929688,67422800
2025-10-30,629.8693290874667,631.1945058511565,623.6620213630231,623.7716064453125,61628600
2025-10-31,631.8619934183905,631.8919134270566,624.4092354874234,626.7805786132812,66305100
2025-11-03,632.798481607898,633.5059194321615,627.5576158213403,629.779541015625,37154300
2025-11-04,621.0117005353788,624.6683271251044,616.2092348629542,616.996337890625,63830800
2025-11-05,616.2391121345779,624.3195827183903,614.9638020768305,621.01171875,48688500
2025-11-06,619.5270737190788,619.7761638844125,608.078899450419,609.4439086914062,72115100
2025-11-07,606.0960857298178,607.730131632313,596.4911554011275,607.5208740234375,81835400
2025-11-10,616.6674802752618,622.0378784586748,614.644899897251,620.9617919921875,55919900
2025-11-11,618.3115007347396,620.4536395227035,615.2726130875191,619.307861328125,44868800
2025-11-12,622.5659665942537,622.5858524528388,615.5615225825271,618.8196411132812,47444400
2025-11-13,615.2925422980531,615.8704485105809,603.8742880136988,606.1858520507812,71333600
2025-11-14,597.3679891941105,611.1177533949825,594.9966460866717,606.6441040039062,80087300
2025-11-17,604.0934192729386,610.2509204798646,597.6868279161546,601.4630126953125,63850400
2025-11-18,597.4377829439551,600.1179955916228,589.1879481795877,594.1398315429688,83327300
2025-11-19,594.897031094223,603.9539148983285,592.4260762649179,597.6868286132812,73111500
2025-11-20,609.3940836964333,611.7953468701894,582.6218784315797,583.5385131835938,117743200
2025-11-21,585.3319113971087,594.807310091711,578.6264242609341,587.9224853515625,103344200
2025-11-24,593.1135933516537,604.4720682054578,592.9939741263881,602.9575805664062,60168100
2025-11-25,601.3135864178203,608.0390203669549,595.1461119637967,606.6740112304688,57560900
2025-11-26,610.2808195033393,613.9474190856081,608.1685399702174,612.034423828125,42393600
2025-11-28,613.8677508272276,617.0660904342964,613.1802595402138,616.996337890625,23034400
2025-12-01,611.3967336448243,617.1855860502521,610.2907880213397,614.923828125,40957600
2025-12-02,617.2055939510703,621.4799592732617,615.3424043891131,619.736328125,54541800
2025-12-03,617.3649627124794,621.9481972408511,615.7807833814271,621.2507934570312,47841600
2025-12-04,622.6556605829674,622.665633919662,617.285262025035,620.6729125976562,47067800
2025-12-05,622.1076409382764,626.6310962033638,621.440096358939,623.20361328125,53614200
2025-12-08,624.9273860516373,626.5514587784469,619.42745579579,622.008056640625,43462400
2025-12-09,620.7426537012356,623.5922305440594,618.7399590794447,622.7752075195312,37156000
2025-12-10,621.5795410824109,626.920080160108,618.7299643381673,625.3258666992188,55031400
2025-12-11,621.5496792982444,623.5025679748155,615.4718431258982,623.3032836914062,58272800
2025-12-12,619.8160122611713,621.2706598008424,609.1349951238292,611.3867797851562,75158700
2025-12-15,616.1195138735233,616.1693197420918,607.102462393675,608.3179931640625,49538200
2025-12-16,606.0463317071705,611.277225059322,604.7012083573723,609.5236206054688,55152800
2025-12-17,610.8287773715621,611.4166568355257,598.0953215609716,598.2247924804688,70654300
2025-12-18,607.5806797208244,610.6992932536183,604.7111563372118,606.8931884765625,78875800
2025-12-19,609.722845815118,615.372193060386,609.6431199441153,614.8042602539062,60369800
2025-12-22,619.8862552767364,620.1855972768566,616.3147325600856,617.7513427734375,43703100
2025-12-23,616.7437078609482,620.9437513214359,616.3247143117193,620.6444702148438,41120400
2025-12-24,620.5247726871431,622.809417120355,620.255389239048,622.460205078125,18468700
2025-12-26,623.1884938656726,624.0465142854792,621.6721158574088,622.4203491210938,28959800
2025-12-29,618.6392040742111,621.312944373981,617.2724362589381,619.4074096679688,32458300
2025-12-30,618.3798323976478,620.7142858196408,617.7612369489017,617.9707641601562,31226800
2025-12-31,618.1903012408169,618.4995685313527,612.6034567489972,612.8628540039062,40746500
2026-01-02,618.5993129536024,621.3827185880021,608.7126848809434,611.6756591796875,61859200
2026-01-05,617.8610636312775,619.3475438678657,615.2671519649484,616.5341796875,46828400
2026-01-06,617.7712838046286,622.550039153126,617.0829067758982,621.951416015625,43137500
2026-01-07,621.5723159557587,626.4607976434537,621.0934661514185,622.550048828125,44880300
2026-01-08,621.5623898130801,621.9514248328863,616.3446684463296,619.0083618164062,50435900
2026-01-09,619.946120817708,626.4108973206594,617.6016810573577,625.173828125,49688700
2026-01-12,620.8440291770474,627.368601054656,620.7941591397378,625.6925659179688,37388700
2026-01-13,625.7923733874012,627.9871421828441,622.2307758506613,624.7647705078125,44481400
2026-01-14,620.7741807448011,621.9813522711377,613.1122798122711,618.0905151367188,72598700
2026-01-15,625.1238996016858,628.5159146085045,619.2877047511574,620.3153076171875,53934900
2026-01-16,624.0265108868263,624.6051616315584,617.4221104790464,619.7965087890625,61058100
2026-01-20,609.0918377338978,613.611135001854,605.6199939698072,606.6276245117188,81988900
2026-01-21,608.0342310571399,618.958448118544,606.4280383777512,614.8282470703125,79837900
2026-01-22,620.8838887514372,620.9936758988773,616.3247080096578,619.2976684570312,42254800
2026-01-23,618.2701049354484,623.9267921630139,617.1926928942361,621.2530517578125,43645800
2026-01-26,621.7419335987944,626.1315320367429,620.654474506515,623.9866333007812,35983000
2026-01-27,627.428447510711,630.5510790290263,625.8621995501378,629.6432495117188,38997200
2026-01-28,633.9630457840011,635.1003139672691,630.3216198646463,631.728271484375,50691700
2026-01-29,631.1596506954837,632.1772064107698,616.8135217006399,627.9472045898438,79944000
2026-01-30,624.2360100363766,626.7799907137291,617.8410762491409,620.405029296875,65650700
2026-02-02,617.2425627681274,627.0094788951942,617.2026180242116,624.6650390625,49020300
2026-02-03,626.8199062679399,628.4959413976924,609.5207880738473,615.0676879882812,81234000
2026-02-04,613.5711796318161,613.6509473291842,599.0554072347201,604.322998046875,81850700
2026-02-05,598.7960977080248,603.3852370585454,593.3589241811554,595.6235961914062,89354500
2026-02-06,598.7761302609774,609.9696699932801,597.3594924154261,608.2138671875,78019300
2026-02-09,606.1088060763491,615.0078372205985,603.6446538426547,612.8728637695312,56797600
2026-02-10,613.8605219833995,615.566515685603,609.5706636004911,610.029541015625,53938900
2026-02-11,614.9280269463444,616.0653561148772,606.2584951427149,611.6657104492188,58575100
2026-02-12,613.2619605146361,614.3593449076634,598.1576109292407,599.22509765625,81378900
2026-02-13,599.0155339597561,605.0512695366964,595.0149707463246,600.5020141601562,69237500
2026-02-17,596.9703796848319,602.527265543405,591.9422745141455,599.8834838867188,69013800
2026-02-18,600.6916520079001,608.333642172117,599.3049116850376,604.3629760742188,64250700
2026-02-19,601.3899214380363,604.3928403408552,599.3347767407971,602.04833984375,60960800
2026-02-20,598.70626248816,608.9121436812641,597.8183444916572,607.3757934570312,74127300
2026-02-23,605.1809875790976,606.5777139403463,597.6387991893799,599.9932250976562,63859100
2026-02-24,600.9809641013653,607.5554060860559,598.3172099190714,606.4380493164062,55023700
2026-02-25,609.6305248735758,615.3769659271486,609.5606824638733,615.227294921875,55710700
2026-02-26,614.1398874724765,614.1398874724765,602.5571907580546,607.8048095703125,96178900
2026-02-27,601.5595911757949,606.8870389785335,600.7714740333364,605.8594360351562,68125200
2026-03-02,597.449233707877,608.4831769130049,596.5812880631398,606.6575317382812,75264600
2026-03-03,594.9252095120197,602.5372399706525,590.4756942596103,600.162841796875,97015500
2026-03-04,602.7367159421393,611.436205359631,602.0084551337541,609.3112182617188,70943900
2026-03-05,605.9691941386595,611.3165531665334,600.8412876368789,607.4755859375,89602400
2026-03-06,598.8958365654587,604.5724349663923,596.9205203720956,598.337158203125,86302300
2026-03-09,592.83015152989,607.8347607375977,589.9370196014203,606.3283081054688,93068200
2026-03-10,606.3483040570791,611.8452732023572,603.9938171455258,606.3383178710938,64078900
2026-03-11,607.5154643204306,610.9872467457833,603.6047159994632,606.2584228515625,60114800
2026-03-12,601.3400708370464,602.716824803038,595.6435001258386,595.85302734375,71836600
2026-03-13,598.3172021392496,602.1780807449821,591.1740956767717,592.3213500976562,63145500
2026-03-16,598.6264723831473,602.4374809704295,597.6986704778886,598.9656982421875,49077200
2026-03-17,601.7192114600242,604.4727195335382,600.4521836848432,601.8887939453125,47106600
2026-03-18,600.0730994941966,601.7391485345295,593.1594313501803,593.4986572265625,56128000
2026-03-19,588.1213056121308,594.3964663870662,585.6970372512312,591.623046875,75597600
2026-03-20,589.6676415345306,589.777367794347,577.177115328303,580.6888427734375,91964700
2026-03-23,589.8718065319924,594.426798587646,585.316814476339,587.3545532226562,89936100
2026-03-24,584.168034177979,587.2846043834495,581.291190762444,583.3389282226562,57750900
2026-03-25,588.4933019738706,590.7208345412774,585.0470769253521,587.1747436523438,60475500
2026-03-26,581.9604215239336,583.9882223389391,572.8005050402526,573.1600952148438,81492100
2026-03-27,570.1834096572744,570.3932010852176,560.953562318283,561.9624633789062,82702200
2026-03-30,566.7571613464482,567.4264087803426,554.990063621082,557.6671752929688,70602600
2026-03-31,563.6705222317372,578.0048059355398,563.5906539497258,576.54638671875,95878000
2026-04-01,580.8416686249938,587.0948065489223,579.7828346644924,583.6685791015625,79435100
2026-04-02,573.3399058573888,585.4066623334502,571.2921684003409,584.3378295898438,50941700
2026-04-06,585.5864761740653,589.9616731281693,584.04818857967,587.85400390625,35108500
2026-04-07,584.9971348275072,588.33343423744,577.7650922119919,587.9439086914062,49948200
2026-04-08,608.0418015962135,609.2304976949432,601.4590090396181,605.4246826171875,63086000
2026-04-09,605.2648690435934,609.8298599139192,602.3680889271087,609.5202026367188,37837500
2026-04-10,611.1684052317679,612.9963525292593,608.9108762966896,610.3992309570312,34038500
2026-04-13,608.8109292631304,626.0519920071752,607.4424380458482,616.7122802734375,32972100
2026-04-14,619.5391066149297,627.909912109375,619.4192432257902,627.909912109375,49921100
2026-04-15,628.389443361703,637.1298380333551,627.5104045058445,636.7003173828125,50102400
2026-04-16,638.508341093032,641.4750515662109,634.5626649382287,639.7669067382812,42320600
2026-04-17,644.8813252169399,649.2864572780229,643.3629742993419,648.1376953125,53488900
2026-04-20,647.3285838511964,648.0478251654257,641.8146849601577,646.0799560546875,37138500
2026-04-21,647.6981578004061,649.4862317832127,641.5050128476822,643.6226806640625,39580500
2026-04-22,649.4363527672372,654.6106593494021,647.8081371457112,654.390869140625,37368400
2026-04-23,652.8325617169355,656.1988574654163,644.8114082493845,650.7048950195312,40099800
2026-04-24,657.7871447947734,663.7805584259092,655.8093378063087,663.1512451171875,45563100
2026-04-27,662.6718094811696,663.7006471456002,659.9647623025988,663.5008544921875,32717000
2026-04-28,656.6883250827437,658.9159186391063,653.0923012400261,656.8281860351562,34147900
2026-04-29,657.906975030037,660.9935487523345,655.8692364466933,660.84375,31724900
2026-04-30,664.6195670718752,668.165718724101,656.8381407338443,667.0069580078125,40622200
2026-05-01,668.425399726581,675.2279215792395,668.0658095505829,673.4099731445312,39172600
2026-05-04,673.9193717407993,675.9871067346722,668.165745937857,672.141357421875,34542000
2026-05-05,677.2157986999623,682.0205161358222,676.7662804889583,680.8617553710938,37101100
2026-05-06,687.0250065058129,695.1660231170968,685.7263848294704,695.0062255859375,38778500
2026-05-07,695.8153383268437,700.4701959320079,691.0106209986512,694.1771240234375,43779100
2026-05-08,699.1516368844667,710.44921875,698.7321150158692,710.44921875,44320400
2026-05-11,709.5801817559162,713.805579696499,708.1317613118729,712.5069580078125,36019100
2026-05-12,707.4425277497028,709.4003981235137,695.8752835015275,706.463623046875,45873000
2026-05-13,709.1806902070881,715.8633489513101,704.0563165931343,713.9254760742188,40012500
2026-05-14,713.8355094170396,721.2374091114184,713.4359241362712,718.9998168945312,33327500
2026-05-15,709.3604881552494,714.3450008365951,704.7754998097428,708.1517944335938,51792700
2026-05-18,710.7588622671137,711.2883097073819,698.0827906816122,705.1051025390625,49834500
2026-05-19,699.0418050981273,705.714465040699,694.4868131207006,700.7599487304688,46827500
2026-05-20,704.5157692199168,712.3671875,703.0174157954351,712.3671875,36779200
2026-05-21,708.2116871156971,716.3327671783537,705.9941534147096,713.7256469726562,36415400
2026-05-22,717.2817668085307,721.3273088449104,715.1640988544713,716.7523193359375,33118600
2026-05-26,725.1631283460116,730.3673702569255,723.3650554496121,729.4783935546875,34254700
2026-05-27,732.155448805963,732.515039000156,724.6436840304248,728.6492919921875,35148700
2026-05-28,728.9289290608506,735.7913827320126,725.6125662306399,734.79248046875,32840000
2026-05-29,737.0300569298091,740.815874477768,734.4428732975097,737.49951171875,37541700
2026-06-01,736.2309273283665,744.8315224447946,735.1820921097265,741.9246826171875,33890600
2026-06-02,741.5850600741305,745.6206032443648,738.4184960219842,745.3408813476562,30085200
2026-06-03,746.4896389980919,747.828194840854,740.1965670083828,743.39306640625,40270200
2026-06-04,734.6726235372454,742.6838392688934,731.815777671541,739.7969970703125,40782600
2026-06-05,729.2585667367451,730.8867822650427,703.5468328396532,704.2860107421875,99606600
2026-06-08,717.0220156925686,722.2363170978037,712.2872288217055,715.283935546875,47401500
2026-06-09,722.1863106332692,724.863361278284,685.6165148330579,707.052978515625,91932200
2026-06-10,700.8897497708573,710.4992458337158,692.1693523412803,692.9285278320312,65334300
2026-06-11,698.5223198057862,717.5813914617661,694.2370511794155,716.332763671875,71798900
2026-06-12,716.8222099862159,723.2152086039907,710.4992028084189,720.5481567382812,51168400
2026-06-15,737.2897407963812,743.9424640540115,736.5705604269921,743.1832885742188,46710200
2026-06-16,741.4351902855873,743.4029984406948,728.8390476265988,729.0587768554688,45348700
2026-06-17,734.38293083454,734.8723831709506,720.058646070882,721.7168579101562,51669300
2026-06-18,736.390778085872,741.005701773832,731.7059239216511,739.8070068359375,50154600
2026-06-22,742.02001953125,745.4500122070312,734.3900146484375,737.9500122070312,43518600
2026-06-23,715.739990234375,723.6099853515625,712.1099853515625,713.6500244140625,53354200
2026-06-24,715.3699951171875,719.9299926757812,704.4500122070312,710.6199951171875,52480400
2026-06-25,725.9000244140625,726.8300170898438,705.2999877929688,716.3800048828125,49668000
2026-06-26,707.1300048828125,715.5599975585938,702.8099975585938,706.52001953125,47081800
2026-06-29,713.989990234375,724.5800170898438,705.1699829101562,724.0800170898438,44939100
2026-06-30,724.1799926757812,737.6199951171875,723.9099731445312,736.4000244140625,42121800
2026-07-01,729.1900024414062,731.9199829101562,724.5999755859375,725.1699829101562,40803800
2026-07-02,725.5800170898438,730.8300170898438,707.5599975585938,712.5999755859375,50959800
2026-07-06,719.9299926757812,726.0800170898438,718.4500122070312,722.8200073242188,30220400
2026-07-07,714.1699829101562,716.3499755859375,704.9000244140625,709.4299926757812,42483100
2026-07-08,704.9500122070312,712.260009765625,700.9099731445312,711.4400024414062,35603200
2026-07-09,718.3300170898438,724.22998046875,715.1300048828125,723.280029296875,33654700
2026-07-10,720.7000122070312,726.3900146484375,717.0,725.510009765625,26415900
2026-07-13,717.719970703125,718.739990234375,710.0800170898438,711.739990234375,36552400
2026-07-14,720.219970703125,722.2899780273438,714.3400268554688,719.6900024414062,29448100
2026-07-15,723.8499755859375,724.3599853515625,710.22998046875,717.739990234375,32627600
2026-07-16,712.010009765625,713.5999755859375,702.6099853515625,705.9400024414062,39402000
2026-07-17,691.6500244140625,702.2999877929688,686.760009765625,695.3300170898438,54109300
2026-07-20,702.1599731445312,705.7999877929688,695.510009765625,696.0599975585938,29687600
2026-07-21,706.5700073242188,710.0499877929688,702.7999877929688,708.969970703125,33728300
2026-07-22,703.6199951171875,709.6500244140625,703.6199951171875,705.3499755859375,23692200
2026-07-23,694.6699829101562,698.6599731445312,687.7899780273438,691.9600219726562,44028600
2026-07-24,690.4099731445312,692.6300048828125,682.47998046875,684.22998046875,42876700
2026-07-27,691.6799926757812,692.2999877929688,675.9500122070312,682.1199951171875,42681500
2026-07-28,676.22998046875,679.4000244140625,667.8800048828125,675.489990234375,51398700
2026-07-29,675.510009765625,680.0499877929688,661.1400146484375,661.72998046875,57233300
2026-07-30,674.760009765625,685.1199951171875,673.2999877929688,683.5499877929688,66753700
2026-07-31,692.1099853515625,695.77001953125,680.0499877929688,687.989990234375,50540500
2026-08-03,688.2999877929688,701.5900268554688,685.8200073242188,700.0700073242188,44965100
2026-08-04,708.1599731445312,725.6599731445312,707.530029296875,723.8499755859375,59778600
2026-08-05,726.25,728.5399780273438,716.9199829101562,717.2999877929688,33540200
2026-08-06,710.8200073242188,719.3200073242188,708.5,714.6500244140625,33035900
2026-08-07,720.1500244140625,723.6300048828125,716.510009765625,723.030029296875,31070400
2026-08-10,722.3900146484375,724.6699829101562,720.3300170898438,720.8699951171875,26243200
2026-08-11,723.2899780273438,723.3499755859375,715.5,718.4500122070312,29286100
2026-08-12,727.0800170898438,727.25,722.9199829101562,723.7000122070312,29066000
2026-08-13,725.1500244140625,733.9600219726562,724.030029296875,732.0700073242188,31599700
2026-08-14,733.4099731445312,734.3900146484375,728.3200073242188,731.0700073242188,23790600
2026-08-17,732.9500122070312,734.5800170898438,729.27001953125,729.8699951171875,26452600
2026-08-18,720.2100219726562,722.1300048828125,715.9199829101562,717.510009765625,48997200
2026-08-19,720.3900146484375,721.5,712.6099853515625,716.0800170898438,35801700
2026-08-20,712.0900268554688,714.9400024414062,708.52001953125,710.9299926757812,33396400
2026-08-21,715.22998046875,715.6699829101562,709.2000122070312,713.4400024414062,33399400
2026-08-24,709.6599731445312,709.7899780273438,702.7000122070312,706.3200073242188,37443100
2026-08-25,711.219970703125,714.0399780273438,707.4500122070312,710.719970703125,23869600
2026-08-26,708.4099731445312,713.02001953125,707.969970703125,711.3699951171875,20392400
2026-08-27,716.9299926757812,721.3499755859375,714.530029296875,721.1099853515625,28723500
2026-08-28,719.739990234375,724.1300048828125,715.0900268554688,716.4299926757812,34043800
