Date,Open,High,Low,Close,Volume
1999-01-04,76.48530649539326,77.62832399367802,75.45852806473069,76.27220153808594,9450400
1999-01-05,76.21406200721238,77.41519872415371,76.21406200721238,77.14397430419922,8031000
1999-01-06,77.99637937896564,79.197515872134,77.95763304047634,79.0037841796875,7737700
1999-01-07,78.34510859625277,78.86818424711797,77.97701832342172,78.6163330078125,5504900
1999-01-08,79.4687647362278,79.66249648838827,78.0932692958884,79.19754028320312,6224400
1999-01-11,79.15877816541072,79.15877816541072,77.62829762819402,78.44197082519531,7578300
1999-01-12,78.248227200038,78.248227200038,76.71774689580353,77.02771759033203,7768800
1999-01-13,74.64486879080141,77.57021921577183,74.62549560917908,76.48532104492188,10810600
1999-01-14,76.6402787564802,76.81463732796865,74.95481256542516,75.14854431152344,11400700
1999-01-15,75.86532658715943,77.35706053690694,75.67159490537404,77.10520935058594,7817700
1999-01-19,77.67675387401077,77.8801722343243,76.56279618657952,77.60894775390625,6535100
1999-01-20,78.17076993378275,79.31378738758528,77.51208190955757,78.22888946533203,6534400
1999-01-21,77.85112089857259,78.01579292237199,76.00098227823821,76.15596771240234,6937500
1999-01-22,75.71038863489909,76.77591355171573,75.49728365153575,75.98161315917969,7522300
1999-01-25,76.42714875446072,76.87273162425859,75.57472935136914,76.7564926147461,5700300
1999-01-26,76.95024568087757,78.15138244628906,76.64027490270686,78.15138244628906,6047000
1999-01-27,78.34513885980266,78.50012429770534,76.96964309841641,77.2408676147461,7399400
1999-01-28,77.64768285614902,78.71320744624089,77.6089365074184,78.53884887695312,5961700
1999-01-29,78.94568780644579,79.53656964156151,77.7445509612925,79.13941955566406,6456800
1999-02-01,79.77872457083915,79.77872457083915,78.67445373535156,78.67445373535156,9426800
1999-02-02,78.78100627524883,78.86818555183524,77.34739150471682,78.19012451171875,9194500
1999-02-03,77.91891891558089,79.31378767786876,77.89954573832688,78.98444366455078,10290700
1999-02-04,78.96506387778962,79.04255658031934,77.35709030029783,77.80267333984375,7761100
1999-02-05,77.89953087487208,77.89953087487208,76.38842333738388,76.9114990234375,7516100
1999-02-08,77.55081187114456,77.55081187114456,76.46591417821823,77.06648254394531,8528400
1999-02-09,77.10524425864618,77.18273696644381,75.33259856777529,75.34228515625,8985700
1999-02-10,75.7103753184931,76.25282427164505,75.21635930758687,75.82661437988281,6936700
1999-02-11,76.29155341347494,78.17075114864689,75.94283630797912,77.57018280029297,9181800
1999-02-12,77.37647004315536,77.80267994324285,76.02034763378609,76.64028930664062,10676600
1999-02-16,77.33772172277844,77.8801706727378,76.17533111572266,76.17533111572266,6915500
1999-02-17,76.36905617723639,77.71549184550578,75.78786092474601,76.09783172607422,7858100
1999-02-18,76.36901283890468,77.10519307428733,75.76844475214516,76.69835662841797,9048900
1999-02-19,76.87273224306779,77.95762967391752,76.48526887490716,77.02771759033203,5312200
1999-02-22,77.14398136540758,79.17816470126088,77.04711549227171,79.081298828125,10695800
1999-02-23,79.1006762897267,79.66249838436352,78.48073466805852,79.04255676269531,7770700
1999-02-24,79.2556712232426,79.87561291944006,77.49271202468111,77.64769744873047,7271000
1999-02-25,77.20209662680061,77.6670527921816,76.0590793869057,76.9114990234375,11633000
1999-02-26,77.33772801894641,77.39584755403078,76.13659096053591,76.60154724121094,9621300
1999-03-01,76.65962799380135,77.06646453357135,75.86532808282186,76.81461334228516,7607200
1999-03-02,77.18269425020874,77.68639657212275,75.82657261428639,76.13654327392578,9651500
1999-03-03,76.31091034584364,76.60150787191311,75.4972372728491,76.54338836669922,7881400
1999-03-04,76.91150130405632,77.7929807270625,76.4174853636902,77.51206970214844,8256400
1999-03-05,79.04258024250045,79.43004387114016,78.4613847995409,79.07164001464844,10703100
1999-03-08,79.52686431461323,79.84652162550023,78.88754969283924,79.5849838256836,4802200
1999-03-09,79.43005038215335,80.55369499731553,79.1975721859129,79.39130401611328,7893400
1999-03-10,79.64309358896699,80.127422788608,79.21688389328291,80.08867645263672,3950000
1999-03-11,80.39865566782974,81.3285678297709,79.89495324677829,80.97985076904297,6583700
1999-03-12,81.21233812415082,81.23171129641325,80.1080673051917,80.2049331665039,5286500
1999-03-15,80.55366880957868,81.36734223189765,80.28244433547235,81.34796905517578,5394400
1999-03-16,81.28982271089129,81.61916660652645,80.88298613393019,81.03797149658203,4547500
1999-03-17,81.01862929986447,81.1736147217676,80.35994125677614,80.68928527832031,4524100
1999-03-18,80.45681585120795,82.06478977744206,80.4374426713738,81.98729705810547,3506300
1999-03-19,82.22500626161873,82.41920797692724,80.59371185302734,80.59371185302734,5526700
1999-03-22,80.82672698592957,81.15686979197493,80.42861360216898,80.7490463256836,4603800
1999-03-23,80.36064134345544,80.49658249604224,78.1176123257732,78.41862487792969,9713800
1999-03-24,78.82645507752382,79.03036682384409,78.06906859119137,78.86529541015625,6280900
1999-03-25,79.58382252652673,80.4771499633789,79.38962090981973,80.4771499633789,6639600
1999-03-26,79.93340209901594,80.24412475051844,79.37021729316767,79.89456176757812,6159700
1999-03-29,80.2635485467554,81.68122070836033,80.2635485467554,81.50643920898438,5863900
1999-03-30,80.74903509631129,81.54526175310512,80.51599314798138,81.07917785644531,5401400
1999-03-31,81.50640933028447,81.78800164271934,79.73917481776222,79.77801513671875,7413600
1999-04-01,80.59368009122565,80.59368009122565,79.62267189735546,80.38005828857422,7683600
1999-04-05,81.37044067959023,82.39970878365187,80.94319731564012,82.28318786621094,5791100
1999-04-06,82.14724971860583,82.64246363534922,81.50638464987912,82.0889892578125,5381300
1999-04-07,82.45801851621286,82.88526213546785,81.64237160672606,82.74932098388672,6248600
1999-04-08,82.76873550149823,83.85626463995057,82.2055507690854,83.79800415039062,5909100
1999-04-09,83.54557670897306,84.20586253140567,83.02123208527657,83.81745910644531,4365800
1999-04-12,82.94351202060956,84.76900725122003,82.78815072438739,84.71074676513672,8213200
1999-04-13,84.67192413513156,84.80786529773384,83.58439483431336,84.16699981689453,10071400
1999-04-14,84.55539628346463,84.55539628346463,82.45801851621286,82.74932098388672,11551700
1999-04-15,82.92407204995307,83.00175267950806,81.40929977363074,82.43856811523438,11150000
1999-04-16,82.59398179112037,82.59398179112037,81.52587245688298,81.73949432373047,6476200
1999-04-19,82.45800645379026,83.60379599236153,79.77802414323372,80.4771499633789,12487200
1999-04-20,80.67133760406814,81.52582456954215,80.16641348810624,81.48698425292969,9049600
1999-04-21,81.44819821418712,84.28354321639773,81.04037461797874,83.81745910644531,5772200
1999-04-22,83.97278210261504,84.74958859755135,83.51640828683996,84.6136474609375,6897400
1999-04-23,84.43890290275677,84.98266768685914,83.89513811865437,84.40006256103516,4593100
1999-04-26,84.82725282981941,85.02145441596826,84.18638759552819,84.88551330566406,3606500
1999-04-27,85.21564670555796,85.44868858351299,84.41942028921159,85.29332733154297,5147200
1999-04-28,84.78843651980243,85.29336078675499,83.89510897057869,84.1281509399414,5544300
1999-04-29,84.2447297548133,84.55545259392741,83.15719981791392,83.48734283447266,9824300
1999-04-30,83.9533609780317,84.28350373459578,81.72004233068641,82.80757141113281,10991900
1999-05-03,82.92409027957082,84.41944272723521,82.71046850133304,84.32234191894531,10709700
1999-05-04,83.97278089434187,84.40002446040928,82.72989052032756,83.11829376220703,10509300
1999-05-05,83.23485306981652,83.9339792271925,81.9337016102557,83.77861785888672,10032300
1999-05-06,83.54551592323593,83.97275937984011,82.26378555342338,83.26392364501953,13507200
1999-05-07,83.58438084920247,83.97278410593668,82.92409531275432,83.89510345458984,8680700
1999-05-10,83.79804055885172,84.3418053643321,82.98239335063114,83.47760772705078,5580100
1999-05-11,84.08929997904956,85.06030806194852,83.72031690754795,84.32234191894531,7000600
1999-05-12,84.36117511867823,85.27392263952949,81.72003335621501,84.98262023925781,13865800
1999-05-13,85.29338591383585,85.75946998986774,85.02150353615059,85.35164642333984,4485700
1999-05-14,83.6231762343159,84.43882263511509,82.96289105271657,83.1376724243164,8370100
1999-05-17,83.04063474515675,83.57468934185736,82.26382805904677,83.39019775390625,6268100
1999-05-18,83.60380826016426,83.88540064570952,82.41917822442208,83.23482513427734,8218600
1999-05-19,83.5650087382635,83.89515169632776,82.8076219521161,83.8368911743164,5052400
1999-05-20,83.97276679176575,84.26406917425336,83.31248139146047,83.33190155029297,4670400
1999-05-21,83.35133350730808,83.70089641577303,82.39974558982018,82.86582946777344,6418200
1999-05-24,83.17653802557147,83.17653802557147,81.03061053273335,81.48698425292969,7952000
1999-05-25,81.64237544333288,82.24440057148306,79.81687989345816,80.16644287109375,15406400
1999-05-26,80.36066542782164,81.4093546335013,79.60327877927524,81.0597915649414,12575900
1999-05-27,80.69078856205326,80.96267088211795,79.54499878463783,79.89456176757812,14515400
1999-05-28,80.16643956773895,81.25396878668116,79.91397742762737,80.91411590576172,8748000
1999-06-01,80.86556455579108,80.88498472018968,79.77803534946919,80.63252258300781,6705300
1999-06-02,80.63247868645294,80.90436084001998,79.5546601490979,80.71015930175781,6981900
1999-06-03,81.21505212612658,81.33157300435631,80.65186788134952,81.15679168701172,6076600
1999-06-04,81.70062547755751,82.875545335269,81.37048270762205,82.78815460205078,9787200
1999-06-07,82.92408175149363,83.39016558335214,82.59393903726053,83.00176239013672,5299100
1999-06-08,82.88525255055418,83.14742474114286,81.77830330140199,82.18612670898438,4895700
1999-06-09,82.28321802469505,82.71046154523866,81.91423498422557,82.10843658447266,7409700
1999-06-10,81.68120937570521,81.70062953960813,80.53541970543259,81.35106658935547,7040700
1999-06-11,81.54524810232677,82.16669319384248,80.2246772828559,80.67134094238281,12824800
1999-06-14,81.21513028715941,81.25397061728239,80.50629426241495,80.7490463256836,6823500
1999-06-15,81.07920955142164,81.81717600961423,80.83645742701619,81.29283142089844,5700900
1999-06-16,82.26378506044797,83.1959525965437,82.26378506044797,82.84638977050781,7865800
1999-06-17,82.57452600942453,84.24465988449757,82.41916471872007,83.62321472167969,8162800
1999-06-18,83.5640106804707,83.95358648783886,83.13547729236572,83.71984100341797,2875100
1999-06-21,83.81721788440021,84.30418754443042,83.31076943796879,83.91461181640625,4646400
1999-06-22,83.52504912488313,84.26524312365774,83.21338849382013,83.33026123046875,5862400
1999-06-23,82.90174770736067,83.29132358944413,82.35634147244383,82.92122650146484,9629200
1999-06-24,82.8237786612426,82.86273622411242,81.44078517936391,82.2978515625,9176900
1999-06-25,82.64852178086872,82.91148549617434,81.81093365063602,82.09337615966797,4087000
1999-06-28,82.70692847672618,83.29129207877558,82.5900557563163,83.09650421142578,5028900
1999-06-29,82.90172432679329,84.2652395295366,82.76537280651895,83.87566375732422,6956200
1999-06-30,83.9146089275388,85.70665721475643,83.42763928427313,85.3949966430664,16856100
1999-07-01,85.39501124030734,86.32999311520122,84.81064756849867,86.03781127929688,9939500
1999-07-02,86.0962896084096,86.95335674478291,85.95993801853203,86.8949203491211,3772800
1999-07-06,86.79745108429093,87.73243260404989,86.38839666939637,86.8753662109375,11221100
1999-07-07,86.68061840229915,87.0896730059954,86.33973956588561,86.99227905273438,3230700
1999-07-08,86.6806568828975,87.65459684787386,86.48586888990222,87.06049346923828,7101500
1999-07-09,87.26494622824455,87.63504309840899,86.99224327128128,87.57660675048828,2976800
1999-07-12,87.84932861805387,87.84932861805387,86.9533044237234,87.18704986572266,4436300
1999-07-13,86.8753662109375,87.2162448900163,86.42735423271967,86.8753662109375,6477600
1999-07-14,87.2649565391583,87.40130803375074,86.48580514148725,87.36235046386719,4382500
1999-07-15,87.75193367076234,88.12203061632161,87.45975187163661,87.9175033569336,3348600
1999-07-16,88.0441266694958,88.60901155299477,87.73246604411705,88.39474487304688,2281500
1999-07-19,88.62850355065387,88.66746113463219,87.61560636721784,87.81039428710938,4287000
1999-07-20,87.34284897291191,87.51815799181384,85.72611024303866,86.00855255126953,7060100
1999-07-21,86.07676354444915,86.58321202875683,85.58979384799945,85.91119384765625,4793700
1999-07-22,85.66770262830494,86.01832078367318,84.44053908451613,84.78141784667969,7804100
1999-07-23,85.18072182917024,85.39498845165386,84.22626141992502,84.61583709716797,4603000
1999-07-26,84.0704765178277,84.8496282927844,83.91464616283636,83.99256134033203,4333400
1999-07-27,84.77169415176517,85.52162756740005,84.38211835143537,84.69377899169922,5908500
1999-07-28,84.9275188629696,85.58979767979093,84.5184642996388,84.96647644042969,3955500
1999-07-29,84.10940630162656,84.30419418097263,83.09650932902709,83.77826690673828,7760600
1999-07-30,84.03151095115533,84.36265042407365,82.62903788938361,82.74591064453125,5994300
1999-08-02,82.74590879541543,83.99255148913167,82.5900784587009,82.9406967163086,6065500
1999-08-03,83.34973967778565,83.42765483523158,81.88883047567442,82.55110931396484,5445400
1999-08-04,82.72640434885709,83.44711943265924,81.3044529673015,81.42132568359375,6497900
1999-08-05,81.57715831338766,82.23943705805222,80.31103718388188,82.1615219116211,10322000
1999-08-06,81.79142252299381,82.27839217364274,80.72008929156617,81.26549530029297,7537700
1999-08-09,81.40187828729223,82.15181183935272,80.8759508611719,81.09021759033203,5565900
1999-08-10,80.95383310121096,81.12914217193062,79.16178482274336,80.19416046142578,9793300
1999-08-11,80.83699709052573,81.36292454147615,80.17471807821781,81.16813659667969,8003400
1999-08-12,81.4603094072785,82.16154593015321,80.97333959972661,81.11943054199219,7036800
1999-08-13,82.04467701100597,83.05757425805544,81.73301631960614,82.99913787841797,5857700
1999-08-16,82.97964113895024,83.5055684419436,82.43423504695714,83.36921691894531,3927000
1999-08-17,83.797739097999,84.05096332121471,82.97963006914824,83.91461181640625,4808000
1999-08-18,83.65168518715716,83.75881855973357,83.05758193923347,83.31080627441406,4355500
1999-08-19,82.51213272288967,83.04779930690277,82.0835994556792,82.6290054321289,6448100
1999-08-20,82.94070919219365,83.60298822284997,82.70696365196201,83.46663665771484,3663700
1999-08-23,84.03153513704636,85.11260843331573,83.93414114639145,85.06391143798828,5637800
1999-08-24,84.8106491642403,85.99885531927444,84.38211579685094,85.37553405761719,9279500
1999-08-25,85.51185854297559,86.50527648960242,84.86905869515824,86.2520523071289,6005300
1999-08-26,86.19365086146763,86.28130542166573,85.083359765625,85.21971130371094,4322300
1999-08-27,85.3170788017813,85.43395151246868,84.18730926513672,84.18730926513672,6247400
1999-08-30,84.36261728584401,84.46001121021003,82.27838730441124,82.6290054321289,4652000
1999-08-31,82.86278136037167,83.36922995354742,81.57718108538705,82.31737518310547,11453700
1999-09-01,82.86277028387426,83.35947941463091,82.47319449504552,83.33026123046875,6863900
1999-09-02,82.35633516046579,82.69721403116309,81.44083190773593,82.34659576416016,10896300
1999-09-03,84.0704624646835,85.08335960281221,83.95358971797634,84.7522201538086,9160800
1999-09-07,84.81062576663535,85.16124387958882,84.28469859720514,84.4405288696289,4560800
1999-09-08,84.05101108506813,84.81068418641635,83.54456235083596,84.03153228759766,6159600
1999-09-09,83.99256134033203,84.3042220503147,83.33028233161883,83.99256134033203,6177800
1999-09-10,84.9275244718971,84.9957002369548,84.10941529120451,84.69377899169922,2934500
1999-09-13,84.22624339573746,84.4405099723686,83.83666780186262,84.11911010742188,2320500
1999-09-14,83.56400299072266,83.87566360793747,83.13546964205229,83.56400299072266,3736000
1999-09-15,84.42109644757466,84.42109644757466,82.20051384604638,82.23947143554688,6984500
1999-09-16,82.59008550019539,82.78487343769585,81.22656993769216,82.56086730957031,15377600
1999-09-17,82.90079265844042,83.72120578088493,82.6077879718531,83.60400390625,8542300
1999-09-20,83.72123549750992,83.76030280292174,83.1938268744505,83.48683166503906,2803900
1999-09-21,82.66635916657019,82.80309463778144,81.35760537069113,81.72874450683594,9335200
1999-09-22,82.04135486334901,82.41249432582606,81.10373937919645,81.64091491699219,13009100
1999-09-23,82.39294174060095,82.39294174060095,79.77543244869945,79.93170166015625,12204100
1999-09-24,79.85356903076172,80.24424206907268,78.9550210426465,79.85356903076172,13792900
1999-09-27,80.47863443219357,81.10371120448245,80.18562969518317,80.38096618652344,6970300
1999-09-28,79.97077868702871,80.51772099363272,78.48622099767498,80.22471618652344,11063400
1999-09-29,80.28327417350155,80.71301432722832,79.22845743253585,79.26752471923828,7580300
1999-09-30,79.65823950165684,80.90839333395357,79.3652346972123,80.47865295410156,7498900
1999-10-01,79.97077670940602,80.36144977589066,79.15036326978827,80.30284881591797,11127100
1999-10-04,80.75206256961276,81.80687906181379,80.47859162719027,81.72874450683594,6341600
1999-10-05,81.70924333453749,82.4905891947769,80.43955631164843,81.65064239501953,11976000
1999-10-06,81.72879876829789,83.01801978137334,81.68973146487136,82.90081787109375,10308200
1999-10-07,83.0473322122583,83.13523365761996,82.19761824042877,82.43202209472656,6535600
1999-10-08,82.35387868729849,83.68216705322266,82.03157342203748,83.68216705322266,9674300
1999-10-11,83.5063581129979,83.83843018034783,83.33055525381265,83.54542541503906,4282000
1999-10-12,83.21338245008654,83.33058439719935,82.0022956632543,82.25623321533203,8686100
1999-10-13,81.68971358456884,82.08038653332335,80.12702178955078,80.12702178955078,10469300
1999-10-14,80.31258619485672,80.7520932335006,79.22846883286851,80.10748291015625,10562200
1999-10-15,78.75972273543074,79.22853060885592,77.82210698858037,78.05651092529297,14238700
1999-10-18,78.09554667786783,78.72062358974671,77.1579313100495,78.62295532226562,9758800
1999-10-19,79.50193698011984,80.16608092540831,78.7205911621334,79.38473510742188,14392900
1999-10-20,79.85355354889094,80.92790419595283,79.46288058632298,80.16609191894531,9759400
1999-10-21,79.52148496272952,80.63490295410156,79.15034563227218,80.63490295410156,9105400
1999-10-22,81.103710488863,82.0217919900616,80.98650859509297,81.3185806274414,8309600
1999-10-25,80.83023637875677,81.55298136329374,80.47863071060365,80.90837097167969,8114300
1999-10-26,81.37719675824229,81.68973519994461,79.89263916015625,79.89263916015625,6256300
1999-10-27,80.24422756785046,81.45531376775472,80.16609297430824,81.3381118774414,5433300
1999-10-28,82.78357453087125,84.29743178102287,82.62730539537174,84.11186218261719,10509700
1999-10-29,84.91277589067056,86.06526123172176,84.83464129127725,85.6355209350586,10988600
1999-11-01,85.32299382590983,85.63553226483258,84.73698425292967,84.73698425292969,4006500
1999-11-02,84.99091219010805,85.79179184990912,84.13143157958983,84.13143157958984,6516900
1999-11-03,85.01046020958256,85.24486405207222,84.46351791044002,84.69792175292969,7222300
1999-11-04,85.47924194196237,85.86014807036005,84.86393204224304,85.3425064086914,7907500
1999-11-05,86.65127220395902,86.95404378176816,85.49878684326615,86.18246459960938,7431500
1999-11-08,85.63556588214377,86.49504692658134,85.47929660133694,86.2606430053711,4649200
1999-11-09,86.57309738858548,86.69029923523067,85.18620886995065,85.44991302490234,4533700
1999-11-10,85.16675685521614,86.50481255351482,85.05932172615566,86.0848388671875,6405600
1999-11-11,86.3778064913698,86.5731430053711,85.92853250916684,86.5731430053711,4794100
1999-11-12,87.0419461518153,87.50098693605399,85.71365792508203,87.35448455810547,11802900
1999-11-15,87.4130755805863,87.66701300685392,87.13960450614424,87.55957794189453,2187500
1999-11-16,87.86236628642125,89.38599113531872,87.56936150778711,88.29210662841797,7544800
1999-11-17,88.91716220246305,89.34690244157864,88.33115278548723,88.5264892578125,9459000
1999-11-18,89.03435604954684,89.38596166799614,88.52648126734233,89.15155792236328,4491000
1999-11-19,89.0148319796512,89.36643763592369,88.76089456123218,89.07343292236328,4832100
1999-11-22,89.03438327970879,89.38598900569274,88.44837373640225,89.05391693115234,4155400
1999-11-23,89.2883330225074,89.2883330225074,87.74517434633631,88.2725830078125,5918000
1999-11-24,87.97958150330867,89.03439886591494,87.51077378659477,88.74139404296875,4459700
1999-11-26,89.05390453633618,89.3078419697585,88.29209223606921,88.40929412841797,1693900
1999-11-29,88.05768105788137,88.71205823521922,87.7842099986954,88.09674835205078,7348600
1999-11-30,87.97957462672832,88.9562572935437,86.88569003989511,87.06149291992188,7682000
1999-12-01,87.08103156668184,87.82331043602548,86.88569502211773,87.76470947265625,6980200
1999-12-02,87.90143359023912,88.37024123605373,87.74516437496759,88.29210662841797,6698300
1999-12-03,89.40550862605897,90.85099860603022,89.40550862605897,89.91338348388672,10045400
1999-12-06,89.71805994806522,89.83526185524754,88.91718024898604,89.24925231933594,3138900
1999-12-07,89.56177256113644,89.58130620836896,88.37022007995229,88.5264892578125,10714200
1999-12-08,88.35068729171057,88.79996118242677,87.8232788113046,87.96001434326172,4611400
1999-12-09,88.64370797004489,88.89764543227727,87.12008319665054,88.3897705078125,6474700
1999-12-10,88.93671487312484,89.26878694710751,88.05770055964129,88.68277740478516,5127300
1999-12-13,88.40932512912397,89.21020500766885,88.31165685125265,88.83906555175781,4210800
1999-12-14,88.52648770618607,89.06366299566537,87.90141100570109,87.97954559326172,5739000
1999-12-15,87.74513774373085,88.8878560335813,87.530267637947,88.44834899902344,6879100
1999-12-16,88.87813286290634,89.17113769652032,88.2335222289556,88.83906555175781,5854900
1999-12-17,89.60537710369442,89.80119305016228,89.01792926429083,89.40956115722656,4775400
1999-12-20,89.33124061044205,89.72287252894465,88.41090560196095,88.76337432861328,4608700
1999-12-21,88.7242237042987,90.27117000150453,88.56757091470824,90.11451721191406,7981300
1999-12-22,89.99699576468399,90.3494644165039,89.58578233756076,90.3494644165039,5377500
1999-12-23,90.86833896891275,91.7886734008789,90.85854817708332,91.7886734008789,5721700
1999-12-27,91.79855498583036,91.97478941306424,90.89780124663493,91.66148376464844,2691000
1999-12-28,91.40690617359516,91.79853816234235,91.16213618062815,91.60272216796875,4084500
1999-12-29,91.68105626014913,91.9943618774414,91.0544450255646,91.9943618774414,3001000
1999-12-30,92.19024140526147,92.46438400927032,91.60279296809965,91.88672637939453,3641300
1999-12-31,92.01394195881295,92.42515557471741,91.6418915444232,92.03352355957031,3172700
2000-01-03,92.89511072989129,92.89511072989129,90.15368672015587,91.13276672363281,8164300
2000-01-04,89.9382742794767,90.27116142573212,87.50036547307678,87.56890106201172,8089800
2000-01-05,87.68635409559522,88.68501511812211,86.00233746937343,87.72551727294922,12177900
2000-01-06,87.4906082361017,88.66550449710576,86.31571197509766,86.31571197509766,6227200
2000-01-07,87.92139169486883,91.3285903930664,87.76473888115859,91.3285903930664,8066500
2000-01-10,91.64187622070312,92.0530897678473,90.87819391886393,91.64187622070312,5741700
2000-01-11,91.36772270928617,91.5439570651335,89.91868467231936,90.54529571533203,7503700
2000-01-12,90.60408326828517,90.60408326828517,89.52709502973843,89.64458465576172,6907700
2000-01-13,90.52571730284855,91.32856272993416,89.78161666311067,90.85860443115234,5158300
2000-01-14,91.81811987560351,92.40556785945255,91.4656510852941,92.0922622680664,7437300
2000-01-18,91.07402044951124,91.87686603936932,90.97611245074805,91.36774444580078,6488500
2000-01-19,91.0544329760026,92.1118392944336,90.85861699110797,92.1118392944336,6157900
2000-01-20,92.09225884208614,92.09225884208614,90.11451737003624,90.70196533203125,5800100
2000-01-21,91.17190059198026,91.17190059198026,90.27114727857153,90.5061264038086,6244800
2000-01-24,91.26981192032231,91.38730148726545,87.35349302221795,87.9409408569336,7896900
2000-01-25,88.04864312814018,88.93960571289062,87.09893575758201,88.93960571289062,9942500
2000-01-26,88.35217740278587,88.6948553958153,87.7843110143371,88.23468780517578,5158100
2000-01-27,88.8808866847645,89.11586589609237,86.55067617242986,87.8822250366211,10922700
2000-01-28,87.37307165474,87.76470353127402,84.92537242640238,85.1407699584961,11916200
2000-01-31,85.10162427315412,87.51995160811374,84.59250272895208,87.451416015625,10768700
2000-02-01,87.56888771480044,88.78294653374445,86.80520555449695,88.31298828125,8419900
2000-02-02,88.52839808026721,89.13542757385011,87.9605317798187,88.39132690429688,6205900
2000-02-03,88.27383932365906,89.76204069646255,87.72555460736305,89.7228775024414,7997500
2000-02-04,89.72287277231712,90.23199426775149,89.0570985090568,89.35082244873047,4925400
2000-02-07,89.33123468494499,89.46830584732872,88.62629727840005,89.2137451171875,5845800
2000-02-08,90.21242833457606,90.5844787227586,89.99703074141776,90.42782592773438,4936400
2000-02-09,90.52573502609566,90.52573502609566,88.51862106542623,88.52841186523438,8511500
2000-02-10,88.74382934570312,89.3312774658203,88.27387084960937,88.70466613769531,6690600
2000-02-11,88.88085531618962,88.93960009828889,86.4919008441528,86.90311431884766,9849800
2000-02-14,87.58846578290385,87.58846578290385,86.66813090881567,87.4122314453125,8528800
2000-02-15,87.25557698684881,88.48921732575623,86.34503292717903,88.4011001586914,11078300
2000-02-16,87.96054361192442,88.31301239754656,86.97167285226232,87.09895324707031,8845400
2000-02-17,87.99968190338652,87.99968190338652,86.60938875360004,86.64855194091797,7584200
2000-02-18,87.02061687231614,87.02061687231614,84.35751968630467,84.78831481933594,9409200
2000-02-22,84.71003114771418,85.43455060043388,83.67220598571028,84.57295989990234,16415400
2000-02-23,84.98410076080252,86.13941457298854,84.27916351946867,85.57154846191406,12119000
2000-02-24,85.64989538785177,85.86529292997943,83.39801199288081,83.848388671875,17375000
2000-02-25,84.70998101551284,85.66947918235522,83.41759572956188,83.54487609863281,10559900
2000-02-28,83.57423655192058,85.64988535100764,83.16302311059201,85.29741668701172,13397800
2000-02-29,85.25830534362099,86.1198959350586,85.06248930011245,86.1198959350586,8242500
2000-03-01,86.23738403320313,87.09897460937499,85.98282318115234,86.74650573730469,6868000
2000-03-02,86.90315245893613,87.17729489571512,86.06114354597213,86.80524444580078,7600200
2000-03-03,87.99968587708115,88.8025312533518,87.54930920258785,88.43048095703125,12770300
2000-03-06,88.23467535452254,88.56756250077795,86.942289963178,87.56890106201172,11967100
2000-03-07,87.72556801177174,87.82347601178488,84.72958321136971,85.87510681152344,20062000
2000-03-08,85.51282665130755,86.37441684426783,84.61207326775816,85.76738739013672,11808500
2000-03-09,86.00240627177118,88.27387237548827,85.29746851544519,88.27387237548828,5500900
2000-03-10,87.84305724280951,88.97879003819135,87.43184364448159,87.80389404296875,7924600
2000-03-13,85.64989076633732,88.01926360189444,85.02327976850404,86.84436798095703,10540500
2000-03-14,87.2751919344163,87.78431353870053,85.31703191793848,85.61075592041016,8263900
2000-03-15,85.76742254946986,87.99972532815468,85.25830086310313,87.60809326171875,10300800
2000-03-16,88.74378652204034,92.01391281268039,88.27382825272679,91.70060729980469,25601400
2000-03-17,91.59994205684167,92.97413750132922,91.36436569492952,92.30667114257812,10272900
2000-03-20,92.26742320817064,92.56189370777118,90.95212164328821,91.83553314208984,12502300
2000-03-21,91.4232539099832,94.07348781117446,90.77541895635866,93.72012329101562,13612600
2000-03-22,93.9557183746395,94.76060438662451,93.40604012255218,94.2894515991211,8260000
2000-03-23,93.7005252350072,96.40965418586222,93.7005252350072,95.89923858642578,11654500
2000-03-24,96.03663871246575,97.84272431376313,95.31027819890049,96.4685287475586,11462900
2000-03-27,96.35072792395306,96.60593563850306,95.36915979106845,95.44768524169922,8798600
2000-03-28,95.01578315605445,96.10532364472408,94.60352459277405,94.89799499511719,6334400
2000-03-29,95.21213798735798,95.791263362745,94.01462449926956,94.9961929321289,6747500
2000-03-30,94.32869513929766,95.43786710087318,92.42445301057512,93.40602111816406,9491900
2000-03-31,93.99499551673185,95.6832932641084,93.24900348882127,94.46614837646484,9249100
2000-04-03,94.3090410910362,95.0157699584961,93.40599864928191,95.0157699584961,8508200
2000-04-04,95.32995933259556,96.1152143518097,88.82215836085845,94.30912780761719,19585500
2000-04-05,92.89560607731168,94.74095412703005,92.7385551794633,93.72012329101562,8387200
2000-04-06,94.38757772904147,95.2906202780298,93.60232333861683,94.5348129272461,6378500
2000-04-07,95.21213142624877,95.56549603772764,94.54466493789981,95.13360595703125,6023600
2000-04-10,95.32988377854225,96.18384793512516,94.42684122215573,94.76057434082031,9624200
2000-04-11,94.23058622967743,95.25141758049894,93.20975487885593,94.48579406738281,9006400
2000-04-12,94.46614907567661,94.95693330819779,91.81591422006224,91.89443969726562,10779200
2000-04-13,92.64043160906284,93.07232173311442,90.3239300346044,90.61840057373047,12225800
2000-04-14,89.59750878810883,89.71529692411423,83.86515283584595,85.43566131591797,29604000
2000-04-17,84.9252650665771,88.41964721679688,84.6111633002652,88.41964721679688,23918200
2000-04-18,88.30186292420159,90.75578308105469,87.81107889283098,90.75578308105469,11069200
2000-04-19,90.7754470758563,91.16807444210136,89.53867087218438,89.91166687011719,6553700
2000-04-20,90.1865006985223,90.42207710435213,89.44050874672782,90.34355163574219,8537600
2000-04-24,88.89083143613041,90.02945074339533,88.26262768039804,89.36198425292969,12893100
2000-04-25,90.85396691953751,93.07231140136719,90.73617871696248,93.07231140136719,14102000
2000-04-26,92.95444656575522,93.44523033854168,91.71767145833334,92.02195739746094,7711100
2000-04-27,89.83310187352846,92.5618608683756,89.83310187352846,91.71771240234375,15595300
2000-04-28,92.34595089381865,92.88581348939263,91.12880613288822,91.1484375,8743400
2000-05-01,92.0711062747876,93.27843528030986,91.6195848580882,92.38520812988281,7328300
2000-05-02,91.40359751162897,92.42442806803032,90.5398178100586,90.5398178100586,9411900
2000-05-03,90.46130869782415,90.46130869782415,87.81107504456759,88.41964721679688,12630700
2000-05-04,89.20490822722702,89.4306688884535,88.41965375339579,89.08712005615234,5963600
2000-05-05,88.61596210595181,90.46131000979751,88.53743666323497,90.16683959960938,7862400
2000-05-08,89.67606092584595,90.06868816282426,89.1067514322274,89.48956298828125,5064100
2000-05-09,89.87236641804132,90.08831137885356,88.1153596914326,88.77301025390625,5620300
2000-05-10,88.26264460637019,88.55711517333984,86.53508394681491,86.77066040039062,10293900
2000-05-11,88.02704975927227,88.8908299085604,87.39884601433545,88.75341033935547,7091100
2000-05-12,89.08715112131064,90.12761366195178,88.9693629091626,89.7153549194336,5960800
2000-05-15,89.67608695092778,91.4723570814028,89.20493412981959,91.26622772216797,4441300
2000-05-16,92.07110984811999,92.79747041621816,91.28585517990574,92.1496353149414,8192200
2000-05-17,91.52144691294824,91.8355488328554,90.75582348317454,91.18771362304688,5907200
2000-05-18,91.48214548072716,91.91403543793231,90.06868743896484,90.06868743896484,4325600
2000-05-19,89.55827028124178,89.9803445493362,88.20370635107832,88.65522766113281,6518400
2000-05-22,88.73377727217463,88.87119683874658,86.06391140734814,87.98778533935547,10839400
2000-05-23,88.22338568645975,88.45896215024202,86.41729946412902,86.692138671875,7979200
2000-05-24,86.6921321440508,88.38043000736339,85.74982635987634,88.1055908203125,11081500
2000-05-25,88.38038695099078,89.08711594482367,86.51540766170955,86.59393310546875,8278900
2000-05-26,87.20255434340325,87.7522327588952,86.2700641742651,86.692138671875,4814000
2000-05-30,87.94851095634594,89.793859177305,87.6147777674491,89.5190200805664,5362700
2000-05-31,89.55830396990285,90.46134692970459,89.26383343953272,89.7153549194336,6056500
2000-06-01,90.26501950827978,91.36437598771946,89.83312946278562,91.28585052490234,8961600
2000-06-02,93.56310499760143,93.66126184296189,92.65024633574905,92.87600708007812,8962200
2000-06-05,92.64041401515497,93.11156678827719,92.26741806976655,92.42446899414062,6998100
2000-06-06,92.11034094287767,92.83670126148093,91.65881966374592,92.0121841430664,4858900
2000-06-07,92.11033751128753,92.97411731744623,91.71771032666993,92.65019989013672,4919500
2000-06-08,92.66005194103482,92.81710287652811,91.75700906194847,92.28705596923828,5723100
2000-06-09,92.65999225786413,92.95446257224293,91.48211100034891,92.09068298339844,3085300
2000-06-12,92.3262952075527,92.3262952075527,91.01099395751953,91.01099395751953,3678900
2000-06-13,90.97177163438477,92.81712047634251,90.85398341043002,92.71896362304688,6558700
2000-06-14,93.13121487801536,93.52384225945724,92.46374832956414,92.87600708007812,6420500
2000-06-15,93.05268003427135,93.44530737618811,92.247793983342,93.07231140136719,5881200
2000-06-16,93.38976163422977,93.38976163422977,91.85491093733346,92.3074951171875,5567900
2000-06-19,92.22883200801014,93.92110415494611,92.0910889262828,93.48819732666016,5106900
2000-06-20,93.31109191739816,93.7439987124599,92.56334381683698,93.15367126464844,6480000
2000-06-21,92.52399138243442,93.46851532678934,92.49447500917333,93.11431884765625,3115000
2000-06-22,92.91755047581226,92.99626081081931,91.30398860816791,91.69754028320312,7490500
2000-06-23,91.81561511151203,92.01239096901634,90.59560479498529,90.91044616699219,4863300
2000-06-26,91.54013466837569,92.09110710404089,91.225293276567,92.08126831054688,5201300
2000-06-27,91.92386091579277,92.38628427692328,91.31385563089722,91.40240478515625,4159500
2000-06-28,91.69761172892865,92.5535872890592,91.50083573809404,91.65825653076172,5347700
2000-06-29,91.14654719597031,91.77622973273004,90.36928281465752,90.79235076904297,6345700
2000-06-30,90.63496574849871,91.67787785980363,90.60544936799008,91.4811019897461,7420200
2000-07-03,91.57950074511325,92.83886646227853,91.42208003046758,92.740478515625,1436600
2000-07-05,92.16981594708838,92.34691422708919,90.91045040041595,91.06787109375,2748200
2000-07-06,91.26465073089862,92.22885251740445,90.81206621886527,91.7762680053711,5963200
2000-07-07,92.36657631450072,93.68497439994417,92.09109014739313,93.25206756591797,3034800
2000-07-10,93.11434311464609,93.76370349562312,92.89788965432041,93.09466552734375,2816100
2000-07-11,92.85853594361767,93.90144808708276,92.66176006749218,93.29144287109375,5431600
2000-07-12,93.99978559035169,94.53108017082887,93.62591162631219,93.90139770507812,5883000
2000-07-13,94.4425022953765,94.68847193360801,93.94072423338419,94.3145980834961,5356000
2000-07-14,94.72785444023195,95.23947143554688,94.24575381003135,95.23947143554688,5341900
2000-07-17,95.07223060667908,95.70191318546699,94.88529359110143,95.08206939697266,4208300
2000-07-18,94.84597375558326,94.84597375558326,94.03919265102331,94.30484008789062,4262100
2000-07-19,94.11786816107109,94.39335428991386,93.35044251643764,93.5472183227539,8506800
2000-07-20,93.8227129797718,94.845947265625,93.70464748525026,94.845947265625,4538900
2000-07-21,94.29502081497716,94.29502081497716,92.99629974365234,92.99629974365234,5656900
2000-07-24,93.27177753598671,93.73420090562716,92.28789802611344,92.46499633789062,5628500
2000-07-25,93.03562566654429,93.09465842394692,92.42562050671712,92.76013946533203,4757100
2000-07-26,92.54369604638629,92.66176157398108,91.7073985592565,91.85498046875,12062500
2000-07-27,91.89433482425129,92.32724175490087,91.10723131397933,91.5401382446289,7652600
2000-07-28,91.7565837463285,91.8746492626223,89.10994842274258,89.47398376464844,6229500
2000-07-31,90.00529966487751,90.75304810984152,89.45432712648298,90.0446548461914,5265500
2000-08-01,90.43822133903603,91.12693712381981,90.12337983742059,90.59564208984375,3946600
2000-08-02,90.59561797653801,91.55981981859934,90.43819726763004,91.04820251464844,7439800
2000-08-03,89.965914262623,91.81560716303564,89.80849359024745,91.67786407470703,4607100
2000-08-04,92.13045989052034,92.3862685147358,91.5598098826551,92.16981506347656,3686600
2000-08-07,92.38627520694007,93.46854254163266,92.16982174000155,93.27176666259766,4159800
2000-08-08,92.87817513657097,93.70463347465063,92.87817513657097,93.62592315673828,3658700
2000-08-09,93.91124179172233,93.96043573713445,92.79945862540859,92.83881378173828,5383800
2000-08-10,92.89787819306818,93.10449283425166,92.11077479808348,92.38626098632812,4193400
2000-08-11,92.32719811186186,93.19301156389125,91.65816044438459,92.81913757324219,5089400
2000-08-14,93.05529288135614,94.17691514700158,92.6027084583764,93.99981689453125,2966700
2000-08-15,94.03918520809343,94.3343490034735,93.54724554912663,93.9211196899414,5564600
2000-08-16,94.0194928303198,94.41304449557857,93.0946464169617,93.58658599853516,5191600
2000-08-17,93.62594109200657,94.7278857538713,93.40948767628315,94.57046508789062,5652200
2000-08-18,94.6885143622476,94.6885143622476,93.96044390684379,94.25560760498047,4626400
2000-08-21,94.4720862838517,94.9049931570541,94.07853458094041,94.76725006103516,2380600
2000-08-22,94.80660862216536,95.27887068254975,94.51144483442512,94.60983276367188,3075300
2000-08-23,94.33432057097951,95.25916685108716,93.99980170370654,94.98368072509766,5483200
2000-08-24,95.1804512146828,95.3969045873025,94.76722204877245,95.27883911132812,4529000
2000-08-25,95.18043870531822,95.47560235646145,95.04269566811806,95.23947143554688,2822200
2000-08-28,95.23949075528206,96.28240253421387,95.23949075528206,95.56417083740234,5518700
2000-08-29,95.35757770469614,95.633063896992,95.02305875690831,95.58386993408203,3561900
2000-08-30,95.27882813108955,95.3968935934577,94.6688232421875,94.6688232421875,3964800
2000-08-31,95.12141144581331,96.40045400766226,95.02302355644031,95.92819213867188,4863100
2000-09-01,96.49893468637934,96.71538825113265,95.71183081454917,96.02667236328125,3191200
2000-09-05,95.63305989347985,95.83967452905219,94.9640220259123,95.25918579101562,3470800
2000-09-06,95.20013698413688,95.68223771917437,94.15722518997416,94.1769027709961,4322200
2000-09-07,94.60980669696903,95.13126257830632,94.34415936119343,94.98368072509766,4265500
2000-09-08,94.62948377320404,94.7672268354649,94.0293175733532,94.33432006835938,3518200
2000-09-11,94.29498979525847,95.20015872901931,93.62595188769613,94.19660186767578,3937500
2000-09-12,94.2949691541267,94.6098104534727,93.46851074334346,93.50786590576172,4769100
2000-09-13,93.19299617450677,94.0391319083547,92.97654284724335,93.7538070678711,7691600
2000-09-14,94.37370953057496,94.41306470552516,93.29144221944452,94.22612762451172,3397100
2000-09-15,93.54551831990072,93.58497235546373,92.16462707519531,92.16462707519531,4085700
2000-09-18,92.40139271440916,92.77620622029596,91.0303643639285,91.31640625,5109300
2000-09-19,91.61229075172734,92.36191759250374,91.34597595303046,92.1449203491211,6588200
2000-09-20,91.96741764262363,92.18441498154874,90.36952814690237,91.4643783569336,6508100
2000-09-21,91.19799490388526,91.88844046339986,90.03410096070351,90.07355499267578,5972300
2000-09-22,90.03414789644152,91.73067215566456,89.9059222256863,91.71094512939453,7791300
2000-09-25,92.12523433943142,92.20414246306262,90.72461514497753,91.05997467041016,9726300
2000-09-26,91.1388442922847,91.53338474376645,89.89604187011719,89.89604187011719,5302400
2000-09-27,90.62591992078248,90.8823711526001,89.71847710050473,90.36946868896484,7186200
2000-09-28,90.3892189025879,92.3717847034849,90.20181218509018,91.53338623046875,7036400
2000-09-29,91.82926109088204,92.1448933524189,90.66536712646484,90.66536712646484,9333600
2000-10-02,91.07965271042504,91.47419311636146,90.35961646959105,90.80347442626953,5517800
2000-10-03,91.23747955288803,92.0068334345232,89.81713392525388,89.9552230834961,9347200
2000-10-04,90.19195424561502,91.05994330659645,89.48178137753932,90.7048568725586,6148900
2000-10-05,90.52727899274426,91.43472175449327,90.46809794306498,91.02045440673828,4566900
2000-10-06,90.82318386336476,91.3064957670686,88.2192176883074,89.0477523803711,10014900
2000-10-09,89.20554096698761,89.20554096698761,87.98246632303511,88.37700653076172,4508000
2000-10-10,88.43622438982298,89.16612407807268,86.91724395751953,86.91724395751953,6104700
2000-10-11,86.87780077884715,87.50906545298955,85.29963909349117,86.1873550415039,10346000
2000-10-12,86.66077956257853,86.85804971865086,83.82008931513684,84.0370864868164,12336900
2000-10-13,83.91874921522266,86.89752945299854,83.8792951723382,86.83834838867188,11778800
2000-10-16,86.73971932703205,87.26248543168666,86.28599780223747,87.23289489746094,5659000
2000-10-17,87.39069255694389,87.4696006314874,84.8459071529155,85.06290435791016,7831700
2000-10-18,83.72150143387152,85.93092842741385,82.16306632235508,84.74730682373047,10897300
2000-10-19,86.38463462463352,88.03184106244053,86.12818332293901,87.94306945800781,8767300
2000-10-20,87.3512244481233,89.12665583934532,87.3512244481233,88.3178482055664,7373500
2000-10-23,88.33758899161943,89.02803464028102,87.70632439855738,88.71240234375,5290000
2000-10-24,88.98857900987996,89.60011657345927,87.74577686454136,88.12059020996094,5750700
2000-10-25,87.58799388943217,88.10089655635227,85.93092373476723,86.04928588867188,9137600
2000-10-26,86.5621814492308,86.89754085776246,84.60920607013466,86.28600311279297,9345800
2000-10-27,87.03563137794787,87.92334747314453,86.24655040443973,87.92334747314453,9762900
2000-10-30,87.39069210202636,89.0674886773474,87.21314893522766,88.71240234375,10154100
2000-10-31,89.01821905334786,90.70488004593761,88.41654466417842,90.24129486083984,7752400
2000-11-01,89.79741193265554,90.42867669140882,89.1464201501912,89.93550109863281,6753600
2000-11-02,90.36946918934888,90.8429176199414,89.9650653215511,90.08342742919922,11395100
2000-11-03,90.56674589080711,90.74428906506485,89.87630021313814,90.13275146484375,5187100
2000-11-06,90.36949000682966,91.08952632755643,90.290581916887,90.76403045654297,4042500
2000-11-07,90.35960112364397,90.90209408967392,89.99465131013291,90.74427795410156,5231300
2000-11-08,90.94155809835839,90.94155809835839,88.73213195800781,88.73213195800781,6123300
2000-11-09,88.37704727251172,89.1464010322501,86.64106955823024,88.39677429199219,10635300
2000-11-10,87.74582090665743,88.04172632788041,86.18738568821634,86.24656677246094,8569500
2000-11-13,85.61529786535098,86.47342354672028,83.96809109766508,85.57584381103516,17285300
2000-11-14,86.7791748046875,88.14033940153303,86.48326945754718,87.82470703125,7668900
2000-11-15,87.78526632443064,88.44612170013141,86.95673122653714,88.10089874267578,8837700
2000-11-16,87.47946858861643,88.29813990362999,86.68052429324176,86.71997833251953,6684100
2000-11-17,86.6805013544291,87.74576013302244,85.69415063350932,86.2563705444336,6551100
2000-11-20,85.69417141164261,86.08871179567413,84.78672852837016,85.02345275878906,5458500
2000-11-21,85.14184134950928,85.97037641361479,84.2837157474,85.45747375488281,7684300
2000-11-22,84.80644995238434,85.14180925668548,83.40583168147965,83.41569519042969,5736900
2000-11-24,84.35272428262829,85.20098600951158,84.35272428262829,85.12207794189453,3411600
2000-11-27,86.14788233666975,86.28597145422337,85.41798271531486,85.8717041015625,5992000
2000-11-28,85.29966276435441,86.22683301179305,84.36262900364515,84.39221954345703,5336100
2000-11-29,84.82619328018653,85.7928173431468,84.12588401008267,84.23438262939453,6914100
2000-11-30,83.64255231518906,84.27381686096408,81.90657481430777,83.50446319580078,11201600
2000-12-01,84.07656451382836,84.62892110847575,82.69567302720988,83.46502685546875,7587200
2000-12-04,83.24800876199934,84.51053780483535,83.0112845664676,84.17517852783203,6996600
2000-12-05,85.1418447128791,87.27236353331259,84.84593932115223,86.93700408935547,8883400
2000-12-06,86.97645103677146,87.3315374778379,85.2404728804467,85.5462417602539,12888000
2000-12-07,85.14184394071167,85.7731087706706,84.37248992919922,84.37248992919922,6529100
2000-12-08,86.52273101486303,88.04171192871266,84.51057447963366,84.56975555419922,10276300
2000-12-11,86.71996021184758,88.1008512980235,86.3056928859948,87.50904083251953,6405600
2000-12-12,87.23290483968302,87.6274453409932,86.72000218797977,87.13426971435547,5022900
2000-12-13,87.90358052275067,88.00221559963884,85.87169793885406,85.94074249267578,6070500
2000-12-14,85.77309444155202,86.16763489436504,84.60920010575359,84.8459243774414,7678400
2000-12-15,84.29488218248787,84.29488218248787,82.67230463813013,82.9295425415039,9065300
2000-12-18,83.62208251018986,84.51252115499784,83.43410101850817,84.0376205444336,7235400
2000-12-19,83.87933263238871,85.46233489957227,82.32601165771484,82.32601165771484,9616600
2000-12-20,81.44547212808439,81.64334742479986,79.84268222468916,79.94161987304688,9994300
2000-12-21,79.78332303477599,81.59388207685981,79.48651007705733,80.49567413330078,14331500
2000-12-22,81.68293253095166,83.01859094806389,81.58399487042483,82.90975952148438,10182900
2000-12-26,82.85039984152478,83.80020141601562,82.4942242510907,83.80020141601562,4665300
2000-12-27,83.42423575571652,84.68074405042431,83.10763524051457,84.41361236572266,4854100
2000-12-28,84.09698390046914,84.76975977167288,83.95847122110365,84.67082214355469,8358700
2000-12-29,84.8884758442683,85.02698850881605,83.06802368164062,83.06802368164062,8774600
2001-01-02,83.58254511804039,83.68148278981838,80.77271523954566,81.56421661376953,8737500
2001-01-03,81.24759316974216,86.11532524956597,80.83205506536696,85.48212432861328,19431600
2001-01-04,85.44251828312498,85.77890615038137,84.21569194371929,84.56197357177734,9219000
2001-01-05,84.5125347943945,84.61147243756284,81.80164337158203,81.80164337158203,12911400
2001-01-08,82.23696968272736,82.43484497070312,80.85184266689701,82.43484497070312,6625300
2001-01-09,82.97899816813738,83.265917322409,81.95004671833576,82.21717834472656,5702400
2001-01-10,81.6828843101422,83.66163635253906,81.56415918759839,83.66163635253906,8746100
2001-01-11,83.00869839853961,84.52244462678472,83.00869839853961,83.74083709716797,7245100
2001-01-12,84.01783748467764,84.67082585891089,83.1273987925414,83.58251190185547,7244000
2001-01-16,83.58251987583805,84.33444595426651,83.27581318595274,84.11678314208984,8542200
2001-01-17,85.38316936379029,85.51178827476703,83.98814886781179,84.50262451171875,7851400
2001-01-18,84.49271115630955,85.92730636915087,84.1761108334756,85.34357452392578,8107000
2001-01-19,86.23402805957704,86.23402805957704,84.76975130959799,84.85879516601562,7782500
2001-01-22,85.00727505978816,85.97686455651294,84.5719491632995,85.42281341552734,7050900
2001-01-23,85.14574146906389,86.53086856709653,84.94786616934493,86.09554290771484,8463100
2001-01-24,86.2736254586308,86.94640143697792,86.01638758455691,86.35277557373047,6199900
2001-01-25,86.2735834347361,86.90678404710113,85.89762057114436,86.13507080078125,10818300
2001-01-26,85.58105023058599,86.19446353859712,85.13583089412629,86.03616333007812,7136800
2001-01-29,85.79872203179146,86.68519942788494,85.71640282291172,86.49524688720703,6705900
2001-01-30,86.30532515681787,87.33110800502685,85.982386362468,87.255126953125,7069100
2001-01-31,87.00179444952113,87.8249575013186,86.49524149014887,86.76118469238281,9706900
2001-02-01,86.81185405801736,87.35006906806878,86.27362938608623,87.33740234375,8239100
2001-02-02,87.0017927897027,87.37538863364809,85.32381440456822,85.35547637939453,8276600
2001-02-05,85.35549802396167,86.07734678840936,85.32383604110647,85.98236083984375,4352900
2001-02-06,85.6721096795563,86.5585873435992,85.62145243277072,85.72909545898438,7106700
2001-02-07,85.30483815225884,85.73541018778913,84.64630371195561,85.28584289550781,5748700
2001-02-08,85.35550027765949,85.73541509631114,84.27906046532512,84.29171752929688,5943300
2001-02-09,84.43732524467121,84.43732524467121,83.11392831271318,83.48118591308594,9913000
2001-02-12,83.39254501629017,84.53230841037868,83.39254501629017,84.43733215332031,5804400
2001-02-13,84.65894201308888,84.95654715144195,83.58250262379423,83.74713134765625,6587600
2001-02-14,83.99408482179135,83.99408482179135,82.73402137489013,83.62049865722656,8400100
2001-02-15,84.11440692888632,84.54498857372339,83.57619195018894,84.4310073852539,5929800
2001-02-16,82.94932139340834,83.13294541091491,81.8728817504499,82.56939697265625,6434900
2001-02-20,82.97465543403906,83.03797939928371,81.11305259554162,81.29667663574219,5760000
2001-02-21,80.98639128544477,81.58159681119659,79.4667082491536,79.54269409179688,10910800
2001-02-22,80.00494639699222,80.1252561344167,77.89638588086382,79.66301727294922,21281600
2001-02-23,79.2007569530426,79.49202874033558,77.1238591090831,79.12477111816406,20173000
2001-02-26,79.65668693362164,80.80911254882812,78.83352370949979,80.80911254882812,11503700
2001-02-27,80.2898728674484,80.94839752609938,79.47304315913753,80.06192016601562,11415000
2001-02-28,80.25821689504379,80.31520265919515,78.05467556000428,78.4852523803711,14825800
2001-03-01,78.54853973379039,78.89679718017578,77.09217635890631,78.89679718017578,14672000
2001-03-02,77.56709003500225,79.56167331637567,77.44045182038163,78.26994323730469,12564300
2001-03-05,78.61191022556618,79.01082514235516,78.39661935948443,78.9854965209961,5293200
2001-03-06,80.00493123035278,80.89141343971562,79.460378080213,79.83396911621094,6917000
2001-03-07,80.35321238663076,80.44186014514261,79.63136359249683,80.40386962890625,6371700
2001-03-08,80.1632103366473,80.56845841173477,79.87193858461183,80.49247741699219,6055000
2001-03-09,79.84667193502618,79.84667193502618,77.9534016621972,78.11170196533203,10020300
2001-03-12,77.46582004108903,77.56713453566076,74.55942931897188,74.76838684082031,13972900
2001-03-13,75.60418369508669,76.26271316959047,74.42009634704539,75.99676513671875,12888000
2001-03-14,74.11615896003354,75.53452746420066,73.2929959500334,74.49607849121094,19883400
2001-03-15,75.00266124690683,75.26227599212812,74.3124744322385,74.51509857177734,10370300
2001-03-16,74.36653591149546,74.53796323920879,72.8935542273371,73.02053833007812,58514600
2001-03-19,73.49671974400478,74.72208851489005,72.89990655534044,74.50621795654297,10067800
2001-03-20,74.85537159503143,75.21091718280348,72.44907877734188,72.50621795654297,15083900
2001-03-21,72.49355427162706,73.17925379119056,71.04596962629132,71.2745361328125,19004600
2001-03-22,71.12212375490657,71.49037016842668,68.59520215911348,70.55071258544922,28624800
2001-03-23,71.90306960496092,72.79828895560021,70.79198464417786,72.68400573730469,12861700
2001-03-26,73.45859629906654,73.82049239739932,72.8681337340029,73.61097717285156,9943800
2001-03-27,73.40779163631372,75.33155494512826,73.1919212004628,75.11568450927734,12880700
2001-03-28,74.22049125155782,74.25223363615744,72.95067961284492,73.03956604003906,10953300
2001-03-29,72.82373124635453,73.96656421907883,71.1983731019905,73.31896209716797,12060300
2001-03-30,73.36338865444345,74.0871810913086,72.69673543125006,74.0871810913086,9183600
2001-04-02,73.83952359857886,74.52521796871851,72.25225959038883,72.50621795654297,10561000
2001-04-03,72.366556182822,72.474488992803,69.87772207606908,70.08724212646484,12836000
2001-04-04,70.20152252948385,71.17292746817736,69.39519442785894,70.3792953491211,14884300
2001-04-05,71.93485109440691,73.32529192809004,71.42692436136896,73.04593658447266,21522800
2001-04-06,72.3729344514655,72.63324823968195,71.14756566301506,71.93485260009766,14937800
2001-04-09,72.3792793471966,73.00783489048521,71.60469330195806,72.73482513427734,9034300
2001-04-10,73.29987765991613,74.7601630368561,73.12210479885154,74.061767578125,17873600
2001-04-11,75.41411820966356,75.54744786064097,73.73796710602262,74.11256408691406,12722300
2001-04-12,73.83957256154065,75.51572407812844,73.62370199443163,75.45858001708984,9233200
2001-04-16,75.10300352008267,75.48394601027792,74.2268353082389,74.6649169921875,7350000
2001-04-17,74.48078776279722,75.97282006592468,74.29666452445498,75.71885681152344,10924700
2001-04-18,76.86167035914671,79.99810557211599,76.6267583873536,78.7282943725586,32481600
2001-04-19,78.88705548303295,79.89655350576935,78.46166970655715,79.77592468261719,13809900
2001-04-20,79.29973966968676,79.61719258682405,78.51245779149144,79.0457763671875,7626700
2001-04-23,78.50611286349884,78.65848891806885,77.40137799095824,77.61089324951172,8451800
2001-04-24,77.78866460469177,78.50611133370897,76.88709943712846,77.19185638427734,10044700
2001-04-25,77.09026970604903,78.51880791601725,76.79186317160186,78.20135498046875,8249000
2001-04-26,78.55691041296696,79.50291886301115,78.41087992226059,78.5505599975586,10590400
2001-04-27,79.31243246026392,79.89654464172071,78.85529950296836,79.85845184326172,7938700
2001-04-30,80.28383318835515,80.80445572930084,79.15370168561546,80.41716766357422,10766900
2001-05-01,79.40766411265064,80.72826927101879,79.10925762702502,80.66477966308594,10578000
2001-05-02,80.89333466138827,81.07110747598225,79.99811533139528,80.51873779296875,9572900
2001-05-03,80.08067134963014,80.09337217896032,78.86800372174125,79.4965591430664,9926200
2001-05-04,78.50610080290063,80.85525025542476,78.37277117014138,80.8488998413086,12145300
2001-05-07,80.5441637307765,80.87431267100264,80.14417475328082,80.15052032470703,7185200
2001-05-08,80.54417063463072,80.69654670903081,79.71879094739636,80.11243438720703,6952600
2001-05-09,79.52196136217205,80.34734094263186,79.40132769507244,79.77592468261719,9507400
2001-05-10,80.7981204883172,80.95049653725857,79.85210727643583,80.01083374023438,6872400
2001-05-11,79.99811920034193,80.30922164092722,78.9822710364284,79.45845031738281,7734400
2001-05-14,79.29975740006799,79.64260720850663,79.02039722046284,79.6172103881836,7914000
2001-05-15,79.71242579579338,80.31558437327081,79.26798882569965,79.98543548583984,9782200
2001-05-16,79.26162336845904,82.02981254181171,79.12194818671215,81.87108612060547,14909000
2001-05-17,81.90287588312535,82.58857554143867,81.62351568663877,81.99810791015625,11824600
2001-05-18,81.96000127025862,82.37269592285156,81.33145062211592,82.37269592285156,6683100
2001-05-21,82.43617953974369,83.70599133679913,81.99809291969635,83.58535766601562,11531500
2001-05-22,83.69966086008982,83.86473293583434,83.21713577783109,83.4774398803711,8342700
2001-05-23,83.2044015157395,83.2044015157395,82.06156921386719,82.06156921386719,12330800
2001-05-24,82.2012615543539,82.5377608813772,81.61714933220227,82.30284881591797,7902800
2001-05-25,82.31554011017566,82.34728734046006,81.2044597094308,81.3314437866211,7425000
2001-05-29,81.40762248602584,81.49016334018731,80.56954702342347,80.68383026123047,9003900
2001-05-30,80.37272757510462,80.69018049358239,79.36322961943996,79.55370330810547,10041800
2001-05-31,79.63622839970584,80.48065420957748,79.52829558477542,79.96637725830078,9874200
2001-06-01,80.1251123633666,80.69652856885052,79.43941776073285,80.46161651611328,8848300
2001-06-04,80.5060549821829,80.90604388046067,80.04892204475304,80.8488998413086,5623500
2001-06-05,80.94413380978891,82.04886847347764,80.8044537678617,81.77586364746094,9115400
2001-06-06,81.79492257225968,81.79492257225968,80.86161018912226,81.09652709960938,12064900
2001-06-07,80.6647729367143,81.49015230285535,80.63302571342187,81.38856506347656,7355300
2001-06-08,81.07746585916753,81.18540352275531,80.08701439620836,80.6330337524414,8170600
2001-06-11,80.44890022322527,80.62667304321607,79.62352572413279,80.06160736083984,7012200
2001-06-12,79.2743569882605,80.4679784256774,78.75373430509536,79.92195892333984,9364400
2001-06-13,80.10607745652729,80.3663912045739,79.14102260521392,79.23625946044922,7629400
2001-06-14,78.84261402307358,78.91880447409005,77.29979250860995,77.4585189819336,12603000
2001-06-15,76.98481491564456,77.93351400002769,76.6600905845296,77.58332061767578,16821100
2001-06-18,77.4559893257395,77.95899221692642,76.9848239667731,77.20767211914062,11368300
2001-06-19,77.9207854852041,78.24550985149021,76.97208629806669,77.54512786865234,7732300
2001-06-20,77.16307002428339,78.22637708802452,77.10576346194178,77.95259094238281,8787200
2001-06-21,77.81887856119911,79.14960323463424,77.77430895150806,78.83761596679688,12259100
2001-06-22,78.62750383214198,78.69117401226328,77.78068120685435,78.22000885009766,12212000
2001-06-25,78.49377165620535,78.59564780028494,77.3604262707906,77.50050354003906,8406800
2001-06-26,76.97842474306783,77.92712356007291,76.76830877287506,77.39228820800781,8005800
2001-06-27,77.42413483217646,77.83162989515705,76.98480710167435,77.34773254394531,10105100
2001-06-28,77.67879955866312,78.91402136841158,77.63422994994657,77.77430725097656,10269300
2001-06-29,78.18820494497682,78.95862558055373,77.84438001660176,78.06085968017578,9824200
2001-07-02,78.18818853252772,79.15598805323941,78.07358024712674,79.0350112915039,8522200
2001-07-03,78.93950500579885,79.01590728759766,78.34736303323845,79.01590728759766,3303100
2001-07-05,78.36008815129561,78.72938200619167,77.46232741601904,77.47505950927734,5517900
2001-07-06,77.23947886935487,77.35408714606666,75.8005142211914,75.8005142211914,11665900
2001-07-09,76.08065426871826,76.74920327357273,75.89600735444681,76.21436309814453,8339300
2001-07-10,76.59005517251481,76.81290330818034,75.26569359809531,75.29753112792969,8630700
2001-07-11,75.1956457685323,75.69864856081284,74.55256563438574,75.3739242553711,15328600
2001-07-12,76.08705674723267,77.34137971519715,75.96607995609132,77.16310119628906,12002800
2001-07-13,76.94019194448751,77.88252681548957,76.80011953754608,77.83158874511719,10433800
2001-07-16,77.53237279308449,77.85709708348088,76.59004230410467,76.85746002197266,6915300
2001-07-17,76.5327282355751,77.64697347528111,76.29714806526617,77.57693481445312,7469800
2001-07-18,76.76196922130951,77.44961909683383,76.44361333720292,77.04849243164062,7709300
2001-07-19,77.79340443115727,78.30277552950486,76.88927534642698,77.7233657836914,10082900
2001-07-20,77.13761116832458,77.64061391431754,76.99116536319792,77.25858306884766,6705800
2001-07-23,77.5514320938151,77.60236530188168,75.73680114746094,75.73680114746094,8065200
2001-07-24,75.7686830460739,75.89602342743142,74.3360818960431,75.00463104248047,12269000
2001-07-25,75.08100157618058,76.07427459006233,74.78811493674178,75.83232116699219,12088500
2001-07-26,75.80686127712768,76.94657531939055,75.4885055622293,76.62821960449219,12898200
2001-07-27,76.93388716371402,77.26497515888857,76.34811347962994,76.92115020751953,8478800
2001-07-30,77.16310165623314,77.26497301433415,76.59642856444381,76.94661712646484,8547700
2001-07-31,77.04209791188467,78.11177351521813,76.91475754437597,77.26494598388672,11918100
2001-08-01,77.65970873281172,78.12450544519594,77.39229104696956,77.74884796142578,11940800
2001-08-02,78.46194726151103,78.47467935199988,77.60875146708416,78.06718444824219,11070100
2001-08-03,77.90804274383215,77.90804274383215,76.9784442597551,77.640625,10816300
2001-08-06,77.26492618581422,77.36680233989574,76.46903694851139,76.59638214111328,8550100
2001-08-07,76.57730458960239,77.16944659197748,76.3480928749411,76.89566040039062,8865100
2001-08-08,76.48178757423672,77.14396812102028,75.40574357849803,75.46941375732422,15183800
2001-08-09,75.577652478831,75.74956730272734,75.04281715498284,75.6922607421875,14118500
2001-08-10,75.64135125289158,76.30352714040185,74.71174790408449,75.95333862304688,11173300
2001-08-13,76.1507058376387,76.30988373648732,75.64770309435015,75.97242736816406,7431600
2001-08-14,76.49454611208562,76.6282549911625,75.64135473386398,75.94060516357422,13178100
2001-08-15,75.91513811955086,76.15708681674175,75.18291869309125,75.2847900390625,8520600
2001-08-16,75.0046107532039,75.60948468761568,74.49523965011397,75.54581451416016,10734700
2001-08-17,74.90910851797318,75.04918582440749,73.86490205256517,74.33606719970703,11604600
2001-08-20,74.36790013460606,75.06828176589255,74.20872227032628,75.02371215820312,10417400
2001-08-21,75.00463345064479,75.47579870606424,73.73121016528731,73.74394226074219,14480800
2001-08-22,74.33608559630645,74.7690497152877,73.71847451475861,74.50799560546875,11752300
2001-08-23,74.46977897533385,74.8263358729197,74.17052378297856,74.24056243896484,8744100
2001-08-24,74.6289713237596,75.85145651624411,74.3297160733888,75.78141784667969,11687700
2001-08-27,75.74957767890324,75.89601862242071,75.29751303866304,75.329345703125,7425100
2001-08-28,75.3102366030797,75.44394543721299,74.22782897949219,74.22782897949219,12046600
2001-08-29,74.5780044746505,74.60984198771449,73.33005071455727,73.56563568115234,16180000
2001-08-30,73.12630544950125,73.69297822339742,71.33714791783284,72.15213775634766,17692600
2001-08-31,72.20307708456224,73.07536863412794,72.03116227825414,72.68061065673828,15985400
2001-09-04,72.4896447553413,73.96681608572595,72.18402578090367,72.21585845947266,24473400
2001-09-05,72.39411926269531,72.70611149720385,71.27987377360012,72.39411926269531,21477100
2001-09-06,71.72554696022343,72.13941038088157,70.52852630615234,70.52852630615234,21653000
2001-09-07,70.05101169768571,70.8341691433661,69.16598291678204,69.2232894897461,33133900
2001-09-10,68.57380811057419,70.26109410200908,68.57380811057419,70.07008361816406,23408700
2001-09-17,64.30789148558132,67.74613616031591,63.67117968869438,66.40904235839844,32388700
2001-09-18,66.428079992711,67.04569062772505,65.81046935769696,66.24980163574219,22029200
2001-09-19,66.28170462287032,66.53639034213664,62.754320284006006,64.91277313232422,42771800
2001-09-20,63.92585200535453,64.82361292513134,62.75430001816041,62.84980773925781,36210900
2001-09-21,60.254412699156035,63.264576385229205,59.94764709631938,62.171714782714844,49782100
2001-09-24,63.73109852656357,64.65140474746542,63.309289883333705,64.35741424560547,25549600
2001-09-25,64.38940264727619,65.18827861064189,63.84616796737788,65.02850341796875,25466200
2001-09-26,65.41195219196041,65.44390917564186,64.18488008343022,64.79841613769531,18587500
2001-09-27,64.70894403491663,65.37360932913016,63.91006818263371,65.36082458496094,20536800
2001-09-28,65.81459419927735,70.05822258408588,65.50782370868629,66.7476806640625,21687200
2001-10-01,66.40254350191353,66.67096454401687,65.71870615601222,66.63900756835938,20457400
2001-10-02,66.46645443875681,67.47623443603516,66.24277023073945,67.47623443603516,19833100
2001-10-03,66.84991820724017,68.94616728290427,66.69014306579076,68.6074447631836,32045800
2001-10-04,69.20824338448293,69.64283223132243,68.22402732323012,68.66500854492188,32674100
2001-10-05,68.54353395493129,68.78000291366101,67.43788785853853,68.53075408935547,29796100
2001-10-08,67.91720653173832,68.57548412840627,67.66157023798544,68.0833740234375,12970300
2001-10-09,68.13454803415505,68.22402177099158,67.48905475330318,67.71913146972656,15976300
2001-10-10,67.61683997908034,69.37436648738776,67.43788772970902,69.22737121582031,19987400
2001-10-11,69.63002109385879,70.49281096166656,69.63002109385879,70.30107879638672,23006300
2001-10-12,69.75783735275647,70.23077047140588,68.57550211815742,69.98152160644531,31360500
2001-10-15,69.42550519801634,69.9495675612196,69.06121800500858,69.85370635986328,16873000
2001-10-16,70.17325954514506,70.690929557261,69.63002004369585,70.29468536376953,15877100
2001-10-17,70.98487042453621,71.03599961897888,68.79914855957031,68.79914855957031,28542300
2001-10-18,68.90784005700044,69.12513683925553,68.22400247546939,68.6521987915039,16510000
2001-10-19,68.38376054034451,68.96534439567651,67.75105234547097,68.6074447631836,21912500
2001-10-22,68.57552413214671,70.02628093689167,68.51800251933207,69.96237182617188,17540600
2001-10-23,70.27550679657529,70.4800188092686,69.26572660067345,69.60445404052734,22062500
2001-10-24,69.6491974339621,69.94957067148657,69.1634795297042,69.41912078857422,16065200
2001-10-25,68.6713785187693,70.68454699956999,68.21761753912696,70.66537475585938,27467900
2001-10-26,70.26912332072324,71.44507119954532,70.09017589645613,70.5055923461914,18623300
2001-10-29,70.40333090657194,70.65257977340204,68.6713638305664,68.6713638305664,18727500
2001-10-30,68.607457961478,68.83114222734814,67.46346714351209,67.84693145751953,26178600
2001-10-31,68.31986926646128,68.93340538443053,67.61685943603516,67.61685943603516,28124200
2001-11-01,68.12815376813631,69.66838925053943,67.552961993049,69.34883880615234,29806800
2001-11-02,69.30408442677243,69.9048357947705,68.93979720725972,69.8217544555664,17575900
2001-11-05,70.37774677019641,70.99767014138382,70.26909598263185,70.73564147949219,15929500
2001-11-06,70.52474187722471,71.8860291145128,70.20519161509326,71.83489990234375,23245800
2001-11-07,71.43228894170842,72.29507885810573,71.34920759924908,71.73905944824219,19716000
2001-11-08,72.13529030941416,72.908601491381,71.51536191432936,71.96273040771484,22563500
2001-11-09,71.73905821176524,72.19281915297934,71.22138817161071,72.03943634033203,15895800
2001-11-12,70.94017677476894,71.99469389120577,70.30107608310436,71.59844970703125,26068800
2001-11-13,72.49956712374232,73.20896911621094,72.33339961737529,73.20896911621094,15296200
2001-11-14,73.60521943145191,73.7522147238564,72.67213308352397,73.27928161621094,17571300
2001-11-15,73.09394758020008,73.61161757815512,72.8127417166436,73.41349792480469,19470200
2001-11-16,73.54770820628327,73.56048807460056,72.4740188574342,73.08755493164062,18134900
2001-11-19,73.44548128371193,74.0398453726081,73.14510305182469,73.98871612548828,13625400
2001-11-20,73.73305401084545,74.0078675236426,73.26650832597522,73.36876678466797,16209700
2001-11-21,73.1770271064946,73.28567305074758,72.54431880507596,72.88304138183594,11470200
2001-11-23,72.88303534561949,73.97589682154069,72.85747073568587,73.93115997314453,6717100
2001-11-26,73.97590406482267,74.35297112737467,73.54131540530014,74.0909423828125,13726000
2001-11-27,73.89285408144929,74.71090252268938,72.91502552570262,73.77142333984375,19261400
2001-11-28,73.33039542788404,73.60520885824586,72.37813697772572,72.43565368652344,20195500
2001-11-29,72.64018667597568,73.44545003369436,72.21837788064099,73.41349792480469,16354700
2001-11-30,73.1131114254067,73.43905410474292,72.87025007078526,72.8894271850586,13680300
2001-12-03,72.63378901356234,72.90860248494442,72.22476499233566,72.45484161376953,15220400
2001-12-04,72.80636070580182,73.68832291514816,72.44207345114418,73.68193054199219,17239900
2001-12-05,73.88642011737653,75.41387014809668,73.85446313727253,75.03041076660156,25204000
2001-12-06,74.99205780029297,75.37552203925378,74.73002910468347,74.99205780029297,17972900
2001-12-07,74.71086517170286,74.83229097664939,73.94394148449149,74.49356842041016,18857800
2001-12-10,74.03979749419516,74.38491237515268,73.0811466724077,73.1003189086914,13862700
2001-12-11,73.43268713893113,73.95674963017909,72.79358630199692,72.95336151123047,20833300
2001-12-12,73.20898263842525,73.3559730598634,72.28867612665182,73.03642272949219,16171500
2001-12-13,72.50591788392293,72.66569293864815,71.60478911076555,71.61756896972656,19026700
2001-12-14,71.79016748199605,72.53152160030452,71.57926312577239,72.30144500732422,16721900
2001-12-17,72.21197684723946,73.08754644178106,72.15446013256592,73.04920196533203,13925900
2001-12-18,73.26012124923193,73.59245638805591,73.07478143641701,73.48381042480469,13663700
2001-12-19,72.91501336539488,74.0845690867823,72.85749662956559,74.0014877319336,20143400
2001-12-20,73.8160843139584,74.00781635346489,73.20894098210171,73.2728500366211,14867900
2001-12-21,73.7686131316937,73.79426567532374,73.23633385999565,73.7173080444336,14037700
2001-12-24,73.64036946459433,73.77504167500275,73.49928289386453,73.57624053955078,5728800
2001-12-26,73.52490308142916,74.52532757141037,73.52490308142916,73.980224609375,10304800
2001-12-27,73.94175461166573,74.44196689969385,73.9096877141371,74.42913818359375,9407300
2001-12-28,74.57662509503054,74.87162190470202,74.33934281883532,74.3906478881836,10593800
2001-12-31,74.48687046717482,74.6407808378692,73.25557771617493,73.30046844482422,14619500
2002-01-02,73.81992714381444,74.23035810607163,72.98623649957281,74.08927154541016,18651900
2002-01-03,74.16620953762305,74.99989506828317,74.0956662759805,74.92935180664062,15743000
2002-01-04,75.14097803859858,75.66043338547004,74.7433759202009,75.4295654296875,20140700
2002-01-07,75.48089556516369,75.66687287515757,74.74981504600069,74.8973159790039,13106500
2002-01-08,74.89731271508165,75.07046129671745,74.37144771732434,74.72415924072266,12683700
2002-01-09,74.82676381604642,75.53219170262331,73.96742065431896,74.11492156982422,16610300
2002-01-10,74.19187227175426,74.61512700704432,73.94176608891868,74.44197845458984,12823400
2002-01-11,74.52536996885378,74.57026071143687,73.5570069300198,73.71092224121094,13708400
2002-01-14,73.52494246225157,73.64678596365036,73.08244451957378,73.24918365478516,12301100
2002-01-15,73.46080263205378,73.99949144519637,73.04395730223263,73.8455810546875,20219900
2002-01-16,73.30046576639111,73.36459467744359,72.2679741524626,72.3513412475586,17067000
2002-01-17,72.95415803894709,73.26197874488352,72.72329006313382,72.89643859863281,17283400
2002-01-18,72.46678482619646,73.01188798130026,72.25515498829124,72.56298065185547,17028000
2002-01-22,72.94776556922295,73.0631995917667,71.83831608073451,72.06277465820312,11689300
2002-01-23,72.22950501374149,72.81950381552022,71.83831223012952,72.61428833007812,12438900
2002-01-24,72.87722149337706,73.26841429371542,72.67200599916049,72.8387451171875,12142800
2002-01-25,72.543722215534,73.22349737971992,72.49241713714068,72.8194808959961,12810700
2002-01-28,73.0439401998905,73.22991745404252,72.41546517231744,73.0182876586914,10589200
2002-01-29,73.01189528022933,73.19145822995799,70.57496184534655,70.72245788574219,27720800
2002-01-30,70.7930017183105,72.71689886777318,69.5168179791295,71.74212646484375,34711800
2002-01-31,71.92165454902737,72.6591490773358,71.58176700023229,72.58219146728516,19909200
2002-02-01,72.52447771046455,72.6591547617698,71.93448399874853,72.2423095703125,15838500
2002-02-04,71.97301153955873,71.97301153955873,70.18378618018673,70.44671630859375,24243400
2002-02-05,70.15808283257726,70.85709610766253,69.60015116979906,70.01058197021484,33614000
2002-02-06,70.31844266800012,70.37615723469621,69.29877462185745,69.7092056274414,29486000
2002-02-07,69.72202930908766,70.45310979073756,69.26029323799862,69.27311706542969,23445400
2002-02-08,69.66429023161571,71.02384551435385,69.45266533591058,70.6005859375,19277800
2002-02-11,70.57492664557304,71.59458926984927,70.42742578602115,71.4663314819336,18792400
2002-02-12,71.15853048138413,71.63950469102168,70.56212226572465,71.24189758300781,13942500
2002-02-13,71.49197457117917,72.17174956420516,71.4086026166018,71.99859619140625,16781100
2002-02-14,72.1525017750561,72.44749852315631,71.56250338613594,71.8639144897461,20453800
2002-02-15,71.92167787461318,71.9793924313283,70.99820582539009,71.11363983154297,18366800
2002-02-19,70.63907042953316,70.72885187854335,69.65146959769909,69.74766540527344,15988100
2002-02-20,69.93364577714804,70.9212417602539,69.14484599116665,70.9212417602539,29242800
2002-02-21,70.49800583047103,70.94691321518397,69.42703757499619,69.45269012451172,26288600
2002-02-22,69.48470538370579,70.50437274671106,69.17688478210738,70.31198120117188,26572900
2002-02-25,70.37615000188418,71.70363871942224,70.35049745508115,71.47277069091797,17458700
2002-02-26,71.56896345154749,71.85113656156682,70.90842630102297,71.32527160644531,22346500
2002-02-27,71.79985250210133,72.37702271769786,70.95975217828676,71.6010513305664,28597900
2002-02-28,71.71644838457527,72.30644212611833,71.20340737027244,71.28036499023438,23755400
2002-03-01,71.64591592349475,73.01188085786838,71.51124373780067,72.94133758544922,26273600
2002-03-04,73.0439372016836,74.38424939844812,72.88361249531148,74.23033905029297,27184600
2002-03-05,73.96100287119525,74.64719249440363,73.7301348771511,73.9930648803711,22718900
2002-03-06,73.81351399558798,75.12817890399756,73.79427580840435,74.87165832519531,20143200
2002-03-07,75.26287482245505,75.35265631941766,74.11494866246207,74.71135711669922,19330800
2002-03-08,75.27571058533236,75.60918896352993,74.6985451255815,75.02560424804688,19930100
2002-03-11,74.96142892921011,75.60914219594571,74.66643201879648,75.18588256835938,15621800
2002-03-12,74.45479402143806,75.19228866277295,74.35218875169994,75.14098358154297,17153600
2002-03-13,74.79468478221311,74.87164240730934,74.15980027651587,74.41632080078125,17175300
2002-03-14,74.41632324389417,74.66642941776543,74.15338835239135,74.31371307373047,11168100
2002-03-15,74.58447977984767,75.21475028735479,74.53946045788287,75.02181243896484,21220100
2002-03-18,75.31123193065886,75.60707393057372,74.66809586821644,75.03468322753906,17548900
2002-03-19,75.43984945015264,75.72282593364314,75.13114203292724,75.53631591796875,17912000
2002-03-20,74.92534295698097,74.97679501388191,74.08283637886557,74.114990234375,17114500
2002-03-21,74.15359612615926,74.53947681435244,73.39469531312571,74.14716339111328,25846800
2002-03-22,74.28217760453062,74.56515889889397,73.7676670523675,73.98633575439453,15235400
2002-03-25,74.01851170585878,74.19216115444429,72.86730271099492,73.0666732788086,17499600
2002-03-26,73.00880547285995,73.97350959061662,72.97665161297805,73.49115753173828,19947600
2002-03-27,73.3367652659344,73.96704042963384,73.16312078073648,73.6840591430664,19020300
2002-03-28,73.94134590360122,74.45585175398134,73.63907120179955,73.65193176269531,17532900
2002-04-01,73.46539535379966,74.0249202891211,72.99590411987971,73.6840591430664,17711000
2002-04-02,73.30460327301327,73.9284407295325,73.16954046908884,73.27887725830078,15669500
2002-04-03,73.32391898910245,73.45254419527915,72.1341186583882,72.76438903808594,25658500
2002-04-04,72.41711598911564,72.9316267757575,72.17915879835304,72.4621353149414,23549000
2002-04-05,72.79655881559607,73.07953529337951,72.14699014055306,72.47499084472656,19404900
2002-04-08,71.59389188059788,72.69365373745448,71.53601200184963,72.62934112548828,16470100
2002-04-09,72.79011584139963,72.79011584139963,71.9861960273299,72.12125396728516,15122700
2002-04-10,72.09557560469273,73.02169341288622,72.08914286804128,72.9380874633789,17199300
2002-04-11,72.60363518413108,72.70653931713419,71.06654027125572,71.12442016601562,25453700
2002-04-12,71.40096297931655,71.80614183605086,70.77069239043453,71.65821838378906,14950600
2002-04-15,71.78682105410326,71.94117227499424,70.87356447255088,71.11152648925781,17394900
2002-04-16,71.83830482389351,72.88018713637406,71.81901152478561,72.80300903320312,15040900
2002-04-17,72.92519217571736,73.10526947441302,72.41711413626123,72.64864349365234,12920100
2002-04-18,72.61004472944984,72.97019926645889,71.48455689455896,72.33349609375,25204800
2002-04-19,72.80297888129267,72.82870490502836,72.39137231499639,72.59717559814453,10499200
2002-04-22,72.27561790537014,72.30777666628201,71.28518793148803,71.38809204101562,13922900
2002-04-23,71.44595581204649,71.69678329577582,70.85427203589705,71.0793685913086,16967000
2002-04-24,71.10512689458983,71.90904703370826,70.35909155699228,70.36552429199219,18902700
2002-04-25,70.23687416604308,70.57773542308638,69.92173893494954,70.40409088134766,25451500
2002-04-26,70.60988753821718,70.75137821425852,69.00204786817872,69.06636047363281,19769800
2002-04-29,69.41364951856991,69.6258855176114,68.57757098662665,68.72549438476562,17724400
2002-04-30,68.8284382388833,69.8703207140045,68.58404823413441,69.3686752319336,19473500
2002-05-01,69.43940388733063,70.26261729110934,68.68693584544593,70.21759796142578,24575600
2002-05-02,70.1661125401969,70.68705585801015,69.31717350779141,69.94744873046875,15666800
2002-05-03,69.84457234062168,69.94747646133975,68.94418091129278,69.1885757446289,18185500
2002-05-06,69.22715445602903,69.45225106105265,67.7286464891406,67.83155059814453,23630400
2002-05-07,68.23671805374532,68.37820873691682,67.46495693593032,67.59358215332031,21910000
2002-05-08,68.84772255077141,70.33336539498626,68.68050578825391,70.10826873779297,27917400
2002-05-09,69.87671297145607,70.16612214907914,69.18855778963614,69.29788970947266,18085600
2002-05-10,69.4394117008568,69.49086377106723,67.91517724136403,67.99235534667969,18958900
2002-05-13,68.3138859758131,69.42650817042396,68.03733738345987,69.37506103515625,14677700
2002-05-14,70.50059386059617,70.9829460232547,70.10184763970541,70.886474609375,34201200
2002-05-15,70.423421837969,71.33024633741933,70.28836380955435,70.60993194580078,29535300
2002-05-16,70.55199894210327,71.05364901367795,70.31404182412165,70.97647094726562,28092000
2002-05-17,71.16943260733119,71.54888049472048,70.80927310825885,71.32378387451172,27823700
2002-05-20,71.15654353754381,71.18870228979475,70.41693639640259,70.55199432373047,13833800
2002-05-21,70.81571399643076,71.05367611190262,69.66449982710293,69.90888977050781,16877200
2002-05-22,69.60021164461864,70.17903529990491,69.45872087257749,70.06327056884766,15844200
2002-05-23,70.26901816666202,70.976466558114,69.76737303284582,70.80924987792969,13879800
2002-05-24,70.73208883657772,70.87357461370955,69.85099088222412,69.9024429321289,11877000
2002-05-28,70.13393860752345,70.1853857260121,69.1049177299874,69.52295684814453,24236900
2002-05-29,69.21427187371872,69.47152225090268,68.89913182021644,69.00846862792969,14773300
2002-05-30,68.52613492421784,69.14354482478578,68.10809559068832,68.81554412841797,18217900
2002-05-31,69.07281883364696,69.81885416583599,68.7190920123036,68.9570541381836,19826300
2002-06-03,68.87342536416759,69.20142606700081,66.96974357320744,67.12409973144531,26056300
2002-06-04,66.98260306652092,67.65789279832518,66.59672251881315,67.29130554199219,25856200
2002-06-05,67.49711301945341,67.9601716681536,67.11123244778247,67.92158508300781,19695900
2002-06-06,67.87654956423437,67.91513614017046,66.33945547078439,66.53882598876953,22998500
2002-06-07,65.45837184743971,66.83468229626038,65.4197852631651,66.46166229248047,24011600
2002-06-10,66.3973422994561,67.18196880403691,66.2558516305334,66.71891021728516,18759900
2002-06-11,66.96979307424361,67.23348135941973,65.42626960486476,65.57418823242188,19990700
2002-06-12,65.41333241008512,66.12078070903269,64.8152160041119,65.97286224365234,31266000
2002-06-13,65.68347043064915,66.24300045333102,65.17539245972284,65.31045532226562,21043900
2002-06-14,64.51297603651764,65.31689610439066,63.34890134839389,65.21399688720703,39267500
2002-06-17,65.54841581611868,67.10480366052708,65.50339649522218,66.96331787109375,17647200
2002-06-18,66.71891235646518,67.54855819987316,66.64816701973555,67.50997161865234,21628500
2002-06-19,66.56454793938248,67.16266436351304,65.75419554710385,65.93427276611328,21540700
2002-06-20,65.7670839592752,66.27516195119793,64.9310052572782,65.09178924560547,25691000
2002-06-21,64.84200160578764,65.13887889265574,63.686758838506094,64.07398986816406,31190700
2002-06-24,63.64160257665356,64.98400850983838,62.76387599910282,64.40961456298828,37169700
2002-06-25,64.73230710719075,65.11308300922882,62.95103791015216,62.96394348144531,33355000
2002-06-26,61.44085563932689,63.344750714958806,61.43440531294687,63.06723403930664,37913600
2002-06-27,63.570596990336995,64.20952851540285,62.325000324432864,64.17080688476562,31616400
2002-06-28,64.04820406141145,64.86139305452173,63.81586434909424,63.867496490478516,28184200
2002-07-01,64.00946606306216,64.40960767068702,62.53152962995268,62.621883392333984,20270200
2002-07-02,62.51216186714993,62.73159100172074,61.163300980482205,61.292381286621094,34213900
2002-07-03,61.06653976577066,61.85390802824223,60.485690290247646,61.640933990478516,30565800
2002-07-05,62.460577710970696,64.23539266108116,62.38313439172538,64.0934066772461,19013500
2002-07-08,63.880414492237485,64.34508904754831,62.9639611086968,63.29310989379883,19118600
2002-07-09,63.07367498743336,63.46735653561648,61.318221523122396,61.698997497558594,28620400
2002-07-10,61.9571801487003,62.00235706226883,59.401447058436126,59.45307922363281,50522500
2002-07-11,59.22071564017509,60.24687866113214,58.29135673522355,59.937095642089844,59476500
2002-07-12,60.233979863706956,60.59539506788879,59.06582585205435,59.278804779052734,39018600
2002-07-15,59.14326281905209,59.633758305580834,56.72306162908462,59.59503173828125,77317200
2002-07-16,58.80765950461557,59.620843500469576,58.0009258329188,58.44623947143555,53282400
2002-07-17,59.67245531582854,60.21458271902208,57.923457902077885,58.5623893737793,48880600
2002-07-18,58.536584482160805,58.794740203224,56.63269527165249,56.66496658325195,32656700
2002-07-19,55.99379540701707,56.50365189095233,54.406143470112724,54.67074966430664,77572600
2002-07-22,54.27705200925374,55.445205962974555,52.56677527614546,53.05081558227539,78134000
2002-07-23,53.276680522309455,53.721994051111515,51.46959557336691,51.598670959472656,74484100
2002-07-24,50.42408235245185,54.93534083218994,50.133660184601034,54.67718505859375,107022800
2002-07-25,54.38674617463091,55.40645855108908,52.66356451465981,54.212493896484375,87176600
2002-07-26,54.63200915197807,55.45810370324266,54.08343120064567,55.24512481689453,41206800
2002-07-29,56.47135985357545,58.3042564842024,56.34228442918914,57.93638610839844,53492900
2002-07-30,57.64595780630672,58.98836374226383,57.258726650449056,58.69148635864258,47532200
2002-07-31,58.401071592744366,59.08518520014638,57.60079304565149,58.8334846496582,44669900
2002-08-01,58.6527586864,58.956091311986945,57.00702507417024,57.297447204589844,66571900
2002-08-02,57.11678010545073,57.38139128071774,55.25806632208602,56.01316833496094,51772900
2002-08-05,55.819529178547135,56.103501079614745,53.922094443349735,54.0640754699707,47191300
2002-08-06,55.00633433076001,56.729516381199,54.92888612075048,55.884056091308594,64730000
2002-08-07,56.71013390792102,57.116725776433796,55.3548178317251,56.85857009887695,43289400
2002-08-08,57.065131182178675,58.79476895813656,56.66499429655,58.697959899902344,48339800
2002-08-09,58.149369161862566,59.33688383183993,57.66532889982057,58.917381286621094,41879200
2002-08-12,58.078369354554205,58.904463849966035,57.79440244920114,58.48496627807617,25841700
2002-08-13,58.181666005145644,59.15620220559149,57.21358505638752,57.420108795166016,49690500
2002-08-14,57.45234454486404,59.78219184540583,56.806957590119204,59.51758575439453,57423600
2002-08-15,59.917738725388936,60.65993490892421,59.50469135651789,60.34369659423828,45551500
2002-08-16,59.90481953343339,60.718008510278814,59.37560240460965,60.1629753112793,36517300
2002-08-19,60.317870992027544,61.795807875694294,60.0855312682425,61.569923400878906,33669900
2002-08-20,61.19557682662754,61.56990235632725,60.42111462799623,60.918060302734375,30508300
2002-08-21,61.35045418246617,61.81513336442007,60.388829439978466,61.795772552490234,39628900
2002-08-22,61.628010599406494,62.69935551062411,61.35694920882588,62.39602279663086,38399800
2002-08-23,61.963594340489806,62.05394810775442,60.763174376647356,61.05359649658203,33716400
2002-08-26,61.25364220328297,61.724771645694474,60.34364476895934,61.47952651977539,33830100
2002-08-27,61.76355290195188,62.11851783054902,60.343703035390476,60.76966094970703,35335700
2002-08-28,60.201708193263734,60.337238894054025,59.2465380380047,59.44015121459961,38970600
2002-08-29,58.90448807374847,60.05328143551446,58.6076105501169,59.46597671508789,42965700
2002-08-30,59.16908959404314,60.2727009454622,58.9883819936582,59.23362731933594,30366700
2002-09-03,58.555974784271726,58.730227137829324,56.89087485510846,56.97477340698242,76586400
2002-09-04,57.187753642902685,58.24618813589116,56.83278875394978,57.7879638671875,51099500
2002-09-05,57.110284415952975,57.716949667126876,56.471352774683126,57.297447204589844,67250900
2002-09-06,57.92349970075819,58.45271699410385,57.65888859212865,58.08484649658203,38622200
2002-09-09,57.503980892502994,58.956101646979896,57.31036774625331,58.51078796386719,33998400
2002-09-10,58.82056502411218,59.23361226973772,58.44623941904167,59.18198013305664,41416600
2002-09-11,59.67890376282062,60.233936670613495,58.79472228786933,58.814083099365234,27711200
2002-09-12,58.56884788888804,58.626930333234846,57.43296582386324,57.72984313964844,43601700
2002-09-13,57.239365033820434,58.02028258236234,56.955393225655655,57.87184143066406,41131000
2002-09-16,57.639506482445405,58.013832092285156,57.090928563976334,58.013832092285156,28167600
2002-09-17,58.65923986677368,58.85285798859127,56.63272453377998,56.684356689453125,47609700
2002-09-18,56.15511297405902,57.11673803229178,55.68397839213055,56.11638641357422,54719400
2002-09-19,55.49684916839563,56.01961619781945,54.66429901123047,54.66429901123047,48510500
2002-09-20,55.05196512097752,55.23348282427635,54.48796439229707,54.68244552612305,46325600
2002-09-23,54.22862323696989,54.494415466272685,53.606275027644415,54.235107421875,46893800
2002-09-24,53.44419623896823,54.22861432005078,53.061708528202224,53.35991668701172,69507000
2002-09-25,54.047133564577145,54.954722081071296,53.18491952792123,54.68244552612305,59294400
2002-09-26,55.11676608071694,55.73263507799575,54.7472466607433,55.577049255371094,53638000
2002-09-27,55.103802176760766,55.512216812340135,53.645172119140625,53.645172119140625,64648300
2002-09-30,53.158961544176755,53.6775875376355,52.445854512659,53.022823333740234,73096400
2002-10-01,53.4377370775417,55.602990571213525,52.81538867913329,55.570579528808594,67198100
2002-10-02,54.902827832914554,55.447380589910814,53.54792023251208,53.904476165771484,56749100
2002-10-03,53.89799018802984,54.844478243203405,53.12653552864201,53.35991668701172,55547000
2002-10-04,53.677587252454096,53.755377688870794,51.590124811549856,52.38102722167969,68483700
2002-10-07,51.90129769078119,52.64033653032337,50.922398405237516,51.298397064208984,53188000
2002-10-08,51.73921288347902,52.711632651669596,50.69548193660918,52.10225296020508,79531000
2002-10-09,51.27247606507215,51.667927362860944,50.423230628502026,50.630680084228516,79956400
2002-10-10,50.52698376770547,52.55609995275186,49.96297795198257,52.27085494995117,76749000
2002-10-11,53.2237822058297,54.92876161733607,53.04226461357429,54.559242248535156,82308300
2002-10-14,53.93690798419999,55.00657125029943,53.83318572926114,54.863948822021484,40631900
2002-10-15,56.39387931624775,57.51540596210883,56.30312050629184,57.502437591552734,82320300
2002-10-16,56.666159986779824,56.91898880365064,55.70021917772555,56.108638763427734,62977800
2002-10-17,57.6126544213908,57.89141506297453,56.951405947873745,57.22368240356445,68534100
2002-10-18,56.821750849029165,57.76823918643349,56.35498839310713,57.46354675292969,47448700
2002-10-21,57.12645007353153,58.66935508981397,56.76989400343142,58.455421447753906,45859100
2002-10-22,57.72934342960664,58.351691716416,57.38575083063216,58.03403091430664,40966800
2002-10-23,57.5478392053497,58.520259640996606,56.84121606285296,58.47488021850586,54905800
2002-10-24,58.8314328634872,58.92867589047525,57.11348920665102,57.28204345703125,54987400
2002-10-25,57.18480382542375,58.59805505640335,57.00977032324119,58.47488021850586,43672100
2002-10-28,59.090736357762054,59.18149518261643,57.59969004203728,58.092384338378906,39416100
2002-10-29,57.748810526855884,58.014602878936394,56.40038631077986,57.41818618774414,59508200
2002-10-30,57.48948264711817,58.319280429678905,57.19775856436898,57.97569274902344,41688600
2002-10-31,58.12478978570882,58.53968860867215,57.17181735153287,57.385746002197266,41620600
2002-11-01,57.27555168130667,58.87680448280741,57.081070599082814,58.52024841308594,51878900
2002-11-04,59.512090964947724,60.25112958282764,58.928638122941834,59.07773971557617,49080600
2002-11-05,58.88975709939716,59.687143733494246,58.88975709939716,59.54452133178711,37270800
2002-11-06,59.952962701907666,60.335445694509836,58.85736744176578,60.31599807739258,65013100
2002-11-07,59.65474302040443,59.78440203058787,58.48784160466659,58.837913513183594,51572000
2002-11-08,58.68879755179158,59.3630094595357,58.03403325598489,58.11831283569336,37905400
2002-11-11,58.02755520145304,58.059966240015974,56.91899678451041,57.21720504760742,33505100
2002-11-12,57.47650895180945,58.29982240104146,57.28850715247652,57.670989990234375,37724500
2002-11-13,57.25612326109571,58.176680218439394,56.69211754701154,57.7293701171875,63891500
2002-11-14,58.39059508285091,58.993495842598186,58.18314562498008,58.81846237182617,31896800
2002-11-15,58.34522942899492,59.350065914222164,58.31281343425093,59.25282287597656,39152100
2002-11-18,59.73901005542667,59.73901005542667,58.5721039390056,58.6563835144043,28934800
2002-11-19,58.358183987577426,59.05832782132489,58.18963468929372,58.5786018371582,32806600
2002-11-20,58.332267033420166,59.91406769606106,58.31281446863688,59.881656646728516,36688400
2002-11-21,60.03075261564929,61.06152082721326,59.92054615567919,60.99668884277344,55128200
2002-11-22,60.60119415522457,61.1133308132803,60.46505105312848,60.562294006347656,32513800
2002-11-25,60.56881082277476,61.1068845006459,60.140943576472,60.601226806640625,33846400
2002-11-26,60.33543411024271,60.58177878974042,59.39542985948967,59.447288513183594,42284700
2002-11-27,59.978871996048674,61.359711758830315,59.92052916178249,61.11984634399414,37764000
2002-11-29,61.45696262353009,61.554200693079146,60.78922988805345,60.92537307739258,19385700
2002-12-02,61.8912960904329,62.26729969994175,60.432666003254525,61.02259826660156,49911900
2002-12-03,60.45214002990473,60.549383067407476,59.8686867508746,60.20579528808594,34407700
2002-12-04,59.49266389246048,60.3808094292982,59.272251027747544,59.933494567871094,64040800
2002-12-05,60.1150095194105,60.16038892379287,59.05830990224573,59.27224349975586,36724900
2002-12-06,58.42299684727145,59.751967913045114,58.33223804067165,59.66120910644531,49824100
2002-12-09,59.038860362316754,59.291689170749834,58.0080975196256,58.021060943603516,36789600
2002-12-10,58.35814264263493,59.05828598035245,58.18959346376311,58.798973083496094,33319900
2002-12-11,58.61748318774837,59.395422245249925,58.44893392937649,58.85086441040039,39201000
2002-12-12,59.12312855301242,59.311130329141264,58.47484861297508,58.84436798095703,34465600
2002-12-13,58.28689442684726,58.65641406517818,57.871990411365395,57.9173698425293,36862200
2002-12-16,58.228517464520834,59.50563003270813,58.124795222071,59.41487121582031,37098400
2002-12-17,59.23337164176719,59.47323218268007,58.824951895263936,58.896263122558594,32353900
2002-12-18,58.552629892253826,58.60449346200887,57.910834290977476,58.21552658081055,35612600
2002-12-19,57.92382904200173,58.79900623458559,57.437618941012374,57.8006591796875,39264200
2002-12-20,58.11071176257432,58.64491319241269,58.04556621655238,58.625370025634766,31176900
2002-12-23,58.364835551489584,58.93812880262612,58.18242586987016,58.64496612548828,22599300
2002-12-24,58.36481596934652,58.54071451067122,58.143319993206546,58.208465576171875,10937000
2002-12-26,58.436476567899945,59.02931279406216,57.8762156177888,58.23452377319336,17485600
2002-12-27,57.954404261441276,58.16938919535297,56.925086975097656,56.925086975097656,22205700
2002-12-30,57.19218497537296,57.6351819321032,56.82084965651745,57.40065383911133,29968000
2002-12-31,57.322480671719255,57.6091272458227,56.74919249380252,57.47883605957031,34036600
2003-01-02,57.88273976896691,59.47883408337963,57.680786945992764,59.32899475097656,44516300
2003-01-03,59.22474536157991,59.53093004583406,58.95764205602958,59.51138687133789,32222600
2003-01-06,59.4397612550289,60.90555987356352,59.39415883015282,60.56028366088867,40984500
2003-01-07,60.52118273235051,60.82737249871642,60.065153622977114,60.41043472290039,38640400
2003-01-08,60.06511525778973,60.195411335940136,59.315933932145384,59.53742980957031,38702200
2003-01-09,59.81756727459864,60.70356083018112,59.55046898064579,60.46251678466797,34804900
2003-01-10,59.90226563139208,61.00324419063883,59.8045497583252,60.62539291381836,37768900
2003-01-13,60.93811060848366,61.146579462524926,60.22149923335989,60.60586166381836,31649900
2003-01-14,60.384373729265604,61.12704443141799,60.20196407895312,60.80131149291992,30733000
2003-01-15,60.9381012446607,60.957644420116296,59.87621395916662,60.195430755615234,33511800
2003-01-16,60.26059322648698,60.540723750567665,59.5765520720162,59.9478874206543,44812100
2003-01-17,59.27689254863041,60.1303164258657,58.729663470364734,59.061912536621094,35618300
2003-01-21,59.1986944803698,59.23126478568997,57.947876463191584,58.14331817626953,36826200
2003-01-22,57.830613878257154,58.50162779248169,57.328987425213846,57.439735412597656,42286500
2003-01-23,57.81761655252676,58.22803840748186,57.29644168280975,57.79155731201172,55919800
2003-01-24,57.713375244835724,57.77200977415256,56.13682858957393,56.27363586425781,68633900
2003-01-27,55.85016001465943,56.5472281568682,55.04885496842846,55.504878997802734,57884400
2003-01-28,55.784983319466505,56.286614486965306,55.459250602493654,55.915279388427734,46929100
2003-01-29,55.64820706753775,56.794788259480086,55.22475330633789,56.33876419067383,53712200
2003-01-30,56.540729202706345,56.59935875122843,54.98372601271594,55.00326919555664,49845900
2003-01-31,54.82085398672048,56.16287208921497,54.82085398672048,56.06515121459961,55317000
2003-02-03,56.117268808334956,56.55374974186413,55.973945523823275,56.1759033203125,39696000
2003-02-04,55.576536577435945,55.863183072322784,54.9185598073203,55.62213897705078,43633400
2003-02-05,55.86319478181775,56.37785338265644,55.03583536672884,55.27687454223633,55270600
2003-02-06,54.96418288918421,55.30294298946667,54.495126619338755,55.01629638671875,53638000
2003-02-07,55.315955734486884,55.368069213785006,54.052110668590224,54.34526824951172,43165000
2003-02-10,54.371336587286144,54.807817492584505,53.84365086506842,54.729644775390625,45455900
2003-02-11,54.964170818571475,55.29641479483944,53.96091289956861,54.35179138183594,46861000
2003-02-12,54.1759088242702,54.47558255397439,53.47883551155474,53.4853515625,35873600
2003-02-13,53.51792124932727,53.85017022871619,52.76873451828131,53.64821243286133,57934100
2003-02-14,53.661249462747286,54.8534283154394,53.30294121967911,54.820858001708984,59580900
2003-02-18,55.068388651812086,55.89575278141468,54.977183861660535,55.78499984741211,39492700
2003-02-19,55.58307189627941,55.68079277798711,54.905546745474005,55.49186706542969,31432000
2003-02-20,55.511394593437075,55.64820180113186,54.755696926605516,54.938106536865234,29280100
2003-02-21,54.9706923431823,55.85668638882856,54.37134489180116,55.49186706542969,60955800
2003-02-24,55.32899288251384,55.374595291589436,54.456026089836904,54.592838287353516,30628600
2003-02-25,54.03910015084177,55.04235833972991,53.563532776743074,55.02933120727539,56770600
2003-02-26,54.73613536416777,55.06838419873172,54.12376110413935,54.22799301147461,37787200
2003-02-27,54.527695691368145,55.21173689768578,54.17590846729167,54.94463348388672,51126000
2003-02-28,55.02931394980498,55.52442932275111,54.82736115320258,55.309444427490234,43666800
2003-03-03,55.54399546563147,55.88275561647541,54.54073717656358,54.781776428222656,42923100
2003-03-04,54.69053975698113,54.729631076082924,53.84363738753273,53.908782958984375,31440500
2003-03-05,53.817563257162206,54.42342634738358,53.65469688850363,54.36479187011719,43974700
2003-03-06,53.98696062689945,54.4104093264794,53.72637337080437,53.908782958984375,41217700
2003-03-07,53.1661338031544,54.71662089395231,53.04886973946108,54.2801399230957,63538000
2003-03-10,53.811071122578426,53.98045361293166,52.833872476392536,52.977195739746094,41014100
2003-03-11,53.08144343381267,53.42020351306534,52.42997753731188,52.456031799316406,48102700
2003-03-12,52.364848875598454,52.833905312531364,51.71338270658995,52.80784606933594,62459800
2003-03-13,53.537442215504484,54.66447986956285,53.113988589287594,54.63190460205078,72117800
2003-03-14,54.853410322860135,55.224745575559936,54.299665468172904,54.80780792236328,63951800
2003-03-17,54.371369289593424,56.64498497078756,54.21501879087704,56.534236907958984,88217500
2003-03-18,56.77524644747113,56.90553762161208,56.208469402349635,56.866451263427734,50792300
2003-03-19,56.85995092515329,57.43324417848091,56.46907232443332,57.302947998046875,49630800
2003-03-20,56.89250271333886,57.713345944713495,56.25406411864735,57.42670440673828,67321600
2003-03-21,58.08340105610011,58.7898169817474,57.51433893095379,58.65245819091797,71165300
2003-03-24,57.573212903538504,57.65170579085357,56.480879754298584,56.70327377319336,65398900
2003-03-25,56.73598628374552,57.73020975247354,56.53976151331007,57.246177673339844,61040100
2003-03-26,57.272331781695016,57.46201918592276,56.775225126128404,56.958370208740234,45740800
2003-03-27,56.513603809955384,57.337761914921366,56.24542343829023,57.004173278808594,53120200
2003-03-28,56.55939260389714,57.089206056862984,56.41549142152841,56.716373443603516,32583000
2003-03-31,55.826788380401375,56.63786160325329,55.205402562713,55.427791595458984,61119500
2003-04-01,55.7613920297479,56.50705716616854,55.539002949562594,56.27812576293945,53574000
2003-04-02,57.25929298117718,58.0638244524153,57.23312866637547,57.638668060302734,50431200
2003-04-03,58.12919883272926,58.207686734275065,57.33120523148396,57.36390686035156,48755500
2003-04-04,57.841426118470146,57.94607837080065,57.311612550904215,57.70406723022461,36250100
2003-04-07,59.09072507366663,59.424313708165364,57.540528753402654,57.592857360839844,69776200
2003-04-08,57.75636829703053,57.98529966822071,57.37045113674168,57.684417724609375,39712700
2003-04-09,57.79560711800279,58.27963411559399,56.755597566457894,56.925662994384766,55647300
2003-04-10,56.96492421694694,57.31813483267312,56.062278192533824,57.239646911621094,41812400
2003-04-11,57.66480822749017,58.018013853573464,56.814485818679,57.004173278808594,47730100
2003-04-14,57.21351708830487,58.21427860748578,56.90609257136251,58.18157196044922,36711700
2003-04-15,58.10957014779501,58.72441864013672,57.834852519853555,58.72441864013672,49709800
2003-04-16,58.80947482510451,58.907584734123844,57.579777401864064,57.72367858886719,51788000
2003-04-17,57.75639779032253,58.68520839363657,57.68444718115982,58.58055114746094,37403100
2003-04-21,58.776747853506365,58.97297758429517,58.25347189828911,58.63938903808594,32052700
2003-04-22,58.279657238623095,59.88872464497141,58.142298373605314,59.74482345581055,59763600
2003-04-23,59.92797163765014,60.405456487509504,59.6794132316616,60.29426193237305,44227100
2003-04-24,59.86909096038148,60.228843862963444,59.49625840240115,59.757896423339844,49692400
2003-04-25,59.7186625237706,59.829857079538016,58.881419717704404,59.01878356933594,43917200
2003-04-28,59.15613765064453,60.30079972598777,59.06456508384352,60.039161682128906,46432900
2003-04-29,60.26809991799265,60.69980348775323,59.78407272580478,60.248477935791016,52017100
2003-04-30,60.11762237548829,60.54932067472825,59.79057624351064,60.11762237548828,48709100
2003-05-01,60.12417508134662,60.653993344069995,59.19536502667341,60.1110954284668,50240400
2003-05-02,59.88870675174434,61.138025802256806,59.84292047708486,60.967960357666016,50201500
2003-05-05,61.138006670043794,61.34077368146439,60.50353635521766,60.85020446777344,35437800
2003-05-06,60.85676099442738,61.733242465471825,60.83059669808332,61.42582321166992,44401000
2003-05-07,61.10533059806561,61.576278077025215,60.81099091888116,61.08570861816406,41413100
2003-05-08,60.51662672254158,61.04644496058064,60.35964594365137,60.47084045410156,40570700
2003-05-09,60.71941731540756,61.353887936484554,60.57551614481313,61.308101654052734,33608100
2003-05-12,61.15765300341883,62.21728472363326,61.01375184495797,62.060298919677734,35662300
2003-05-13,61.83138268121309,62.25654393805205,61.65477984639175,61.949119567871094,39253600
2003-05-14,62.19768747835702,62.29580240513376,61.425862696555576,61.81831741333008,32195100
2003-05-15,62.06683417896061,62.354636463129225,61.64821539671327,62.21073532104492,43879200
2003-05-16,62.06684018350588,62.43313040582602,61.654763683395736,62.05376052856445,38905000
2003-05-19,61.582823538022915,61.75942635646521,60.39237512348085,60.6016845703125,41606000
2003-05-20,60.712902277563494,60.85026118659048,59.908365821453714,60.4774284362793,55404600
2003-05-21,60.24847394309705,60.75212308410949,60.11765741020134,60.6016845703125,49333800
2003-05-22,60.79787969313416,61.517385243849745,60.62127696089479,61.20341873168945,38421800
2003-05-23,61.17726573951676,61.47161033472031,60.92217008453795,61.32770919799805,26155900
2003-05-27,61.02683544797152,62.68822609364803,60.876391969333255,62.400428771972656,43719200
2003-05-28,62.69479761007739,63.100336966712305,62.42007981542099,62.57706069946289,37727100
2003-05-29,62.71438367420993,63.329232187495045,62.191112697020635,62.41350173950195,50844200
2003-05-30,62.727470561148316,63.50583722799598,62.505076520384954,63.41426467895508,52529500
2003-06-02,63.79364399064714,64.39540792375819,63.23112401263857,63.675907135009766,50305500
2003-06-03,63.54509125048619,63.99641170960082,63.348861492380664,63.93754577636719,38254500
2003-06-04,63.87868622636712,64.98409933585454,63.81981529692062,64.85982513427734,49360700
2003-06-05,64.48045703657787,65.18033599853516,64.27768491409961,65.18033599853516,46262400
2003-06-06,65.67090480459288,66.32499747198857,64.84020432241499,64.92523956298828,60356800
2003-06-09,64.60469796322641,64.82054963222711,63.950605625887434,64.26457214355469,37808500
2003-06-10,64.40195976582153,64.92523586607457,64.2253569514263,64.91869354248047,29965900
2003-06-11,64.85985662296467,65.6643881234564,64.56551181349238,65.60552215576172,37610200
2003-06-12,65.89985354307684,65.99796846701389,65.1607304313714,65.80828094482422,36442000
2003-06-13,65.80828234091828,65.89985494111357,64.72248580955625,65.1214828491211,48628300
2003-06-16,65.38308823564773,66.52120783247308,65.2784360265625,66.49504852294922,36326300
2003-06-17,66.76322386337321,66.83517444038866,66.21378853743337,66.49504852294922,36801800
2003-06-18,66.25302739080647,66.80900499648398,66.06333997421916,66.43617248535156,35521000
2003-06-19,66.48199547241803,66.54086642264909,65.30462637112022,65.42236328125,43551700
2003-06-20,65.9015541820318,65.97376467338766,65.26479167190676,65.27792358398438,41545000
2003-06-23,65.28447022502537,65.4223302298442,64.28009453054128,64.60832214355469,34237500
2003-06-24,64.47704710731844,65.04816007267047,64.34575302857999,64.67398071289062,36213600
2003-06-25,64.68054131279612,65.27791805278477,64.02408599853516,64.02408599853516,47743400
2003-06-26,64.1882008500407,64.97595024472184,63.649907684102416,64.8577880859375,33477300
2003-06-27,64.82499315260694,65.11383523110102,64.05694127118474,64.10945892333984,54208800
2003-06-30,64.47702519047145,64.77242800259575,63.984683831360776,64.08971405029297,33349000
2003-07-01,63.84026492188175,64.89059218627762,63.30197188585666,64.68052673339844,51322800
2003-07-02,64.83808966381036,65.50767689397186,64.70680060333305,65.49454498291016,34662100
2003-07-03,65.03502898167547,65.54706333489546,64.26697745184549,64.81839752197266,30792800
2003-07-07,65.41577404801214,66.23634320313433,65.41577404801214,66.10504913330078,31391100
2003-07-08,65.97374715198818,66.49234735746917,65.7571157354539,66.40044403076172,30952500
2003-07-09,66.2494297580442,66.56453032538232,65.6651852760882,66.02623748779297,36528500
2003-07-10,65.54049371713727,65.67178778008609,64.74618341763332,65.1860122680664,49777700
2003-07-11,65.2450916958829,65.94093270939099,65.2450916958829,65.8030776977539,39976300
2003-07-14,66.43329336101021,66.892815207478,65.94095174516768,66.12476348876953,42114900
2003-07-15,66.55147517593262,66.60399283244979,65.61274335121585,65.98036193847656,42573600
2003-07-16,66.1772624408103,66.21665316761795,65.14006679087042,65.593017578125,39894200
2003-07-17,65.08757053372724,65.56678029342771,64.43768092409854,64.66087341308594,52253500
2003-07-18,65.00223146463784,65.51427104089055,64.63461793042862,65.32389831542969,35698100
2003-07-21,65.28448530568554,65.31074412179508,64.23415770308902,64.51643371582031,34786000
2003-07-22,64.78555894160974,65.25820744062652,64.28008568246754,65.10065460205078,49968300
2003-07-23,65.12691359252369,65.28446142318943,64.51641011429432,65.1466064453125,37275400
2003-07-24,65.63895682856415,65.8687151566341,64.57550256482439,64.6542739868164,40896200
2003-07-25,64.76588931557731,65.83590976744262,64.35888518249406,65.79652404785156,43241100
2003-07-28,65.88841295295637,66.28885104219182,65.42889128893152,65.55361938476562,34382800
2003-07-29,65.73743876776737,65.81621521327847,64.779014551655,65.25166320800781,53472100
2003-07-30,65.38296082827516,65.48143014595563,64.94313688544098,65.09412384033203,28363300
2003-07-31,65.63239787042005,66.24290145113109,65.10066571408717,65.24508666992188,54937200
2003-08-01,65.11381696436047,65.33700941086776,64.4901812887783,64.66742706298828,49321000
2003-08-04,64.5361329694332,64.98908882757252,63.67617794216701,64.66742706298828,55214100
2003-08-05,64.6017596303737,64.83151795223905,63.24289253743627,63.29541015625,61415600
2003-08-06,63.472652301107914,64.37199268306884,63.295406599660005,63.66302490234375,50096900
2003-08-07,63.78778987730097,64.3786009229305,63.51864568384457,64.33264923095703,43427400
2003-08-08,64.54269253192986,64.69367947247048,64.17507912311035,64.51643371582031,27357300
2003-08-11,64.50331352624056,65.01534797278288,64.22759843256905,64.75933074951172,34631400
2003-08-12,64.79871067359417,65.37638961135802,64.60833801029132,65.35013580322266,43285600
2003-08-13,65.52735404907442,65.5470469025911,64.68052628936873,65.01531982421875,36152000
2003-08-14,65.05472615009293,65.4814231421644,64.62802915802146,65.19258117675781,35525100
2003-08-15,65.2254002335448,65.50767621817997,65.06785236092601,65.39608001708984,12567000
2003-08-18,65.5996026601458,66.03942667227044,65.47487450421022,65.96065521240234,22873800
2003-08-19,66.09848680704974,66.26260063465023,65.64553104019826,66.2100830078125,37437700
2003-08-20,65.83591821781849,66.22979048935554,65.75058081163205,65.94094848632812,21295300
2003-08-21,66.3348585783689,66.6433885879744,65.9081613196581,66.15104675292969,46494200
2003-08-22,66.79432871840467,66.8402803904074,65.46829117749999,65.49454498291016,52040300
2003-08-25,65.45516550152024,66.19039733195659,65.1728894870842,65.5995864868164,23473000
2003-08-26,65.31731993722116,65.90156491086536,64.87749596980052,65.71775817871094,45065800
2003-08-27,65.6783558132782,65.88185535684178,65.36325506058813,65.73743438720703,18919500
2003-08-28,65.90811538049772,66.30198757232534,65.42233984418885,66.14443969726562,27402400
2003-08-29,66.04596883510236,66.61708675517619,65.96063144820437,66.59082794189453,28706600
2003-09-02,66.72213653627205,67.53613995291849,66.33483019576602,67.48362731933594,49419100
2003-09-03,67.6345877295336,68.07441157184219,67.47047390702834,67.8512191772461,44912400
2003-09-04,67.68054390278452,67.9759518079635,67.45735149333781,67.88404846191406,28381000
2003-09-05,67.57552165315018,67.97595985477845,67.22103512998626,67.50331115722656,31637300
2003-09-08,67.64117867429388,68.19259891761854,67.56896816504543,68.06130981445312,32632800
2003-09-09,67.85780426924393,67.91688285799566,67.40484838871606,67.61491394042969,35053200
2003-09-10,67.30639232379686,67.4836381416816,66.66306863610842,66.93221282958984,45904900
2003-09-11,67.02409223928652,67.4573551872649,66.85341244083834,67.1291275024414,38396300
2003-09-12,66.89937892942524,67.37858861481999,66.53176046286245,67.25386047363281,42524800
2003-09-15,67.29978539887452,67.3719958720779,66.92560613243687,67.01750946044922,21312800
2003-09-16,67.10942993059616,68.03502933246176,67.07003920550041,67.99564361572266,37892600
2003-09-17,67.93002181442503,68.1335214301436,67.647745730513,67.86437225341797,31885800
2003-09-18,67.87747028332865,68.73085905845204,67.72648338008939,68.66521453857422,30243600
2003-09-19,68.71136324124012,68.92882633142793,68.13805785676017,68.31597900390625,34331600
2003-09-22,67.77563153488025,67.84811924461683,67.23527180712483,67.57794189453125,36677400
2003-09-23,67.60426219363426,68.06554784226059,67.45270071568318,67.83490753173828,32489200
2003-09-24,67.95353187816484,68.01942839986738,66.60263055914236,66.62899017333984,41694700
2003-09-25,66.82668414773231,67.13639829962689,66.02931965148734,66.08203887939453,52673100
2003-09-26,66.18750275953357,66.33247817817599,65.79870458884851,65.8646011352539,42914700
2003-09-29,66.09526126417893,66.54995105463995,65.75918226703227,66.51041412353516,36771600
2003-09-30,66.21386238361258,66.39837472458139,65.40332028283186,65.8646011352539,70764500
2003-10-01,66.05568649862539,67.33410026366016,66.02932688178538,67.26820373535156,65797600
2003-10-02,67.16936653984132,67.58451925550139,66.97167189757447,67.51203155517578,44591500
2003-10-03,68.31598204368946,68.71795746068045,67.92718895082673,68.1314697265625,48806900
2003-10-06,68.19077615713007,68.52684998906705,68.00625882316965,68.4411849975586,20226500
2003-10-07,68.04577491569358,68.73769580175342,67.81513462034032,68.70475006103516,42602900
2003-10-08,68.75088741141259,68.79042431665025,68.14463140238568,68.5334243774414,30920800
2003-10-09,69.11332544603141,69.33737965521624,68.4214044196865,68.71794128417969,40066500
2003-10-10,68.7113705929712,68.92883370642635,68.47414404725565,68.90906524658203,22682800
2003-10-13,69.00133416542572,69.38354121834409,68.86954105704652,69.12654113769531,23825600
2003-10-14,69.06065460512629,69.47580748159127,68.77070369151456,69.37036895751953,38484400
2003-10-15,69.75917036853768,69.77893883579398,68.95521918287585,69.18585968017578,39021700
2003-10-16,68.98155402086697,69.67348029165173,68.96178556071608,69.46260833740234,32772200
2003-10-17,69.5021093835887,69.60754279250104,68.52023782475254,68.70475006103516,32790300
2003-10-20,68.82998998187908,69.21878814697266,68.49391609176949,69.21878814697266,27657000
2003-10-21,69.0738066994024,69.3769348041083,68.74431897329809,69.10016632080078,26729100
2003-10-22,68.55317438539167,68.65861280776593,67.9996377506689,68.23027801513672,33914500
2003-10-23,67.80195928550427,68.50047140268617,67.76900851381076,68.10508728027344,45830500
2003-10-24,67.76242900321856,68.25666046142578,67.33409406725582,68.25666046142578,51723600
2003-10-27,68.36212241758109,68.65207326954611,68.05240310345201,68.28963470458984,32460200
2003-10-28,68.52027571546941,69.2912758552514,68.41483722066974,69.21878814697266,34956200
2003-10-29,69.0408300207574,69.47575606932844,68.44775635827953,69.3110122680664,30955400
2003-10-30,69.71298594481098,69.83160168009961,69.06060191451432,69.45598602294922,39123100
2003-10-31,69.45603327705797,69.68008258082207,69.33741746106958,69.39013671875,25761600
2003-11-03,69.68668061298037,70.2534001199358,69.66032098154226,69.84483337402344,37589300
2003-11-04,69.84482176396469,70.02933412577504,69.57464438490948,69.6932601928711,31421600
2003-11-05,69.51532363231927,69.83163408238609,69.12653050310415,69.74596405029297,33558800
2003-11-06,69.58779270913881,70.14133459166656,69.25830504950503,70.11497497558594,28392300
2003-11-07,70.27313471183405,70.32585394929725,69.56803125040902,69.59439086914062,31723200
2003-11-10,69.68003677406718,69.74593328905563,69.19898768982786,69.3110122680664,25530800
2003-11-11,69.25174832562769,69.40990610075906,69.0606498122847,69.29129028320312,26558600
2003-11-12,69.3439682523262,70.16109616029107,69.29784018560841,70.06884002685547,28000000
2003-11-13,69.85795224819705,70.20720824923121,69.70638576199941,70.08859252929688,29714800
2003-11-14,70.11496751785654,70.47740088835411,69.38350458906446,69.49552917480469,49158500
2003-11-17,69.13315448307738,69.2847161035842,68.55984371975043,69.14633178710938,44382100
2003-11-18,69.35056021389356,69.4889444256781,68.33573763322437,68.42799377441406,41155000
2003-11-19,68.55321700124685,69.19901517079552,68.48072929769802,69.0079116821289,29827000
2003-11-20,68.5334412730694,69.35056935744807,68.3686974238553,68.38846588134766,53578700
2003-11-21,68.69159005060541,68.75090044728981,68.28302854546341,68.67182159423828,30016000
2003-11-24,68.98814102566615,69.70642184830675,68.98154986348511,69.58121490478516,28906400
2003-11-25,69.67350331105412,70.12819312750116,69.48898589098731,69.84483337402344,37580000
2003-11-26,70.1281682300563,70.14793668972013,69.44942430115101,70.09522247314453,33053600
2003-11-28,70.03591695837994,70.28633087183606,69.98319771053822,70.14794158935547,10507500
2003-12-01,70.41153010124815,70.95848096457036,70.37858434329841,70.90576171875,38699000
2003-12-02,70.76076709910453,71.01776706823823,70.55648636148096,70.72782135009766,35352000
2003-12-03,70.93866479784623,71.22202426909067,70.55645806405965,70.61576843261719,39078600
2003-12-04,70.62240205694557,70.98484058748053,70.47084050969204,70.90576171875,36089500
2003-12-05,70.58944044000044,71.03754387363222,70.25995276902364,70.41151428222656,28824400
2003-12-08,70.33902037722332,70.93209913809348,70.29948346902611,70.88597106933594,32482900
2003-12-09,71.10346436044209,71.12323282294837,70.20725719120382,70.33905029296875,43596100
2003-12-10,70.3587749309909,70.4971641375053,69.82500666545214,70.3324203491211,36915400
2003-12-11,70.2995030173629,71.23524697383884,70.29291185496973,71.12322235107422,45304000
2003-12-12,71.14959492471417,71.30115649425947,70.76738787767728,71.2616195678711,34142200
2003-12-15,71.94035303695054,71.9798949851078,70.82668787760346,70.90576171875,38693400
2003-12-16,70.95848506660285,71.49884479853912,70.85304656886684,71.27479553222656,32894200
2003-12-17,71.20889710740956,71.49884796142578,71.03756708238588,71.49884796142578,23198800
2003-12-18,71.53178015642011,72.30937131295003,71.42634168142742,72.30278015136719,29353100
2003-12-19,72.36633044838054,72.41267647679314,71.88962555537182,72.10149383544922,41465100
2003-12-22,72.02870908106412,72.60472869873047,72.02208677244504,72.60472869873047,27611300
2003-12-23,72.48553968466797,72.79671741639739,72.41932671277522,72.65106201171875,24741200
2003-12-24,72.51199597230257,72.75034845228771,72.45241037797575,72.57820892333984,8055800
2003-12-26,72.63777922536406,72.88275395914663,72.58481089622114,72.63115692138672,8308400
2003-12-29,72.89599112807954,73.6706339739044,72.68412286978544,73.59780883789062,22483700
2003-12-30,73.55147045474023,73.67064668630398,73.39257049643476,73.6110610961914,19559500
2003-12-31,73.63754525519687,73.83616894021905,73.38594818229474,73.6772689819336,31501800
2004-01-02,73.9818574649453,74.27980068275242,73.31315090441528,73.64419555664062,38072300
2004-01-05,73.94872285624417,74.49825289339371,73.88250991443061,74.4452896118164,27959800
2004-01-06,74.25989790024519,74.63728839381486,74.15396124525273,74.51811218261719,20472800
2004-01-07,74.41218567312958,74.85578411088176,74.08114115814945,74.76971435546875,30170400
2004-01-08,74.98161819206224,75.08755491172332,74.66381308441983,75.06768798828125,36438400
2004-01-09,74.70352177706638,75.14712030575687,74.33274840936944,74.41220092773438,54084300
2004-01-12,74.51813245905669,74.98159282241234,74.39233390985768,74.96173095703125,31564100
2004-01-13,74.87562552009038,74.96832260619449,73.99505118980339,74.52471923828125,54239700
2004-01-14,74.6571503250987,75.25303138165616,74.59755969377407,75.1470947265625,30112800
2004-01-15,75.19345092355374,75.5178731338294,74.53798419832867,75.33248901367188,38408700
2004-01-16,75.50461074664935,75.68337250808368,75.23315190182525,75.63040924072266,31922700
2004-01-20,75.82906342915162,75.90851593922957,75.35898077670292,75.6105728149414,29863000
2004-01-21,75.56421664084849,76.3388646189825,75.29276277434955,76.2064437866211,30725000
2004-01-22,76.23294327142402,76.39184325084898,75.86217496898601,76.0078353881836,29888500
2004-01-23,76.14023844541435,76.38521320498144,75.44504294342086,75.76284790039062,44245300
2004-01-26,75.73637629728829,76.7559941787366,75.72975399151532,76.71627044677734,30460600
2004-01-27,76.63679495044254,77.13336165638492,75.90849812532791,75.92835998535156,35322800
2004-01-28,76.12699116100997,76.32561481903595,74.77632907081411,75.06102752685547,52621300
2004-01-29,75.18682863983477,75.37883506471955,74.52473960975144,75.13386535644531,60117100
2004-01-30,75.16034447247083,75.29276530929054,74.87564598748146,75.13386535644531,30984400
2004-02-02,75.27953083854395,75.92838039800121,74.89552298839486,75.45829772949219,38832400
2004-02-03,75.30600484631532,75.57084146854253,75.10738116814872,75.33248901367188,25093500
2004-02-04,74.94186401081436,75.29939271745181,74.67702737056379,74.71675109863281,39332600
2004-02-05,74.92862702281519,75.17360182395174,74.67041266142172,74.93524932861328,37226800
2004-02-06,75.09414915174969,75.94162244392345,74.94848873253122,75.7761001586914,37216000
2004-02-09,75.92174531984654,76.05416615222299,75.67015331533865,75.79595184326172,24851300
2004-02-10,75.66353352728352,76.2329304970935,75.65029396927468,76.04092407226562,27908100
2004-02-11,76.04093665987267,77.06055454084415,75.5907158429676,76.84868621826172,42965700
2004-02-12,76.78247071861483,76.98109441000801,76.52425638386657,76.57060241699219,27814700
2004-02-13,76.68313844200034,76.93473041288802,75.97470350030373,76.2262954711914,44739900
2004-02-17,76.70303338984962,77.0870463410755,76.65006504112749,76.91490173339844,23984300
2004-02-18,76.9347713813083,77.19960810036068,76.37199651040967,76.5772476196289,28618000
2004-02-19,77.02085402539527,77.06057776930993,76.17999773603579,76.29255676269531,51146200
2004-02-20,76.4580561704059,76.51101946263005,75.69003034275416,76.06079864501953,46728800
2004-02-23,76.28589370773032,76.3123778733075,75.59069825250934,75.8687744140625,36357000
2004-02-24,75.65692901001367,76.13363403182278,74.83593983430887,75.73638153076172,43953000
2004-02-25,75.7827097742059,76.17996218197264,75.69001771410494,76.05416870117188,31213600
2004-02-26,75.88205710337131,76.3322780414471,75.70329015884705,76.10054779052734,29683000
2004-02-27,76.26604714830087,76.63019313253804,75.8952738071671,76.15348815917969,39312000
2004-03-01,76.42492936415213,77.02742769507151,76.30575314850442,76.90825653076172,33130800
2004-03-02,76.76257567813872,77.444526321396,76.29249324493551,76.45801544189453,38556400
2004-03-03,76.30577084646775,76.71626791809352,76.08728022521505,76.59709167480469,31346200
2004-03-04,76.61697632778323,76.86856844896046,76.48455543400001,76.79573822021484,21060000
2004-03-05,76.41831208964453,77.43130746365193,76.32562003263328,77.05391693115234,55905600
2004-03-08,77.02742759427798,77.21281674719467,76.08064522569187,76.1137466430664,39281600
2004-03-09,76.2064795706906,76.27930979985351,75.63708235251191,75.8092269897461,39746100
2004-03-10,75.9548646982729,75.98796612348846,74.52474977360811,74.53799438476562,67671800
2004-03-11,74.41881570640925,74.99482998943881,73.5580978575375,73.57134246826172,89134800
2004-03-12,73.97521964270996,74.62406415193301,73.87590526438505,74.53799438476562,54012200
2004-03-15,74.33274085836628,74.38570919856218,73.42568202637143,73.62430572509766,57677200
2004-03-16,74.0083236780744,74.19370783010488,73.38595826653837,74.01494598388672,59832600
2004-03-17,74.2731475857699,74.98820495047491,74.22017925104988,74.84254455566406,41607300
2004-03-18,74.61742911839289,74.99481965058239,74.10762280524992,74.8624038696289,60014300
2004-03-19,74.68634833297159,74.7926513224026,73.77610459117868,73.78939056396484,48636200
2004-03-22,73.44389417249309,73.46382566474689,72.48714199193546,72.85256958007812,62752100
2004-03-23,73.25121823922967,73.35088077445302,72.65989361769753,72.72633361816406,54080200
2004-03-24,72.80604904267072,73.17811702070938,72.3210275121166,72.78611755371094,51584300
2004-03-25,73.13826328723562,73.94884440102845,72.94558375452694,73.74951934814453,49873600
2004-03-26,73.72296169949514,74.27442343080583,73.6166586940046,73.76947021484375,37409500
2004-03-29,74.16812825784805,74.90562417884095,74.13491078056256,74.80596160888672,44113600
2004-03-30,74.61327225743432,75.12486591375813,74.56011822146492,75.05842590332031,39059900
2004-03-31,75.07168225787078,75.34409278294707,74.66639176434734,75.14476776123047,48517600
2004-04-01,75.12483477822033,75.65636477952562,75.11154880925831,75.59656524658203,45103800
2004-04-02,76.28094780627887,76.30087930498507,75.67633704631422,76.16799926757812,50987700
2004-04-05,76.04836215616453,76.65961809268893,76.03507618756427,76.58653259277344,30251800
2004-04-06,76.29421262636048,76.52675514641358,76.15468711432861,76.3407211303711,28420900
2004-04-07,76.37394221503682,76.39387877688388,75.81584014044705,76.16133117675781,45890500
2004-04-08,76.67958125014968,76.67958125014968,75.57001239789547,75.98859405517578,46929700
2004-04-12,76.12807968092683,76.46028459655066,76.12143416328183,76.28753662109375,23085200
2004-04-13,76.57991545739904,76.60649247173643,75.09163306878808,75.2178726196289,56210300
2004-04-14,74.81924702518198,75.50358884816536,74.77938402781936,75.33748626708984,62322300
2004-04-15,75.37733263905736,75.59658921428895,74.65312797844358,75.05177307128906,61602500
2004-04-16,75.3308265170529,75.77598520273663,75.06506649276399,75.62981414794922,47059200
2004-04-19,75.44378010332797,75.73611714385527,75.25774098965918,75.62981414794922,28277600
2004-04-20,75.79593819580865,75.95539526941863,74.26779227747865,74.36080932617188,53299400
2004-04-21,74.54679632843573,75.0451038040778,74.32754489162801,74.85906982421875,50177300
2004-04-22,74.73284801257076,76.18790264050344,74.70627100109093,75.90885162353516,62071500
2004-04-23,76.02180420798426,76.1214667391305,75.60322766002633,75.98194122314453,29395700
2004-04-26,76.07498125052861,76.36732341192744,75.47701095178027,75.87565612792969,35515200
2004-04-27,75.89555388231426,76.48687835615871,75.7161603499077,75.94206237792969,43485500
2004-04-28,75.66966647355143,75.74939751103001,74.74613683287345,74.95874786376953,50165800
2004-04-29,74.8923041731796,75.29094920281669,73.85582608231384,74.30097961425781,69687600
2004-04-30,74.52688951497245,74.66641504606115,73.68309080723208,73.72295379638672,48681400
2004-05-03,73.99535650121989,74.60661259184315,73.9820654602233,74.51359558105469,33758000
2004-05-04,74.58005121620967,75.25110699392503,74.18805159841672,74.45381164550781,51185100
2004-05-05,74.68633857095581,75.05176106885531,74.5202360530797,74.93216705322266,34405000
2004-05-06,74.42721471709737,74.80592825884597,73.74951866782757,74.28768920898438,54997000
2004-05-07,73.8957062792268,74.56676202802305,73.05854797363281,73.05854797363281,60950000
2004-05-10,72.7130144063599,72.9189798343672,71.99545056362864,72.30772399902344,75279400
2004-05-11,72.7263115975223,73.11831609896068,72.63994012997276,72.91899108886719,48300600
2004-05-12,72.79940760078618,73.44388614816143,71.79614702490163,73.38408660888672,90830500
2004-05-13,72.92567205935705,73.62329979573458,72.83929548077124,73.07848358154297,57393700
2004-05-14,73.05188716270663,73.57677174061804,72.60008810001369,73.11168670654297,54123100
2004-05-17,72.34761895062107,72.75290953712792,72.028704925563,72.48714447021484,55020400
2004-05-18,72.74626152932868,73.04524912027637,72.63995854762608,72.85256958007812,30193100
2004-05-19,73.41732440260554,73.86912352476809,72.52037167936962,72.60009765625,54804100
2004-05-20,72.71967278980541,72.99872884349848,72.44726732452028,72.83262634277344,38082900
2004-05-21,73.06517034049139,73.45052936671125,72.73296533217346,72.9588623046875,47480400
2004-05-24,73.43723623895966,73.5900527688197,72.87248875469136,73.26448822021484,40961500
2004-05-25,73.01866483225956,74.4006389400261,72.81933979148783,74.31426239013672,48668000
2004-05-26,74.18806350582244,74.60664020931691,74.08840093764316,74.57341766357422,35977000
2004-05-27,74.77277056511413,75.09833034427687,74.45385124232666,74.99202728271484,45306900
2004-05-28,74.89897242233825,74.99862990820499,74.653138796088,74.98534393310547,23367200
2004-06-01,74.71957097186406,74.98533606740983,74.3275713844459,74.88567352294922,41044700
2004-06-02,75.09826338127567,75.39725093023716,74.7195498744947,75.16470336914062,39774200
2004-06-03,74.95216186707393,75.20464115174057,74.46049941811647,74.47378540039062,38688300
2004-06-04,75.06502532958984,75.4636702164671,74.885631835616,75.06502532958984,32739500
2004-06-07,75.3640413301882,76.28092548572313,75.35739580954785,76.20783996582031,31643800
2004-06-08,75.98860359849556,76.35402620168946,75.85571850447667,76.31416320800781,32846500
2004-06-09,76.0816171452593,76.20785164248569,75.55673245328235,75.60324096679688,36737600
2004-06-10,75.76933050591163,75.97529602050781,75.69624498736842,75.97529602050781,21711000
2004-06-14,75.6231782371974,75.6431097346473,74.99199049572546,75.22453308105469,34633000
2004-06-15,75.67629364318614,76.04171607099633,75.41717417052315,75.75601959228516,37445000
2004-06-16,75.74276733398438,75.8756473543196,75.5434422344337,75.74276733398438,26633400
2004-06-17,75.64310012154465,75.78927117633206,75.29760904854055,75.62981414794922,28402400
2004-06-18,75.53244555638933,76.16594225600329,75.47243281079513,75.77250671386719,31799800
2004-06-21,75.8525097136618,76.11257505424757,75.43907002700149,75.48574829101562,25284000
2004-06-22,75.43907815682172,75.93920464839121,75.13233451916508,75.86585235595703,37334000
2004-06-23,75.75916388827379,76.57936851290097,75.63246354481514,76.51935577392578,35580000
2004-06-24,76.39265002512634,76.63938091662727,76.19260248848062,76.27928924560547,35272100
2004-06-25,76.29263766875731,76.64605960337413,75.80584560665761,75.91253662109375,32837900
2004-06-28,76.36600252082094,76.42602036394057,75.62581976438886,75.6524887084961,40824500
2004-06-29,75.70579316005633,76.13256724563945,75.63244088713907,75.96585845947266,28418100
2004-06-30,76.06595969398033,76.5460822851975,75.78588987828812,76.3727035522461,52230600
2004-07-01,76.18596910534373,76.28599546522439,75.07235484796738,75.31241607666016,57734700
2004-07-02,75.45910284527791,75.54578962327201,75.08567152938227,75.27238464355469,34615100
2004-07-06,74.93231935438814,74.985662336668,74.43885733977181,74.61223602294922,38698200
2004-07-07,74.558878014241,75.06567443498213,74.51886951097634,74.83228302001953,29839800
2004-07-08,74.55886726976911,74.89895476116342,74.15209725335939,74.31214141845703,45291100
2004-07-09,74.49884627421794,74.64555086553747,74.27211960921046,74.5055160522461,27412900
2004-07-12,74.36549310971725,74.71225042055619,74.01874088642946,74.53887176513672,35691300
2004-07-13,74.63218682466983,74.69886932042472,74.41879978572521,74.59217834472656,26752000
2004-07-14,74.19209737017334,74.94561943240521,74.09874083458885,74.36547088623047,54089400
2004-07-15,74.51220558574211,74.62557149981802,73.8186959785412,73.88538360595703,38403500
2004-07-16,74.39881907343042,74.4655015902728,73.64529696676667,73.8253402709961,40871200
2004-07-19,73.85201218363947,73.99204699126952,73.34521591253802,73.51192474365234,39592800
2004-07-20,73.70532309151476,74.61888950957578,73.51860997542657,74.44551086425781,46679800
2004-07-21,74.56554075175274,74.72557983724799,72.98513888389073,73.07183074951172,56241100
2004-07-22,72.92511370400165,73.61195329504037,72.53167820509941,73.27186584472656,72477100
2004-07-23,73.09848469531356,73.15849742805487,72.47832768590636,72.65837097167969,49610500
2004-07-26,72.81175789359058,72.97179696274569,72.15825697258597,72.51834869384766,49679100
2004-07-27,72.71839964943892,73.42524351863776,72.6650515984484,73.19851684570312,51295100
2004-07-28,73.05183026249169,73.59863516302,72.4116637124356,73.41858673095703,65862300
2004-07-29,73.71198275232693,73.93203964646001,73.3518910403501,73.73198699951172,52200500
2004-07-30,73.56530369338132,73.95206956504818,73.41859904636618,73.91205596923828,41581700
2004-08-02,73.47860105471607,74.25879732285205,73.38524449720667,74.06541442871094,38263100
2004-08-03,73.97205039787124,74.05873716750041,73.45858938344408,73.49192810058594,40948800
2004-08-04,73.27854266106776,73.85202151960097,73.11183380887904,73.48526000976562,40763200
2004-08-05,73.54527637616398,73.60528911973154,72.19826602829974,72.28495788574219,50772000
2004-08-06,71.7714888051048,71.99154569749176,71.09798874665996,71.25135803222656,74729000
2004-08-09,71.36471386243825,71.67146258734637,71.26469263426142,71.35137939453125,37476300
2004-08-10,71.55813066335072,72.29165393496272,71.52479193399247,72.27164459228516,55870600
2004-08-11,71.80484045600564,72.23828450995826,71.41807467939864,72.12492370605469,52933200
2004-08-12,71.80483357098385,71.98487688418187,71.10465439038562,71.33805084228516,50015900
2004-08-13,71.41807054719122,71.58477939771574,71.07798306760712,71.47808837890625,41634700
2004-08-16,71.44473791181565,72.44499092169272,71.41806388771293,72.21826934814453,45731900
2004-08-17,72.51834205227414,72.87176396275082,72.37163746583859,72.62503814697266,40701600
2004-08-18,72.36500210349911,73.46528193748888,72.34499784811693,73.3719253540039,43165400
2004-08-19,73.22519082069833,73.36522563878925,72.80508636642557,73.15850830078125,39881600
2004-08-20,73.09183314593105,73.77200305770258,73.02515061929473,73.67198181152344,44870900
2004-08-23,73.71865647287017,73.86535598925389,73.38523876849274,73.48526000976562,33745100
2004-08-24,73.77867953695254,73.83869737766129,73.25187887984728,73.58529663085938,30453100
2004-08-25,73.57194248167774,74.19876422639501,73.28520308899704,74.08540344238281,38551400
2004-08-26,73.99204690407281,74.22543824984784,73.91869461146497,74.08540344238281,26629500
2004-08-27,74.15207019621533,74.43880952794957,74.05204898896395,74.31877899169922,24902900
2004-08-30,74.16546339014702,74.24548041382162,73.65199707965729,73.7053451538086,26726500
2004-08-31,73.791997679403,74.12541533364744,73.41856644711545,74.09207153320312,44125300
2004-09-01,73.98537816508376,74.44549617289306,73.67196983209973,74.23210906982422,52778300
2004-09-02,74.17877970213404,75.15235892302763,74.17877970213404,75.07234191894531,42736600
2004-09-03,74.90562167647168,75.23236959784181,74.6922345520493,74.76558685302734,30480500
2004-09-07,75.04566893153775,75.43909944054755,74.89896430527946,75.2590560913086,37338800
2004-09-08,75.0990159494898,75.39242011037686,74.89229348465783,75.07234191894531,32963100
2004-09-09,75.06565085860697,75.27236817728428,74.70555917966769,75.0056381225586,34314800
2004-09-10,75.0323109513019,75.53243746118785,74.73890685836943,75.39240264892578,27900600
2004-09-13,75.55912281236537,75.84586225785279,75.3590752309525,75.63914489746094,44398100
2004-09-14,75.55245745011813,75.81252286493127,75.4791051446528,75.79251861572266,28048900
2004-09-15,75.55245763810021,75.59246613661696,75.13901783240802,75.21903991699219,38295000
2004-09-16,75.25242540171914,75.59918289619013,75.21908666142058,75.44580841064453,23911700
2004-09-17,75.63258470150971,75.90712775188824,75.45848946386923,75.76651000976562,33683000
2004-09-20,75.44510796779,75.65938339086644,75.18395995556337,75.31118774414062,37149400
2004-09-21,75.49864925405039,75.98077004894488,75.35803154032735,75.63926696777344,40920800
2004-09-22,75.33127336266905,75.34466334120391,74.64157452172303,74.69514465332031,49042100
2004-09-23,74.72857543840549,74.79553550667839,74.29332733154297,74.29332733154297,44068700
2004-09-24,74.44069977193456,74.81568563823285,74.4139147022897,74.6348876953125,34981100
2004-09-27,74.393786674008,74.4607467572993,74.0455911756571,74.159423828125,39355100
2004-09-28,74.26655233477209,74.66831787987881,73.93174686239546,74.5143051147461,41662900
2004-09-29,74.46742918956276,74.89597976615083,74.32681151056286,74.8892822265625,33325700
2004-09-30,74.69511380053356,74.98304675302722,74.5009259852493,74.83573150634766,43536700
2004-10-01,75.17056668163711,76.10132598876953,75.13708407282792,76.10132598876953,62824300
2004-10-04,76.40264650691745,76.63031700008865,76.20176618689085,76.22854614257812,33082400
2004-10-05,76.23523230208282,76.44281524312704,76.02765446976652,76.26871490478516,36910600
2004-10-06,76.18165181925998,76.79100036621094,76.121389273066,76.79100036621094,42297800
2004-10-07,76.59011523188614,76.60351031467775,75.90711416260382,75.96737670898438,39388800
2004-10-08,75.76651773158416,76.18167345766817,75.23082666142128,75.33796691894531,51872600
2004-10-11,75.51873783441125,75.67944306540082,75.42499269060673,75.64596557617188,20229100
2004-10-12,75.13039116491657,75.5522495835344,74.95629589280774,75.35136413574219,41754700
2004-10-13,75.66605475557724,75.71292732851036,74.54110789645496,74.68842315673828,54212600
2004-10-14,74.78216579117324,74.94956856155922,74.04559462322037,74.08576965332031,64082200
2004-10-15,74.34022044736602,74.82234124621209,74.03889750245081,74.50093078613281,63482200
2004-10-18,74.25318731259468,74.92949607100776,74.12595954679756,74.78218078613281,43535100
2004-10-19,75.00986512235961,75.1504880089337,74.05232063717321,74.15276336669922,55851900
2004-10-20,73.91167934410724,74.20630989465145,73.48982614478716,74.00542449951172,57118500
2004-10-21,74.18621823158566,74.54111131560477,73.79784254733822,74.48754119873047,53218300
2004-10-22,74.4540566757527,74.49423170525051,73.56347272455274,73.65052032470703,48752400
2004-10-25,73.48986466262534,73.73762276532341,73.2220190316305,73.56352233886719,43990900
2004-10-26,73.74426904786455,74.72859818818745,73.57686627185663,74.68842315673828,54337400
2004-10-27,74.58129937007763,75.73303154031902,74.40720412293206,75.5857162475586,73896000
2004-10-28,75.5187392314393,76.04103507336278,75.32455139890132,75.81336975097656,54413300
2004-10-29,75.74640753018498,76.09460304542267,75.59909227456347,75.79997253417969,48820200
2004-11-01,76.04104585396946,76.22853617162805,75.79998541448613,76.007568359375,36720900
2004-11-02,76.1146670521407,76.71731786231206,75.8133442014178,76.03431701660156,56210000
2004-11-03,77.02535217944352,77.2463250345821,76.49635887868442,76.99187469482422,76960200
2004-11-04,76.8579602510252,78.12352480503236,76.7910001636328,78.04317474365234,55350300
2004-11-05,78.37798235707675,78.77305045922351,78.00299666207759,78.53199005126953,63287200
2004-11-08,78.33112711935387,78.49852993366295,78.15702676202842,78.41817474365234,33863800
2004-11-09,78.39806254258933,78.67929795599717,78.18378721207952,78.2641372680664,44658100
2004-11-10,78.38466439510202,78.71277747330532,78.18378415426447,78.32440185546875,45265400
2004-11-11,78.46501345836673,79.09444940326986,78.41144335481619,78.92034912109375,37863200
2004-11-12,78.99400243126453,79.68370087353003,78.79981464802142,79.54308319091797,55583700
2004-11-15,79.58410187930625,79.7654304898452,79.40277326876728,79.73857116699219,35297900
2004-11-16,79.49005460074667,79.52363642986069,79.06695122279574,79.16768646240234,40028700
2004-11-17,79.4967448247189,80.01387099882899,79.29526416662273,79.63777923583984,54494000
2004-11-18,79.60420483355382,79.7855384675053,79.40272928055562,79.7452392578125,31854300
2004-11-19,79.71839088623912,79.73182566679883,78.67070345275266,78.85874938964844,54276500
2004-11-22,78.69082181559563,79.32884043905777,78.59679888142068,79.23481750488281,37560200
2004-11-23,79.20124369808083,79.42287140413137,78.82515192335227,79.355712890625,41968800
2004-11-24,79.4296023297827,79.6445126978133,79.28185561490388,79.54377746582031,29724800
2004-11-26,79.59081807580162,79.9064689152083,79.44978357553106,79.48336029052734,15487700
2004-11-29,79.77882467458531,79.9265764944304,78.89903626861077,79.12065887451172,61460800
2004-11-30,79.24831443382566,79.40949601154985,79.00653950530439,79.1744384765625,53685200
2004-12-01,79.35575645932208,80.25569230690475,79.31545722999986,80.0743637084961,49898300
2004-12-02,79.98705598540121,80.50418760286058,79.92661482495146,80.14152526855469,60163500
2004-12-03,80.12803974795688,80.68546511943059,79.9802879508081,80.0877456665039,49067900
2004-12-06,80.06092071533203,80.34970706383164,79.81242846815428,80.06092071533203,33030500
2004-12-07,80.24895476722998,80.33626547228359,79.27514322155758,79.31543731689453,52047200
2004-12-08,79.38930485526214,79.79897852747399,79.25498780241473,79.7788314819336,43895100
2004-12-09,79.3423135398379,80.22881963599765,79.06696197435785,80.06092071533203,60922800
2004-12-10,79.86616854063257,80.29598942783902,79.81915704121528,80.14152526855469,47828600
2004-12-13,80.43026931408303,80.86008997500551,80.1549127311255,80.8399429321289,38541000
2004-12-14,80.71231289934103,81.236156345637,80.71231289934103,81.12198638916016,41500700
2004-12-15,81.06158481910836,81.33694146759673,80.79966295164598,81.1824722290039,46699200
2004-12-16,81.07500351009442,81.42423088944783,80.61831839932972,81.13544464111328,51641800
2004-12-17,80.6078076738959,80.95194089359795,80.40538030495036,80.59431457519531,70761900
2004-12-20,80.80348962576055,81.16786506104836,80.41212284548038,80.61455535888672,47187400
2004-12-21,80.70227643243523,81.29607574866176,80.60780929541244,81.23534393310547,33094200
2004-12-22,81.22861296588815,81.70095390465312,81.17463540986205,81.43104553222656,31500700
2004-12-23,81.55922592674077,81.83587818372273,81.41752523686138,81.49174499511719,25646100
2004-12-27,81.78194001421687,81.88990544512585,81.23537917744667,81.3230972290039,29944100
2004-12-28,81.40401150129202,81.86960307092339,81.37702016339311,81.76838684082031,23422900
2004-12-29,81.70091258104272,81.91683814015587,81.61318944423112,81.88984680175781,22650600
2004-12-30,81.91683990930701,82.03154923892264,81.67392300654951,81.73464965820312,21076900
2004-12-31,81.84939280913623,82.09230979699173,81.51200867578955,81.55924224853516,28648800
2005-01-03,82.02482586044545,82.15978259770628,80.90471325558269,81.17462158203125,55748000
2005-01-04,81.28256361636484,81.33654629917699,79.91953433782608,80.18269348144531,69167600
2005-01-05,80.12191868464511,80.46605166782854,79.62259200674019,79.62934112548828,65667300
2005-01-06,79.91951615005047,80.39860076781807,79.79805771540019,80.03422546386719,47814700
2005-01-07,80.27716669692872,80.45260785535159,79.71035878051342,79.91954040527344,55847700
2005-01-10,79.85205961193718,80.60780178578551,79.85205961193718,80.29740905761719,56563300
2005-01-11,80.05452585459447,80.12200166775303,79.61592534695204,79.74413299560547,63099700
2005-01-12,79.89253097275186,80.18942538739266,79.29873184732783,80.00724029541016,72720500
2005-01-13,80.05447200567536,80.1152038003188,79.28523692733246,79.3662109375,55537500
2005-01-14,79.60236085149614,79.98022918474928,79.46066022652623,79.7845458984375,42032500
2005-01-18,79.65638577798508,80.71577161558989,79.58890484146785,80.61455535888672,57391700
2005-01-19,80.58754874312103,80.64827539679206,79.7643308951025,79.77108001708984,54378900
2005-01-20,79.54842224622224,79.75759873968212,79.14356235807583,79.28526306152344,72049300
2005-01-21,79.48094818165431,79.62264888817808,78.71171283305503,78.79943084716797,63160400
2005-01-24,79.00858866225363,79.17728067509275,78.52275998965719,78.64421844482422,58441900
2005-01-25,78.88717547680457,79.26504413036346,78.7589678344581,78.86692810058594,68245000
2005-01-26,79.16379978302642,79.35273404284068,78.97486552321217,79.10307312011719,57195100
2005-01-27,79.07610178196839,79.45397039719565,78.93440105125816,79.23804473876953,55878800
2005-01-28,79.27852919095137,79.31901879120699,78.68473491729799,79.23804473876953,60738900
2005-01-31,79.58887739156373,79.79130983515188,79.42693452553574,79.73058319091797,52532700
2005-02-01,79.7913599980803,80.35141898244183,79.69014371265395,80.23670959472656,49841200
2005-02-02,80.3378906822638,80.69551696200509,80.22993046011182,80.4795913696289,52468900
2005-02-03,80.33786913583921,80.40535004816721,80.00723428732945,80.27039337158203,48837100
2005-02-04,80.29742079767942,81.26233958965848,80.28392769799164,81.12738800048828,50024600
2005-02-07,81.14084472653923,81.3230298050568,80.94516140631171,81.0193862915039,45412000
2005-02-08,81.08686974607548,81.41076065291092,81.0193939753389,81.11386108398438,39263500
2005-02-09,81.25557720571548,81.30281076902435,80.46609972695067,80.50658416748047,55279400
2005-02-10,80.74274488228289,80.98565663668083,80.47283664086446,80.79672241210938,45858600
2005-02-11,80.76974330016662,81.67393527358519,80.60780039002908,81.49174499511719,53133000
2005-02-14,81.43779465725758,81.55250404241481,81.2960939200503,81.43104553222656,32432100
2005-02-15,81.51198012073503,81.93708212652488,81.43100610379201,81.73464965820312,43852700
2005-02-16,81.59971624591148,81.95734255776267,81.42427507758107,81.78865051269531,55523000
2005-02-17,81.80215624248558,81.86963203707069,81.12063887660783,81.12738800048828,58124000
2005-02-18,81.13412767256024,81.29607574866176,80.9047089535257,81.23534393310547,47723300
2005-02-22,80.90468150883027,81.28929904997293,80.0139879847067,80.02748107910156,80697600
2005-02-23,80.25019695552615,80.68204827091262,80.04102042253157,80.60107421875,68292600
2005-02-24,80.45933387608282,81.18808454254031,80.28389790487995,81.13410186767578,68563600
2005-02-25,81.15436968325507,82.0990461990904,81.09364301593013,81.93710327148438,60899900
2005-02-28,81.74817546782195,81.84939173611372,80.99918228976553,81.39729309082031,69381300
2005-03-01,81.52546668210933,81.99780220624145,81.49847534529162,81.8021240234375,47294400
2005-03-02,81.48501304642643,82.2744906414438,81.4107881291438,81.76166534423828,64226500
2005-03-03,82.09226389861269,82.25420675061514,81.44448219446195,81.79536437988281,61230800
2005-03-04,82.35543520996319,82.88175341828797,82.17999409116453,82.81427764892578,56168500
2005-03-07,82.76707171924693,83.16518249500399,82.5916305418944,82.85478973388672,43442400
2005-03-08,82.77382181514994,82.99649657809218,82.39595323421038,82.54440307617188,44362000
2005-03-09,82.3014617912377,82.5173873663234,81.61994460346932,81.62669372558594,73263600
2005-03-10,81.78189995188167,81.98433246163324,81.24208850599841,81.80889129638672,65149000
2005-03-11,81.85612944727606,82.13278688289485,81.08015012859926,81.23534393310547,57976500
2005-03-14,81.38378302335089,81.75490754702157,81.16110830914847,81.74140930175781,36336400
2005-03-15,81.93031430159117,81.95730563441055,81.02612781845845,81.06661224365234,62438500
2005-03-16,80.76975674956046,81.08015467211247,80.22994524319104,80.3783950805664,74874200
2005-03-17,80.50660376424517,80.7967543375053,80.28393413905718,80.54034423828125,62584200
2005-03-18,80.68732159301392,80.97183613547479,80.03700042383485,80.30119323730469,60232000
2005-03-21,80.41635377209768,80.46377286287635,79.77280823034518,80.00312805175781,61244300
2005-03-22,80.18603744123577,80.56539018397865,79.19023132324219,79.19023132324219,92472400
2005-03-23,79.22408446918827,79.74569956209058,79.08860284854205,79.2579574584961,70817300
2005-03-24,79.56960276461412,79.9286338616947,79.29863424113802,79.35282897949219,51932500
2005-03-28,79.54248062231879,79.89474114361632,79.46796417236328,79.46796417236328,46765500
2005-03-29,79.35281622310808,79.86765581812003,78.74991406864818,78.93959045410156,71160300
2005-03-30,79.10895531141398,80.07088862930762,79.10217967726133,80.05734252929688,62002100
2005-03-31,80.06408793586453,80.2469886425768,79.84731423947208,79.90827941894531,64575400
2005-04-01,80.36217092574141,80.60604204815779,79.1970152132225,79.54927062988281,95255300
2005-04-04,79.50183743394841,79.8405466918748,79.08183609353415,79.68473815917969,71581200
2005-04-05,79.78635047637688,80.19280054461998,79.71183402756479,80.06409454345703,46853900
2005-04-06,80.24022121084063,80.57893046908528,80.0573204854375,80.34183502197266,53268200
2005-04-07,80.2131295510874,80.78893426026941,80.15215919668596,80.77538299560547,46734600
2005-04-08,80.72794968850803,80.75504704477054,79.93537139892578,79.93537139892578,63772900
2005-04-11,80.13183995879922,80.21990250867958,79.82022804965332,79.99635314941406,44945000
2005-04-12,79.86089179957895,80.65347045476258,79.30540866069452,80.40959930419922,86144800
2005-04-13,80.31474053961067,80.4773247105662,79.34603181958057,79.46119689941406,65949000
2005-04-14,79.52893146526934,79.59667228036,78.42473602294922,78.42473602294922,96119800
2005-04-15,78.4044245988484,78.71603652385055,77.2934585468255,77.32733154296875,128677300
2005-04-18,77.30697500724833,77.87600387455123,77.1985856030242,77.56439208984375,100035200
2005-04-19,77.97086681076816,78.26215696687522,77.78796609334879,78.18087005615234,64930100
2005-04-20,78.16054249200683,78.32989711228892,76.92087059944447,77.09022521972656,107735900
2005-04-21,77.76086705725874,78.72280004755608,77.48312300282896,78.58731842041016,86952200
2005-04-22,78.4044207762605,78.91926031643405,77.40861469040517,78.28926086425781,88845800
2005-04-25,78.48568210146075,78.91922938591146,78.39084395600536,78.80406951904297,52284100
2005-04-26,78.55346725362881,79.10217471479534,78.00475979246228,78.03862762451172,72626000
2005-04-27,77.80827605091692,78.62795167590137,77.52376156983975,78.34343719482422,84131900
2005-04-28,78.08602068481764,78.36376472379301,77.3611831665039,77.3611831665039,72481500
2005-04-29,77.95054146182446,78.492478293501,77.2053821944887,78.41118621826172,103993800
2005-05-02,78.62796737175026,78.85829235595162,78.25538511861268,78.85151672363281,56026400
2005-05-03,78.62796851798485,79.15635414410592,78.37055133734192,78.98699951171875,86000300
2005-05-04,79.02085980480003,79.76601903387841,78.77021312856691,79.59666442871094,81055700
2005-05-05,79.71183734952395,79.93538670527654,79.08183790858962,79.569580078125,96906700
2005-05-06,79.88798118895525,79.92862465389138,79.29862510591084,79.3189468383789,67415400
2005-05-09,79.40021276390763,79.98956865268306,79.29182850370655,79.81343841552734,43750500
2005-05-10,79.50183904129786,79.59667722197122,78.84474224070871,78.98699951171875,74613500
2005-05-11,79.21051895676297,79.52890637235386,78.47890598071896,79.42051696777344,91647400
2005-05-12,79.47471872557682,79.65761940167953,78.5466537475586,78.5466537475586,95086800
2005-05-13,78.78375777320981,79.000531442883,77.76763022756202,78.39085388183594,85267000
2005-05-16,78.37732537805701,79.14958212351942,78.35023318373679,79.12248992919922,49207000
2005-05-17,78.85827773736553,79.73214291765079,78.6889231388418,79.6508560180664,61071800
2005-05-18,79.9963392801255,80.66698724164914,79.94214973405981,80.47053527832031,77944900
2005-05-19,80.62635160897635,80.89054959195586,80.40957788491856,80.80925750732422,61768100
2005-05-20,80.84315773963806,80.87703074721948,80.43670749013765,80.69412994384766,46345500
2005-05-23,80.75506122516289,81.3173198376835,80.74151512879911,81.14118957519531,51047900
2005-05-24,80.91084886268249,81.17504160403699,80.74826473854755,80.95149230957031,50654100
2005-05-25,80.84987720335546,81.20213763160174,80.49762194340092,80.8905258178711,47608800
2005-05-26,81.14796641457941,81.43248095708947,81.0328065047482,81.3240966796875,43256200
2005-05-27,81.33083782190934,81.45954895019531,81.15471278859222,81.45954895019531,24596100
2005-05-31,81.34443846624124,81.4054036682574,80.8837935450393,80.93798828125,43377200
2005-06-01,80.96506430239018,81.91345132339003,80.91764520975487,81.62893676757812,69611000
2005-06-02,81.44601516239284,81.85923562474687,81.3579474641387,81.80504608154297,39704500
2005-06-03,81.66279886679408,81.8931186664932,81.10731592648663,81.39183044433594,60999400
2005-06-06,81.25635904519363,81.42571369528224,80.98539573968688,81.31732940673828,36046400
2005-06-07,81.55438795492651,82.1369681008993,81.29697086393747,81.37825775146484,66501300
2005-06-08,81.58147271355297,81.68985693628923,81.06663344275657,81.22921752929688,46881200
2005-06-09,81.11407078072413,81.68310487521256,80.91084837920754,81.61536407470703,56653300
2005-06-10,81.66958369171634,81.73055405242997,81.01926246443524,81.42571258544922,36465300
2005-06-13,81.24958849601488,82.0218452861537,81.16152077035223,81.68313598632812,49383200
2005-06-14,81.59504345339025,82.1031072486624,81.5476243725632,81.87278747558594,33857100
2005-06-15,82.07604212364298,82.13023168510433,81.44604260304641,82.02861785888672,53195600
2005-06-16,82.00829193781293,82.40119595602569,81.91345374973311,82.23861694335938,46564500
2005-06-17,82.66572445521406,82.9105797377125,82.4480758917878,82.54329681396484,51529400
2005-06-20,82.35289271864357,82.86980505050452,82.25767175281901,82.57054138183594,41019400
2005-06-21,82.63856781688146,82.74059177794302,82.31889516049388,82.6181640625,39879800
2005-06-22,82.76095916039418,82.93780026923883,82.34606570646169,82.68614196777344,46310100
2005-06-23,82.51610094397218,82.70654281336526,81.50267517375802,81.52307891845703,62185600
2005-06-24,81.53671681135883,81.62513999751864,80.82935726785092,80.9245834350586,58572500
2005-06-27,80.91777158012039,81.2170404435573,80.76813714840195,81.04019927978516,48183800
2005-06-28,81.2102148761359,81.78154052289881,81.18981113005896,81.72032928466797,41174200
2005-06-29,81.86999922076001,81.89040297569578,81.45510557321822,81.50271606445312,42316500
2005-06-30,81.7679135468669,81.83592774170741,80.90411718602594,81.06055450439453,62288800
2005-07-01,81.24420106525282,81.48225855352894,81.08096594430282,81.29861450195312,49737500
2005-07-05,81.10819610627964,82.06041076716079,81.06738861153482,81.95158386230469,51549000
2005-07-06,81.88358470800857,82.06042586636246,81.21703795515319,81.2646484375,52363600
2005-07-07,80.45524663331035,81.58429718017578,80.43484288685377,81.58429718017578,103268800
2005-07-08,81.59791585294607,82.51612091064453,81.42787768710737,82.51612091064453,64491200
2005-07-11,82.52292687976146,83.04664216628976,82.50932092007578,82.93782043457031,49688300
2005-07-12,82.97183527662393,83.40713263595623,82.73378284404438,83.15547943115234,51871100
2005-07-13,83.16224549480472,83.33228362308236,82.97180362139805,83.27107238769531,41182300
2005-07-14,83.64517517519664,83.95804477147948,83.3118966405266,83.59756469726562,63638800
2005-07-15,83.51592987416045,83.68596800684932,83.22346407836953,83.54993438720703,56075900
2005-07-18,83.3186987389331,83.40711671439774,83.01263212534917,83.2166748046875,56598400
2005-07-19,83.46154809481962,83.73361024818303,83.25750537166253,83.67239379882812,59165700
2005-07-20,83.37991962436323,84.1552985007686,83.18267990161526,83.95805358886719,69477000
2005-07-21,84.03285830347758,84.07366580016173,83.29829222824652,83.46833038330078,101110900
2005-07-22,83.57711322404501,84.03961699820164,83.40707514809257,84.02601623535156,52607100
2005-07-25,83.93763641920987,84.30491426359215,83.55674742749626,83.78800201416016,57301600
2005-07-26,83.81521788569226,84.01926057826007,83.62477077448118,83.89002990722656,42758800
2005-07-27,83.99886104523875,84.26412019130197,83.6927943964438,84.19610595703125,43181600
2005-07-28,84.31171477963268,84.77421875029644,84.09406615750576,84.72660827636719,47880700
2005-07-29,84.61779270081382,84.76742192319868,83.99885130566294,84.1620864868164,62358100
2005-08-01,84.22328825753866,84.36611966482144,83.96482697746814,84.10086059570312,40418200
2005-08-02,84.25048712739765,84.74699551750327,84.16206398649967,84.60416412353516,45147400
2005-08-03,84.50894840432365,84.8422216774627,84.42053044712604,84.82862091064453,36837200
2005-08-04,84.49533958423146,84.54974783547028,84.04643648473996,84.1484603881836,50855600
2005-08-05,83.96485820080342,84.32534353131298,83.43433986528723,83.5771713256836,53595500
2005-08-08,83.76076864199693,83.93760971799684,83.23704839092251,83.42069244384766,47616000
2005-08-09,83.69956728331562,84.06004728793053,83.57034183339731,83.92401885986328,47170000
2005-08-10,84.21650548030114,84.67900951493681,83.53635279343418,83.88323211669922,72863700
2005-08-11,83.84243608901598,84.3593536867257,83.66560009147794,84.21652221679688,58570200
2005-08-12,84.04644128862854,84.12806145387893,83.4887164656299,83.6995620727539,54776900
2005-08-15,83.80843156140676,84.25053193356031,83.54317237594549,84.21652221679688,36208500
2005-08-16,83.95803464391044,84.01244290558787,83.03982452590387,83.12144470214844,71942100
2005-08-17,83.10786437924834,83.57036844677626,82.99903745081657,83.11466217041016,62275100
2005-08-18,83.01260530881535,83.3594793083816,82.869768733522,83.10782623291016,53388600
2005-08-19,83.40710815129916,83.53633880068614,83.1146423373697,83.29828643798828,39842100
2005-08-22,83.37310363614365,83.81520384638385,82.89699372159562,83.29828643798828,69912000
2005-08-23,83.3187097547715,83.3935269704999,82.400504603468,83.1418685913086,55168600
2005-08-24,82.93779563388,83.47511671942014,82.35966187064012,82.40047454833984,79104600
2005-08-25,82.53652524960387,82.75417389586535,82.44130429118654,82.69976043701172,35631100
2005-08-26,82.62492638003968,82.6317241687185,82.08080231493672,82.13521575927734,61956800
2005-08-29,81.89717439047158,82.82898010107722,81.87676545424792,82.76776885986328,56179200
2005-08-30,82.46850984031151,82.50251954889654,81.88357813888923,82.33248138427734,74160200
2005-08-31,82.42768865755846,83.42751372980344,82.12161689856292,83.37310028076172,102945200
2005-09-01,83.33227813343333,83.7607775095221,82.39366959526775,83.31187438964844,74578700
2005-09-02,83.55674407842403,83.57714782572161,83.0058221447797,83.1622543334961,47653400
2005-09-06,83.42749562094501,84.20286893945368,83.42069264400344,84.13484954833984,57251300
2005-09-07,84.08726287675172,84.42733917192622,83.97163818178899,84.2777099609375,41749700
2005-09-08,84.10767487063062,84.33892426896192,83.8696173040332,83.99884796142578,39068700
2005-09-09,84.22327891660139,84.84221494618257,84.20287517341704,84.74699401855469,43093900
2005-09-12,84.64497191107942,84.79460628314425,84.52254426022198,84.57695770263672,33017600
2005-09-13,84.42734101055711,84.62458588875215,84.01244750627662,84.10767364501953,58427500
2005-09-14,84.16208528955694,84.28451297096865,83.67237456391014,83.80160522460938,57694600
2005-09-15,84.06005921530287,84.10087190083553,83.5907574394748,83.76079559326172,73156900
2005-09-16,84.21979968376392,84.5203371858917,83.92608890785536,84.35640716552734,75424100
2005-09-19,84.33591649133233,84.39056156848692,83.76898554114663,84.07635498046875,53355300
2005-09-20,84.15151362392886,84.43156581234209,83.24306372171199,83.36601257324219,84480300
2005-09-21,83.1884063400184,83.24305142401293,82.49852648550306,82.58732604980469,94469100
2005-09-22,82.61461615087654,83.09958459743041,82.26626558052196,82.8810043334961,84597200
2005-09-23,82.81272049315307,83.25670264121625,82.58048672381508,82.94933319091797,59368100
2005-09-26,83.34550519356148,83.49577657027966,82.7034436901866,83.04496765136719,70415400
2005-09-27,83.003948772979,83.32498200474468,82.66242494535423,83.02444458007812,66150800
2005-09-28,83.28403924396179,83.4138200259426,82.78541193259532,83.1064453125,58620500
2005-09-29,83.0244551391525,83.91924601373235,82.7034218665577,83.78263854980469,66607700
2005-09-30,83.7553421787266,84.04222106933594,83.15425664269675,84.04222106933594,47824200
2005-10-03,83.98756635385939,84.24712267114434,83.63921047734512,83.74166870117188,50994800
2005-10-04,83.87144959664583,84.03537962828005,82.75808343113235,82.79906463623047,60776300
2005-10-05,82.81955982480517,82.86054103217256,81.67203911733962,81.71302032470703,106052100
2005-10-06,81.81549590828314,82.1433612704921,80.71578811323415,81.41932678222656,140941800
2005-10-07,81.76082788595401,81.99989880924691,81.3714908088301,81.69935607910156,75661400
2005-10-10,81.74714555594377,81.76763615229595,80.80454164506224,81.00945281982422,52677000
2005-10-11,81.27586144804788,81.54908162772688,80.81822064354942,80.89335632324219,75629800
2005-10-12,80.86602980978788,81.37148373004524,80.19664587427644,80.25811767578125,100510400
2005-10-13,80.2308177547153,80.65430939234653,79.83464866253539,80.2103271484375,99052900
2005-10-14,80.68163111151219,81.15293068480311,80.29912069035399,81.05730438232422,88651000
2005-10-17,81.14607546683217,81.46710353458937,80.90700458332928,81.35781860351562,68109300
2005-10-18,81.24172302141291,81.25538168716045,80.46304879274855,80.4767074584961,74996900
2005-10-19,80.25810465531926,81.8291164479621,79.998548405672,81.8154525756836,116563800
2005-10-20,81.61740714729156,81.83598230710747,80.12153551436877,80.37425994873047,131966700
2005-10-21,80.7977132904476,81.13240520526173,80.26493691671563,80.68842315673828,96579500
2005-10-24,80.90017760540489,82.0272022298721,80.87968700659506,81.93840789794922,71308400
2005-10-25,81.77447509765625,82.12965762443312,81.24169870187065,81.77447509765625,76594500
2005-10-26,81.63105719872189,82.33459571235655,81.41248207593014,81.53543090820312,80855800
2005-10-27,81.41930511608203,81.53542721608967,80.55183660244505,80.66795349121094,66623100
2005-10-28,80.89335467737057,81.93158508553692,80.66794764287847,81.82913208007812,72322000
2005-10-31,82.16384798626638,82.85372795430563,82.05455780029297,82.05455780029297,77698900
2005-11-01,82.36191494653472,82.58049006054871,82.11601729186377,82.3004379272461,66365100
2005-11-02,82.08187756619228,83.16109466552734,82.05455502062449,83.16109466552734,74012300
2005-11-03,83.43430345493296,83.78265934904158,83.16108324800938,83.51626586914062,84897600
2005-11-04,83.6050898877378,83.64607110682884,83.02450003522617,83.4070053100586,59156000
2005-11-07,83.58457129401658,83.75533326471603,83.22938347666631,83.48894500732422,46765400
2005-11-08,83.28402855798817,83.6187205614114,83.18840227129581,83.48894500732422,42152800
2005-11-09,83.38647006218909,83.98071826587113,83.23619872430694,83.59821319580078,57666800
2005-11-10,83.56409096765847,84.3700878271911,83.16109514351353,84.24713897705078,79048100
2005-11-11,84.25395208875935,84.58864407942276,83.62554931124065,84.53400421142578,34867000
2005-11-14,84.55450981022952,84.71160792685191,84.274457637892,84.4862060546875,45092200
2005-11-15,84.39054318587883,84.75938434822494,83.91923861775622,84.17879486083984,69592500
2005-11-16,84.26760882735269,84.39055763960582,84.00122060267778,84.34957122802734,51133000
2005-11-17,84.47939101255635,85.14194851744186,84.11054440536513,85.13511657714844,55717500
2005-11-18,85.42192869913197,85.57220000055126,84.92330688395644,85.46974182128906,72437200
2005-11-21,85.48344868707633,86.0025665681983,85.3673317907539,85.90010833740234,50021200
2005-11-22,85.7634770511044,86.41920229044132,85.66785077940366,86.26893615722656,66438800
2005-11-23,86.23476365813586,87.02710141373645,86.20744112746965,86.76753997802734,50854700
2005-11-25,86.73340820945067,86.89733821525802,86.61728612789791,86.83586120605469,15270000
2005-11-28,86.91782917772197,86.93148784024594,86.09134199713733,86.22112274169922,54498500
2005-11-29,86.50801389138587,86.73342093947997,86.12550354003906,86.12550354003906,51738900
2005-11-30,86.17331951942884,86.41921195183433,85.5790660120749,85.6610336303711,56007200
2005-12-01,86.07770089500687,86.76758078789408,86.05038356273224,86.53534698486328,65468200
2005-12-02,86.58997009688515,86.80171846533675,86.40554947790221,86.64461517333984,46699400
2005-12-05,86.54213694503389,86.56263275239576,86.18695445269654,86.46017456054688,59273400
2005-12-06,86.78116476223322,87.25246387303987,86.49428092507208,86.62406158447266,57935200
2005-12-07,86.58997471055336,86.65828366538202,85.84545504634379,86.1186752319336,66816500
2005-12-08,86.2143048767965,86.62413256554005,85.70885090105419,86.06403350830078,62608600
2005-12-09,86.17331183713412,86.59679813247374,85.94107287828629,86.2894287109375,50744500
2005-12-12,86.54900811686932,86.65146635516653,86.03672213662574,86.37141418457031,48389900
2005-12-13,86.35094226409433,87.22524302576232,86.26214788435242,86.95885467529297,88630900
2005-12-14,86.87688280854118,87.49162188215112,86.84272832167706,87.30036926269531,64375000
2005-12-15,87.32083766111535,87.43012782228924,86.87002877437736,87.04762268066406,55900300
2005-12-16,87.39918999192061,87.45412474442776,86.7674560546875,86.7674560546875,46238300
2005-12-19,87.02147238098286,87.1176055199155,86.30733674972386,86.3210678100586,48733000
2005-12-20,86.42411789832293,86.92538308596127,86.16318569372122,86.40351867675781,46603200
2005-12-21,86.67133177802597,87.04213353731507,86.38293215597896,86.54086303710938,51806900
2005-12-22,86.73312685702791,86.99406433105469,86.5751959806223,86.99406433105469,32247900
2005-12-23,87.05585295547611,87.1107877062848,86.80865181570323,87.04212188720703,27977300
2005-12-27,87.17946895360242,87.24127186891607,86.09453100802621,86.15633392333984,44499500
2005-12-28,86.34173413998379,86.51340134136534,86.17693509354032,86.34860229492188,30764300
2005-12-29,86.32798384061776,86.49278285035454,85.87478001525903,85.96405029296875,32788900
2005-12-30,85.69626592271355,85.87479603370255,85.39412998278289,85.49713134765625,44645600
2006-01-03,85.9640647187221,87.20693351202296,85.41472760892636,87.00093078613281,73256700
2006-01-04,87.11081263136647,87.54341213031594,87.00094309831205,87.41294860839844,51899600
2006-01-05,87.3099264931702,87.61205715957291,87.12452300989452,87.46785736083984,47307500
2006-01-06,87.90731730259219,88.29185004301615,87.45411351092193,88.19571685791016,62885900
2006-01-09,88.18196408933208,88.62143149316219,88.1545019605993,88.42230224609375,43527400
2006-01-10,88.16136139710115,88.56649326574367,88.07209114621317,88.51155853271484,44960800
2006-01-11,88.5940148767096,88.88241452634188,88.3948750496102,88.79314422607422,49598900
2006-01-12,88.63519852989056,88.77253017663179,88.19573097367883,88.44293212890625,40509200
2006-01-13,88.2849959141174,88.51158735476903,88.03092138140858,88.36051940917969,44856700
2006-01-17,88.03092319964439,88.18199114835397,87.76312283197426,88.12019348144531,52066600
2006-01-18,87.60520523022399,88.51160258196072,87.31680559659257,87.77000427246094,75067600
2006-01-19,87.98284999532193,88.42231747484038,87.76311101669711,88.1064453125,81530400
2006-01-20,88.08589076950774,88.1064899994852,86.49968719482422,86.49968719482422,114957800
2006-01-23,86.66448545538516,87.08335392386687,86.60955068338502,86.80868530273438,67017400
2006-01-24,86.95284821096877,87.30991883841152,86.8086484248782,86.89791870117188,53008800
2006-01-25,87.2343895482728,87.33052274415678,86.41038399072501,86.97345733642578,87747700
2006-01-26,87.37852949351627,87.66692888363345,87.04206353837957,87.45406341552734,71294000
2006-01-27,87.66011255980382,88.34678113292891,87.51590754924595,88.26437377929688,65771200
2006-01-30,88.19571685791016,88.449780887605,88.13391919842731,88.19571685791016,33709600
2006-01-31,88.11332047814685,88.26437793182866,87.54337903944611,87.55024719238281,72937000
2006-02-01,87.76996848372187,88.18883145384953,87.7013026806943,88.16136932373047,63561000
2006-02-02,87.96226547867404,87.98972761672684,87.06959406483037,87.13825988769531,83626900
2006-02-03,86.91852117891798,88.16138979050481,86.61638528881751,86.70565032958984,86040400
2006-02-06,86.8223943353446,87.06959549280576,86.63699084781544,86.93225860595703,45511900
2006-02-07,86.78119040204504,86.97346204308421,86.1082579944408,86.16319274902344,71208100
2006-02-08,86.4172536904259,87.96226348361047,86.24558651772386,86.94599151611328,59422200
2006-02-09,87.15200089708104,87.61893588023325,86.77433620881504,86.80180358886719,62023300
2006-02-10,86.81550177658067,87.29616764826487,86.14256431735771,86.95970153808594,64508700
2006-02-13,86.932267095531,87.0627358410619,86.48593133770113,86.80180358886719,52308700
2006-02-14,86.83612815503791,87.91419786633104,86.66446097018954,87.72193145751953,90964400
2006-02-15,87.6738717274531,88.11334457486952,87.37173578200031,88.03093719482422,85471300
2006-02-16,88.12705877567812,88.72446767178934,88.01718926860791,88.69013214111328,61017900
2006-02-17,88.61460285330948,88.69013683370012,88.2918677077979,88.44979858398438,40342600
2006-02-21,88.65578796390501,88.85491725803257,88.09271465338597,88.23005676269531,46456300
2006-02-22,88.42234400693756,89.02660542400872,88.33993662636041,88.76567840576172,42326700
2006-02-23,88.76566159437486,89.01972564851239,88.08585584146753,88.63519287109375,43423200
2006-02-24,88.65578321347795,88.90984724216939,88.41544501279648,88.86178588867188,36777400
2006-02-27,88.85493975177661,89.29440737071543,88.77254284751763,88.89614868164062,35858600
2006-02-28,88.71763687718352,89.20517650031886,87.9829064610498,88.05156707763672,74394800
2006-03-01,88.30561550276717,88.91675034079144,88.23694442884924,88.83434295654297,48641600
2006-03-02,88.5115510270053,88.8686215225489,88.31242180467463,88.82742309570312,60642300
2006-03-03,88.35362289009838,89.31496494891539,88.33988658816043,88.41542053222656,73402500
2006-03-06,88.67639970903734,88.70386184813873,87.79059641531752,88.01033020019531,57478400
2006-03-07,87.79745949390944,87.93479113694384,87.48159252383724,87.87299346923828,61780800
2006-03-08,87.68757323609512,88.19571174375096,87.3305078891015,88.05838012695312,66692400
2006-03-09,88.08586024031472,88.36052352997783,87.46785736083984,87.46785736083984,56313600
2006-03-10,87.69445477292855,88.47038848010719,87.50905653806858,88.29872131347656,60490800
2006-03-13,88.47037914930934,88.69011812873262,88.25751356157504,88.46351623535156,45479100
2006-03-14,88.38112493099999,89.42485371589335,88.31245387616642,89.39051818847656,69877300
2006-03-15,89.36991955113355,89.85745889707884,89.16392734075156,89.78878784179688,53398900
2006-03-16,89.96050684954301,90.27637921706324,89.84377437047237,89.9742431640625,65526400
2006-03-17,90.09072447082609,90.24239320719329,89.88391302978162,90.04936218261719,47286800
2006-03-20,90.0631227950246,90.24236282338188,89.76668614973389,89.9045639038086,45538500
2006-03-21,89.87697156965042,90.30440623269881,89.24272555928506,89.33924102783203,87102700
2006-03-22,89.2840960942982,89.97349536756886,89.24273382100566,89.88388061523438,51605700
2006-03-23,89.8011519674774,89.89077724561562,89.38751868559086,89.69774627685547,46704200
2006-03-24,89.61502441816386,90.01487729958619,89.4426745823473,89.76669311523438,43209200
2006-03-27,89.64257898689776,89.81492879045935,89.44265784330109,89.63568878173828,32523000
2006-03-28,89.57365037530484,89.98729418327048,88.96698611486065,89.08418273925781,82079900
2006-03-29,89.21515398248398,89.96659659413217,89.13241892437982,89.642578125,61505700
2006-03-30,89.69773613056174,90.29751010712225,89.3116742367114,89.48402404785156,70571700
2006-03-31,89.6357254413862,89.78739417210237,89.18760945721515,89.5047378540039,62925600
2006-04-03,89.67016423448936,90.22167521120734,89.27031141279052,89.43576049804688,61624700
2006-04-04,89.43574728188487,90.12514642030555,89.18067296687595,90.00794982910156,54809300
2006-04-05,90.0424436434845,90.50433991548954,89.88388474877199,90.31819915771484,50607200
2006-04-06,90.2079145324351,90.456098734005,89.75290840965695,90.22169494628906,57906200
2006-04-07,90.35268435274743,90.58707762583434,89.17381726084552,89.30479431152344,80180900
2006-04-10,89.44268035888672,89.67707362607943,89.11176107877952,89.44268035888672,41496500
2006-04-11,89.51851936175187,89.66328734984289,88.41547607623748,88.68434143066406,72799400
2006-04-12,88.77394288467083,89.02212703130002,88.66363648185842,88.84977722167969,43033700
2006-04-13,88.649854651379,89.10486072013751,88.45682368634182,88.73258972167969,51051800
2006-04-17,88.8152938222627,89.14620246907556,88.25688219345469,88.6980972290039,64167700
2006-04-18,88.88425240277411,90.26995181709985,88.88425240277411,90.1044921875,92531800
2006-04-19,90.13896244776384,90.35957528279836,89.78737257625141,90.27684020996094,87269000
2006-04-20,90.31132228171776,90.90420619228213,90.03556672678555,90.40094757080078,86005500
2006-04-21,90.78701548151777,90.85594911505035,90.04935301885355,90.41473388671875,72342600
2006-04-24,90.23545376159622,90.35955107791055,89.88386398426522,90.2492446899414,52546400
2006-04-25,90.33888758123007,90.39404079240401,89.56676366359373,89.87699127197266,84359800
2006-04-26,89.9666339765038,90.40784923193435,89.82875618156953,89.89768981933594,67262400
2006-04-27,89.55299118700333,90.74565990056402,89.33927902428482,90.33201599121094,124478600
2006-04-28,90.16652559865335,90.82835352421502,90.11138291430473,90.63532257080078,55854400
2006-05-01,90.63535232730656,90.86285542267876,89.8425471168834,89.89768981933594,64990300
2006-05-02,90.31817262519307,90.62841063681265,90.1320424414959,90.57325744628906,49063500
2006-05-03,90.41471366318663,90.53192080083723,89.93213625879592,90.2354736328125,60821300
2006-05-04,90.36644782653877,90.73871876364858,90.29061349424273,90.55947875976562,42921400
2006-05-05,91.03519621128413,91.55224578023947,90.89731843010945,91.35921478271484,62588200
2006-05-08,91.35231470334564,91.53156528760321,91.24890899658203,91.24890899658203,30016700
2006-05-09,91.29026858422345,91.53156258541574,91.21443422836876,91.42814636230469,29864000
2006-05-10,91.28335208491326,91.51774529207947,90.92486154963738,91.37986755371094,64378200
2006-05-11,91.35230148225682,91.3798833463356,89.98040354720713,90.27684020996094,80626900
2006-05-12,89.87011598921491,90.1183002210115,89.06351986572629,89.09799194335938,91726500
2006-05-15,88.78774348055246,89.44268132152187,88.66365663872665,89.2772216796875,84029300
2006-05-16,89.45644491181287,89.62190452253004,88.93939546264443,89.1462173461914,62137600
2006-05-17,88.70500866791416,89.00145584368273,87.39514891645257,87.45030212402344,144789500
2006-05-18,87.79497830952342,88.07073901395289,86.94012485952024,87.00906372070312,87906300
2006-05-19,87.46409886819983,87.89152310603015,86.72644176194135,87.6226577758789,124309400
2006-05-22,87.05733702655225,87.67090194235072,86.51960644953327,86.95392608642578,110852800
2006-05-23,87.67781615796223,87.98804378498652,86.29212188720703,86.29212188720703,92006500
2006-05-24,86.6437021714151,87.47787467338968,86.00945609284423,86.98150634765625,168405000
2006-05-25,87.49857446181484,88.05699157714844,87.16077021356628,88.05699157714844,78977900
2006-05-26,88.25000390243314,88.50508880615234,87.90530949925696,88.50508880615234,62989700
2006-05-30,88.22244449308799,88.24312563410646,86.89879887090443,86.93326568603516,72419900
2006-05-31,87.29178447148844,87.90534973144531,87.00223262478033,87.90534973144531,86926200
2006-06-01,87.81570305891135,88.89116981438787,87.73986869603479,88.74639129638672,73721700
2006-06-02,89.10486784646677,89.22895468274392,88.46373148690259,88.9325180053711,91702600
2006-06-05,88.82908403869943,88.83597424316665,87.39512729511111,87.63642120361328,86105100
2006-06-06,87.69850558979178,87.81570223688557,86.69887846624972,87.42274475097656,130498600
2006-06-07,87.49169385096958,88.00184801280912,86.71956451058209,86.767822265625,108599400
2006-06-08,86.57477419455878,87.20902035297978,85.39590190237418,86.69197082519531,204957200
2006-06-09,87.11247809452566,87.52611653771304,86.37482120527041,86.41618347167969,94972200
2006-06-12,86.78158676442449,86.81605883520052,85.36142581140419,85.47862243652344,95815900
2006-06-13,85.30624409330227,86.06458205964798,84.4858627319336,84.4858627319336,185688800
2006-06-14,84.68580207190955,85.23042811524606,84.3411024439522,85.14080810546875,163566400
2006-06-15,85.4510363485221,87.11249109318798,85.38899293965022,86.94703674316406,134057000
2006-06-16,86.75660365602617,86.94356184566465,86.18187191874144,86.31343841552734,94253500
2006-06-19,86.83274552757582,86.88814248573517,85.55172124707286,85.63481140136719,95804400
2006-06-20,85.8702674905018,86.42422136298094,85.66945742873382,85.9256591796875,65494700
2006-06-21,85.86334137936106,87.04049797864162,85.83564289334967,86.56271362304688,75008200
2006-06-22,86.52117438838407,86.59734391398236,85.8910509200988,86.18187713623047,74566100
2006-06-23,86.09187550551977,86.76354946275539,85.88413944018691,86.16804504394531,54107000
2006-06-26,86.23725232932532,86.59732203696034,86.03644229283728,86.5488510131836,37899600
2006-06-27,86.56270758308504,86.7565916886903,85.70407042548219,85.80101776123047,69780200
2006-06-28,85.9949069368263,86.39652177228132,85.62098530413702,86.38267517089844,62368100
2006-06-29,86.69434366427333,88.18310545106725,86.67357110400764,88.1277084350586,110634800
2006-06-30,88.31462007414024,88.39771554925525,87.91299986883831,88.13458251953125,54227800
2006-07-03,88.23845993987624,88.64007490500208,88.15536445591174,88.49466705322266,23914000
2006-07-05,88.14149767462868,88.252286344941,87.6083110197271,87.9891586303711,69653400
2006-07-06,88.07920848157333,88.52929984387521,87.99611826775966,88.24539947509766,50100300
2006-07-07,88.07225155324264,88.3284533176024,87.44904879151595,87.6706314086914,81626500
2006-07-10,87.89915306609255,88.23845034355571,87.53215729698688,87.83683013916016,60964100
2006-07-11,87.6706424911675,88.22460174560547,87.20670465327021,88.22460174560547,73640800
2006-07-12,88.0445727773148,88.21768440083176,87.0543740794799,87.28288269042969,82561300
2006-07-13,86.86742591271233,87.0266909589789,85.8633804321289,85.8633804321289,102405700
2006-07-14,85.9533603931542,86.04338179646125,85.05318334070715,85.53096771240234,103242500
2006-07-17,85.53098976404216,85.93261000386791,85.27478793890484,85.4063491821289,81159000
2006-07-18,85.66254515595242,85.89797968360834,84.74851610170828,85.84258270263672,122771000
2006-07-19,85.98801926386236,87.42830946420105,85.6694944608362,87.03361511230469,133565300
2006-07-20,87.33135939133757,87.45599997966235,86.32038807845785,86.43810272216797,112259800
2006-07-21,86.65967426120727,86.68737275315682,85.73871921493686,85.8287353515625,101560000
2006-07-24,86.16803366762616,87.4698310273927,86.16803366762616,87.39366149902344,92884000
2006-07-25,87.23443542182923,88.14846483178829,87.05439780507928,87.7052993774414,95480700
2006-07-26,87.65679945460113,88.25230386421661,87.37289913817376,87.82299041748047,84525800
2006-07-27,88.20382891644951,88.41849091326311,87.38674187544402,87.7398910522461,87257100
2006-07-28,87.96839947517756,88.73008952946142,87.84375890026222,88.61930084228516,82137000
2006-07-31,88.39774323128083,88.60547405969925,88.25232478355453,88.52930450439453,49593100
2006-08-01,88.1761688442998,88.20386734895584,87.66375971553695,88.09307861328125,65225600
2006-08-02,88.3423371909541,88.95169357103987,88.32156463853266,88.68856048583984,64770900
2006-08-03,88.17614476960415,89.01400977857618,88.04458351209503,88.92398834228516,63693800
2006-08-04,89.38101629400654,89.62336628588369,88.27310269269609,88.77165985107422,96294200
2006-08-07,88.56390380859375,88.68854438344066,88.21768057656871,88.56390380859375,45377300
2006-08-08,88.69546024404669,88.95167260668694,87.9060717403881,88.22460174560547,90901300
2006-08-09,88.75776997756014,89.04860674879191,87.67063467897675,87.92684173583984,78910600
2006-08-10,87.64988887315764,88.28693845528035,87.44215278714243,88.1969223022461,69322300
2006-08-11,88.05842052929822,88.07919307911914,87.51831310216423,87.9476318359375,47482200
2006-08-14,88.3769537416518,88.74395486107277,87.88531731138168,88.01688385009766,57839000
2006-08-15,88.80626392069368,89.23557737103673,88.56390870147624,89.06939697265625,68143000
2006-08-16,89.54718026735532,89.94186925083201,89.35328554012253,89.810302734375,71737600
2006-08-17,89.7272119417607,90.2742399863337,89.6648942972956,90.03881072998047,70992800
2006-08-18,90.14960350200612,90.4958267211914,89.73413141262613,90.4958267211914,58288400
2006-08-21,90.14268424733545,90.21193312672713,89.87956175061726,90.10807037353516,42133600
2006-08-22,90.01112439365997,90.37812019361235,89.79645710317708,90.10113525390625,60839900
2006-08-23,90.14270163611008,90.322744530901,89.45718620101411,89.85187530517578,66592100
2006-08-24,90.01112802109888,90.08729756185079,89.60257653930468,89.77568817138672,57983000
2006-08-25,89.76874473853782,90.1911374363071,89.70642710261109,89.88645935058594,41756000
2006-08-28,89.77566569862992,90.58583723195876,89.76874503880141,90.3157730102539,52681500
2006-08-29,90.35735245244088,90.59278173929866,89.88648331282968,90.41967010498047,61817800
2006-08-30,90.62046735301018,90.73818198656836,90.39888997392855,90.47505950927734,50052200
2006-08-31,90.60666114175982,90.70360326377924,90.41969756147277,90.46124267578125,37510300
2006-09-01,90.8074433191416,91.11212150233699,90.59970723369963,91.00132751464844,48794500
2006-09-05,91.06365210982567,91.29909199307907,90.84899534600679,91.17444610595703,52348300
2006-09-06,90.78663441909286,90.82125884712003,90.24652715272335,90.37116241455078,53795600
2006-09-07,90.05959700954082,90.41275151381048,89.56796587372024,89.95573425292969,86269400
2006-09-08,90.07341166351347,90.33654462601274,89.90030009679374,90.21189880371094,45096300
2006-09-11,89.92110086784469,90.49583271768279,89.65796782274185,90.30194854736328,68496600
2006-09-12,90.40581786248971,91.29214858146348,90.27425133037873,91.18828582763672,69875600
2006-09-13,91.15368511844405,91.71456526691789,91.07059489375114,91.55530548095703,62898400
2006-09-14,91.37521904115947,91.56910316125493,91.22980066814182,91.56217193603516,57805400
2006-09-15,92.02050771440271,92.07614832544931,91.58234453513664,91.77709197998047,76703100
2006-09-18,91.6588563486731,92.07615565857641,91.5614879246773,91.90228271484375,64154100
2006-09-19,91.88839897719512,91.89536068905866,91.15814087238729,91.67279815673828,92089100
2006-09-20,91.97879812993173,92.34045686719742,91.84665297906369,92.15962219238281,75204100
2006-09-21,92.22916818057881,92.3265366082512,91.40153123918218,91.7145004272461,88932500
2006-09-22,91.57539841405203,91.582349511175,91.10942021012491,91.4363021850586,65966800
2006-09-25,91.61714450563747,92.39610264570979,91.1442151102044,92.13876342773438,92299100
2006-09-26,92.1526685060677,92.91771377257281,92.08311507734423,92.90380096435547,73962700
2006-09-27,92.84123319687114,93.17506639366607,92.68822410409722,93.01510620117188,82432200
2006-09-28,93.01508524821425,93.18895821334765,92.69515432292881,92.98030853271484,58597500
2006-09-29,93.05681001765649,93.15417845045138,92.834247535632,92.90380096435547,47966600
2006-10-02,92.87597345756572,93.07767202934053,92.46563582859356,92.5560531616211,51687400
2006-10-03,92.42391904134254,93.10549813833204,92.25699716331144,92.75080108642578,73108100
2006-10-04,92.66037152935081,93.89139501320781,92.55605200205906,93.83575439453125,80890500
2006-10-05,93.83576223717131,94.17655707541223,93.71752989223803,94.01658630371094,60505900
2006-10-06,93.85658763240534,93.96091773797016,93.47406513671979,93.8983154296875,64983600
2006-10-09,93.78705302969661,94.1000221489979,93.64099511409714,93.95396423339844,41176800
2006-10-10,93.96095314486759,94.20436892485866,93.78011847202251,94.07918548583984,56403700
2006-10-11,93.7800792977854,94.19041677075698,93.40451852524646,93.96786499023438,104071800
2006-10-12,94.2043491936823,94.85811309348502,94.1695724860066,94.78160858154297,59158600
2006-10-13,94.69814250031112,95.08066501771806,94.61467628864777,95.0250244140625,53944000
2006-10-16,94.94858299859497,95.31719295691867,94.87902954472115,95.17113494873047,42273000
2006-10-17,94.91379050355066,95.07375068604564,94.35739480209577,94.87206268310547,90500600
2006-10-18,95.31018443498748,95.53969798521098,94.65643110653606,94.9972152709961,86848600
2006-10-19,94.8581403403744,95.19893519370761,94.74685908879243,95.1502456665039,64063200
2006-10-20,95.17113494873047,95.24763950304485,94.81643780365495,95.17113494873047,48094500
2006-10-23,94.97637561889456,95.83878942669878,94.85814326507992,95.6092758178711,66219900
2006-10-24,95.47710987040955,95.9291752784921,95.43538206195421,95.8944091796875,53234900
2006-10-25,95.79704018434343,96.26301839658531,95.6370694364026,96.2212905883789,78105400
2006-10-26,96.4369072238445,96.67337191753876,95.96396722409203,96.5203628540039,66843700
2006-10-27,96.40211770561757,96.499486131995,95.72053872097563,95.91527557373047,80238000
2006-10-30,95.74143696949456,96.1169980024227,95.56060224680967,95.84575653076172,49717800
2006-10-31,96.02657275380528,96.15870730183235,95.4562642957718,95.83182525634766,71274100
2006-11-01,96.13087443082524,96.19346614389566,95.08763676353576,95.18500518798828,83005600
2006-11-02,94.94159349186909,95.28933943470228,94.83727395396473,95.12937927246094,60693100
2006-11-03,95.47014177738852,95.55359737944231,94.32257418734694,94.9624252319336,71346400
2006-11-06,95.25456845406157,96.17261217771568,95.24760674364835,96.03351593017578,63303300
2006-11-07,96.11695308806675,96.65943577789275,95.97785686725315,96.40210723876953,63318900
2006-11-08,95.977916553067,96.70818543192263,95.18505592777551,96.6108169555664,87517800
2006-11-09,96.68026363848686,96.77068092387123,95.90826769655196,96.1030044555664,95916300
2006-11-10,96.07522960030657,96.2143258273706,95.78312433976352,96.14478302001953,48991500
2006-11-13,96.10304540530215,96.7011687378104,96.02655150028416,96.3812484741211,59398200
2006-11-14,96.6525334004181,97.1880652634732,96.0613608985187,97.10459899902344,96704000
2006-11-15,97.06982034457259,97.68184606805495,97.04199472256204,97.3827896118164,76509600
2006-11-16,97.67488363856398,97.8417949018043,97.01416845938802,97.6331558227539,76728800
2006-11-17,97.32017773932954,97.66792369385418,97.18108147999256,97.66097259521484,56353800
2006-11-20,97.5775098908797,97.88352800666328,97.32713239727164,97.71660614013672,69174200
2006-11-21,97.70965294153521,97.8348363794664,97.57054608290501,97.81397247314453,51367900
2006-11-22,97.89048804466498,98.17564227971995,97.71661506412383,98.00872039794922,45505300
2006-11-24,97.53578489755294,97.95307365738977,97.50795927947883,97.61228942871094,30998000
2006-11-27,97.56360439217677,97.61229391986474,96.24217400668186,96.26998901367188,84545100
2006-11-28,96.14480354693,96.78465481792229,96.05438620447144,96.68728637695312,106652900
2006-11-29,97.00022517990828,97.73744466061252,96.728983849982,97.69571685791016,90034900
2006-11-30,97.67485793874985,98.09910830846555,97.20191805515728,97.7374496459961,83994300
2006-12-01,97.73748955414443,97.82790690977131,96.65252373608445,97.52188873291016,126080000
2006-12-04,97.54271499973919,98.44685636998092,97.52880219369688,98.26602172851562,87813200
2006-12-05,98.45378961339445,98.73199262198395,98.24514001004225,98.69025421142578,73374400
2006-12-06,98.66941086316638,98.8085177026141,98.41208231243948,98.60681915283203,53253200
2006-12-07,98.78070315450807,98.96848891890745,98.14085194835201,98.17562866210938,62857400
2006-12-08,98.15474214017064,98.69026308166343,97.91131581232074,98.35643005371094,79625500
2006-12-11,98.35643977512235,98.82241796354367,98.30079916290406,98.64159393310547,39779400
2006-12-12,98.54428348459226,98.66946697645275,97.98788764746492,98.56514739990234,77451600
2006-12-13,98.91978815886577,98.99629267549506,98.45380996207345,98.6694107055664,55520200
2006-12-14,98.66246438957073,99.62224644245468,98.64855158250161,99.53878021240234,64755200
2006-12-15,99.75764841172945,99.93249005649703,99.47790604869617,99.54783630371094,70857400
2006-12-18,99.68775514334524,99.92554800424193,99.13525997720049,99.27513122558594,48954600
2006-12-19,98.99538421021033,99.70174091878538,98.74361170601172,99.46395874023438,65023600
2006-12-20,99.50596151544832,99.77172445872384,99.31712938883169,99.40805053710938,41469600
2006-12-21,99.4989369522174,99.61082755161999,98.83454049745293,99.04434204101562,48698400
2006-12-22,99.05831095044043,99.0653007765504,98.37992431561432,98.43587493896484,62069100
2006-12-26,98.47784956075549,99.03734520414095,98.45686940788407,99.01636505126953,32696900
2006-12-27,99.21917655553872,99.72972206503947,99.19120657559638,99.6667709350586,39727100
2006-12-28,99.5968567389237,99.79966847287146,99.3031238803648,99.45698547363281,37288800
2006-12-29,99.35206520023097,99.68775834142382,98.91146061576423,99.04434204101562,45461200
2007-01-03,99.48493784123693,99.91155206129979,98.31000661505885,98.86949157714844,94807600
2007-01-04,98.77156159526353,99.34504744375774,98.33795763180956,99.07928466796875,69620600
2007-01-05,98.84151486317099,98.89046499184744,98.17711851233888,98.28900909423828,76645300
2007-01-08,98.48482142136824,98.89744520317673,98.08617728974774,98.74358367919922,71655000
2007-01-09,98.82753972070677,99.030362107571,98.1911132497077,98.65969848632812,75680100
2007-01-10,98.31701695711533,99.00939414868787,98.12119504522501,98.9884033203125,72428000
2007-01-11,99.01640099536807,99.7437381257567,98.96045034356962,99.42203521728516,54476800
2007-01-12,99.41496647083487,100.17728424072267,99.38699649988399,100.17728424072266,55370600
2007-01-16,100.05842950565938,100.31719184895505,99.82063664457156,99.98149871826172,44871300
2007-01-17,99.90456167144026,100.33117588909961,99.82063039040641,100.02345275878906,50241400
2007-01-18,100.1283486623264,100.19128911642916,99.52689275630982,99.687744140625,68177300
2007-01-19,99.68770483777345,100.07935907570065,99.63176490384211,99.88353729248047,56973000
2007-01-22,100.05841625460813,100.07939640552974,99.26112783362404,99.57585144042969,60253600
2007-01-23,99.49192667499638,100.06541262835209,99.35205543587034,99.86959075927734,54064400
2007-01-24,99.98851240890028,100.69486931886344,99.9465520914859,100.67388916015625,55834700
2007-01-25,100.6109270878137,100.65288739622126,99.3170939972873,99.49193572998047,73583800
2007-01-26,99.70874701732623,99.76468698007506,99.01636992402092,99.4010238647461,67255600
2007-01-29,99.44296555017829,99.86957971882053,99.12825262906294,99.34505462646484,66114600
2007-01-30,99.5548593159703,99.911532510231,99.35203698613401,99.8625717163086,70407600
2007-01-31,99.75067118247566,100.79972118353714,99.58980916550787,100.5339584350586,91868600
2007-02-01,100.81373118181934,101.17041511930701,100.64588996087612,101.13544464111328,69312400
2007-02-02,101.21940182699807,101.37326344945468,100.97462973417744,101.27535247802734,49607000
2007-02-05,101.19835702713782,101.36620887301159,100.94658459407152,101.30326843261719,45705300
2007-02-06,101.3872494767795,101.4292097953966,100.93965495903863,101.331298828125,57081300
2007-02-07,101.49212546508784,101.65997737002242,101.107482190788,101.5550765991211,55669700
2007-02-08,101.25430544536601,101.49208755157781,100.89763228604832,101.42215728759766,70641000
2007-02-09,101.45017298311318,101.6390050567955,100.28223140051008,100.66688537597656,79084400
2007-02-12,100.66685891803817,100.7367891951568,100.14233381794125,100.32416534423828,65657000
2007-02-13,100.54796650985035,101.33824372690788,100.54096601218795,101.17040252685547,64081800
2007-02-14,101.26830772966579,102.03760475325609,101.25431740662168,101.83479309082031,66039400
2007-02-15,101.8767684082035,102.07259027373222,101.7089165213969,101.96768951416016,38715200
2007-02-16,101.71596567646701,101.93975762777077,101.56909387131732,101.91877746582031,39841800
2007-02-20,101.7998354694471,102.24742981995217,101.40819174669156,102.13552856445312,56911800
2007-02-21,101.83484263249596,102.15655619008267,101.65301103042215,102.0936050415039,63971600
2007-02-22,102.14255420895854,102.40131658844977,101.52710782368891,102.01666259765625,79067400
2007-02-23,101.92573461432431,101.96069442170766,101.4291794258767,101.61801147460938,71966200
2007-02-26,101.98868436098151,102.07260498073074,101.23336676875981,101.527099609375,69192800
2007-02-27,100.62491412635052,100.84870598770888,97.21200020082536,97.56168365478516,274466500
2007-02-28,98.1841065647259,99.2960972375351,97.77148270573241,98.56175994873047,177536300
2007-03-01,97.44978549033314,98.78557888813802,96.54760684585568,98.2680435180664,212828600
2007-03-02,97.94636167459642,98.37297602019653,96.97424186039221,96.98123168945312,162574000
2007-03-05,96.46363718324581,97.61759856188132,96.04402359495963,96.05801391601562,143750400
2007-03-06,97.0581522385774,97.99530146545523,96.31682491965931,97.70156860351562,143333300
2007-03-07,97.62462547851821,98.23308195351908,97.49174405671926,97.60364532470703,115144900
2007-03-08,98.28903499181243,98.72264979507754,97.96034231454594,98.42891693115234,117891600
2007-03-09,98.82751931864846,98.90445009235451,97.96730115556471,98.45685577392578,107765100
2007-03-12,98.20507745007272,98.84849357749994,98.02324593737254,98.60372161865234,80366900
2007-03-13,98.03725015098873,98.44988474592307,96.54060536251903,96.6874771118164,190605200
2007-03-14,96.81338584887871,97.46380282334863,95.63845420292655,97.40785217285156,231853800
2007-03-15,97.19104217443683,97.9043995709401,97.07215105360204,97.54072570800781,132435900
2007-03-16,97.81522415342977,98.0399143314339,96.97967496393012,97.2675552368164,121531600
2007-03-19,97.78009537957551,98.53139095867895,97.70285948559119,98.44010925292969,96161200
2007-03-20,98.35586914023786,99.0369464666389,98.27161568585971,98.98077392578125,82147400
2007-03-21,99.07204697520932,100.86249700698232,98.87544845631804,100.60972595214844,152368700
2007-03-22,100.74316851157137,100.883594542088,100.25868959954249,100.53252410888672,118942200
2007-03-23,100.60272624680962,100.97485998884628,100.5114445204852,100.67996215820312,74416800
2007-03-26,100.75719893593386,100.86251576427708,99.76717789423665,100.54655456542969,113787500
2007-03-27,100.4903759104562,100.51846753885192,99.97781618731366,100.30782318115234,99864600
2007-03-28,99.80229331635545,100.03400106701872,99.18440598125339,99.5776138305664,152907900
2007-03-29,100.08320595672983,100.13236098534134,99.1353217269246,99.68299102783203,139432700
2007-03-30,99.87255061334442,100.29382883109854,98.69294803322319,99.70403289794922,128194100
2007-04-02,99.81636047363281,100.02700490234724,99.33889905429203,99.81636047363281,79416400
2007-04-03,100.38505993460332,101.09421820722467,100.34293320547177,100.8906021118164,82417800
2007-04-04,100.89057699917363,101.07312968457698,100.51844336604961,101.00292205810547,63995200
2007-04-05,100.87654623096472,101.41719753310788,100.83441950603701,101.27677154541016,46822800
2007-04-09,101.56466464080063,101.6699921913797,101.21359423317419,101.41722106933594,50967400
2007-04-10,101.3399919917358,101.7051082401825,101.29786525418797,101.53659057617188,56620000
2007-04-11,101.68405221475689,101.71213313721027,100.78530198894755,101.1223373413086,106365700
2007-04-12,100.92570999101562,101.75423089011274,100.64484727739344,101.5716781616211,115534400
2007-04-13,101.74021711180387,102.03512573242188,101.36106572129853,102.03512573242188,84287000
2007-04-16,102.39319973697957,103.1164039433374,102.38618218557124,103.00405883789062,83064600
2007-04-17,103.19363197128028,103.49554736603001,102.9689417775723,103.27788543701172,108424100
2007-04-18,102.93383336284933,103.70618172299737,102.91276999845184,103.40426635742188,88345300
2007-04-19,102.89875475770893,103.4955681159927,102.76534626767483,103.37620544433594,102947700
2007-04-20,104.07132078860424,104.3521728515625,103.24278898938434,104.3521728515625,124114100
2007-04-23,104.17661576760128,104.42938685673607,103.89576376359247,103.95895385742188,77270800
2007-04-24,104.07825820378476,104.19762077432806,103.43931864544255,104.00102233886719,114471000
2007-04-25,104.42938810317891,105.08238455532832,103.93087418304057,104.95599365234375,108418800
2007-04-26,104.9629830497548,105.18064488193414,104.68914869413993,105.0753173828125,88741600
2007-04-27,104.68217569966966,105.13857367585925,104.50664048893958,104.99111938476562,108191100
2007-04-30,105.06836262918561,105.13858100389939,104.06430629646114,104.12046813964844,100874100
2007-05-01,104.2117404886617,104.94899050140954,103.68513486724451,104.38727569580078,134342700
2007-05-02,104.54876871043479,105.28601874873765,104.4434518680283,104.99813842773438,87129800
2007-05-03,105.30005471550349,105.60197011137255,105.13153706959774,105.5668716430664,86569700
2007-05-04,105.8477165224924,106.10750516779103,105.47558278751208,105.96707916259766,96409000
2007-05-07,105.93900726550956,106.1636867501821,105.8898522669078,105.98815155029297,63461400
2007-05-08,105.72836988577295,105.96709520211768,105.41240864780856,105.84773254394531,80584000
2007-05-09,105.770465836664,107.30113800674748,105.58088486353738,106.13558197021484,102070100
2007-05-10,105.83366448798562,106.03729129029371,104.80854506788447,105.02620697021484,153617800
2007-05-11,105.14558816330242,105.97410919117159,105.12452479573413,105.92496490478516,113408900
2007-05-14,105.92496795661674,106.23391164161094,105.17367211230638,105.6932601928711,108027500
2007-05-15,105.81263028349386,106.48669025390639,105.45454228554269,105.72135925292969,180673300
2007-05-16,105.88284995607692,106.4656281892489,105.58795206347541,106.44456481933594,114166500
2007-05-17,106.29005162521645,106.69729447484673,106.10047065591262,106.23387908935547,101132800
2007-05-18,106.73242972499936,107.16073608398438,106.59200369385104,107.16073608398438,99182000
2007-05-21,107.13266011726563,107.58904741805661,107.0764875594449,107.10456848144531,174664600
2007-05-22,107.21687745986351,107.53986688001477,106.99219801812828,107.02027893066406,82148800
2007-05-23,107.39242783787367,107.77860740129334,106.97816735794068,107.03433990478516,133786600
2007-05-24,107.09753941262335,107.57500074584553,105.84071204722538,106.06539154052734,187593000
2007-05-25,106.37435822353055,106.73947453215449,106.14966796781702,106.50776672363281,83309200
2007-05-29,106.6832612837032,107.0764583674319,106.33920847853209,106.89390563964844,82020000
2007-05-30,106.34623278665299,107.80667598222972,106.26196861911913,107.7645492553711,129013600
2007-05-31,107.89796450647128,108.05243632390899,107.51178496287702,107.6522216796875,114866700
2007-06-01,108.04541841885457,108.41052388267471,107.78561906466199,108.18584442138672,107771700
2007-06-04,107.80667472897595,108.40349858937942,107.76454800260704,108.19988250732422,78008800
2007-06-05,107.94714166354878,108.05947606071719,107.32925426693488,107.7716064453125,126917900
2007-06-06,107.32924663691843,107.39243673967464,106.54986989480238,106.6130599975586,164096800
2007-06-07,106.4164850515784,107.07649928597877,104.66113260426728,104.68922424316406,232414600
2007-06-08,105.02615821641005,106.15660464481887,104.68210557687283,106.05127716064453,175886000
2007-06-11,105.97407977177149,106.69026621172928,105.812590427306,106.23387908935547,102015600
2007-06-12,105.79150366434884,106.40236244676353,105.00510976387811,105.0753173828125,233898000
2007-06-13,105.67215734605364,106.77452319986959,105.12448855046833,106.64813232421875,193208200
2007-06-14,106.76750895201829,107.51177635069865,106.74644558894745,107.3292236328125,146396500
2007-06-15,107.98929751182189,108.35598744462855,107.84120767511253,107.93994140625,154030800
2007-06-18,108.15851635049304,108.16556414679386,107.65079525698225,107.81298065185547,88537500
2007-06-19,107.57321918738543,108.15850904062577,107.439235746765,108.08094024658203,110851700
2007-06-20,108.29957382703492,108.29957382703492,106.45203930927622,106.57896423339844,177119700
2007-06-21,106.53661872941127,107.2629397905165,105.95132889920153,107.1712646484375,205262000
2007-06-22,106.84693877537647,107.02323057804703,105.66931082473681,106.16292572021484,204964700
2007-06-25,105.94425706011513,106.65647160849919,105.08395275890352,105.65513610839844,232014400
2007-06-26,105.92315948635027,106.09945126910766,104.56218132826501,104.56922912597656,198445700
2007-06-27,104.45641483000995,106.1770244216143,104.40704796402275,106.05713653564453,213638000
2007-06-28,106.04300689697266,106.76932797763739,105.54233363981864,106.04300689697266,157705000
2007-06-29,106.40969166641595,106.93856689489714,105.17564946662654,106.07826232910156,199701800
2007-07-02,106.38852497575786,107.12895236034012,106.31801474293604,107.03727722167969,103357000
2007-07-03,107.31234156169292,107.53800023518208,107.17836882930625,107.4251708984375,54048400
2007-07-05,107.46747742816738,107.58030676304153,106.92450642908109,107.31233978271484,89279000
2007-07-06,107.4533710205354,108.0104483204334,107.13603720312881,107.87646484375,81109000
2007-07-09,108.00337549622517,108.14440673795035,107.62257930757376,107.96106719970703,72348100
2007-07-10,107.38987291118318,107.61553150592702,106.31802686613196,106.42379760742188,180362600
2007-07-11,106.30392613627977,107.22064539592158,106.14174073772607,107.17833709716797,175607600
2007-07-12,107.4463550199425,109.12465690208926,107.4252008584029,108.87079620361328,133882500
2007-07-13,108.99773677714757,109.62533537071717,108.87080104226766,109.19518280029297,111794300
2007-07-16,109.29382141256168,109.6746068031473,109.0047004019359,109.18099212646484,98378700
2007-07-17,109.2514976252695,109.63934155442243,109.07520590838112,109.12457275390625,126201300
2007-07-18,108.75790295870544,109.1598533118822,108.1021028161469,108.9271469116211,237887400
2007-07-19,109.44189936441425,109.67460572971402,109.12457641536652,109.35023498535156,145212700
2007-07-20,109.22333833131809,109.29385934960543,107.77069573857099,108.24315643310547,245502500
2007-07-23,108.72269459333098,109.1034909799983,108.10215465505773,108.57461547851562,121183900
2007-07-24,107.97514768083457,108.79314383235422,106.31095343739466,106.6917495727539,256732400
2007-07-25,107.19946797691337,107.46037626925539,105.95131963464253,106.91034698486328,265214500
2007-07-26,105.90902568383488,106.33917795268569,103.22938912837056,104.37881469726562,467592500
2007-07-27,104.51285874361498,104.9782610217608,102.28452731249278,102.32683563232422,422987600
2007-07-30,102.90498972892455,104.23070680468683,102.4536833907915,103.927490234375,283017500
2007-07-31,104.59742916849999,105.39427137325276,102.2774235628021,102.75694274902344,316976700
2007-08-01,102.37617038203952,103.66662766752712,101.50881772654704,103.25762939453125,467670000
2007-08-02,103.49028562573042,104.19545249340096,102.43253532422463,104.08263397216797,294758400
2007-08-03,103.85697761677457,104.06852983356991,100.97989544433901,101.40299987792969,359398200
2007-08-06,101.69215899228513,103.53969347402662,100.50747259025478,103.10249328613281,324980000
2007-08-07,102.91208808446362,105.06989768443727,102.41141471009254,104.20254516601562,232568700
2007-08-08,104.65380060829771,106.19105896817341,103.89926701625524,105.65513610839844,274930600
2007-08-09,103.96277465672085,105.03463160242814,102.4537175763152,102.52423858642578,357622100
2007-08-10,101.8190725135889,103.30697545740252,100.92350732447001,102.04473114013672,411018400
2007-08-13,103.3069957236935,103.58201050375258,102.26335127116134,102.41143035888672,181917200
2007-08-14,102.74283301882298,102.99669357730443,100.64143830472347,100.84593200683594,264134500
2007-08-15,100.64139651643656,101.86839049962397,99.16054208017556,99.45671081542969,323834000
2007-08-16,98.57531653611595,100.79659963566628,96.6079048147974,100.20426177978516,546743700
2007-08-17,102.6018083894339,102.82040845890488,99.70357130968306,102.04473114013672,388218100
2007-08-20,102.3691143172314,102.58066661514611,101.04339662629631,101.99537658691406,187320400
2007-08-21,101.96713350371753,102.93320867050346,101.64275200976432,102.1998291015625,157066400
2007-08-22,102.9614513295496,103.51853940165479,102.48194283406355,103.41275787353516,173156700
2007-08-23,103.89934516478885,104.11794530148704,102.67940877482867,103.32111358642578,203915300
2007-08-24,103.29287912069503,104.59744262695312,103.15184784542306,104.59744262695312,128901900
2007-08-27,104.25896258660335,104.59743979007527,103.46916809850714,103.62430572509766,113024300
2007-08-28,103.06721261710153,103.13067506551236,101.16326384481408,101.34660339355469,219790700
2007-08-29,101.80494080713639,103.47619365883001,101.51583055886246,103.33515167236328,207654200
2007-08-30,102.56658856090448,103.79358361938205,102.46786556263615,103.0602035522461,191817300
2007-08-31,104.11791560322692,104.71731192836401,103.53968418979673,104.07560729980469,185477500
2007-09-04,103.97687135102416,105.76094298912354,103.94161084924465,105.12629699707031,120062000
2007-09-05,104.50574243801738,104.61857173522297,103.65954422896341,104.21662139892578,166261800
2007-09-06,104.32949282721714,104.79490579614114,103.74420271660031,104.45642852783203,127878400
2007-09-07,103.29287161881535,103.5819927061226,102.43256691414233,103.0037612915039,235447600
2007-09-10,103.3210999878036,103.46213127420843,101.77678211567671,102.80632019042969,192305900
2007-09-11,103.12365271558537,104.15319077716755,103.04608389505543,104.00511169433594,162081900
2007-09-12,103.8640806179263,104.6750294200125,103.64548048971126,104.27307891845703,149554600
2007-09-13,104.75254055873135,105.38718643693602,104.5057278505448,105.00640106201172,154079000
2007-09-14,104.33651878857316,105.1333502179324,104.18138118073438,104.9993667602539,121911000
2007-09-17,104.58330546985465,104.82305964320496,104.10379712315402,104.43522644042969,109870800
2007-09-18,104.94998362689462,107.53794467643333,104.45636898365697,107.5097427368164,263759500
2007-09-19,108.17970784032391,108.87076871614165,107.68609292902552,108.14444732666016,193779900
2007-09-20,108.13032608979557,108.19378854965868,107.26297352501017,107.38285064697266,175186800
2007-09-21,108.19694871120758,108.48743062002809,107.50969072082013,107.67264556884766,141457500
2007-09-24,107.99146183332098,108.27487328814077,107.2404403973713,107.47425079345703,139450200
2007-09-25,106.85073455644863,107.45297431514116,106.60984297738736,107.26167297363281,142289900
2007-09-26,107.87102311738087,108.23945262736952,107.26170196322525,107.8285140991211,135547000
2007-09-27,108.33862896870333,108.47324804861746,107.82849919799757,108.46615600585938,102713300
2007-09-28,108.29609104959886,108.53698259617687,107.67967810142373,108.10478973388672,133372100
2007-10-01,108.1190171806638,109.6423148067113,108.04816160273649,109.323486328125,148162300
2007-10-02,109.54309681404189,109.57143255168798,108.97628476175367,109.17466735839844,112978800
2007-10-03,108.97632500945004,109.40143690843088,108.40951274782381,108.95507049560547,119055900
2007-10-04,109.18885507915496,109.29512762318926,108.82042557476584,109.12509155273438,76864400
2007-10-05,109.84063807595636,110.59875126800671,109.55723753952935,110.42162322998047,134579700
2007-10-08,110.09574905195163,110.16660462129049,109.65647479296828,109.83360290527344,71280400
2007-10-09,110.24452036052806,110.88217711858316,109.84066315233052,110.86800384521484,94054300
2007-10-10,110.55626189941626,110.83967332491844,110.10990647219104,110.68379974365234,101711100
2007-10-11,111.18685746157733,111.6048880380283,109.4935130795438,110.15243530273438,233529100
2007-10-12,110.1453241533812,110.7758996521303,110.0107050899899,110.76172637939453,124546700
2007-10-15,110.71923245526338,110.78299597470158,109.06839731543741,109.82649993896484,161151900
2007-10-16,109.40143690843088,109.47937372954254,108.73543331184841,108.95507049560547,166525700
2007-10-17,109.80525119768869,109.88318799588545,108.02688892561537,109.28804016113281,216687300
2007-10-18,108.7212037765378,109.24550673918422,108.45905770073414,108.89125061035156,148367500
2007-10-19,108.4661560502694,110.86801255039212,106.03596381222512,106.04304504394531,297169900
2007-10-22,105.46916622039844,106.81533558264765,105.32746588927363,106.65946197509766,261989800
2007-10-23,107.3113120076094,107.6584762264849,106.45400709378877,107.52385711669922,180085100
2007-10-24,107.13414891736365,107.5096595689481,105.45496742618073,107.325439453125,326694200
2007-10-25,107.44587868406217,107.8993260928697,106.1918197820557,107.58049774169922,237374500
2007-10-26,108.44492478131215,108.84169006347655,107.62304766194698,108.84169006347656,176484000
2007-10-29,109.0613070615681,109.42265529972713,108.79207970473246,109.20301818847656,106841000
2007-10-30,108.7212275505604,108.93378343654732,108.31028905393008,108.44490814208984,132981600
2007-10-31,109.09674722169596,110.01073436316982,108.28904343746265,109.57144927978516,220954400
2007-11-01,108.6078563777542,108.69288521361288,106.69487514206654,107.00662231445312,333040800
2007-11-02,107.36086265190653,107.69386428134382,105.7171198188264,107.1270523071289,331228200
2007-11-05,106.0217860935954,107.09872787716608,105.54708412326156,106.3122787475586,226841000
2007-11-06,106.88620245309984,107.77184313005745,106.20602565633732,107.7435073852539,177800500
2007-11-07,106.58860169902404,107.07747695962534,104.54100140086771,104.79606628417969,306639700
2007-11-08,104.85271480719172,105.14319656631015,102.78386066920004,104.2646484375,374509900
2007-11-09,103.22312649354843,104.53386735274992,102.65631466828243,102.83344268798828,277745100
2007-11-12,102.88310080292086,103.87501393917802,101.81324005126953,101.81324005126953,243087800
2007-11-13,102.99644577351373,105.0794739925502,102.89017323623285,104.91651916503906,191117400
2007-11-14,105.72421098565468,105.85173801604267,103.99543916679373,104.62601470947266,230558800
2007-11-15,103.84667535526286,104.49850551425688,102.39422266538696,103.11689758300781,263111100
2007-11-16,103.66244343765365,103.77580801184544,102.42963882920074,103.29401397705078,308770600
2007-11-19,102.93269304279858,102.98937533897153,101.4519045425489,101.85575103759766,267746000
2007-11-20,102.03996615766276,103.10981606604287,100.68670478243088,102.47924041748047,414767500
2007-11-21,101.3739119459522,101.96197828268366,100.3749072964071,100.38198852539062,259012400
2007-11-23,101.36688318272458,102.26668622600316,101.10472622013341,102.11790466308594,77688400
2007-11-26,102.33042692077983,102.64926610654676,99.65934331751671,99.86480712890625,214232000
2007-11-27,100.42456000861196,101.4802366553259,99.86482911082638,101.01262664794922,293897900
2007-11-28,102.16038051029102,104.48429976746993,102.12495273646648,104.243408203125,258596900
2007-11-29,103.8820587371943,104.66142650736336,103.51364016496761,104.27882385253906,199409900
2007-11-30,105.59669626551911,106.18476292683089,104.38514596739307,105.32746887207031,222908000
2007-12-03,104.99440471308237,105.17861395813388,104.35673736752969,104.633056640625,146430400
2007-12-04,103.91043186016483,104.533915424746,103.66244819412188,103.6978759765625,136533900
2007-12-05,104.8102518609552,105.710065788161,104.7394070956036,105.43374633789062,171130000
2007-12-06,105.3061339352162,107.1340960522084,105.26362494824522,106.94279479980469,154457400
2007-12-07,107.28295305532761,107.33963534821606,106.6665506881089,106.92161560058594,148980100
2007-12-10,107.18369938138684,107.87095691760022,106.88612562514534,107.7505111694336,123914300
2007-12-11,107.79307055481468,108.32445482746121,104.7393839977725,104.79606628417969,250346400
2007-12-12,107.02787004144224,107.53091854884643,104.29301203560685,105.83048248291016,322435600
2007-12-13,105.08657803614877,105.84468078108759,104.36389226698707,105.61087036132812,237551300
2007-12-14,104.81021684697647,105.6391857318968,104.2221611657334,104.2717514038086,159152900
2007-12-17,103.87500172145006,104.05921105050481,102.63510504144348,102.78389739990234,177269400
2007-12-18,103.51361582695532,103.78284305704538,101.99740045778528,103.35774230957031,245569300
2007-12-19,103.40025130321422,104.07333559499342,102.69173924638643,103.35774230957031,198917200
2007-12-20,104.03793351073197,104.05210678245716,102.86180061143183,104.00959777832031,214813800
2007-12-21,104.96763789020275,105.71552649556558,104.76820237789536,105.50897216796875,146084400
2007-12-24,106.00040358443668,106.47049519624926,105.75822266320533,106.29242706298828,45601400
2007-12-26,105.8793337834119,106.61297380377829,105.77249722449214,106.5203857421875,67093100
2007-12-27,106.14283119831379,106.14995000935647,104.93197034781342,105.18125915527344,122981700
2007-12-28,105.80102773548086,105.85089206284141,104.63290043809955,104.91781616210938,116398100
2007-12-31,104.77531015713444,105.13856529251879,104.03454052192737,104.14138793945312,108126800
2008-01-02,104.36929279848162,104.69694294390465,102.48177494411415,103.22965240478516,204935600
2008-01-03,103.21544827018356,103.62856777523461,102.6171417601454,103.1798324584961,125133300
2008-01-04,102.09715770831806,102.16838931975443,100.36634040827803,100.6512451171875,232330900
2008-01-07,101.00735556830477,101.3065086965683,99.7893757509758,100.56575012207031,234991000
2008-01-08,101.19971392797724,101.78377193315217,98.60704154493172,98.94181060791016,326365700
2008-01-09,99.070019302514,100.2808808663279,98.07996056364955,99.98172760009766,301824900
2008-01-10,99.49021897365014,101.71251659523207,99.26941623451071,100.63697814941406,335701200
2008-01-11,100.2737398116685,101.07148167802029,99.00589540189465,99.82500457763672,267076600
2008-01-14,100.54439070051606,101.04297928671149,100.00305663400442,100.6298599243164,170365500
2008-01-15,99.56858921659885,100.77946141943691,98.22239433938516,98.41471099853516,239940100
2008-01-16,97.83777524917892,99.09137124680902,97.0685194545814,97.56710815429688,378802600
2008-01-17,98.15830168900304,98.2081659961857,94.68240734159002,95.03854370117188,397892600
2008-01-18,95.97164089440906,96.17107640874795,93.37896833958324,94.062744140625,348561500
2008-01-22,90.60821283576777,94.32627190130206,89.74636348928534,93.10829162597656,435923700
2008-01-23,90.52270021942643,95.57983880298482,90.34463211251824,95.34478759765625,511913000
2008-01-24,95.78641511365974,96.48445007896835,94.9530574853633,96.1496810913086,259949300
2008-01-25,97.23236029945052,97.41042850729625,94.44738178874319,94.76077270507812,269603900
2008-01-28,94.9174435743576,96.52718661989859,94.0627186207382,96.32775115966797,217934600
2008-01-29,96.9403109579671,97.18959986170476,96.0713374649453,96.80497741699219,168968300
2008-01-30,96.56991847175543,98.67823923907757,95.87189438093823,96.09269714355469,334939200
2008-01-31,95.01719323157471,98.6782752222934,94.87474083617506,97.84491729736328,343680800
2008-02-01,98.25085715159116,99.44035076212057,97.951704046106,99.41898345947266,206843600
2008-02-04,99.15548677414341,99.21958870835118,98.03721342478674,98.1654281616211,124694300
2008-02-05,96.82638265873864,97.04718552539013,95.20952008425832,95.53717041015625,286882500
2008-02-06,95.8576442095614,96.33486552941575,94.3120140298614,94.76786804199219,250792900
2008-02-07,93.87753526040927,96.00722347859232,93.82767095922826,95.39466857910156,297368100
2008-02-08,94.79634211658266,95.60121349994752,94.09119931447734,94.7821044921875,221643500
2008-02-11,94.80350655604188,95.6083673660861,94.04848831807062,95.2664794921875,188576300
2008-02-12,96.09269797974765,97.08987526102102,95.4302788177168,96.1496810913086,256654400
2008-02-13,96.87621077519321,97.62409932063076,96.2565369736344,97.13262939453125,181967800
2008-02-14,97.54572978762693,97.58134559108817,96.00721837280715,96.27788543701172,215207200
2008-02-15,95.80066908220878,96.31350624714088,95.38043083740601,96.25652313232422,154110300
2008-02-19,97.381908458998,97.50299349394987,95.87901287348676,96.52718353271484,145190000
2008-02-20,95.43739962561955,97.26081555235886,95.2735691194584,96.81208038330078,220085700
2008-02-21,97.33918227328392,97.58847117798095,95.49439873117011,96.0072250366211,201051200
2008-02-22,96.13543869333736,96.76224209184309,94.632542994406,96.5984115600586,205491000
2008-02-25,96.54146221494413,98.04435843958638,96.00013873405553,97.81643676757812,190107000
2008-02-26,97.40328937406652,98.97028710256156,97.22522120336438,98.550048828125,212420700
2008-02-27,97.98024524103349,99.1056375762731,97.87340866773435,98.45034790039062,168395800
2008-02-28,97.75227194379839,98.26510896149688,97.26080222946945,97.48872375488281,170831100
2008-02-29,96.58418984825796,96.64116210440312,94.57557546392012,95.31634521484375,252715200
2008-03-03,94.83198319755456,95.30920458399805,94.19094213956622,95.0884017944336,189483500
2008-03-04,94.18381684978678,95.01717461140684,93.30060565033594,94.72515106201172,282513100
2008-03-05,95.03142900401079,95.99300156391125,94.26217312977435,95.3234634399414,270681400
2008-03-06,94.71801848703413,94.88896784384626,92.98720108153815,93.35045623779297,247911700
2008-03-07,92.43164301468936,93.83482128066383,91.58403665552078,92.38890838623047,326434600
2008-03-10,92.48146975505188,92.54557167923122,90.87885644006565,91.17089080810547,235683600
2008-03-11,93.10831873189937,94.53286459882754,91.84759259650966,94.44739532470703,341440600
2008-03-12,94.54707239329944,95.2807123294241,93.4216803387544,93.56413269042969,229161100
2008-03-13,92.31767450258296,94.47586013434825,91.59828291480119,93.77070617675781,351504200
2008-03-14,94.56844944096584,94.5969355668672,91.01420475462814,92.31766510009766,484687800
2008-03-17,90.15234845273245,92.06835817235988,89.79621213026228,91.38458251953125,405311100
2008-03-18,93.0370371621194,95.2237191111967,92.58118316407696,95.18098449707031,334416600
2008-03-19,95.5442397567616,95.90749484590337,92.62391794417098,92.8233642578125,345971600
2008-03-20,93.08966866992736,95.13685439054176,92.52418130378005,94.54273986816406,245320700
2008-03-24,95.42317005426521,97.2126676876352,95.37306980008877,96.43244934082031,208977300
2008-03-25,96.53265912432775,97.02656221026702,95.7524407908252,96.52550506591797,192947200
2008-03-26,96.24630428013992,96.69725006341748,95.27997160327556,95.34439086914062,196934300
2008-03-27,96.06019517543328,96.23199081657184,94.7431280267058,95.04376220703125,225153200
2008-03-28,95.19411020214434,95.45895232940941,93.81261249234883,94.13471984863281,180896100
2008-03-31,93.97723269726504,95.0079848599659,93.83407510182867,94.46398162841797,166692100
2008-04-01,95.63788183652456,97.9499089925137,95.56629758484229,97.7852783203125,254547300
2008-04-02,98.10023489493594,98.54402668826292,97.33432488028589,97.84970092773438,210910800
2008-04-03,97.31999511871729,98.37937412627313,97.141045445444,98.09304809570312,175884800
2008-04-04,98.15037140026092,98.75165095926451,97.43457228346269,97.9857406616211,204446800
2008-04-07,98.6871810111131,99.18824892894804,97.87833576184843,98.03581237792969,154245500
2008-04-08,97.48461314975773,98.00714306990176,97.3128175536384,97.9355697631836,148937300
2008-04-09,97.78527378523427,97.921277303789,96.55409898451731,97.2269515991211,195610600
2008-04-10,96.93347714456763,97.82822569034406,96.56125869130207,97.36296081542969,192967800
2008-04-11,96.267788480149,96.71873431547547,95.2083983488327,95.47325134277344,222973300
2008-04-14,95.33722242434625,95.58774539452834,94.87911173252311,95.15110778808594,160522000
2008-04-15,95.6164158733046,95.6951541871354,94.72166727169285,95.373046875,172389200
2008-04-16,96.3035950094425,98.00004610804493,96.28928689309527,97.95709991455078,189268900
2008-04-17,97.36294789644838,98.24337729044662,97.10525991256816,98.1002197265625,179665700
2008-04-18,99.45312032547409,99.89691223498451,98.96637129891049,99.12384796142578,218530600
2008-04-21,98.94485883349533,99.48170789968059,98.67286273373924,99.17391967773438,118587400
2008-04-22,98.91625441734621,99.00214679256048,97.99286769489393,98.7373046875,162166000
2008-04-23,98.84469140515766,99.33859451326349,98.15036543031717,98.57984924316406,193309000
2008-04-24,98.8375121954604,100.02574097604075,98.09307523225796,99.00930786132812,229381300
2008-04-25,99.78236096410494,100.13310635244116,98.7158276075124,99.92552947998047,190788100
2008-04-28,100.12597888390965,100.39082104860432,99.76807934362942,99.94702911376953,105610200
2008-04-29,99.77522541743252,100.01859446401176,99.21690305305603,99.55332946777344,125514100
2008-04-30,99.70364943982429,100.63419043193207,98.96637725830078,98.96637725830078,208395900
2008-05-01,99.05226008433137,101.01354217529297,98.97352176462104,101.01354217529297,187279500
2008-05-02,101.88681613829715,101.90828923222178,100.61269492838717,101.2927017211914,181585500
2008-05-05,100.96341531861786,101.3642608688655,100.5053045580174,100.80593872070312,118504500
2008-05-06,100.2261438908805,101.78657992099772,99.9899289930493,101.67921447753906,179339800
2008-05-07,101.5646953437476,101.67206079913831,99.58909450899519,99.86825561523438,199267300
2008-05-08,100.02574512908555,100.44090981383516,99.48173095902928,99.61058044433594,178321200
2008-05-09,99.20974566154825,99.77522206515701,99.10236925832886,99.42447662353516,152588200
2008-05-12,99.67499336243795,100.6126881413079,99.30277488914543,100.5411148071289,147865900
2008-05-13,100.78452667839822,100.84894598323135,100.01861631350877,100.55546569824219,159132200
2008-05-14,100.97774231348039,101.78658753321092,100.54110460705722,100.76300048828125,181910800
2008-05-15,100.95623744465718,102.0943656064226,100.80592584362635,102.02278137207031,166927000
2008-05-16,102.25906340222816,102.26621746147389,101.36431449625957,102.11590576171875,204236800
2008-05-19,102.22324673869852,103.28979111075645,101.85819320463987,102.3950424194336,165664400
2008-05-20,101.8366737214171,101.88677394575252,100.92760640690628,101.56466674804688,178552100
2008-05-21,101.50744968034778,101.72934561238165,99.49605633226595,99.8468017578125,252724800
2008-05-22,99.80381877124029,100.33351380106939,99.49603053814167,99.861083984375,170820400
2008-05-23,99.53187001976283,99.96850792072634,98.43669823774792,98.52259063720703,181376400
2008-05-27,98.63709800976989,99.49605456981243,98.44382923403711,99.252685546875,168322900
2008-05-28,99.61773518604438,100.21184960508435,98.78025175358316,99.7107925415039,181288100
2008-05-29,99.58912659975302,100.87755616850752,99.5533344623483,100.21186828613281,173927200
2008-05-30,100.54830237167265,100.74157119058859,100.16892971520323,100.46240997314453,117362000
2008-06-02,100.09017537237239,100.11164846857108,98.78026189312256,99.42447662353516,181069900
2008-06-03,99.71077928876865,99.9398292350085,98.22907046673352,98.84465789794922,271965700
2008-06-04,98.56551763534152,99.61058895482371,98.39373286988877,98.7945785522461,246637700
2008-06-05,99.1954241735749,100.84891807339444,99.0093203703737,100.77017974853516,237867100
2008-06-06,99.88976351016993,100.0687132796535,97.50615126998161,97.5562515258789,384276300
2008-06-09,97.96425327554661,98.42236420660102,96.92634689199495,97.7924575805664,228263900
2008-06-10,97.11244106647135,98.13603923220298,96.88339108478651,97.30570983886719,260234900
2008-06-11,97.32715503334136,97.53473186105839,95.86691949507234,95.87408447265625,283890100
2008-06-12,96.3465426551731,97.25559945405048,95.57347848158494,96.23916625976562,252791800
2008-06-13,96.75452909741698,97.72086191234412,96.21767996072937,97.45600891113281,244726900
2008-06-16,97.02653716681309,98.01433216150593,96.96211789107255,97.51327514648438,185832500
2008-06-17,98.11455368349542,98.1503348882425,96.89768689983184,97.04085540771484,191707700
2008-06-18,96.41096923832247,97.00508372010351,95.70948927523048,96.09601593017578,265893000
2008-06-19,96.02443597567971,96.80466522309125,95.55917097279266,96.21770477294922,304204900
2008-06-20,95.56235893622808,95.74220379013254,94.39696779552197,94.65594482421875,289275700
2008-06-23,95.02278010210088,95.12349273428964,94.46886611348957,94.5623779296875,165096400
2008-06-24,94.27465355432116,95.27459027960357,93.65598695600465,94.3753662109375,267300600
2008-06-25,94.75666961158015,95.96522191535783,94.41137052148085,94.8214111328125,287853900
2008-06-26,93.92936582708039,94.54083168084067,92.13810731624882,92.24600982666016,297775000
2008-06-27,92.28194303631926,92.6991841997405,91.38991455706731,91.7424087524414,303423400
2008-06-30,92.00137700044085,92.73514663106558,91.57694603812787,92.06612396240234,258842600
2008-07-01,91.01586852935345,92.41866148682186,90.5914373679004,92.35391998291016,388622000
2008-07-02,92.64886883985264,92.91504668425299,90.60583396189973,90.77129364013672,288064600
2008-07-03,91.44028211359553,91.44028211359553,89.91519637448594,90.86477661132812,239352500
2008-07-07,91.21011027364437,91.60576563101894,89.14548952191953,89.93680572509766,372427300
2008-07-08,89.91521017744292,91.64172146085608,89.34689991602956,91.5338134765625,375973700
2008-07-09,91.7208409819353,91.89349043996518,89.48357140204685,89.77132415771484,336729400
2008-07-10,89.512352244298,90.49070837535706,88.90088103449298,90.13821411132812,436475700
2008-07-11,89.18144395500255,90.56984608740834,88.11676028048511,89.08792114257812,481124600
2008-07-14,90.10946617608356,90.28211569723041,88.05204063028349,88.28224182128906,322720800
2008-07-15,87.62039778254307,88.8361450236657,86.33989806433911,87.0376968383789,502502500
2008-07-16,87.36860435688537,89.61306950639616,87.11682272675465,89.17424774169922,371642900
2008-07-17,90.02310792745898,90.82881456503586,89.26775761170396,90.06626892089844,375490600
2008-07-18,90.76406630726274,90.94391109529572,90.03030198699621,90.62738800048828,267030100
2008-07-21,91.00867871901798,91.21729937907479,90.05909824232099,90.67776489257812,222863000
2008-07-22,90.03029677142742,91.9366525118249,89.81448084291938,91.70645141601562,296904200
2008-07-23,92.00139455022848,92.90780828318465,91.75680828564805,92.20281982421875,311698400
2008-07-24,92.32513049213455,92.37549230862459,90.03750974152636,90.28929138183594,248634500
2008-07-25,90.56264279949059,90.99426920155202,90.0446889216459,90.2677001953125,219131000
2008-07-28,90.28930262275786,90.6849579672378,88.78579694613337,88.94406127929688,205201300
2008-07-29,89.18862439568434,90.91512986745168,88.9440326445135,90.84319305419922,261505600
2008-07-30,91.44026747382112,92.51214616297352,90.84318157128813,92.46178436279297,354710000
2008-07-31,91.64893764444017,92.49061572270847,91.09501242695585,91.2388916015625,277402100
2008-08-01,91.44749276867431,91.56259059536232,90.25332057227068,90.75688934326172,248690900
2008-08-04,90.67053420289075,90.74247100868394,89.7497299165144,89.9151840209961,188239600
2008-08-05,90.65615050274118,92.48337404986874,89.9008057513319,92.3395004272461,251577600
2008-08-06,92.09490802118712,93.01571231670717,91.70644267993463,92.7495346069336,209555400
2008-08-07,92.0517551635249,92.39705956963819,91.03023809009856,91.36834716796875,246312500
2008-08-08,91.05903755900083,93.46895174559887,90.91515839891595,93.06610107421875,260811700
2008-08-11,93.13803321414863,94.60556206754372,92.96537824092601,94.03006744384766,249425800
2008-08-12,93.72076021865314,94.02289829090383,92.60571980022279,93.05174255371094,213200800
2008-08-13,92.64883864613502,93.26750517255543,91.8431374868359,92.49058532714844,256393200
2008-08-14,91.96543492731453,93.72072194370759,91.9006934333137,93.1883773803711,239555300
2008-08-15,93.46892373395741,93.87897510098969,93.01572235290317,93.6415786743164,181000800
2008-08-18,93.8286202973718,93.86459145140503,91.83594789082056,92.36109161376953,172275100
2008-08-19,91.6632990439164,91.8575345071512,91.02305197615172,91.35396575927734,194673700
2008-08-20,91.64172042471817,92.04457104053616,90.88637003163143,91.77840423583984,225498200
2008-08-21,91.18133313756395,92.39708600236206,91.0734251367568,91.93668365478516,180609800
2008-08-22,92.5625436288281,93.26753234863281,91.93668708000153,93.26753234863281,167715300
2008-08-25,92.65604124691632,93.26750696820855,91.18131172192052,91.37554168701172,171936900
2008-08-26,91.37554372313527,91.9870204349083,91.05902060673253,91.64171600341797,159117200
2008-08-27,91.75682156775724,92.67762608981775,91.57697676302894,92.53375244140625,171032800
2008-08-28,93.0013300904771,93.7638701877289,92.87903695948899,93.65596771240234,167537100
2008-08-29,93.32503700346355,93.61998503551524,92.44739372267972,92.64881896972656,189195800
2008-09-02,93.54085232887698,94.03003576644718,91.73520946665708,92.07331848144531,252364900
2008-09-03,91.99421691894531,92.44023403174192,91.31080882380952,91.99421691894531,251947000
2008-09-04,91.33957836051589,91.52661849021428,89.17424542088987,89.22460174560547,340042500
2008-09-05,88.69225340202311,89.88641990122504,87.76425366774471,89.5051498413086,289503400
2008-09-08,92.10931064844628,92.25319527416438,89.50516138041446,91.35396575927734,364075300
2008-09-09,91.43306460624875,91.62010467237874,88.33973837509566,88.64187622070312,377326800
2008-09-10,89.12387240916159,89.85044680552814,88.15990709125647,89.00157928466797,298916600
2008-09-11,87.8505961586139,90.4547455361416,87.47651587435843,90.28929138183594,375369400
2008-09-12,89.41161826093,90.79282464985019,89.08070457327784,90.70649719238281,297851200
2008-09-15,87.49806495001286,90.38997157563134,86.24634703884837,86.39022064208984,483607000
2008-09-16,84.31125978460564,87.99448412680087,84.16738610629127,87.83621978759766,581744300
2008-09-17,86.06652843570753,87.65635583471294,83.44798854458946,83.88681030273438,624095600
2008-09-18,84.92273352433938,87.61321072684521,81.86537132062811,86.3758773803711,776114700
2008-09-19,91.67293567486982,92.61354419114005,89.2345982396388,89.80619812011719,501087800
2008-09-22,90.04493510900116,90.26200024351675,87.08564652826637,87.77301025390625,249966500
2008-09-23,87.4401849881831,88.28672911412549,85.58067938973556,85.77603912353516,327470400
2008-09-24,86.35485107347544,86.82515510097802,85.22612582362504,86.05096435546875,311818400
2008-09-25,86.39102717011556,88.20712147478051,85.69642661793728,87.3967514038086,328253000
2008-09-26,85.97865336896011,87.91051269342505,85.74711972917628,87.4402084350586,285917400
2008-09-29,86.2029548124431,86.34766127526221,80.291606931099,80.5882568359375,459562300
2008-09-30,82.12939813019376,84.50985615111563,79.97323675652753,83.92378234863281,328154400
2008-10-01,83.40279614036942,84.43023135825882,82.44771963599791,83.97439575195312,332783000
2008-10-02,83.1712737350183,83.28704327597703,80.35669163275708,80.92829132080078,365337800
2008-10-03,81.65910976889323,83.53308455281189,79.35824150218116,79.83577728271484,461798000
2008-10-06,77.52768100169273,77.86774730304762,72.81741164330995,75.76947021484375,610637500
2008-10-07,77.30339029913596,77.6579306134859,72.10111592387386,72.37606048583984,540012100
2008-10-08,70.55992005502749,73.93163352070827,70.04620512102379,70.55268859863281,725414800
2008-10-09,72.10832654147669,72.80292743369994,65.29978156967017,65.62537384033203,534485200
2008-10-10,62.77462074834995,67.96966206961137,60.473752742104416,64.03358459472656,871026300
2008-10-13,67.91897934953505,73.3310775756836,65.08268676322002,73.3310775756836,455584000
2008-10-14,75.75496404646341,76.35550617351934,70.26327430005462,72.24578094482422,546268300
2008-10-15,70.51650065577024,70.76250814814922,64.9090423629732,65.13333892822266,484627500
2008-10-16,66.05226497355976,68.57019243108012,62.615434483058095,67.84664916992188,708811200
2008-10-17,66.55873608625,71.33412000634999,66.31273405288256,67.44145965576172,476649000
2008-10-20,68.98987940841205,71.7031678396831,68.07821294984913,71.49333953857422,321294200
2008-10-21,70.1619896481403,71.37030554756238,68.89578896402573,69.35885620117188,356502000
2008-10-22,67.4342002398939,69.35882712254443,63.33171306817407,65.5819320678711,516168000
2008-10-23,65.32869824018847,66.89154825226512,62.08722316595559,66.34165954589844,634666400
2008-10-24,60.82100895913075,65.06097041492629,60.77759815548169,62.977169036865234,545812600
2008-10-27,62.20297259794262,64.76431465701673,60.5605274246012,60.74141311645508,397288600
2008-10-28,63.194293082587414,68.18674484557799,61.16113740678289,67.83944702148438,639939500
2008-10-29,67.84662249195561,70.30666971661803,66.63830704579027,67.34738159179688,531270100
2008-10-30,69.30097759173569,69.85087205492044,67.21717483889496,69.6772232055664,414582100
2008-10-31,68.7944687146421,71.31963220043878,68.36034402530836,70.0606689453125,411394000
2008-11-03,70.02451218761591,70.68293916975992,69.42396998811688,70.2632827758789,205419400
2008-11-04,71.67417526192597,72.97655500534741,69.97385013926699,72.65096282958984,346793400
2008-11-05,71.77548690121665,72.86803873472495,68.73660751394215,69.59762573242188,387844100
2008-11-06,68.34584936346435,69.05492370665564,65.16226007274452,65.74109649658203,477721900
2008-11-07,66.31270642343213,68.01303109681365,65.48063100278335,67.91173553466797,380391000
2008-11-10,68.8885475954544,69.12008119927128,65.78454659665547,67.02180480957031,301773000
2008-11-11,65.66877288163518,66.66726036597835,64.14209650878419,64.95246124267578,418498200
2008-11-12,63.838236095586424,64.35918270241498,61.5880156981343,62.0944938659668,454330600
2008-11-13,62.31875846329332,66.37060380041957,59.395643993598604,65.96541595458984,753141900
2008-11-14,64.69199930454577,66.6093843429838,62.60095440567065,62.67331314086914,540352300
2008-11-17,62.49966138924369,64.07698583048223,61.61694329734404,61.84123992919922,415254900
2008-11-18,61.60967698838883,63.10741052072968,59.988942491988624,63.0061149597168,523811800
2008-11-19,62.15961322620757,62.854214195182415,58.54912785512461,58.96878433227539,558327600
2008-11-20,57.97749762696255,59.699533470905315,54.30190344417138,54.59131622314453,814180400
2008-11-21,56.04565840091274,58.53464889933902,53.78820151721006,57.536155700683594,718536500
2008-11-24,59.272664320858055,62.94102853881636,58.14393856770078,61.522884368896484,523305300
2008-11-25,63.16532829921753,63.31727172017464,60.64739534573565,61.97871780395508,454112400
2008-11-26,60.994681955307435,64.5328070648656,60.951265618124545,64.37362670898438,370134200
2008-11-28,64.12761829193046,65.21293286282972,64.01909125099682,65.18399047851562,118308100
2008-12-01,63.31725559965908,63.34619798488177,59.229236150229454,59.41012191772461,369927100
2008-12-02,60.39414367146691,61.85569831017673,59.35947681369757,61.69651794433594,469508400
2008-12-03,60.343495258404374,63.548791391728244,60.15537250795179,63.17978286743164,519863500
2008-12-04,62.26812770283712,63.70798268416361,60.58950765442844,61.718238830566406,444173800
2008-12-05,60.524397982313,63.9756970849189,59.50419928242864,63.62116241455078,471905300
2008-12-08,65.36489653498303,66.84092547211048,63.72969271500011,65.84243774414062,412859300
2008-12-09,65.38658740699445,66.66001920028285,64.38086300924506,64.7571029663086,370790000
2008-12-10,65.3503991679601,66.10288450005041,64.39532269265216,65.19845581054688,396187400
2008-12-11,64.78603987025733,65.84241197133,63.21595290963393,63.62837219238281,365061000
2008-12-12,61.89911513126476,64.44598444392875,61.64587062716986,64.38809967041016,415060400
2008-12-15,64.40980692145625,64.50387106116156,62.434537270388624,63.490909576416016,256694200
2008-12-16,66.47917175292969,66.58046739668198,63.80206313342157,66.47917175292969,377699500
2008-12-17,65.72664962573812,66.87708597398017,65.16228691611563,65.8351821899414,281819800
2008-12-18,66.13183213563757,66.32718631920831,63.82372817015107,64.60515594482422,374673300
2008-12-19,64.99102920560067,66.09974574607108,64.25431675377567,64.32726287841797,301451300
2008-12-22,64.61173006741518,64.67737489661643,62.35782965971079,63.503013610839844,243759500
2008-12-23,63.84586675262565,64.13763465481088,62.58397850581357,62.8465690612793,221625200
2008-12-24,63.05805649330508,63.36441566385643,62.72982128236506,63.211238861083984,62061600
2008-12-26,63.63433408227248,63.678102884113564,63.09456708965046,63.575984954833984,74767700
2008-12-29,63.634326691677096,63.699977104309085,62.43808346047018,63.39362335205078,127795900
2008-12-30,63.83125441590212,64.9545567566645,63.37171835172214,64.89620208740234,168256300
2008-12-31,64.97644267106048,66.35503982491707,64.82326582785508,65.82256317138672,193987200
2009-01-02,65.96845927331394,68.15670974299034,65.53810045380638,67.80658721923828,227566300
2009-01-05,67.56588390160847,68.31718796607004,67.02611696612963,67.72635650634766,240349700
2009-01-06,68.30257310046396,68.8933987926645,67.60233380026143,68.17857360839844,328260900
2009-01-07,67.10634082046748,67.29599073316238,65.79338844797681,66.13621520996094,280899200
2009-01-08,65.76419760457793,66.4425496411428,65.40677949487444,66.40608215332031,263834400
2009-01-09,66.49361649862288,66.61032025480169,62.262998210761545,64.98371887207031,330953600
2009-01-12,64.8013878774717,64.85245239748484,63.028910340171805,63.42279052734375,277858500
2009-01-13,63.262328593262815,64.10115355514176,62.87573297138579,63.53950500488281,356432300
2009-01-14,62.39431368908909,62.54749054916357,60.65830370990314,61.540897369384766,435491600
2009-01-15,61.35852745299219,62.182766221796435,59.60792646981703,61.56276321411133,532647300
2009-01-16,62.62770584956743,62.722527998303015,60.578047111079194,62.04417037963867,399237200
2009-01-20,61.43878778119011,62.04419957726145,58.389824924252686,58.76911926269531,419855200
2009-01-21,59.76840635691408,61.44606143290887,58.69616291431751,61.30747604370117,364360700
2009-01-22,60.11853640035127,61.30019371960315,59.206765323307565,60.35924530029297,427940300
2009-01-23,59.00982325842311,61.263718614775755,58.76911436647996,60.62183380126953,386800600
2009-01-26,60.971947250865405,62.26301809501347,60.403003040905304,61.03759765625,317978800
2009-01-27,61.36580979379172,62.10981776022666,60.760398311896566,61.65757751464844,273789700
2009-01-28,63.02158499242832,64.1521771975579,62.78087621839849,63.74370574951172,330007000
2009-01-29,62.81009556809133,63.816688980662576,61.61385218561193,61.67220687866211,294392500
2009-01-30,61.985849970879265,62.29220373011531,59.96536206232649,60.4176025390625,383383600
2009-02-02,59.49852087085505,60.67288222031538,59.30887096786557,60.235233306884766,288233300
2009-02-03,60.61452221063401,61.53358874341827,59.97263756512211,61.08134841918945,278385800
2009-02-04,61.48982260151224,62.27029815354772,60.57075611243075,60.78228759765625,322989300
2009-02-05,60.322763862100196,62.211956165435176,56.69756723733742,61.68677520751953,417679400
2009-02-06,61.89831355438236,63.70726420312907,61.767018300440355,63.444679260253906,366101700
2009-02-09,63.43005529656834,63.998999250374,62.96322920293262,63.53217315673828,240075200
2009-02-10,62.92678811363962,63.481146468263844,60.14041601738324,60.62183380126953,536212800
2009-02-11,60.86983821332894,61.307492806302236,60.10395380564431,60.979251861572266,324442500
2009-02-12,59.93618274254704,61.139721688443416,59.11923941152138,61.02301788330078,469302200
2009-02-13,60.9427520128432,61.446045623646896,60.35192085189033,60.366512298583984,293998400
2009-02-17,58.47005066647033,60.51241427340779,57.747924060920425,57.78439712524414,478910100
2009-02-18,58.200171354630015,58.309584995555404,57.09875034866323,57.64581298828125,362964800
2009-02-19,58.23663933346251,58.46276234388915,56.90910087309076,57.02581024169922,316867500
2009-02-20,55.9681494054093,57.14250524742193,55.26790443158891,56.47144317626953,477176600
2009-02-23,57.09143516845035,57.09143516845035,54.40718184209695,54.450950622558594,379641400
2009-02-24,54.91779223438606,56.85803805312131,54.48743342313856,56.51521682739258,426260900
2009-02-25,56.267191482152,57.20084376347783,55.165770947928614,56.07025146484375,461985800
2009-02-26,56.76321148703675,58.11263136687537,55.092846455125404,55.15849685668945,363353900
2009-02-27,53.9841206510583,55.20954068281947,53.83823400143991,53.92576599121094,470510900
2009-03-02,52.89728945128152,53.91847380559344,51.32904821127457,51.49681091308594,426452600
2009-03-03,52.23352411488818,52.2991689388708,50.79657249652608,51.11022186279297,443761000
2009-03-04,51.95634426949993,53.15258698850367,51.11021838459123,52.32105255126953,462753100
2009-03-05,51.13211061348819,52.321063420659264,49.72433613080049,50.18387222290039,485549400
2009-03-06,50.621522935926606,51.3874071749343,48.94386220570539,50.271400451660156,490470000
2009-03-09,49.56385555361602,51.05916180387516,49.40338857683829,49.680564880371094,379905300
2009-03-10,50.70176024415772,52.78789261054716,50.59964234356592,52.642005920410156,406227900
2009-03-11,53.247430908500824,53.79449355482104,52.39401451584346,52.984840393066406,356648300
2009-03-12,52.97022455435636,55.25329603738343,52.496102749285235,55.07094192504883,409702700
2009-03-13,55.44298982594019,56.15052523311206,54.50933692101617,55.501338958740234,337474700
2009-03-16,56.135914470321616,56.872626973034144,55.29708406406577,55.33355712890625,360644900
2009-03-17,55.48674022448137,57.15710549887923,55.03449976863709,57.02581024169922,356814300
2009-03-18,56.75589636157931,59.00979625139798,56.21612970714308,58.30226135253906,473273200
2009-03-19,59.031707695347556,59.08276665380604,57.39781545966707,57.580169677734375,428520400
2009-03-20,57.86007075605969,57.970267539521664,56.22182610752287,56.354061126708984,371078200
2009-03-23,57.84534910348313,60.45331419642923,57.52945478747703,60.40188980102539,419933300
2009-03-24,59.68193655814764,60.504732405318265,59.14565443303283,59.211769104003906,330271000
2009-03-25,59.674619469573315,60.7545321195654,58.08045149085632,59.83623504638672,441775100
2009-03-26,60.42392505265118,61.19529655057785,59.74071205886535,61.05571365356445,422025200
2009-03-27,60.27701966333728,60.62964258632412,59.733383782735416,59.95377731323242,322332300
2009-03-30,58.624065404296616,58.67548979691217,57.27232970508458,57.882080078125,324108500
2009-03-31,58.44774783143415,59.56439978148066,58.07308680521918,58.41836166381836,364238300
2009-04-01,57.69108118218591,59.814183079503536,57.54415592614896,59.549713134765625,377018300
2009-04-02,61.03369141433823,62.1576860135417,59.60114477224681,61.29081344604492,476230700
2009-04-03,61.33488444743922,61.91524875582385,60.73248191041863,61.90055847167969,284646300
2009-04-06,61.22467265566303,61.91523354238647,60.45330681874243,61.415679931640625,264866600
2009-04-07,60.423928000008225,60.71778408997297,59.880297876718615,59.98314666748047,258947800
2009-04-08,60.284339147116484,60.93082360220932,59.90233019124741,60.62961959838867,230402800
2009-04-09,62.201755493020364,63.04658973509262,61.95198143449497,63.039241790771484,269653500
2009-04-13,62.385432081416724,63.57554717206401,62.13565795397023,63.053955078125,224847500
2009-04-14,62.46623239690901,63.00252029529059,61.76832893933893,61.966678619384766,276598800
2009-04-15,61.59200796881373,62.75273661408778,61.42304447522903,62.62784957885742,250726100
2009-04-16,63.12739185592082,64.02365037856147,62.2752097836269,63.54613494873047,335202900
2009-04-17,63.788588664403854,64.39099131481323,63.28168689100603,63.97224807739258,262649000
2009-04-20,62.84089918627085,63.95020350002248,61.22469314941181,61.29081344604492,293690100
2009-04-21,60.84267207850237,62.539682758018756,60.79124768230002,62.488258361816406,114090900
2009-04-22,61.922587596823746,63.42859091555184,61.760966470801336,62.10624694824219,340395200
2009-04-23,62.23113620770756,62.75272811197739,61.43772643578776,62.715999603271484,324903700
2009-04-24,63.20087859383621,64.14121392567941,62.95110447343316,63.66370391845703,287703000
2009-04-27,62.943728790517895,63.920797817672664,62.840880009221415,63.0612678527832,289581600
2009-04-28,62.42214513334485,63.612254217346475,62.26787194115349,62.8629264831543,247926300
2009-04-29,63.56085249051452,64.91258879754483,63.39923690165002,64.19998931884766,311505700
2009-04-30,65.0521362426267,65.39741107132544,63.854673836545395,64.22199249267578,301419800
2009-05-01,64.23673697864368,64.80240567093632,63.707796816849864,64.56732177734375,236110300
2009-05-04,65.05216870713645,66.80795231128253,64.9272760420472,66.76387023925781,287120000
2009-05-05,66.53611755371094,66.80058749972473,65.99982971739429,66.53611755371094,243036300
2009-05-06,67.35158150606108,67.73359062660847,66.56551942689958,67.68951416015625,291941000
2009-05-07,68.32864025312251,68.43148906197356,66.32307727084762,66.7491683959961,317728000
2009-05-08,67.60864057626232,68.48286037864277,67.1752074470778,68.30654907226562,299081700
2009-05-11,67.36626053953708,67.66746462288525,66.88140267503765,67.02832794189453,247923600
2009-05-12,67.31482912749739,67.46175998389694,66.00717533215632,66.82997131347656,282431300
2009-05-13,65.9263733248782,66.12472860557025,65.01542431624306,65.14765930175781,269619100
2009-05-14,65.17703850805049,66.20553210710429,65.01541736471985,65.70597839355469,260098700
2009-05-15,65.6545564412301,66.11737605587906,64.75829778014275,65.16969299316406,271502700
2009-05-18,65.78681958028919,67.10181635696922,65.06687204445934,67.02101135253906,241447400
2009-05-19,66.9842238408027,67.56458793361921,66.71240604396337,66.94014739990234,206102200
2009-05-20,67.54993224524426,68.17437875537134,66.41859515346646,66.49205780029297,285722200
2009-05-21,65.72065426489321,65.97043386931217,64.83909171893472,65.53699493408203,258988400
2009-05-22,65.72067272649977,66.11737766507093,65.14765635017682,65.39743041992188,166811900
2009-05-26,64.91256700837597,67.26340465996643,64.8831808371262,67.07240295410156,236318500
2009-05-27,67.1752659533634,67.40300182264852,65.77210540493371,65.87495422363281,246015800
2009-05-28,66.45531840511833,67.10179749270831,65.45621079394456,66.79325103759766,289095000
2009-05-29,67.160542422152,68.83551461430238,66.61691237492589,67.97599029541016,258641500
2009-06-01,68.81348957511818,69.91544576579203,68.6371781539653,69.62158966064453,276246800
2009-06-02,69.34978187943346,70.06238115900133,69.22489484822904,69.68036651611328,230874500
2009-06-03,69.08531342276113,69.15142810959168,68.14497828890772,68.7988052368164,235310500
2009-06-04,69.05592500417264,69.54813078404094,68.54168099607729,69.44528198242188,210102300
2009-06-05,70.15054702887763,70.28278202893974,68.90901322229276,69.45999145507812,284257900
2009-06-08,68.93837255984475,69.86401727514172,68.35066598881644,69.1734619140625,238565100
2009-06-09,69.56284191307186,69.89342661858295,69.07063042052705,69.52610778808594,225125500
2009-06-10,70.14321788895104,70.15056023128491,68.46089669565097,69.34980773925781,296100400
2009-06-11,69.4820137705662,70.60600821118747,69.46731788234784,69.6583251953125,275414200
2009-06-12,69.3497885683514,69.89341880737614,69.0559324158267,69.8493423461914,184361800
2009-06-15,69.02653958758573,69.07061604452255,67.88050686851344,68.2478256225586,224190500
2009-06-16,68.49028155511189,68.53435802762871,67.27812811732693,67.32220458984375,227319000
2009-06-17,67.29279388074968,67.82908172189268,66.72712547186455,67.25606536865234,223445200
2009-06-18,67.3589035810206,68.07884507914959,67.0356613382795,67.74826049804688,211725100
2009-06-19,68.39692399622068,68.48557485761478,67.61380568941033,67.99797821044922,215655600
2009-06-22,67.33307583413908,67.37001745470627,65.93676825149794,65.95893096923828,251913600
2009-06-23,66.09931478828625,66.40221471517366,65.64126453505294,66.01065826416016,188309800
2009-06-24,66.6090886165473,67.28877181389939,66.19536375322285,66.57953643798828,211577700
2009-06-25,66.24707671347649,68.09404554547818,66.17319908749674,68.02755737304688,279411000
2009-06-26,67.7984895963025,68.14572043467803,67.42909604679633,67.85020446777344,167579000
2009-06-29,68.04970622376291,68.57424458873253,67.67292308062964,68.48558807373047,168481300
2009-06-30,68.50037278484447,68.75155781056026,67.42912760796598,67.93150329589844,228888200
2009-07-01,68.2196335724191,68.87715961881204,68.12359322863195,68.21224975585938,173041100
2009-07-02,67.32565481663931,68.23436527343802,66.31352027104337,66.35045623779297,212309900
2009-07-06,65.70775153168118,66.43914946133965,65.5008919666465,66.34310913085938,174499600
2009-07-07,66.27659421800772,66.35786125502038,65.01326887421808,65.0575942993164,197088900
2009-07-08,65.4491645798791,65.60431487389592,64.27449547160755,65.0132827758789,248050500
2009-07-09,65.46396143414202,65.67821048751276,64.94681243393774,65.1388931274414,163777600
2009-07-10,64.79163262942821,65.37527517078392,64.53305824692855,64.98371887207031,173520300
2009-07-13,65.24228301965954,66.61642739280121,64.71035543825013,66.56471252441406,217413500
2009-07-14,66.77158951424774,67.00061739418449,66.29138231174996,66.94151306152344,181487400
2009-07-15,67.82805474104556,69.08399643169184,66.99322718848899,68.89929962158203,220877900
2009-07-16,68.70723085674224,69.82280145209882,68.57424889414013,68.78849792480469,231174500
2009-07-17,69.49034595585265,69.68243227166039,69.1061789607381,69.54206085205078,138561700
2009-07-20,69.94837836915679,70.39903905104056,69.58637418807783,70.28083038330078,164179400
2009-07-21,70.8275497284231,70.84971244847702,69.75630462164577,70.60591125488281,217718300
2009-07-22,70.15523807056292,71.01961781862362,70.10352318742679,70.59112548828125,196068100
2009-07-23,70.6354622456698,72.46026798626139,70.5763579021809,72.14997863769531,258795500
2009-07-24,71.81013794700361,72.50459995427967,71.43336040546106,72.44549560546875,154003100
2009-07-27,72.31250566793777,72.6966782563608,71.91355981219094,72.65973663330078,159259400
2009-07-28,72.14994450420423,72.67448262238796,71.70666777424817,72.31986236572266,186685200
2009-07-29,71.98744108749048,72.46764835512201,71.64759958334348,72.14258575439453,194399300
2009-07-30,73.0143497249779,73.75313702005245,72.84442616705087,72.8961410522461,225575400
2009-07-31,72.8813925656694,73.48719812814105,72.68191677173877,72.99959564208984,207358000
2009-08-03,73.76792412863851,74.27029980902131,73.36897823805505,74.20381164550781,175776900
2009-08-04,73.87132817528344,74.49929614779843,73.71618354465025,74.39586639404297,176714600
2009-08-05,74.44759122905214,74.5140850147885,73.56843820453493,74.18163299560547,184726400
2009-08-06,74.52148419694831,74.63229779347988,73.45023912630693,73.79747009277344,193203800
2009-08-07,74.5732010139624,75.37847656422986,74.16686569451522,74.7652816772461,220640900
2009-08-10,74.42541064744165,74.7800309344129,74.07817980966725,74.610107421875,130898700
2009-08-11,74.27766078330764,74.32937565837966,73.4797693080546,73.67924499511719,157301000
2009-08-12,73.55366436702558,75.03123901890797,73.51672838262851,74.46976470947266,219052400
2009-08-13,74.80959014751325,75.06816452879787,74.07080298012936,75.03861236572266,176449500
2009-08-14,75.00167570816092,75.0607800382164,73.65708320014411,74.46236419677734,199616100
2009-08-17,73.0291415346981,73.10301915566494,72.48244037574212,72.63019561767578,237667500
2009-08-18,72.79269428408836,73.46499327113804,72.65971237656744,73.20641326904297,173461500
2009-08-19,72.63015937529553,74.10034979046746,72.55628179119354,73.84915924072266,192812800
2009-08-20,73.9451979066153,74.7800309344129,73.78266947977248,74.610107421875,174131300
2009-08-21,75.22331531360932,76.19112477840511,75.07556012264023,76.07292175292969,224605000
2009-08-24,76.38323057249846,76.79694972222877,75.79219838445458,76.0655517578125,191279000
2009-08-25,76.36847020785123,77.0259906689854,76.05079133948854,76.21332550048828,215310600
2009-08-26,75.97689429831726,76.56792647904615,75.71831983293609,76.22069549560547,194620700
2009-08-27,76.1763835667899,76.62704441632006,75.31200349926547,76.39063262939453,196230100
2009-08-28,77.0038053392454,77.09245621085599,75.85129327980805,76.3758316040039,147024400
2009-08-31,75.62964833156764,75.78479296849741,75.20115039919071,75.69613647460938,176051600
2009-09-01,75.31935157830328,76.27238772740944,73.87132936588974,74.02647399902344,321276800
2009-09-02,73.7162058842549,74.2038082738684,73.56106120660532,73.74575805664062,171805000
2009-09-03,74.17425091678105,74.44759862836625,73.5758293316753,74.35894775390625,143572300
2009-09-04,74.50668013608502,75.42277458926453,74.28504738135527,75.4006118774414,142687900
2009-09-08,76.09509905909572,76.13204068217112,75.64443831277715,76.05077362060547,132909100
2009-09-09,76.18374635168415,76.89298146418746,75.94733464751639,76.63440704345703,154612500
2009-09-10,76.6861359120682,77.46924876808852,76.25763785871717,77.41753387451172,162902400
2009-09-11,77.56526693576976,77.79429480172881,77.04072869753938,77.4027328491211,152360100
2009-09-14,76.7452374692096,77.91252298068557,76.20592579282571,77.779541015625,149593800
2009-09-15,77.90510042974661,78.39270263997587,77.39534114400513,78.10457611083984,196795900
2009-09-16,78.38533021712065,79.30142487704477,78.11198252761491,79.28665161132812,206406300
2009-09-17,79.17583321654097,79.83335345953418,78.7325619659219,79.16844940185547,229170900
2009-09-18,79.53811739643378,79.54554204481813,78.95169476771053,79.21892547607422,153799100
2009-09-21,78.60280398773452,79.42676433247561,78.43207673120442,79.01849365234375,151892000
2009-09-22,79.48617678653923,79.70144633870298,79.12986719525297,79.47875213623047,143126700
2009-09-23,79.66429803982311,80.19133474159604,78.67702947325638,78.81806945800781,225947400
2009-09-24,78.98881489777118,79.15954217269496,77.6081247477424,77.9495849609375,228636800
2009-09-25,77.77885985905351,78.20939890907411,77.26666665598253,77.53389739990234,204059000
2009-09-28,77.83082106878241,79.09274528455445,77.81597743338779,78.92201232910156,118285800
2009-09-29,79.06302594682553,79.44159798811735,78.52113999064379,78.6844482421875,133733900
2009-09-30,78.95167528983663,79.02590476532536,77.66006429362561,78.38009643554688,254383000
2009-10-01,76.45754812883119,78.4840467992644,76.4204305488665,76.4352798461914,281840600
2009-10-02,75.73010977538749,76.5318021878029,75.70784148560085,76.07899475097656,224748800
2009-10-05,76.3832665297695,77.43733938693127,76.16057252858042,77.21464538574219,149875000
2009-10-06,77.77141385157594,78.76610705040773,77.7268772942696,78.32072448730469,202491100
2009-10-07,78.14257604509784,78.61765725294221,77.99411706119768,78.53600311279297,159200300
2009-10-08,79.09273150463362,79.55295774520984,78.57311374278201,79.13726806640625,183305800
2009-10-09,79.15954951366825,79.61978149414062,78.95170463969623,79.61978149414062,135008300
2009-10-12,79.99097311558415,80.23593002714699,79.63466340085971,79.93158721923828,118031000
2009-10-13,79.7162577896568,79.95379553348955,79.24860694930226,79.76821899414062,157692700
2009-10-14,80.70352919163997,81.22314125485033,79.73852888756733,81.14148712158203,191421600
2009-10-15,80.74810076822104,81.43844604492188,80.71098884095277,81.43844604492188,173873600
2009-10-16,80.76291470561691,81.11179385324878,80.33980040925593,80.82971954345703,192069400
2009-10-19,80.96337165311213,81.7502147495451,80.71099015552016,81.49783325195312,159530400
2009-10-20,81.61658879666517,81.64628173313358,80.67386213302471,81.0672836303711,180921100
2009-10-21,80.94110258181864,81.88382935824849,80.28045024056364,80.33983612060547,225379300
2009-10-22,80.31009780321342,81.41613229314439,79.79790478811664,81.15632629394531,238444000
2009-10-23,81.42356801202077,81.47552921892644,79.89441340543866,80.22845458984375,240033200
2009-10-26,80.31755568908366,81.14151630231247,79.13729115104438,79.3599853515625,242028200
2009-10-27,79.44903067907092,79.71626136077245,78.80322791774788,78.99622344970703,253266300
2009-10-28,78.79578415141017,79.04074649409102,77.45963106710136,77.5041732788086,248821400
2009-10-29,78.08320276350975,79.32285294521861,77.89762618552885,79.1669692993164,198110600
2009-10-30,78.90714526035191,79.14468299956033,76.78414923846258,76.87322235107422,325608100
2009-11-02,77.29634556334406,78.24650229338525,76.5169274211405,77.43738555908203,254222900
2009-11-03,77.00687144225705,77.79372014979926,76.85841241392397,77.682373046875,228362600
2009-11-04,78.32075335234387,78.9294444010314,77.68236936672665,77.8827896118164,247996700
2009-11-05,78.43208901189423,79.33769797111263,78.2687807142711,79.3154296875,180015300
2009-11-06,78.87744411263681,79.72367257431284,78.72156051846973,79.52324676513672,170954100
2009-11-09,80.13195738124264,81.37903210713974,80.07257718541688,81.3344955444336,159495700
2009-11-10,81.14149749433733,81.60172942583382,80.88911607804238,81.3493423461914,171899800
2009-11-11,81.88380359598938,82.26238138296148,81.37161611598324,81.7650375366211,169466200
2009-11-12,81.65369280053294,82.07680716396543,80.7258099277996,80.93365478515625,157144500
2009-11-13,81.14148615417254,81.72048406437433,80.72579650856031,81.3716049194336,150963000
2009-11-16,81.93577188990487,82.90819704779983,81.89123532171125,82.55188751220703,210922200
2009-11-17,82.33661679472692,82.68550167609109,82.02484949521556,82.64838409423828,147134100
2009-11-18,82.5890089313355,82.71519965597834,82.07681571992276,82.59642791748047,156486800
2009-11-19,82.03225071207679,82.62609220865842,81.00786464436852,81.52005767822266,208734600
2009-11-20,81.096990673426,81.475568600065,80.91883868697512,81.23060607910156,134196000
2009-11-23,82.18813776626575,82.94528754676806,82.09905898953457,82.26236724853516,148010200
2009-11-24,82.39598208126779,82.54444104490447,81.66110058357728,82.38855743408203,138420100
2009-11-25,82.52220166174351,82.76716413452914,82.2623955527353,82.67808532714844,109564800
2009-11-27,80.46599859158042,81.8912252316493,80.38434445105433,81.3344955444336,126001800
2009-11-30,81.26767834545687,81.80213400672034,80.25814154638189,81.60913848876953,160874800
2009-12-01,82.33659527561018,82.88590589405767,82.19556096079485,82.6186752319336,159613700
2009-12-02,82.60385703145202,83.14574320677647,82.33662626873702,82.58158874511719,132315100
2009-12-03,82.80428623130042,83.27193725299291,81.86897852456671,81.93578338623047,167324900
2009-12-04,83.01952169974483,83.42036772256714,81.68337395368395,82.40341186523438,274907800
2009-12-07,82.3291961879919,82.78942247915705,82.01742323127142,82.27722930908203,127973800
2009-12-08,81.6834117017626,82.22529230024492,81.11183249896138,81.36421966552734,169863700
2009-12-09,81.34196041191916,81.7873432492403,80.92626485551607,81.66857147216797,155063400
2009-12-10,82.17329785328087,82.4850707757609,81.9877212947474,82.1287612915039,138014600
2009-12-11,82.47765350341797,82.663230078547,82.10650035315989,82.47765350341797,124854000
2009-12-14,83.04180145263672,83.13829922543268,82.49249075514442,83.04180145263672,107141500
2009-12-15,82.73747691714499,83.07893720734847,82.3960166269415,82.65582275390625,120408800
2009-12-16,82.98982526023302,83.2347819720856,82.59639826521102,82.78197479248047,155358200
2009-12-17,82.18813848424101,82.34402209737247,81.71306299755089,81.78729248046875,183390100
2009-12-18,82.24255063793424,82.31718545880769,81.55595355906291,82.25001525878906,174591200
2009-12-21,82.6605069475975,83.36202776910697,82.6605069475975,83.08589935302734,118039600
2009-12-22,83.26495778053287,83.56347987657624,83.160475900993,83.38436889648438,91707500
2009-12-23,83.58588613085757,83.66797986738588,83.21273485348767,83.54856872558594,111783100
2009-12-24,83.72769386852679,84.0336749859832,83.58589454682124,83.94412231445312,39677500
2009-12-28,84.25758760095144,84.32475212018173,83.8247306086723,84.12325286865234,87508500
2009-12-29,84.33966958682194,84.35459313550955,83.99637102862975,84.00382995605469,80572500
2009-12-30,83.75753814636646,84.07098385254685,83.71275612131453,83.97396087646484,73138400
2009-12-31,84.1605546630011,84.18294852727429,83.13065896611039,83.16797637939453,90637900
2010-01-04,83.86204126108557,84.62326755347884,83.22022044674857,84.5784912109375,118944600
2010-01-05,84.52623982731122,84.83968557413895,84.22025300742887,84.8023681640625,111579900
2010-01-06,84.72030694311631,85.07107023468693,84.65314241179745,84.86210632324219,116074400
2010-01-07,84.70534054933243,85.32477304057522,84.46652395791597,85.22029113769531,131091100
2010-01-08,84.99642773392378,85.54123129793861,84.82478127383378,85.50391387939453,126402800
2010-01-11,85.88450341271869,85.92181512591176,85.2576062764038,85.62329864501953,106375700
2010-01-12,85.05612008260923,85.23523113728774,84.49639305463084,84.82476806640625,163333500
2010-01-13,85.04118687360202,85.7800306156365,84.60833565280392,85.54121398925781,161822000
2010-01-14,85.4442003460331,85.92929827282762,85.39195938122988,85.77257537841797,115718800
2010-01-15,85.62331023521338,85.70539829288457,84.48146233527316,84.8098373413086,212283100
2010-01-19,84.79492622794766,85.9218393569443,84.77253236111217,85.86959838867188,139172700
2010-01-20,85.28749474909347,85.41436487594113,84.31730439257467,84.9964370727539,216490200
2010-01-21,85.01879222194614,85.27999699746914,83.25751760150956,83.36199951171875,344859600
2010-01-22,82.98886403187277,83.39186820260709,81.4141647641998,81.50372314453125,345942400
2010-01-25,82.25000581322796,82.39926974399602,81.65296717166602,81.921630859375,186937500
2010-01-26,81.60072679092188,82.44405240646186,81.3768394183346,81.57833862304688,211168800
2010-01-27,81.473852959352,82.1529910540915,80.84696151236504,81.96641540527344,271863600
2010-01-28,82.2350818519663,82.2798581840523,80.53351290665691,81.02606964111328,316104000
2010-01-29,81.376855122028,81.94404682427654,80.01858430173903,80.14545440673828,310677600
2010-02-01,80.71262935751012,81.39922640024713,80.22753151654962,81.39176177978516,187865000
2010-02-02,81.54103668845353,82.53361497760442,81.25743801112081,82.37689208984375,216327900
2010-02-03,82.00372711873489,82.45151323096779,81.72759880253979,81.96641540527344,172730700
2010-02-04,81.33208759496962,81.36939932139416,79.42154841549187,79.43647766113281,356715700
2010-02-05,79.52599690473757,79.76481348997739,78.04832106289004,79.60063171386719,493585800
2010-02-08,79.66034951062228,80.10067106943076,78.96628776396719,79.02599334716797,224166900
2010-02-09,79.95140737090527,80.71263932459121,79.30958658400843,80.0185775756836,337820500
2010-02-10,79.89167681588317,80.30213973303431,79.19015071486419,79.86182403564453,240511500
2010-02-11,79.7573859174187,80.78728177853165,79.29467611056802,80.69772338867188,223591600
2010-02-12,79.84691132562222,80.67530764374328,79.48868927628364,80.63053131103516,304622100
2010-02-16,81.24250197370367,81.98133995781451,80.46634658183653,81.89924621582031,159317500
2010-02-17,82.29482007461813,82.39930772123174,81.8992804399958,82.28736114501953,168845100
2010-02-18,82.15295241430138,82.94403097118655,82.123099641271,82.77238464355469,193708600
2010-02-19,82.55599406946475,83.26497924825526,82.36195380293299,82.9440689086914,222684900
2010-02-22,83.25004187955398,83.27243004239106,82.7127031961202,82.958984375,132346900
2010-02-23,82.73511237089707,82.98885253927342,81.73506385745304,81.95149230957031,207497000
2010-02-24,82.1977524420211,82.83957301276199,81.988788664354,82.70523834228516,176350700
2010-02-25,81.526087017005,82.65300543481483,81.30219967366403,82.59329986572266,259634700
2010-02-26,82.66791123143278,82.92912161667026,82.17535462676503,82.64552307128906,173589300
2010-03-01,82.98884122789293,83.58588554503497,82.96645306242152,83.50379180908203,147709700
2010-03-02,83.86201369133983,84.13814197135139,83.58587971749209,83.73513793945312,160992400
2010-03-03,83.95160048409996,84.3098283338428,83.60083725664134,83.80980682373047,150785000
2010-03-04,83.9217306428556,84.18294112520104,83.6082848966459,84.06352996826172,135770400
2010-03-05,84.60834655864775,85.33225545822286,84.40684162345113,85.26509094238281,176118800
2010-03-08,85.27256273876284,85.46659737451812,85.13076337938584,85.28002166748047,114631200
2010-03-09,85.02625922150393,85.81733819060545,84.98148288554339,85.42179870605469,154556700
2010-03-10,85.45910021751915,86.03375063284864,85.38447110685554,85.80239868164062,186088800
2010-03-11,85.60090234597764,86.18302313234314,85.33969758571945,86.16062927246094,160791100
2010-03-12,86.53376980986359,86.54869904793094,85.92926662636467,86.16808319091797,162074800
2010-03-15,86.01883668896131,86.2501886659909,85.52627425470072,86.19048309326172,146816800
2010-03-16,86.42931950858116,86.95919377692005,86.19050285674057,86.87710571289062,168673000
2010-03-17,87.13831149246626,87.67565038846406,86.88456559431698,87.39205169677734,177468100
2010-03-18,87.39948520933147,87.51889064714152,86.99648118077982,87.34724426269531,196509100
2010-03-19,86.9051284790039,87.89430448886382,86.56790587639969,86.9051284790039,226641100
2010-03-22,86.41054300113012,87.52711733522938,86.35808691087134,87.36974334716797,184477800
2010-03-23,87.49713454711278,88.0591664904984,87.21236803673527,87.9842300415039,182941600
2010-03-24,87.6545056623073,87.99921791274565,86.61287355066312,87.55708312988281,196072600
2010-03-25,88.14912704623879,88.55379091106364,87.30982929752393,87.41474151611328,223396300
2010-03-26,87.57957864581151,87.99173203175904,87.01754662355864,87.36225891113281,205808500
2010-03-29,87.80434817937157,88.07412388501353,87.44465105003748,87.91675567626953,134513500
2010-03-30,88.0217063369913,88.29897752171267,87.60955295770228,87.97674560546875,145772500
2010-03-31,87.6395308619572,88.06667500175536,87.38474573733077,87.677001953125,161078700
2010-04-01,88.27647399902344,88.61369083155347,87.75190749396322,88.27647399902344,161215200
2010-04-05,88.6137120247954,89.05584112062225,88.36641657257778,88.99589538574219,105847600
2010-04-06,88.74109623007222,89.3630796239216,88.64367941742583,89.2057113647461,110384200
2010-04-07,89.02585605908716,89.44550471871798,88.28396982787443,88.69612884521484,184576300
2010-04-08,88.3888841895296,89.15325080117893,88.12660377074184,89.00337219238281,158704000
2010-04-09,89.19071659772844,89.62535598941737,89.02585870318013,89.587890625,133006500
2010-04-12,89.70035567785983,89.96264200012556,89.5954434358689,89.73033142089844,110279000
2010-04-13,89.64035359866239,89.95509012692354,89.17573844935917,89.79772186279297,125043600
2010-04-14,90.12744143582547,90.8168716430664,89.98506389553573,90.8168716430664,161609000
2010-04-15,90.66700009996977,91.10163954953345,90.63702437407382,90.89181518554688,144615300
2010-04-16,90.56959792756362,90.89182988645676,88.98841386384215,89.4455337524414,366786700
2010-04-19,89.18322519871465,89.87264963708692,88.77856153690024,89.78272247314453,217947800
2010-04-20,90.34477934828222,90.65952165040918,89.82771373526774,90.58457946777344,157708000
2010-04-21,90.6369993111747,90.84682933442429,89.9175992404553,90.41968536376953,192910100
2010-04-22,89.78275444850138,90.8019064670071,89.2656887942158,90.68949890136719,115360300
2010-04-23,90.62955579085418,91.31898049481273,90.39724529049802,91.28150939941406,177335500
2010-04-26,91.31146320237316,91.51379792127376,90.84685374781711,90.93677520751953,143457300
2010-04-27,90.41220080125456,90.92926626919031,88.61369755105329,88.78605651855469,355853300
2010-04-28,89.2132205040273,89.6853253544713,88.62870238601526,89.46051025390625,300674100
2010-04-29,90.00003757796122,90.7569087800383,89.97755721744237,90.56956481933594,193775000
2010-04-30,90.58456371677909,90.68198625035123,89.01087534892315,89.03335571289062,270000900
2010-05-03,89.4605127480961,90.43470392132477,89.32562482745344,90.18740844726562,182747900
2010-05-04,89.18321683566049,89.19820183627023,87.61701841825,88.06664276123047,360353400
2010-05-05,87.34726726193136,88.27649764530726,86.90513815341464,87.54210662841797,328973200
2010-05-06,87.12246511296085,87.67700181419352,78.68448880760957,84.63453674316406,647356600
2010-05-07,84.40973988331757,85.25653298298656,81.98925781066892,83.37560272216797,637558800
2010-05-10,86.78521449164562,87.41469317234235,86.11078080721306,87.04750061035156,396159600
2010-05-11,86.23068177909808,87.94675322034588,86.11078461198639,86.80020904541016,317849800
2010-05-12,87.1449327750421,88.14160419343976,86.99505414974642,88.01420593261719,235607100
2010-05-13,87.7744007135651,88.18655976240574,86.84517616024262,86.92011260986328,234452500
2010-05-14,86.26816286702278,86.42553113308418,84.58206695128442,85.34642791748047,345601400
2010-05-17,85.57875486694026,85.81855500855733,83.75777057621843,85.39141082763672,325739800
2010-05-18,86.08829976550837,86.34309053985473,83.95257963287163,84.22985076904297,360556800
2010-05-19,83.75776430276812,84.50714040385404,82.70114697322565,83.75027465820312,394742700
2010-05-20,81.96674739335691,82.34893076618717,80.53544216144022,80.58789825439453,530418300
2010-05-21,79.36641853294117,81.9667485693091,78.95425942718313,81.76441955566406,500909400
2010-05-24,81.32225590986138,81.97421488690163,80.64032693328024,80.71526336669922,269823000
2010-05-25,78.76691354434186,80.83519295052858,78.21986653674242,80.79772186279297,396505200
2010-05-26,81.29230187719065,82.03418243313537,80.07081547514014,80.31061553955078,349719300
2010-05-27,81.82436495178301,83.03086073499075,81.51711805618918,83.00088500976562,300870500
2010-05-28,82.91097180034792,82.97092326089694,81.56958788631502,81.95926666259766,297933500
2010-06-01,81.1948866371093,82.3938870667848,80.46050137524527,80.58039855957031,277909400
2010-06-02,80.99254654171745,82.68613191531004,80.56540251849675,82.67864227294922,240243700
2010-06-03,82.91846394759148,83.22570516574339,82.11663177501383,82.96342468261719,226618300
2010-06-04,81.38970022692237,81.92925167878435,79.77854122963541,80.0483169555664,398475600
2010-06-07,80.33310618334852,80.64035309250372,78.99172815334899,79.05167388916016,264609100
2010-06-08,79.11161340753078,80.05582864085729,78.42218895278384,79.8984603881836,357774300
2010-06-09,80.3630823060949,81.14243404833485,79.13410609798562,79.47132873535156,268023300
2010-06-10,80.82770721379704,81.89181991168464,79.46384293018852,81.79440307617188,317890600
2010-06-11,81.0749977390268,82.24402256277956,81.02254164353239,82.19156646728516,214128200
2010-06-14,82.82102881326155,83.27065896433628,81.98173139479644,82.06416320800781,207196100
2010-06-15,82.6411795569272,84.00504356888216,82.49879629568022,83.93010711669922,238268700
2010-06-16,83.49545993126392,84.24483581802942,83.33059632141003,83.9001235961914,216374000
2010-06-17,84.13989290235008,84.17736396990827,83.21816410015342,84.03498077392578,263185800
2010-06-18,84.20142212717393,84.42730105752388,83.85506983838197,84.12612915039062,174006600
2010-06-21,85.1726830704457,85.23291398116038,83.41832926305972,83.8851547241211,213140700
2010-06-22,83.88517046651292,84.25410999599356,82.37928827085436,82.499755859375,239355400
2010-06-23,82.55248499426712,82.84613164641007,81.67907605941498,82.24378204345703,254639900
2010-06-24,81.83718185075547,81.94259316046475,80.67012067892126,80.88094329833984,268523600
2010-06-25,81.12191678354688,81.6339172407866,80.39156259878706,81.21980285644531,238726500
2010-06-28,81.3402539429627,81.55860762600659,80.6701365942531,80.96378326416016,169218600
2010-06-29,79.82682629819871,80.94871286160436,77.96706629429241,78.46400451660156,373649500
2010-06-30,78.24566935611318,78.96849241490213,77.46260960630339,77.71861267089844,284101700
2010-07-01,77.66590007991343,77.92189737720406,76.14495536187977,77.37225341796875,382924800
2010-07-02,77.63577132330339,77.86918126828743,76.5138904898335,76.95059204101562,233385200
2010-07-06,78.03482505930042,78.58447465971044,76.70964694647175,77.45506286621094,256935300
2010-07-07,77.65084719625962,79.99249549070558,77.56802317983968,79.89461517333984,253769400
2010-07-08,80.56471493433281,80.77553756831425,79.74401171712137,80.68518829345703,210842100
2010-07-09,80.66259400522135,81.29506764204612,80.51200805308899,81.28753662109375,144999900
2010-07-12,81.01649071661286,81.49837273655137,80.67766939601093,81.34025573730469,131283600
2010-07-13,82.18354137081893,82.89130226354787,82.01789337108896,82.56754302978516,213025900
2010-07-14,82.3040173998059,82.88378545811713,81.96519608899094,82.56002044677734,184426800
2010-07-15,82.52989779244974,82.86871908556662,81.44566046329756,82.58260345458984,232337900
2010-07-16,82.13834192159905,82.22869692170148,80.15057787522298,80.30870056152344,282693400
2010-07-19,80.60235389561853,81.03905540488441,79.97741135088702,80.7830581665039,186709000
2010-07-20,79.71389983821068,81.73930808839543,79.67625047431137,81.6790771484375,258162400
2010-07-21,82.10071927754906,82.12330659722113,80.28612800407694,80.61742401123047,264527000
2010-07-22,81.57365016485623,82.77836072939012,81.56612488858003,82.41694641113281,274781300
2010-07-23,82.2512947293519,83.2527078997648,82.01788479658101,83.13224029541016,222020800
2010-07-26,83.2752927017944,84.08093952825585,83.04188277607206,83.99811553955078,184445700
2010-07-27,84.4574435101486,84.54779855477692,83.65932738830477,83.9906234741211,204855600
2010-07-28,83.81741063338231,84.07341361776108,83.16988076902365,83.44847106933594,163056200
2010-07-29,83.96798440318905,84.19386901876642,82.37928405303661,83.0418701171875,220149100
2010-07-30,82.1986058731297,83.47107859398476,82.05555092275476,83.02684020996094,220070600
2010-08-02,84.32188912408287,85.03718675950473,83.98306785879441,84.90165710449219,188263200
2010-08-03,84.69084539957677,84.9091933354748,84.2164886735911,84.49507904052734,146657300
2010-08-04,84.72848030866838,85.16518762453614,84.44989571486235,85.05977630615234,158171700
2010-08-05,84.51763500597473,85.01457886893034,84.38963640290476,84.96939849853516,140473800
2010-08-06,84.13366436892426,84.75860706459787,83.51625269516468,84.62307739257812,239728300
2010-08-09,85.02211581987247,85.217882133178,84.57035226527033,85.07482147216797,120800400
2010-08-10,84.35201124989578,85.06730891742619,83.85507298886692,84.61553955078125,242916300
2010-08-11,83.31296322459518,83.34308156854749,82.16096385473142,82.29649353027344,273406900
2010-08-12,81.05413578499386,82.08566173649697,81.01648642048487,81.7920150756836,239542600
2010-08-13,81.53603012438994,82.0404995160656,81.45320610551933,81.55108642578125,158698500
2010-08-16,80.99391155437898,81.77697135179152,80.7002648484102,81.51344299316406,147895300
2010-08-17,82.21365962865588,83.11718686056659,81.98024392723154,82.51483154296875,172270300
2010-08-18,82.47720044375797,83.10966845319,82.00284943668393,82.66543579101562,182922100
2010-08-19,82.23626229363813,82.43955394818356,80.88849647098718,81.2273178100586,265847600
2010-08-20,80.98637058577044,81.27249197813185,80.37648992434603,80.96378326416016,209714200
2010-08-23,81.34776430887902,81.74682220796166,80.61741045833826,80.65505981445312,163490300
2010-08-24,79.7741196747755,80.10541564862139,79.03624049873683,79.4578857421875,280677800
2010-08-25,79.02120067059691,80.06778879727962,78.5242623146227,79.76661682128906,272234800
2010-08-26,80.14308354076165,80.2484948760012,78.96849106389854,79.23202514648438,224439500
2010-08-27,79.72896597667419,80.5421440835703,78.53931716226919,80.45932006835938,272649000
2010-08-30,80.24849031659781,80.4969623403254,79.28472630945802,79.29225158691406,167238600
2010-08-31,78.99860492050387,79.79672665631186,78.67483991080972,79.29225158691406,273933100
2010-09-01,80.3614389352057,81.7769667130289,80.30873326646991,81.66402435302734,256828100
2010-09-02,81.85977070613028,82.4395329204256,81.68659169721909,82.42447662353516,156112200
2010-09-03,83.23012406275123,83.56894531768027,82.78588575093698,83.49365234375,212197300
2010-09-07,83.10211691406217,83.20752821565627,82.48470539994595,82.5524673461914,141973700
2010-09-08,82.71812033937911,83.46353051574953,82.68047098174522,83.13224029541016,149924400
2010-09-09,84.06587726780494,84.0884645823064,83.29034883266837,83.51622772216797,147017900
2010-09-10,83.66682980240978,84.0357693889669,83.47859449883168,83.9378890991211,127819000
2010-09-13,84.76614018221558,85.04472481057005,84.42731312154599,84.87155151367188,178503500
2010-09-14,84.70588244257924,85.3007066619587,84.38964852680341,84.8188247680664,209823600
2010-09-15,84.57036403399681,85.24048131121465,84.31436675707587,85.1426010131836,168608400
2010-09-16,84.879077014218,85.17272366767062,84.59295563788933,85.1200180053711,199962900
2010-09-17,85.56813142079726,85.65139881823796,84.91713491820947,85.15179443359375,195836900
2010-09-20,85.44703703109654,86.64305473354419,85.1745265223049,86.45381164550781,214555200
2010-09-21,86.52192447568179,86.93068438008005,85.92391574668792,86.27969360351562,268389100
2010-09-22,86.14341170911648,86.62787330347157,85.61352786981465,85.85575866699219,191322400
2010-09-23,85.1517914547647,86.04501877995828,84.91713194758941,85.15936279296875,202354300
2010-09-24,86.10558262773172,86.976101760994,86.02988656728266,86.91554260253906,209671800
2010-09-27,86.94583845993037,87.04424277941366,86.4159601623429,86.49922180175781,128761800
2010-09-28,86.61276651334586,87.08209140398301,85.67412250731172,86.80200958251953,209207500
2010-09-29,86.58248137378553,86.98368150589289,86.30997090964155,86.6506118774414,179665800
2010-09-30,87.0896607501231,87.64981860498654,85.98447616923792,86.39324188232422,287106700
2010-10-01,87.04423917863183,87.14264926928448,86.24185042540905,86.756591796875,174638700
2010-10-04,86.57492335111282,86.93826681812867,85.67412447310053,86.10559844970703,166153200
2010-10-05,86.9004139778622,88.05100922190483,86.8020038921895,87.83905792236328,229634100
2010-10-06,87.82391059465671,88.0585758997896,87.47570408166536,87.83148193359375,148626600
2010-10-07,88.18724781819328,88.20995605668338,87.19561623586766,87.72549438476562,164860000
2010-10-08,87.8466145846482,88.45976013805723,87.51354501230806,88.217529296875,177760100
2010-10-11,88.35382249457676,88.5430656010935,87.99804453028668,88.30083465576172,103098300
2010-10-12,88.01316247804611,88.83069390814504,87.54384337113899,88.57332611083984,182210000
2010-10-13,89.06536025182702,89.73906511155644,88.85340316456958,89.26216888427734,194347200
2010-10-14,89.17888715657325,89.3302850517391,88.3537902850664,88.91394805908203,217764300
2010-10-15,89.53467976602185,89.58766759426406,88.38408444908819,89.09563446044922,243705000
2010-10-18,89.1259174901929,89.82990196419344,88.80041916833802,89.53468322753906,141204800
2010-10-19,88.7096034241521,89.20920223893087,87.82394126686543,88.36139678955078,280604700
2010-10-20,88.52031990974035,89.65577806856108,88.46733209333827,89.22430419921875,200051800
2010-10-21,89.6255207021024,90.14782765743452,88.72472182479413,89.42113494873047,221585500
2010-10-22,89.55735928066416,89.72389405178473,89.32269979876061,89.58763885498047,108212400
2010-10-25,90.18565440678809,90.65497918201856,89.78446012283176,89.85258483886719,151145700
2010-10-26,89.39842717170082,89.95858505473339,89.22432677742597,89.86775207519531,158982900
2010-10-27,89.23945206091753,89.70877690329344,88.76256165472553,89.61036682128906,190024000
2010-10-28,90.12508681109315,90.16293772217078,89.19401446106076,89.62548828125,168576000
2010-10-29,89.5346781806857,89.86774782387647,89.37571469877376,89.69364166259766,144305500
2010-11-01,90.13269611470797,90.64743753590058,89.20918893769411,89.72393035888672,174074800
2010-11-02,90.39762728677387,90.64742952245496,90.15539639087586,90.43547821044922,158345900
2010-11-03,90.5944253015759,90.8517930552298,89.66334703489586,90.7988052368164,226702800
2010-11-04,91.80560414353681,92.59285606735624,90.81397222975262,92.54743957519531,215039400
2010-11-05,92.60799196041931,93.04703729730971,92.4868793909009,92.89564514160156,180654100
2010-11-08,92.60797248968659,92.87291736933228,92.30518824193037,92.72151947021484,156107100
2010-11-09,92.97134818620312,93.06975251726323,91.68449744053284,92.05541229248047,186621600
2010-11-10,92.03266187093553,92.47170703953286,91.33624898123941,92.42628479003906,221387400
2010-11-11,91.63149885811495,92.21436498567485,91.35141702915016,92.07810974121094,158017600
2010-11-12,91.45738486059456,91.85857921960991,90.57172873500522,90.9880599975586,239068800
2010-11-15,91.27568903967162,91.63146681888638,90.82150697534485,90.8593521118164,163940800
2010-11-16,90.29920885152175,90.45060097207154,89.0123527258917,89.44383239746094,299566200
2010-11-17,89.48167121564681,89.86015726551008,89.21673213579027,89.48924255371094,172308900
2010-11-18,90.35219148537112,91.13187183440641,90.34462014720644,90.8063735961914,197723700
2010-11-19,90.76094896825164,91.09401273948663,90.26891598602646,91.05616760253906,156852900
2010-11-22,90.6020359243461,91.01836731375833,89.90561686935779,90.98052215576172,181361000
2010-11-23,89.90557618439368,90.09481921446336,89.31513885461455,89.66334533691406,222309000
2010-11-24,90.23108776538177,91.01077401572535,90.21595086184375,90.9880599975586,140046100
2010-11-26,90.20080940203296,90.69283670790249,89.92829895019531,89.92829895019531,76007800
2010-11-29,89.70123161319816,90.44306712460755,89.12593095793628,90.20083618164062,223642300
2010-11-30,89.30758996734293,90.20838303151064,89.17890029368466,89.69364166259766,233930700
2010-12-01,90.9880752685063,91.77532721512708,90.98050970308742,91.60122680664062,221037200
2010-12-02,91.74503056552358,92.84264374741366,91.69204274124196,92.7745132446289,191213600
2010-12-03,92.45658572009123,93.13029052827082,92.43387747771837,93.0243148803711,151288900
2010-12-06,92.82747800142684,93.13783930598034,92.7290737165685,92.92588806152344,103050500
2010-12-07,93.81913670220386,93.87212452541236,92.92590927151807,92.97889709472656,206581000
2010-12-08,93.09243849020864,93.3952227330815,92.66096459135166,93.31952667236328,138019200
2010-12-09,93.8418553329265,93.87970048212813,93.22113828866559,93.68289184570312,123705100
2010-12-10,93.97055453903091,94.31876115468961,93.66019885397822,94.2279281616211,117571700
2010-12-13,94.65937267188194,94.77291387779414,94.25817256844779,94.2884521484375,133812700
2010-12-14,94.43227088591915,94.79562004045306,94.08406440774523,94.37171173095703,147249600
2010-12-15,94.19762777719839,94.5685425592414,93.78129073340735,93.94025421142578,160823100
2010-12-16,94.00082108467176,94.5534134085378,93.67532276244717,94.48528289794922,185035200
2010-12-17,94.41906094865676,94.70822103329027,94.22121151937523,94.58647155761719,141075300
2010-12-20,94.8452123861702,95.04306185626324,94.34298626130337,94.81477355957031,119085500
2010-12-21,95.1115188070781,95.47677882060502,95.02020815790459,95.41590118408203,94965500
2010-12-22,95.48440978484018,95.74313108531821,95.43114329323517,95.71269226074219,78878100
2010-12-23,95.60614530206016,95.71267826969745,95.3398128829669,95.5757064819336,70053700
2010-12-27,95.21803263201338,95.70504201509996,95.1495496588964,95.61373138427734,58126000
2010-12-28,95.80399890801657,95.84204308062534,95.49961649908839,95.750732421875,55309100
2010-12-29,95.86485973537582,96.03226451559104,95.80398210314635,95.81919860839844,58033100
2010-12-30,95.72791561367927,95.97902575933269,95.52245499696657,95.66703796386719,76616900
2010-12-31,95.5224468629885,95.78117394985243,95.37025855702976,95.68985748291016,91218900
2011-01-03,96.4203577287302,97.0976054609399,95.65179354290615,96.67908477783203,138725200
2011-01-04,96.8921716904649,96.92261051493138,96.02468551281292,96.62583923339844,137409700
2011-01-05,96.32142820967617,97.18891412989014,96.23011176337613,97.12803649902344,133975300
2011-01-06,97.16610105238213,97.27263401958207,96.64865272357753,96.93781280517578,122519000
2011-01-07,97.06721102487505,97.22701053755672,95.99426978097999,96.74761199951172,156034600
2011-01-10,96.32145679434585,96.7628110406915,96.03229086472042,96.62583923339844,122401700
2011-01-11,96.97588813593222,97.20417063721175,96.60301684763388,96.96827697753906,110287000
2011-01-12,97.56181194095505,97.94989388121961,96.9910912525413,97.8433609008789,107929200
2011-01-13,97.8814337947476,97.92708913826321,97.44007945538539,97.68357849121094,129048400
2011-01-14,97.54659209795365,98.41407827734413,97.47810909697594,98.39125061035156,117677900
2011-01-18,98.2999371095503,98.64998072006982,98.18579876439468,98.55867004394531,114401300
2011-01-19,98.47494780151338,98.57386381324511,97.33351810116386,97.59223937988281,151958400
2011-01-20,97.37158177006312,97.70639726805261,96.73998914939976,97.46289825439453,175745700
2011-01-21,98.07167213354717,98.29234349761491,97.57704548593225,97.68357849121094,151462900
2011-01-24,97.62267762362087,98.35319777989949,97.59984995728942,98.23905944824219,113715500
2011-01-25,97.9803190577479,98.37601792929772,97.48570417672796,98.29231262207031,167552200
2011-01-26,98.53581691914628,98.9619487792741,98.33796169035669,98.67278289794922,141281500
2011-01-27,98.69562262309817,99.08371616624842,98.5206066472753,98.91630554199219,123302700
2011-01-28,99.03045504839181,99.19026033911736,97.02915009984793,97.18894958496094,295637300
2011-01-31,97.45525578350879,97.99552590845366,97.21174525137161,97.91942596435547,149249200
2011-02-01,98.51299570892228,99.66203073640533,98.45211806617029,99.48701477050781,167194300
2011-02-02,99.22829646148867,99.56311774019437,99.17503577327174,99.29679107666016,118323600
2011-02-03,99.12174955047577,99.66963672753862,98.59670164941178,99.51744842529297,145886700
2011-02-04,99.55549701373087,99.83704594951567,99.0989205021452,99.79899597167969,134634800
2011-02-07,100.01971504297633,100.75022379219375,100.01209807792107,100.42301940917969,112439100
2011-02-08,100.5143117176837,100.93283832622902,100.24036808401993,100.87957763671875,99072800
2011-02-09,100.6056279298431,100.92522688128689,100.14905136422375,100.65128326416016,146436700
2011-02-10,100.14145900812093,100.80348466408152,99.91317069568511,100.68934631347656,162708500
2011-02-11,100.29364228108267,101.41984985800543,100.27081461211449,101.29048919677734,137710300
2011-02-14,101.22961228999648,101.6176942765466,101.11547394431274,101.53398895263672,101690700
2011-02-15,101.22201057985927,101.37419891665593,100.68934559545805,101.21439361572266,119575400
2011-02-16,101.55682823832117,101.9753432466671,101.35136760485426,101.85359954833984,130183500
2011-02-17,101.55682628206887,102.2949402553534,101.4655039960508,102.15797424316406,109810500
2011-02-18,102.24930789785081,102.49281856699294,102.01341419413674,102.37106323242188,130002400
2011-02-22,101.29805333813556,102.39382744771395,100.042485610789,100.3164291381836,233116400
2011-02-23,100.25557339713716,100.4990839685287,99.08371070317901,99.70008087158203,227584000
2011-02-24,99.59356105428552,100.01969299928349,98.69563021770436,99.63159942626953,260431400
2011-02-25,100.05009996044498,100.75779230788454,99.98922232541199,100.69691467285156,141686900
2011-02-28,101.06978043891048,101.45025692914359,100.73495926970998,101.32088470458984,141585500
2011-03-01,101.64052707193083,101.73183774265192,99.60116640643739,99.63159942626953,258565500
2011-03-02,99.4946447857356,100.30887039675878,99.19026810774574,99.84468841552734,200277400
2011-03-03,100.7501895572395,101.67855330279981,100.74258420599575,101.56441497802734,176480100
2011-03-04,101.48832000156777,101.68617525584814,100.14144125825707,100.803466796875,277202300
2011-03-07,101.10024648703984,101.32853477802466,99.48702935687014,100.01207733154297,216790400
2011-03-08,100.17187864883792,101.20677546389516,99.7381413632579,100.88717651367188,174615000
2011-03-09,100.68935404879505,101.05460841001698,100.14146670134875,100.74261474609375,153806000
2011-03-10,99.684858570263,99.82182455827015,98.77932250102751,98.87825012207031,301291800
2011-03-11,98.5586582012111,99.92075927170912,98.53583053492294,99.5631103515625,225621800
2011-03-14,98.91628162987297,99.28914115730699,98.20858932364554,98.9619369506836,234974100
2011-03-15,96.32906154543505,98.41407746629285,96.26057854502174,97.82814025878906,359585400
2011-03-16,97.51614750563847,97.835758066107,95.3322155468575,96.01707458496094,468670300
2011-03-17,97.40200118692734,97.69877244484482,96.71714220495942,97.28785705566406,254303700
2011-03-18,98.46711116121857,98.49768804690777,97.45065128368803,97.64171600341797,230435400
2011-03-21,98.85689250104541,99.36129450769671,98.74224667006514,99.15495300292969,153992600
2011-03-22,99.13967257095122,99.26959519389527,98.71932781338741,98.81103515625,129538600
2011-03-23,98.53588605947071,99.35364861102187,98.06969936503216,99.09380340576172,148603100
2011-03-24,99.65938198560514,100.18672263052645,99.10147610781479,100.04151153564453,159129800
2011-03-25,100.30132193928898,100.78279701893516,100.03382671374767,100.34717559814453,155642800
2011-03-28,100.5611982987133,100.82104355391671,100.0720730164677,100.1026382446289,109762400
2011-03-29,100.0185640800216,100.8057498579167,99.689938332324,100.77518463134766,129798800
2011-03-30,101.30249660755732,101.76869489754617,101.15728558354498,101.47063446044922,135835000
2011-03-31,101.3407494188034,101.61588312894646,101.22610357027135,101.33309936523438,132537100
2011-04-01,101.95977738928754,102.2349110455643,101.51650585074916,101.76106262207031,153850100
2011-04-04,101.97504588736238,102.15847219720334,101.55471287751386,101.84512329101562,100768900
2011-04-05,101.64643815970582,102.28077447393697,101.60058448956048,101.82986450195312,120791500
2011-04-06,102.3189862812772,102.41069361845632,101.738142048035,102.15084838867188,120411600
2011-04-07,101.9674330010871,102.39541616943023,101.38660036714523,101.8910140991211,170731500
2011-04-08,102.34187974641623,102.40302183848839,101.11906122829635,101.5394058227539,147945400
2011-04-11,101.64642878577438,101.99034294181435,100.98916569708398,101.23373413085938,121385400
2011-04-12,100.6681765286666,100.86687963121813,100.11027083413245,100.47711181640625,161187400
2011-04-13,100.94332688435053,101.01974578490132,100.08736056351609,100.46949005126953,162059000
2011-04-14,99.88865047987213,100.69876316626966,99.56002470249719,100.54591369628906,161220400
2011-04-15,100.72930509092164,101.16492651223166,100.43124464634226,100.9127197265625,170006700
2011-04-18,99.80454303951112,100.9050774576948,98.97914222587335,99.7816162109375,210759300
2011-04-19,99.93449077782283,100.38541239715735,99.68993399092278,100.3548355102539,124258800
2011-04-20,101.55470150569145,101.94446925108657,101.48590935866439,101.72283935546875,156133800
2011-04-21,102.25019210166342,102.2884073786234,101.72286326161027,102.2425537109375,135935400
2011-04-25,102.16611667526642,102.30368933126131,101.79927569538754,102.13555145263672,65757100
2011-04-26,102.44891354879462,103.2208108823265,102.34191776333806,103.01445770263672,146600000
2011-04-27,103.21318248974403,103.83986881908014,102.79283769842078,103.68701934814453,143031000
2011-04-28,103.50358276823235,104.16084592387136,103.48830598581388,104.02328491210938,124791100
2011-04-29,104.06146555786727,104.37481441814691,103.92389293022607,104.26780700683594,115094100
2011-05-02,104.7569779708129,104.84103525858623,103.90100003243187,104.10735321044922,126278700
2011-05-03,103.90865233539527,104.08442862924159,103.20552383667774,103.73286437988281,138375000
2011-05-04,103.68702639325642,103.73288007148597,102.58649146907581,103.04505157470703,182678500
2011-05-05,102.47183536970569,103.13673688524428,101.66172279636777,102.11263275146484,226900000
2011-05-06,103.12912404317565,103.65646468407107,102.16615012096028,102.56356811523438,222787200
2011-05-09,102.55588130421758,103.2589979395694,102.39538183906662,102.9609375,114104500
2011-05-10,103.30488008022314,104.02328535358282,103.17495745911899,103.83985900878906,114806900
2011-05-11,103.68702943483925,103.70231788192021,102.27315711405925,102.74699401855469,193564200
2011-05-12,102.47184030147199,103.45009081390455,101.9444997658379,103.23609924316406,171550700
2011-05-13,103.28957378052928,103.43478482068029,102.0744050682087,102.44124603271484,157444900
2011-05-16,102.07438268448163,102.8768565934676,101.62347288306546,101.79161071777344,141675400
2011-05-17,101.40953374346786,101.9139475079717,100.97390049366888,101.77637481689453,192686200
2011-05-18,101.8298629022224,102.79282494514456,101.6082212844473,102.68582916259766,135217900
2011-05-19,103.0220854993088,103.19786175279974,102.36482248444761,102.93036651611328,119489500
2011-05-20,102.66290009593313,102.93038371565231,101.92156802523739,102.11263275146484,182594900
2011-05-23,100.86688980789489,101.43244561144492,100.56882929316336,100.92803192138672,168700000
2011-05-24,101.21847001292709,101.44010000534098,100.65291412015695,100.84397888183594,147199600
2011-05-25,100.43890473939577,101.60058155002027,100.4083395140718,101.18023681640625,151050100
2011-05-26,100.90509134946966,101.82984965534783,100.71402664394363,101.64642333984375,164850000
2011-05-27,101.92920569758424,102.31133514734549,101.61586841164566,102.03620147705078,120921900
2011-05-31,102.99921075720877,103.11384496709613,102.28844367089907,103.09855651855469,164731200
2011-06-01,102.8004569876378,103.1138059249118,100.69874508323625,100.7828140258789,233094300
2011-06-02,100.85159205103751,101.06558357292087,100.08733328383606,100.6758041381836,200466800
2011-06-03,99.46830652887536,100.43891874701038,99.41481446168181,99.6746597290039,234690200
2011-06-06,99.42240802141431,99.62876112849268,98.49001150695581,98.61993408203125,179951200
2011-06-07,99.12432832972745,99.40711191381914,98.47471558067271,98.55878448486328,161660500
2011-06-08,98.40597101868455,98.73460840725545,97.96269946065011,98.14612579345703,198696400
2011-06-09,98.41361306157413,99.30014444382627,98.17669468952121,98.89508819580078,160964400
2011-06-10,98.47473838773118,98.53586882160994,97.25956401988465,97.5194091796875,238629400
2011-06-13,97.74108204606448,98.00857735800138,97.09910729141602,97.59587097167969,207599800
2011-06-14,98.48999005301485,99.17782970622424,98.45178645699711,98.83391571044922,160570400
2011-06-15,98.00857458285006,98.81868722577734,96.81632662380945,97.076171875,300958000
2011-06-16,97.10674241205766,97.80222087033272,96.54119240951336,97.29016876220703,308032800
2011-06-17,98.25632407572742,98.26400619201418,97.2501836524604,97.5804443359375,233284900
2011-06-20,97.25019439773519,98.28705754097554,97.21947178893137,98.07968139648438,159479000
2011-06-21,98.58661308471561,99.61579429280533,98.11810347215551,99.42378234863281,193157300
2011-06-22,99.1165918953909,99.70030412782366,98.76328467610143,98.8247299194336,176703000
2011-06-23,97.66496095090778,98.80166841217599,96.91995364818676,98.54053497314453,334286500
2011-06-24,98.5175268819809,98.59432465546796,97.25024642461223,97.39617156982422,226129300
2011-06-27,97.45760068003078,98.64038932729832,97.26558869888804,98.26405334472656,168904700
2011-06-28,98.65576861227413,99.56207139560954,98.51752559012027,99.54670715332031,165556300
2011-06-29,99.99979713936963,100.56046861692376,99.5620160929025,100.39918518066406,244295500
2011-06-30,100.72182502094834,101.52058986978437,100.39156997098723,101.35930633544922,223322700
2011-07-01,101.45145774981432,102.99524173397303,101.21336474436241,102.85698699951172,202385700
2011-07-05,102.74945858246178,102.9798753220527,102.44992033683828,102.77249908447266,165936000
2011-07-06,102.52671840220378,103.02594484947078,102.2348564499352,102.89537811279297,143331600
2011-07-07,103.80933682447721,104.22407745339325,103.59428439178318,103.96294403076172,170464200
2011-07-08,102.78784291371981,103.9629551608457,102.44989999202717,103.22562408447266,194100500
2011-07-11,101.95838290194716,102.28863795190827,101.1212133051082,101.35930633544922,195918600
2011-07-12,101.14422634712676,101.9813957166558,100.89076914250705,100.9214859008789,214675700
2011-07-13,101.45144190210543,102.31933975884012,101.01366070357561,101.25942993164062,204062600
2011-07-14,101.5128769663177,101.98138659608138,100.36848151801513,100.56049346923828,226111800
2011-07-15,101.12117794797534,101.28246142591755,100.43761586267266,101.14421844482422,220012800
2011-07-18,100.6757112017184,100.82931842418706,99.56204418947078,100.31472778320312,196872100
2011-07-19,100.87538441719104,102.06586072337,100.85234392322123,101.9429702758789,166554900
2011-07-20,102.20412878788251,102.26556230019321,101.70489067439081,101.88153839111328,137145400
2011-07-21,102.45759571257307,103.54823415591612,101.89692396934839,103.2947769165039,245246300
2011-07-22,103.31779534899296,103.47140256808773,102.7340715091614,103.36387634277344,126019400
2011-07-25,102.38079258565969,103.29477150794625,102.27326634300724,102.78785705566406,136653800
2011-07-26,102.71871863887138,102.88769009514046,102.1733995355522,102.40381622314453,131278200
2011-07-27,101.83546031375006,101.86618879026513,100.17647416633561,100.30705261230469,249020100
2011-07-28,100.30705970403423,101.20567433421263,99.85390253949846,100.01519775390625,207939900
2011-07-29,99.00904060640485,100.26863847741095,98.2870738292162,99.33161926269531,307038400
2011-08-01,100.49137929380544,100.5835530063475,97.94914274968924,98.9092025756836,325790900
2011-08-02,98.16417947697464,98.69413429108612,96.38230895996094,96.38230895996094,346653800
2011-08-03,96.51289424258593,97.01212065004654,94.8769485956015,96.90459442138672,370830800
2011-08-04,95.56054809911203,95.71416124283948,92.21185774250301,92.36547088623047,520721800
2011-08-05,93.51750100886228,93.75559394981099,89.75406564749366,92.22718048095703,655619200
2011-08-08,89.7924539482928,92.25788621189635,86.03669553318507,86.22103118896484,702263900
2011-08-09,87.61119458733765,90.35312444423913,84.6926111938888,90.23023986816406,717828700
2011-08-10,88.52519792896466,89.30860416738906,85.98295552933125,86.24409484863281,662607400
2011-08-11,86.98911900049022,91.33626767738959,86.26715199807143,90.11507415771484,487979700
2011-08-12,90.93686948383474,91.55898638686506,90.07665375516176,90.72181701660156,313731600
2011-08-15,91.54365117155525,92.73412216204026,91.39772016340389,92.64196014404297,258810600
2011-08-16,91.7586604741422,92.69567961404941,90.86772232152911,91.85082244873047,294095200
2011-08-17,92.35775401064404,93.08739712462837,91.1826417370899,91.91228485107422,238201100
2011-08-18,89.47757123949509,91.94300404429866,87.08894204492337,87.94915771484375,512956300
2011-08-19,86.75869931410287,89.0013980144438,86.40539794567172,86.51292419433594,428281300
2011-08-22,88.45607949028289,88.50216635112258,86.33627140336,86.58204650878906,275090600
2011-08-23,86.9045878211365,89.53130922823482,86.46680091995344,89.43146514892578,331136600
2011-08-24,89.23946843196852,90.81396277688364,89.03209226153659,90.69107818603516,246869700
2011-08-25,91.19031430217423,91.70490490169043,88.99369721139287,89.30859375,312365400
2011-08-26,88.85547233848918,91.02136739934294,87.44226101367637,90.60662078857422,314495900
2011-08-29,91.82780802219924,93.26405975121057,90.675736134896,93.21029663085938,190977200
2011-08-30,92.80323797067501,94.03211355535133,91.59740288762686,93.4560775756836,241315700
2011-08-31,94.05513366581127,94.86158620640346,93.16420125747811,93.87080383300781,301828400
2011-09-01,93.92458173056707,94.77711539863009,92.76482771964285,92.8877182006836,254585900
2011-09-02,90.95226017087167,92.83398164706298,90.19189414599036,90.51447296142578,255517200
2011-09-06,87.85698920385462,89.98448493563846,87.84930708496745,89.85391235351562,285130500
2011-09-07,91.21336880918939,92.42688001868812,90.9061484820764,92.38848114013672,209803200
2011-09-08,91.83547013566105,92.8876976730084,91.22102958572667,91.42840576171875,250568200
2011-09-09,90.38390906180729,91.4438134290321,88.54059227815075,89.03214263916016,380195100
2011-09-12,87.91842118269021,89.67725111938165,87.59584255493166,89.60812377929688,305793500
2011-09-13,89.89999031402377,90.76788215074784,89.26250928346417,90.42993927001953,272514700
2011-09-14,90.89079802830243,92.78020127570458,89.64656401140496,91.68189239501953,319389500
2011-09-15,92.66496936165153,93.29476833087202,91.70490960005078,93.26404571533203,326777200
2011-09-16,93.63848602646881,94.16346086852973,92.88962424837611,93.81604766845703,284528300
2011-09-19,92.2797287756147,93.36056005155318,91.6543932466321,92.88190460205078,241517000
2011-09-20,93.27561109305526,94.17887457974442,92.65027573920199,92.77379608154297,218932200
2011-09-21,92.82012934568034,93.1057734750634,89.89416772730526,90.04084777832031,316251300
2011-09-22,87.43140550062712,88.17254518481927,85.92596643743288,87.13031768798828,513911300
2011-09-23,86.55137346587648,88.13402067640995,86.48188843382316,87.65536499023438,307242500
2011-09-26,88.48139874418112,89.8633181571099,87.22300561824504,89.73979187011719,260673700
2011-09-27,91.50773092312564,92.3029123296702,90.2030123686643,90.7434310913086,311753900
2011-09-28,90.92867704532337,91.47681151742049,88.7592988558881,88.89054107666016,286696800
2011-09-29,90.36509995112924,90.81286785063898,87.95639125662358,89.59307861328125,298108900
2011-09-30,88.3578649082921,89.12988646586585,87.29247727926088,87.35424041748047,288392300
2011-10-03,86.84466621949917,87.97181650467701,84.775649094501,84.86829376220703,365136800
2011-10-04,83.648540153559,86.91419415111453,82.93828168692318,86.7289047241211,459177500
2011-10-05,86.94508134490304,88.5663256505659,86.14217811284783,88.334716796875,284108000
2011-10-06,88.28838132031706,90.06403316875809,87.63216420765208,89.93278503417969,257800800
2011-10-07,90.45774747914852,90.51951060575522,88.82878182774665,89.33059692382812,312657900
2011-10-10,90.85148688543805,92.35692639691364,90.84376502151714,92.31832885742188,230666300
2011-10-11,91.77020679343441,92.67347062309003,91.67756208396055,92.41098022460938,209088000
2011-10-12,93.10577612176323,94.29468973936305,92.89733294331359,93.2215805053711,281544900
2011-10-13,92.67346485767472,93.31424413904261,91.96320646606678,93.03631591796875,212538800
2011-10-14,94.1171473210633,94.64983817023156,93.59217244633537,94.62667846679688,211397600
2011-10-17,94.17889046919422,94.61122646546684,92.58852824413488,92.82013702392578,202311600
2011-10-18,92.75067997393177,95.34467317275131,92.02497774269722,94.63441467285156,318857900
2011-10-19,94.47998810805902,95.02040668670755,93.1907136295206,93.51496124267578,226601300
2011-10-20,93.74656577401825,94.26381873667698,92.50361075684611,93.92413330078125,262075600
2011-10-21,95.02813674767295,95.82332395027403,94.74249252281206,95.70751953125,278999400
2011-10-24,95.86189060026659,97.12028918332425,95.7769677796901,96.8809585571289,203215600
2011-10-25,96.4177470023531,96.46406639905037,94.78878146453638,94.99723052978516,268596800
2011-10-26,96.00087781660262,96.32512545146292,94.34875218367792,95.9622802734375,289053800
2011-10-27,98.53309503937867,99.91501413462105,97.74563575602889,99.30512237548828,393220200
2011-10-28,98.81871918727374,99.47494195642045,98.66431729456549,99.28193664550781,225906500
2011-10-31,98.17025323429023,99.2973979868633,96.74973066258235,96.8886947631836,228146700
2011-11-01,94.20977469085578,95.35236900531282,93.81604211012352,94.18661499023438,416565800
2011-11-02,95.59941054810136,96.03946250669001,94.79650759224462,95.72293090820312,244717600
2011-11-03,96.71114389637559,97.66073306244198,95.42186922924408,97.46772766113281,291174800
2011-11-04,96.68023228029236,97.04307735223931,95.7383653295774,96.87323760986328,249401600
2011-11-07,96.80377254410001,97.57579402121385,95.88506510151649,97.47543334960938,196617200
2011-11-08,97.9849799666182,98.83420843786874,97.05083453829995,98.72611999511719,224426300
2011-11-09,96.41773149868344,97.12027364925495,94.85052933516798,95.08213806152344,337982000
2011-11-10,96.34056559314436,96.45636999844115,94.97408421274434,95.97771453857422,231866500
2011-11-11,97.14345391933875,98.03899567814719,97.11257235661353,97.78423309326172,189924400
2011-11-14,97.42138155374008,98.39412426894113,96.44091108533077,96.85780334472656,159258300
2011-11-15,96.63392916954736,97.85372454594271,96.28652185262581,97.33647155761719,184709400
2011-11-16,96.35598409881395,97.53717583772031,95.65344772373638,95.79241180419922,235782500
2011-11-17,95.61483021243325,95.85416080411402,93.59213831599668,94.27151489257812,331219600
2011-11-18,94.57261397072321,94.76561930535733,93.77743293443946,94.1711654663086,215580400
2011-11-21,92.79697520261726,92.91277959721582,91.60034549858199,92.38008880615234,229611600
2011-11-22,92.17937387907945,92.71978660589374,91.49999114816208,92.01725006103516,216494900
2011-11-23,91.15256269184941,92.01722874450239,89.98680877685547,89.98680877685547,224329100
2011-11-25,89.84786765340466,90.86693588404614,89.70890353604187,89.81698608398438,99557000
2011-11-28,92.28743606328602,92.78152927309333,91.73157972973887,92.4186782836914,210686000
2011-11-29,92.68116760253906,93.41458554626018,92.34147631573487,92.68116760253906,199241500
2011-11-30,95.33690974854106,96.6725092040257,92.64255703077804,96.49494171142578,324439500
2011-12-01,96.38688563161605,96.99678333946096,96.0626380067031,96.47953033447266,176954800
2011-12-02,97.36734089645405,97.66070690745555,96.33282915966461,96.39459228515625,221109700
2011-12-05,97.92320676267134,98.18569714228236,96.84238134679293,97.4445571899414,225263900
2011-12-06,97.43682991973111,98.13165042714485,97.08942261105246,97.47543334960938,178842100
2011-12-07,97.15117522337941,98.24745014508481,96.47952033993185,97.8382797241211,237802500
2011-12-08,97.19749233511486,97.41365737780515,95.46044424056774,95.69204711914062,240862800
2011-12-09,96.12441001677018,97.5603706483125,96.03948717049185,97.31332397460938,209111400
2011-12-12,96.46407834554029,96.47952207305568,95.08216512578221,95.89278411865234,215826100
2011-12-13,96.39458730400446,96.94272176179244,94.53401300259033,94.99723052978516,245159800
2011-12-14,94.61893526542723,94.98178624423147,93.77743481675824,93.98587799072266,238618800
2011-12-15,94.98180148986792,95.113043727506,94.1788984459924,94.3255844116211,199109200
2011-12-16,94.96266405205317,95.52203988166359,94.2401302704675,94.4654312133789,220481400
2011-12-19,94.83055528877169,95.03255551364607,93.25341359348499,93.45541381835938,183903000
2011-12-20,94.92378812404596,96.44654583687209,93.51756923120057,96.28339385986328,225418100
2011-12-21,96.28345100178716,96.61752598937849,95.36668749589099,96.46990966796875,194230900
2011-12-22,96.82724370274623,97.42547360714178,96.51648138750882,97.32447052001953,119465400
2011-12-23,97.63523658628155,98.2256956414109,97.43324227136215,98.19461822509766,92187200
2011-12-27,98.02371016784622,98.52870788605253,97.93824874196153,98.27232360839844,86075700
2011-12-28,98.28785743863438,98.3033931841863,96.90494491546423,96.98263549804688,119107100
2011-12-29,97.30119463444221,98.08588336100593,97.00596797086789,97.9848861694336,123507200
2011-12-30,97.90716077332557,98.14800927824103,97.50316619873047,97.50316619873047,95599000
2012-01-03,99.25901474274066,99.74070588812671,99.00263045919266,99.05701446533203,193697900
2012-01-04,98.82393583774889,99.29785614140188,98.44324779834982,99.21239471435547,127186500
2012-01-05,98.67631366832136,99.62414823461152,98.22570000288762,99.47653198242188,173895000
2012-01-06,99.60083414427038,99.61637581565094,98.89384220913821,99.22014617919922,148050000
2012-01-09,99.44547974777825,99.58531926335756,98.98710108472383,99.46102142333984,99530200
2012-01-10,100.5253738370169,100.72736815743225,100.18352817568133,100.32337951660156,115282000
2012-01-11,100.01260198135485,100.50982878435028,99.8494559197278,100.37775421142578,111540700
2012-01-12,100.66526975185579,100.7662610293705,99.86503331494129,100.61864471435547,118983700
2012-01-13,99.94269469418076,100.26123380347892,99.22793181673701,100.09807586669922,179836200
2012-01-17,101.06145749380507,101.24792201259545,100.14468842828173,100.48653411865234,132209200
2012-01-18,100.46322908548838,101.6519122559089,100.28454132815568,101.5975341796875,163395200
2012-01-19,101.94715667241064,102.21908264969662,101.6208526125625,102.13362121582031,126328900
2012-01-20,101.9626621534189,102.51426696777344,101.71404285046074,102.51426696777344,138230200
2012-01-23,102.17244081842001,102.74736417492339,101.76067539241865,102.25013732910156,129295800
2012-01-24,101.6208526125625,102.1646927123094,101.46547142046697,102.13362121582031,103083300
2012-01-25,101.97820205444,103.22903989095731,101.58197833783714,102.98819732666016,198613200
2012-01-26,103.44659985655615,103.64082930567083,102.05592221701784,102.45992279052734,184880500
2012-01-27,101.96270864775744,102.5920102449491,101.89277702764906,102.41332244873047,135259100
2012-01-30,101.39554038637847,102.11808012324465,101.04592973846101,102.06369018554688,147311800
2012-01-31,102.56871969528974,102.69301756806357,101.52764054515865,102.0248794555664,157212000
2012-02-01,102.77843783335942,103.43882262360731,102.65414001040051,102.91828918457031,166234500
2012-02-02,103.12029967826282,103.34561248640146,102.71631094440255,103.08145141601562,113090400
2012-02-03,104.10698936273855,104.58867462445488,103.92830158094463,104.52651977539062,160598500
2012-02-06,104.09142885280542,104.50319428038048,103.97489594116085,104.45658111572266,107694500
2012-02-07,104.23902566966942,104.89941032535206,103.82726031889067,104.72071075439453,135528100
2012-02-08,104.77513273772182,105.05482361392333,104.34782558591054,105.0315170288086,139361400
2012-02-09,105.20241484023825,105.34225431763014,104.54203013969631,105.16356658935547,148602900
2012-02-10,104.23130702530105,104.47214967456227,103.98268761004674,104.38668823242188,167907500
2012-02-13,105.1324951015423,105.28787625025166,104.68188147190995,105.16356658935547,115841900
2012-02-14,104.88390075319883,105.0936718740561,104.30121241568105,105.0315170288086,165329500
2012-02-15,105.37334554665296,105.52872670699139,104.33226687725784,104.54203796386719,195195100
2012-02-16,104.54981876875131,105.79287995433035,104.36335425624407,105.69965362548828,186567800
2012-02-17,106.06480865094424,106.15027007288458,105.62973663191103,105.9793472290039,129869400
2012-02-21,106.22795717025893,106.47657653245813,105.69965880782118,106.02596282958984,134042300
2012-02-22,105.86281558297975,106.08812838458134,105.49766326713568,105.68412780761719,124455300
2012-02-23,105.62976548908662,106.22798375127385,105.27237803020354,106.15029907226562,137704300
2012-02-24,106.38336181640625,106.5931329676923,106.15029593145098,106.38336181640625,105539100
2012-02-27,105.67637916681166,106.84952096237109,105.5054562754286,106.56206512451172,145728900
2012-02-28,106.59311948238117,106.99712005656986,106.3833483576337,106.87281036376953,129355900
2012-02-29,107.02818915828884,107.36226996836373,106.08034851783151,106.45327758789062,185934700
2012-03-01,106.67857876658712,107.20688902293978,106.3833462158364,107.0048828125,145023500
2012-03-02,106.9349349434897,107.074786272013,106.43770816784735,106.67855072021484,120638300
2012-03-05,106.51538745913709,106.5930720914804,105.87830945789656,106.24346160888672,140765000
2012-03-06,105.15579914959089,105.2179421237212,104.38664647798677,104.68964385986328,202129900
2012-03-07,104.93050569270169,105.59089049868454,104.82950259524407,105.41996765136719,143692200
2012-03-08,106.06480711017548,106.68634363754695,105.84727110381895,106.46879577636719,116968900
2012-03-09,106.67084405446569,107.16029433448354,106.53876941669401,106.880615234375,122836800
2012-03-12,106.86504485501327,107.02819095292828,106.5076574539201,106.88835144042969,104003500
2012-03-13,107.46327228269666,108.86949155807781,107.28457265904893,108.81510162353516,184090500
2012-03-14,108.84620944679854,109.1181236161771,108.36451225691498,108.69859313964844,145163600
2012-03-15,108.86165703541641,109.37442533980138,108.58196631073535,109.32781219482422,165118500
2012-03-16,109.5260502260127,109.61968510186625,109.24513369167741,109.47923278808594,152893500
2012-03-19,109.40901087947859,110.24394967073373,109.3309738753874,109.90841674804688,125291100
2012-03-20,109.28419087433416,109.72116965868952,108.9642557262244,109.58851623535156,121729700
2012-03-21,109.65092517866881,109.752359010895,109.1827268982605,109.40902709960938,122388400
2012-03-22,108.6053237425066,108.89405128084347,108.261991705394,108.62093353271484,135216700
2012-03-23,108.71450425121573,109.0968545427575,108.11365277008494,108.97200012207031,120521000
2012-03-26,109.75235003769862,110.50146484374999,109.71334343983445,110.50146484375,120164000
2012-03-27,110.60289339448207,110.67311954786041,110.08787778949275,110.1581039428711,119868500
2012-03-28,110.10350730490053,110.27517920400025,108.96423123876382,109.61190032958984,148562100
2012-03-29,108.96424935613028,109.62752834082337,108.53506953702171,109.42463684082031,164963700
2012-03-30,109.96301030141544,110.06445600432275,109.28413375247611,109.8771743774414,135486800
2012-04-02,109.74453142292552,110.96964318966823,109.52604212424603,110.68091583251953,151741100
2012-04-03,110.52488942679788,110.71217113188183,109.58069386881888,110.22836303710938,155806700
2012-04-04,109.41683427160159,109.5104691720181,108.7301465838063,109.13591766357422,146896000
2012-04-05,108.76135276730616,109.40121101935296,108.66770597163918,109.0812759399414,137439400
2012-04-09,107.70790748280172,109.12028922089641,107.55964431130656,107.85617065429688,127555900
2012-04-10,107.64546240373883,107.94978763436303,105.93655460608993,106.0457992553711,235360300
2012-04-11,107.13050894768072,107.32558964217169,106.7091398865637,106.90422058105469,154133000
2012-04-12,107.00564547531762,108.38680794996375,106.92760845003417,108.30097198486328,154321500
2012-04-13,108.0512735003962,108.32439117848084,106.91199724299922,107.01344299316406,169246700
2012-04-16,107.55967170319443,107.71573385254213,106.576469446203,106.94322204589844,147825300
2012-04-17,107.55967827888719,108.7457721186437,107.45043357698721,108.52728271484375,147877600
2012-04-18,108.04343309989325,108.52722912558995,107.9810058858076,108.16047668457031,123884200
2012-04-19,108.17613038898067,108.58188958513271,106.95882898696757,107.46603393554688,198666700
2012-04-20,107.9420189305728,108.33218020253751,107.58306532138333,107.64549255371094,143199600
2012-04-23,106.54521481097294,106.83394219437113,106.07702851699791,106.74029541015625,171844900
2012-04-24,106.83396338858039,107.41920530223327,106.74812743164021,107.14608764648438,137484200
2012-04-25,108.19174009716245,108.65993849071405,108.09810518116403,108.61312103271484,150252200
2012-04-26,108.37896717239718,109.49483428794282,108.31653995762498,109.36997985839844,136291600
2012-04-27,109.69771688625212,109.86157791120343,109.08906640859912,109.54945373535156,130725000
2012-04-30,109.33095075456627,109.40898774215454,108.84715477048225,109.14366912841797,115092200
2012-05-01,109.08128536135926,110.54049664433768,108.95644280098107,109.82260131835938,138832200
2012-05-02,109.18272925487877,109.60411009769678,108.82378755135822,109.49486541748047,121081000
2012-05-03,109.51043005147865,109.59626598178978,108.45700207777669,108.65988159179688,143759700
2012-05-04,108.09031453745841,108.6989653517278,106.8417933300039,106.90422058105469,193927300
2012-05-07,106.5218393625092,107.34118051634603,106.48283275590914,106.98223876953125,127765900
2012-05-08,106.34237959952517,106.72474201973839,105.28114022135486,106.55307006835938,213377700
2012-05-09,105.42154605434649,106.5998284248317,104.94554898157003,105.92095184326172,220752500
2012-05-10,106.65442311279944,106.78708835298168,105.89752160022137,106.13941955566406,150600000
2012-05-11,105.47622852117021,106.80277486301429,105.42941105955394,105.81957244873047,153032400
2012-05-14,104.8050946840403,105.81951613743642,104.49297050150658,104.64903259277344,163910000
2012-05-15,104.57879734939334,105.19524672369648,103.88431098285132,104.04817199707031,207629300
2012-05-16,104.51640417261642,104.99240140402559,103.62683694256388,103.6502456665039,207265500
2012-05-17,103.67362066535352,103.7984750902699,102.05834779827785,102.11297607421875,247992900
2012-05-18,102.51095402693214,102.69043675907457,101.0907733929737,101.2390365600586,319615900
2012-05-21,101.56677473983025,103.01817499868349,101.40290178346055,102.97915649414062,177861100
2012-05-22,103.24445104942515,103.9623462022625,102.48753739666496,103.15861511230469,197531200
2012-05-23,102.41731700903287,103.36151237053531,101.4341150521852,103.21324920654297,204958400
2012-05-24,103.49418997660798,103.65805105438237,102.54999439410318,103.41615295410156,167357600
2012-05-25,103.37714195356203,103.66586943239051,102.83091847666581,103.08062744140625,135465600
2012-05-29,103.9077327092619,104.50857237899262,102.35488686075662,104.3291015625,152883500
2012-05-30,103.43952973715957,104.32129781072304,102.60459100670572,102.81526947021484,162370400
2012-05-31,102.7762556379465,103.35368652110583,101.70720598757411,102.58897399902344,196186000
2012-06-01,100.9815602654855,102.61243179919167,100.00615692138672,100.00615692138672,253240900
2012-06-04,100.1855701279652,100.45868766979618,99.2101673453864,99.95928192138672,202545800
2012-06-05,99.76422437232642,100.86447593470973,99.70960203878099,100.71622467041016,164149400
2012-06-06,101.41851156663287,103.02597393688171,101.38729200028823,102.97915649414062,184202800
2012-06-07,104.14963663206194,104.19645407320377,102.83088980828161,103.04158020019531,184772700
2012-06-08,102.77626092892658,103.88431722602459,102.44851506724532,103.86090850830078,143915400
2012-06-11,104.69590769122992,104.75833494347363,102.4407752960923,102.54222106933594,169756100
2012-06-12,102.83866810905099,103.7906622438115,102.3470731689372,103.7204360961914,181931800
2012-06-13,103.4161162825985,104.06378523804807,102.70602011263614,103.05717468261719,172223900
2012-06-14,103.267882291606,104.56322056821183,102.98696570037553,104.14965057373047,230615500
2012-06-15,104.61870720253098,105.3089409215795,104.39908575076943,105.2148208618164,169444500
2012-06-18,104.7755429563594,105.67755847701376,104.54023091708989,105.41871643066406,131360900
2012-06-19,105.95208987422542,106.86979604440904,105.39518512045554,106.43839263916016,137382600
2012-06-20,106.44625131219271,106.7521533900671,105.3167630343586,106.26583862304688,206451800
2012-06-21,106.39135342193023,106.50116413123402,103.79510510530757,103.88138580322266,205272200
2012-06-22,104.42259255605958,104.87752602458387,104.02255845403766,104.68143463134766,130029200
2012-06-25,103.57549806611044,103.61471874669316,102.63426157448173,103.00291442871094,146375700
2012-06-26,103.30097027610012,103.83434522723368,102.6970052775799,103.52059173583984,141634000
2012-06-27,103.86569004062069,104.65789497824584,103.51272791864787,104.45396423339844,108088000
2012-06-28,103.76369345981936,104.31275881438036,102.971488714773,104.15587615966797,169242100
2012-06-29,106.04623808077461,106.885515107502,105.77171727246295,106.7521743774414,212250900
2012-07-02,107.0502080888635,107.18354879761215,106.2972238549337,107.07373809814453,129524500
2012-07-03,107.05020454635415,107.85810008751717,106.9403938505204,107.77967071533203,80450000
2012-07-05,107.37964617351224,108.08558239670344,106.9011826773436,107.29336547851562,126177500
2012-07-06,106.25803674969204,106.49334888530475,105.77173377963884,106.27372741699219,151192100
2012-07-09,106.18742562467406,106.33645701326648,105.6540507585786,106.14036560058594,103780500
2012-07-10,106.68158097932493,106.85414240120492,104.85400735193872,105.2148208618164,167884800
2012-07-11,105.2697123118289,105.57561441671149,104.6186874284184,105.2304916381836,141733400
2012-07-12,104.61867508316595,105.2853785825866,104.0068709455951,104.72063446044922,143583200
2012-07-13,104.9951575346725,106.5874184091356,104.97946687481276,106.47760772705078,129642600
2012-07-16,106.23447485068624,106.54037694463602,105.81091074000574,106.22662353515625,97525200
2012-07-17,106.65019073167184,107.17571424322867,105.53639302484662,106.95609283447266,138860300
2012-07-18,106.70507584971978,107.96006541941607,106.64233714285575,107.74828338623047,113349700
2012-07-19,107.96794998198256,108.38366290774317,107.62283907582989,108.03070068359375,129847300
2012-07-20,107.41889641639501,107.5836185043566,106.92475408945539,107.04240417480469,142904500
2012-07-23,105.47366562137887,106.97180710843284,104.9795113583731,105.95996856689453,145210900
2012-07-24,106.03839536535351,106.08545538994281,104.3441626693179,105.05008697509766,173301200
2012-07-25,105.26970741847421,105.54422818429207,104.51671121228203,105.07361602783203,129122300
2012-07-26,106.58747690397475,107.03457119184101,106.09332257916955,106.80709838867188,156526500
2012-07-27,107.37180115380214,109.0817243001828,106.78352698312199,108.77581024169922,236768900
2012-07-30,108.65032084799029,109.29349438433023,108.45422945776357,108.77581024169922,106782000
2012-07-31,108.62682665961158,108.92487753248328,108.01502227783203,108.01502227783203,120575900
2012-08-01,108.79154504207676,108.81507506097289,107.77186700550894,107.9208984375,138293800
2012-08-02,107.105130179911,107.90518648122493,106.34429455416077,107.17572021484375,199556600
2012-08-03,108.681720673592,109.52883715307965,107.20710917576476,109.30137634277344,157825000
2012-08-06,109.59157917664295,109.94454135637147,109.46607778921515,109.51313781738281,86326200
2012-08-07,109.95237976420027,110.5328146997346,109.83472969478768,110.06220245361328,109545100
2012-08-08,109.69353262384263,110.32101552149612,109.6621512978785,110.19552612304688,89754700
2012-08-09,110.03863199683308,110.50925608964309,109.92882130430645,110.28963470458984,90291700
2012-08-10,109.84257488856223,110.50929056663557,109.66217411637253,110.4700698852539,99792700
2012-08-13,110.28179754166848,110.47003760774527,109.84254279439713,110.4151382446289,79426900
2012-08-14,110.8230070681434,110.89360906608422,110.10139217378051,110.43082427978516,102379400
2012-08-15,110.31317640121283,110.74457987058906,110.24258637035193,110.55632781982422,71085900
2012-08-16,110.71321689801616,111.5054339372373,110.43869607633657,111.3720932006836,112014200
2012-08-17,111.56034647788803,111.61525782978595,111.27013495634911,111.52112579345703,90813700
2012-08-20,111.36422388169413,111.5524759332356,111.05832177823245,111.52894592285156,78255700
2012-08-21,111.80351590194364,112.23491956294905,110.94855989916213,111.19171142578125,105581100
2012-08-22,110.90928731113806,111.41913211502022,110.6504572041225,111.23873138427734,133243500
2012-08-23,110.96422227435043,110.97206162310633,110.15632651905244,110.32888793945312,111466400
2012-08-24,110.05436129179056,111.24660063522454,109.9837712436294,110.99559783935547,99481200
2012-08-27,111.29365970163049,111.4426911143256,110.86225613026888,111.01912689208984,68785900
2012-08-28,110.73673273415484,111.25441691694421,110.57202265592977,110.90929412841797,75689600
2012-08-29,111.00344915702142,111.29366066733198,110.68969566218507,110.99559783935547,65421300
2012-08-30,110.51710691913011,110.54848824509425,109.96021405219227,110.19552612304688,96589900
2012-08-31,110.82300583303189,111.23873059504977,110.09355159968032,110.7210464477539,151970400
2012-09-04,110.62692656712856,110.95637067404166,109.91316291807037,110.61908721923828,120226200
2012-09-05,110.66615872518838,110.96422153452436,110.3053571892808,110.52497863769531,100660300
2012-09-06,111.19170455574302,112.7761270089619,111.18386520547253,112.7682876586914,158272500
2012-09-07,112.95653956298364,113.25460246289923,112.8545801249664,113.2075424194336,107272100
2012-09-10,113.09766769174702,113.2937590742576,112.52508420598727,112.56429290771484,86458500
2012-09-11,112.63493841149933,113.2388914856374,112.6035570758331,112.87808990478516,88760000
2012-09-12,113.2545700073242,113.38007139958403,112.87022648170534,113.25457000732422,87640900
2012-09-13,113.23884824414677,115.3331027824248,112.94079747996815,114.98014068603516,225470200
2012-09-14,115.20762576264659,116.17239212128767,115.11349374995928,115.48999786376953,169777000
2012-09-17,115.25471775823456,115.45080921706688,114.80762348722995,115.09784698486328,119427800
2012-09-18,114.90173322670942,115.15272402169838,114.71348115411482,115.00369262695312,98326600
2012-09-19,115.13701916853132,115.43508192129154,114.83896838424013,115.0664291381836,128318300
2012-09-20,114.54094293602704,115.1370566672252,114.22720138665389,115.0743179321289,154009800
2012-09-21,115.63334238089355,115.65699799417699,114.97884233788626,115.02615356445312,108737500
2012-09-24,114.45849895036392,115.11299958903652,114.37175761192857,114.85277557373047,95682000
2012-09-25,115.09723315041464,115.31802708916624,113.59897481475198,113.63052368164062,133165200
2012-09-26,113.60678132990492,113.6383181403538,112.72359421668122,112.99169921875,146502200
2012-09-27,113.46487500460205,114.31651357076481,113.16522105566638,114.05628967285156,111830300
2012-09-28,113.6225613211369,113.99318207120703,113.1257812773688,113.52793884277344,150696100
2012-10-01,113.96161290855625,114.8842179078039,113.55944342494507,113.82756042480469,135911200
2012-10-02,114.27710605782269,114.45846988946025,113.41758612488319,113.94591522216797,113422200
2012-10-03,114.25343226413706,114.67924554731852,113.65413637571359,114.41114044189453,121283100
2012-10-04,114.84480604649748,115.39679048820936,114.68709792491671,115.231201171875,124311600
2012-10-05,115.84628657751577,116.0434247636327,114.89213246247147,115.23909759521484,124842100
2012-10-08,114.81325841864906,115.22329708965792,114.58457143639674,114.84479522705078,78415400
2012-10-09,114.7580737173338,114.85269619118407,113.66986713861839,113.70929718017578,148872900
2012-10-10,113.6934722103014,113.80388109051934,112.83395303533536,112.98377990722656,124247500
2012-10-11,113.77234177987025,113.93794308170222,113.02321939007471,113.046875,123601500
2012-10-12,113.1257962038707,113.51217939640986,112.43186585135082,112.67631530761719,124181900
2012-10-15,112.94440280373789,113.73295552434669,112.58167529037922,113.61467742919922,107689100
2012-10-16,114.15089810613942,114.84482841508324,114.07205004617083,114.7659683227539,108815500
2012-10-17,114.84480466386091,115.38102670960993,114.67132212250313,115.28639221191406,128834100
2012-10-18,114.98678588867188,115.53877049412648,114.60039064867266,114.98678588867188,148108500
2012-10-19,114.7738408858199,114.78172208068948,112.80245925615056,113.07056427001953,185645200
2012-10-22,112.88131807753736,113.2913688647123,112.1952810552783,113.08634948730469,125578600
2012-10-23,111.86407781817273,112.02178593945642,111.05186956282128,111.5171127319336,192056300
2012-10-24,111.91930278612692,112.05336736217306,111.02824622724188,111.20172882080078,120179400
2012-10-25,111.99027208149667,112.19529147795008,110.84687292739264,111.52501678466797,134457400
2012-10-26,111.42252215977548,111.84833541236418,110.70493616531716,111.46195220947266,146023500
2012-10-31,111.85622864172072,111.99816238179635,110.93361120178184,111.46195220947266,103438500
2012-11-01,111.69849167608163,112.77092389211006,111.59598800108981,112.62899017333984,100995600
2012-11-02,113.29924556505503,113.33079441101046,111.50923960876061,111.62751770019531,137702200
2012-11-05,111.46196284896432,112.10857000274424,111.1307600257829,111.85623931884766,98378500
2012-11-06,112.19530700055381,113.1731169399798,112.07702887707437,112.73152923583984,107068100
2012-11-07,111.70639967962062,111.72216207332885,109.65615745555908,110.17660522460938,264304500
2012-11-08,110.16082241932685,110.72070019478471,108.76508061117018,108.85182189941406,181517300
2012-11-09,108.52064686143736,109.95581892308863,108.46545441495361,108.94647216796875,201055300
2012-11-12,109.28551083250798,109.45899338120289,108.78873083611687,109.0331802368164,97677500
2012-11-13,108.45755538793803,109.80598607672806,108.3156216482558,108.65469360351562,123018300
2012-11-14,108.98588442077981,109.15935496165747,106.94352358717823,107.18797302246094,191505000
2012-11-15,107.22739322059432,107.62956279996826,106.59654865151232,107.00659942626953,178128400
2012-11-16,107.16433705063014,107.74787054327442,106.21807595278855,107.53495788574219,239483900
2012-11-19,108.74144361381929,109.72713477069713,107.56650745553306,109.71137237548828,151495800
2012-11-20,109.5379112393317,109.94006897851244,108.88341073899552,109.75870513916016,119807400
2012-11-21,109.85326430759774,110.05829569088914,109.63247053509791,109.96366119384766,81710800
2012-11-23,110.49991675219843,111.50137022680799,110.42893784979879,111.46195220947266,65409200
2012-11-26,110.9099287667012,111.46980645938596,110.54720127484255,111.22535705566406,100124400
2012-11-27,111.11497006772409,111.49347201586136,110.58664117301832,110.65760803222656,128646200
2012-11-28,110.20815640834763,111.61177970246435,109.60886049556221,111.5487060546875,177086500
2012-11-29,111.96659576317094,112.37663448028256,111.47768493529382,112.06909942626953,151085900
2012-11-30,112.08489224130948,112.30568605825017,111.70639027403408,112.0927734375,136568300
2012-12-03,112.60533779401565,112.69996027591878,111.4540454572994,111.54078674316406,124656300
2012-12-04,111.53292176063148,111.87199372498203,111.08344084153,111.38309478759766,127512200
2012-12-05,111.4776997450252,112.10066316306735,110.68914698563226,111.58021545410156,147300500
2012-12-06,111.47773766501811,112.00606674964328,111.31214826734083,111.95875549316406,103220600
2012-12-07,112.39242063481706,112.51859196049534,111.71426479974613,112.29779815673828,108726400
2012-12-10,112.14005057739965,112.6131748337608,112.09272732264344,112.3450698852539,98840700
2012-12-11,112.8103467355936,113.63832947265269,112.75515430371459,113.11000061035156,152570400
2012-12-12,113.55159445367292,113.9853008667388,113.00749113840482,113.16519927978516,145880100
2012-12-13,113.09427269758879,113.41758232359358,112.18744153742965,112.47132110595703,135715000
2012-12-14,112.22682728507664,112.43184665770268,111.87986216804836,112.0533447265625,137701700
2012-12-17,112.34515601489117,113.43336309380254,112.31360715420004,113.37027740478516,143238200
2012-12-18,113.5516139027653,114.73444321425242,113.38601250491782,114.63192749023438,177762800
2012-12-19,114.75807550510875,114.79750554728041,113.74084779829334,113.78026580810547,150895400
2012-12-20,113.85130048892299,114.45059651359024,113.53587202933593,114.43482208251953,168487000
2012-12-21,112.90366789263555,114.42842584728832,112.72101781474825,113.39603424072266,245883800
2012-12-24,113.14986918356546,113.21340228989425,112.91957227611195,113.04663848876953,53874600
2012-12-26,113.27691843476954,113.33251443862048,112.25247602815192,112.57012939453125,106947700
2012-12-27,112.60188530184254,112.83219428313961,111.11683709201837,112.41923522949219,167920600
2012-12-28,111.68863767898067,112.30807028299807,111.07714216866083,111.20420837402344,148806700
2012-12-31,110.91035360859163,113.21337050740262,110.81504791700321,113.09425354003906,243935200
2013-01-02,115.23843844580935,116.06434432261989,114.93665931885116,115.99287414550781,192059000
2013-01-03,115.93732057238319,116.23908766051886,115.42111866146915,115.7308349609375,144761800
2013-01-04,115.92140613223874,116.4296587084626,115.68316008638755,116.23905944824219,116817700
2013-01-07,115.82608554032458,116.03255893578965,115.49253388332761,115.92137908935547,110002500
2013-01-08,115.7149339116397,115.87376057132012,115.13519903314497,115.5878677368164,121265100
2013-01-09,115.8419736601698,116.19934874743014,115.65932362998281,115.88168334960938,90745600
2013-01-10,116.52493127322306,116.81082405316582,115.92138523454173,116.80288696289062,130735400
2013-01-11,116.77115502503577,116.85851151925985,116.42967825887749,116.79499053955078,113917300
2013-01-14,116.65207357269284,116.79502611482924,116.28676118074692,116.71560668945312,89567200
2013-01-15,116.17554586924402,116.9061704305906,116.10407567879685,116.79499053955078,93172600
2013-01-16,116.55671589496154,116.96172565929267,116.42964973127856,116.7790756225586,104849500
2013-01-17,117.29531557684076,117.86710144104546,116.85853302533695,117.53356170654297,133833500
2013-01-18,117.50970803266222,117.92266707658005,117.08086268613644,117.79560089111328,169906000
2013-01-22,117.79565016290329,118.43096923828125,117.51769428064308,118.43096923828125,111797300
2013-01-23,118.43094143001828,118.72477143483495,118.2165187174139,118.62152862548828,104596100
2013-01-24,118.44679658002221,119.23300498807144,118.33561669463431,118.65328216552734,146426400
2013-01-25,119.02656637969584,119.32039642333984,118.62154430040033,119.32039642333984,147211600
2013-01-28,119.35209951063943,119.38387211060022,118.73266710606424,119.17739868164062,113357700
2013-01-29,118.93914621890355,119.79682460600444,118.859726840994,119.64593505859375,105694400
2013-01-30,119.63005523066262,119.86830125958302,119.06620669947424,119.17739868164062,137447700
2013-01-31,119.03448029701497,119.42361599291847,118.80418341099852,118.88359069824219,108975800
2013-02-01,119.63800473809154,120.24950011498701,119.43153128770369,120.10655975341797,131173000
2013-02-04,119.3759448172532,120.13038053934119,118.66914376362323,118.75650024414062,159073600
2013-02-05,119.39978141770182,120.29715759751905,119.35212250857724,119.95568084716797,113912400
2013-02-06,119.53475438781447,120.12241415664681,119.44739791978593,120.04300689697266,138762800
2013-02-07,120.08271448387507,120.19389433962947,119.01061349662547,119.8841781616211,162490000
2013-02-08,120.09070176396871,120.62277787585676,120.09070176396871,120.55130767822266,103133700
2013-02-11,120.50363479686315,120.63068885925617,120.22567904262654,120.52745819091797,73775000
2013-02-12,120.53539103199586,120.94835004387811,120.40038776454728,120.72599029541016,65392700
2013-02-13,120.97219138980131,121.19455117126826,120.48776212638421,120.82923889160156,82322600
2013-02-14,120.46390399581718,121.08333636811454,120.32890074725962,120.94038391113281,80834300
2013-02-15,121.05159034652773,121.1786565322541,120.35275056042961,120.79747009277344,215226500
2013-02-19,121.003937438179,121.72661270054748,120.83717368083109,121.70278930664062,95105400
2013-02-20,121.61545384993154,121.65516355254121,120.12245627924732,120.18598937988281,160574800
2013-02-21,119.88419809649142,120.24949820427297,119.07416637404488,119.45535278320312,183257000
2013-02-22,120.03507734584673,120.62274932861328,119.51095056953888,120.62274932861328,106356600
2013-02-25,121.21041898021862,121.39306903333285,118.32766723632812,118.32766723632812,245824800
2013-02-26,118.89943404266201,119.28062038972301,118.11322584150913,119.13768005371094,186596200
2013-02-27,119.03448669754788,120.9722039524431,118.93124388910985,120.63866424560547,150781900
2013-02-28,120.63070275875378,121.40102490247953,120.2415791992238,120.40040588378906,126866000
2013-03-01,119.98743830589095,120.98012016119357,119.44742519310157,120.79747009277344,170634800
2013-03-04,120.51954584061063,121.44075775146484,120.32895862988327,121.44075775146484,99010200
2013-03-05,122.028375571031,122.85428139093864,122.01248927131272,122.52867889404297,121431900
2013-03-06,122.9654486788253,123.02898175350516,122.42543572058877,122.69544219970703,94469900
2013-03-07,122.8543135818633,123.0766733653983,122.71137320003338,122.9178466796875,86101400
2013-03-08,123.4578800182977,123.60875750307575,122.82256111624739,123.4419937133789,123477800
2013-03-11,123.34671631571341,123.91849007316715,123.19582669342213,123.91055297851562,83746800
2013-03-12,123.8231676459643,123.96612014033101,123.25933111439839,123.632568359375,105755800
2013-03-13,123.6960482484493,123.98194099651026,123.2751522745948,123.8072280883789,92550900
2013-03-14,124.13283011021522,124.52196560753494,123.81517688794577,124.46636962890625,126329900
2013-03-15,124.31809624707581,124.46964481255118,123.88734339733098,124.30213928222656,138601100
2013-03-18,123.11354812403039,124.1505313563196,123.00187375572806,123.6160888671875,126704300
2013-03-19,123.87934086845597,124.04684635803677,122.51530673818037,123.32894134521484,167567300
2013-03-20,124.05481833262947,124.39781384325812,123.8474143758831,124.19042205810547,113759300
2013-03-21,123.44858277753396,124.15054297058445,122.9221248043405,123.1295166015625,128605000
2013-03-22,123.52037130363712,124.1186294555664,123.42464172264502,124.1186294555664,111163600
2013-03-25,124.44567207152627,124.65307602747568,123.12153656895701,123.60013580322266,151322300
2013-03-26,124.11062209615879,124.6211351385136,123.97501840055106,124.5892333984375,86856600
2013-03-27,123.84738709706461,124.62911970222589,123.63999535759238,124.5892333984375,99950600
2013-03-28,124.50943741521915,125.11567990716718,124.23823007492068,124.97209167480469,102932800
2013-04-01,124.90831005129155,125.1635726798566,124.17444825155515,124.47756958007812,99194100
2013-04-02,124.92428685633467,125.40289827513945,124.73283985449396,125.09180450439453,101504300
2013-04-03,125.16356784495733,125.25928524117576,123.49642494566457,123.8234634399414,154167400
2013-04-04,123.98301162281035,124.57329737191469,123.71180418602988,124.32601928710938,131885000
2013-04-05,122.80245920579846,123.91921510437773,122.65888308586906,123.76765441894531,159666000
2013-04-08,123.85537537581195,124.61316648415726,123.44057971283469,124.60519409179688,86571200
2013-04-09,124.83656841564026,125.49067001583937,124.42177257579685,125.0359878540039,101922200
2013-04-10,125.37098846814617,126.72703797044913,125.3390867192566,126.5675048828125,135711100
2013-04-11,126.59143339671816,127.3970955670637,126.46380205881866,126.9822998046875,110142500
2013-04-12,126.57548927314019,126.86265372673947,125.96925861402863,126.67121887207031,116359900
2013-04-15,126.03306372728397,126.13676571260274,123.71980350219314,123.73574829101562,217259000
2013-04-16,124.66906204082478,125.62628516907864,124.36595274370224,125.56246948242188,147507800
2013-04-17,124.66900625646636,124.69294777839777,123.06567892578161,123.72775268554688,226834800
2013-04-18,123.93513455132951,123.9670484636287,122.48336800308928,122.95399475097656,167583200
2013-04-19,123.24123591189668,124.07880014367595,122.93811441409495,124.02295684814453,149687600
2013-04-22,124.26220946077525,124.86844002527334,123.44060254679226,124.57330322265625,106553500
2013-04-23,125.1955385210906,125.9772594210157,124.57335075990149,125.85761260986328,166141300
2013-04-24,125.89743058860168,126.27233995547458,125.66609731716521,125.93731689453125,96781200
2013-04-25,126.3042724158231,127.04611893744473,126.11283757534886,126.44786071777344,131060600
2013-04-26,126.29632115824695,126.51169756142045,125.81770963377178,126.22453308105469,95918800
2013-04-29,126.56748948447193,127.34921003890251,126.36807010628912,127.07003021240234,88572800
2013-04-30,127.04611512000845,127.40506760670664,126.51964498133418,127.37315368652344,116010700
2013-05-01,127.09394955998101,127.15776521656748,126.1128097045971,126.25638580322266,138874200
2013-05-02,126.57549510821585,127.54069050751825,126.45584831853195,127.42901611328125,96407600
2013-05-03,128.53778997006205,129.1280758768344,127.45294776158084,128.72125244140625,144202300
2013-05-06,128.81692720142502,129.23171068424895,128.76108394128076,129.04824829101562,66882100
2013-05-07,129.32748310363812,129.74226672390836,128.96054602398885,129.702392578125,90359200
2013-05-08,129.5588167744745,130.33256515423605,129.4870286992215,130.2926788330078,97419200
2013-05-09,130.23679866991452,130.5797941257841,129.59865428539408,129.9257049560547,106738600
2013-05-10,130.01350280155035,130.46020040078528,129.63060871226605,130.34852600097656,103203000
2013-05-13,130.18097151386846,130.667555297965,129.87786232670194,130.45217895507812,81843200
2013-05-14,130.55587226556133,131.89597676708692,130.55587226556133,131.8002471923828,119000900
2013-05-15,131.58489614842185,132.77342792747586,131.54500983595298,132.51019287109375,120718500
2013-05-16,132.23898055053093,132.70163498062428,131.68858110487514,131.88800048828125,109913600
2013-05-17,132.37452555688583,133.24399076170903,132.1990356035983,133.1642303466797,129801000
2013-05-20,133.03669475834502,133.67483939548035,132.9010910008382,133.15634155273438,85071200
2013-05-21,133.27595974806155,133.85028852862987,132.81330533195967,133.34774780273438,95804200
2013-05-22,133.48334017453976,134.86333091224387,131.75238158662046,132.35861206054688,244031800
2013-05-23,130.94675505674442,132.34269082817005,130.7712650146091,131.9757537841797,211064400
2013-05-24,131.19399811931555,131.91988744775995,130.80313182593991,131.86404418945312,151573900
2013-05-28,133.24403634255773,133.83432203932463,132.2628964837895,132.6537628173828,143679800
2013-05-29,131.95183045297827,132.25495184351877,131.09033716270093,131.79229736328125,160363400
2013-05-30,131.89600302742485,132.88511551408973,131.792301039012,132.2788848876953,107793800
2013-05-31,131.9119411465621,132.66176003988997,130.1251511079196,130.38040161132812,176850100
2013-06-03,130.68354705804813,131.18608793474743,129.7502655524612,131.0983428955078,168390700
2013-06-04,131.17008445462795,131.6965545033626,129.8060506322868,130.46812438964844,157631500
2013-06-05,130.0932156405519,130.35645066620137,128.5297746156907,128.64144897460938,211737800
2013-06-06,128.58560003094243,129.81403009639175,127.82780890234515,129.80604553222656,200225500
2013-06-07,130.69946890831088,131.5769068933845,130.1331125032635,131.45726013183594,188337800
2013-06-10,131.86407129269423,131.93585934962337,131.11425246274135,131.45726013183594,105667100
2013-06-11,130.26077517641613,131.24988776748987,129.8140775970156,130.1012420654297,159505400
2013-06-12,130.99460220001524,131.13020591667697,128.904691010204,129.0243377685547,177361500
2013-06-13,128.95256817524606,131.21796971603007,128.66540374249917,130.9866485595703,163587800
2013-06-14,130.84306996477676,131.35358319735843,129.94967485065774,130.1650390625,141197500
2013-06-17,131.05040030428256,131.79224653407292,130.1968919092049,131.17005920410156,136295600
2013-06-18,131.24194245772452,132.40655753431176,131.23397006058852,132.20713806152344,114695600
2013-06-19,132.0954157585682,132.32673690764452,130.32457050841768,130.38040161132812,206149500
2013-06-20,129.11211088564284,130.39637244838724,126.81479525251105,127.14981842041016,321255900
2013-06-21,128.01508209046645,128.1113059994864,126.27496373168557,127.5580062866211,271956800
2013-06-24,126.22688221888512,127.0448101148128,124.87968598770401,125.94621276855469,222329000
2013-06-25,127.08483279670835,128.3839162981609,126.23482259901502,127.15701293945312,162262200
2013-06-26,128.1994539210476,128.70465367341484,127.70228098125429,128.4159698486328,134848000
2013-06-27,129.1858259385878,129.76319371543048,129.06553384741375,129.16978454589844,129483700
2013-06-28,128.80898332300373,129.42643647002515,128.19151793998006,128.6405792236328,160402900
2013-07-01,129.31410764860522,130.29242449444106,129.1697718365948,129.39430236816406,131954800
2013-07-02,129.20186769541985,130.1481141804139,128.70469459754082,129.2740478515625,154863700
2013-07-03,128.68864852688088,129.72310428868172,128.48015935315277,129.33016967773438,75216400
2013-07-05,130.2844173564216,130.77357580727158,129.3461978167907,130.7254638671875,122416900
2013-07-08,131.39905401451804,131.824059128451,130.7735743285036,131.47122192382812,108092500
2013-07-09,132.2972188626734,132.57788824853367,131.72787774644362,132.41751098632812,119298000
2013-07-10,132.28917281340395,132.91465255241786,132.01653030891026,132.46559143066406,121410100
2013-07-11,134.00525423788577,134.4062034741626,132.45758382313733,134.26988220214844,135592200
2013-07-12,134.22978013050357,134.6627999066781,134.02129093990092,134.3260040283203,104212700
2013-07-15,134.6948975358111,135.0316934512733,134.46234010913443,134.8392333984375,69450600
2013-07-16,134.9273965137931,135.0075912340081,133.97314786481434,134.33399963378906,88702100
2013-07-17,134.84725233248912,135.10385348527035,134.50242962081455,134.67884826660156,92873900
2013-07-18,134.96748863324112,135.73731631502574,134.87927933882827,135.4165496826172,103620100
2013-07-19,135.13592120522534,135.70526221458528,134.96751715811982,135.6571502685547,103831700
2013-07-22,135.8496002747504,136.11422819441052,135.5288335981938,135.92176818847656,79428600
2013-07-23,136.16238896367767,136.186444943546,135.5609649949653,135.6331329345703,80829700
2013-07-24,136.15431210363658,136.21045086003053,134.86325530254797,135.1359100341797,112914000
2013-07-25,134.89536534356768,135.58499853633447,134.67083474462035,135.46470642089844,111088600
2013-07-26,134.8953198610423,135.64910614735493,134.33399355293585,135.6090087890625,107814600
2013-07-29,135.26416923705685,135.5688944386903,134.80709367060095,135.19200134277344,79695000
2013-07-30,135.60097721570136,135.74531300426818,134.87124698862874,135.19200134277344,85209600
2013-07-31,135.47273278706984,136.2024633492258,135.1118809139597,135.28829956054688,142388700
2013-08-01,136.31471926338625,136.9722696168495,136.24253910493374,136.85198974609375,110438400
2013-08-02,136.5472480144819,137.10055982545634,136.36281482282297,137.0845184326172,91116700
2013-08-05,136.7797947477706,137.09253458582708,136.6033761482519,136.884033203125,54072700
2013-08-06,136.61944625023372,136.9161570216227,135.80151857386485,136.10623168945312,87495000
2013-08-07,135.67317268790492,135.86562044511237,135.15995827535713,135.66514587402344,84854700
2013-08-08,136.3066740822953,136.46705130036042,135.46467839245673,136.16233825683594,102181300
2013-08-09,135.98590987953455,136.4029004053531,135.29627687898696,135.76939392089844,91757700
2013-08-12,135.08777983924847,135.7693859862364,135.02362651317975,135.6090087890625,68593300
2013-08-13,135.84960202570028,136.2425243850498,135.04770367796957,136.00997924804688,80806000
2013-08-14,135.94581113654777,136.16232709298225,135.28023411195022,135.31231689453125,79829200
2013-08-15,134.24581521997368,134.26184437819077,133.18730344971087,133.41986083984375,152931800
2013-08-16,133.1632845772303,133.62037266973894,132.71422330206522,132.97885131835938,130868200
2013-08-19,132.82643177388292,133.28351967076736,132.12075736577927,132.1287841796875,96437600
2013-08-20,132.34528838378748,133.27549333672852,132.20095256488122,132.7783203125,89294400
2013-08-21,132.4094492938893,133.13917971611838,131.66368971486224,131.96038818359375,159530500
2013-08-22,132.23300319498398,133.35566797336168,132.2249886182509,133.1632080078125,101471400
2013-08-23,133.5561476586389,133.7806781757617,132.9306680415118,133.61227416992188,90888900
2013-08-26,133.74866787731895,134.15764401199476,133.02696400060015,133.11517333984375,89702100
2013-08-27,131.80002974206948,133.11514271073557,130.87785141889483,130.9740753173828,158619400
2013-08-28,130.91790673379876,131.90425041264112,130.7495149497989,131.43914794921875,108113000
2013-08-29,131.15044060411708,132.3452609776286,131.03014854394183,131.64761352539062,119200500
2013-08-30,131.920330899599,131.93637229726826,130.8457897397825,131.23069763183594,134928900
2013-09-03,132.49762715008814,132.77829639540084,131.27072396639713,131.82403564453125,142375100
2013-09-04,131.8561307118017,133.13917287759944,131.61557101221197,132.91464233398438,97389400
2013-09-05,132.99484428222704,133.4358785794302,132.89860816116658,133.0830535888672,63090500
2013-09-06,133.52409475530177,133.9009879725176,131.896242023922,133.14720153808594,159756500
2013-09-09,133.47596437360573,134.50239317862886,133.47596437360573,134.42221069335938,87559300
2013-09-10,135.23211651647972,135.44060565054835,134.92739127469056,135.4165496826172,105847200
2013-09-11,135.2320993055664,135.84153747558594,134.9995542331625,135.84153747558594,94545900
2013-09-12,135.79346802654817,135.9698866481108,135.29629494905248,135.48072814941406,83209000
2013-09-13,135.625068947625,135.88969686577974,135.3123290872599,135.7854461669922,72727800
2013-09-16,137.25290746971172,137.31706079806074,136.35477310882155,136.5712890625,106299200
2013-09-17,136.69156672707499,137.21279564045068,136.69156672707499,137.18072509765625,82523300
2013-09-18,137.13259930256163,139.14537150589157,136.78778896863352,138.7684783935547,203460600
2013-09-19,139.14540026280395,139.20955359688514,138.39962846060772,138.53594970703125,146616900
2013-09-20,138.8647326760714,138.8647326760714,137.45457031547815,137.5673828125,132867100
2013-09-23,137.38209433646844,137.511014162907,136.49570136670613,136.9308319091797,104616500
2013-09-24,136.90660412749807,137.4142664711598,136.3506076268674,136.60845947265625,106333100
2013-09-25,136.69712752485214,136.9710990110926,136.09277214868786,136.21363830566406,117306500
2013-09-26,136.439297251707,137.12422607587607,136.22172583902102,136.73744201660156,77146900
2013-09-27,136.05247431714568,136.2942189178306,135.75432961049762,136.10888671875,99141800
2013-09-30,134.9565901480199,135.81074383635507,134.69067228918382,135.3836669921875,143937000
2013-10-01,135.48843230597524,136.58433067222114,135.35144654714986,136.4553985595703,127160000
2013-10-02,135.6576222408335,136.45536335380012,135.2385991306487,136.32643127441406,113350000
2013-10-03,136.01218990752105,136.13306836315513,134.44086834941305,135.06939697265625,176698000
2013-10-04,135.17415374885655,136.22975918191753,134.99687518651817,136.0927734375,96878000
2013-10-07,134.90825189571012,135.73823240156005,134.771266135056,134.9163055419922,96295000
2013-10-08,134.89210360061676,135.06938214624023,133.24826252695607,133.34495544433594,178015000
2013-10-09,133.60279406185512,133.92511192189352,132.57941579799402,133.44163513183594,168973000
2013-10-10,134.8034534734031,136.39089431598467,134.75510701860603,136.31837463378906,195955000
2013-10-11,136.1089294835486,137.24512085680496,135.99611694053593,137.19676208496094,105040000
2013-10-14,136.35064687549774,137.85750246184435,136.24588800093287,137.74468994140625,112106000
2013-10-15,137.39816995069006,137.9138860244697,136.56013594166353,136.74546813964844,155485000
2013-10-16,137.56739834353596,138.72776261284324,137.5029322957254,138.65524291992188,161676000
2013-10-17,138.09120638897477,139.66254061208676,138.0670331512941,139.5819549560547,129389000
2013-10-18,140.09764239948322,140.62141216913597,139.81560495696723,140.52471923828125,138316000
2013-10-21,140.57305343633786,140.81479803802065,140.21849632662193,140.5327606201172,104104000
2013-10-22,140.94374555490856,141.76566007667307,140.55694923163315,141.34664916992188,126663000
2013-10-23,140.86317042632606,140.92763648501642,140.17824160707247,140.66978454589844,105484000
2013-10-24,140.95178327932393,141.31439403274808,140.62139940137791,141.13711547851562,70350000
2013-10-25,141.42719645685352,141.82204635324476,141.15322500007932,141.78175354003906,93625000
2013-10-28,141.73342901352822,142.20079866862383,141.5803236770401,142.0074005126953,84979000
2013-10-29,142.3297163645197,142.82125920239216,142.12826458335297,142.7648468017578,87401000
2013-10-30,142.9340795149937,143.03882608588577,141.54809020121345,142.0557403564453,140002000
2013-10-31,141.94295367416663,142.53925551393021,141.44335707327846,141.65286254882812,133795000
2013-11-01,141.8382123860879,142.31363576893935,141.19356405061174,141.99131774902344,142805000
2013-11-04,142.3780322451643,142.54724481944245,141.80590389944882,142.4908447265625,85677000
2013-11-05,141.93485296554482,142.42639575672885,141.4755493418442,142.03961181640625,85825000
2013-11-06,142.6520342961301,143.0307646283748,142.25718437861258,142.7648468017578,87348000
2013-11-07,143.03081559378,143.14362813960562,140.82289885902682,140.9598846435547,157000000
2013-11-08,140.91150500468348,142.87767659405904,140.8953977131028,142.86155700683594,136713000
2013-11-11,142.72454042379127,143.05492426446332,142.55532782924982,142.88571166992188,62614000
2013-11-12,142.57952250367805,142.91796003930807,142.12020651526768,142.59564208984375,83990000
2013-11-13,141.8945480370785,143.78013341772834,141.8945480370785,143.73985290527344,103844000
2013-11-14,143.86873766901223,144.57785157286403,143.6350591119533,144.4569854736328,103435000
2013-11-15,144.69069094781472,145.1419408630726,144.50535879597052,145.08554077148438,102818000
2013-11-18,145.32728771331983,145.4481538370344,144.25556299904406,144.577880859375,104796000
2013-11-19,144.50540122626344,144.9405316878447,144.01385836089193,144.26365661621094,93891000
2013-11-20,144.553780252535,144.98891081213736,143.41758893628938,143.81243896484375,124909000
2013-11-21,144.21528721634095,145.08556029673085,144.1266479499409,144.97274780273438,92841000
2013-11-22,145.02916140581752,145.71410237319768,144.85994879688698,145.69798278808594,81296000
2013-11-25,145.95586687008463,145.98809374906185,145.3434455087354,145.55296325683594,79486000
2013-11-26,145.6254398486701,146.02834334265256,145.3756416497032,145.59320068359375,86994000
2013-11-27,145.74633263998533,146.04448964110864,145.56905408655237,145.94778442382812,58800000
2013-11-29,146.108953659186,146.45544482067803,145.68993051183017,145.85108947753906,55870900
2013-12-02,145.9236010714231,146.1975725274914,145.24672607561658,145.47235107421875,99726000
2013-12-03,144.99688578556618,145.35949640701136,144.37641107158603,144.84378051757812,116563000
2013-12-04,144.32012369960992,145.43212965413863,143.71576809332285,144.82777404785156,123033000
2013-12-05,144.5698772300971,144.83579508990124,144.05416109777335,144.19114685058594,106934000
2013-12-06,145.5851325495481,145.93968955626457,145.16610951473427,145.80270385742188,127728000
2013-12-09,146.22978274763105,146.3909416724942,145.97998456974747,146.17337036132812,70124000
2013-12-10,145.835005703207,146.14121642019498,145.56103416466198,145.64967346191406,80976000
2013-12-11,145.70608579164144,145.7302590276376,143.83660690364576,144.01388549804688,130591000
2013-12-12,143.94937882248914,144.1266573668723,143.24026464495654,143.53842163085938,115565000
2013-12-13,143.83657263833808,143.96550473003217,143.24833687649019,143.52230834960938,107808000
2013-12-16,144.19917668920297,144.89217128031646,144.1588838754651,144.416748046875,96195000
2013-12-17,144.5456913129684,144.56986454395278,143.63512529375197,143.9574432373047,89886000
2013-12-18,144.1750181715789,146.43933436439374,142.88573406989343,146.4151611328125,234906000
2013-12-19,145.99614585497946,146.4151690511183,145.61742777451133,146.24595642089844,136531200
2013-12-20,146.39177956558183,147.44501858055847,146.29456168685633,147.0966339111328,197087000
2013-12-23,147.8177065381563,147.9716430993791,147.5098457781072,147.8825225830078,85598000
2013-12-24,147.89060303032971,148.27138952376308,147.8825056615485,148.20657348632812,45368800
2013-12-26,148.5387087716292,149.04102982820234,148.5225140386754,148.9600067138672,63365000
2013-12-27,149.15449555206771,149.21929922638432,148.79801353135161,148.9519500732422,61814000
2013-12-30,148.96812676441957,149.08966145442898,148.7331794768976,148.92762756347656,56857000
2013-12-31,149.1301984678259,149.63250732421875,149.01676112616758,149.63250732421875,86119900
2014-01-02,149.05729259632733,149.13021837747158,147.84201950095448,148.19850158691406,119636900
2014-01-03,148.44960740394913,148.74938307567257,147.96350574252648,148.1741485595703,81390600
2014-01-06,148.6603064106516,148.71701272479186,147.51794677157508,147.7447967529297,108028200
2014-01-07,148.33614454214214,148.90326918341356,148.22271961388785,148.65211486816406,86144200
2014-01-08,148.62783639847098,148.93570941287723,148.17413660611993,148.68455505371094,96582300
2014-01-09,149.16260108522135,149.17880818588506,148.10126469606624,148.7818145751953,90683400
2014-01-10,149.03301408671206,149.25176674345968,148.27144083628653,149.18695068359375,102026400
2014-01-13,148.80613760958147,149.21932601008743,146.91841192460825,147.2019805908203,149892000
2014-01-14,147.68805160085304,148.88712970151192,147.41259272464544,148.8061065673828,105016100
2014-01-15,149.15443931456386,149.83498889984696,148.838468981226,149.60813903808594,98525800
2014-01-16,149.30033234299026,149.60820544735148,148.93575292921267,149.41375732421875,72290600
2014-01-17,149.1545037160873,149.4380599845266,148.5225627765538,148.7818145751953,107848700
2014-01-21,149.64058207221814,149.69730073447315,148.30378699281854,149.2192840576172,88621200
2014-01-22,149.4704648610254,149.53528089724108,149.0005578702578,149.3165283203125,61270900
2014-01-23,148.56304661992186,148.58735108720603,147.30727460225907,148.0931396484375,132496900
2014-01-24,147.12905506422504,147.1776640058846,144.88484747923889,144.93345642089844,208677100
2014-01-27,145.07113700523726,145.44382603640358,143.49938248828744,144.22044372558594,180843100
2014-01-28,144.32580904187628,145.26562305107743,144.30960194174656,145.07928466796875,110463200
2014-01-29,143.87211414643215,144.65799163774983,143.3049892460987,143.68577575683594,216597300
2014-01-30,144.88484024457557,145.67881509762626,144.42303059707754,145.2089080810547,118938100
2014-01-31,143.4103342419154,145.25754850753415,143.3374208172616,144.35824584960938,194677900
2014-02-03,144.18802180742196,144.51208950576176,140.83387044380495,141.1093292236328,254837100
2014-02-04,141.7412507065817,142.462311745835,141.0607012147358,142.0977325439453,165012400
2014-02-05,141.60358523152996,142.235526096595,140.7366970653076,141.9195556640625,164230500
2014-02-06,142.25173603247998,143.79107666015625,141.96007006106404,143.79107666015625,132877600
2014-02-07,144.46349558917115,145.72737705129146,143.9935887241074,145.5734405517578,170787200
2014-02-10,145.5896963993232,145.8894721323108,145.1927151490573,145.84085083007812,92218800
2014-02-11,145.9623802155983,147.80959403636945,145.86514997707675,147.43690490722656,117814100
2014-02-12,147.65572983974374,148.12563707525962,147.21823682041588,147.50990295410156,94717700
2014-02-13,146.51328441295342,148.4253140946679,146.5051870448254,148.27137756347656,100542200
2014-02-14,148.1336548379803,149.3651347808746,147.99592539920312,149.0896759033203,96498400
2014-02-18,149.21932302885187,149.47048984707172,148.7899275342391,149.2679443359375,80460900
2014-02-19,148.8790525760708,149.8431712163398,148.15799102902545,148.27952575683594,126524300
2014-02-20,148.4820123874882,149.49473957228398,147.93919209992475,149.1544647216797,104998100
2014-02-21,149.43807496490038,149.79455704086408,148.91146158329747,148.984375,118116400
2014-02-24,149.30034186875469,150.81537829234057,149.23552582357502,149.81076049804688,114063900
2014-02-25,149.93223878398578,150.36163413998432,149.2597864206087,149.75399780273438,117085000
2014-02-26,149.97281942381355,150.36981313080219,149.34087833098994,149.76217651367188,98677200
2014-02-27,149.54341963111588,150.58854914349962,149.37327594368685,150.5480499267578,93880800
2014-02-28,150.523696263946,151.62554419003996,149.92416954397996,150.9287872314453,150842000
2014-03-03,149.60010061603631,150.2482486853138,148.87094176459675,149.86746215820312,167748500
2014-03-04,151.3338872982066,152.29800583680787,151.30148545831236,151.97393798828125,167545900
2014-03-05,152.10350541727055,152.37086684173457,151.86854581892757,152.11160278320312,88376900
2014-03-06,152.48432354151197,152.80839131979369,152.13593893558544,152.4600067138672,82516500
2014-03-07,153.0919172711085,153.0919172711085,151.85232807646494,152.5247802734375,114513500
2014-03-10,152.28989585532068,152.50053870317868,151.56883444402814,152.44383239746094,74939200
2014-03-11,152.6707557171944,152.88950840128172,151.34205722988028,151.6904296875,99009100
2014-03-12,150.95308259567648,151.78756888106017,150.6127953524619,151.73085021972656,104824400
2014-03-13,152.18461325938506,152.30614800025884,149.608239936523,150.02952575683594,155014300
2014-03-14,149.76207552193597,150.53174557879592,149.4298980949322,149.60813903808594,153919600
2014-03-17,150.36159704229652,151.31761773880834,150.296781032161,150.9611358642578,98359500
2014-03-18,151.269086895497,152.2413028245348,151.10704060532714,152.03875732421875,101804600
2014-03-19,152.05495340782747,152.26560864195244,150.26445809214343,151.22857666015625,176267300
2014-03-20,150.89633032421617,152.22502771821294,150.62896889975212,152.11160278320312,117241000
2014-03-21,152.75046482513406,153.816485435852,151.38334541893903,151.5216827392578,163128000
2014-03-24,152.0424664998827,152.22963968747018,150.23592364051524,150.8950653076172,121411000
2014-03-25,151.65999900609629,152.123846795383,150.76487310177328,151.61117553710938,103852000
2014-03-26,152.2051929552425,152.4493226816059,150.48003107832736,150.52072143554688,119843000
2014-03-27,150.341767524605,150.82188169116262,149.65006836352654,150.20343017578125,142383000
2014-03-28,150.63466158811633,151.70068199905785,150.54514776033741,150.9438934326172,101642000
2014-03-31,151.9041115619217,152.41678276212545,150.96829540045695,152.1807861328125,99745000
2014-04-01,152.67719386121232,153.27937894317867,152.1726681328073,153.1898651123047,89193000
2014-04-02,153.3851497323496,153.90595401559526,153.10032965154733,153.7025146484375,78774000
2014-04-03,153.93852337104022,153.97921373434386,153.02711883442527,153.4990997314453,77435000
2014-04-04,154.33727555329568,154.3698203951336,151.44030036843486,151.68441772460938,169381000
2014-04-07,151.31823751450284,151.57050040759265,149.69886768455598,150.00808715820312,140803000
2014-04-08,149.9429752967917,150.87065849127953,149.39775917886038,150.6265411376953,112660000
2014-04-09,151.0334500081458,152.29476464254302,150.59401385032615,152.24594116210938,100254000
2014-04-10,152.23781117571698,152.311046397869,148.8607088453003,149.04788208007812,172959000
2014-04-11,148.2178410508257,149.25945001234336,147.5424206056769,147.70516967773438,167251000
2014-04-14,148.86065940946747,149.21871471035846,147.6481686333057,148.86880493164062,132382000
2014-04-15,149.17809708228373,149.9999880520286,147.70518492319698,149.89419555664062,157093000
2014-04-16,150.92763862823693,151.47285478642215,150.26035136729104,151.4647216796875,105197000
2014-04-17,151.26127286711665,152.0994422361472,151.00086446429438,151.67628479003906,105255000
2014-04-21,151.71699876583926,152.25408186752594,151.5298379577817,152.2052459716797,68329000
2014-04-22,152.359889457536,153.31198471873248,152.27852111700858,152.89697265625,85790000
2014-04-23,152.83999347797013,152.92136180647563,152.41683595208283,152.5388946533203,73869000
2014-04-24,153.28747650831525,153.3037551329604,152.11566387291302,152.84805297851562,88170000
2014-04-25,152.3517720916908,152.44128596739296,151.25319383688807,151.594970703125,100380000
2014-04-28,152.21336477070057,152.7341691489963,150.51261433093316,152.0750274658203,135121000
2014-04-29,152.56330194674956,153.01900430736484,152.2378038082981,152.78302001953125,84098000
2014-04-30,152.5307888446591,153.39337026633964,152.31920383536794,153.23875427246094,101508000
2014-05-01,153.16543003042727,153.66995568192505,152.76668440514305,153.25494384765625,93019000
2014-05-02,153.23870247587024,153.91412282153638,152.80741191081154,153.03526306152344,98122000
2014-05-05,152.28662289815043,153.43402429110213,151.86346539679337,153.32823181152344,75883000
2014-05-06,152.9864530251011,153.09224550327892,151.9611227568461,151.99366760253906,85454000
2014-05-07,152.50632684972697,152.96202915503147,151.3670586695092,152.8887939453125,106500000
2014-05-08,152.75045259526684,153.84088485656233,152.23778130687074,152.7260284423828,93618000
2014-05-09,152.75046377265326,153.01899288750838,152.03435302115395,152.9539031982422,83679000
2014-05-12,153.637472455639,154.51633235441358,152.98646374355135,154.44308471679688,86940000
2014-05-13,154.64648005824205,154.9557119021067,154.42677445892704,154.58139038085938,66454000
2014-05-14,154.44305387051818,154.5163014935054,153.6292962471767,153.84901428222656,72367000
2014-05-15,153.5398084037388,153.57236566767918,151.74954381271587,152.49819946289062,154956000
2014-05-16,152.58772446791798,153.09226276021317,151.9448612531172,153.02716064453125,97458000
2014-05-19,152.73419020646597,153.710696998282,152.59585288251313,153.58863830566406,63839000
2014-05-20,153.51541120600294,153.5316898395151,152.22968474860153,152.6202850341797,111644000
2014-05-21,153.05969085342065,153.97924107615248,153.0352791144948,153.906005859375,89093000
2014-05-22,153.94669080291055,154.5976995100597,153.68629477022586,154.28033447265625,61549000
2014-05-23,154.41863153287755,155.00453797481188,154.28029423644236,154.8987579345703,61092800
2014-05-27,155.4764961882003,155.89965353834273,155.38698237215002,155.850830078125,72010000
2014-05-28,155.85087931750422,156.0950091126763,155.47654530931277,155.73695373535156,66723000
2014-05-29,156.09496955384185,156.56693797675206,155.6962239088822,156.5425262451172,64377000
2014-05-30,156.3960969893883,156.89248969144475,156.265892775121,156.79483032226562,76316000
2014-06-02,157.0145673271129,157.04712459308675,156.21708814817703,156.973876953125,64656000
2014-06-03,156.59135732162838,156.97382435844173,156.44488692469795,156.8924560546875,65047000
2014-06-04,156.623932378961,157.29935270335977,156.4611833359994,157.2098388671875,55529000
2014-06-05,157.38889634078993,158.39794804838715,156.81112284937666,158.23519897460938,92103000
2014-06-06,158.57696474691588,159.03266708864416,158.5037295313433,158.9919891357422,78696000
2014-06-09,158.96757857748858,159.5372065088782,158.82109572829833,159.1547393798828,65119000
2014-06-10,158.959420307931,159.2035500923687,158.61764357650085,159.17100524902344,57129000
2014-06-11,158.60136663334777,158.7803943160426,158.25958989828226,158.61764526367188,68772000
2014-06-12,158.43044217843058,158.51995599588065,157.14470389912648,157.49461364746094,106350000
2014-06-13,157.80389789329402,158.12940843625597,157.29937207289998,157.97479248046875,82017000
2014-06-16,157.77949757796856,158.43863940187185,157.59233676281343,158.10499572753906,87424000
2014-06-17,157.8852765674043,158.65834391926754,157.71438198246568,158.54441833496094,84834000
2014-06-18,158.54440139067302,159.79758268411314,158.19447915108483,159.70806884765625,105267000
2014-06-19,159.84642510858217,159.98477484974745,159.33376618168467,159.88711547851562,85929000
2014-06-20,160.28525603701564,160.34249799975984,160.01542780504775,160.211669921875,100587000
2014-06-23,160.25257092661278,160.3016283415038,159.8682712080287,160.16262817382812,70611000
2014-06-24,159.87648707044283,160.66961543227083,159.0179446453607,159.1978302001953,96237000
2014-06-25,158.86254355978355,160.08085675522173,158.8298427754924,159.91732788085938,82782000
2014-06-26,159.94187188442567,159.95822851636223,158.73174312666816,159.80287170410156,84312000
2014-06-27,159.42674512074063,160.16264384547245,159.35315899120386,160.11358642578125,71445100
2014-06-30,160.0154426860365,160.39974240277934,159.8764425190268,160.03179931640625,70201200
2014-07-01,160.42432465971527,161.5935808306111,160.3670951489979,161.1029815673828,90470000
2014-07-02,161.11929198252415,161.4708784550265,161.045705857087,161.26646423339844,52475000
2014-07-03,161.72435849484407,162.13318695933793,161.60171494607775,162.05960083007812,52938800
2014-07-07,161.748906502179,161.8797221342282,161.25830733351543,161.49542236328125,61696000
2014-07-08,161.20101306935916,161.25825502693314,160.06447075785002,160.4569549560547,108143000
2014-07-09,160.8577041436341,161.323774755692,160.5142896025458,161.1765899658203,72992000
2014-07-10,159.6229855626005,160.96394241773632,159.49215746052516,160.53875732421875,99040000
2014-07-11,160.44065102516717,160.87400821945897,160.08087996353885,160.75953674316406,64243000
2014-07-14,161.5771570616422,161.78157125697973,161.43815690598697,161.56898498535156,58658000
2014-07-15,161.66712059931285,161.97783420865275,160.55510673459807,161.26646423339844,111307000
2014-07-16,161.98601635275142,162.10865990276847,161.42183106976358,161.86337280273438,79986400
2014-07-17,161.36462344173327,161.97786622784102,159.7947109300158,160.02366638183594,145398000
2014-07-18,160.54698238672265,161.8225255126589,160.4570396034088,161.65899658203125,124330000
2014-07-21,161.15198532394766,161.48722762628014,160.61232880943,161.3563995361328,67592000
2014-07-22,161.90424401733773,162.3539578235719,161.78977254633764,162.05960083007812,67678000
2014-07-23,162.30487059104223,162.59105545420184,161.97781287010469,162.41934204101562,65612000
2014-07-24,162.5747207385196,162.76277832958417,162.2640071282315,162.4275360107422,56888000
2014-07-25,161.9696738761758,162.1086740704948,161.34825904102212,161.66714477539062,76837000
2014-07-28,161.69984593685984,161.96967424755277,160.76771744376416,161.73255920410156,69259000
2014-07-29,162.03506376233148,162.26400669252246,161.01299265381664,161.0375213623047,80466000
2014-07-30,161.60987082666983,161.8224695918301,160.39157010951192,161.06204223632812,104222000
2014-07-31,159.94189264820605,160.0808928465753,157.78327858116978,157.8813934326172,183479000
2014-08-01,157.4480137175457,158.4291995212605,156.63854135579683,157.39895629882812,189261000
2014-08-04,157.7015239680114,158.87078013163116,157.03105162065967,158.53553771972656,91340000
2014-08-05,157.8895618308642,158.29839030533412,156.42594890544714,156.99830627441406,152690000
2014-08-06,156.26245273262336,157.71788140838956,156.23792401713519,157.0474090576172,94818000
2014-08-07,157.75871858373375,157.9140753853547,155.80451916238076,156.19699096679688,135733000
2014-08-08,156.54859999522847,158.11031523633244,156.13158697949297,158.0040283203125,117014000
2014-08-11,158.6009142421388,159.1650995148492,158.38832793383025,158.4619140625,74544000
2014-08-12,158.3065639560834,158.74809322325737,157.75873529202562,158.24114990234375,73632000
2014-08-13,158.86257253309796,159.4921719144952,158.59275670324052,159.31228637695312,69047000
2014-08-14,159.57392749405196,160.06451416015625,159.42674276070255,160.06451416015625,57371000
2014-08-15,160.6450419525125,160.79221419648042,158.8789001661777,160.03179931640625,139951000
2014-08-18,160.91485590120664,161.4463278146595,160.82491315685053,161.37274169921875,75424000
2014-08-19,161.76528242438084,162.33763991591258,161.4382245653506,162.21499633789062,59135000
2014-08-20,161.99420258616487,162.84457286210682,161.9615017954544,162.64833068847656,72763000
2014-08-21,162.78728580106525,163.33511434805658,162.6564577215428,163.12252807617188,67791000
2014-08-22,162.9917384043023,163.2779233361382,162.501151705169,162.8690948486328,76107000
2014-08-25,163.64584309743697,164.01378618832806,162.83635831631378,163.6949005126953,63855000
2014-08-26,163.8012237548828,164.20188016527197,163.76033841072794,163.8012237548828,47298000
2014-08-27,163.88295104803888,163.99743498065573,163.48230718969182,163.73577880859375,47874000
2014-08-28,163.19612973744634,163.75214289015344,163.03260086069255,163.64584350585938,58330000
2014-08-29,163.899339676143,164.12828263316752,163.38422426106558,164.1119384765625,65907000
2014-09-02,164.32453892287404,164.34906763634504,163.41693909507777,164.03018188476562,72426000
2014-09-03,164.65977348809938,164.6843022004053,163.71128835741598,163.9402313232422,57462000
2014-09-04,164.21819454191441,164.82326508689715,163.25336547239246,163.7030792236328,85236000
2014-09-05,163.67041099316566,164.50442468160844,163.04899612368357,164.4390106201172,102177000
2014-09-08,164.28362221844833,164.52074970534989,163.53137937051844,164.0137939453125,64146000
2014-09-09,163.86664598738696,163.98111747085966,162.64016046026978,162.97540283203125,88591000
2014-09-10,163.06534106999337,163.69494049799076,162.52569689388076,163.58865356445312,67251000
2014-09-11,162.93448679143233,163.80120107108627,162.81183077595358,163.77667236328125,66774400
2014-09-12,163.61316610769742,163.6295102641915,162.353967376153,162.82003784179688,117409300
2014-09-15,162.84454189908553,162.97536998996358,162.2067705516219,162.69735717773438,76401000
2014-09-16,162.39485928485348,164.21823092407925,162.30491651467878,163.9238739013672,116201000
2014-09-17,164.1609641738447,164.90502240215133,163.32695071931792,164.1446075439453,151266000
2014-09-18,164.64337311622384,165.04402943821168,164.43078684056132,165.01950073242188,94990000
2014-09-19,165.544468474774,165.85662200296588,164.53404017667552,164.870849609375,121649000
2014-09-22,164.58333433620854,164.60797770517428,163.25252973818064,163.59754943847656,125553000
2014-09-23,163.00606091222303,163.68788994021284,162.611754528668,162.66104125976562,111393000
2014-09-24,162.68572017026568,164.04116824547012,162.2585600509073,163.9343719482422,107276000
2014-09-25,163.50717537324027,163.51539818553277,161.2316875581392,161.2891845703125,150300000
2014-09-26,161.58492164706885,162.9732232043375,161.3549085229412,162.57069396972656,103547000
2014-09-29,161.1742147887442,162.5625166272838,161.05099792398883,162.27499389648438,95112000
2014-09-30,162.39821361774884,162.8993163958531,161.51101464005058,161.8478240966797,131302000
2014-10-01,161.58488671510403,161.64239625109093,159.29296624703053,159.6544189453125,177798000
2014-10-02,159.51484755137233,160.23775336052373,158.01155143381914,159.6791534423828,157285000
2014-10-03,160.74699041125197,161.78206188147936,160.2541105759389,161.43704223632812,121569000
2014-10-06,162.11066336986852,162.32425593280718,160.6648648377657,161.24810791015625,104778000
2014-10-07,160.41840893913346,160.77986168401748,158.7261643015165,158.75901794433594,147913000
2014-10-08,158.84935943570792,161.76561182752698,158.01967031901097,161.5355987548828,186461000
2014-10-09,161.280985481495,161.50278833760757,158.2004390040593,158.33187866210938,210705000
2014-10-10,158.29081533332499,159.07942827749446,156.48356375692845,156.52462768554688,221909000
2014-10-13,156.4588668746991,157.0256767504991,153.86299070718275,153.95335388183594,230939000
2014-10-14,154.78305517519757,155.93313317345851,153.64941026492173,154.19158935546875,215847000
2014-10-15,152.10507649247734,154.18341765817033,149.44347963772088,153.14834594726562,380715000
2014-10-16,150.3799534623979,154.09304229233166,150.24030352753704,153.01690673828125,270391000
2014-10-17,154.78306600060583,155.87563453471907,154.125880317747,154.8241424560547,214625000
2014-10-20,154.54492114099256,156.450746801407,154.49563438332038,156.32752990722656,130011000
2014-10-21,157.4610915970967,159.5312222248781,157.2967983010323,159.4244384765625,154949000
2014-10-22,159.70376238225862,160.1145019516581,158.22509742546504,158.2908172607422,151822000
2014-10-23,159.87627912055427,161.1742177706944,159.58054610489222,160.1309356689453,154944000
2014-10-24,160.3937742033161,161.4124126723631,159.76945467796293,161.3631134033203,117927000
2014-10-27,160.78813008509604,161.37959614785012,160.21309711707917,161.14137268066406,82954000
2014-10-28,161.68349077766734,162.99784955909732,161.60954814673516,162.98963928222656,106736000
2014-10-29,163.1046626147532,163.57289914004178,161.66707432369984,162.7432098388672,142557000
2014-10-30,162.3078644502813,164.25476617446097,162.15999167381887,163.78652954101562,113330000
2014-10-31,165.7580430801811,165.79090926192782,164.92835374532302,165.6594696044922,146903000
2014-11-03,165.87303372731682,166.3084165828584,165.37193104936478,165.74981689453125,93600000
2014-11-04,165.30623181391417,165.61018759726343,164.34510279416602,165.1748046875,93343000
2014-11-05,166.3824024745898,166.4234789442171,165.486993096697,166.21810913085938,91709000
2014-11-06,166.25917944852188,166.9738623614327,165.64307003124614,166.8834991455078,107089000
2014-11-07,166.89990084377743,167.25314336131757,166.43987457097933,167.03955078125,89540000
2014-11-10,167.07239723756584,167.6145638323363,166.86702749468742,167.56527709960938,66319000
2014-11-11,167.63104076657606,167.83641056317038,167.29423129181475,167.7296142578125,54499400
2014-11-12,167.0477559622911,167.77887175469928,167.0148897835455,167.54885864257812,90120300
2014-11-13,167.71311908932574,168.2635083951759,166.93271671639707,167.73776245117188,85357900
2014-11-14,167.66386307430284,167.98423937175338,167.3516970540474,167.77886962890625,80417500
2014-11-17,167.4584449417484,168.05812090783957,167.29413916712994,167.88560485839844,80441000
2014-11-18,167.94318397116785,169.15896949150834,167.94318397116785,168.8550262451172,76068100
2014-11-19,168.65785344235604,168.85501291716375,167.82816415524326,168.58392333984375,82373000
2014-11-20,167.79529563649885,168.98645021154314,167.72957581247903,168.87965393066406,72840300
2014-11-21,170.57192013045926,170.73621344380052,169.2082618136518,169.78329467773438,142327300
2014-11-24,170.18580500486468,170.36653138985446,169.97222497477443,170.25973510742188,65880800
2014-11-25,170.48975034775842,170.69512010282136,169.88186389502815,170.1365203857422,79108300
2014-11-26,170.28439198262168,170.6704881507471,170.07081193558938,170.57191467285156,62167800
2014-11-28,170.44871571261106,170.76086927029675,169.97225629482244,170.21047973632812,57890100
2014-12-01,169.55325764617268,169.66826420278758,168.71535810573903,169.0275115966797,103968400
2014-12-02,169.0686096951251,170.32547170143906,169.04396632517984,170.12010192871094,74507200
2014-12-03,170.29264350469208,170.99089331546094,170.1283501689099,170.77731323242188,68952000
2014-12-04,170.48973187569797,171.08942052054536,169.7996925817962,170.58831787109375,91316600
2014-12-05,170.76081847574991,171.25371083988844,170.4979517403766,170.86761474609375,91025500
2014-12-08,170.47333323362324,170.96621313485872,169.1671720386272,169.7257843017578,108588200
2014-12-09,167.88565270285022,169.7175598267876,167.50777939699023,169.6107635498047,125180100
2014-12-10,169.1507605881323,169.20825760572254,166.70274390155328,166.89169311523438,159856400
2014-12-11,167.48310602224723,169.380720093031,167.34345612686184,167.73776245117188,159012800
2014-12-12,166.46453554338706,167.43388746481128,164.9940933705714,165.02694702148438,202330200
2014-12-15,165.9223033812234,166.37411927955355,163.2935734292659,163.89324951171875,189965800
2014-12-16,163.12933852595322,166.26738250350382,162.5378725082869,162.57894897460938,259543800
2014-12-17,163.01425832010796,166.21802068992585,162.89102897679376,165.76620483398438,253910100
2014-12-18,168.18963614241468,174.95040565365042,167.51601726093492,169.86544799804688,257633900
2014-12-19,170.51381455293904,171.25723362789523,169.83649061775313,170.58816528320312,245084600
2014-12-22,170.77819441316655,171.3729248046875,170.5386561795622,171.3729248046875,148318900
2014-12-23,171.95112622110676,172.0006849849126,171.3150926763629,171.6042022705078,122167900
2014-12-24,171.82718496122445,172.09150250128513,171.5793786021985,171.6206817626953,42963400
2014-12-26,172.06677808755734,172.5128321970742,172.01721932071302,172.17416381835938,57326700
2014-12-29,171.99241954537655,172.61192926539766,171.9263369960994,172.40542602539062,79643900
2014-12-30,171.98418463246966,172.1163371429564,171.40596540775925,171.48031616210938,73540800
2014-12-31,171.80253630349665,171.96773646722326,169.65489636315712,169.77879333496094,130333800
2015-01-02,170.47257341496748,170.8855799305739,168.6553346631324,169.68785095214844,121465900
2015-01-05,168.64708148544278,168.81228157325947,166.31773125812248,166.62335205078125,169632600
2015-01-06,166.92894957322903,167.44934175106874,164.2609313452381,165.0539093017578,209151400
2015-01-07,166.37555138501293,167.44937089898684,165.92950987204858,167.11070251464844,125346700
2015-01-08,168.5148859394458,170.29082122362388,168.49837475641723,170.0760498046875,147217800
2015-01-09,170.48904203900992,170.50556582461752,168.10186547890984,168.71311950683594,158567300
2015-01-12,168.8453161791333,169.00226066188512,166.7885393225758,167.3915252685547,144396100
2015-01-13,168.60577637472915,169.72915460451395,165.62386881945937,166.92071533203125,214553300
2015-01-14,164.91348263853635,166.111211515272,164.0213997320499,165.9129638671875,192991100
2015-01-15,166.54902209394717,166.86289849504993,164.2774861138506,164.39312744140625,176613900
2015-01-16,164.18658337639727,166.70592517642703,164.00485953482422,166.54898071289062,211879600
2015-01-20,167.1850467519091,167.44937699436866,165.34304106412313,166.90420532226562,130991100
2015-01-21,166.4415870447863,168.22577780182866,165.9790218716173,167.74668884277344,122942700
2015-01-22,168.49833885740782,170.37337865214468,167.127154720781,170.24122619628906,174356000
2015-01-23,169.98517001706017,170.241244574568,169.17568099525872,169.30784606933594,117516800
2015-01-26,169.0931194349828,169.79522289212784,168.3827477816635,169.70436096191406,92009700
2015-01-27,167.655845533799,168.60575536241527,166.63985315825929,167.4658660888672,134044600
2015-01-28,168.64708417164115,168.74620170511815,165.12827308965936,165.31825256347656,168514300
2015-01-29,165.51647790768044,167.1024212491774,164.11224581839372,166.8463592529297,173585400
2015-01-30,165.6734494946458,166.9950628601836,164.48398864289024,164.74830627441406,197729700
2015-02-02,165.24388830461308,166.87939036836673,163.43491798072392,166.7885284423828,163107000
2015-02-03,167.68073031825494,169.20886024205166,167.30902678661832,169.20059204101562,124212900
2015-02-04,168.4405873095906,169.64657196321926,168.101918918727,168.5562286376953,134306700
2015-02-05,169.21704055366874,170.40650140888124,169.1427024012078,170.2578125,97953200
2015-02-06,170.6212406255758,171.18293601095024,169.26657983067707,169.78697204589844,125672000
2015-02-09,169.14271042465256,169.8613378071158,168.62231812482196,169.02706909179688,87219000
2015-02-10,170.0595726937605,171.08382082082983,169.06834693936443,170.8277587890625,96164200
2015-02-11,170.6625317819855,171.35637961746548,170.01824270561735,170.92684936523438,91087800
2015-02-12,171.7198709274691,172.62849042176754,170.95994035221958,172.57066345214844,97545900
2015-02-13,172.69452848136683,173.3305493595107,172.43845388699384,173.28099060058594,93670400
2015-02-17,172.96709889458353,173.72704186582325,172.7193051039149,173.55357360839844,76968200
2015-02-18,173.1819326949548,173.64449807608503,172.91760241775967,173.57015991210938,80652900
2015-02-19,172.9753918948121,173.80966051892923,172.83497119197804,173.4462127685547,91462500
2015-02-20,173.03319335975746,174.56132239525118,172.4136836324964,174.4869842529297,140896400
2015-02-23,174.23922266755932,174.46224975585938,173.85925105800962,174.46224975585938,74411100
2015-02-24,174.38785846833633,175.1560571033271,174.090493287688,174.9578094482422,72472300
2015-02-25,174.83392244920137,175.31301152317158,174.4704746962613,174.80914306640625,73061700
2015-02-26,174.71828719907174,174.87523169819997,173.99964726116664,174.60264587402344,72697900
2015-02-27,174.5034889950828,174.7678191855219,173.9583300342273,174.0078887939453,108076000
2015-03-02,174.1070098663145,175.16430544173227,174.05745110558516,175.1064910888672,87491400
2015-03-03,174.67695747104125,175.15604648882834,173.52879998833052,174.38784790039062,110325800
2015-03-04,173.79316120112242,173.86751196341103,172.68630660836746,173.65274047851562,114497200
2015-03-05,173.9748649116038,174.12355381496485,173.3388439366605,173.84271240234375,76873000
2015-03-06,172.98363319579175,173.41316346565193,171.06728967572505,171.39768981933594,188128000
2015-03-09,171.59596916334027,172.46327285150772,171.43902465475077,172.10809326171875,89818900
2015-03-10,170.74514307546252,170.82773680839537,169.27482842335175,169.31613159179688,157121300
2015-03-11,169.57220721520224,169.74567549502646,168.83705613205854,168.91966247558594,110145700
2015-03-12,169.54741781479228,171.13336120593354,169.4978590531875,171.06729125976562,93993500
2015-03-13,170.79468838429833,171.75285375539067,168.98571814290895,170.0182342529297,162410900
2015-03-16,170.74513950639326,172.380641590183,170.0430234693745,172.28977966308594,136099200
2015-03-17,171.5546219127697,172.15760780310515,170.96814720565243,171.77764892578125,94510400
2015-03-18,171.30684628378546,174.51178095757123,170.67081270488325,173.84271240234375,228808500
2015-03-19,173.42971522233455,173.8509773639673,172.66151648881646,173.04974365234375,117917300
2015-03-20,173.9963762827,175.08328115532012,173.81384128696973,174.57716369628906,177715100
2015-03-23,174.58551785943564,175.15801303387462,174.23704528808594,174.23704528808594,71784500
2015-03-24,174.11260110194763,174.56892610753695,173.1916333255744,173.2580108642578,77805300
2015-03-25,173.46540362154204,173.69771863356073,170.67761081709924,170.71908569335938,159521700
2015-03-26,170.05534076691788,171.22520830472868,169.35838305008411,170.3125457763672,153067200
2015-03-27,170.1963970468826,170.8767445914697,170.00555689564965,170.7025146484375,118939000
2015-03-30,171.73135707604655,173.0837725574656,171.71477218612802,172.7850799560547,96180400
2015-03-31,171.96361589192352,172.66057350740502,171.2168909627428,171.27496337890625,126768700
2015-04-01,171.24186786965754,171.26675786924955,169.68202704069807,170.66937255859375,137303600
2015-04-02,170.60296489926685,171.73135776912642,170.42042982765565,171.2833251953125,86900900
2015-04-06,170.39551652393973,172.9509945167097,170.262774121107,172.43658447265625,114368200
2015-04-07,172.46145215552548,173.20817713321736,171.94704217801407,171.980224609375,81236300
2015-04-08,172.20425493830373,173.0007599290921,171.81429488606952,172.56101989746094,89351900
2015-04-09,172.39506560943883,173.5566405495446,171.90554564612407,173.32432556152344,85548900
2015-04-10,173.57325759435778,174.31169017357283,173.37413767380824,174.27020263671875,72722900
2015-04-13,174.12920565524252,174.7597860138336,173.43226041069465,173.48204040527344,74436600
2015-04-14,173.28286574935842,173.99640832035578,172.66059069303114,173.81387329101562,75099900
2015-04-15,174.27850309836572,175.09989806919253,174.19552802686758,174.59378051757812,99529300
2015-04-16,174.2618656491396,175.05007800701156,174.06273311927293,174.54396057128906,68934900
2015-04-17,173.35758646133294,173.59819398304518,171.75625826434415,172.5361785888672,191113200
2015-04-20,173.45704834036567,174.44439318593473,173.3740859516262,174.11251831054688,92189500
2015-04-21,174.79292391814982,174.95056896762836,173.60645881560166,173.9051513671875,72559800
2015-04-22,174.24528201169025,174.94223959173425,173.3243145604123,174.75970458984375,78264600
2015-04-23,174.36147293633184,175.8466432219657,174.24531542741792,175.19947814941406,102585900
2015-04-24,175.61430791029204,175.87151288886338,175.15797037078605,175.6060028076172,61327400
2015-04-27,176.17021507638887,176.29466502117256,174.68504488080637,174.87588500976562,79358100
2015-04-28,174.8509600433508,175.48152740447884,173.68108015553585,175.43174743652344,86863500
2015-04-29,174.5440107847622,175.30733337852325,173.90515080555448,174.7099609375,125684900
2015-04-30,174.1374775440112,174.52743764078912,172.2623470377464,172.9593048095703,161304900
2015-05-01,173.73917105110024,174.87586863463142,173.63961110459596,174.83438110351562,103399700
2015-05-04,175.25754698417074,175.9130171469318,175.14969458110048,175.3322296142578,70927200
2015-05-05,175.09159061917188,175.44836820377265,173.1832780802404,173.32432556152344,113326200
2015-05-06,173.8719416972736,174.1789266667018,171.54877900859634,172.6107940673828,135060200
2015-05-07,172.5112563713364,173.7226241798103,172.17938137022506,173.29946899414062,88244900
2015-05-08,174.96717621586973,175.78027883907203,174.8842011346324,175.58114624023438,155877300
2015-05-11,175.5396971735505,175.80519468415648,174.66850933332694,174.74317932128906,75708100
2015-05-12,173.91344347223256,174.7597411434483,173.0920357919156,174.22042846679688,119727600
2015-05-13,174.62700942418684,175.24928460026194,174.02133179766892,174.25364685058594,94667900
2015-05-14,175.26586853292397,176.16194623607984,174.99206595749692,176.0706787109375,95934000
2015-05-15,176.26148986816406,176.40253736481634,175.7802622947641,176.26148986816406,76510100
2015-05-18,176.0955698911435,177.0580124734228,176.02919235784495,176.80911254882812,74549700
2015-05-19,176.92528021508664,177.19908280806544,176.46894256012197,176.75103759765625,72114600
2015-05-20,176.85062741442326,177.37334269469508,176.31132724224202,176.62661743164062,76857500
2015-05-21,176.48550322428738,177.34838570588087,176.31955308609574,177.14096069335938,64764600
2015-05-22,176.7593246131695,177.1741747121736,176.65147219637822,176.7178497314453,57433500
2015-05-26,176.22829770881899,176.65145286603982,174.4029600049852,174.81781005859375,124308600
2015-05-27,175.2741711023209,176.70954893500715,174.86761343770593,176.47723388671875,93214000
2015-05-28,176.17022636479442,176.3859438363147,175.58943881822523,176.27809143066406,74974600
2015-05-29,176.21170925672558,176.25318413307215,174.91737914129027,175.18287658691406,124919600
2015-06-01,175.84662729540608,176.17850224503937,174.7514171732241,175.53964233398438,93338800
2015-06-02,175.08336818147808,176.05411605389597,174.46109293042386,175.36546325683594,91531000
2015-06-03,175.89644040068288,176.45233800913786,175.34054279222792,175.83006286621094,87820900
2015-06-04,175.12484522024155,175.78030287485055,174.0296347672078,174.3449249267578,151882800
2015-06-05,174.1955130192715,174.71822807219536,173.39070300390694,174.04617309570312,121704700
2015-06-08,173.9383617105217,174.0877143403882,172.90123638724768,172.9759063720703,89063300
2015-06-09,172.95101928710938,173.49033206041878,172.32045163762882,172.95101928710938,105034700
2015-06-10,173.7142346038634,175.40682920304698,173.6561622040066,175.02516174316406,134551300
2015-06-11,175.46499965066585,175.97111729320704,175.23268460099652,175.58946228027344,73876400
2015-06-12,174.7680459769165,175.46499109192928,173.97152823103042,174.24533081054688,135382400
2015-06-15,173.1086208896227,173.78067591599498,172.40337077095992,173.4985809326172,124384200
2015-06-16,173.3492477236761,174.5274330875997,173.17501778043052,174.4444580078125,85308200
2015-06-17,174.7265625,175.33225276281615,173.70603479640596,174.7265625,126708600
2015-06-18,175.3239341446082,177.00822441202155,174.75974412764305,176.54359436035156,165867900
2015-06-19,176.30185435107938,176.37688755239955,175.3847394844856,175.75991821289062,130478700
2015-06-22,176.67694133820228,177.24387552730727,176.45182912932938,176.66026306152344,70696000
2015-06-23,176.8687485589522,177.11887189486686,176.39352567033555,176.78536987304688,68476800
2015-06-24,176.51867003670526,176.89384886896627,175.47649954608698,175.5015106201172,92307300
2015-06-25,176.00164097690288,176.12669626422877,174.8927707826826,174.96780395507812,97107400
2015-06-26,175.32629235647144,175.56808285795128,174.38417957171453,174.9344482421875,104174800
2015-06-29,173.45879751078752,174.94284674557986,171.19103430939182,171.2660675048828,202621300
2015-06-30,172.80010020136746,172.8501350423014,171.14930666095873,171.62454223632812,182925100
2015-07-01,173.19196933387408,173.44209266901464,172.21649977644702,173.00021362304688,135979900
2015-07-02,173.47549027989766,173.6422349688462,172.4249745680937,172.8418426513672,104373700
2015-07-06,171.55786786015534,173.12528295856598,171.35776663146783,172.34991455078125,117975400
2015-07-07,172.55003385811443,173.55884744416352,170.17388081547682,173.4337921142578,173820200
2015-07-08,172.09980861176086,172.38327583973646,170.29060275537043,170.5240478515625,164020100
2015-07-09,172.61674508897667,172.87521400902986,170.72417298873395,170.83255004882812,144113100
2015-07-10,172.82513914137888,173.40041904782046,170.87419984963972,172.98355102539062,129456900
2015-07-13,174.24249393444856,175.0011840376992,174.20080458943872,174.89280700683594,106069400
2015-07-14,174.85114022385267,175.96001079082825,174.79277258894697,175.65151977539062,81709600
2015-07-15,175.6931533625977,176.15171062773106,175.11787358650312,175.59310913085938,97914100
2015-07-16,176.6436688574949,177.00218200683594,176.40189097866778,177.00218200683594,106683300
2015-07-17,176.99380980423336,177.21058930613975,176.5852873062746,177.1522216796875,89030000
2015-07-20,177.37735835107748,177.735858773829,176.92714644686333,177.24395751953125,70446800
2015-07-21,177.11052872219872,177.36899756318357,176.24344889766735,176.54359436035156,77965000
2015-07-22,175.8599150166322,176.56026287200874,175.82657117675748,176.2267608642578,88667900
2015-07-23,176.36018313968574,176.4602273932913,174.87613400945932,175.23463439941406,90509100
2015-07-24,175.3346636099752,175.3930185080703,173.08357920770112,173.4170684814453,117755000
2015-07-27,172.53333219491864,173.04191167062774,171.96638509196006,172.40826416015625,132361100
2015-07-28,173.24194921997795,174.66764297743268,172.41655895358676,174.52590942382812,123544800
2015-07-29,174.65099030361242,175.95161625375798,174.5092567292299,175.7265167236328,105791300
2015-07-30,175.21793500317514,175.9349483664293,174.60096587420767,175.76820373535156,91304400
2015-07-31,176.26854657459532,176.29355764862552,175.2180432999029,175.5015106201172,103266900
2015-08-03,175.46802268883158,175.5263775730522,173.95895037116603,174.90940856933594,113965700
2015-08-04,174.83446167232952,175.29301908230389,174.0841042536832,174.5676727294922,81820800
2015-08-05,175.45977068172783,176.17678428147403,174.85947963441458,175.14295959472656,85786800
2015-08-06,175.32639150617246,175.43478129032488,173.1253283013448,173.70895385742188,116030800
2015-08-07,173.5504868841622,173.70055325602934,172.47496033190805,173.37539672851562,117858000
2015-08-10,174.48419678172115,175.64308883277502,174.48419678172115,175.55972290039062,80270700
2015-08-11,174.22583137864711,174.64269942277045,173.2170051142753,173.9757080078125,126081400
2015-08-12,172.67506764659507,174.36755074979908,171.2160296112949,174.1841278076172,172123700
2015-08-13,174.02567056469158,174.70934002948377,173.42537976890287,173.96731567382812,89383300
2015-08-14,173.77562504833537,174.6760616449859,173.63389142503914,174.6010284423828,72786500
2015-08-17,174.00906187998444,175.57647705078125,173.55050449419164,175.57647705078125,79072600
2015-08-18,175.30136197924693,175.65152964294157,174.83447176098744,175.0679168701172,71692700
2015-08-19,174.3258205748909,175.09285600718206,172.87512838151815,173.68385314941406,172946000
2015-08-20,172.1748126984539,173.65886172552786,169.99876128116887,170.05712890625,194327900
2015-08-21,168.18956903137342,170.03213129099785,164.67954740121536,164.93800354003906,346588500
2015-08-24,156.3171156941075,164.64612744671922,152.07339118436803,157.992919921875,507244300
2015-08-25,162.93701933416563,162.9536976161637,155.84193059927358,156.1337432861328,369833100
2015-08-26,160.14401536953736,162.4034328471312,157.05084915471605,162.12831115722656,339257000
2015-08-27,164.26267427664732,166.26363563658603,162.75361411543824,166.13858032226562,274143900
2015-08-28,165.49656815069264,166.61377114946035,165.01299982544998,166.14688110351562,160414400
2015-08-31,165.17139594973068,166.02181000776918,164.25428150265006,164.80455017089844,163298800
2015-09-01,161.01114116727678,162.38681361831334,159.01851203075014,159.88560485839844,256000400
2015-09-02,162.26166018569623,162.96200793861036,160.42744393771875,162.92031860351562,160269300
2015-09-03,163.62897835613708,165.12137251517248,162.54513202783446,163.0370330810547,152087800
2015-09-04,160.78597809066974,161.62804679436817,159.75214096468508,160.56919860839844,207081000
2015-09-08,163.36221854722507,164.75455600996594,162.7202383253575,164.60447692871094,116025700
2015-09-09,166.18026284486263,166.3053181540487,162.03659397647715,162.40342712402344,149347700
2015-09-10,162.21165920366735,164.42939981290357,161.9532031029294,163.2871856689453,158611100
2015-09-11,162.89529368431928,164.09587519080304,162.18661321341497,164.0291748046875,119691200
2015-09-14,164.20427649476838,164.25429861131062,162.93699441456607,163.42056274414062,79452000
2015-09-15,163.92084010360617,165.90513591068714,163.3789167770044,165.4632568359375,113806200
2015-09-16,165.76340900711406,167.08904628489455,165.42157417041264,166.89727783203125,99581600
2015-09-17,166.76390058189295,169.1567191508858,166.14693127954274,166.52210998535156,276046600
2015-09-18,164.0187945909634,166.50785238419843,163.3902416722408,163.80088806152344,223657500
2015-09-21,164.63055861904252,165.66975777619078,163.5997355626022,164.64732360839844,105726200
2015-09-22,162.48509755782862,162.971179937286,161.3788384622485,162.51023864746094,153890900
2015-09-23,162.67785382616628,163.1471712270909,161.67217185447925,162.2504425048828,92790600
2015-09-24,161.03521979257943,162.12471385357648,159.70269094597663,161.6637725830078,159378800
2015-09-25,163.12205844777677,163.42376437043987,160.75031715338602,161.62191772460938,155054800
2015-09-28,160.72518850580386,160.83414178262998,157.25557652045333,157.56565856933594,178515900
2015-09-29,157.78355517661606,159.0155199795745,156.66053085567307,157.6578369140625,159045600
2015-09-30,159.5434342791708,160.7670225082803,158.76403506104677,160.5994110107422,163452000
2015-10-01,160.97654180415807,161.3201536899569,159.08250756457684,161.01844787597656,131079000
2015-10-02,159.0405723328129,163.44881661800335,158.495819074928,163.42367553710938,211003300
2015-10-05,164.647331093964,166.5581307533342,164.5383778401069,166.33184814453125,126320800
2015-10-06,166.19771724589557,166.7592228059203,165.09984721152352,165.7619171142578,110274500
2015-10-07,166.6922352386378,167.47164753708097,165.50217653537078,167.11965942382812,124307300
2015-10-08,166.73412628130978,168.91311473391343,166.4324203846099,168.628173828125,153055200
2015-10-09,168.77065059171088,169.20643806817367,168.1001915975367,168.72874450683594,107069200
2015-10-12,168.80417305712558,169.08911398246477,168.37676166911677,168.8879852294922,56395600
2015-10-13,168.15886204336746,169.42435684319722,167.65602735233972,167.82363891601562,88038700
2015-10-14,167.7649557607535,168.34322648356653,166.72575646799194,167.01907348632812,99106200
2015-10-15,167.68111857892492,169.59191797003,167.31236557573996,169.5835418701172,134142200
2015-10-16,169.98581547086303,170.37132068160702,169.22316836151685,170.3545684814453,114580100
2015-10-19,169.7092678031965,170.43838500976562,169.39918582577107,170.43838500976562,76523900
2015-10-20,170.0026262672648,170.83230797669893,169.7512025297619,170.22052001953125,78448500
2015-10-21,170.639550390483,170.79039695586204,168.9969264357949,169.16455078125,102038000
2015-10-22,170.1115392319672,172.2318564832243,169.16452830328043,172.0223388671875,174911700
2015-10-23,173.69008055517259,174.2767272443333,172.8939162778874,173.90797424316406,144442300
2015-10-26,173.73202980492053,173.79068809444453,173.11185298629266,173.48060607910156,69033000
2015-10-27,172.81010415201033,173.48056299169156,172.4664922383321,173.1453399658203,77905800
2015-10-28,173.4805724101665,175.1399482178146,172.81850242234762,175.11480712890625,135906700
2015-10-29,174.6120119254061,175.38303533093182,174.49468255473792,175.0142822265625,90525500
2015-10-30,175.20697224742298,175.5254430487926,174.10072611772168,174.25994873046875,131076900
2015-11-02,174.58687106445788,176.51442318688035,174.46115280346794,176.32167053222656,86270800
2015-11-03,175.9696437316192,177.3859847602942,175.74336114194094,176.83285522460938,95246100
2015-11-04,177.1262031778266,177.2519086361511,175.76014418697665,176.2965087890625,96224500
2015-11-05,176.35514207934628,176.81608334110962,175.23213085100582,176.1204833984375,78408700
2015-11-06,175.77692463253484,176.26300709402958,174.70419533404373,176.02833557128906,110471500
2015-11-09,175.41648876026767,175.56734806082483,173.4386423823178,174.3856658935547,131008700
2015-11-10,173.9079721910716,174.82147858334838,173.6397963311649,174.78794860839844,75874600
2015-11-11,175.05613820965038,175.10642038441057,174.03369136306415,174.10073852539062,67846000
2015-11-12,173.06156452946777,173.53088198042622,171.65361217659247,171.6703643798828,121315200
2015-11-13,171.25970084267732,171.52787673580528,169.65898322089475,169.74278259277344,153577100
2015-11-16,169.55841348926387,172.38270671213425,169.44107135405784,172.32403564453125,117645200
2015-11-17,172.6341492455715,173.51411305218159,171.70389046640724,172.19834899902344,121123700
2015-11-18,172.67600864272038,175.07289034629054,172.6341153557277,174.930419921875,121342500
2015-11-19,174.81313450517308,175.1986525882852,174.48628749929313,174.7796173095703,88220500
2015-11-20,175.53380270640702,176.09530821184927,175.03934435223294,175.41647338867188,94011500
2015-11-23,175.47520813820526,175.97804277333833,174.75446698536746,175.2154083251953,64931200
2015-11-24,174.20967417883455,175.8522976407663,173.82416899099331,175.4500274658203,98874400
2015-11-25,175.57572749693176,175.77686897218496,175.1650684470999,175.4248809814453,51980100
2015-11-27,175.51708434940895,175.82717910489592,175.03939085313215,175.62603759765625,37317800
2015-11-30,175.7852488515511,175.90257818432067,174.78794312904074,174.8968963623047,112822700
2015-12-01,175.5254827993396,176.68202415007264,175.24891800729733,176.56468200683594,97858400
2015-12-02,176.51438142859806,176.83285226890064,174.51139370825462,174.7628173828125,108441300
2015-12-03,175.0142928223939,175.2824687767535,171.5949630856936,172.31570434570312,166224200
2015-12-04,172.31568749989472,175.96967563491964,172.31568749989472,175.6763458251953,192913900
2015-12-07,175.34946223361192,175.7684974241062,173.6481803832403,174.61196899414062,102027100
2015-12-08,173.05316968576795,174.56168624677528,172.45813404692703,173.4386749267578,103372400
2015-12-09,172.80173567385899,174.88852275963552,171.1172060065192,172.08937072753906,162401500
2015-12-10,172.15642494397923,173.8409418923696,171.92176624832106,172.53355407714844,116128900
2015-12-11,170.42158522442,171.08365507491644,168.8795262928956,169.1896209716797,211173300
2015-12-14,169.3488769938021,170.1701823330511,167.57215920603662,170.04446411132812,182385200
2015-12-15,171.55300981600035,172.7346921593939,170.01933943609507,171.82957458496094,154069600
2015-12-16,172.95259575159645,174.645501651764,171.6368317866301,174.3437957763672,197017000
2015-12-17,174.65392896128242,174.72097615191112,171.67039931199744,171.68716430664062,173092500
2015-12-18,170.94691963686665,171.08179917599455,168.46832640071943,168.62850952148438,251393500
2015-12-21,169.80038648497396,170.19662494122107,168.687543280863,170.0195770263672,99094300
2015-12-22,170.9047326303982,171.85739236404658,169.9183562341986,171.56231689453125,111026200
2015-12-23,172.5655598272645,173.72898408993737,172.4728229242392,173.68682861328125,110987200
2015-12-24,173.43395231376144,173.94821838482557,173.18103225414737,173.4002227783203,48539600
2015-12-28,172.70889178931722,173.0461099010935,171.93327984099471,173.00396728515625,65899900
2015-12-29,174.09991383300613,175.17902711134462,174.06619717107773,174.85023498535156,92640700
2015-12-30,174.6058079314911,174.69011890851283,173.46767406194292,173.61099243164062,63317700
2015-12-31,172.9365444743356,173.57726411896667,171.87428283691406,171.87428283691406,114877900
2016-01-04,169.0247378144135,169.47998356786456,167.42291956654066,169.4715576171875,222353500
2016-01-05,169.7918953745946,170.21342442255937,168.65377466351708,169.7581787109375,110845800
2016-01-06,167.2121593520333,168.66222047693086,166.58830452056264,167.61683654785156,152112600
2016-01-07,164.67454181615454,166.45339493899422,163.20761607684997,163.59542846679688,213436100
2016-01-08,164.55651679400643,165.11293824156806,161.51307646082637,161.79971313476562,209817200
2016-01-11,162.71860109243212,163.0558319717789,160.02925718988166,161.95985412597656,187941300
2016-01-12,163.40157027544498,164.01699924906333,161.14216728137274,163.2666778564453,172330500
2016-01-13,163.93262288028626,164.27827974207577,158.81526759221558,159.19464111328125,221168900
2016-01-14,159.8016965822818,162.92943553919108,158.208316977203,161.80816650390625,240795600
2016-01-15,157.45794215989585,159.13561930320137,156.40411968734966,158.334716796875,324846400
2016-01-19,160.14736603081948,160.27381963470282,156.97745847695202,158.54554748535156,195244400
2016-01-20,155.99105620650136,158.07341096946286,152.61039748829143,156.5137481689453,286547800
2016-01-21,156.98588434296087,159.2284095391439,155.66227669927426,157.3905487060547,195772900
2016-01-22,159.99556292576025,160.82175625014105,159.23681579211092,160.6194305419922,168319600
2016-01-25,160.11362383775347,160.30752363639772,157.9975522277229,158.1914520263672,130371700
2016-01-26,158.84901269600596,160.62786588037858,158.51179458668403,160.3496551513672,141036800
2016-01-27,159.82689285809005,161.49614363321598,157.70238368535848,158.60446166992188,185681700
2016-01-28,160.14734498842466,160.3496707280536,157.7867794017223,159.4307403564453,143798800
2016-01-29,160.19794749351098,163.45215316238034,160.07991984185455,163.3172607421875,210529300
2016-02-01,162.31395785495897,164.04222935059738,161.7322457690278,163.2581787109375,136061600
2016-02-02,161.8334403978046,161.84186634784507,159.79322845197512,160.31593322753906,182564900
2016-02-03,161.36971442187453,161.6816417258593,157.73613696049483,161.2769775390625,205054900
2016-02-04,160.77963173464707,162.49946476772794,160.14733809741855,161.5299530029297,139531800
2016-02-05,161.01567798450176,161.58895134209288,157.82048044601333,158.45277404785156,180788300
2016-02-08,156.61493026107567,156.9099929217756,154.1110463004901,156.31985473632812,191526700
2016-02-09,154.58313869535667,157.60128833397698,154.4482463076533,156.32826232910156,184513100
2016-02-10,157.1544910391713,158.781587282469,156.06693869578498,156.1934051513672,148214100
2016-02-11,153.72321201774534,155.20700251784558,152.66938938485407,154.16160583496094,219058900
2016-02-12,155.93206008196765,157.35681772325216,155.0890018292547,157.3399658203125,127632400
2016-02-16,159.14409084927416,160.02086566659136,158.18300507119434,159.99557495117188,120250700
2016-02-17,161.15894819939982,162.97995631628444,161.0324817983692,162.6090087890625,136009500
2016-02-18,162.8788340130157,162.93785425898483,161.63111153758322,161.9430389404297,102343000
2016-02-19,161.16743240085756,162.01891654044448,160.56042947582927,161.86717224121094,114793000
2016-02-22,163.44369040940836,164.3541948162909,163.37624420918957,164.21087646484375,103640300
2016-02-23,163.55326373997096,163.8230484940775,162.01889189509143,162.13693237304688,111455300
2016-02-24,160.71216217133053,163.1570254008844,159.60775817044836,162.87881469726562,150812200
2016-02-25,163.32567486757412,164.86004709204892,162.56692757101848,164.8516082763672,110728300
2016-02-26,165.71991833795718,165.81264236909203,164.31200014822562,164.47218322753906,129833700
2016-02-29,164.48906992628648,165.43329090200194,162.9884275052904,163.1823272705078,125918100
2016-03-01,164.40473407826056,167.10252993879897,163.93262366187955,167.01821899414062,141799700
2016-03-02,166.70636680692752,167.8191971666362,166.29326357434144,167.76861572265625,102415000
2016-03-03,167.59151530457737,168.44301222499766,167.0182419669896,168.4261474609375,95172200
2016-03-04,168.6200687052301,169.74977648835898,167.79387525766805,168.97415161132812,129293600
2016-03-07,168.05520140505269,169.51370120479942,167.9793292621422,169.10902404785156,100219000
2016-03-08,168.03833529114226,168.54416239847214,167.10254034893043,167.26271057128906,123974900
2016-03-09,168.07209397322683,168.43460284757697,167.288043107976,168.08895874023438,94801200
2016-03-10,168.57789636690103,169.5136913337756,166.4028050151373,168.2238006591797,156838700
2016-03-11,169.67388925834564,170.98063204544795,168.20697621851687,170.9384765625,137964500
2016-03-14,170.43261689307099,171.17449922263276,170.1038247711853,170.71925354003906,73612000
2016-03-15,169.75822588499912,170.74460258765515,169.4968798608829,170.44110107421875,93169100
2016-03-16,169.96054660976955,171.83213693477836,169.9183911248905,171.42745971679688,129303200
2016-03-17,171.34316418983127,173.02084188245536,170.94692578129084,172.5150146484375,134278500
2016-03-18,173.01492535802336,173.53184366636853,172.7013891962115,173.19288635253906,138372400
2016-03-21,172.93026924792804,173.66750884443863,172.70146584782538,173.43870544433594,72926700
2016-03-22,172.66753124752051,173.91321974650177,172.5065348857441,173.345458984375,97471900
2016-03-23,172.96410706036843,173.15053748796785,172.0319549223713,172.20144653320312,81052500
2016-03-24,171.17610725384458,172.15910186414206,170.95578622618342,172.1251983642578,84360900
2016-03-28,172.5404191676539,172.7522707695527,171.77775857297658,172.2268829345703,62408200
2016-03-29,171.8201124967345,173.93015903226305,171.51504568353033,173.8199920654297,92922900
2016-03-30,174.81994487938724,175.3029598090337,174.21828063922183,174.58267211914062,86365300
2016-03-31,174.48946932930417,174.91317256427578,173.99797202508952,174.1589813232422,94584100
2016-04-01,173.16747897459658,175.5317368130374,172.85392985745173,175.34530639648438,114423500
2016-04-04,175.26903929948693,175.4724214579797,174.47247534171535,174.7775421142578,63497000
2016-04-05,173.43861167485866,174.78598432292125,172.77763592560564,173.0318603515625,99662200
2016-04-06,173.03191817198646,174.98095551509184,172.8539571352317,174.921630859375,91839800
2016-04-07,173.8369066537569,174.19281570468272,172.09972136464393,172.8284912109375,113859000
2016-04-08,174.00645032583586,174.43863592304353,172.7607617169382,173.2946319580078,95040600
2016-04-11,173.93020014726278,174.62507974786493,172.79467843595503,172.8878936767578,83757500
2016-04-12,173.05730624126357,174.77753990260072,172.6166513686354,174.49789428710938,115350600
2016-04-13,175.413061435406,176.3452133108423,175.2774733570897,176.26046752929688,96336400
2016-04-14,176.31986770012065,176.76899208786213,175.92158563093162,176.26901245117188,65212900
2016-04-15,176.26896597530424,176.4045540759585,175.7520476556538,176.07406616210938,75761600
2016-04-18,176.07412115532838,177.34523090258335,175.41314512118754,177.31134033203125,82531000
2016-04-19,177.73503026630098,178.12482998523546,177.05710253247176,177.87060546875,88316100
2016-04-20,177.91295087628632,178.7349360253094,177.4384054150759,178.04006958007812,81100300
2016-04-21,178.05704707885053,178.16721405999155,176.8113585073525,177.08253479003906,85695000
2016-04-22,176.7266256168106,177.35369814232877,176.18428598183434,177.08253479003906,99251700
2016-04-25,176.48077698184835,176.81974715559522,175.87064359949395,176.77737426757812,66166500
2016-04-26,177.14179997053336,177.54856428767246,176.56556991684315,177.0401153564453,75864200
2016-04-27,176.65877363671703,177.79429485484587,176.30286458015692,177.4044952392578,77329400
2016-04-28,176.65036822776358,177.75198635557425,175.37925845223072,175.7944793701172,97216200
2016-04-29,175.17582484152928,175.52326451487454,173.7437061790421,174.8453369140625,142424100
2016-05-02,175.34534331077683,176.41307079640367,174.91317067072708,176.23512268066406,62188000
2016-05-03,175.00634545912317,175.24361817887922,173.95555703563667,174.70127868652344,106422100
2016-05-04,173.70983730544705,174.43860730448847,173.22680946555437,173.72677612304688,92243800
2016-05-05,174.19283770960945,174.54874680549554,173.26916794192456,173.69287109375,67619200
2016-05-06,172.92176284461493,174.3708336030968,172.7692358860361,174.32846069335938,89315000
2016-05-09,174.20134033716386,174.90467627236418,174.02337930329685,174.47250366210938,74374900
2016-05-10,175.1758817791427,176.65884323088056,175.108087703987,176.6418914794922,77472200
2016-05-11,176.18422572525807,176.71808283731846,174.9893798828125,174.9893798828125,81727000
2016-05-12,175.65882507192094,175.82831665581352,174.031806723613,175.04022216796875,89586300
2016-05-13,174.74367267247877,175.29448163900955,173.1929174688306,173.51492309570312,96474600
2016-05-16,173.68444198123657,175.7012606591688,173.6251173196283,175.22671508789062,77486800
2016-05-17,174.9555419473399,175.24365703801797,173.06581624757146,173.59121704101562,114924900
2016-05-18,173.24376203518085,174.81993841591333,172.5573649376739,173.6420440673828,120062100
2016-05-19,172.92169263863155,173.32844396009784,171.83701382779387,173.0403289794922,115430500
2016-05-20,173.65050185323304,174.65044803642593,173.59965954280523,174.13352966308594,104990400
2016-05-23,174.15045176211112,174.43009737301395,173.70980982710645,173.896240234375,58682600
2016-05-24,174.7097869812184,176.46392454670195,174.68436582204296,176.15037536621094,93537800
2016-05-25,176.82828119514468,177.76043335068047,176.1503535302454,177.34519958496094,76621400
2016-05-26,177.48077241103627,177.70957572593335,177.0824904271165,177.39602661132812,55280700
2016-05-27,177.55710332663935,178.1672371112262,177.50626099965686,178.1587677001953,64211200
2016-05-31,178.42988153996555,178.54004850476804,177.26045662250806,177.8197479248047,109879400
2016-06-01,177.2096331469243,178.36210643913597,177.0147332834286,178.1841583251953,69936200
2016-06-02,177.7858797671181,178.7434402843368,177.31133421338203,178.72650146484375,63044700
2016-06-03,178.16717528087767,178.54003612321796,176.98928103642675,178.19259643554688,101757100
2016-06-06,178.54851283883448,179.45524382712608,178.38750356574386,179.09933471679688,64887000
2016-06-07,179.2519072506411,179.93830449020135,179.22648608846464,179.37901306152344,60974800
2016-06-08,179.51459018821174,180.09083333308234,179.38748438513582,179.96371459960938,66170900
2016-06-09,179.23489823755855,179.83656238777846,178.96373495084086,179.71792602539062,73786900
2016-06-10,178.3451363787507,178.6840937280972,177.47229598991518,178.0146484375,113829200
2016-06-13,177.41303453769132,178.26891049203684,176.5571585833458,176.6418914794922,117751200
2016-06-14,176.2605430248504,176.88762845786226,175.34534249980456,176.29443359375,125059300
2016-06-15,176.29440241797562,177.41298494979887,175.86222985634978,176.0486602783203,109124500
2016-06-16,176.0486479088348,176.74352723833687,174.21824731103703,176.57403564453125,149533100
2016-06-17,176.47014679380524,176.49570015111058,175.2605735566787,175.91647338867188,117055700
2016-06-20,177.87563727878802,178.5485639825912,176.96419092301392,177.04937744140625,82789600
2016-06-21,177.43273333856484,177.96085348588815,176.98978673242604,177.55198669433594,72461700
2016-06-22,177.73084655371028,178.4548930850924,177.11753991475223,177.26235961914062,95560500
2016-06-23,178.71891135430852,179.62183119566257,178.2589379814508,179.5707244873047,102731400
2016-06-24,173.45470414468605,179.6047957109169,172.67955111125858,173.12249755859375,333444400
2016-06-27,171.71704230971076,171.72556876131333,169.2127090948055,170.02194213867188,230775800
2016-06-28,171.62333532467787,173.11400855868138,171.31668202520586,173.0884552001953,159382400
2016-06-29,174.48542967094025,176.26571631196322,174.383216236283,176.03573608398438,137328600
2016-06-30,176.504213883724,178.4889271454984,175.9505275208487,178.4378204345703,165021900
2016-07-01,178.43782218963668,179.29816182418008,178.27597560501414,178.8126220703125,106055300
2016-07-05,177.98641702353322,178.09715693080918,176.93017666850108,177.5264434814453,109803700
2016-07-06,177.0323211874561,178.71039406322262,176.37642144980018,178.5911407470703,96021500
2016-07-07,178.7700210654943,179.4344342805806,177.7137810813248,178.48040771484375,85593800
2016-07-08,179.77519856716046,181.38512517532322,179.54520533809736,181.13809204101562,133971000
2016-07-11,181.59801253797013,182.34761212478182,181.39357274221206,181.77688598632812,73633900
2016-07-12,182.7394995083198,183.39539936460767,181.8024997136228,183.09725952148438,101275600
2016-07-13,183.51466287223738,183.52317632624678,182.58618947726342,183.07171630859375,87324100
2016-07-14,184.3323634575898,184.56235665116716,183.70203003483041,184.09385681152344,91230900
2016-07-15,184.65606748793815,184.85198088781613,183.4039010235686,183.8468475341797,107155400
2016-07-18,183.96615763217082,184.50280428182324,183.71061098959146,184.34095764160156,58725900
2016-07-19,183.92351020759827,184.18757022804962,183.6764900910065,184.15350341796875,54345700
2016-07-20,184.15346318478564,185.15859633305274,184.15346318478564,184.9200897216797,58159500
2016-07-21,184.80938706527985,185.03085380551673,183.7786874330219,184.2216339111328,67777300
2016-07-22,184.34086044856429,185.09897352333067,184.0768004895924,185.04786682128906,62787500
2016-07-25,184.84348897979444,184.89459569896835,183.96612230693654,184.54534912109375,55873100
2016-07-26,184.4431389683606,184.98829897865974,183.78723906611887,184.6305389404297,70080500
2016-07-27,185.00528351202541,185.07343011762134,183.6679307477728,184.4345703125,84083900
2016-07-28,184.23867279264252,184.93716586113342,183.77869937989922,184.64755249023438,65035700
2016-07-29,184.38349187444857,185.3034386969352,184.1023919573851,184.9456787109375,79519400
2016-08-01,185.00529642288348,185.39712318535925,184.34088321900114,184.79234313964844,73311400
2016-08-02,184.54533945808532,184.698672605218,182.7735792971761,183.6083526611328,92295500
2016-08-03,183.54872231596235,184.20462218226243,183.25059546592718,184.14498901367188,53993600
2016-08-04,184.25577109486107,184.65612446878555,182.50103741220082,184.34095764160156,46585500
2016-08-05,184.3409173872479,185.89121081778012,184.3409173872479,185.84861755371094,71892200
2016-08-08,186.03601136483033,186.13823779474342,185.4738244896835,185.73788452148438,39906500
2016-08-09,185.80603728728104,186.34267082210715,185.5249373415915,185.84861755371094,51251700
2016-08-10,185.95935469412962,186.0360147697383,185.0393947939079,185.38864135742188,57941100
2016-08-11,185.91674052230485,186.49598024514216,185.65268051536748,186.2489471435547,72504300
2016-08-12,185.94230799561387,186.30008099732774,185.68677441958778,186.08712768554688,61313500
2016-08-15,186.4533125164315,186.97291887009882,186.44479906715688,186.62367248535156,49813500
2016-08-16,186.2063996367809,186.27453326544062,185.66123962402344,185.66123962402344,53213600
2016-08-17,185.69528553228906,186.14674550776292,184.86051219996892,186.0104522705078,75134300
2016-08-18,185.98490989689367,186.4619232578189,185.8741830080184,186.4278564453125,52989300
2016-08-19,185.95934477450407,186.33414467656135,185.47381799057598,186.15525817871094,75443000
2016-08-22,185.91673532345644,186.3767217077936,185.5504619041114,186.146728515625,61368800
2016-08-23,186.75999096332944,187.05813069755834,186.46185122910052,186.521484375,53399200
2016-08-24,186.37678609871566,186.47048609844268,185.15017264688626,185.56756591796875,71728900
2016-08-25,185.18418122816422,185.85712092302123,185.03086109372353,185.43972778320312,69224800
2016-08-26,185.627115791674,186.64928894848688,184.20458942381688,185.09046936035156,122506300
2016-08-29,185.2183016414599,186.2660284494212,185.1842218279096,186.00196838378906,70502200
2016-08-30,185.91674874049886,186.1978486628494,185.14160858841032,185.69528198242188,58114500
2016-08-31,185.36305815850932,185.4823114783603,184.3919916975407,185.16714477539062,85269500
2016-09-01,185.1586345348241,185.46528781237726,184.01720794523555,185.17567443847656,97844200
2016-09-02,186.02749217457432,186.43635888870114,185.43973896184536,186.0104522705078,79293900
2016-09-06,186.29156241038206,186.64932242955953,185.57604237202705,186.57266235351562,56702100
2016-09-07,186.41075060317652,186.7344436968676,185.95077731002553,186.55555725097656,76554900
2016-09-08,186.22343021291192,186.49601672347939,185.8230768990411,186.12973022460938,74102900
2016-09-09,184.81790583378086,184.8690125447181,181.649159779297,181.67471313476562,221589100
2016-09-12,180.91662068590415,184.68163379603857,180.8484740642897,184.28128051757812,168110900
2016-09-13,183.00357638087698,183.26763643886903,181.0103362679948,181.6321563720703,182828800
2016-09-14,181.68324870057552,182.88430854433517,181.01032192860217,181.56399536132812,134185500
2016-09-15,181.40212674735488,183.76163971836084,181.22324027418756,183.37832641601562,134427900
2016-09-16,182.76365265916039,182.9434427794408,181.98459697339692,182.6694793701172,155236400
2016-09-19,183.32020121389738,183.96228848693352,182.37846798812475,182.70379638671875,80250500
2016-09-20,183.55979385126534,183.71388842659687,182.67799561253793,182.7122344970703,69665300
2016-09-21,183.41431802619306,184.94676009783961,182.7294225333122,184.76698303222656,110284400
2016-09-22,185.77716455183224,186.23090496857742,185.52889666963492,185.93125915527344,76678700
2016-09-23,185.537528389408,185.67451013467294,184.81839382171452,184.91256713867188,73630900
2016-09-26,184.08210674101107,184.2618838253767,183.21742102902655,183.41433715820312,89827300
2016-09-27,183.25161760787776,184.64707769209988,182.88348096470668,184.55291748046875,78494800
2016-09-28,184.7755573811738,185.62311710529872,183.8167114362782,185.46900939941406,87411000
2016-09-29,185.26352112161058,185.6658967386846,183.24308657792002,183.79100036621094,128070600
2016-09-30,184.62137331842803,185.8798646322569,184.37310547583925,185.1778564453125,117202900
2016-10-03,184.76693322463706,184.95526669769765,184.09915082820336,184.73268127441406,83512100
2016-10-04,184.84403258789584,185.0666180738813,183.20029122302313,183.79100036621094,119948100
2016-10-05,184.4159472616854,185.0323518152725,184.34745641536537,184.6042938232422,72816000
2016-10-06,184.38167063273147,184.95526669769765,183.84232651798825,184.73268127441406,62927400
2016-10-07,185.00667607802794,185.1778966683796,183.37149135408836,184.09918212890625,89788300
2016-10-10,185.05801391601562,185.5203107487633,184.91247578231187,185.05801391601562,51855000
2016-10-11,184.62997321386428,184.69846405905517,181.99313445883374,182.7208251953125,130367400
2016-10-12,182.85781322727746,183.48278731258375,182.36126437989276,182.96055603027344,73866100
2016-10-13,181.63356111941394,182.8578006442703,180.82025358838365,182.3612518310547,101357000
2016-10-14,183.337212137685,183.79952203251673,182.37836652365132,182.45541381835938,93346200
2016-10-17,182.4297956281271,182.68663309755578,181.64217030162976,181.82196044921875,58275700
2016-10-18,183.41429646501757,183.47421779207957,182.5838629003062,182.96055603027344,76869700
2016-10-19,183.22593141104383,183.75671909700407,182.86636429507476,183.44851684570312,66519200
2016-10-20,183.09758587213884,183.66262575598407,182.44694219768837,183.1061553955078,73639800
2016-10-21,183.10609240583523,183.2773129914425,182.14723361250657,183.1916961669922,89089100
2016-10-24,184.06498324117868,184.33894669592,183.61979915887235,183.97080993652344,60146600
2016-10-25,183.79096929824388,184.04780670068533,183.19169073474242,183.35435485839844,66542300
2016-10-26,182.53249614221528,183.56838917561575,182.29277164656682,182.98623657226562,75705500
2016-10-27,183.70535656869063,183.73959545780744,182.4211826824867,182.49822998046875,77220200
2016-10-28,182.4725523568128,183.14887820685595,181.24831282341424,181.95887756347656,140623200
2016-10-31,182.292783476287,182.51538200884306,181.80480412278754,181.96746826171875,61272500
2016-11-01,182.29271215589128,182.34409007173747,179.44185833265698,180.6489715576172,122781800
2016-11-02,180.34083850479635,180.72610117322677,179.12515529623803,179.56178283691406,103330800
2016-11-03,179.77583549116116,179.98986452919675,178.465978823447,178.73992919921875,88939300
2016-11-04,178.85120155849046,179.690191603582,178.3974611112159,178.54299926757812,109122100
2016-11-07,178.54298408491587,182.51536157260367,178.54298408491587,182.48110961914062,109794900
2016-11-08,182.08729548768414,183.8680181529656,181.82190164498263,183.302978515625,106772100
2016-11-09,181.8133801094974,185.8628188492065,181.78769767041217,185.2464141845703,258429000
2016-11-10,186.03402274157074,186.8986952607369,184.2532997663908,185.7086944580078,172113300
2016-11-11,184.9895328480777,185.52032054765516,184.3388894401023,185.28060913085938,100552700
2016-11-14,185.80285585272793,186.00832839708144,184.68134597429705,185.42616271972656,94580000
2016-11-15,185.81136703007533,186.87295532226562,185.60590759908328,186.87295532226562,91652600
2016-11-16,186.25659404633944,186.75314289173917,186.13673832940114,186.52198791503906,65617700
2016-11-17,186.67611427140054,187.54078681133552,186.56481500049895,187.48086547851562,69797200
2016-11-18,187.54936330481615,187.72058391490273,186.88158071787657,187.06137084960938,86265800
2016-11-21,187.63491755839485,188.49958990227336,187.4893794250663,188.47390747070312,72402600
2016-11-22,188.7821066340774,189.02181803368472,188.11433729755825,188.842041015625,67429000
2016-11-23,188.3283891520488,188.9961585697166,188.13148613486294,188.94479370117188,56620200
2016-11-25,189.28722245606542,189.68102843743884,189.21016210032596,189.64678955078125,37872300
2016-11-28,189.3386507599294,189.61260113485753,188.65375522766547,188.75648498535156,76572500
2016-11-29,188.7907185282828,189.5783437413918,188.49107267987097,189.12460327148438,69886700
2016-11-30,189.74101303143192,189.90367717850862,188.61093352329578,188.67086791992188,113291800
2016-12-01,188.97047105412133,188.97047105412133,187.6178062778789,187.97738647460938,79040500
2016-12-02,188.06300726316525,188.55955612953525,187.71199655470292,188.07156372070312,74840300
2016-12-05,188.90204476192173,189.5441319474664,188.7051416827446,189.20169067382812,67837800
2016-12-06,189.39001699968676,189.83520105835166,188.91059404264573,189.8009490966797,59877400
2016-12-07,189.64679191369913,192.34355168931395,189.5269362139672,192.28363037109375,110738100
2016-12-08,192.2579503668923,193.22535243290795,191.9925434696505,192.75448608398438,99714400
2016-12-09,192.97711869989007,193.93596447940914,192.94286674302495,193.91883850097656,88005800
2016-12-12,193.82462492186926,194.30406077525666,193.27671129557493,193.6962127685547,102016100
2016-12-13,194.35548085901033,195.48554731913939,194.33835487927195,194.98899841308594,110477500
2016-12-14,194.68932715558245,195.3913354266373,192.942843339538,193.3794708251953,142501800
2016-12-15,193.61917381484898,195.03175981530796,193.3880188656367,194.17564392089844,124972600
2016-12-16,194.63122666208193,194.69151431182837,193.47727268966827,193.7958984375,156420200
2016-12-19,193.9767864007674,194.63988497695757,193.8303904029604,194.21791076660156,90341100
2016-12-20,194.75179627515462,195.11349590689724,194.51929197797907,194.9670867919922,89838800
2016-12-21,194.83788407091805,195.01011382656955,194.42453002929688,194.42453002929688,67909000
2016-12-22,194.27815603553404,194.39871819214375,193.69255903179445,194.0886993408203,56219100
2016-12-23,194.13174158145424,194.38148591773765,193.94229803224883,194.3728790283203,36697800
2016-12-27,194.63988827841183,195.2513060949005,194.62266135476222,194.8551788330078,42672500
2016-12-28,195.11348411321208,195.13069789250957,193.13280884997076,193.2447509765625,64095000
2016-12-29,193.31367859594346,193.66675823630646,192.76253533744898,193.2017364501953,48696100
2016-12-30,193.52893622499533,193.61505768273278,191.80661219256285,192.49554443359375,108998300
2017-01-03,193.79594246656237,194.47626798685826,192.79700426633804,193.9681854248047,91366500
2017-01-04,194.29539466616654,195.26851207345445,194.28678777541126,195.1221160888672,78744400
2017-01-05,194.85514465863406,195.12210279706622,194.17481926686474,194.9670867919922,78379000
2017-01-06,195.0790604986911,196.12967937135483,194.53652414010315,195.66465759277344,71559900
2017-01-09,195.4062733251903,195.54406239938967,194.98429921306328,195.0187530517578,46939700
2017-01-10,195.0359668308157,195.87129502525147,194.63121963803593,195.0187530517578,63771900
2017-01-11,194.93265109478259,195.56991577148438,194.26955260662038,195.56991577148438,74650000
2017-01-12,195.05323723028695,195.26852777910625,193.72705323128866,195.07907104492188,72113200
2017-01-13,195.25124681761267,195.8282237519275,195.2168061210621,195.52682495117188,62717900
2017-01-17,194.8895735022401,195.29432070049256,194.4503856051168,194.83790588378906,61240800
2017-01-18,195.08765908587074,195.31156964479436,194.53651585975967,195.2685089111328,54793300
2017-01-19,195.34599463170878,195.483783712224,194.11453921786523,194.5451202392578,66608800
2017-01-20,195.2254643669878,195.75077382452264,194.59681965232878,195.25991821289062,129168600
2017-01-23,195.25986555738928,195.32014006102685,193.9939564378257,194.75177001953125,75061600
2017-01-24,194.96711366334637,196.41387296884554,194.85517151455983,196.00051879882812,95555300
2017-01-25,196.9477557982735,197.6969757080078,196.7841329083282,197.6969757080078,84437700
2017-01-26,197.55060044787433,197.8175717636981,197.2147477205455,197.49032592773438,59970700
2017-01-27,197.56778761210302,197.71418357760163,196.99941752937463,197.18026733398438,59711100
2017-01-30,196.4913442470013,196.5171780573932,194.97570376275382,195.95742797851562,79737300
2017-01-31,195.46657427051073,196.00050372017813,194.898217258071,195.94021606445312,75880800
2017-02-01,195.94022927055596,196.85305907660958,195.43214673930603,196.01773071289062,79117700
2017-02-02,196.0176989136226,196.43106615293237,195.32877979535274,196.14688110351562,69657600
2017-02-03,197.0511370106404,197.67978172491428,196.74111809916565,197.49893188476562,80563200
2017-02-06,197.09417587961693,197.49031624796152,196.809990794992,197.14584350585938,57790100
2017-02-07,197.53333230577763,197.77445660056662,196.96496226507992,197.1544189453125,57931200
2017-02-08,197.1544447735918,197.54196507382068,196.61190846909716,197.4127960205078,51566200
2017-02-09,197.41278823132038,198.88536794214565,197.41278823132038,198.58396911621094,65955200
2017-02-10,198.92844207107467,199.59154055725963,198.60119627316433,199.3676300048828,66015900
2017-02-13,199.8584786124461,200.7110337232728,199.8326448036595,200.4526824951172,55182100
2017-02-14,200.27187670372177,201.26222110590146,199.92741708401107,201.25360107421875,71109000
2017-02-15,201.03828987887738,202.49365593222012,200.98662225525658,202.30419921875,86785800
2017-02-16,202.3299910531187,202.51084083856136,201.38272082258933,202.13192749023438,84722400
2017-02-17,201.4688374170702,202.4505615234375,201.45161049863185,202.4505615234375,77204100
2017-02-21,202.82089123635168,203.8284492656725,202.81227120600053,203.65621948242188,88946100
2017-02-22,203.25142918134875,203.69922389482315,203.0878063228423,203.47532653808594,62115200
2017-02-23,203.99210316217946,204.00931694491763,202.85536276743795,203.61318969726562,74615900
2017-02-24,202.76921937918132,203.91455332700036,202.72615864919575,203.8715057373047,82381600
2017-02-27,203.78539254474492,204.36236955714747,203.535661325161,204.1901397705078,56515400
2017-02-28,203.81119154921876,204.05231583739356,203.2514415531604,203.6389617919922,96961900
2017-03-01,205.29242616150023,206.95447579618843,205.27519924075014,206.48944091796875,149158200
2017-03-02,206.30001086819615,206.3086308998303,205.1374498030044,205.18911743164062,70246000
2017-03-03,205.10293156730737,205.48184491207374,204.724018222541,205.31822204589844,81974300
2017-03-06,204.52599832218158,205.0599146181717,204.10402416355956,204.70684814453125,55391500
2017-03-07,204.40544736476315,204.7585269980592,203.88874482138883,204.09542846679688,65103700
2017-03-08,204.38821235363588,204.64656361509844,203.5787178665223,203.7165069580078,78168800
2017-03-09,203.83709492427994,204.30212988182257,203.01038655132612,203.97488403320312,90683900
2017-03-10,204.93076058441957,204.97382132054474,203.74235259688214,204.68963623046875,81991700
2017-03-13,204.62933059248675,204.83601422355267,204.30209793532902,204.79295349121094,57256800
2017-03-14,204.25043221184765,204.3021129786375,203.39789009404342,204.00930786132812,59880800
2017-03-15,204.57768905340063,206.1966781857777,204.34517158134187,205.7747039794922,96081800
2017-03-16,205.91248570942832,205.98998715057468,205.04271665366073,205.3699493408203,78344000
2017-03-17,205.632027875245,205.82230883065284,205.00929260253906,205.00929260253906,89002100
2017-03-20,205.0092494983875,205.2946708714881,204.3951718875136,204.7843780517578,52537000
2017-03-21,205.38980684946205,205.51089350230714,202.0253135695641,202.15504455566406,131809300
2017-03-22,202.18963877523575,202.91615865814032,201.5669036763305,202.6307373046875,97569200
2017-03-23,202.63076264780625,203.54756354767736,202.04263120164606,202.41453552246094,100410300
2017-03-24,202.7172885306516,203.2881181952796,201.48911986212113,202.2675323486328,112504900
2017-03-27,200.5982540724432,202.31942701311294,200.3214901709673,202.05995178222656,87454500
2017-03-28,201.75719325688067,203.95405486324012,201.64475093774175,203.53025817871094,93483900
2017-03-29,203.24484617764165,203.95406426057835,203.0199615290021,203.7205352783203,61950400
2017-03-30,203.66002924668305,204.56818591683856,203.4870501660482,204.36924743652344,56737900
2017-03-31,204.03194530025047,204.55954010476322,203.84166434141252,203.89356994628906,73733100
2017-04-03,203.94543323424176,204.1443585000938,202.31075664668595,203.53892517089844,85546500
2017-04-04,203.25351822724852,203.75516679210006,202.8729563368468,203.66867065429688,56466200
2017-04-05,204.34326269653357,205.32061345411282,202.85561912820899,203.06320190429688,108800600
2017-04-06,203.20157900865607,204.15297031801492,202.76046728392677,203.634033203125,69135800
2017-04-07,203.3831740662235,204.11835137345648,202.9420756003554,203.42642211914062,74412300
2017-04-10,203.5649092909198,204.34332183096535,203.02001259441238,203.547607421875,67615300
2017-04-11,203.1670161256462,203.40918946743707,201.81776087925203,203.30540466308594,88045300
2017-04-12,203.02862636532242,203.21890729142282,202.1896640631861,202.41453552246094,81864400
2017-04-13,202.07721959380586,202.81239709117327,201.09986877441406,201.09986877441406,92880400
2017-04-17,201.61881958860167,202.881591796875,201.41989433024537,202.881591796875,68405400
2017-04-18,202.14642256401504,202.81240582699647,201.59288163305118,202.27615356445312,83225800
2017-04-19,202.83835390279546,203.2102582391283,201.67936643251812,201.9042510986328,68699900
2017-04-20,202.51836397178732,203.98871929903214,202.1983519804845,203.547607421875,92572200
2017-04-21,203.46972277708795,203.52161517502364,202.50102948907167,202.8988800048828,110389800
2017-04-24,205.13896965036957,205.33790808615962,202.8729138470728,205.1303253173828,119209900
2017-04-25,205.770403129318,206.66990224429958,205.68390699246353,206.32394409179688,76698300
2017-04-26,206.28930854770627,207.17151885724383,206.15093322651757,206.1941680908203,84702500
2017-04-27,206.51420510170553,206.66988229606818,205.83091999989713,206.36717224121094,57410300
2017-04-28,206.6266222370468,206.65256843460105,205.7876599895779,205.9174041748047,63532800
2017-05-01,206.43637084960938,206.86018079937156,206.02121843190722,206.43637084960938,66882500
2017-05-02,206.57478845463555,206.69587514339725,206.10774356868606,206.51425170898438,57375700
2017-05-03,206.51419754423213,206.60933800312412,205.58873915342298,206.26336669921875,73137700
2017-05-04,206.56618044692325,206.64401907536086,205.65802352276657,206.50563049316406,61462700
2017-05-05,206.87745917038717,207.33585960395547,206.4363474040606,207.3185577392578,62001300
2017-05-08,207.3618199234985,207.50885278980158,206.86017139275205,207.2839813232422,48385700
2017-05-09,207.5434450706046,207.7423703261031,206.74771765369846,207.09368896484375,51363200
2017-05-10,207.05043905844082,207.46559143066406,206.8428562736012,207.46559143066406,54293800
2017-05-11,207.0158476249322,207.20612854417598,205.9606582354735,207.0417938232422,62358300
2017-05-12,206.79098702830493,207.0850527749916,206.42772701225834,206.6958465576172,53912700
2017-05-15,207.11961833133617,207.95858054618077,207.10231646782097,207.83749389648438,61918900
2017-05-16,208.13153281577806,208.15747900898575,207.2579801837283,207.64718627929688,51241800
2017-05-17,207.64721259393744,207.64721259393744,203.9021575960711,203.96270751953125,172174100
2017-05-18,203.8848658703277,205.63198464016048,203.625390695013,204.7843780517578,107047700
2017-05-19,205.26871121619024,206.7823009092626,205.21681882402052,206.11631774902344,115011400
2017-05-22,206.6266353290807,207.32722229980186,206.55745426285634,207.1628875732422,61010600
2017-05-23,207.53479598358814,207.78562684405628,207.15423412457204,207.6212921142578,48341700
2017-05-24,207.85481893629006,208.2094213944331,207.51749194867847,208.1056365966797,46927700
2017-05-25,208.6159188746887,209.377042546185,208.40834928970304,209.1002655029297,64071700
2017-05-26,208.90999129615258,209.2213588810894,208.83215269928246,209.05703735351562,46629900
2017-05-30,208.7370082051156,209.12621437940422,208.58133101438253,208.87539672851562,35201900
2017-05-31,209.16945969341108,209.20406342253426,208.13157217646426,208.82350158691406,91796000
2017-06-01,209.28190858500193,210.5014327244796,208.9964871993291,210.484130859375,68962000
2017-06-02,210.53604147612447,211.34041330489234,210.24197573118028,211.18472290039062,88666100
2017-06-05,211.01172035211985,211.2971417307393,210.8300837666508,211.02902221679688,44698800
2017-06-06,210.466783963883,211.02032475169133,210.27650308081263,210.35435485839844,50375400
2017-06-07,210.69169891436508,210.9684627494031,210.02571572770137,210.74359130859375,54144300
2017-06-08,210.83875251651543,211.32309917359729,210.3198021282382,210.84739685058594,65950700
2017-06-09,211.11553629639795,211.91125062202613,209.26463242652287,210.52740478515625,132256400
2017-06-12,210.28520560176892,210.53602325723256,209.63652423363692,210.484130859375,86108100
2017-06-13,211.02039298829786,211.565289620332,210.6744348330919,211.51339721679688,60067000
2017-06-14,211.78149355764182,211.79013789146447,210.42358089248344,211.24525451660156,78602300
2017-06-15,209.89600002888105,210.9598470447608,209.61923615628442,210.83876037597656,66464900
2017-06-16,210.99784786852436,211.04999333756032,210.00704417138684,210.88485717773438,84553100
2017-06-19,211.71045520387923,212.70125857570505,211.61485078809721,212.6404266357422,65123800
2017-06-20,212.28408116010755,212.29276764813338,211.18898688722953,211.20635986328125,56906400
2017-06-21,211.59748345778655,211.7104608526788,210.68489823948386,211.1542205810547,55977600
2017-06-22,211.16295897267005,211.6583541315483,210.88483215505542,211.05865478515625,44148100
2017-06-23,211.11946010978448,211.64092790155846,210.73704243872845,211.3106689453125,66986800
2017-06-26,211.97993573108084,212.3971259753546,211.24118620608652,211.44976806640625,56700500
2017-06-27,211.2324448471982,211.52795786080534,209.7288600990162,209.74624633789062,82247700
2017-06-28,210.7631562637456,211.82349155414153,210.5284884176897,211.62359619140625,70042600
2017-06-29,211.77132102248703,211.82346647947858,208.55555631046235,209.76364135742188,106949700
2017-06-30,210.57193157446784,210.94566280210128,209.96354578022047,210.15475463867188,86820700
2017-07-03,211.09339088533196,211.5279540165934,210.51107788085938,210.51107788085938,39153800
2017-07-05,210.8761255787128,211.20638456590143,210.06783119610182,210.997802734375,54427600
2017-07-06,210.23295488728553,210.35463203575168,208.88580650381542,209.06832885742188,65400800
2017-07-07,209.6419858765696,210.57194423329292,209.07704575652258,210.4241943359375,57972300
2017-07-10,210.42417841054788,211.023877706191,210.1199788872515,210.650146484375,36663300
2017-07-11,210.6501802969023,210.80662995913784,209.32911759842563,210.49374389648438,50354600
2017-07-12,211.45847389438245,212.24068241669124,211.45847389438245,212.07554626464844,59610400
2017-07-13,212.0842090236191,212.54484491380276,211.85822769210736,212.43185424804688,39471600
2017-07-14,212.43181936574274,213.7789675973689,212.3362149554515,213.42262268066406,60262700
2017-07-17,213.34446098258874,213.72687872498506,213.2227838156278,213.3966064453125,33531900
2017-07-18,212.98805573976517,213.5616821911414,212.64909706609973,213.50953674316406,42742500
2017-07-19,213.8224585033008,214.6741985738077,213.81375875263902,214.66551208496094,51034300
2017-07-20,214.91756003256464,215.03923718954388,214.21356981991232,214.76112365722656,47135200
2017-07-21,214.18746759554307,214.59595797953887,213.96148629097556,214.56988525390625,82340800
2017-07-24,214.49165998348326,214.65679609178116,214.04841037316834,214.5177459716797,46622300
2017-07-25,215.265183138537,215.36948730652418,214.81324703724425,215.03921508789062,54915600
2017-07-26,215.32606993450494,215.36082915600542,214.78721579943908,215.04794311523438,47575400
2017-07-27,215.50855164233664,215.54331085727668,213.5269315835862,214.84800720214844,70766600
2017-07-28,214.36998121506053,214.72632615533806,213.91804511998137,214.59596252441406,50088400
2017-07-31,214.99575673459248,215.09136115279443,214.2656938656761,214.4742889404297,65838700
2017-08-01,215.07397816454593,215.10873737781307,214.4308199936887,214.95230102539062,55050400
2017-08-02,215.08269809566875,215.1956887645296,214.1266538094975,215.05662536621094,47211200
2017-08-03,214.94363633984614,214.96970906950318,214.36132327447956,214.6394500732422,40856000
2017-08-04,215.12615252230128,215.36080708246598,214.6481303893106,215.03054809570312,60191800
2017-08-07,215.10000845674995,215.43026733398438,214.9957043138977,215.43026733398438,31995000
2017-08-08,215.11748913836746,216.3342741609409,214.52648950080535,214.90020751953125,61719400
2017-08-09,214.21357724405223,214.94364021122985,213.85723224990033,214.89149475097656,62632600
2017-08-10,214.05710373969825,214.18748063761373,211.80606987759083,211.85821533203125,120479500
2017-08-11,212.08422263855766,212.762140152982,211.84955480300584,212.17112731933594,74869900
2017-08-14,213.4487010455156,214.491649836917,213.41394183258802,214.2743682861328,73291900
2017-08-15,214.65684253490522,214.67422877685988,213.94416575656814,214.24835205078125,55242700
2017-08-16,214.76977439774194,215.16957828230625,214.19614792668534,214.6220245361328,56715500
2017-08-17,214.013680686834,214.32656670840692,211.2759246826172,211.2759246826172,128490400
2017-08-18,211.110771048936,212.2319513923749,210.50238529682153,210.94564819335938,136748000
2017-08-21,210.88481073859253,211.37151935817374,210.18082053799722,211.11077880859375,65469700
2017-08-22,211.69308230910568,213.47478047201594,211.6756960711894,213.31834411621094,63140100
2017-08-23,212.35361724999515,212.9793892079819,212.20586737961136,212.5535125732422,50203800
2017-08-24,212.93594879691088,213.0923851691312,211.84954089488582,212.05813598632812,50741700
2017-08-25,212.8490123140098,213.46609778379067,212.4057627028584,212.5535125732422,64445900
2017-08-28,213.08367786795816,213.10975059411498,212.14501994087084,212.5622100830078,40565600
2017-08-29,211.24987450159514,213.06634561376057,211.13688381841158,212.8056182861328,51135700
2017-08-30,212.78815820548343,214.0831609512058,212.60563587766256,213.813720703125,62030800
2017-08-31,214.430836191857,215.34342143536554,213.84852317749608,215.10006713867188,103803900
2017-09-01,215.4738133189262,215.8301583221608,215.25653172112212,215.40428161621094,62007000
2017-09-05,214.90020312504348,215.1261844915753,212.8925231299425,213.8572540283203,91398800
2017-09-06,214.5351500718967,214.91756779673688,214.00498245551665,214.58729553222656,57916900
2017-09-07,214.8914141078562,214.90880034202135,214.15265166666396,214.56114196777344,58034700
2017-09-08,214.2744468728575,214.7698553560106,214.06586499516635,214.30921936035156,63832800
2017-09-11,215.57809645054567,216.67320415146062,215.56072347185696,216.59498596191406,71364800
2017-09-12,216.95999602215846,217.3597866815819,216.7774736694203,217.3250274658203,56896000
2017-09-13,217.03821711288396,217.4640937671046,216.92522645196908,217.4293212890625,59228000
2017-09-14,217.10776144378448,217.55971085193482,216.93393882890064,217.35980224609375,95446300
2017-09-15,217.2156545514275,217.73971021423142,217.1108460843923,217.65237426757812,95432400
2017-09-18,218.01930805220786,218.46475755030053,217.73107132015954,218.11538696289062,46235200
2017-09-19,218.3598660581464,218.42101321790437,218.01049560350478,218.3336639404297,47108100
2017-09-20,218.42105066508134,218.525859153917,217.41658711242658,218.4123077392578,59574100
2017-09-21,218.25509286573282,218.34242882969582,217.65241740557613,217.8271026611328,48211400
2017-09-22,217.53014764359605,218.03674424025084,217.50394552028905,217.87078857421875,51214000
2017-09-25,217.61749654587692,217.9668804234547,216.6829229945747,217.4253387451172,57064400
2017-09-26,217.85333227147706,218.09789432564105,217.3205335118415,217.55636596679688,54082000
2017-09-27,218.25506607895477,218.78786470597146,217.37288365607444,218.40354919433594,81001400
2017-09-28,218.1240163736612,218.74416420824468,218.03668043074086,218.66555786132812,44778800
2017-09-29,218.65687388117044,219.5128543148782,218.47345902225527,219.43423461914062,85578000
2017-10-02,219.6613046021802,220.38626098632812,219.4866060401173,220.38626098632812,59023000
2017-10-03,220.38633482643496,220.88418857775793,220.3077151161136,220.8579864501953,66810200
2017-10-04,220.70946216621985,221.3645418885094,220.5959107495144,221.11997985839844,55953600
2017-10-05,221.45191417274145,222.44763498081332,221.1549478485662,222.43017578125,63522800
2017-10-06,221.98466107631256,222.46505550467177,221.7226398677804,222.17681884765625,80646000
2017-10-09,222.4039128546295,222.46504669165515,221.5479325152339,221.80996704101562,35803100
2017-10-10,222.377682408996,222.77072748378887,221.83614090399251,222.3951416015625,43057400
2017-10-11,222.29910515071512,222.74456787109375,222.13316282390105,222.74456787109375,47674300
2017-10-12,222.43013121510202,222.77950172323375,222.1768262682205,222.41265869140625,47065100
2017-10-13,222.84938156164074,222.96293297578225,222.41266175664202,222.6834259033203,54800400
2017-10-16,222.91051376147277,223.17253496477068,222.56987286955564,222.98037719726562,38221700
2017-10-17,222.9279734690156,223.18127840295898,222.70961358067885,223.13760375976562,31561000
2017-10-18,223.5131697489327,223.5568443908322,223.1637992689959,223.35595703125,40888300
2017-10-19,222.57858928408425,223.45202878369093,222.1593420560092,223.41708374023438,61903800
2017-10-20,224.21196630472966,224.59628187884428,223.3996605089635,224.57005310058594,89176400
2017-10-23,224.8931981521395,224.91940026930925,223.61795736919385,223.69656372070312,63915300
2017-10-24,224.12462095301717,224.32549501443242,223.73156244590075,224.0896759033203,66935900
2017-10-25,223.75773786485246,223.87128927136814,221.85364604019503,222.98037719726562,103715300
2017-10-26,223.59176686040058,223.86251762653012,223.14630421668343,223.26858520507812,69798000
2017-10-27,224.01108998639089,225.25138613887677,223.27740380734522,225.09414672851562,85562500
2017-10-30,224.01105321483814,224.99804421858872,223.95864897174172,224.255615234375,54285700
2017-10-31,224.631152068545,224.8582548559498,224.3079837358577,224.60494995117188,60304800
2017-11-01,225.38238536234172,225.72301298114465,224.53514779573626,224.9019775390625,54202700
2017-11-02,224.83206036171993,225.12902658710306,223.76646312698873,224.98927307128906,56449500
2017-11-03,225.14650410247782,225.7841245724056,224.73598644613577,225.74046325683594,59589700
2017-11-06,225.6094359811802,226.22085435776503,225.53957254212585,226.08984375,49652600
2017-11-07,226.1946842164428,226.52659557321505,225.426053001868,225.9326629638672,57502200
2017-11-08,225.75792233683754,226.41300200160703,225.47841528260687,226.31690979003906,50469600
2017-11-09,225.11157985978514,225.68805314872068,223.91494531222034,225.4958953857422,95085500
2017-11-10,225.11156945103457,225.60069343322567,224.79711737376437,225.42599487304688,59984700
2017-11-13,224.74473659867962,225.86273819686548,224.70979155194425,225.63563537597656,50228600
2017-11-14,224.83209570763378,225.2164112727262,224.0547216515681,225.11160278320312,61315200
2017-11-15,224.14206074959475,224.6661298286348,223.27736409509808,223.98484802246094,80811500
2017-11-16,224.92817282988813,226.25581817943672,224.8845115087638,225.8889617919922,67777000
2017-11-17,225.53953445826068,225.8627027879323,225.14647604607512,225.22508239746094,75756800
2017-11-20,225.46972440635292,225.80160908346332,225.22513571490924,225.6094512939453,48075500
2017-11-21,226.37801123248357,227.26893645598844,225.57446193294496,227.0854949951172,69176800
2017-11-22,227.09430631489215,227.22531692979058,226.7187336670959,226.8846893310547,45033400
2017-11-24,227.37378827509912,227.51354180063734,227.2340347495609,227.40870666503906,27856500
2017-11-27,227.45242453316544,227.749390818247,227.09431107476212,227.2952117919922,52274900
2017-11-28,227.75812937033317,229.62727634177566,227.6620371490641,229.60107421875,98971700
2017-11-29,229.73208312406396,230.26489516197006,229.01588288160568,229.46131896972656,77512100
2017-11-30,230.3784306347225,232.37858806797493,230.29982427167096,231.47023010253906,127894400
2017-12-01,231.25183970097865,231.7322207413393,227.75808186488112,230.9897918701172,164390900
2017-12-04,232.60569136026692,233.03366822283851,230.65791150982508,230.71034240722656,94040600
2017-12-05,229.8805389404297,231.5924728582551,229.74952834944312,229.8805389404297,77994500
2017-12-06,229.9766138332505,230.35221308301692,229.46128771759268,229.92420959472656,75898600
2017-12-07,230.6491241455078,230.96354950143686,229.66213346397672,230.6491241455078,77218600
2017-12-08,231.60127319694897,231.91569869326315,230.61428207474475,231.906982421875,76563900
2017-12-11,232.60568237304688,232.66682953826898,231.8807392812659,232.60568237304688,83077500
2017-12-12,233.39177744765638,233.48786966002598,232.64063222031234,233.01620483398438,85195800
2017-12-13,233.26083073375753,233.69755063352946,232.90271721731247,232.9900665283203,102905400
2017-12-14,233.28696073833632,233.40051214201415,231.98554436904854,232.03794860839844,100666700
2017-12-15,233.03965390050294,234.43551820355714,232.9869817978599,233.97023010253906,144610300
2017-12-18,235.36613793134373,235.80509006221476,235.2607937065766,235.4539337158203,83653600
2017-12-19,235.69970433667532,235.74358882543072,234.47940476779215,234.54965209960938,82382900
2017-12-20,235.51535044887996,235.56802255763964,234.12827359902516,234.4267578125,76751500
2017-12-21,235.05007482828026,235.6207340227915,234.66379481577025,234.90960693359375,67032300
2017-12-22,234.92716795261202,234.96229162203662,234.31262429947589,234.84815979003906,78720900
2017-12-26,234.4442802725395,234.78667573304617,234.30383919241618,234.56719970703125,45244400
2017-12-27,234.73400755302202,235.04127935287949,234.40918731573265,234.68133544921875,57751000
2017-12-28,235.1817292803327,235.20806533022463,234.795449354247,235.16415405273438,45116100
2017-12-29,235.7435466879063,235.76109512197036,234.08432215352255,234.27743530273438,96007400
2018-01-02,235.13784025255728,235.9894083349834,234.7515602899202,235.95428466796875,86655700
2018-01-03,236.12111810246338,237.59601759479307,236.12111810246338,237.44676208496094,90070400
2018-01-04,238.08762314772258,238.9304036547057,237.50820317682505,238.44754028320312,80636400
2018-01-05,239.23763366582364,240.1594221725427,238.7460095567062,240.03652954101562,83524000
2018-01-08,239.94000464548068,240.6335564936815,239.65030803580805,240.4755401611328,57319200
2018-01-09,240.89687121980845,241.64309503689753,240.6159354877151,241.01979064941406,57254000
2018-01-10,240.26484301056274,240.9145104124587,239.5976539590796,240.651123046875,69574300
2018-01-11,241.2041360978791,242.4068603515625,241.03733218619251,242.4068603515625,62361500
2018-01-12,242.6702805959339,244.15391398365108,242.37176960389846,243.9871368408203,90816100
2018-01-16,245.24250740468787,245.89214784344935,242.4595397134825,243.15309143066406,106555100
2018-01-17,244.0837329224632,245.85708997416316,243.1531565021984,245.47080993652344,113258800
2018-01-18,245.35666596416098,245.77804281728476,244.56653078153596,245.0581817626953,100728000
2018-01-19,245.6376059390425,246.1731414794922,245.05821269286884,246.1731414794922,140920100
2018-01-22,245.9624044391286,248.17471313476562,245.90970554473782,248.17471313476562,91322400
2018-01-23,248.21858322942705,248.9911430822644,247.8937630166444,248.70144653320312,97084700
2018-01-24,249.34238639774867,249.9393817234188,247.42856132509596,248.60494995117188,134816100
2018-01-25,249.46524709816148,249.56180369497707,247.92012721704376,248.71023559570312,84587300
2018-01-26,249.54430791447624,251.63372452420188,249.28970815499756,251.58981323242188,107743100
2018-01-29,251.0191944464143,251.45814663904255,249.76379760546135,249.92181396484375,90118300
2018-01-30,248.09565140466236,249.9743518486628,246.88413971694652,247.35821533203125,131796400
2018-01-31,248.2098154832068,248.71020041762685,246.4100961508907,247.48114013671875,108364800
2018-02-01,246.75248249293085,248.49950287103297,246.41008707469774,247.2001953125,90102500
2018-02-02,245.88338406187754,246.01509111839752,241.78358665930918,241.81871032714844,173174800
2018-02-05,240.0628951810938,242.16985973581026,231.1609344386689,231.70523071289062,294681800
2018-02-06,228.20239896435808,236.7707517438932,227.11380642946904,236.2703399658203,355026800
2018-02-07,235.71728090980616,239.1059783080259,234.90959724654337,234.98863220214844,167376100
2018-02-08,235.2870873577438,235.4275552292879,226.1393148107997,226.1744384765625,246449500
2018-02-09,228.95735588832179,231.42426402168795,222.03948137455444,229.5718994140625,283565300
2018-02-12,231.61739535676696,234.40915037593444,229.71235872257293,232.9430389404297,143736000
2018-02-13,231.74034719721283,234.06678771243006,231.16092727411035,233.52249145507812,81223600
2018-02-14,232.03881626808786,237.03409243343134,232.03002865434567,236.6741485595703,120735700
2018-02-15,238.41245071551432,239.70297096491808,235.95430287347807,239.69418334960938,111200300
2018-02-16,239.07081840698507,241.7045303485651,239.02690713305674,239.76434326171875,160420100
2018-02-20,238.8162675010244,240.25604318291386,237.47307520829037,238.26318359375,86369700
2018-02-21,238.7020848614056,241.17778049482195,236.98140057622757,237.0779571533203,98883700
2018-02-22,237.99981276687265,239.711709729396,236.7180802507282,237.38526916503906,110511300
2018-02-23,238.60555670362223,241.1690216064453,238.13148100019365,241.1690216064453,92766400
2018-02-26,242.24011676430848,244.06617263387662,241.6519359115766,243.96958923339844,86491400
2018-02-27,244.15391392223984,244.8650409424878,240.86177331085185,240.92323303222656,99099200
2018-02-28,242.0205878320597,242.46832748149382,238.1666028924506,238.48263549804688,121907800
2018-03-01,238.27201694583923,239.8171371368471,233.5225513150146,235.01499938964844,176855100
2018-03-02,233.34696106461368,236.78835783926957,232.48663196458529,236.2264862060547,139083200
2018-03-05,235.04125115839994,239.5712390826377,234.93588017192567,238.95669555664062,97307400
2018-03-06,239.93120475708733,240.01023971083006,238.0700521582396,239.5625,79213200
2018-03-07,237.40287505154694,239.8258725222724,237.20973504815836,239.47471618652344,87063500
2018-03-08,240.15075768114414,240.75651391035282,239.15874813232017,240.6336212158203,66901200
2018-03-09,242.0381499475418,244.8210906982422,241.72209056756208,244.8210906982422,113625300
2018-03-12,245.11091135006612,245.73421595248826,244.1276359486694,244.513916015625,71924800
2018-03-13,245.6726344877052,246.1730461616999,242.32782263142832,242.93357849121094,91968900
2018-03-14,243.8905597991625,244.07491217662238,241.1339545863704,241.68701171875,105895100
2018-03-15,242.1961896626177,242.83704251505435,240.92321798909455,241.4236297607422,83433000
2018-03-16,241.9498553754007,242.73433229879393,241.63255700109175,241.68544006347656,100343700
2018-03-19,240.93625086908648,241.8617314494688,236.76712305431,238.41537475585938,109208400
2018-03-20,238.81194745566663,239.45539376753695,238.1420596185855,238.82077026367188,59757300
2018-03-21,238.77666470244944,240.8656257293713,238.1508640548659,238.36239624023438,78709600
2018-03-22,236.14128090528047,236.9874367365729,232.13080299363773,232.40406799316406,148785900
2018-03-23,232.84481538646813,233.17093659771976,227.25658694391362,227.45050048828125,183534800
2018-03-26,231.0466640245638,233.95533970718193,228.6492001841799,233.67327880859375,141956100
2018-03-27,234.60765289876343,235.13648355929,228.14682704159767,229.69813537597656,129941400
2018-03-28,229.83026638489125,231.49616310635523,227.91757313789228,229.01934814453125,146452300
2018-03-29,230.1564576656507,233.80555051179851,229.0282407907725,231.94573974609375,111601600
2018-04-02,231.41690411803935,231.92814298876075,224.47132084605792,226.93930053710938,186286300
2018-04-03,228.17325309173245,230.3239206279813,226.38397108152986,229.8479461669922,119956900
2018-04-04,226.30470349166671,233.01230029229487,226.17249580220437,232.3071746826172,123715300
2018-04-05,234.0611056703616,235.02187728674107,232.97697612149102,234.1404571533203,82652600
2018-04-06,232.18373580132868,233.67331128789823,227.40642617564995,228.92247009277344,179521200
2018-04-09,230.3768261726803,233.4353557781252,229.11640156292754,230.0507049560547,105442900
2018-04-10,232.93291826893037,234.49304931652253,231.79590552096968,233.7085723876953,103529000
2018-04-11,232.22782477620186,234.14051880483157,232.1573229824398,232.4834442138672,91140200
2018-04-12,233.80555112463333,235.33921379794384,233.6292563098291,234.39608764648438,68890500
2018-04-13,235.70059074735886,235.81517968292337,232.70376729661248,233.7085723876953,85079200
2018-04-16,235.33922430803474,236.3969394464726,234.51950987009275,235.6300811767578,63405300
2018-04-17,237.39290453761745,238.7502992568039,236.88169262714564,238.15093994140625,64682000
2018-04-18,238.59162476057676,239.12927814561803,237.8688537751826,238.32720947265625,57303900
2018-04-19,237.67486570166693,237.8776019580098,235.9737317858338,237.0050048828125,77655900
2018-04-20,236.934603681862,237.15495877080377,234.1140477838813,234.99546813964844,99953100
2018-04-23,235.56834131435096,236.12364027357134,233.884825718501,234.9601593017578,65558000
2018-04-24,235.98262893542974,236.20298397525707,230.2974581483618,231.79588317871094,112885500
2018-04-25,231.73422698132876,232.8095608821234,229.91850321587756,232.3688507080078,103840900
2018-04-26,233.3912538357174,235.5595399175105,232.9505437516809,234.7310028076172,67731900
2018-04-27,235.339151433637,235.63883102034006,234.01702136940307,234.95132446289062,57053600
2018-04-30,235.56834497682607,236.1236439446799,233.07391102580115,233.14443969726562,82182300
2018-05-01,232.58035587799654,233.6645124635416,231.02904763828548,233.55874633789062,74203400
2018-05-02,233.36480513816895,234.17569660455436,231.60196485617357,231.9897918701172,86368900
2018-05-03,231.16129352643733,232.13083432497558,228.33191503251203,231.4785919189453,136311500
2018-05-04,230.50901174745036,235.15411363285418,230.18289056208346,234.47540283203125,91222100
2018-05-07,235.24229625773177,236.23827868420156,234.55476254394,235.26873779296875,55304900
2018-05-08,234.89852940083588,235.63009647493584,233.70860651754143,235.26873779296875,67499200
2018-05-09,235.93857898716234,237.86889159229474,235.41854423903627,237.5427703857422,59666100
2018-05-10,238.28310618835678,240.09003352947272,238.1773400803513,239.76388549804688,72063900
2018-05-11,239.88727092768787,240.75986812188881,239.37603226329256,240.49545288085938,59871500
2018-05-14,240.9273599609338,241.57960220851348,240.06355860426416,240.6100616455078,54790600
2018-05-15,239.38493604542785,239.40255476785495,238.0099225293542,238.9530487060547,87036100
2018-05-16,238.98826881675424,240.4161651346409,238.96180038979318,239.9578094482422,53942600
2018-05-17,239.69340582604104,240.83044538955156,238.97945763236936,239.75511169433594,56536400
2018-05-18,239.41135059102103,239.77273610113608,238.8031685006823,239.15573120117188,64368000
2018-05-21,240.63651331670496,241.49149190105553,240.24868631563004,240.9538116455078,58025900
2018-05-22,241.47387347025818,241.72949286311118,239.9578296314086,240.28395080566406,52966400
2018-05-23,239.0147370148245,240.9714910129223,238.85606092939213,240.9450225830078,64694200
2018-05-24,240.54840148842243,240.8216396115561,238.67097206902508,240.45143127441406,76043800
2018-05-25,239.87852478027344,240.50432564990533,239.3761087629519,239.87852478027344,56374800
2018-05-29,238.25669904659816,239.01473442804837,236.0090882306861,237.11965942382812,115908600
2018-05-30,238.42416707191094,240.72466091115743,238.35366529050847,240.28395080566406,69678400
2018-05-31,239.8785687017863,240.17824842519676,238.2126980482963,238.8120574951172,93519900
2018-06-01,240.10773902159661,241.45631118364705,240.03721032489977,241.15663146972656,71258400
2018-06-04,241.97629276170582,242.5580333367851,241.73831898505043,242.3024139404297,45385200
2018-06-05,242.43462683786473,242.8577182376583,241.66779553102288,242.4787139892578,51135000
2018-06-06,243.0868621885617,244.61170177943262,242.4698573456426,244.5059356689453,62732200
2018-06-07,244.99076149724047,245.2816183350628,243.57166095224892,244.47952270507812,72969400
2018-06-08,244.02117074995135,245.2551535642236,243.85369877171357,245.2022705078125,72139700
2018-06-11,245.4227372570026,246.2424519033104,245.3081482830159,245.52850341796875,58892500
2018-06-12,245.9426311585828,246.2070464094195,245.2022415574353,245.84568786621094,72329000
2018-06-13,246.08373004921717,246.33934946200577,244.85854294896512,245.061279296875,79070600
2018-06-14,245.925065019097,246.2070990473521,245.08770504774918,245.6782684326172,77097600
2018-06-15,244.89555787415404,245.7012550888403,243.78883538468264,245.36480712890625,120041600
2018-06-18,243.91280739262805,244.98413436209893,243.43472266632747,244.86016845703125,52917600
2018-06-19,242.5936397822496,244.14305171516543,242.17751092519677,243.9217071533203,97531500
2018-06-20,244.60332532160783,245.00175615612642,244.0012748770979,244.3377227783203,53785500
2018-06-21,244.32886601045814,244.34659086014588,242.3102055759744,242.80601501464844,71061400
2018-06-22,244.06330844702353,244.17841191285814,243.0274042741051,243.24874877929688,54898500
2018-06-25,242.09780964362213,242.25717122996454,238.25527161742454,239.93748474121094,137854200
2018-06-26,240.50405060894605,241.31858309478008,239.75147403733007,240.4686279296875,68547400
2018-06-27,241.05307733908927,242.47852327145034,238.32609735255744,238.47662353515625,105110700
2018-06-28,238.42347751836468,240.60150009170255,237.7151588224368,239.840087890625,76650500
2018-06-29,240.92912403034688,242.29261409496888,240.07030605075767,240.18540954589844,97592500
2018-07-02,238.61825096063558,240.85825638445402,238.379181590529,240.69886779785156,63554800
2018-07-03,241.59308793390554,241.69049356304407,239.42392806903175,239.84889221191406,42187100
2018-07-05,240.97334204813754,241.8675554544419,239.90201521447784,241.80557250976562,56925900
2018-07-06,241.8322449032129,244.22275013181675,241.45151169447968,243.8509063720703,66493700
2018-07-09,244.85134953327582,246.09973613516857,244.80709142765713,246.04661560058594,50550400
2018-07-10,246.4980277877187,247.029259852773,246.2058379931255,246.93185424804688,51966800
2018-07-11,245.38257597316954,246.17057558311728,244.8247833539211,245.1258087158203,77054700
2018-07-12,246.38300937889045,247.40118876018292,245.78095877320726,247.3480682373047,60124700
2018-07-13,247.1710182641425,247.84388725280266,246.71946678285556,247.54286193847656,48216000
2018-07-16,247.58714758902812,247.7287843093492,246.87882888944463,247.32151794433594,48201000
2018-07-17,246.55123480830568,248.71155948323252,246.4981142851185,248.32199096679688,52315500
2018-07-18,248.4016713127218,248.95060139774912,247.9589822738811,248.8443603515625,44593500
2018-07-19,248.18030302892774,248.5610090811737,247.4277263310422,247.9058380126953,61412100
2018-07-20,247.70219359511609,248.3308314298879,247.4631512619163,247.6225128173828,82337700
2018-07-23,247.41892844076798,248.28658171283647,247.07361800177213,248.0829620361328,47047600
2018-07-24,249.49073321709503,250.1724647113452,248.46369125173717,249.3313446044922,68026900
2018-07-25,249.08340399758183,251.77496093318197,249.03914590130603,251.45623779296875,78882900
2018-07-26,250.73909822087222,251.54476854513118,250.64169257599485,250.863037109375,57919500
2018-07-27,251.19067437905215,251.2880800439711,248.24237647642775,249.16317749023438,76768700
2018-07-30,249.24280576177932,249.40216734030946,247.3392211685941,247.8616180419922,63742500
2018-07-31,248.62298720311097,249.69428698825837,248.24228115824914,249.0833740234375,68570500
2018-08-01,249.28707288390544,249.79174492044822,248.0209885982045,248.66729736328125,53853300
2018-08-02,247.36580775888575,250.19013912469651,247.1621610627142,250.02194213867188,63426400
2018-08-03,250.14590056459343,251.14638224892715,249.96881411760404,251.09326171875,53935400
2018-08-06,251.12864477115582,252.3238835310707,250.73907626495154,252.01402282714844,39400900
2018-08-07,252.67805546939303,253.22698553901878,252.54522714579193,252.84625244140625,43196600
2018-08-08,252.6780800759013,253.13846698115805,252.27964910548545,252.7400360107422,42114600
2018-08-09,252.80198067225936,253.19154915600424,252.26191305864492,252.39471435546875,35717000
2018-08-10,250.96047208820502,251.5005398433731,249.995386032617,250.70370483398438,77076000
2018-08-13,250.97805424486992,251.58896710839204,249.4729011278703,249.7650909423828,65732900
2018-08-14,250.49118768395763,251.59791032549649,250.1016191525683,251.3588409423828,43842000
2018-08-15,250.0130743094144,250.15473804896044,248.0475338300558,249.48184204101562,102925400
2018-08-16,250.91613552227457,252.36816850268517,250.8807128345686,251.50048828125,69967900
2018-08-17,251.29680914557773,252.82852271080512,250.88954285813796,252.38583374023438,65618500
2018-08-20,252.83740589137912,253.19155169298872,252.38585445806106,252.9259490966797,39807500
2018-08-21,253.4395910293837,254.37809006079732,252.9614790825632,253.51927185058594,67272000
2018-08-22,253.11188513982498,253.8910221589118,252.84625550899398,253.36865234375,44993300
2018-08-23,253.1915881432276,254.0504060210551,252.7134763814482,253.0322265625,49204900
2018-08-24,253.60775351363543,254.69677851147446,253.55463297906772,254.55511474609375,57487400
2018-08-27,255.75029016014744,256.67109089621715,255.59092859609513,256.5648498535156,57072400
2018-08-28,257.0252637708789,257.1315318443619,256.2284288471343,256.6888427734375,46943500
2018-08-29,256.9012714179143,258.3001567022933,256.6622290964166,258.0699768066406,61485500
2018-08-30,257.5920458848607,257.9638897569855,256.43220210816895,257.025390625,61229500
2018-08-31,256.6180203252793,257.4768382804098,256.1310731115822,257.0341491699219,66140800
2018-09-04,256.61805196833916,256.9456376273583,255.59100986301283,256.59149169921875,57594400
2018-09-05,256.23725057590366,256.4408972432379,254.8914857411,255.9008026123047,72452400
2018-09-06,256.007069863912,256.3080951728007,254.1035123702836,255.13055419921875,65909900
2018-09-07,254.08580503411685,255.6086563759925,253.84673566570757,254.63473510742188,73524800
2018-09-10,255.64418863498094,255.90981840629573,254.88277606701726,255.0775604248047,50210900
2018-09-11,254.43108940663996,256.36120709749815,254.08580601257725,255.91851806640625,50530500
2018-09-12,255.9274550238903,256.58262633443366,255.19260290689724,255.98057556152344,59810800
2018-09-13,257.0429823679138,257.68045569530796,256.75965488471724,257.4945068359375,51034200
2018-09-14,257.69814941620206,257.8840712530081,256.75965078524433,257.5387878417969,55079900
2018-09-17,257.48566226721647,257.52105793665976,255.90082792279205,256.17529296875,68244000
2018-09-18,256.38770941207565,258.1584651362326,256.3611491569968,257.5652770996094,61930400
2018-09-19,257.61849919719697,258.2559725900537,257.4945332782199,257.83984375,49080600
2018-09-20,259.097029795445,260.2480103827484,257.8574789850048,259.92926025390625,100360600
2018-09-21,260.6701329824998,260.78575750232153,259.5317200165653,259.6918029785156,105479700
2018-09-24,259.1136810427981,259.25598604173615,258.25097564679436,258.8290710449219,53409600
2018-09-25,259.2826480794176,259.3893700355499,258.34880382135856,258.58892822265625,44370000
2018-09-26,258.7313131778317,259.9141847464246,257.3972340300499,257.81524658203125,79739700
2018-09-27,258.28670897641217,259.620788583103,258.01100136238296,258.5357360839844,59249500
2018-09-28,257.9130552985251,259.060370917637,257.877499398238,258.56231689453125,70091400
2018-10-01,259.79845403402607,260.52775685081343,258.7934709526273,259.46051025390625,62078900
2018-10-02,259.3094482421875,260.0209463727001,258.9359212233382,259.3094482421875,47258200
2018-10-03,260.3588240182784,260.7768364839188,259.0959112187038,259.45166015625,64694600
2018-10-04,258.97141213367536,259.02477312297555,255.840783146468,257.42388916015625,111545900
2018-10-05,257.6462100766158,258.1620419692603,254.56003983967008,255.98306274414062,105951700
2018-10-08,255.29821821295369,256.3388116847822,253.91968088975355,255.98306274414062,87742200
2018-10-09,255.60069795928243,256.90806953987845,255.04925574862452,255.6095733642578,74339000
2018-10-10,255.10254333298064,255.17370940377114,247.1425558886837,247.51608276367188,214731000
2018-10-11,246.43108606352877,248.04977526262698,240.4544104484742,242.06422424316406,274840500
2018-10-12,246.15534704015607,246.43995706680374,242.24205417042162,245.4260711669922,183186500
2018-10-15,245.07038096659127,246.3955849931058,243.95864810584297,244.04759216308594,102263700
2018-10-16,246.00416376411522,249.75737362844944,245.53279028754295,249.38381958007812,118255800
2018-10-17,249.41944218007552,250.05089871671996,246.85800584754992,249.4283447265625,110626000
2018-10-18,248.49446746711695,249.0903680882972,244.55449361278917,245.82630920410156,134557500
2018-10-19,246.47555038751653,248.405502838311,244.9991663473376,245.69288635253906,139901600
2018-10-22,246.35989612416452,246.68006202242142,244.05638988313672,244.59002685546875,82415800
2018-10-23,240.97913638494464,244.46551414384803,238.89794935655075,243.34487915039062,146352700
2018-10-24,243.09588794996847,243.47834459638236,235.42050879522853,235.971923828125,177806700
2018-10-25,237.8040571423669,241.7440310079275,236.78126856701027,240.20538330078125,138061500
2018-10-26,236.50550496185588,241.02357328618538,233.2770298773475,235.98074340820312,201574600
2018-10-29,239.06693924966632,240.35655977032127,231.10695105767994,234.67337036132812,160749100
2018-10-30,234.50441802808442,238.462169433922,234.01523944405503,238.15087890625,157116000
2018-10-31,240.71234277026565,243.0069741099624,240.24096922248452,240.69456481933594,128296300
2018-11-01,241.55722056865167,243.4516169152178,240.47216866386236,243.25595092773438,99495000
2018-11-02,244.35883203457692,244.78574713551563,239.76959648164814,241.81520080566406,122634100
2018-11-05,242.30433388342226,243.70067647437028,241.33490636095422,243.14926147460938,65622500
2018-11-06,243.08705810021485,244.8480255169667,243.0247945482107,244.6879425048828,60085900
2018-11-07,246.8580138331892,250.0064483555935,246.43109871665462,249.92640686035156,102752100
2018-11-08,249.12584379450843,250.11307614782092,248.3343045450747,249.47271728515625,65584900
2018-11-09,248.1654298904992,248.35219339245518,245.63067379630257,247.03591918945312,98812600
2018-11-12,246.5289890223831,246.76911355069015,241.9041694364947,242.42002868652344,99673600
2018-11-13,242.88245150278644,244.87466772001525,241.2459843040756,241.9663848876953,98176600
2018-11-14,243.83403319678155,244.23424055284536,238.7556474825517,240.31207275390625,125335900
2018-11-15,239.04921696143316,243.28270387403552,237.47501319005792,242.82020568847656,135101400
2018-11-16,241.72624899886281,244.35882418194376,241.21038987573397,243.45166015625,126668000
2018-11-19,242.84681357723707,243.14032612906826,238.41768908509545,239.33375549316406,103061700
2018-11-20,236.00743189304094,237.46603781258796,234.04189663297697,234.90460205078125,136021300
2018-11-21,236.45217444737756,237.599490110918,235.69621797932788,235.70509338378906,75563700
2018-11-23,234.06858058757408,235.52718652870087,233.9707611642056,234.13084411621094,42807900
2018-11-26,236.38105184264202,238.1331436585043,235.989719762009,237.91079711914062,79981400
2018-11-27,236.87912447802594,238.7112579345703,236.2743483576336,238.7112579345703,75502400
2018-11-28,239.77854582827692,244.20767211914062,238.64900788509266,244.20767211914062,127629600
2018-11-29,243.43376815232799,245.07023468954867,242.29535546809186,243.67391967773438,82346400
2018-11-30,243.5226828297759,245.71946647252702,243.2025170236564,245.15914916992188,98204200
2018-12-03,249.27709506993918,249.38381704212895,246.81350573887352,248.40548706054688,103176300
2018-12-04,247.57833023485793,248.00524520620561,240.0452311362065,240.3565216064453,177986000
2018-12-06,236.50558006374058,240.1075831618919,233.41050644990975,239.99195861816406,204185400
2018-12-07,239.65395115076464,241.2192792431404,233.57945653094646,234.4154815673828,161018900
2018-12-10,234.23755696114154,235.8295653002673,230.01297399347905,234.86013793945312,151445900
2018-12-11,238.05307539835013,238.2398388706836,233.44606213473483,234.91354370117188,121504400
2018-12-12,237.88406423876316,239.24482367435746,236.01634829099115,236.0963897705078,97976700
2018-12-13,237.03916121383372,237.90186677142725,234.90464011376045,236.01637268066406,96662700
2018-12-14,233.87296422091924,234.82461387404103,231.10698644297347,231.6584014892578,116961100
2018-12-17,230.7067150296598,231.81844749138895,225.48602373208445,227.1136016845703,165492300
2018-12-18,228.75008575990108,229.41712524737136,225.26368076295105,226.8645782470703,134515100
2018-12-19,226.9446507542669,230.70675017805107,221.7684306807493,223.46714782714844,214992800
2018-12-20,222.22196381691975,223.7872781315787,217.58825725874033,219.8295135498047,252053400
2018-12-21,220.72858607171847,223.38548870397216,214.68121894770843,215.3253173828125,255345600
2018-12-24,213.84037176907972,215.45061830766886,209.57323550457585,209.63584899902344,147311600
2018-12-26,211.0940084996387,220.2276611328125,209.11698102314602,220.2276611328125,218485400
2018-12-27,216.99816281225299,222.1151451578412,213.76873016788505,221.91835021972656,186267300
2018-12-28,223.26923912477056,224.89736734289866,220.46919984471873,221.6321563720703,153100200
2018-12-31,223.2513302461389,223.81491988199966,221.38166176077164,223.57337951660156,144299400
2019-01-02,220.04869177649815,224.72735303150918,220.02185547983245,223.80592346191406,126925200
2019-01-03,222.06151737501295,222.36568485027112,217.9822360854176,218.46531677246094,144140700
2019-01-04,221.4890038398222,226.42708803378295,221.1132819712888,225.78298950195312,142628800
2019-01-07,226.05131446565957,228.9676389593125,225.1567348927377,227.5631561279297,103139100
2019-01-08,229.74597827796512,230.18431361996602,227.22325682723428,229.70123291015625,102512600
2019-01-09,230.40792306192012,231.61561100018852,229.18235335952744,230.7747039794922,95006600
2019-01-10,229.24496630174812,231.83924156023605,228.56507710144314,231.58876037597656,96823900
2019-01-11,230.51525285614454,231.70505895084622,229.9337816062925,231.67822265625,73858100
2019-01-14,229.7817660410097,231.06996320273115,229.3792214907282,230.2648468017578,70908200
2019-01-15,230.64052325623595,233.21691691957597,230.63156872394273,232.90380859375,85208300
2019-01-16,233.3331831885252,234.35301702855713,233.12744735442945,233.46739196777344,77636700
2019-01-17,232.59971433247924,236.09752480395065,232.5549689599642,235.23870849609375,96118400
2019-01-18,237.04572950918973,238.83488883956215,235.27445194397527,238.36968994140625,127900300
2019-01-22,236.9026116326025,237.11730203256215,233.53898309773086,235.1492156982422,115531200
2019-01-23,236.17800390992494,236.87577500924823,233.18115634601335,235.64125061035156,86030300
2019-01-24,235.46235613492826,236.34800875620095,234.4514765300922,235.76651000976562,59204100
2019-01-25,237.60932299896712,238.58443898655247,235.86490880279874,237.76141357421875,96883400
2019-01-28,235.62341653832786,236.01700658391746,234.19208321653988,235.95440673828125,85613700
2019-01-29,236.09749501004995,236.66105730917477,234.80929801123665,235.64125061035156,66136300
2019-01-30,237.15307247227437,240.21251961023302,236.39267430393105,239.37161254882812,92473700
2019-01-31,239.30905486704737,241.957003473344,239.09433714733026,241.4739227294922,104012100
2019-02-01,241.6706425446382,242.60996738464075,240.80289935169841,241.5901336669922,85782500
2019-02-04,241.63495404193895,243.3525593935762,240.96401914371378,243.28993225097656,60744800
2019-02-05,243.7193579066822,244.61393783518994,243.2183953307509,244.30978393554688,79552800
2019-02-06,244.03240100434138,244.52440891312497,243.25412104298292,243.98765563964844,58347800
2019-02-07,242.37747243464892,242.9231530517658,240.0068412365628,241.6618194580078,95482000
2019-02-08,240.4183678624528,242.0554372016688,239.5953422747042,241.95704650878906,75788900
2019-02-11,242.61004281578042,242.86945129093857,241.56337248015748,242.09117126464844,68021400
2019-02-12,243.7014429213756,245.58003867487145,243.62986124861985,245.20433044433594,72270200
2019-02-13,246.03621807301033,246.84133422602136,245.61576458304654,246.00042724609375,65277200
2019-02-14,244.91805014076567,246.58198272142158,244.10397926802654,245.45480346679688,83234400
2019-02-15,247.22602816170678,248.16535320937362,247.02029230681626,248.1295623779297,97088700
2019-02-19,247.33345094888386,249.212046825401,247.3244964141007,248.55902099609375,59120800
2019-02-20,248.52318324557527,249.51618090468128,248.0222207996787,249.0599365234375,76610800
2019-02-21,248.42476708591184,248.78259346762562,247.2170791597752,248.17428588867188,64214700
2019-02-22,248.7915845167354,249.90980930917786,248.15644047874292,249.71302795410156,78114600
2019-02-25,251.13545523938183,251.6542996313544,249.9724848498191,250.05299377441406,69030700
2019-02-26,249.70403585179915,250.75067881182883,249.4982726927991,249.87400817871094,56844100
2019-02-27,249.15832765471785,250.1155344836595,248.22798442510532,249.76666259765625,56921600
2019-02-28,249.55194912316048,249.99031174685732,248.97943230298569,249.3014678955078,69268300
2019-03-01,250.87591399104352,251.26953121285604,249.42669935637187,250.8580322265625,78880500
2019-03-04,251.91364285291863,252.155169537898,247.6554348483589,249.945556640625,106494600
2019-03-05,250.0708202602486,250.26762888884477,249.05994081793222,249.60562133789062,59114600
2019-03-06,249.721906793157,249.73086132589236,247.7717296851715,248.09376525878906,75039800
2019-03-07,247.64647052496792,247.78960654387646,245.17744927490716,246.0183563232422,94885100
2019-03-08,244.16655500631896,245.69627845814716,243.7013834485637,245.52630615234375,85795800
2019-03-11,246.24203489111082,249.24780979781647,246.21519859017263,249.0867919921875,65098900
2019-03-12,249.6413993075936,250.54493350601277,249.45354522192397,250.02606201171875,79667500
2019-03-13,250.91175053091055,252.61144667998187,250.7507054196275,251.6810760498047,80639200
2019-03-14,251.70788888521233,252.12834244134714,251.08169946783266,251.52003479003906,67518400
2019-03-15,252.07078381646642,253.57129671409749,251.88207489205763,252.76263427734375,81309000
2019-03-18,252.97830890078654,253.97568041420575,252.75367888847163,253.6791534423828,62199800
2019-03-19,254.73943697849396,255.5031571109372,252.85253932396947,253.7420654296875,90268100
2019-03-20,253.52641347579527,254.7304270184905,251.87313992072177,252.97830200195312,84609200
2019-03-21,252.1607336052429,256.2399957566535,252.1157911407943,255.83567810058594,79550400
2019-03-22,254.4788227052167,254.99995221393374,250.84879440990014,250.9116973876953,122659300
2019-03-25,250.5703534964687,251.75640688205587,249.4651910686538,250.72311401367188,85575200
2019-03-26,252.4751069668256,253.54434787976425,251.190230044774,252.5919189453125,68125900
2019-03-27,252.58299573112288,253.16705578717867,249.7257081273142,251.2711639404297,72224700
2019-03-28,251.90017865734248,252.67289297510604,250.75007373789757,252.2236328125,56238500
2019-03-29,253.73313183400046,254.1374494706387,252.60998158668255,253.81399536132812,82186800
2019-04-01,255.808730776996,257.12056268797323,255.5391582447158,256.82403564453125,77617900
2019-04-02,257.01270157304134,257.1834225886773,256.1590964948618,256.9497985839844,40070400
2019-04-03,258.1627579277011,258.5581088983009,256.7520750289998,257.3540954589844,68243200
2019-04-04,257.67758476056383,258.2885718276397,256.9857341776094,258.0369873046875,48997500
2019-04-05,258.7018866821242,259.3398281950125,258.41435370537175,259.2859191894531,58621700
2019-04-08,258.86372236842993,259.5915216696614,258.2077926312301,259.48370361328125,53566300
2019-04-09,258.522144004195,258.84559800287843,257.6056635872743,258.15374755859375,66142300
2019-04-10,258.56711479989013,259.1242202855344,258.1538032388763,259.03436279296875,52601500
2019-04-11,259.5195414386195,259.528535413988,258.3963913438245,258.96246337890625,55093100
2019-04-12,260.5708636013834,260.99316920128797,259.0074471943866,260.7146301269531,69727800
2019-04-15,260.78647484201645,260.8853263154702,259.74418819639936,260.54388427734375,49596700
2019-04-16,261.42446877799716,261.4783777975032,260.12160349172586,260.7146301269531,52153200
2019-04-17,261.8287579409137,261.8557124477344,259.6633211574548,260.07666015625,58268300
2019-04-18,260.66070312049783,260.858378651933,259.36683190031505,260.58880615234375,68708500
2019-04-22,259.8250653691345,260.9661760070736,259.7352078763909,260.81341552734375,40160100
2019-04-23,261.1818141622424,263.3921933348262,260.94821758401093,263.1585693359375,52246600
2019-04-24,263.07775411194496,263.41020222021825,262.4308184291265,262.5745849609375,50392900
2019-04-25,262.475714273737,263.06874089132936,261.2267854647723,262.4128112792969,57770900
2019-04-26,262.45779772184494,263.7067267400949,261.6850559679797,263.6348571777344,50916400
2019-04-29,263.7247025915081,264.56931386896713,263.6348450771833,264.04815673828125,57197700
2019-04-30,263.7067077125926,264.4704554333061,262.29605171531756,264.18292236328125,81111700
2019-05-01,264.8118402899683,265.0185097807534,262.1881495792361,262.1971435546875,71671900
2019-05-02,262.08036361263817,262.99687175976754,260.13955670306206,261.631103515625,65030200
2019-05-03,263.1047231539981,264.4704641506386,261.7389547366939,264.1919250488281,56543700
2019-05-06,259.89692165063803,263.54491082051743,259.58243415240935,263.1046447753906,107198100
2019-05-07,260.70559211160116,261.29861864665406,256.80601830897126,258.71087646484375,144729900
2019-05-08,258.35150146484375,260.0586842910349,257.75847486656824,258.35150146484375,91568300
2019-05-09,256.2849164466201,258.1717868559465,254.5507516890629,257.5697937011719,103471100
2019-05-10,256.6352774765789,259.61837045130414,253.65218450185358,258.8636169433594,112429300
2019-05-13,253.76011533329586,254.7215112151304,251.52278113899095,252.3583984375,127290500
2019-05-14,253.37373856438703,256.16815104372284,253.24795997718948,254.64065551757812,77003200
2019-05-15,253.01433551780383,256.7701439026409,252.8076659712132,256.1322021484375,73956400
2019-05-16,256.83298031022184,259.8609886388919,256.76111076781007,258.5042419433594,76749600
2019-05-17,256.2040601319123,259.3129323114473,256.1860721788903,256.8330078125,100353000
2019-05-20,255.2336049280397,256.94078755040437,254.3889938816998,255.13478088378906,62877600
2019-05-21,256.82398306292055,257.8123606375981,256.57239853669876,257.43499755859375,46847100
2019-05-22,256.48256008080267,257.59671617184193,256.1680725781415,256.644287109375,49482500
2019-05-23,254.42494923843603,254.46986427419012,252.09778552084444,253.5084686279297,98733800
2019-05-24,254.94609827649518,255.35943728786714,253.46354551492902,254.08352661132812,55268100
2019-05-28,254.36203379085782,255.31446283570273,251.70242216113928,251.7203826904297,70029400
2019-05-29,250.6062091335086,251.0105266692466,248.62945422327786,250.03114318847656,104972900
2019-05-30,250.78591983240716,251.62156432473273,249.61785472710497,250.71405029296875,62523800
2019-05-31,248.1712769051262,248.99790008924552,247.30867781649005,247.33563232421875,86862800
2019-06-03,247.37153052407598,248.48568651126263,245.3768150956478,246.70663452148438,96428000
2019-06-04,248.99793224452503,252.19666220448534,248.5486721105906,252.0618896484375,77231900
2019-06-05,253.6791519839394,254.27217850352002,251.8731453413565,254.24522399902344,71169700
2019-06-06,254.54173673171888,256.57237327174454,253.89480123933046,255.8984832763672,69430400
2019-06-07,256.91392495739035,259.537616524781,256.7432038920122,258.4593811035156,74272200
2019-06-10,260.0047272218072,261.3075921861058,259.5554672231737,259.64532470703125,60799100
2019-06-11,261.46036226590786,261.8287588074491,258.93552290959707,259.58245849609375,58641300
2019-06-12,259.3488670961745,259.9059451972257,258.61207399835774,259.1242370605469,47096300
2019-06-13,260.03178488018204,260.55294204090757,259.33094010111313,260.1935119628906,48945200
2019-06-14,259.90594482421875,260.50793796326803,259.1421972200491,259.90594482421875,52324700
2019-06-17,260.13950274162505,260.7684777152376,259.83400922950466,260.0047302246094,39205700
2019-06-18,261.81977777473696,263.7785449569694,261.4603478082686,262.7272644042969,85434800
2019-06-19,262.8620279852303,263.85040551806713,261.8916384024987,263.3202819824219,78674400
2019-06-20,265.9978445130148,266.24043501972335,263.3831482581043,265.8360900878906,116570000
2019-06-21,265.56702609854386,266.82202880424734,265.2329612248102,265.44964599609375,83309500
2019-06-24,265.6573661634113,265.9733556577188,264.97116086464666,265.1246643066406,47582700
2019-06-25,265.17891396740316,265.2059995764725,262.41607162622273,262.5244140625,82028700
2019-06-26,263.41824118962137,263.92385754593755,262.1542002988309,262.2625427246094,51584900
2019-06-27,263.02095353294095,263.69812121274236,262.6417550625053,263.1925048828125,40355200
2019-06-28,264.167557504222,265.04336195090093,263.65293111911507,264.5467834472656,59350900
2019-07-01,267.8694855427903,268.0861979498704,265.7476878432094,266.94854736328125,78705600
2019-07-02,266.9034220756254,267.6979700486466,266.06374060351243,267.643798828125,61504500
2019-07-03,268.32095238664516,269.80170581299336,268.1764866215848,269.78363037109375,40898900
2019-07-05,268.5556853748782,269.63916472557844,267.2645588956779,269.47662353515625,51677300
2019-07-08,268.1674009349462,269.2960135747465,267.454110031467,267.995849609375,45841800
2019-07-09,266.8401623023329,268.6278671624564,266.7859910977244,268.3299255371094,41101300
2019-07-10,269.3953147050236,270.56005064904815,268.8626128525521,269.61199951171875,58448500
2019-07-11,270.253117309667,270.4878500388574,269.24188463431943,270.24407958984375,50826100
2019-07-12,270.73161735765416,271.52616509938144,270.4246380127178,271.45391845703125,40326000
2019-07-15,271.8873226456437,271.8873226456437,271.03860367732375,271.5442199707031,33900000
2019-07-16,271.45396719521267,271.66164188673037,270.3614776311971,270.66845703125,36650100
2019-07-17,270.641387055438,270.8039007082595,268.8265686035156,268.8265686035156,36036300
2019-07-18,268.3299433311183,270.18989495674094,267.8875359461371,269.8106689453125,51392600
2019-07-19,270.90314927048956,270.93023487092404,268.14030781010166,268.3118591308594,58678600
2019-07-22,268.70916240503885,269.51274797837686,268.1945358876464,268.97100830078125,43638100
2019-07-23,270.090607031503,270.8941650390625,269.259935864137,270.8941650390625,44564500
2019-07-24,270.13573328679485,272.167236328125,270.04543875193104,272.167236328125,47213200
2019-07-25,271.7157538258222,271.76992502848304,270.0634494826073,270.8670349121094,55394100
2019-07-26,271.55321120558057,272.8804606370098,271.4267933768651,272.68182373046875,45084100
2019-07-29,272.5645287849981,272.68190893290586,271.6345528760698,272.185302734375,38126500
2019-07-30,270.7857815620586,271.92343194048675,270.40655558457587,271.5171203613281,45849000
2019-07-31,271.7609178303265,271.9505446149553,266.5332033083149,268.546630859375,104245200
2019-08-01,268.70017713336995,271.6526186964665,265.4136429910856,266.20819091796875,142646600
2019-08-02,265.31430025667504,265.55807069993347,262.6507630499362,264.2037353515625,116749700
2019-08-05,260.113601003053,260.2219434044942,254.36219557639544,256.2582702636719,178745400
2019-08-06,258.1453886890081,260.0685495834864,256.67367297899784,259.8518371582031,120711700
2019-08-07,256.7819550684586,260.77274168505596,254.65114752446226,260.0052795410156,140572300
2019-08-08,261.49509755220527,265.1066589355469,260.9443476671785,265.1066589355469,87713900
2019-08-09,264.1675479475779,264.7634586627928,261.5220868217728,263.30078125,93730000
2019-08-12,261.80209060429195,263.29185424173795,259.1475906449031,260.09564208984375,65527600
2019-08-13,259.79760350315723,265.58513268360247,259.4545008367751,264.1405029296875,94299800
2019-08-14,260.09563131231886,260.7005524202266,256.20417608457865,256.33056640625,135622100
2019-08-15,257.21539563778583,257.9016010899172,254.9672075856533,257.0077209472656,99556600
2019-08-16,258.6599596100818,261.23317429061143,257.06182653655287,260.7998046875,83018300
2019-08-19,263.81544321847423,264.6190010266753,263.1382756878927,263.94183349609375,53571800
2019-08-20,263.43631331987183,263.96901533165703,261.79307378762985,261.9194641113281,51596400
2019-08-21,264.07728701486997,264.420362082352,263.3910817718715,264.0502014160156,49524700
2019-08-22,264.7545624531943,265.3865692020705,262.19936718570995,263.9690246582031,51666400
2019-08-23,262.66878155669343,264.33009591746213,255.9422397627942,257.188232421875,149161500
2019-08-26,259.37328982123614,260.03240966796875,257.84740299073746,260.03240966796875,72423800
2019-08-27,261.42281371111113,261.7930019677156,258.2536605647307,259.0120849609375,66668900
2019-08-28,258.35305014787957,260.9985121802663,257.5494645347921,260.83599853515625,59696700
2019-08-29,263.3911301931494,264.69129428520955,262.3889077432596,264.1676025390625,57899400
2019-08-30,265.6483068564536,265.66635473768406,263.1202257833285,264.0502014160156,62901200
2019-09-03,262.3528717175835,263.2647722903244,261.1790976581127,262.50634765625,69101400
2019-09-04,264.6732441815311,265.50388772814705,263.9238298917129,265.48583984375,46887300
2019-09-05,267.9687061284598,269.8105817198851,265.4496355454051,268.898681640625,83258100
2019-09-06,269.21478476498777,269.7474866798832,268.53761711069353,269.1064147949219,49584300
2019-09-09,270.09069320094045,270.18096021299755,268.3029599868757,269.2419738769531,51260300
2019-09-10,268.4834981554338,269.24195040123317,267.22849472451674,269.1787414550781,57947100
2019-09-11,269.4856603743414,271.1740607730114,268.83557827685104,271.0928039550781,68821100
2019-09-12,271.9956759928493,273.08816543274827,271.23725152228974,272.03179931640625,72908700
2019-09-13,272.4741315317824,272.8262718427624,271.48094706313816,271.85113525390625,62104800
2019-09-16,270.7225736719622,271.8963473751053,270.3704608488334,271.0115051269531,58191200
2019-09-17,270.8128810983628,271.78799036288956,270.6413297609149,271.6977233886719,41475500
2019-09-18,271.30948262871954,271.9686024312111,269.27797956454594,271.8602600097656,73375800
2019-09-19,272.24853581465317,273.2417207457767,271.5081590883585,271.84222412109375,76560500
2019-09-20,272.44450325727587,272.7257172981861,269.7686931121249,270.5578308105469,89565000
2019-09-23,269.89569132762455,271.21093939721106,269.64171563544,270.4943542480469,43476800
2019-09-24,271.5827953011382,271.9728243964235,267.41031441968806,268.3717956542969,94869400
2019-09-25,268.4534446997761,270.4036179808236,266.97493260928337,269.95916748046875,71854000
2019-09-26,269.9682722975083,270.1768783815456,267.99088814051237,269.3968200683594,56179700
2019-09-27,270.1496445739282,270.258515016911,266.394430888546,267.94549560546875,84746600
2019-09-30,268.4625040639401,269.8956464426555,268.41716214409126,269.1881408691406,51662400
2019-10-01,270.06794415591315,270.72102824217234,265.76849006877796,265.9861755371094,88242400
2019-10-02,264.4079159140389,264.4169953695027,259.9996188362365,261.2876281738281,122539500
2019-10-03,261.06090402575535,263.45555541593865,258.34880381994094,263.4283447265625,85278800
2019-10-04,264.08147851019316,267.2471092538503,264.02702943995206,266.9931335449219,65091200
2019-10-07,266.19486160761295,267.81850652842235,265.5599086250279,265.8410949707031,59610500
2019-10-08,263.9907492254181,264.7254656083408,261.677729624761,261.7140197753906,95708100
2019-10-09,263.72755776070306,265.13348895657083,263.1016844718949,264.19921875,62359400
2019-10-10,264.1176347838915,266.86602454663546,263.954370682643,265.9861755371094,55296300
2019-10-11,268.73451185546395,270.9749499590257,268.61661737107397,268.74359130859375,98720400
2019-10-14,268.42620754255415,269.0974506367518,268.0996792923519,268.4443664550781,40394800
2019-10-15,269.4874550292948,271.8458158960156,269.36953283376874,271.1020202636719,46754500
2019-10-16,270.63938477659065,271.35596965464424,270.2312245406846,270.6665954589844,48928200
2019-10-17,271.82763155922663,272.3355827530061,270.77543903460804,271.4648132324219,45736600
2019-10-18,270.92972608659727,271.5737308704061,269.4240033178338,270.2766418457031,64304000
2019-10-21,271.59188362078226,272.3084410011963,271.15648490964367,272.10888671875,39048600
2019-10-22,272.6440336093649,272.93429940069217,271.12925918317654,271.219970703125,48594700
2019-10-23,270.9659810160959,272.0635156111766,270.7573472991516,272.00909423828125,34352200
2019-10-24,272.9434028694703,273.08853577790205,271.62815491768134,272.4535827636719,35453100
2019-10-25,271.8820987429654,274.1134858073228,271.82767736883653,273.5692443847656,45205400
2019-10-28,274.78461687497287,275.6100443709534,274.75740619625964,275.11114501953125,42147000
2019-10-29,274.8390662452186,275.9547595486964,274.7120646107723,275.029541015625,44284900
2019-10-30,275.229106138278,276.24500852902196,273.9229380126746,275.8731384277344,49643900
2019-10-31,275.8640309626855,275.8640309626855,273.6870935348078,275.13836669921875,69053800
2019-11-01,276.58073316174546,277.73268933726877,276.41744133237114,277.6873474121094,71141500
2019-11-04,279.23831607348995,279.3743694834143,278.43101970583336,278.80291748046875,60606900
2019-11-05,279.0025497152499,279.30189498204095,278.2043325788355,278.4945983886719,42933200
2019-11-06,278.494543609944,278.83015127599856,277.61469457781413,278.55804443359375,46487100
2019-11-07,279.89148638265715,280.8710989172841,279.06605853304166,279.5377197265625,54272300
2019-11-08,279.1930501544801,280.2815332005841,278.49462393668216,280.22711181640625,49032100
2019-11-11,278.84827471069235,279.86417703477946,278.7121936255367,279.69183349609375,35797300
2019-11-12,280.05472917772806,281.17947453569053,279.5104877305214,280.281494140625,46484600
2019-11-13,279.29278899604503,280.77130091310977,279.0660240438884,280.3721923828125,53917700
2019-11-14,280.09104877139123,280.8620552625586,279.4560957360127,280.7803955078125,51219900
2019-11-15,282.1136801480739,282.85747569869864,281.42433364278145,282.8121337890625,62023600
2019-11-18,282.576240627735,283.2565352423828,282.12271088463643,283.02069091796875,49228000
2019-11-19,283.619442778009,283.62852223373176,282.2951432620522,282.93914794921875,67804700
2019-11-20,282.34957224467774,282.86660297199927,280.3358983899287,281.886962890625,79406200
2019-11-21,281.9958415043259,282.10468425402297,280.6352517705745,281.4334411621094,54664700
2019-11-22,282.1772789129553,282.31333237035267,281.0525334234393,282.0593566894531,44850200
2019-11-25,282.98456243967775,284.245361328125,282.98456243967775,284.245361328125,48647200
2019-11-26,284.28162866852205,285.0707663027961,283.96415218727157,284.88934326171875,37569000
2019-11-27,285.36998413020297,286.1591491699219,285.1522987020101,286.1591491699219,44444600
2019-11-29,285.59689438156045,285.84181829420453,284.87125746405906,285.0980224609375,36592700
2019-12-02,285.3519882399865,285.41548908041284,282.24985869193915,282.6761779785156,75767800
2019-12-03,279.9640470918064,280.8620552625586,278.58532593769104,280.7803955078125,73941700
2019-12-04,281.82350125041523,283.11151071206064,281.4788140847929,282.5128479003906,49080000
2019-12-05,283.2111933405764,283.22932456504725,281.71452304334423,283.02069091796875,40709000
2019-12-06,284.9256316357635,286.0050350565463,284.9165521793852,285.6059265136719,48927000
2019-12-09,285.21589807283027,285.88711349587976,284.63536648869166,284.70794677734375,34838500
2019-12-10,284.6534969724014,285.3156328729228,283.73735776823526,284.39044189453125,52649800
2019-12-11,284.84398729797243,285.4517295424743,284.30882533883084,285.19775390625,53429100
2019-12-12,285.206841471859,288.43597254390977,284.971024718016,287.6559143066406,96389600
2019-12-13,287.4200895270887,289.05281408902283,286.64908301294815,287.8282775878906,81503900
2019-12-16,289.5515664116201,290.39512519551226,287.76465789365096,289.8055419921875,82749700
2019-12-17,290.1865865771561,290.4859041346796,289.78747804627915,289.8691101074219,61097700
2019-12-18,290.2591048310666,290.4858697567159,289.8327856635954,289.88720703125,48133000
2019-12-19,290.07778994241556,291.1481418282076,289.82381423827144,291.0755615234375,85310500
2019-12-20,292.10549549710834,293.4818986755226,291.13019089245233,292.35162353515625,147142100
2019-12-23,293.13553655427705,293.1902254958816,292.6524323585263,292.79827880859375,52990000
2019-12-24,293.0261593313642,293.0717241770153,292.5065865675843,292.8074035644531,20270000
2019-12-26,293.1901906102919,294.3751824445798,293.1810943326841,294.3660583496094,30911200
2019-12-27,295.0952016079266,295.1498905317027,293.7643914337797,294.2930603027344,42528800
2019-12-30,294.3752190438764,294.5119413986182,292.1875500985432,292.670654296875,49729100
2019-12-31,292.16931374555315,293.62775035689424,291.82293192090606,293.3816223144531,57077300
2020-01-02,294.9129966046256,296.1435533670269,293.9923531023892,296.12530517578125,59151200
2020-01-03,292.74353546966336,295.00411329960116,292.68884653822107,293.8829345703125,77709700
2020-01-06,292.1328118215423,295.08615327203825,292.0143098616565,295.0041198730469,55653900
2020-01-07,294.43897268463854,294.9129805533922,293.7279886988713,294.1746520996094,40496400
2020-01-08,294.3660286722624,296.9547400028766,294.1199284891358,295.742431640625,68296000
2020-01-09,297.3011366636997,297.820709338136,296.71775096243204,297.7477722167969,48473300
2020-01-10,298.33117684890317,298.4861195611985,296.42610473911026,296.8909606933594,53029300
2020-01-13,297.51086261756024,298.94192708972656,297.0824473403548,298.9328308105469,47086800
2020-01-14,298.49524063629786,299.54348231822837,297.9209789989077,298.4770202636719,62832800
2020-01-15,298.3859077842946,299.9081297404282,298.30387436905687,299.1515808105469,72056600
2020-01-16,300.52795985830204,301.6400146484375,300.30008000636747,301.6400146484375,54050300
2020-01-17,302.35097758583424,302.7884890679203,301.5761805798231,302.578857421875,95846000
2020-01-21,301.62166501284787,302.788408349648,301.5487557243908,301.98626708984375,77742400
2020-01-22,302.84318902456715,303.49038781097767,301.8678844320141,302.0228271484375,48914900
2020-01-23,301.37567931823935,302.77942705597485,300.2636244798141,302.3692321777344,51963000
2020-01-24,303.0254945486543,303.1075279519649,298.39496067890184,299.6802062988281,87578400
2020-01-27,294.44811064824233,296.35318285602233,294.1108529210448,294.87652587890625,84062500
2020-01-28,296.2985479035743,298.8416952816207,294.9677371260553,297.9666442871094,63834000
2020-01-29,299.32471133178075,299.55259115613137,297.5198931086739,297.7204284667969,53888900
2020-01-30,295.66042488337473,298.89633550564963,294.9130001022843,298.6866760253906,75491800
2020-01-31,298.0668193889295,298.22178991387807,292.3516032332454,293.26312255859375,113845600
2020-02-03,294.73976005288546,297.30112696346464,294.6212580975968,295.4416198730469,69083000
2020-02-04,299.0421847479902,300.8105346597248,298.7231473854342,299.944580078125,62573200
2020-02-05,302.870532103236,303.6179846653886,301.41212336008243,303.4083251953125,65951100
2020-02-06,304.3654777307045,304.62070207645655,303.35367662683126,304.4292907714844,50359700
2020-02-07,303.3718085617881,304.4382703838826,302.25975409202255,302.8066711425781,64139400
2020-02-10,301.92253597033135,305.13107376686384,301.88606741089336,305.0672607421875,42070000
2020-02-11,306.41630901268127,307.20020220152,305.06725053223005,305.595947265625,54864500
2020-02-12,307.02705945948134,307.77451202465284,306.66245727222037,307.56488037109375,43992700
2020-02-13,306.1428904532812,308.20293318619815,305.8694457619048,307.2367248535156,54501900
2020-02-14,307.646848447526,307.84738378054004,306.4527605428289,307.7288818359375,64582200
2020-02-18,306.7353777212436,307.79274347896046,305.550385905375,306.9359130859375,57226200
2020-02-19,307.9021788213364,309.07801894449966,307.61961000252654,308.40350341796875,48814700
2020-02-20,307.8566160889996,308.67700597033553,304.1558487950499,307.13653564453125,74163400
2020-02-21,305.7874255135602,306.0973387829116,303.1531209980254,303.9735107421875,113788200
2020-02-24,294.5484154937722,304.04643281297626,292.81650624331786,293.8921203613281,161088400
2020-02-25,295.27757219253857,295.8882745622072,284.1114604678439,284.98651123046875,218913200
2020-02-26,286.3811587759355,289.9634233462724,283.2090890630601,283.93829345703125,194773800
2020-02-27,278.43268874388383,283.9929622601153,271.1861267089844,271.1861267089844,284353500
2020-02-28,263.155727800716,271.53259540965934,260.2753224373834,270.04681396484375,384975800
2020-03-02,271.8241810091955,281.80532914475464,268.40598340350584,281.74151611328125,238703600
2020-03-03,282.1152700822015,286.07126116142535,271.24084970802795,273.6745910644531,300139100
2020-03-04,279.03425638312916,285.3966704893052,276.4911099959197,285.1778869628906,176613400
2020-03-05,277.9951665598652,281.1763600202487,273.4649145191371,275.6981201171875,186366800
2020-03-06,267.21185726562237,272.343714991951,264.5502366862195,271.1405029296875,228667200
2020-03-09,250.94132346367905,259.04474569545937,249.25503453343848,249.9660186767578,309417300
2020-03-10,259.4549393740364,262.9916118792991,249.3005981834413,262.9004821777344,276444100
2020-03-11,255.86345261585788,256.99372753135424,246.91232732401264,250.0843963623047,255316300
2020-03-12,233.3489613279396,243.06576125881952,225.76511340861424,226.15707397460938,392220700
2020-03-13,239.81161165387473,247.45927200830852,226.5307825549705,245.49038696289062,329566100
2020-03-16,219.84023822786799,234.16932404862888,216.35824141554718,218.6279296875,297240000
2020-03-17,223.35868442017195,233.50391264622428,216.0938883539165,230.4320831298828,262070500
2020-03-18,215.34646582603455,226.39407689191867,207.84466479454713,218.76466369628906,327597100
2020-03-19,218.0810284637233,225.4916860447425,211.67304784141282,219.2295379638672,289322000
2020-03-20,222.37076338943308,224.149511692918,209.50694631687315,209.78201293945312,347158800
2020-03-23,209.22266488933178,210.5888059303928,200.11804724519777,204.418212890625,326025200
2020-03-24,214.93484144271505,223.81024024329707,214.3663807599711,222.93919372558594,235494500
2020-03-25,224.5162352253458,235.04201992086357,219.82181757105965,226.27664184570312,299430300
2020-03-26,228.77973377835932,240.95587614121874,228.34879937507776,239.4888916015625,257632800
2020-03-27,232.2180034986201,239.1312666476789,230.18253051508594,232.35552978515625,224341200
2020-03-30,234.44607454125364,240.6166693743866,232.45644779685475,239.90150451660156,171369500
2020-03-31,238.90209724302795,241.44184313996882,234.92284395447982,236.32566833496094,194881100
2020-04-01,227.36772539626958,236.24312431481496,223.62685616519354,225.68983459472656,189554600
2020-04-02,224.80967193777292,231.67708998353663,224.2595386780604,230.8977508544922,177660400
2020-04-03,229.9166755402143,232.2638985790031,224.83716977069236,227.560302734375,135561200
2020-04-06,236.4082416014589,244.80686241118147,227.5420172147122,242.8447265625,188061200
2020-04-07,251.41741309911097,252.16926068527442,242.87212105327694,243.0921630859375,201427200
2020-04-08,245.68706668856387,253.05878701452156,243.20233063623857,251.25253295898438,153774500
2020-04-09,254.50737795290667,257.8265049685233,252.5727758010134,255.07586669921875,189999200
2020-04-13,254.10393966346695,254.443180523553,248.8502112627236,252.7469482421875,114839100
2020-04-14,257.6248038351175,261.2189556921162,252.60947200950213,260.20123291015625,134143400
2020-04-15,254.49810825811133,260.3386229540814,252.56347903693742,254.6723175048828,121775000
2020-04-16,255.94678796153286,256.75364602376106,252.83858245014113,255.9009552001953,131798300
2020-04-17,261.65899326176117,263.4193856745287,258.9266831445482,262.81427001953125,146684800
2020-04-20,259.1192277447229,262.95180422099605,257.9639789331066,258.18402099609375,100109300
2020-04-21,253.7280752057677,254.92918511748837,249.40955259580767,250.34478759765625,126385700
2020-04-22,255.2132958945593,257.6430198449541,253.8929877892639,255.9009552001953,92951600
2020-04-23,257.1754630685727,260.3387078110824,255.5801020580558,255.88265991210938,104709700
2020-04-24,257.39554010912246,260.1186727932332,255.35088916404356,259.4493408203125,85063200
2020-04-27,261.420615255831,264.3087793852271,260.96217561684955,263.190185546875,77896600
2020-04-28,266.83015946053325,267.17857801356905,261.6773031279873,261.9798889160156,105270000
2020-04-29,267.29784515422165,270.36939668055743,266.2709447231819,268.83819580078125,118745600
2020-04-30,267.4628878219718,268.93907823852754,264.60222850800403,266.33514404296875,122901700
2020-05-01,261.594889070107,266.50020001311435,258.11990791498647,259.28436279296875,125180000
2020-05-04,257.40472721224256,260.3020696248995,255.92856473218876,259.99951171875,80873200
2020-05-05,262.8142792143297,265.2073206037957,260.12780177122573,262.40167236328125,79569900
2020-05-06,264.09793589455825,264.4830095523587,260.192020908388,260.6229553222656,73632600
2020-05-07,263.8320105300923,265.6932743331002,263.2635498583758,263.767822265625,75250400
2020-05-08,266.89437904014466,268.5997890049133,265.7666074831052,268.1321716308594,76452400
2020-05-11,266.2067321816507,269.56251377203523,265.7849755389823,268.18719482421875,79514200
2020-05-12,269.36997290557235,269.78255179515514,262.7042425975372,262.841796875,95870800
2020-05-13,262.2824804769914,263.31855852406073,255.77263209509584,258.1932067871094,144721100
2020-05-14,255.7635079143885,261.41146013220174,250.29888679853764,261.2831115722656,121977900
2020-05-15,258.89925085277906,262.53008571070245,257.954866120157,262.4842529296875,111146300
2020-05-18,268.6914747602291,272.08393945209053,268.3705893815132,270.4794006347656,119703800
2020-05-19,269.8833792126806,271.58876097438247,267.68287488299757,267.7012023925781,95189300
2020-05-20,271.2312094120459,273.1108005640989,271.0019896139452,272.2489318847656,85861700
2020-05-21,272.1205969507901,272.9274551573874,269.2782657160711,270.3693542480469,78293900
2020-05-22,270.08516244349306,271.0570523361643,268.8473696991475,270.8828430175781,63958200
2020-05-26,276.833326122004,277.07172366444183,270.90111666487996,274.22021484375,88951400
2020-05-27,277.0076420479935,278.33712857289146,272.1940244647287,278.3004455566406,104817400
2020-05-28,279.32721542463037,281.33518291515,277.11753341055845,277.786865234375,90405200
2020-05-29,277.3193394971249,279.61153803025144,274.577879005406,279.0247497558594,119090800
2020-06-01,278.3828347935377,280.75754836392883,277.8693847232331,280.15240478515625,55758300
2020-06-02,281.0693740975131,282.5180592457431,279.73991573138625,282.4721984863281,74267200
2020-06-03,284.4526664557033,287.1849772402928,284.17761381806736,286.2314147949219,92567600
2020-06-04,285.2502418961064,286.9831568169976,283.38897845196175,285.4794616699219,75794400
2020-06-05,290.8617231744548,294.565896581525,290.79753488755915,292.79632568359375,150524700
2020-06-08,293.60310815038525,296.52795553104175,293.0621526886974,296.3354187011719,73641200
2020-06-09,293.67644251654445,296.40875303318035,292.814573695221,294.125732421875,77479200
2020-06-10,294.70338803982554,295.5927621739855,291.7693627776029,292.4845275878906,95000800
2020-06-11,285.5712235543959,286.20387252008595,275.0729721884442,275.6230773925781,209243600
2020-06-12,282.61891221793167,283.3890875968667,273.78020888553783,278.92388916015625,194678900
2020-06-15,273.24832261847223,282.6555119408555,272.07471838959447,281.5277404785156,135782700
2020-06-16,289.2570561458452,289.40376017355715,282.09623192993956,286.9465026855469,137627500
2020-06-17,287.9643213952654,288.25772952024136,285.02111835943526,285.754638671875,83398900
2020-06-18,284.2417880969982,286.3414217497539,283.7833484028866,285.8646545410156,80828700
2020-06-19,289.323611161699,289.5169952642536,282.2878135586834,284.23095703125,135549600
2020-06-22,283.6323733290194,286.45036871018254,282.4904486423991,286.05438232421875,74649400
2020-06-23,288.69736494870455,289.6274972240298,286.9660418676936,287.3712463378906,68471200
2020-06-24,285.3359965817493,285.95302134093265,278.2081310603143,280.0407409667969,132813500
2020-06-25,279.46981736237365,283.3100417218154,277.45301313177083,283.04296875,89468000
2020-06-26,281.94708210428337,282.1589024781775,275.7401296700566,276.3202819824219,127961000
2020-06-29,277.572693256611,280.51960120631884,275.2888164097337,280.3814697265625,79773300
2020-06-30,279.9486027646183,285.66749822246646,279.79206314252275,283.9729919433594,113394800
2020-07-01,285.08739818187286,287.22392574002134,284.62694111006857,285.9622497558594,72396500
2020-07-02,289.38809746937955,290.7326525675876,286.87401944452057,287.5370788574219,69344200
2020-07-06,291.34964563164624,292.55604108748975,290.60370731479867,291.9758605957031,61713800
2020-07-07,290.4379459868934,292.4086879039096,288.5868993171508,288.9644775390625,82910000
2020-07-08,289.7288100254336,291.28515730964824,287.9698885921955,291.1746520996094,54638600
2020-07-09,291.78240850045916,292.0218551502653,286.1095744969354,289.5169677734375,83354200
2020-07-10,289.45248660102106,292.74015643400605,288.0250810957527,292.47308349609375,57550400
2020-07-13,294.8122255722936,297.18817150586733,289.28674115516975,289.9405822753906,102997500
2020-07-14,288.5223761645233,294.47150148289853,287.3251990766644,293.69793701171875,93657000
2020-07-15,296.9119193662305,297.4920997478603,294.02023559241456,296.3962097167969,87196500
2020-07-16,294.4991602617193,295.87131342816184,293.85450907927094,295.4200744628906,54622500
2020-07-17,296.42383888823116,297.0592718738817,294.4530691984586,296.2764892578125,62774900
2020-07-20,296.0094429242622,299.4168366870497,295.26350467471246,298.6708984375,56308800
2020-07-21,300.6324848085871,301.0745056864678,298.320980919731,299.3063659667969,57292200
2020-07-22,298.9471708971752,301.32314533336705,298.83666568694713,301.010009765625,57792900
2020-07-23,300.6507824803938,301.35068608523807,296.055430800531,297.4183654785156,75738000
2020-07-24,295.5674004213925,296.5251308789289,294.00183516323403,295.5029296875,73766600
2020-07-27,296.19361733148213,297.83284336537673,295.4016165623497,297.6578674316406,48293000
2020-07-28,296.9303216498821,298.0446479275418,295.4752897615271,295.7699890136719,57495000
2020-07-29,296.64482019059875,299.96933442324314,296.60797576059025,299.4075622558594,48454200
2020-07-30,296.44227447076116,298.7537780991364,294.36102749576685,298.33935546875,61861700
2020-07-31,300.12596755695097,300.798245119707,295.9173824216007,300.6969299316406,84986800
2020-08-03,302.3545227663099,303.5516998495723,301.8111868221174,302.787353515625,53077900
2020-08-04,301.930856580021,303.9568786621094,301.930856580021,303.9568786621094,41917900
2020-08-05,305.2553257741995,306.1025789119358,304.9882528791218,305.8446960449219,42697700
2020-08-06,305.26457778295924,308.008883470918,304.94225226748324,307.88916015625,43679400
2020-08-07,306.922272863609,308.3957411535914,306.0197668612782,308.1102600097656,57308300
2020-08-10,308.5614223096807,309.21526333756503,306.62749741598617,309.0310974121094,44282100
2020-08-11,310.2099129722672,310.8453459347755,305.7526922046899,306.4801940917969,69601100
2020-08-12,308.9114977995642,311.52689106243633,308.8838714944804,310.7533264160156,53774400
2020-08-13,309.9888955675153,311.4992082489788,309.2705836615696,310.1914978027344,41816100
2020-08-14,309.80475825655594,310.73489061846544,309.07722814860483,310.20074462890625,47260400
2020-08-17,311.2136919707807,311.5820519648369,310.2098990427494,311.1860656738281,35481000
2020-08-18,311.58210731482745,312.2820111007127,309.98891563003593,311.8583984375,38733900
2020-08-19,312.2359484919656,312.7516581960092,309.99813372934017,310.5599060058594,68054200
2020-08-20,308.8377736301808,312.0057207368476,308.7088602558769,311.52685546875,42207800
2020-08-21,311.19524299382766,312.85287680171285,310.85448123734926,312.6318664550781,55106600
2020-08-24,315.06320894225934,315.8736180566661,312.60438339712664,315.7999572753906,48588700
2020-08-25,316.3615713629793,316.9877861104246,315.2012107807819,316.9049072265625,38463400
2020-08-26,317.49441695300277,320.3492287448196,316.95108089894495,320.0821838378906,50790200
2020-08-27,320.9477683119042,322.22782424225835,319.12434835411756,320.781982421875,58034100
2020-08-28,321.80426786042483,322.9830369399693,320.616280645361,322.8540954589844,48588900
2020-08-31,322.6423596573987,323.517211458674,321.45437223436204,321.6846008300781,66099200
2020-09-01,322.51332671022755,324.8156120146118,321.6200388879637,324.7143249511719,54908700
2020-09-02,326.6206116646277,330.3779287745175,325.47865908576307,329.4109802246094,69540000
2020-09-03,327.72577971733415,328.19545502122673,315.4960384795062,318.0746154785156,148011100
2020-09-04,318.7559908966991,320.3215279500711,308.386489496312,315.4775390625,139156300
2020-09-08,310.0810183653904,315.54206103531834,306.5539292774732,306.8578186035156,114465300
2020-09-09,310.8546436252173,315.3763366892966,309.98898184326697,312.9175109863281,91462300
2020-09-10,314.78678805051163,315.44062903377323,306.5261894530865,307.48394775390625,90569500
2020-09-11,309.26138178450964,310.32042738546795,304.8225690491499,307.64056396484375,84680200
2020-09-14,310.79936944297793,313.4608253569491,307.78798968967357,311.6926574707031,65605700
2020-09-15,314.14218543935834,314.9710024350509,311.70176891157143,313.267333984375,52920900
2020-09-16,314.5013391992171,315.92874461250403,311.7477873154288,312.0240783691406,82096000
2020-09-17,307.1801324619214,310.9927306673699,306.65520463292705,309.2798156738281,91523300
2020-09-18,310.08316931538,310.1941168264323,303.2411333737492,305.71905517578125,105877900
2020-09-21,301.142417821237,302.4645898682485,297.4717524188794,302.316650390625,99450800
2020-09-22,303.79599750028683,305.95030428150574,301.29030979270976,305.3955383300781,63612100
2020-09-23,305.95029107636867,306.2276881483939,297.8138181951708,298.3131103515625,93112200
2020-09-24,297.0001276478436,302.15938522189947,295.68718272630684,299.10821533203125,76681300
2020-09-25,298.25762343564503,304.7298270780176,297.38852490576954,303.9439392089844,71069400
2020-09-28,308.09538490645014,309.70418077413325,307.10605558287943,308.99224853515625,64584600
2020-09-29,308.788814611231,309.5284836874694,306.6159979020015,307.3094482421875,51304000
2020-09-30,307.97516755399596,312.78310129067506,307.78100935569034,309.63946533203125,104081100
2020-10-01,312.2283956676877,313.1992150632846,309.7504726983646,311.6274108886719,88698700
2020-10-02,306.6900399805022,311.5996670640401,306.2184846303253,308.6686706542969,89431100
2020-10-05,310.7212700191764,314.3272066536649,310.675051276602,314.1423034667969,45713100
2020-10-06,314.28094252067115,316.3705485681372,309.16790315798374,309.6764221191406,90128900
2020-10-07,312.625996081442,315.87135369140464,312.5982591880481,315.06695556640625,56999600
2020-10-08,316.99932011187576,317.9239207082548,316.08394633419226,317.85919189453125,45242500
2020-10-09,319.5049199072346,321.15996256500506,318.88545342511554,320.6976623535156,59528600
2020-10-12,323.23107167134015,327.3270449402805,322.74103455582997,325.85693359375,80388500
2020-10-13,325.718262626604,325.8939389787219,322.7687847777624,323.7303771972656,73255500
2020-10-14,324.30360807019053,325.39462982999737,320.96581398724754,321.69622802734375,57727900
2020-10-15,317.79452227619373,321.7795493315503,317.25826624569703,321.29876708984375,60357700
2020-10-16,322.648589773227,324.30363260576735,320.92884634883575,321.1045227050781,89501900
2020-10-19,322.3619272638812,322.9906487706289,315.32573168859045,316.22259521484375,68425600
2020-10-20,317.5633355204922,320.72548220032826,316.8051844221268,317.4893798828125,60051900
2020-10-21,317.443073902537,319.6066638803036,316.5832022185799,316.8883361816406,63575000
2020-10-22,317.10106236922707,319.2091509309516,314.96523691392366,318.62664794921875,55399300
2020-10-23,319.84705846131055,319.9025322364598,317.258188232449,319.7083740234375,49143900
2020-10-26,316.333567187947,317.1194832403807,310.31440902526583,313.8001708984375,91473000
2020-10-27,314.14221515369485,314.47505772642944,312.5056545213952,312.71832275390625,65994100
2020-10-28,307.0598897426626,312.7461782493359,301.54002258547484,302.0300598144531,127094300
2020-10-29,302.26117045534187,308.2618190207296,300.57839067530114,305.0997009277344,90597700
2020-10-30,303.52780192819796,304.8314918083679,298.27607870942455,301.91900634765625,120287300
2020-11-02,305.3031005859375,307.30021286282704,302.56626275236454,305.3031005859375,86068300
2020-11-03,308.5299804346644,312.7461569674992,305.3863439975958,310.69354248046875,93294200
2020-11-04,315.1593778065313,321.7055664962755,313.9851450876126,317.6373291015625,126959700
2020-11-05,322.9074308608974,325.635013295376,322.5560781983881,323.83203125,82039700
2020-11-06,323.5454189031764,325.00630337123437,321.43733106964845,323.7580871582031,74973000
2020-11-09,336.5268178489835,336.90590740925865,327.3640242503452,327.8263244628906,172304200
2020-11-10,326.8370033607283,328.39958037530033,324.0817120840673,327.3455505371094,85552000
2020-11-11,329.52768350264563,330.6002236995473,328.28872195189047,329.77734375,58649000
2020-11-12,328.7695157722759,329.823574150401,324.7752620558113,326.5782165527344,67546200
2020-11-13,328.48285175165734,331.8391565132532,327.965077662347,331.0994873046875,62892200
2020-11-16,333.7622800304141,335.42654955095253,332.47707186315154,335.2323913574219,74541100
2020-11-17,332.8284586496354,334.63144099542336,331.3213552496351,333.429443359375,66111000
2020-11-18,333.6976848697734,334.2431959668281,329.37978663106264,329.4167785644531,70591300
2020-11-19,328.787905745115,331.1733623463131,327.4472238872078,330.80352783203125,59940900
2020-11-20,330.54466445649757,330.74807768636424,328.46431342145667,328.53826904296875,70417300
2020-11-23,330.34126910985094,331.7651617960009,328.1129784945893,330.5076904296875,63230600
2020-11-24,333.0503176608031,336.37888489880055,332.1997010545498,335.8333740234375,62415900
2020-11-25,335.75017614636334,335.77791303204526,334.22459100072433,335.31561279296875,45330900
2020-11-27,336.4065558916809,336.72091659472835,335.24155053242913,336.2493896484375,28514100
2020-11-30,335.4727659225405,335.7409079513326,332.0887531357319,334.7608337402344,83872700
2020-12-01,338.00624890506265,339.95714263167446,337.41449097572354,338.42230224609375,74231400
2020-12-02,337.31284330421136,339.29147418331377,336.7395953692992,339.1343078613281,45927000
2020-12-03,339.03261507986895,340.42877131926497,337.9415929062132,339.0418701171875,62882000
2020-12-04,339.6242628374325,341.9635009765625,339.5317971440086,341.9635009765625,50749900
2020-12-07,341.1961049259402,341.75087093197277,339.9941354266788,341.2608337402344,48944300
2020-12-08,339.99411677063375,342.8233922079248,339.9478980295718,342.2593994140625,42458900
2020-12-09,342.91592869063794,343.0730950159463,338.357653791489,339.1897888183594,74098300
2020-12-10,337.82135527213035,340.1236019996459,336.95222835158745,339.0788269042969,57735400
2020-12-11,337.38671728522763,339.0879788216525,335.8703871356922,338.68115234375,57698600
2020-12-14,340.8447147774003,341.91722644158915,336.98911858351033,337.164794921875,69216200
2020-12-15,339.69826688785116,341.72314453125,338.3298760097503,341.72314453125,63865300
2020-12-16,341.93578357691985,343.17474493301853,341.05740176418556,342.2593994140625,58420500
2020-12-17,343.8959099470601,344.3766920459077,343.0730019635639,344.17327880859375,64119500
2020-12-18,344.46113944048307,344.6282701572163,340.79338813671035,342.7990417480469,136542300
2020-12-21,338.8899235370573,351.415944151772,336.1600082036477,341.5733947753906,96386700
2020-12-22,341.89839793934385,342.0098184311258,339.87418344037354,340.9977111816406,47949000
2020-12-23,341.96333381663726,343.2075762857532,340.9790818882792,341.3040771484375,46201400
2020-12-24,341.77762611632846,342.6597520909689,341.1926686317637,342.63189697265625,26457900
2020-12-28,345.1761753962295,345.9654417210335,344.5540681584186,345.5754699707031,39000400
2020-12-29,347.09824735774396,347.27467258670123,344.33118227864804,344.9161682128906,53680500
2020-12-30,345.73319837345264,346.43889910302494,345.018231496331,345.408203125,49455300
2020-12-31,345.2132342407314,347.8874388872676,344.70254763729105,347.1631774902344,78520700
2021-01-04,348.49100217915696,348.62101162593734,338.75060828235917,342.4369201660156,110210800
2021-01-05,341.79617780811327,345.88175529048493,341.74973372476126,344.79534912109375,66426200
2021-01-06,343.291214067815,350.04173174075373,342.74337775337597,346.8568115234375,107997700
2021-01-07,349.22468864802164,352.7531372848997,349.0482633824921,352.01031494140625,68766800
2021-01-08,353.3937031789076,354.2293850911422,350.1531015213458,354.0158386230469,71677200
2021-01-11,350.8496057451857,353.3845073084547,350.7288907494389,351.62957763671875,51034700
2021-01-12,351.8152146876118,352.71587302635754,349.4659767403623,351.7037658691406,52547700
2021-01-13,351.62950774382404,353.64442764556827,350.8495360073249,352.6509094238281,45303600
2021-01-14,353.39372265354797,353.89514316325904,351.0816626236897,351.4159240722656,49989100
2021-01-15,349.80025180486865,350.5987841141442,346.99606590019863,348.8531494140625,107160000
2021-01-19,351.304439515749,352.13085517430096,349.828061713451,351.59228515625,51233300
2021-01-20,353.876603510318,357.2936593696755,353.4866317659634,356.4579772949219,61836100
2021-01-21,357.01500286554875,357.4421524664681,355.86362018115483,356.7828674316406,47840100
2021-01-22,354.93512517961597,356.6807884063507,354.554419617458,355.5201110839844,52860500
2021-01-25,356.25362897614195,357.2750022410849,351.415906011499,356.92218017578125,70402000
2021-01-26,357.86928439217473,358.2778450349725,356.1329158287073,356.36505126953125,42665300
2021-01-27,353.0500980152295,353.14295784515673,345.4267792034528,347.6552734375,123351100
2021-01-28,349.46599738570745,354.6379822958076,349.02960991918064,350.645263671875,94198100
2021-01-29,348.78824063820207,349.7539322653796,341.9541566920389,343.62554931640625,126765100
2021-02-01,347.0146573120808,350.37597423640665,343.91333096928156,349.3453063964844,75817600
2021-02-02,352.52090191367535,355.83580306474755,349.42887007201125,354.2851257324219,64450700
2021-02-03,355.11149587959494,356.281467508707,353.2915620518551,354.56365966796875,52427100
2021-02-04,355.59430609700564,358.63992160762723,354.67505892160796,358.593505859375,47142600
2021-02-05,360.45994861198795,360.7106447040377,358.54715471512554,360.00494384765625,48669800
2021-02-08,361.4534473259199,362.6512741525483,360.59920475972706,362.6048583984375,38365200
2021-02-09,361.76909255507013,362.9576530503986,361.3605603058533,362.3633728027344,35551100
2021-02-10,364.09979957873327,364.24836966450124,359.8099410732521,362.20556640625,59154400
2021-02-11,363.28265332168206,363.700508430255,360.3670470571915,362.79052734375,42913300
2021-02-12,361.9919719175586,364.8240126465975,361.9176727161063,364.5826110839844,50593300
2021-02-16,365.8083200461877,366.0033342269587,363.55197027023985,364.2669372558594,50972400
2021-02-17,362.5212660866274,364.60119044464864,361.5091306885375,364.3504943847656,52290600
2021-02-18,361.7505784893111,363.54265727343494,360.0327705772848,362.7998352050781,59712800
2021-02-19,364.05341301185115,364.34125872083973,361.71346939446187,362.1591796875,83241000
2021-02-22,359.4013902770424,361.7784550408201,359.1042500973584,359.37353515625,67414200
2021-02-23,357.1728509983925,361.15630279532843,353.0315629822929,359.8099060058594,107284100
2021-02-24,358.7235712258007,364.2019909749651,357.7393191021612,363.77484130859375,72433900
2021-02-25,362.51200240283123,363.8769599629682,353.5701404616122,355.0093688964844,146670500
2021-02-26,356.8850154751008,358.0271036542426,351.20234468696304,353.18011474609375,152701600
2021-03-01,358.03642977075657,362.9855734404292,353.37516012939244,361.7413024902344,105348800
2021-03-02,361.9642260505401,362.1963615356677,358.41718903694675,358.9186096191406,79595300
2021-03-03,358.22205927444577,359.1877221021597,354.0621828506173,354.1643371582031,119940200
2021-03-04,353.97867561907805,356.5600204671109,345.30609935501286,349.78167724609375,183433000
2021-03-05,353.27300175449477,357.2657484566025,346.01182648724296,356.21649169921875,152039600
2021-03-08,357.17293919990277,359.97712560372787,354.1644724397162,354.4430236816406,123149200
2021-03-09,358.2778276525571,362.04770476168795,357.77640719038783,359.5035095214844,113633600
2021-03-10,361.84345682354007,363.431255369481,360.4320834867978,361.7413024902344,109899400
2021-03-11,364.20202543159564,367.3776230858602,363.74702059931354,365.40911865234375,86245000
2021-03-12,364.05339494438545,366.0404596864284,363.2455681020347,365.90118408203125,64653600
2021-03-15,366.15189953144346,368.34327305827475,364.01626458616573,368.0832824707031,73427200
2021-03-16,368.69603871329787,369.4017110962296,366.84822156602263,367.6189270019531,73722500
2021-03-17,366.33753812086064,369.6709992628649,365.1954216836132,368.8724670410156,97959300
2021-03-18,366.2912411031278,368.37116601733726,362.8277694050452,363.505615234375,115349100
2021-03-19,363.205574280837,364.77995178052817,360.66234252833834,362.83294677734375,113624500
2021-03-22,363.34534370663016,367.1089472702704,363.2894509967949,365.7301940917969,73778600
2021-03-23,365.0967422553669,366.54068471271836,362.0690971295922,362.85162353515625,90686600
2021-03-24,364.24903035889577,365.8793009551312,360.9605428076759,361.0071105957031,97588600
2021-03-25,359.5724129695901,363.82972563036685,357.63470442840975,363.03790283203125,116128600
2021-03-26,364.18370331754596,369.28878794295866,363.587505033435,368.8882141113281,114409100
2021-03-29,367.4163152580118,369.60554090899944,365.93510175704296,368.701904296875,108107600
2021-03-30,367.4350274245717,368.3945569028789,366.1307883102693,367.72381591796875,76262200
2021-03-31,368.29203631973724,370.7700506223906,368.2640899656706,369.21429443359375,112734200
2021-04-01,371.1426257443496,373.2573371455199,370.93767636691575,373.201416015625,99682900
2021-04-05,375.8564897892532,379.09840904135075,375.7819756542243,378.5580749511719,91684800
2021-04-06,377.9991164320186,379.3778410378448,377.663731778131,378.33447265625,62021000
2021-04-07,378.16681558663885,379.1170200378233,377.7103490017058,378.7723388671875,55836300
2021-04-08,380.02062094317336,380.62614416673193,379.08903800549706,380.57025146484375,57863100
2021-04-09,380.4492124791382,383.5048037222059,380.32810213483407,383.33709716796875,61104600
2021-04-12,382.74084817389485,383.7469452179368,382.13532496213276,383.476806640625,56704900
2021-04-13,383.374318989603,385.2374848347506,382.99236657978923,384.6133117675781,56551000
2021-04-14,384.58539585907903,385.63808919365846,382.7595011466084,383.2998352050781,61659900
2021-04-15,385.43320380831716,387.687647542853,385.38663602263046,387.41748046875,60229800
2021-04-16,388.70295534718036,389.31780345743056,387.28695960911085,388.7122802734375,82037300
2021-04-19,387.78073043129933,388.2278720552796,385.4797193923822,386.80255126953125,78498500
2021-04-20,385.5914957452918,386.6907567846418,382.4986335803177,383.9705505371094,81851800
2021-04-21,383.35574340510965,387.808709170284,383.2159832062883,387.603759765625,66793000
2021-04-22,387.4361366812249,388.265230915813,383.0017917121167,384.06378173828125,97582800
2021-04-23,384.6227137075241,389.6346353832558,384.5481995678462,388.2279357910156,73209200
2021-04-26,388.8799463969704,389.60657988132425,388.2930446539053,389.0382995605469,52182400
2021-04-27,389.33645070740164,389.53210359386003,387.8179659687333,388.9544982910156,51303100
2021-04-28,389.2246953658085,390.342606350338,388.3769514146441,388.8427429199219,51238900
2021-04-29,391.5629909520302,391.93561848281814,387.9484442011052,391.3207702636719,78544300
2021-04-30,389.05707214653626,389.90481621732505,387.8553219330377,388.7496337890625,85527000
2021-05-03,390.73387217038277,391.1158246327663,389.0943053331574,389.5880432128906,68128300
2021-05-04,387.60376353614816,388.09750141176715,383.5048038327527,387.1845397949219,101591200
2021-05-05,388.8240877515174,389.0569834839452,386.7466475835862,387.30560302734375,60162200
2021-05-06,387.3801805344539,390.5289359008101,385.3772825937991,390.3985290527344,74321400
2021-05-07,391.16239525650957,393.8919265936675,390.4823294392389,393.23980712890625,67733800
2021-05-10,393.5939033628043,393.8174742340862,389.2247758653033,389.34588623046875,81852400
2021-05-11,384.8368673639602,386.85838615611584,382.00484764015937,385.87091064453125,116888000
2021-05-12,383.0948540805935,384.36179320441613,376.3594993403955,377.67303466796875,134811000
2021-05-13,379.21949593633536,384.1382530041698,379.1728997288725,382.2098693847656,106394000
2021-05-14,384.93936652675745,388.92654024691893,384.91142017662577,388.07879638671875,82201600
2021-05-17,386.9702267000928,387.9018095813703,385.0790861586322,387.09130859375,65129200
2021-05-18,387.3521523950896,387.5943730427938,383.5978745039429,383.7562561035156,59810200
2021-05-19,379.0798024141684,382.92721668401646,377.5985602871788,382.7502136230469,106467100
2021-05-20,383.6259089486558,388.12547123922195,383.5048270266521,386.8678283691406,78022200
2021-05-21,388.3490042918943,389.5880256140857,386.0945893314259,386.5510559082031,76578700
2021-05-24,388.7868254622032,391.56295289159766,388.544604797389,390.49163818359375,51376700
2021-05-25,391.57227976579446,391.9262858634761,389.0476977323679,389.6252746582031,57451400
2021-05-26,390.2122010644439,390.9015634477315,389.17815748951244,390.3985290527344,43088600
2021-05-27,391.42316045586614,391.9355196277636,390.32387113726895,390.6033630371094,56707700
2021-05-28,392.1685199593985,392.4293620777178,391.0692587771713,391.3021545410156,58520200
2021-06-01,393.65901283958925,393.7987445957446,390.5195828561252,390.9574279785156,54216600
2021-06-02,391.60953690489885,392.4107130596126,390.6034397848831,391.572265625,49097100
2021-06-03,389.26200853094554,391.25558160462,387.79941622388145,390.1190490722656,58138800
2021-06-04,391.96354696648706,393.9850945840739,390.18422002621526,393.6869812011719,55938800
2021-06-07,393.6776507018846,393.85465374362394,392.3734402072181,393.3050231933594,51555000
2021-06-08,394.162117490748,394.2552814880263,391.563021073544,393.388916015625,47134300
2021-06-09,394.2272616788116,394.30180423460956,392.5783701098852,392.80194091796875,48436300
2021-06-10,394.0223453765083,395.5781015257895,392.7088099094243,394.62786865234375,51020100
2021-06-11,395.17747727144723,395.39172314331665,393.89188832161483,395.2799377441406,45570800
2021-06-14,395.39174825118516,396.26743850654356,394.1527554254345,396.16497802734375,42358500
2021-06-15,396.3140141846101,396.35125703166875,394.5626337646086,395.4383239746094,51508500
2021-06-16,395.5781373986484,395.8017082457771,391.19038894578637,393.23052978515625,80386100
2021-06-17,392.8206646111922,394.07827907271417,390.63143860500963,393.1001281738281,90949700
2021-06-18,389.82512979232945,390.5167474088944,387.5913771677302,387.7969970703125,118676300
2021-06-21,389.5540951870982,393.53563141151994,388.74097097735967,393.34869384765625,72822000
2021-06-22,393.33938339648705,396.28346475320944,392.61969941589416,395.4516296386719,57700300
2021-06-23,395.5263737663793,396.3301424887815,394.8908317268986,394.9749450683594,49445400
2021-06-24,397.1152589733079,397.73209014648296,396.8628904252522,397.3115234375,45110300
2021-06-25,398.0591985278256,399.17141131218983,397.73207208724824,398.7227783203125,58129500
2021-06-28,399.2462030135846,399.6948074887242,398.0498768754374,399.5265808105469,53159600
2021-06-29,399.9098038354574,400.5453458904214,399.20883078354126,399.7415771484375,35970500
2021-06-30,399.2835916114196,400.7509687229313,399.2555538300446,400.0780334472656,64827900
2021-07-01,400.83506919032,402.4519905914438,400.76963819499144,402.2930908203125,53441000
2021-07-02,403.45209077508554,405.72323677808726,402.37724253484845,405.3680725097656,57697700
2021-07-06,405.4241415803903,405.6391169295271,401.9005937821132,404.62969970703125,68710400
2021-07-07,405.31193822358387,406.34003766118167,403.30248799530796,406.05963134765625,63549500
2021-07-08,400.7509751205796,403.50814726468866,399.57333123869796,402.7510986328125,97595200
2021-07-09,404.25584763381096,407.349473214676,402.55481277928465,407.0503845214844,76238600
2021-07-12,406.9662573135737,408.76076088893643,406.5363351584208,408.5083923339844,52889600
2021-07-13,407.72325737950405,409.21867209378087,406.8540577380294,407.1157531738281,52911300
2021-07-14,408.8075027783235,409.29352904474496,406.48028123314407,407.72332763671875,64130400
2021-07-15,406.3868250791765,407.059760411339,404.4334500856128,406.33074951171875,55126400
2021-07-16,407.5084154784258,407.5551356129404,402.7511477644121,403.1436767578125,75874700
2021-07-19,398.3302836206056,403.20905730096297,394.38614069493224,397.1900329589844,147987000
2021-07-20,397.8536396448114,404.1530707517098,397.0591977452092,402.8819580078125,99608200
2021-07-21,404.0782727663207,406.28401626491234,402.83522636423976,406.143798828125,64724400
2021-07-22,406.3213884076943,407.23733686784163,405.34003746820474,406.99432373046875,47878500
2021-07-23,408.9196688873081,411.51794144372303,408.23740663856285,411.1814880371094,63766600
2021-07-26,410.59258548528925,412.2001513321197,410.54586536220575,412.1907958984375,43719200
2021-07-27,411.153509572672,411.18154736060166,407.48974365471634,410.3123474121094,67397100
2021-07-28,410.9384237416545,411.51789021824817,408.72335352250394,410.14398193359375,52472400
2021-07-29,411.0693312306445,412.9198819868287,411.05997579525564,411.8450622558594,47435300
2021-07-30,409.2841865056366,411.29363706752343,409.15332449973266,409.844970703125,68951200
2021-08-02,411.5552501136449,412.10667876520074,408.6298516644557,408.9850158691406,58783300
2021-08-03,409.7794757496443,412.43382344600275,407.59244339115173,412.31231689453125,58053900
2021-08-04,411.0319645301903,412.2843664783354,410.0506135217893,410.2842712402344,46732200
2021-08-05,411.44307668627965,412.9665291012957,411.12530571054964,412.8824157714844,38969700
2021-08-06,413.2002671340216,413.9853535543252,412.9198607907698,413.56475830078125,46930000
2021-08-09,413.5366259813556,413.85439694626234,412.4618065512703,413.22821044921875,41222600
2021-08-10,413.67690908891893,414.4526685963435,412.9946468851688,413.7423400878906,43339300
2021-08-11,414.8078705152535,414.86394608441594,413.6863020866646,414.7704772949219,44034300
2021-08-12,414.62089804805976,416.15370620330873,413.72366049428854,416.01348876953125,38909400
2021-08-13,416.4620942233985,416.7892206760995,415.9760965228515,416.7705383300781,39470300
2021-08-16,415.47142121296486,417.8827560853764,413.91993068902,417.7519226074219,73740000
2021-08-17,415.2003978250957,415.87333317500145,412.032014089514,415.01348876953125,92673900
2021-08-18,414.004033503329,415.5648794226537,410.2281457688839,410.47113037109375,89351900
2021-08-19,407.7513683082851,412.30304425730367,407.6111793930043,411.106689453125,92812200
2021-08-20,411.4524984131377,414.7049951138694,410.96647217681397,414.37786865234375,72008700
2021-08-23,416.0601886079049,418.92951158354134,414.4526227295589,418.0229187011719,54973000
2021-08-24,418.6865539550781,419.2193003480419,418.17251843232447,418.6865539550781,38744700
2021-08-25,418.8735372999682,420.0791906082296,418.49966212692135,419.5651550292969,40529700
2021-08-26,419.2847386206746,419.51839633690446,416.994910115224,417.08837890625,57829600
2021-08-27,417.89201508800005,421.1912598528241,417.8359395357212,420.8174133300781,77235100
2021-08-30,421.49038603704406,423.45311610967644,421.2473729404078,422.66802978515625,48357400
2021-08-31,422.57464706002395,422.91110047218524,421.4437517278113,422.0419006347656,59300200
2021-09-01,422.9764111285758,423.49044653623315,422.0324251197073,422.2660827636719,48721400
2021-09-02,423.686814177093,424.36907636322894,422.3689814101181,423.5653076171875,42501000
2021-09-03,422.43439243098885,423.9765273755303,422.0324795543075,423.46246337890625,47170500
2021-09-07,423.1166526229062,423.21012139664674,421.27542901861193,421.9483642578125,51671500
2021-09-08,421.41564382630884,422.1446546206983,419.51831615140816,421.434326171875,56181900
2021-09-09,421.23805907529504,422.98581388405796,419.38748005990004,419.6304931640625,57970400
2021-09-10,421.5558370150139,421.9764037145198,416.2003928599835,416.3218994140625,89948200
2021-09-13,419.31275573342043,419.57445120398825,415.07885103030503,417.38739013671875,83738600
2021-09-14,418.8266922544094,419.03231214319595,414.2470076652523,415.1349182128906,78197100
2021-09-15,415.5555116773011,419.0977701394543,414.4526542585058,418.6024169921875,78792200
2021-09-16,418.07903168064803,419.0510271190857,414.99473310868217,417.9388427734375,77786700
2021-09-17,417.16810338516024,417.5900174422534,413.5113432060983,413.8676452636719,118425000
2021-09-20,407.7543985068498,409.3296017705494,402.10987722418974,406.966796875,166445500
2021-09-21,409.30144322368784,410.59537031179264,406.05726871090457,406.58233642578125,92526100
2021-09-22,408.85139337293356,412.5831513891095,406.6948671942367,410.5484924316406,102350100
2021-09-23,412.41440315728903,417.1400416411326,412.1799968838808,415.53668212890625,76396000
2021-09-24,413.9051954031547,416.9337345501658,413.6895313452658,416.22113037109375,62094800
2021-09-27,415.18971469523467,416.3523605127942,414.33647253059087,415.03033447265625,61371100
2021-09-28,412.2643708805607,412.5925453791143,405.93540163406385,406.666748046875,130436300
2021-09-29,408.04506020824715,409.77967232630994,406.78864603672207,407.3512268066406,82329200
2021-09-30,408.8232729732289,409.5264917761639,402.0348766187246,402.3724365234375,140506000
2021-10-01,404.0975980601775,408.83259245748525,400.5815046124614,407.15423583984375,129240100
2021-10-04,405.9916262485337,406.89173823936943,399.7657824946463,401.9035949707031,128570000
2021-10-05,403.4037658375677,408.3262970264828,402.6068074886927,406.08538818359375,90682500
2021-10-06,402.49420829771526,407.9793193826561,400.8721356232664,407.7730407714844,113032200
2021-10-07,411.04546603542565,414.1302318975777,410.867314983928,411.2986145019531,72437500
2021-10-08,412.0674690550003,412.45189876084635,409.9202996692927,410.5484924316406,74557400
2021-10-11,409.8921065328173,412.79874945849707,407.5105312643394,407.576171875,65233300
2021-10-12,408.49511604042164,408.89828794249456,405.785365924999,406.5729675292969,71181200
2021-10-13,407.59495963247764,408.8513737107969,404.62270437794365,408.03564453125,72974000
2021-10-14,411.6924184380236,415.049132337177,411.22360588560923,414.89910888671875,70236800
2021-10-15,417.00867206884914,418.42449481685196,416.3898362044381,418.0588073730469,66260200
2021-10-18,416.2773855665458,419.6340705825797,415.6210366001597,419.2965393066406,62213200
2021-10-19,420.9186558175996,422.59698407803893,420.30917663549167,422.5313720703125,46996800
2021-10-20,422.99078957769177,424.49099536699856,422.8782791509517,424.1909484863281,49571600
2021-10-21,423.5907875561012,425.52229254631413,423.15948811730703,425.2972717285156,41305400
2021-10-22,424.8660443425605,426.3099949344086,422.9157682107572,424.8566589355469,58845100
2021-10-25,425.9443277467125,427.46327582498486,424.1722311934104,427.1351013183594,45214500
2021-10-26,428.6820834256312,429.8915988533881,427.1443649707542,427.5194091796875,56075100
2021-10-27,427.9789668380812,428.6446726137015,425.5504927707311,425.6255187988281,72438000
2021-10-28,427.05064707991323,429.8072666921166,427.04129028806375,429.7322692871094,51437900
2021-10-29,427.43510150597126,430.8949400235168,427.14444004690756,430.6042785644531,70162400
2021-11-01,431.5887947913139,431.9638676988326,429.6198050970678,431.34503173828125,48433600
2021-11-02,431.51381650455664,433.3984520764042,431.38253525829714,433.0890197753906,48908400
2021-11-03,432.5264031559585,436.1362651463071,432.08571825925554,435.73309326171875,52509800
2021-11-04,436.33310224976924,437.87082079414984,435.98618562096254,437.78643798828125,52847100
2021-11-05,440.00869977242445,441.2932415636286,437.7959183013962,439.30548095703125,66390600
2021-11-08,440.4024705143944,440.89941061596096,438.9960330253521,439.68048095703125,50405200
2021-11-09,440.0461369788913,440.28054321030675,436.8207049454919,438.2271423339844,51149100
2021-11-10,436.53942763125457,438.2271697715408,433.220255788708,434.7016906738281,69429700
2021-11-11,436.1924978999976,436.2675239203641,434.8235734757579,434.8423156738281,34848500
2021-11-12,436.1081354103615,438.6772187538003,435.1611250038921,438.1240234375,53466700
2021-11-15,439.40859470618256,439.56797493267015,437.14891501750157,438.2740478515625,46980500
2021-11-16,438.0115818851338,441.1432464437642,437.9365844635233,440.00872802734375,48857500
2021-11-17,439.74607145027005,439.9242224676994,438.32089192487604,438.9397277832031,47858300
2021-11-18,439.97117780399594,440.6931674194312,437.2520708292828,440.4306335449219,50625600
2021-11-19,440.31803734544474,441.5650945480242,439.2772873896782,439.6429748535156,57315600
2021-11-22,441.518225650883,444.00292604113224,438.1990253218852,438.4053039550781,72762000
2021-11-23,438.0771663973215,439.8399060268832,435.4799553727706,438.9866638183594,73206500
2021-11-24,436.98954456020806,440.2806177630515,436.17381531500166,440.1587219238281,61858800
2021-11-26,433.5015889100639,434.9642817891199,429.21663530001194,430.341796875,112669600
2021-11-29,435.12360436955294,437.45828126856935,432.9295654860119,435.62054443359375,86268800
2021-11-30,433.18271599479897,435.0860934508205,426.9006175423312,427.1444091796875,148559600
2021-12-01,432.8451797070104,435.68618205628803,422.2031311937479,422.4000244140625,131939200
2021-12-02,422.61574691393747,430.43553635703284,422.22193180478286,428.86968994140625,127637800
2021-12-03,430.5292522904625,431.58874442702455,420.9185967447433,425.1379089355469,137331600
2021-12-06,427.6789180869,432.0482542479885,425.2692148441158,430.1730041503906,98977500
2021-12-07,435.44238012792107,439.63356454550274,430.04165158605986,439.07098388671875,95484700
2021-12-08,439.46481188962696,440.68371284123066,437.71142925167635,440.233642578125,72238800
2021-12-09,438.9491577219033,440.3368530852221,437.06455084489505,437.2614440917969,61272600
2021-12-10,439.9617388281514,441.52755637554407,437.4113979747184,441.3775329589844,77159800
2021-12-13,440.86191039613635,441.2088270752524,437.18640772794674,437.46771240234375,87724700
2021-12-14,434.20476780499797,436.6894683893485,431.5419161774256,434.4579162597656,97264100
2021-12-15,434.5143173565087,441.490223074784,432.001459873836,441.2464599609375,116899300
2021-12-16,443.0933926959083,443.37466871193504,435.8080291263727,437.3551330566406,116568600
2021-12-17,434.28117656754216,437.2827106378424,430.99737826772844,432.700439453125,135511600
2021-12-20,427.62890570329984,428.4945351603184,424.4862394814665,428.099365234375,107134800
2021-12-21,431.51492459595994,435.84315849906136,429.35082200169626,435.7020263671875,69806300
2021-12-22,435.44797367017134,440.1713773813337,435.2503599777173,440.0584716796875,58890200
2021-12-23,441.0558636062711,444.29262786782226,440.95237627994055,442.79656982421875,56439700
2021-12-27,444.17028879957417,449.11011430535285,444.1232543282057,449.0630798339844,56808600
2021-12-28,449.4958929694086,450.5214913868531,447.93396375035627,448.69610595703125,47274600
2021-12-29,448.7995905115579,450.2862300149204,447.8022185897107,449.2700500488281,54503000
2021-12-30,449.69343150623797,450.7002217741406,447.56697399413,448.02801513671875,55329000
2021-12-31,447.53880315085513,448.6866969603346,446.6261104168571,446.8989562988281,65237400
2022-01-03,448.15981168840295,449.61825370387953,445.85457683489585,449.48651123046875,72668200
2022-01-04,450.9072545217483,451.6223622300133,447.4822951975026,449.3359069824219,71178700
2022-01-05,448.9689091940095,449.7404696581306,440.61354395954817,440.7076416015625,104538900
2022-01-06,440.2466056724417,443.0034914570786,437.93192425280233,440.29364013671875,86858900
2022-01-07,440.3031029677847,441.47925183914367,437.1980527186537,438.552978515625,85111600
2022-01-10,435.36325245373706,438.22362566846715,429.62364055153137,438.0072326660156,119362000
2022-01-11,437.7437907456816,442.0908322693714,434.75164626994354,441.9967346191406,74303100
2022-01-12,443.72804221308974,445.2429369205549,441.2346123000405,443.19171142578125,67605400
2022-01-13,444.2925567024861,444.9417931268879,436.0595152339108,437.0851135253906,91173100
2022-01-14,433.9425030975037,437.6120820227763,432.7287093594842,437.2639465332031,95890900
2022-01-18,432.5780978764357,432.7851012078921,428.40983354006795,429.5201110839844,109709100
2022-01-19,431.0632797435182,432.45582165960354,424.7873365975809,425.0602111816406,109357600
2022-01-20,426.9419932565545,431.6371698449728,418.2384925675779,420.3555603027344,122379700
2022-01-21,419.2358828982697,421.58818048554997,412.0755028255823,412.1037292480469,202271200
2022-01-24,406.5053054589265,414.36198622480896,395.90115681307793,413.8538818359375,251783900
2022-01-25,407.47435674765063,413.7408803782195,401.91352232708414,408.8010559082031,167997300
2022-01-26,414.68182421507754,417.80568219701877,403.5225099061903,407.7754821777344,186391100
2022-01-27,412.3672026513168,415.50045053402,404.0777079047049,405.7619323730469,149878300
2022-01-28,407.11686454826264,415.886237349482,402.54401155859085,415.8392028808594,164457400
2022-01-31,415.17113717300543,423.677053931945,413.82562974282484,423.32891845703125,152251400
2022-02-01,424.0534262540882,426.82914917104256,420.5343978995624,426.1893310546875,123155400
2022-02-02,428.5886396673794,431.05384305532795,426.2833764423959,430.329345703125,117361000
2022-02-03,424.3074813838875,426.20812763649417,419.37704575360794,420.2144775390625,118024400
2022-02-04,419.97932468063993,426.0294287351917,417.60818972725326,422.19049072265625,118454400
2022-02-07,422.95254768054906,424.3450895509773,419.50878037886775,420.8354797363281,84472900
2022-02-08,420.3368340105605,425.2202068332441,418.9160368655322,424.298095703125,81012000
2022-02-09,428.32517855026134,430.82802671260504,428.1275935863995,430.50811767578125,92589900
2022-02-10,424.67435811188443,430.668007266661,420.77896856601785,422.7737121582031,140103700
2022-02-11,422.85846290665194,424.92846773085336,413.00703862428105,414.4372253417969,153214600
2022-02-14,413.92918667657835,415.5099240394694,409.619760664808,413.08233642578125,123006300
2022-02-15,417.5140448697904,419.9133771021189,416.99652213320917,419.7440185546875,88482700
2022-02-16,417.70221089727113,421.588211390658,415.82979106919817,420.2144775390625,84863600
2022-02-17,417.0341013310905,420.1861855804149,410.6358639083822,411.238037109375,102259100
2022-02-18,411.49214366579196,412.74358216810356,406.3076988713617,408.5753173828125,132642900
2022-02-22,406.37355193227506,409.7702560003978,400.6997823601273,404.19061279296875,124391800
2022-02-23,407.09801689358864,407.66257403498787,396.4562253293039,397.0207824707031,132578000
2022-02-24,386.7365259239518,403.4284488931798,386.3790008159794,402.99560546875,213942900
2022-02-25,404.22823397331,411.97200837339045,402.58162557598797,411.8873291015625,121804500
2022-02-28,406.5053532384751,412.310837799765,405.2539432371121,410.8335876464844,145615000
2022-03-01,409.3374644946176,411.3416268267393,401.8759540045587,404.576416015625,137785900
2022-03-02,406.8251817399771,413.740942784039,406.0724579549326,412.0190734863281,117726500
2022-03-03,414.4466183746847,415.04879163986294,408.17067562721684,409.96783447265625,105501700
2022-03-04,406.2418252656333,407.7661096277124,402.60047290853925,406.63702392578125,113978200
2022-03-07,406.05356074725825,406.759249958647,394.5837564676544,394.6496276855469,137896600
2022-03-08,394.82848568696517,401.97005852746355,390.59434954887394,391.6575927734375,164772700
2022-03-09,400.0224183462174,404.1342308190661,397.8394788240876,402.1582946777344,116990800
2022-03-10,397.55708322285636,401.2360799371363,395.5999843486872,400.34222412109375,93972700
2022-03-11,402.8263104395944,403.4379021571393,394.7438182155745,395.2519226074219,95636300
2022-03-14,396.0234396841189,399.4671781987032,391.2247467020312,392.3632507324219,95729200
2022-03-15,394.96952056412135,401.6218241501706,393.6993030071115,400.9914245605469,106219100
2022-03-16,404.4917305799787,409.9396315604553,399.7024270341616,409.8831787109375,144954800
2022-03-17,407.9731746506464,415.0112609863281,407.59681269311073,415.0112609863281,102676900
2022-03-18,413.4028311487186,419.8775739934096,412.66663547827596,419.5566711425781,106345500
2022-03-21,419.3868116069883,421.3877523283893,415.93234592986585,419.43402099609375,88349800
2022-03-22,420.8214687288552,425.27640505720075,420.8214687288552,424.3420104980469,74650400
2022-03-23,421.8125003060186,423.303758234989,418.79219389310117,418.87713623046875,79426100
2022-03-24,420.89699675804104,425.2009149244502,419.78326986493045,425.19146728515625,64736900
2022-03-25,425.8238364518409,427.5416361124458,423.2471369609336,427.2679138183594,77101300
2022-03-28,426.6733304386402,430.30712890625,424.7856459155993,430.30712890625,68529800
2022-03-29,434.18632404591193,436.12121804126116,431.50581537302486,435.6304016113281,86581500
2022-03-30,434.4882240411419,435.2999431413781,430.83556009950934,432.9403381347656,79666900
2022-03-31,432.1759613525289,432.99709953880534,425.82389235149907,426.2769470214844,121699900
2022-04-01,427.85300771241987,427.9945782493482,423.9172027669551,427.48492431640625,89048800
2022-04-04,427.68327061353193,431.2509933938032,426.86213241229365,431.14715576171875,59601000
2022-04-05,429.6558116325977,432.119225743506,424.5590699380688,425.70111083984375,74214500
2022-04-06,421.7936427720497,423.71906006741074,418.5656898647818,421.44439697265625,106898000
2022-04-07,420.56664291276263,425.38024389891154,418.6223302828864,423.56805419921875,78097200
2022-04-08,422.8129558921499,425.32357938924946,420.89695753959705,422.4354248046875,79272700
2022-04-11,419.16972953989875,420.0097628914947,414.7148221783834,415.2150573730469,89770500
2022-04-12,418.19752691427806,420.7175978859881,412.1286293865626,413.6765441894531,84363600
2022-04-13,413.4311873130841,419.16973507105604,413.25185499529334,418.4146728515625,74070400
2022-04-14,418.64116191799894,419.7549175134308,413.1008132674667,413.20465087890625,97869500
2022-04-18,412.27968190004844,415.0545800894282,411.14705981320014,413.3745422363281,66002500
2022-04-19,413.27073740895713,420.76484688177004,413.1008527235854,420.04754638671875,77821000
2022-04-20,421.8219654514646,422.4354571159878,418.5751460041488,419.7360534667969,65224400
2022-04-21,423.3509170968134,424.73836604910855,412.5533618444505,413.4594421386719,85417300
2022-04-22,412.37409241070765,413.4783716367902,401.5482213990768,402.1145324707031,132471800
2022-04-25,399.87760832355883,404.6156854519276,395.31883470061024,404.44580078125,119647700
2022-04-26,401.9162615672227,402.1144891433886,392.7043824228615,392.7326965332031,103996300
2022-04-27,393.80875253350604,399.1697986951689,391.7040026362605,393.8370666503906,122030000
2022-04-28,398.5751272035263,405.51237307337215,394.1485050200903,403.7851257324219,105449100
2022-04-29,399.80216617743,401.95412552190345,388.11739360908206,388.863037109375,145491100
2022-05-02,388.929072135393,392.56287045835074,382.2749671742883,391.2037353515625,158312500
2022-05-03,391.7040109410524,395.40385671006345,390.1466480680365,392.9970703125,100028200
2022-05-04,393.65769528593023,405.53124638806986,390.4769516548114,404.9649353027344,144247900
2022-05-05,400.7081751004019,401.1329155913623,386.4467339742489,390.5713195800781,172929100
2022-05-06,388.0134773567565,391.50567570306237,382.9450500936246,388.239990234375,151770800
2022-05-09,382.3504193081462,383.5868500864093,374.2333719366594,375.8096008300781,155586100
2022-05-10,381.77481340438254,383.2755194042025,372.64787328156433,376.6780700683594,132497200
2022-05-11,375.71524733858433,381.3499860628742,369.94835688896774,370.6940002441406,142361000
2022-05-12,367.5038552140162,373.57275401716174,363.5208397349999,370.30706787109375,125090800
2022-05-13,374.43164996045624,380.53831045425517,373.3934177273955,379.1603088378906,104174400
2022-05-16,377.51798684544667,381.28390774009296,375.271637959596,377.6217956542969,78622400
2022-05-17,383.70016285890136,385.62560898408395,379.9719747013643,385.3896484375,83029700
2022-05-18,380.840309909265,381.12345103452697,368.61754246873323,369.8539733886719,117674500
2022-05-19,366.79595164216687,372.005979027499,365.3707407010665,367.5887756347656,98510700
2022-05-20,371.1659411793916,374.7336635050742,359.1697150107811,367.7492370605469,131432200
2022-05-23,370.7694520093487,375.39430099984236,368.45705631787473,374.6297912597656,76414900
2022-05-24,370.5146324408455,372.9591798912348,365.2291112058376,371.76995849609375,91448800
2022-05-25,370.278726265349,377.01777330975807,369.8823286767236,375.0545654296875,91472900
2022-05-26,376.2816384117942,384.1815941900457,376.07399194481513,382.5487365722656,82168300
2022-05-27,385.0026951176574,392.0531978674875,384.8044963104918,391.93994140625,84768700
2022-05-31,390.3258696030877,393.07245343451956,387.0035559449801,389.7406921386719,95937000
2022-06-01,391.8549424707136,392.86483164009155,384.0776638781302,386.5882873535156,86585800
2022-06-02,386.4278338799512,393.9974369297573,384.1814851394755,393.95025634765625,79609600
2022-06-03,389.240487364167,390.7884022780611,386.51279859544996,387.4849548339844,71874300
2022-06-06,391.48681245747764,393.21403077110097,387.49435013390536,388.66473388671875,57508900
2022-06-07,385.18200495505744,392.84599895820924,384.7195026936411,392.3929443359375,59272400
2022-06-08,390.6845434619145,392.46841881070924,387.333915614858,388.1267395019531,64350000
2022-06-09,386.35240557578845,388.61762134646665,378.89605712890625,378.89605712890625,86289800
2022-06-10,372.70440234363315,373.55385453962793,367.86248738155257,367.90966796875,132893900
2022-06-13,358.5184668650851,360.3683895194282,352.3362831480851,353.9408264160156,170004900
2022-06-14,355.6869276147928,356.7157121238985,349.7784664118968,352.874267578125,104011800
2022-06-15,356.1682732930812,362.34100925128496,351.2225494582893,357.90496826171875,125666800
2022-06-16,349.70299946215493,350.1088447146559,343.63407193506487,346.05975341796875,134473300
2022-06-17,346.474006989018,350.14245020385545,343.30795986691686,346.8057556152344,111113900
2022-06-21,352.52169557516805,356.9200257502837,352.44584583713896,355.53607177734375,76811900
2022-06-22,351.31777542093766,358.9959259866764,350.90068869887415,354.8914489746094,90059400
2022-06-23,357.0243321478926,359.1002487608876,353.46963484148904,358.370361328125,79292100
2022-06-24,361.5363809433128,369.77380119326506,361.507944524138,369.7643127441406,98050300
2022-06-27,370.683832618729,370.9776852889989,367.2618578134948,368.3519592285156,66009600
2022-06-28,369.9065529188097,372.68394948048416,360.71172428504013,360.8254699707031,86548900
2022-06-29,361.3753088463661,362.3611241546952,358.71165775298255,360.5316467285156,65676000
2022-06-30,356.6451313576215,360.8349471944622,353.1567954408799,357.6025390625,112508300
2022-07-01,356.948570272498,361.82089046538835,354.33230315393695,361.38482666015625,74839700
2022-07-05,356.30395395124316,362.0862681620961,353.47914368346136,362.0672912597656,81438000
2022-07-06,362.2094276989218,365.7736135029027,359.8301699411462,363.2900695800781,70426200
2022-07-07,365.06266665246835,369.52735833895935,363.3090102076316,368.7311096191406,64525900
2022-07-08,367.10068528955685,370.29519752923926,365.5745491503481,368.42779541015625,72397800
2022-07-11,365.7546492181339,366.7215164411496,363.5270331899998,364.2190246582031,58366900
2022-07-12,363.6692023712076,366.04848886653093,359.2518953418649,360.9960632324219,62219200
2022-07-13,355.56449960571507,362.02931552702955,355.1474128412304,359.1002197265625,84224600
2022-07-14,354.15207948496095,359.30876226262916,351.71594911911046,358.2281494140625,89704800
2022-07-15,362.6264653889919,365.18585870852,360.7211675364694,365.0721130371094,79060400
2022-07-18,368.1529146526756,368.82592927824663,360.83497625525047,362.05780029296875,63203600
2022-07-19,365.97267860433266,372.40905889172745,365.31864088700104,371.8403015136719,78506000
2022-07-20,372.02991057920354,375.62253303614597,370.6649043931411,374.2101135253906,71843800
2022-07-21,373.6318507302927,378.068105826219,371.2336162126565,378.0207214355469,64903900
2022-07-22,378.1439748043947,379.33833343517273,372.29530007355766,374.513427734375,72197300
2022-07-25,375.1390328241593,375.8215358224329,372.7313098957775,374.9684143066406,53631500
2022-07-26,373.3285714235852,373.537114847819,369.64118001606494,370.5322265625,52946400
2022-07-27,373.8214115297532,381.8977018374365,373.52755888438156,380.1535339355469,82342100
2022-07-28,380.95921396681945,385.61347120527086,377.41397692695415,384.9215087890625,73966600
2022-07-29,386.3529667558723,391.51913892921795,385.58515437514285,390.5332946777344,87003700
2022-08-01,387.8411758992656,391.8793213752261,387.1302364241008,389.3768005371094,69997500
2022-08-02,387.8127450392465,391.4906766053588,385.63254218875403,386.8079528808594,63435400
2022-08-03,388.931285023342,394.0310955881913,388.6469207989162,392.86517333984375,67820600
2022-08-04,392.78932847212786,393.4718315474268,390.95985110646615,392.5997619628906,45656600
2022-08-05,388.3246175842232,392.5807659148732,388.26774474140564,391.9361877441406,56814900
2022-08-08,393.6235081493515,395.87007236927724,390.3816112599049,391.481201171875,53886100
2022-08-09,390.7512903773344,391.25368644325886,388.8554517997777,389.9266052246094,44931800
2022-08-10,396.96963344138766,398.258818700046,395.01692204612334,398.1166076660156,68665700
2022-08-11,400.96036549541424,402.8183081055924,397.3772317875,398.1166076660156,59489700
2022-08-12,400.0503354779772,404.96054995020353,399.10241628589347,404.8562927246094,61694500
2022-08-15,402.64767172710765,407.04603117644456,402.59079888321116,406.524658203125,54048300
2022-08-16,405.45355110579476,409.24522847882577,404.64781387838514,407.3209533691406,59289000
2022-08-17,403.7283280008868,407.1313549468698,402.42968313864895,404.4297790527344,63563400
2022-08-18,404.62877901944364,406.2876376325339,403.3396227828059,405.60516357421875,49023200
2022-08-19,402.8467811218481,403.1121973862413,399.282595061536,400.1546936035156,68016900
2022-08-22,395.329701995395,395.5003494416631,390.92188337608326,391.8224182128906,77695600
2022-08-23,391.3959168557966,393.78469227238185,390.3247632987665,390.87457275390625,49105200
2022-08-24,390.64704312287796,393.4908012724624,389.96456893805333,392.1258239746094,49177800
2022-08-25,393.614017515164,397.7090360070508,392.52391605971974,397.6616516113281,50942300
2022-08-26,397.547891912805,398.0881839321778,384.1442990308555,384.201171875,103087000
2022-08-29,381.25313774516417,384.70354880710715,380.3052184856568,381.6607360839844,65370800
2022-08-30,382.8172261577202,383.0542059895712,375.3760536519589,377.470947265625,85652400
2022-08-31,379.10134082789193,380.3431127380741,374.46603071215685,374.5987243652344,76029700
2022-09-01,372.428046300128,376.1154375189932,369.7264703742915,375.7742004394531,78740100
2022-09-02,379.43310730382876,380.6464427581479,370.00129941700374,371.81182861328125,99632100
2022-09-06,372.6554995418325,373.5939303427136,368.19080797230174,370.408935546875,76637400
2022-09-07,370.0961715004415,377.8311974242417,369.87816854830936,377.0633850097656,70964200
2022-09-08,374.79781566335777,379.98290632149366,373.59393967123003,379.5279235839844,80821700
2022-09-09,381.7649670625823,386.2865601335256,381.49955084530114,385.4239501953125,76706900
2022-09-12,387.4903999035653,390.28677304617617,387.1870588242466,389.56634521484375,69256300
2022-09-13,380.90236081015905,382.10623671263886,371.5085069603833,372.6270446777344,122947100
2022-09-14,373.9257160615463,375.5656268148488,370.7501807174359,374.0489501953125,85023700
2022-09-15,372.4943332407687,375.3380909362644,368.53203779447915,369.80224609375,87633800
2022-09-16,365.6295206827052,367.63783250475103,363.6973120856197,366.9810791015625,103084800
2022-09-19,363.84011191988435,369.8269958496094,363.7639505998914,369.8269958496094,73278500
2022-09-20,366.50513850212155,367.51405803281153,362.8311539935767,365.5818786621094,77274900
2022-09-21,367.504555601014,370.55036925173334,359.1952455228189,359.20477294921875,106746600
2022-09-22,358.4337956869669,360.07091552367,355.44511739669144,356.1875305175781,89472600
2022-09-23,352.722940486398,352.7610211494688,345.78424282582023,350.2196960449219,122346900
2022-09-26,348.7538180681722,352.37069598680137,345.53668535839785,346.7550048828125,92581200
2022-09-27,350.2862710344236,352.5515910179344,343.4808127042095,345.869873046875,108294100
2022-09-28,346.82173847556913,354.36008362291216,345.1275119459914,352.6753845214844,110802200
2022-09-29,349.13459770031216,349.42013004160674,342.3672197883283,345.3083190917969,112952300
2022-09-30,344.36600021604005,348.2779675279083,339.8353891876637,339.9686279296875,153711200
2022-10-03,343.6806881754969,350.7907337489844,341.90080218718504,348.9442138671875,89756500
2022-10-04,354.45516931282157,359.78532813158415,348.90611208555885,359.75677490234375,103602800
2022-10-05,355.3974984990643,361.1749817964111,353.0750722691506,358.919189453125,88065700
2022-10-06,357.52004633285617,360.4706728707626,354.7217133827097,355.2166748046875,82333500
2022-10-07,351.19051769873397,355.30235769557754,343.547458861724,345.3083190917969,107789500
2022-10-10,346.4218681376383,346.65982139917173,340.43498499131846,342.6717224121094,76042800
2022-10-11,340.97758511374974,345.5367789247286,338.5694986420496,340.5016784667969,92482800
2022-10-12,340.91094386553914,342.4814298234217,339.13102879643657,339.3785095214844,76991800
2022-10-13,332.3826260098785,349.80082219820514,331.3356258487721,348.33502197265625,147254500
2022-10-14,350.7907254903841,352.4183468938871,339.7592145462475,340.3969421386719,123737000
2022-10-17,346.4695113964719,350.24821073516875,340.0637984886666,349.14410400390625,93168200
2022-10-18,357.05371300233446,357.3583002169347,349.8103989866183,353.2464599609375,97162900
2022-10-19,351.2095126771094,353.9317132956456,347.9352732315164,350.7431335449219,79746900
2022-10-20,350.2958396474553,354.71226720130164,347.04062545500517,347.8020935058594,88283100
2022-10-21,347.5260408349085,356.7395859020458,346.02218871676973,356.2541809082031,131038400
2022-10-24,357.7770190393889,361.74606316639574,355.13095089201244,360.6134033203125,85436900
2022-10-25,360.5373287022716,366.6860338162217,360.4231157662592,366.3719482421875,78846300
2022-10-26,363.230974837986,368.90377378445976,362.9739957124518,363.6116943359375,104087300
2022-10-27,364.6111129190357,366.44810554176166,361.0513115703601,361.6700134277344,81971800
2022-10-28,361.5652086354592,370.7501985039981,361.3843618372089,370.2742919921875,100302000
2022-10-31,367.81868945232327,369.68423516133385,366.69555686556424,367.5997619628906,96631300
2022-11-01,371.3404256632253,371.57837896955164,364.8204992604764,365.9912109375,85407600
2022-11-02,365.4010542504777,369.9031408055681,356.70149735976,356.8061828613281,126990400
2022-11-03,353.5699669485685,356.16842682697944,351.0191151471187,353.13214111328125,87100100
2022-11-04,358.8336081280306,360.61349432188257,352.170915138916,358.2149353027344,103505200
2022-11-07,359.50936758378657,362.23156853069116,357.43442171013305,361.6414489746094,68286900
2022-11-08,362.745493209243,366.5622732100706,359.5188617569453,363.5926208496094,84641100
2022-11-09,361.6223724698831,362.77408732506177,355.6069062348671,356.10186767578125,78495500
2022-11-10,369.351119187772,376.0043135418382,367.0572748219786,375.6711730957031,141455800
2022-11-11,376.5277606911573,380.10658743180727,374.64316019638335,379.30706787109375,93839900
2022-11-14,377.5461835918774,380.89655521020984,375.8043493716394,376.08038330078125,71903500
2022-11-15,381.8198514474499,382.9239582221826,375.4807721813481,379.28802490234375,93194500
2022-11-16,377.6604912310654,378.6123045593404,375.76639200285024,376.39459228515625,68508500
2022-11-17,371.6449453937852,375.91860608551974,371.34038726892305,375.2427978515625,74496300
2022-11-18,378.57415608736795,378.64078997970154,374.10065167393867,376.9465637207031,92922500
2022-11-21,375.62353581760493,376.7466683045898,373.73893542221714,375.575927734375,51243200
2022-11-22,377.5176474312929,380.79188693120494,376.1089535381112,380.63006591796875,60429000
2022-11-23,380.29692789864373,383.51406095455076,380.06850204043604,383.0286560058594,68261600
2022-11-25,382.4671170422372,383.4950916496888,382.19111210524926,382.9430236816406,30545400
2022-11-28,379.8590951809206,381.4962149118125,376.0708685003482,376.83233642578125,67881600
2022-11-29,376.96558433179973,378.1553507626501,374.34809818392904,376.18511962890625,52310000
2022-11-30,376.4325818837763,388.0351867675781,374.51945716113363,388.0351867675781,144566700
2022-12-01,389.07270016589297,390.2434409456629,385.2464212750172,387.74969482421875,76398200
2022-12-02,382.86679385886526,388.20645105003473,382.76210836744406,387.30224609375,85342700
2022-12-05,384.48494250767516,385.4177008262784,378.98346353454565,380.33502197265625,77289800
2022-12-06,380.1732926862465,380.7158042080798,372.76818614779955,374.8526306152344,77972200
2022-12-07,374.005504706076,376.57541212687585,373.0822446819997,374.21490478515625,65927900
2022-12-08,376.0995130057314,378.21251059995166,374.3195977744953,377.146484375,60737900
2022-12-09,375.9090230523275,378.45987488377693,374.20526967404885,374.3290100097656,81447700
2022-12-12,375.119059475854,379.7258605957031,374.4528077117335,379.7258605957031,75405800
2022-12-13,390.45283160745686,390.7098107273862,379.8401197057134,382.6003723144531,123782500
2022-12-14,382.25764309363365,385.96020997530553,377.2130453095627,380.1541442871094,108111300
2022-12-15,375.2999009475401,376.2041350287874,369.19880442028864,370.8549499511719,117705900
2022-12-16,368.3029384387337,369.641590174743,364.3443519350762,366.47662353515625,119858000
2022-12-19,366.6678648941245,367.0025351167428,361.70526779936387,363.3690185546875,79878100
2022-12-20,362.61364283927566,365.482194633709,361.2941043449694,363.8662414550781,74427200
2022-12-21,366.4574464966575,370.4351746621718,365.9219858955704,369.306884765625,78167400
2022-12-22,366.2662256920997,369.28777027212345,358.34902428686854,364.038330078125,100120900
2022-12-23,363.01521636298173,366.2758070046261,361.4662030943732,366.13238525390625,59857300
2022-12-27,366.01764723973866,366.3618594408892,363.0152157544233,364.68853759765625,51638200
2022-12-28,364.6216127041186,366.59137848650926,359.9267751898031,360.15625,70911500
2022-12-29,362.9961320141737,367.5093216045126,362.4702133125497,366.6391906738281,66970900
2022-12-30,363.96197421142034,365.8169447456227,361.84878608283776,365.67352294921875,84022200
2023-01-03,367.52841345608357,369.49815002254616,361.274962367188,364.13397216796875,74850700
2023-01-04,366.3905264117615,368.9722345195995,363.34986872415914,366.94512939453125,85934100
2023-01-05,364.9945163658359,365.1092537639918,362.16422021646383,362.7570495605469,76970500
2023-01-06,365.8455090657922,372.19458418736764,362.7857380848977,371.0758361816406,104189600
2023-01-09,373.26550947515705,376.44961824670435,370.6838304181261,370.865478515625,73978100
2023-01-10,370.2822289287242,373.5332484725184,369.34515816722075,373.46630859375,65358100
2023-01-11,375.0439955334967,378.26633038365287,374.2312334389066,378.1898193359375,68881100
2023-01-12,379.289500125456,381.02973273660194,375.22571833967487,379.5667724609375,90157700
2023-01-13,376.37315440820146,381.6130534140989,376.10542404617286,381.0393371582031,63903900
2023-01-17,381.0201896884126,382.6935115955875,379.6623956443495,380.3412780761719,62677300
2023-01-18,381.526947386791,382.58829750949707,374.1356353327088,374.33642578125,99632300
2023-01-19,372.2997830998825,373.94442072442195,370.2918200719056,371.6113586425781,86958900
2023-01-20,373.0073764154368,378.6871115907864,371.36273880270227,378.53411865234375,91806400
2023-01-23,379.3373361629709,385.00750055643533,378.38115211629884,383.0760192871094,84178800
2023-01-24,381.4026252152029,383.57315208650715,380.21696655885887,382.664794921875,59524900
2023-01-25,378.6010544265812,383.14292828207675,376.3157607326886,382.8082580566406,84800300
2023-01-26,385.4663982164665,387.1779754700334,382.5022224600164,387.0154113769531,72287400
2023-01-27,385.97315181927854,390.2759788703347,385.7627902184548,387.9046325683594,68346200
2023-01-30,385.1508473703547,387.37877210654403,382.7412745466371,383.0376892089844,74202000
2023-01-31,383.5540875652921,388.717475261581,383.2098461559824,388.669677734375,86811800
2023-02-01,387.45528923844535,395.54462644508357,384.7206171548962,392.80035400390625,101459200
2023-02-02,396.6824246845757,399.98127069479483,394.78919930515946,398.518310546875,101654500
2023-02-03,393.5557615392747,398.70003602985804,393.0776695484089,394.282470703125,94736800
2023-02-06,391.8346069060138,393.26888274999055,390.21865378736663,391.8728332519531,60295300
2023-02-07,390.9549267928235,398.24104381969875,389.7118993305467,396.9980163574219,90990700
2023-02-08,395.02829871801737,396.36695047559357,391.9684982603406,392.6569519042969,76227500
2023-02-09,396.25223443266196,396.40522738183785,388.0290457920925,389.2529602050781,78694900
2023-02-10,388.07678232835883,390.54375312300726,387.26404936045475,390.1612854003906,70769700
2023-02-13,390.81146193268944,394.8752432701656,390.3524831825662,394.7413635253906,64913500
2023-02-14,393.2211029770664,396.8641617211256,390.6107393049538,394.5597839355469,88389300
2023-02-15,392.3700513500147,395.9174852871057,391.52860488743005,395.84100341796875,61555700
2023-02-16,390.87847129038914,394.8179447595729,390.25695751731473,390.39080810546875,76431500
2023-02-17,388.26803395095567,389.6545122847336,386.34609496505783,389.41546630859375,89257800
2023-02-21,385.39950609313314,386.4513142893378,381.34529542458307,381.60345458984375,82655900
2023-02-22,382.01458672604707,383.55405800104023,379.624126941612,381.0775451660156,83742300
2023-02-23,383.9652656213402,384.5772374212778,378.8879306391957,383.1047058105469,96242400
2023-02-24,378.0942177024235,379.8440212478962,376.3922116756281,379.01214599609375,108194400
2023-02-27,382.3492579579314,383.7070519585176,379.365968807818,380.30303955078125,80444700
2023-02-28,379.82499112745273,381.785156708453,378.79229603840645,378.8974914550781,96438600
2023-03-01,378.0847173960627,379.30863174384257,376.1436650512144,377.4440612792969,99706800
2023-03-02,375.4743487521402,381.22102427631245,375.1396784958807,380.37957763671875,85127800
2023-03-03,382.1962660076362,386.7285976253681,381.54606794616154,386.47998046875,90120000
2023-03-06,387.30225445436355,389.5971190249731,386.3078442662089,386.7476806640625,72795900
2023-03-07,386.699921017692,386.93896700217493,380.20742390861926,380.8193664550781,108310600
2023-03-08,380.9341721144572,382.1963128648765,379.21302334137835,381.4409484863281,74746600
2023-03-09,382.2249589763906,383.88873887527785,373.41851305631604,374.40338134765625,111945300
2023-03-10,373.8583475978051,375.93327957719293,367.4806170891498,369.0009460449219,189253000
2023-03-13,365.08059523708437,373.28466995051247,363.97141834242984,368.47503662109375,157790000
2023-03-14,373.3898317252391,376.21058604424246,370.0909854321958,374.5659484863281,149752400
2023-03-15,368.9818486133687,372.42408758364206,366.8973453679593,372.2232971191406,172996900
2023-03-16,369.8710404113854,379.0982086417623,369.3642641428275,378.75396728515625,143254200
2023-03-17,377.4256197444262,378.55821591341066,372.94318572096427,374.3253479003906,140553400
2023-03-20,375.1028314855244,378.3374942216171,374.4021719427654,377.92474365234375,93055800
2023-03-21,381.28415054635593,383.3670015855469,379.69082383763816,382.8870849609375,91524200
2023-03-22,382.71431965042825,386.3232727268631,376.3218267349629,376.3601989746094,111746600
2023-03-23,379.2205184817109,383.25182988301947,374.6709182110407,377.3776550292969,119351300
2023-03-24,376.10105243097433,379.94038538264834,373.7590569871103,379.85400390625,107682400
2023-03-27,382.12883352250185,382.8967177472465,379.671662586895,380.5643005371094,74010400
2023-03-28,379.87320774489075,380.5642888800985,377.8767674052834,379.7100524902344,62871700
2023-03-29,383.8660584843338,385.46899270747423,382.6662670661032,385.2290344238281,77497900
2023-03-30,387.8589998974814,388.10856590647154,385.62260139743574,387.48468017578125,69840000
2023-03-31,388.4061147934353,393.24368242982905,388.30051790737826,392.9461364746094,112062600
2023-04-03,392.42779542260035,394.84656445369103,392.03426030988214,394.4434509277344,67391100
2023-04-04,395.08655642138893,395.37452397054454,390.88248211307797,392.25506591796875,66601500
2023-04-05,391.52560384016596,392.28388034677903,389.5771434182015,391.2280578613281,65200200
2023-04-06,390.4313411526847,393.0325102209904,389.3851264771968,392.754150390625,63743300
2023-04-10,390.27775752337686,393.23406013832266,389.66347951634174,393.1572570800781,63681000
2023-04-11,393.7811965721071,394.66422675434245,392.4950235384784,393.26287841796875,59297900
2023-04-12,395.3264818376402,395.61444936283374,391.0744279375137,391.659912109375,86420400
2023-04-13,392.744581127332,397.21740780284637,391.602377161458,396.8622741699219,85814800
2023-04-14,396.2287697684171,398.4171884519207,393.5892282764297,395.892822265625,78161500
2023-04-17,395.80637894641507,397.3325100919648,394.5777937246766,397.3133239746094,66436400
2023-04-18,398.8874459715307,399.02183667204184,396.1999248791392,397.5724792480469,63560000
2023-04-19,395.66238716810176,398.40749567354555,395.6047995275526,397.5052795410156,55227300
2023-04-20,394.6929889766768,397.0829934844094,393.7907434550367,395.3360900878906,75840400
2023-04-21,395.6336418065236,396.10395069254025,393.6947893230702,395.64324951171875,73457400
2023-04-24,395.44166194381876,396.4782981802782,394.1075090570705,396.05596923828125,64332100
2023-04-25,394.088292257947,394.6450119030647,389.7114553215701,389.76904296875,97766700
2023-04-26,390.3833550986097,391.4583635816679,387.56144318468967,388.1181335449219,80447000
2023-04-27,390.65211692803183,396.11357024267807,390.40255091976803,395.8448181152344,92968400
2023-04-28,394.9617875942257,399.23305741321724,394.90419994068407,399.22344970703125,89433100
2023-05-01,398.78194148395835,400.8455772162606,398.589963107647,398.8203430175781,62122300
2023-05-02,398.11002828382885,398.1580375216088,391.4392047424731,394.337890625,103998500
2023-05-03,394.83697342513307,397.24616414474065,391.39117573178515,391.6311340332031,91531800
2023-05-04,390.5849268562114,390.91126663739385,387.52305652796423,388.85723876953125,94901900
2023-05-05,392.48538864162396,397.1021838881152,392.22624422840113,396.05596923828125,87891800
2023-05-08,396.3823322476967,396.64147667611564,394.76021173712985,396.16156005859375,50046800
2023-05-09,394.61623373049684,395.53766541370464,394.1939047732381,394.42425537109375,49220100
2023-05-10,397.2557473304781,397.8892407221348,392.44697389350114,396.2671203613281,96142900
2023-05-11,395.4032868637811,395.8639880395315,393.5028066384593,395.5760498046875,70157100
2023-05-12,396.8142810526254,397.0254455424627,392.63900049417026,395.0577697753906,70481500
2023-05-15,395.6624389099318,396.8238288685914,393.75238023444746,396.42071533203125,54289400
2023-05-16,395.3168627044219,396.23832360826236,393.7619377053924,393.77154541015625,57705500
2023-05-17,395.78721992832476,399.1562144912637,394.14591338269895,398.5515441894531,87287000
2023-05-18,398.23477512417634,402.8131980774416,398.01403224251106,402.390869140625,97177200
2023-05-19,403.29314851307697,403.8210450825171,400.5864117249465,401.8053894042969,103793300
2023-05-22,401.8245672616326,403.50427528786696,400.586374286309,401.9685363769531,60745400
2023-05-23,400.32722839371974,401.9013689419868,397.0638012887145,397.45733642578125,86383500
2023-05-24,395.85444497777297,396.238372422446,393.4164603018304,394.5778503417969,89213700
2023-05-25,398.0812545290906,399.44423070710803,395.84485582251955,397.994873046875,90961600
2023-05-26,398.64748907245814,403.8689837488059,398.57071530888675,403.14910888671875,93830000
2023-05-30,405.07843177412394,405.60632835331285,401.920572129655,403.302734375,72216000
2023-05-31,401.479097047602,402.38134275024066,399.50184266738273,401.0663757324219,110811800
2023-06-01,401.2966730663804,405.9326839874396,400.0489015795839,404.8768615722656,88865000
2023-06-02,407.4491390116575,411.5188218630449,406.92124253883765,410.7317810058594,91426200
2023-06-05,411.0773593229492,412.36353228842165,409.2440744066445,409.94476318359375,65460200
2023-06-06,409.53204325524,411.3652988856477,408.8793344192004,410.83740234375,64022200
2023-06-07,411.2309690598289,412.36356528982583,408.99454113451293,409.4168701171875,85373300
2023-06-08,409.48405866767195,412.34437231335727,408.71620378018724,411.89324951171875,61952800
2023-06-09,412.689850828952,414.63831094166113,411.6436362158996,412.63226318359375,85742800
2023-06-12,413.6113761039967,416.45247445367045,412.89150113320926,416.37567138671875,76104300
2023-06-13,417.8345546921649,419.76379931662035,417.1722675057486,419.1207275390625,95899700
2023-06-14,419.45674831132544,421.42439480568777,416.1741056268984,419.6199035644531,100612100
2023-06-15,418.8040313332803,426.06997610483035,418.7080714411939,424.82220458984375,110303100
2023-06-16,426.80484934957235,427.3732510116979,422.9030966686289,423.3751525878906,114165800
2023-06-20,421.4387558395076,422.32506614292663,419.1073181445954,421.1786193847656,76160400
2023-06-21,420.19591625792975,420.9955241203809,418.43288044222425,419.02056884765625,76982300
2023-06-22,418.06687430704443,420.6391323512952,417.72967888460175,420.5331726074219,70637200
2023-06-23,417.08410091737835,419.1361444036858,416.6409458444642,417.3538513183594,92074500
2023-06-26,416.7854848977608,418.70263864501453,415.4078319979814,415.648681640625,72823600
2023-06-27,416.52534656947205,420.82209563920264,416.07254809930254,420.2055358886719,72813700
2023-06-28,419.126500621765,421.4290371213432,418.5099408774898,420.41748046875,75636000
2023-06-29,420.00325329466176,422.2383451446893,419.5986423394109,422.0745544433594,67882300
2023-06-30,425.2826176991366,428.0379231770427,424.9646797436319,427.0552673339844,104964000
2023-07-03,426.7084788639364,427.8259952574617,426.4290850652605,427.546630859375,32793400
2023-07-05,425.7354801650757,427.6430199831629,425.7258367708566,426.91082763671875,58418400
2023-07-06,423.3366343156822,423.991738320798,421.06299828536083,423.5678405761719,80658300
2023-07-07,422.5755624788719,426.4388005460157,422.2576244540767,422.49847412109375,86134200
2023-07-10,422.1420000351028,423.7412452715391,421.57359837767063,423.5678405761719,62443500
2023-07-11,424.32890870557475,426.7566624993896,423.3558667490492,426.26531982421875,64463800
2023-07-12,430.0514894814251,431.1015903646367,428.62564905437046,429.69500732421875,91924500
2023-07-13,431.50622355890425,433.89546265173254,431.07271183277675,433.10546875,72425200
2023-07-14,433.991813962652,434.83958003816,432.07463074719146,432.8357238769531,69815800
2023-07-17,432.6911892645716,435.3886934056767,432.6430016974079,434.3385925292969,52680200
2023-07-18,434.01103608987984,438.2114395521847,433.57749499281715,437.56597900390625,80668200
2023-07-19,438.3559534009252,439.7239627832137,437.48887124527397,438.53900146484375,65891700
2023-07-20,437.5468528240574,438.442806666026,434.9167634744155,435.6296691894531,70591600
2023-07-21,437.3445179044397,437.5468528240574,435.6200551937084,435.6296691894531,71275600
2023-07-24,436.77604624077406,438.3849349409323,435.7452026173443,437.57568359375,54023400
2023-07-25,437.3059387900186,440.0227007047043,437.2577512159894,438.7702941894531,55191200
2023-07-26,437.8357038433955,440.26345740361967,436.78560303915054,438.837646484375,71052900
2023-07-27,442.2192143317386,442.6238546795818,435.02262562113657,435.92822265625,92194400
2023-07-28,439.1941327220315,441.0245840745933,435.92819754722996,440.1960754394531,80011800
2023-07-31,440.66814456102355,441.39069349037516,439.35790721415856,441.03424072265625,62040400
2023-08-01,439.5698514127993,440.51399258801536,438.8184017102693,439.7721862792969,55291500
2023-08-02,436.6604008783812,436.9205079074881,432.90315234388123,433.65460205078125,93933400
2023-08-03,431.64115804128886,434.29050444334024,430.9956679816183,432.411865234375,64276100
2023-08-04,434.2230076857938,436.32320952695244,429.9358722590493,430.45611572265625,100128900
2023-08-07,432.28658168791264,434.36752621178806,431.59293351328745,434.21337890625,58357500
2023-08-08,431.6796137883657,434.2037427118271,428.9724661870649,432.3251037597656,71361300
2023-08-09,432.59494431749346,432.75873504306617,428.6739043055151,429.43499755859375,78789600
2023-08-10,431.7856284811605,435.16716703483127,428.42337671620794,429.5890808105469,93005500
2023-08-11,427.720120293532,430.3502093181606,427.1228178060312,429.338623046875,68690900
2023-08-14,428.4233633029166,431.7085266113281,428.1150686990038,431.7085266113281,47867400
2023-08-15,429.9358583347008,430.29234049304716,426.1111649328765,426.6795959472656,75707500
2023-08-16,426.26537646534126,427.9224233894094,423.4426253576642,423.5486145019531,80107200
2023-08-17,425.01294414487614,425.27305119137833,419.8009540161682,420.3211975097656,95711300
2023-08-18,417.5080258452247,421.5543115245304,417.1612164787308,420.5234680175781,98852000
2023-08-21,421.5350602162778,424.00135836533855,419.3867000805202,423.2595520019531,68719000
2023-08-22,425.0321947779214,425.0321947779214,421.55433988295033,422.11309814453125,64994200
2023-08-23,423.17286834168584,427.4311034249485,423.0283644204359,426.81451416015625,68441000
2023-08-24,428.4137593836846,428.9243595057039,420.87033128977225,420.8992614746094,88517300
2023-08-25,422.62366273446645,425.14776219480035,419.07836317797603,423.866455078125,102325100
2023-08-28,426.0534267072631,427.17097271429145,423.8665222680011,426.5544128417969,61595400
2023-08-29,426.4483889303442,432.999517120143,426.26534084235647,432.7201232910156,83081900
2023-08-30,433.05731299234867,435.1382574911251,432.35402143192493,434.5024108886719,69053900
2023-08-31,435.11898360214246,436.2557869248091,433.6835290574293,433.8665771484375,66084600
2023-09-01,436.5833209067049,437.06502016743536,433.2210400744053,434.67578125,58944100
2023-09-05,434.23266409054196,434.55057269413254,432.72976461783867,432.79718017578125,55166200
2023-09-06,431.9879277285903,432.093916863234,427.56593166865076,429.8877258300781,70758500
2023-09-07,426.8915375451562,429.24223247025344,426.5447281630559,428.56787109375,70355400
2023-09-08,428.6159849900901,430.74508743408427,428.2595322506645,429.2132873535156,61659700
2023-09-11,431.8337979292306,432.3443980335229,430.1285929169173,432.0361328125,60180100
2023-09-12,430.59102153155527,432.11317840274216,429.0881220484013,429.6661376953125,67565400
2023-09-13,429.8877204342684,431.3231749266096,428.78943192828973,430.1671142578125,60199300
2023-09-14,432.6334271290332,434.5698383708397,431.332833106535,433.8761901855469,83430800
2023-09-15,432.2935551441486,432.6222625307114,428.2136712808251,428.6487121582031,111848900
2023-09-18,428.3393572391215,430.1956202798295,427.8656361967372,428.9001159667969,55752200
2023-09-19,427.9815868766938,428.5713482483716,425.332573169419,428.0105895996094,66514600
2023-09-20,429.2674693964477,429.68318495179983,423.8727265693422,424.0757751464844,82562600
2023-09-21,421.2334205936458,421.4944451347644,416.9118372759941,417.0665283203125,104095800
2023-09-22,418.091288955446,419.6864977783781,415.71294757869936,416.1286926269531,100829700
2023-09-25,414.920205158679,417.9172517040119,414.485134786977,417.87860107421875,70874500
2023-09-26,414.84288124552415,415.54865360911657,410.90801075336816,411.7394714355469,96168400
2023-09-27,412.90931622583537,413.47007499335564,408.268702550775,411.9038391113281,104705800
2023-09-28,411.3527373620953,415.964347748709,410.76297593705533,414.2917785644531,92258300
2023-09-29,417.3371661441051,417.5111824781116,411.7684074215334,413.2862854003906,115111300
2023-10-02,412.4548865420046,414.36915501527096,410.3666017087048,413.1219787597656,83798600
2023-10-03,410.94664397430034,413.1799422139496,406.22867088652805,407.59185791015625,103760600
2023-10-04,408.0559363281981,411.30435944495287,406.59606370497346,410.5599365234375,87453000
2023-10-05,410.269877205424,411.2463514179395,407.1858225474584,410.4052429199219,70142700
2023-10-06,407.9592644123595,416.81512702154566,406.6347574601129,415.2779235839844,113273300
2023-10-09,413.3829504373266,418.5069910271343,412.8318987010215,417.93658447265625,80374400
2023-10-10,418.56502711101643,422.70291641435927,418.16863686530417,420.1119079589844,78607300
2023-10-11,421.17540990507433,422.08417183466213,418.797068320578,421.83282470703125,62451700
2023-10-12,422.4418474172078,422.81888280363904,416.91176888328704,419.2610778808594,81154200
2023-10-13,420.75965970754623,421.95850789546967,415.60664534568787,417.1728515625,95143100
2023-10-16,419.4158131019472,422.6255856986061,419.1741138914331,421.5621032714844,75433200
2023-10-17,418.4393454760135,423.5923892481788,418.09131276942526,421.5427551269531,75324700
2023-10-18,419.77355201420596,420.73067151213604,414.84288188055683,415.9256896972656,93559800
2023-10-19,416.64115074369084,418.449056290601,411.5944695651963,412.2712097167969,121323000
2023-10-20,411.83610400929126,412.37750784711915,407.0987761718527,407.20513916015625,123919900
2023-10-23,405.67760643648245,410.35692908932583,403.92770652261123,406.4993896484375,92035100
2023-10-24,408.61670687631084,410.71466914656554,406.7701212432729,409.5641784667969,78564200
2023-10-25,407.88192884542195,407.91093157015536,403.17360349885,403.6860046386719,94223200
2023-10-26,402.6226131148312,403.4733696714875,397.9336418727087,398.8520812988281,115156800
2023-10-27,400.43756406837696,400.83395429205797,395.6229054415524,397.0440979003906,107367700
2023-10-30,399.8284803456642,402.8448816266276,398.5329761803426,401.79107666015625,86562700
2023-10-31,402.36153498192397,404.63351364420447,400.4569438698378,404.3144836425781,79665200
2023-11-01,405.28123407598383,409.43844855236455,404.74947812853236,408.6263427734375,98068100
2023-11-02,412.41616442869764,416.612088488878,412.3968391143164,416.4573974609375,94938900
2023-11-03,418.75837375712325,421.8037777300333,418.6326854543438,420.25689697265625,100167800
2023-11-06,421.01096687249964,421.6683815579989,419.2803924905788,421.2236633300781,67831700
2023-11-07,421.2237277176419,423.0606358569916,420.0829145000172,422.42254638671875,64256100
2023-11-08,423.02196085453033,423.5440394282341,420.43095231056213,422.73193359375,61746000
2023-11-09,423.8727750755541,423.91145521433583,419.00978765036695,419.4351806640625,83174400
2023-11-10,421.5040718428815,426.2896982135309,419.4254351571336,425.9803161621094,89462200
2023-11-13,424.64616313137293,426.6764127794683,423.86306009469695,425.57427978515625,52236100
2023-11-14,431.50076562505876,435.1165763059157,431.2783917339626,433.83074951171875,97176900
2023-11-15,435.16486101976614,436.3927117469104,433.8983596665992,434.7491455078125,77327600
2023-11-16,434.3045010394223,435.60000533429076,433.2410185572766,435.2809753417969,66665800
2023-11-17,435.29057073108856,436.43141334936854,434.3721314970017,435.82232666015625,83133200
2023-11-20,435.5709613361329,440.01823251915994,435.56128392675316,439.1771240234375,69936200
2023-11-21,438.13299304399567,439.0514618608499,436.9534996970191,438.2200012207031,49244600
2023-11-22,439.87318409093035,441.2266936036218,438.81937920232434,439.9118347167969,59394900
2023-11-24,439.9601812765508,440.3758967764509,439.63147393912095,440.1825256347656,29737400
2023-11-27,439.55417048077294,440.36627627306393,439.00308920962266,439.38983154296875,50506000
2023-11-28,439.0030764411284,441.1203637861366,438.44234728096177,439.8248596191406,62115000
2023-11-29,441.97117519611106,443.10234049536746,439.1191421839662,439.5155029296875,63146000
2023-11-30,440.3565962233876,441.5940948885885,438.2876370073433,441.24603271484375,79752700
2023-12-01,440.6369649429203,444.38814123082403,440.0472330596215,443.8564147949219,89183400
2023-12-04,440.47265370720123,443.8757680204174,439.25448022667734,441.5264587402344,72430900
2023-12-05,440.14397929835064,442.3966031608258,439.76691433401015,441.4394836425781,69793500
2023-12-06,443.57603770145914,443.60504042530386,439.2254520989698,439.6605224609375,69124700
2023-12-07,441.73911050428126,443.6630266124851,441.13970123464765,443.0152893066406,66995400
2023-12-08,442.27087844484373,445.451648340426,442.02917923250493,444.919921875,83194400
2023-12-11,444.4268307846884,446.8244975103325,444.2141343049595,446.65045166015625,65002200
2023-12-12,446.3024402574832,448.7871152745883,445.30664066950123,448.6904296875,68327600
2023-12-13,449.0674408996175,455.12927578193285,448.709730800554,454.8778991699219,93278000
2023-12-14,456.8114895469167,458.0006602364905,453.6693999362765,456.3377685546875,119026000
2023-12-15,455.7417439978948,456.91633245678577,453.74207009746453,455.58642578125,141553700
2023-12-18,457.1880784913936,459.12951153664727,456.13000103660045,458.1490783691406,70375300
2023-12-19,458.6927663957653,461.01279355520546,458.6151220933891,460.93511962890625,55761800
2023-12-20,460.08088857770923,461.9640813854923,454.12070331796554,454.5478210449219,102921000
2023-12-21,457.5278509164755,459.1295570366737,455.1107760152546,458.8577575683594,86667500
2023-12-22,459.98377994700513,461.4592882220052,457.8870580411275,459.7799377441406,67160400
2023-12-26,460.18765521976536,462.62413389794295,460.109981297383,461.72137451171875,55387000
2023-12-27,461.5175394244562,462.70181495571654,460.9836571015111,462.55621337890625,68000300
2023-12-28,462.91536504878167,463.5657286208665,462.3135254600746,462.7309265136719,77158100
2023-12-29,462.5367654374911,463.06096072132885,459.4401769650659,461.3913269042969,122283100
2024-01-02,458.3335624378489,459.7993540123723,456.7124526493962,458.8092041015625,123623700
2024-01-03,456.6542463475319,457.39200051317124,454.4604467676884,455.0622863769531,103585900
2024-01-04,454.5866169474703,457.1687269140432,453.3732210773095,453.59649658203125,84232200
2024-01-05,453.80034274035296,456.66396886840727,452.7713854034213,454.2177734375,86118900
2024-01-08,454.71278328613425,460.84771948944723,454.5865853845721,460.7021179199219,74879100
2024-01-09,458.05202403896755,461.02241437904433,457.54726208619434,460.003173828125,65931400
2024-01-10,460.275022232607,463.4686883884697,459.99350610212235,462.604736328125,67310600
2024-01-11,463.60455806414546,464.119036700077,458.4306513904914,462.40087890625,77940700
2024-01-12,463.84719564870727,464.58494971105563,461.31363965656635,462.7211608886719,58026400
2024-01-16,461.3428140279713,462.6532578332319,459.2072255045687,461.0224609375,85014900
2024-01-17,458.00353981867966,458.94513616011074,456.110630489601,458.45977783203125,68843900
2024-01-18,460.1294153145847,463.0900892897804,458.58597937392244,462.5367736816406,91856200
2024-01-19,463.6628015298727,468.58434205067863,462.5853202688259,468.3028259277344,110834500
2024-01-22,469.83653714242234,471.0110958989677,468.6425450951434,469.2929382324219,75844900
2024-01-23,469.836566173897,470.9043307691421,468.7493682867175,470.6616516113281,49945300
2024-01-24,473.525326396796,474.4572061642856,470.6811334834007,471.17620849609375,81765000
2024-01-25,473.3020267275593,474.01066056996024,471.17618444820096,473.7388610839844,72525000
2024-01-26,473.3117458196852,474.7969411657135,472.2925051479898,473.13702392578125,76641600
2024-01-29,473.4476261562877,477.0295728420406,472.9040272208165,476.8839416503906,61322800
2024-01-30,476.19475312019154,477.2237103899132,475.7579187820987,476.5151062011719,58618400
2024-01-31,474.3116203199268,474.7581417365117,468.7202822815869,468.7397155761719,126011100
2024-02-01,470.43839078044346,474.9036930669608,469.6326794127357,474.87457275390625,91891600
2024-02-02,475.31139921660196,481.5239798187347,474.971642466127,479.873779296875,99228200
2024-02-05,479.24287384642,479.90295413015167,475.87448552123806,478.12652587890625,75757100
2024-02-06,479.06803644581043,479.84462748505155,477.64108188661896,479.51458740234375,55918600
2024-02-07,481.75695184930976,483.93134756331705,480.8541628931194,483.5139465332031,70556500
2024-02-08,483.51391920150996,484.1060420771884,482.6985208548494,483.72747802734375,52343600
2024-02-09,484.2322563033971,486.95996752942966,483.89249957484776,486.5231628417969,63979400
2024-02-12,486.4940393494017,488.7557959365899,485.59125041968997,486.3096008300781,56502300
2024-02-13,480.0485287007201,482.53356108402113,476.35010044182593,479.6116943359375,113099200
2024-02-14,482.2423099561509,484.4555426281319,479.9222830533005,483.9701843261719,68387800
2024-02-15,484.66912826614583,487.49391729462275,484.1934569596569,487.3094787597656,61683000
2024-02-16,487.00856229426716,488.1442842020213,484.144936285217,484.8826904296875,75532900
2024-02-20,483.14513661085397,483.8149335308038,479.9709035383399,482.2132568359375,71736700
2024-02-21,480.9124629140013,482.8053426352379,479.1069145137689,482.6500244140625,59293400
2024-02-22,489.25091074641995,493.59970240133447,488.2898811137423,492.6387023925781,76402500
2024-02-23,494.3568250348437,495.1916567031526,492.25038663284334,492.9784240722656,61321800
2024-02-26,493.4152350521733,493.8520693709636,491.0466841824756,491.1728820800781,50386700
2024-02-27,491.86211180789684,492.30863314805396,489.9692025931845,492.0853576660156,48854500
2024-02-28,490.53217814092545,492.0173732682764,490.17301775947533,491.4349670410156,56506600
2024-02-29,493.19197313484807,494.8130532117829,490.55162288856457,493.20166015625,83924800
2024-03-01,494.07533144522296,498.2590878764062,493.6676174504883,497.83197021484375,76844800
2024-03-04,497.03607301464484,499.1425115484434,497.00692307628157,497.2981262207031,49799300
2024-03-05,495.2984545471132,495.745005535815,490.1245478315941,492.32806396484375,72855600
2024-03-06,495.5993458504527,497.0748540345267,493.53174438668293,494.8227844238281,68382400
2024-03-07,498.1135389799133,500.7830096761973,494.8810360564722,499.734619140625,58652100
2024-03-08,500.36560770630734,503.04473579557066,496.1623881738849,496.735107421875,86532500
2024-03-11,495.53145243574386,496.8904498381802,493.6094227797772,496.3080139160156,62557200
2024-03-12,498.41443934118087,502.2293483869414,495.9002573325016,501.6469421386719,73114400
2024-03-13,501.9671962175004,502.1419180781509,499.4239237216424,500.8605651855469,55104100
2024-03-14,501.8313823905043,501.98673024081194,496.832226949847,499.8705749511719,110171800
2024-03-15,496.80813351794416,498.2590153922283,494.7730358188075,496.4381103515625,107646300
2024-03-18,500.498619372016,501.93972478311895,498.9795987021718,499.3885498046875,88893300
2024-03-19,498.6972103635703,502.44605736767124,497.6942371868493,502.1636962890625,60755300
2024-03-20,502.2220766323413,506.94465591796825,501.5501987684062,506.8083190917969,69594600
2024-03-21,509.64192900671355,510.34298796408666,508.2007643189091,508.4831848144531,60256100
2024-03-22,508.39551924735605,508.8823855528386,507.2854498071945,507.5191955566406,79070800
2024-03-25,506.14624650613894,507.2660628859731,505.961234915521,506.1170654296875,48512100
2024-03-26,507.53866742888704,507.87950952715136,504.78304672651166,505.1822509765625,65463700
2024-03-27,508.0061834942003,509.46678276035976,505.8444656756774,509.42779541015625,82999800
2024-03-28,509.46668962011773,510.8298796934876,509.04799170553036,509.3303527832031,96294900
2024-04-01,510.07032895168504,510.6058699579784,507.2854087415083,508.44415283203125,62477500
2024-04-02,504.62724203503336,505.3477947483364,502.9134629158643,505.2115173339844,74230300
2024-04-03,504.12080800253995,507.2660046821648,504.0721332594207,505.76641845703125,59155800
2024-04-04,509.7685979294163,510.10938062558256,499.29122383235546,499.59307861328125,96858100
2024-04-05,500.9465048519071,506.7694068986325,500.5083132867227,504.81219482421875,74546500
2024-04-08,505.5132702303462,506.51618383860915,504.28635772492515,505.0945129394531,48401800
2024-04-09,506.8278303713481,507.0712635271461,500.8393509659492,505.6788330078125,68049200
2024-04-10,499.9922752896709,502.60187193743167,498.638831930463,500.615478515625,82652800
2024-04-11,502.1344876196163,505.8346601112469,498.6290735605831,504.3935546875,70099000
2024-04-12,500.85889444352966,502.27081877394835,495.70784003413945,497.4313659667969,92561100
2024-04-15,501.5989207934361,501.7644387082916,490.3522904966187,491.199462890625,92101400
2024-04-16,491.6765860412786,493.19560665785394,489.01828510429004,490.3036193847656,73484000
2024-04-17,492.75738492725213,492.9229325491744,486.00942494137024,487.40185546875,75910300
2024-04-18,488.7942988433905,490.887817979909,485.4641202927352,486.3988952636719,74548100
2024-04-19,486.32110910602853,487.3143058583513,480.88766347352384,482.1535339355469,102212600
2024-04-22,484.7533503648902,489.18385210193054,482.41639776348796,486.5937194824219,67961000
2024-04-23,488.5995489497242,492.79633413093177,486.4086505723251,492.3678894042969,64633600
2024-04-24,493.25400289949073,494.04272395926796,489.91410708182036,492.13421630859375,55928100
2024-04-25,486.0678630419317,491.02415872515365,484.42225246602163,490.2646484375,69122400
2024-04-26,493.04956028124485,496.48683553540934,492.41663996726425,494.9093933105469,64306100
2024-04-29,496.69125912925006,497.33392621215023,493.92586210692747,496.66204833984375,46415400
2024-04-30,495.20149000874,496.1752226900087,488.7943420410156,488.7943420410156,77483600
2024-05-01,488.2100662136069,494.84118298455326,486.73972044696376,487.2071228027344,80242800
2024-05-02,490.9073316662554,492.6016467604268,486.4281553313073,491.76422119140625,62550200
2024-05-03,497.73321224009646,499.08668524553275,495.20150126804214,497.85980224609375,72756700
2024-05-06,500.25510463599915,503.03996550471606,499.8169130959195,503.00103759765625,47264700
2024-05-07,503.9651034446084,504.9485829994704,502.8842743906612,503.55615234375,52561300
2024-05-08,501.72553086291623,504.14036899052337,501.6086876910597,503.6048278808594,42047200
2024-05-09,503.7897771689901,506.5454570669787,503.1373929681529,506.5064697265625,43643700
2024-05-10,508.1034582569593,508.9116730396104,505.94180018838176,507.1589660644531,52233200
2024-05-13,508.83382527628623,508.94092162392354,506.0878915638067,507.2271423339844,36716400
2024-05-14,507.42181386177714,510.0703976103099,506.88627278339663,509.5542907714844,57535900
2024-05-15,512.0178797101214,516.1562436643347,511.38492968552964,515.8641357421875,59504900
2024-05-16,515.9614786446474,517.558414507879,514.6566506998298,514.802734375,50244800
2024-05-17,514.9195214966393,515.6108930215729,513.4686694664939,515.542724609375,59187600
2024-05-20,515.6596602461204,517.5973789121299,515.2701433728218,516.1367797851562,37764200
2024-05-21,515.3772666864285,517.5584184029028,515.1727614260365,517.402587890625,33437000
2024-05-22,516.7113097871478,517.4221156794935,513.7413773413039,515.912841796875,48390000
2024-05-23,518.9605372397859,519.0676335599267,510.9369308576571,512.1444091796875,57211200
2024-05-24,513.9848197975488,516.3412958961842,513.0403275362747,515.5330810546875,41291100
2024-05-28,516.3411878885217,516.5748741957514,513.2641596915468,515.8932495117188,36269600
2024-05-29,511.8718716025252,513.4590608844294,511.57001679975457,512.2808227539062,45190300
2024-05-30,510.74230907986095,511.4044402025134,507.63609930287237,508.8824462890625,46377600
2024-05-31,509.8367770177735,513.6440460717812,504.7441141188356,513.5174560546875,90785800
2024-06-03,515.1240809646227,515.4064420460951,508.87267437322015,513.9360961914062,46835700
2024-06-04,512.6312623824123,515.250605333056,511.17066354967966,514.5105590820312,34632700
2024-06-05,516.8280887412405,520.645104022442,514.8416361330836,520.6256103515625,47610400
2024-06-06,520.9275684331457,521.3560132540258,518.6879948188819,520.615966796875,30808500
2024-06-07,519.6421291117942,522.787325920015,518.5515533208824,519.9829711914062,43224500
2024-06-10,519.1748224338155,521.9110090941606,518.5808597177815,521.5896606445312,35686100
2024-06-11,520.0413486344055,522.9041247005574,518.0743898707741,522.845703125,36383400
2024-06-12,527.4028194115604,529.8274041983666,526.1077383475028,527.139892578125,63251300
2024-06-13,528.8829798084458,529.0582445758802,525.4164935113477,528.2013549804688,44760900
2024-06-14,526.6725890295746,528.551886156822,525.6696157422205,528.522705078125,40089900
2024-06-17,527.8409678567655,534.1215548157255,527.3832826445532,532.7290649414062,55839500
2024-06-18,532.7875604635906,534.2092316077063,532.3688625324717,534.0826416015625,41376400
2024-06-20,535.0076850141029,535.669816103357,530.8595742964317,532.6317749023438,70328200
2024-06-21,531.810221745453,533.0313142277637,530.4621308750893,531.9176635742188,64338600
2024-06-24,531.7419157804823,534.3013212499749,530.0714395414016,530.1886596679688,45528700
2024-06-25,531.4096852385123,532.5917242597523,529.8955424418219,532.2302856445312,37936200
2024-06-26,531.1167351250136,533.6077524053179,530.4720243887124,532.8946533203125,38550600
2024-06-27,532.7576842601343,534.3109399086211,532.0152505978965,533.7345581054688,35041500
2024-06-28,534.5064116818106,537.5543137581463,530.3938098387125,531.6343994140625,76144500
2024-07-01,533.0117876323043,533.2560061424955,529.9737236752046,532.728515625,40297800
2024-07-02,531.1264605772033,536.3136596679688,531.0776287968915,536.3136596679688,40434800
2024-07-03,536.0010708200014,539.068469909586,535.9620173191718,538.70703125,32789900
2024-07-05,539.0098526062544,542.213968717536,538.3748605783948,541.8134765625,41488400
2024-07-08,542.5948722312855,543.3861377502993,541.3737797869028,542.4385986328125,36110500
2024-07-09,543.396013525926,544.2947210316149,542.6731362089374,542.9661865234375,27289700
2024-07-10,544.1872136667199,548.6808102777995,543.894163387503,548.3389282226562,38701200
2024-07-11,548.4561564855596,549.3255886798729,542.9759074999535,543.61083984375,53054200
2024-07-12,544.7343252522627,550.6346235261244,544.2654447499774,547.0397338867188,53084400
2024-07-15,549.0325043663784,551.7775178290722,546.6879829958002,548.5440673828125,40584300
2024-07-16,549.8530882979716,552.090108393895,549.1008762046278,551.7970581054688,36475300
2024-07-17,545.8772131422685,547.5476892504238,543.7378565645935,544.0602416992188,57119000
2024-07-18,545.5939606590898,546.5806130354061,537.7008012722223,539.8792114257812,56270400
2024-07-19,539.6447995873152,541.2664440605769,535.2390876445896,536.2941284179688,65509100
2024-07-22,540.2113760766848,542.4288993582354,538.277184442637,541.8232421875,43346700
2024-07-23,541.7158240516679,543.8649593221226,540.4850125830039,540.9734497070312,34439600
2024-07-24,536.1671163330532,536.4699449259502,527.7952979520205,528.7135620117188,74515300
2024-07-25,528.8307523766035,534.7994982405838,525.0209792890996,525.958740234375,61158300
2024-07-26,529.7392217162956,534.5356464631268,528.9674531548811,531.8492431640625,53763800
2024-07-29,533.3927971337158,534.3989464184045,530.1690650137424,532.1619262695312,39515800
2024-07-30,533.6271909452782,534.6822315404584,526.0661958644091,529.4656982421875,46853600
2024-07-31,536.2842643515584,540.6997538692295,534.9166765387299,538.0719604492188,65663400
2024-08-01,539.7912440920945,542.0380422456446,526.955106117804,530.4523315429688,76428700
2024-08-02,523.3602388903765,524.5715530952934,516.3755660291246,520.576171875,82789100
2024-08-05,499.80782241877216,511.4717002411795,498.4694800108966,505.4150695800781,146267400
2024-08-06,507.21253555376086,517.4990483238507,505.89377938390135,510.0748291015625,84826300
2024-08-07,516.248598311969,519.2965001883216,506.06958745039486,506.66546630859375,70698300
2024-08-08,511.79405372836936,519.0033889369354,509.77197692780607,518.3782348632812,63276600
2024-08-09,517.5576103421191,522.1489300560904,516.3365178449808,520.6640625,45619600
2024-08-12,521.8559471668351,523.3407552909962,518.6713279832952,520.9376831054688,42542100
2024-08-13,524.122235093717,529.739260585726,523.8780165940644,529.5047607421875,52333100
2024-08-14,530.2960824274743,532.3573320967027,527.6292352085552,531.17529296875,42446900
2024-08-15,536.7923373384469,540.5630571909627,536.1866801444643,540.27978515625,60846800
2024-08-16,538.6679083622046,542.1846909540823,538.5116347380534,541.4910888671875,44430700
2024-08-19,541.9013070349608,546.66845703125,541.0514314058853,546.66845703125,39121800
2024-08-20,546.2191462607274,547.8700657821756,544.4412283435015,545.779541015625,33732300
2024-08-21,546.8247712917706,549.1106230342316,541.9012882335657,547.6550903320312,41514600
2024-08-22,549.5502804647684,550.1559376249218,542.1455582382872,543.3568725585938,56121500
2024-08-23,546.5903394303513,550.0680084955276,544.4020915801096,549.1301879882812,50639400
2024-08-26,550.1559102385648,550.8690092024209,546.1214157161334,547.8211669921875,35788600
2024-08-27,546.5512279111676,549.0618012606642,545.4083020191189,548.5733642578125,32693900
2024-08-28,548.2314695905903,548.661296528156,542.2041141850556,545.3887329101562,41066000
2024-08-29,547.352316743397,550.644377643334,544.2946960843145,545.4376220703125,38715200
2024-08-30,547.8017316610252,551.1524028130747,544.2556737558524,550.6444091796875,62700100
2024-09-03,547.508549729637,547.8407131286382,536.8020487007664,539.3126220703125,60600100
2024-09-04,537.4760847370844,541.608242662233,536.7532075195429,538.208740234375,47224900
2024-09-05,538.1500854338868,540.9927622926045,534.4476951362813,536.899658203125,44264300
2024-09-06,537.2220554393132,538.8436399407501,526.964879098129,527.8635864257812,68493800
2024-09-09,532.0543118539553,535.0435431443859,530.1298395619191,533.7735595703125,40445800
2024-09-10,535.678584169421,536.4503527479894,530.8137709847371,536.0986328125,36394600
2024-09-11,536.0108196239122,542.5167747623394,527.4729497044474,541.5985107421875,75248600
2024-09-12,542.1747991721596,546.4632899534062,539.957276313442,546.1604614257812,51819600
2024-09-13,546.7660805022687,550.0093088180744,546.5120837631322,549.0128784179688,39310500
2024-09-16,548.7492552395013,550.0875680057417,546.9518402590558,549.8238525390625,36656100
2024-09-17,552.0314851715059,553.477299266029,547.8211605278194,550.0484619140625,49321000
2024-09-18,550.702966140304,555.5385046014119,547.8602888957543,548.4171142578125,59044900
2024-09-19,557.8048475354702,559.6315971955383,554.9426137920285,557.7755126953125,75315500
2024-09-20,556.4096807844697,557.8500616857909,553.793383536953,556.8114013671875,77503100
2024-09-23,557.8794446150124,558.8495067502496,556.6643550711399,558.2027587890625,44116900
2024-09-24,558.9964868304339,559.8587776289324,556.1744550910837,559.7999877929688,46805700
2024-09-25,559.6431398003925,560.3780425284191,557.4579883539482,558.5652465820312,38428600
2024-09-26,562.8179934718497,563.1413674659622,558.428192996937,560.7798461914062,48336000
2024-09-27,561.847824630314,562.6610738881527,558.9375788488986,559.9664306640625,42100900
2024-09-30,558.9376557740085,562.8179640810873,556.6447925339722,562.21044921875,63557400
2024-10-01,561.8576367225866,562.5043247858904,554.6065728022052,557.173828125,72668800
2024-10-02,556.282242548741,558.4281611024765,553.8913563966638,557.4090576171875,38097800
2024-10-03,555.9392527365582,558.3301388916863,554.106899883147,556.3900146484375,40846500
2024-10-04,560.8287218708198,561.818400406846,556.6642732473864,561.446044921875,42939100
2024-10-07,559.7999688939893,560.4467168743025,555.22399069742,556.3704223632812,49964700
2024-10-08,558.9376805045769,562.2300906410503,558.0656412646009,561.63232421875,37398700
2024-10-09,561.6224751598685,566.0809331902332,561.0247685875196,565.5223999023438,37912200
2024-10-10,564.1799758679994,565.9535388259317,562.9257131010544,564.53271484375,44138100
2024-10-11,564.4543586951436,568.6482329129351,564.3171624790748,567.913330078125,42268000
2024-10-14,569.5202272995722,573.4887501402064,569.0401003876937,572.557861328125,36217200
2024-10-15,572.8224884018784,573.1262458468478,566.8942243784207,568.1093139648438,54203600
2024-10-16,568.1092586044506,571.0978512020905,567.305757742965,570.5784912109375,30725400
2024-10-17,574.1158386665669,574.3216329805343,570.4413246734956,570.6275024414062,34393700
2024-10-18,572.3128360166068,573.6062719503354,570.8528388827377,572.8223876953125,37416800
2024-10-21,572.0972566282711,573.0771269383695,568.9126781204517,571.8817138671875,36439000
2024-10-22,569.3536780068462,572.7342428128154,568.697181591541,571.5780029296875,34183800
2024-10-23,569.5593582450659,570.0003117934486,562.8570198066266,566.3551635742188,49314600
2024-10-24,568.3052337104026,568.3836400907534,564.9639018539431,567.5801391601562,34979900
2024-10-25,569.8044050522926,572.6950344865168,566.443456997856,567.3840942382812,47268200
2024-10-28,570.8529569215461,570.9803448675634,568.8344261393737,569.13818359375,30174700
2024-10-29,568.1778707648036,571.1762720247682,566.7864714367279,570.0592651367188,42899700
2024-10-30,569.588797638648,571.5779630983764,567.6290569957021,568.3345947265625,41435800
2024-10-31,563.9741674152153,564.0427655154251,556.9974954170759,557.1934814453125,60182500
2024-11-01,559.8195584319851,563.9643910438907,559.1336371976272,559.545166015625,45667500
2024-11-04,559.6823835212687,560.9758196621659,556.4586313456186,558.3399658203125,38217000
2024-11-05,559.2511382887498,565.1303598031815,559.0355955403569,565.0911865234375,39478300
2024-11-06,577.3396500855225,580.0146771322202,573.6063462638446,579.142578125,68182000
2024-11-07,581.1415036340469,584.6396478381987,581.0630972629532,583.6205444335938,47233200
2024-11-08,584.1693242787533,587.5695056932594,584.1693242787533,586.148681640625,46444900
2024-11-11,587.7360051791314,588.0887441353201,584.9825720146739,586.7071533203125,37586800
2024-11-12,586.6287204841349,587.2264269895784,582.4054820528869,584.8845825195312,43006100
2024-11-13,585.3451927424278,587.1677373847895,582.9837313260188,585.1688232421875,47388600
2024-11-14,585.2961219646461,585.7762488320935,580.7201445096133,581.406005859375,38904100
2024-11-15,577.8490404616651,578.3194188381738,572.1070152959201,573.958984375,75988800
2024-11-18,574.4195277074432,577.6237226660043,573.5572968817456,576.3107299804688,37001700
2024-11-19,572.9400989259979,579.1426361014928,572.2737941658764,578.4175415039062,49412000
2024-11-20,578.4958236706298,578.8975441726233,572.8615695316089,578.6134033203125,50032600
2024-11-21,581.455141177832,583.1404896221547,575.6249001169805,581.7196655273438,46750300
2024-11-22,581.7097870344509,584.1497143652956,581.2101034094488,583.5225830078125,38226400
2024-11-25,587.451946771504,588.7649396726674,583.2188992835091,585.5020141601562,42441400
2024-11-26,586.7464687495894,589.2255699286757,586.0311823918292,588.5592651367188,45621300
2024-11-27,588.3730114334577,588.755115442667,585.2570306878304,586.7758178710938,34000200
2024-11-29,587.5889978813017,591.2047216811674,587.314665296655,590.4208374023438,30177400
2024-12-02,590.8323780737772,592.1552388895445,590.3424429138348,591.4791259765625,31746000
2024-12-03,591.2439870884159,591.9984465923378,590.2151351783115,591.7534790039062,26906600
2024-12-04,593.438872844782,595.6729460981672,592.7725681970518,595.427978515625,42787600
2024-12-05,595.4280516027892,596.2315525489399,594.0954421437544,594.4481811523438,28762200
2024-12-06,595.212464951605,596.8096584526629,594.800936138575,595.5750122070312,31241500
2024-12-09,595.4574149257465,595.6239761392873,591.9200973185369,592.5079956054688,34742700
2024-12-10,593.1841677805376,593.605504896008,590.0093971009587,590.6658935546875,37234500
2024-12-11,593.5858198104879,596.1824400499527,593.311427437485,595.2319946289062,28677700
2024-12-12,594.3698697768823,594.9381516110824,592.1651611328125,592.1651611328125,31543800
2024-12-13,594.1934038090473,594.9086900260288,590.6756429397628,592.0474853515625,35904700
2024-12-16,593.8013634964105,595.5455612250375,593.0272875396962,594.575439453125,43695200
2024-12-17,592.0278913761272,592.9881452170704,590.7540718346318,592.1258544921875,55773500
2024-12-18,591.8220501813851,594.2031278558312,574.0962297805506,574.4783935546875,108248700
2024-12-19,579.456068103567,581.0630696987981,574.0569733506421,574.3019409179688,85919500
2024-12-20,571.9778279294948,585.7225012446567,571.132257605004,581.199951171875,125716700
2024-12-23,580.9443313472664,585.2800771480029,577.7686569320756,584.6803588867188,57635800
2024-12-24,586.0272244384283,591.2183812455869,585.4471288073329,591.1790161132812,33160100
2024-12-26,589.4094496188982,592.3392722176656,588.0133673077331,591.218505859375,41219100
2024-12-27,587.4823184826345,587.7183292627742,580.8164691334702,584.9949340820312,64969300
2024-12-30,577.9948115421023,581.7799853973963,574.5733451400716,578.3192138671875,56578800
2024-12-31,579.9807622286955,580.6985158642835,574.583178079053,576.2152709960938,57052700
2025-01-02,579.4696102256324,581.1803135593343,570.7292291618253,574.799560546875,50204000
2025-01-03,577.64092396713,582.6255346471705,576.5594027877501,581.9865112304688,37888500
2025-01-06,586.2337058999022,589.6059655334043,583.6086036715416,585.3389892578125,47679400
2025-01-07,587.3643167301589,587.6887790314382,576.903452910936,578.7222900390625,60393100
2025-01-08,578.7911897402016,580.6395509433228,575.350100693004,579.56787109375,47304700
2025-01-10,576.0185903209236,576.0874192959229,568.8119506064235,570.7192993164062,73105000
2025-01-13,566.0788468496604,571.9581742427216,565.6658729466735,571.604248046875,47910100
2025-01-14,574.5241441869972,575.1533862250869,568.6152938144415,572.3906860351562,48420600
2025-01-15,580.3937768602567,583.9430001285099,579.2827918470954,582.8025512695312,56900200
2025-01-16,584.1691475266347,584.346110636513,580.9836915331506,581.6817626953125,43319700
2025-01-17,586.9121689712896,589.2717368825727,585.5848557638515,587.521728515625,58070600
2025-01-21,590.5596519481012,592.9094384516549,588.5933154613438,592.8995971679688,42532900
2025-01-22,595.7213382459036,597.5893820777127,595.1707663809229,596.2326049804688,48196000
2025-01-23,595.6033506126263,599.4868774414062,595.3280946897063,599.4868774414062,41152100
2025-01-24,599.5457500838805,600.4994543662986,596.586404435373,597.7366943359375,34604700
2025-01-27,584.7983708814467,589.5962372876534,584.6312490621345,589.2816162109375,70361100
2025-01-28,590.5105900023588,595.1806398263976,587.1973173488781,594.344970703125,44433300
2025-01-29,593.5583671362218,593.9614997638901,589.1341095636221,591.6805419921875,37177400
2025-01-30,593.7943006280343,596.389819126707,590.6087851839717,594.8560791015625,39281300
2025-01-31,597.2746959271392,599.6933113603776,590.9332488823969,591.6903076171875,66566900
2025-02-03,582.6943625959686,590.1861005375324,580.5510628181718,587.7085571289062,65857200
2025-02-04,587.7674745011321,592.1622076462813,587.2267439810199,591.6510009765625,33457800
2025-02-05,590.5301667443101,594.1973649569587,588.5048426365228,594.0498657226562,30653100
2025-02-06,595.7901616750784,596.242440705887,592.4867305159943,596.1146240234375,35771500
2025-02-07,596.6750666805723,597.8941858585465,589.9501686239648,590.6580810546875,50788500
2025-02-10,593.863227291288,595.30845601079,592.5949016719809,594.6693725585938,26048700
2025-02-11,592.4080280097315,595.662312577201,592.2900526181724,595.12158203125,30056700
2025-02-12,589.1144530437037,594.3743794070193,588.4360645213627,593.2044067382812,45076100
2025-02-13,594.3055902381474,599.6737110792319,593.047165943141,599.4672241210938,40921300
2025-02-14,599.6736338799176,600.7059485220444,598.8182823186273,599.4376831054688,26910400
2025-02-18,600.5977915687461,601.197509765625,598.1398710820379,601.197509765625,26749000
2025-02-19,599.8113366176324,602.908280775238,599.3000698962699,602.6133422851562,31011100
2025-02-20,601.2467110134413,601.3843689751305,596.8028311734677,600.1062622070312,36554000
2025-02-21,599.8899309928074,600.0275889538111,589.3798596850504,589.8419799804688,76519800
2025-02-24,591.8869960824046,592.8800056614799,586.4500466079941,587.157958984375,50737200
2025-02-25,587.0989070332523,587.8264418905826,579.636634088407,584.2378540039062,58266500
2025-02-26,585.8995163780398,589.4881049123491,581.8980139327481,584.5328979492188,43321600
2025-02-27,586.8040113591791,587.9543615454245,574.8094053796542,575.20263671875,74196700
2025-02-28,575.7039886670112,584.70978328648,572.636508577737,584.1788940429688,88744100
2025-03-03,586.1452445030724,587.2857532860544,570.1392964764723,573.9441528320312,74249200
2025-03-04,569.9525786591505,575.5369680083471,562.6181207422406,567.1505126953125,109648200
2025-03-05,566.9833166199888,575.035467216836,563.434093538414,573.24609375,71230500
2025-03-06,565.793586428619,570.4046474415857,560.523819558892,563.0702514648438,80094900
2025-03-07,561.2907933786839,567.6715458955733,556.1094773560538,566.2262573242188,81158800
2025-03-10,558.0364891964213,559.9536192631458,546.2384702857362,551.1444702148438,99326600
2025-03-11,549.9843938775969,554.5266268117218,542.728606721458,546.5629272460938,88102100
2025-03-12,552.7077001878538,553.631880779765,544.3704523001988,549.4632568359375,69588200
2025-03-13,549.0896174558009,549.6991769603108,540.4279077137791,542.1386108398438,74079400
2025-03-14,546.7496748611676,554.3397648685512,542.2074423986709,553.3369140625,62660300
2025-03-17,553.3173439083719,560.1209127085318,552.8847473951123,557.60400390625,49008700
2025-03-18,555.2934937414076,555.5098219909205,549.6501167935029,551.5771484375,66041400
2025-03-19,553.3566775077279,561.3399999727566,552.1768634471969,557.5842895507812,66556000
2025-03-20,553.8481847501696,560.9663132490421,553.1304311253591,555.9718017578125,62958200
2025-03-21,551.5205297947124,557.0526817242638,550.2878724028328,556.1552734375,83763000
2025-03-24,562.880651498493,567.1703352751009,562.2890000340255,566.1151733398438,58766800
2025-03-25,567.3181383211917,568.4127234708074,565.7304902910278,567.4759521484375,38355700
2025-03-26,567.2097618801449,568.3339598573967,559.3207546377017,560.7013549804688,51848300
2025-03-27,559.3108687859911,562.9792883535321,557.101956447335,559.2122802734375,42164200
2025-03-28,557.6838014665011,558.4135249923543,547.3689030262066,547.95068359375,71662700
2025-03-31,542.201606334121,552.93066066187,539.2826520783074,551.6289672851562,95328200
2025-04-01,549.7159501655996,555.1297722698289,545.998235889195,553.1870727539062,54609600
2025-04-02,547.3492217360947,559.547595484726,547.1125611273237,556.6878662109375,76014500
2025-04-03,537.5471385326381,540.3674444952709,529.2538452148438,529.2538452148438,125986000
2025-04-04,516.404523136506,518.5740121118964,498.05273494035157,498.2696838378906,217965100
2025-04-07,482.402887644306,515.9114234247066,475.1154034595348,497.38214111328125,256611400
2025-04-08,514.6196789750944,517.6963871548359,482.37337814369187,489.5918273925781,165816600
2025-04-09,486.59399925019795,541.0084228515625,486.20939567811143,541.0084228515625,241867300
2025-04-10,524.7865408671853,526.098105010763,502.2535908103832,517.3018798828125,162331200
2025-04-11,515.7536352571723,528.9874258955272,512.8544231608307,526.531982421875,97866300
2025-04-14,536.5017912856171,536.7286411738348,526.453165817952,531.6401977539062,68034000
2025-04-15,532.1825399641931,535.6931457102869,529.3622343758641,530.151123046875,56892900
2025-04-16,524.3033791384568,530.4272422697393,513.0713913810127,518.3668823242188,83484800
2025-04-17,520.3194821276195,523.800475242003,516.6411916080497,519.1065063476562,79868100
2025-04-21,513.9293312369678,514.4618777265953,501.4055507612705,506.7503662109375,69368100
2025-04-22,512.9235348557764,521.9564215250564,511.9867032226325,519.9348754882812,75948100
2025-04-23,532.9319549297188,537.8625838932508,526.4728430251603,527.991455078125,90590700
2025-04-24,529.2735171048926,539.8349482182391,528.0211780146883,539.105224609375,64150400
2025-04-25,539.0657336001437,543.4046513367819,536.1467793425768,543.0003662109375,61119600
2025-04-28,543.7400050325934,545.8700106135369,537.4583875113086,543.2074584960938,47613800
2025-04-29,541.294298062473,547.7435994540236,540.9393072120234,546.6292724609375,47775100
2025-04-30,539.9729233205555,548.7987614609631,534.0068741379372,546.84619140625,93101500
2025-05-01,552.595342895286,556.2440206119321,550.1201573586014,550.7216796875,63186100
2025-05-02,556.894803218062,560.4941864598073,554.5774316657111,558.8966674804688,60717300
2025-05-05,554.7648117792631,558.7882219920989,553.9068871278389,555.6917724609375,38659200
2025-05-06,550.1891944565425,555.533979770925,549.2326812616892,551.047119140625,48264700
2025-05-07,552.3784371058738,555.9975022415719,548.3254139860352,553.3645629882812,55588000
2025-05-08,557.3978323656503,562.3974982446085,553.9069681077176,557.2203369140625,65130800
2025-05-09,558.6205173502777,559.6263849147109,554.9521583078488,556.51025390625,37603400
2025-05-12,573.4026196086874,574.9114211824733,569.0340889310521,574.9015502929688,78993600
2025-05-13,575.3156554869938,580.9070323903663,574.7536167184122,578.6981201171875,67947200
2025-05-14,579.6546629482465,580.8084133986617,577.4161378946785,579.437744140625,66283500
2025-05-15,577.4358426248243,582.770756919371,576.9822030720642,582.2678833007812,71268100
2025-05-16,583.0468496173695,586.251758304484,581.104210780506,585.9559326171875,76052100
2025-05-19,579.9406348417033,587.27741416191,579.9406348417033,586.5969848632812,68168500
2025-05-20,584.8614155899625,585.8080578995526,581.419785763877,584.6246948242188,60614500
2025-05-21,580.2759146876367,584.3584902721909,573.7477661832594,574.7733154296875,95197700
2025-05-22,574.5761569887384,578.4812376730355,573.3434994709072,575.000244140625,70860400
2025-05-23,567.988738706783,573.7378691727489,567.6140060747297,571.0753173828125,76029000
2025-05-27,577.938827709351,583.1061179228353,570.4048112020747,582.9483642578125,72588500
2025-05-28,583.3526850377893,584.5459191469531,578.8460820656009,579.5758056640625,68445500
2025-05-29,584.8318350718904,584.9699071457442,577.9388245287198,581.8635864257812,69973300
2025-05-30,580.7591899526665,582.928679235147,575.1481304892388,581.2128295898438,90601200
2025-06-02,579.6053591727813,584.5655410710423,576.9428072484826,584.4866943359375,61630500
2025-06-03,584.121791379625,588.7960181097066,583.6385391723649,587.8197631835938,63606200
2025-06-04,588.6777869901737,589.6540420807372,587.2281505008873,587.6620483398438,57314200
2025-06-05,589.3384339818148,590.6894216670538,582.8497086239531,584.8219604492188,92278700
2025-06-06,590.3540722792903,592.4940086999786,588.5790577947733,590.8274536132812,66588700
2025-06-09,591.3994087206146,592.9082102708385,590.1864930975049,591.3599853515625,53016400
2025-06-10,591.8924637491524,595.0973729509094,590.7781968461302,594.7128295898438,66247000
2025-06-11,595.807477097167,596.6654019118176,590.9557539749433,593.0167236328125,73658200
2025-06-12,591.6853731206485,595.3734741210938,591.2021810906274,595.3734741210938,64129000
2025-06-13,590.1962907494013,593.4997881009825,587.2181715759101,588.7171020507812,89506000
2025-06-16,592.0700235861916,596.0638215052488,591.8924679557008,594.318359375,79984100
2025-06-17,591.8826784891205,593.401290785268,588.480531921813,589.2398681640625,82209400
2025-06-18,590.1371879149127,592.8785866278505,588.1944885876793,589.1510620117188,76605000
2025-06-20,591.8224395288368,592.8906208578056,586.3629131433069,587.7673950195312,94051400
2025-06-23,588.5190130228361,593.9587392448562,585.4035696790836,593.5730590820312,87426000
2025-06-24,597.7072083922786,601.1885919192599,596.7972471416377,600.13037109375,67735300
2025-06-25,601.247995602986,601.940336500435,598.903972841808,600.4666748046875,62114800
2025-06-26,602.3161684365299,605.5997923429508,601.7029677445283,605.1646118164062,78548400
2025-06-27,606.1635425121184,609.6350865938839,604.1360202356653,608.1712646484375,86258400
2025-06-30,610.6141591814244,612.4339608811991,608.2997765977428,611.0789794921875,92502500
2025-07-01,609.6053849111585,612.0483479268365,608.7746241554748,610.8812866210938,70030100
2025-07-02,610.4757907292374,613.6901746824169,609.8526899336259,613.650634765625,66510400
2025-07-03,615.6287169448548,619.4167617045248,615.6089168033244,618.487060546875,51065800
2025-07-07,616.5286134886126,617.1913144548079,611.0987877910964,613.8779907226562,74814500
2025-07-08,614.5406899285775,615.2923708557059,612.7307881009865,613.5418090820312,59024600
2025-07-09,615.945166968477,617.8737488887257,614.1055045789822,617.2210083007812,66113300
2025-07-10,617.3594891460615,620.0002120765442,616.1825277796053,618.9617309570312,57529000
2025-07-11,615.9155275578457,618.0122901417473,614.7188263007702,616.785888671875,63670200
2025-07-14,616.3308265898004,618.3089087938923,614.9857451789246,617.9627685546875,51898500
2025-07-15,620.6430672331502,620.9793073894895,615.2428812967698,615.322021484375,74317300
2025-07-16,616.9044910111767,617.8836320494379,611.276844692317,617.3792114257812,88987500
2025-07-17,617.557284919235,621.5134493059918,617.3396644874989,621.1573486328125,68885700
2025-07-18,622.4035753929759,622.5716954836944,619.5947323692288,620.7024536132812,65621600
2025-07-21,621.87939453125,624.6189973413707,621.4541141003111,621.87939453125,63375000
2025-07-22,622.2058050575365,622.828905853138,619.3277216791315,621.9684448242188,60046300
2025-07-23,624.6288825447934,627.259765625,622.8288205336723,627.259765625,70511000
2025-07-24,627.6454884244192,629.1785504969665,627.0421878119985,627.4674682617188,71307100
2025-07-25,628.1301809903662,630.5928838363332,627.8829206987424,630.1181030273438,56865400
2025-07-28,630.4939604147171,631.0478210681617,628.5752180855901,629.9598999023438,54917100
2025-07-29,631.3544434316219,631.670943868378,627.388438817005,628.29833984375,60556300
2025-07-30,628.9509803708415,630.6917023127537,624.6189756546709,627.5070190429688,80418900
2025-07-31,632.4522656090571,632.8379457731452,623.8574957354674,625.1531372070312,103385200
2025-08-01,619.436379958757,619.475980234049,612.5031927364548,614.9065551757812,140103600
2025-08-04,618.8133862322555,624.3025527793549,618.7244063300172,624.2531127929688,73218000
2025-08-05,624.866279158634,625.6773001361546,620.1683337507773,621.088134765625,68051400
2025-08-06,622.1563552914652,626.4982606508958,621.2464542892866,625.8455200195312,64357500
2025-08-07,629.2675537310744,629.9994345491891,622.2156852544556,625.3212890625,74205800
2025-08-08,627.1114011688534,630.6620853000642,626.7949007710238,630.1972045898438,64051600
2025-08-11,630.4742118551501,631.947873553624,627.70484826023,628.9510498046875,58742300
2025-08-12,631.2950454377703,635.8050706066525,629.8114837326607,635.6468505859375,64730800
2025-08-13,637.8425547169825,639.1085564704525,635.6370120856271,637.8228149414062,60092800
2025-08-14,635.7457174616427,638.5447207235369,635.300697252298,637.882080078125,59327500
2025-08-15,638.9106535836406,639.0095939138803,635.4787099260534,636.3886108398438,68592500
2025-08-18,635.8150025688236,636.9425240091701,635.1424618060598,636.2501831054688,43804900
2025-08-19,636.0720632428176,637.0512042052354,631.4828983695179,632.79833984375,69750700
2025-08-20,632.3929060531275,632.6500060324975,626.013578858981,631.1170043945312,88890300
2025-08-21,629.3071851926883,630.978606926108,626.8642219548319,628.5851440429688,54805800
2025-08-22,630.7709103705197,639.4151205943501,630.2664897119097,638.2381591796875,84083200
2025-08-25,636.9820621561176,638.218363635622,635.3105801411765,635.4292602539062,51274300
2025-08-26,635.1622594491828,638.4359833484747,634.5391586749303,638.0897827148438,51581600
2025-08-27,637.5062787617181,640.2755819843173,637.3578984386413,639.543701171875,48341100
2025-08-28,640.146950913372,642.3623933153343,638.267809046051,641.8085327148438,61519500
2025-08-29,640.374480883152,640.7404816664739,636.0919759234915,637.9810180664062,74522200
2025-09-02,630.5137545728464,633.4709780533357,627.9620114164865,633.25341796875,81983500
2025-09-03,635.6270824559713,637.1502445176759,633.4413400681225,636.6853637695312,70820900
2025-09-04,637.3579030521721,642.0361089027498,636.4579021356687,642.0064086914062,65219200
2025-09-05,644.3404973975818,645.0625384730564,636.2798483910566,640.14697265625,85178900
2025-09-08,641.5118841129237,642.7185457406785,640.1371023874503,641.7196044921875,63133100
2025-09-09,641.8579832056892,643.7272854003053,640.1271612550325,643.203125,66133900
2025-09-10,646.4570213518696,647.3768223058731,643.4997982019892,645.0625,78034500
2025-09-11,647.0109525903231,651.1154976382888,646.4274520986086,650.4231567382812,69934400
2025-09-12,650.393364548417,651.8868261792371,649.7010841125947,650.2054443359375,72780100
2025-09-15,652.4111340519337,653.795755474802,652.1144337731963,653.6671752929688,63772400
2025-09-16,654.2210123755038,654.5276730798186,651.9858301119879,652.7671508789062,61169000
2025-09-17,652.7770367516476,654.4682584259048,647.1295902463727,651.9561157226562,101952200
2025-09-18,654.6363789857319,657.6035020628194,653.0341373534065,655.0023193359375,90459200
2025-09-19,656.8877828567474,659.0895125014193,654.9438659954435,658.2465209960938,97945600
2025-09-22,656.7587687117981,661.8069106980723,656.7289861632065,661.3606567382812,69452200
2025-09-23,661.2417286303936,661.8566899635472,656.540685502851,657.7606201171875,81708900
2025-09-24,659.0497999269948,659.1489540239103,654.2495430702726,655.6677856445312,68082200
2025-09-25,652.5338627083877,653.9917550046746,649.0328388399253,652.6429443359375,89622100
2025-09-26,654.0909412604747,656.9274266555326,652.4743298182361,656.3819580078125,69179200
2025-09-29,658.9010899003678,659.8135740530697,656.4216318338509,658.2266845703125,73499000
2025-09-30,657.4828203674869,661.1722852976668,656.173659297658,660.7061157226562,86288000
2025-10-01,657.7208749627936,663.8699431635192,657.611793334362,662.95751953125,72545400
2025-10-02,664.9410037342527,665.0600128657511,661.3011766397112,663.7210693359375,56896000
2025-10-03,664.4848020775174,667.1527012490268,662.6698219114437,663.7112426757812,70494400
2025-10-06,666.1014192164715,666.9841207809839,663.9591941673339,666.0914916992188,54623300
2025-10-07,667.0138297258598,667.4601442579947,662.1838505424819,663.6219482421875,72020100
2025-10-08,664.7426772273783,667.6783772359653,663.919480237528,667.5791625976562,60702200
2025-10-09,667.9957845708525,668.4023890582872,663.7112737749407,665.6452026367188,66501900
2025-10-10,666.6071968358344,668.4122493878771,647.4757221413303,647.6542358398438,159422600
2025-10-13,655.2216030747315,659.664772492732,654.3488290056752,657.5919189453125,79560500
2025-10-14,651.7701536094826,660.3590300864076,647.8030207789583,656.78857421875,88779600
2025-10-15,661.3408732132422,664.7228272522149,653.5156893256119,659.7044067382812,81702600
2025-10-16,661.3409444600238,663.2154294168515,651.710706867285,655.2117309570312,110563300
2025-10-17,654.0810128478913,660.2895852935891,652.7322022395391,658.9308471679688,96500900
2025-10-20,661.8367798071084,666.6866142382812,661.7872027532737,665.7840576171875,60493400
2025-10-21,665.9229005771253,667.4601523988813,664.4748753427003,665.7741088867188,56249000
2025-10-22,666.4783066993808,666.4783066993808,657.8497808005621,662.3128051757812,80564000
2025-10-23,662.6301900162397,667.1825015615415,662.3128121266341,666.2402954101562,65604500
2025-10-24,670.9016937183009,672.8951271271609,670.0983517375236,671.6851806640625,74356500
2025-10-27,677.1201116013259,679.9070199177999,676.5151383891614,679.6094970703125,63339800
2025-10-28,681.4046232640447,683.2493254549719,679.2028936555786,681.41455078125,61738100
2025-10-29,683.0609104229828,684.0328991417463,677.2590027977353,681.7418823242188,85657100
2025-10-30,678.2805222142791,680.303738053287,674.2439575195312,674.2439575195312,76335800
2025-10-31,679.4111219213156,679.4508319897004,673.6587916341136,676.4556274414062,87164100
2025-11-03,680.0359699637585,680.1649066224819,674.3530715971103,677.7251586914062,57315000
2025-11-04,670.5545580097922,674.3729598389511,669.0371611161902,669.6917114257812,78427000
2025-11-05,669.433839434071,675.2655297930335,668.630497422053,672.0125122070312,74402400
2025-11-06,670.9115428502156,671.8140994484131,663.2252231578799,664.8021850585938,85035300
2025-11-07,662.4218719882706,665.5658682287408,655.7769731606511,665.4567260742188,100592400
2025-11-10,671.6752576501947,676.57466917413,669.4834554774103,675.8407592773438,75842900
2025-11-11,674.3629519753922,677.9532020666294,673.1529450781785,677.3878784179688,58953400
2025-11-12,679.1631581075335,679.3318048264125,675.3547447293747,677.7647705078125,62312500
2025-11-13,674.9084518036677,675.2654792192372,665.010475070097,666.5179443359375,103457800
2025-11-14,659.9127671356764,670.1082678298286,657.8201189320223,666.408935546875,96846700
2025-11-17,664.1971714004484,668.1742314199619,656.7290154076413,660.2002563476562,90456100
2025-11-18,656.6596108350068,659.6548153709225,650.4708935566339,654.65625,114467500
2025-11-19,655.3505280387882,661.856623370592,653.3371790986623,657.185302734375,94703000
2025-11-20,667.3808213360044,670.0090710879778,646.5335791707308,647.1683349609375,165293500
2025-11-21,649.6675301260088,659.0894699034471,645.5020288545189,653.6148681640625,123956200
2025-11-24,657.2448196444445,664.5542570793402,656.1538823239337,663.2351684570312,80437900
2025-11-25,663.135941149376,670.6536740212097,659.020017057554,669.4734497070312,81077100
2025-11-26,672.0620713400136,676.0986363282427,671.1595147067713,674.09521484375,71879600
2025-11-28,675.2654787466182,678.0523870500939,674.9084513312986,677.7747192382812,49212000
2025-12-01,673.2323336611282,677.3779800628074,673.1629015749381,674.6803588867188,61201200
2025-12-02,676.316803165018,678.2012155152329,673.7481184984898,675.9300537109375,62953800
2025-12-03,674.9779023816353,679.2822075879724,674.105128319461,678.2706298828125,57238500
2025-12-04,679.6690366334618,679.7384687237238,675.7416137771377,678.7665405273438,61970300
2025-12-05,679.8375623637357,682.7336127271673,678.9549213715281,680.0557861328125,79241000
2025-12-08,680.9484564225444,680.9980334759979,675.9696853695019,678.0127563476562,55231500
2025-12-09,677.5366934232544,679.7582780276033,676.9812972721672,677.4275512695312,58310100
2025-12-10,676.9515664343469,683.3088703732143,675.711837383319,681.92041015625,85671300
2025-12-11,679.51034738166,683.5865617528303,676.5647198382891,683.5072021484375,86173700
2025-12-12,682.5153843270051,683.2195721462687,673.5893360954813,676.1580810546875,113160300
2025-12-15,680.1053789946951,680.1252340287925,673.6687159286942,675.1365356445312,90811000
2025-12-16,673.6488975485244,675.4837328267965,669.4338188610296,673.2918701171875,122030600
2025-12-17,674.3034691132465,674.8489377460819,665.6848710067972,665.8832397460938,110625200
2025-12-18,672.0322187932205,675.1464323222394,669.3544527925658,670.9114990234375,108650100
2025-12-19,673.0134542661981,677.4896664833268,672.8940327515619,676.9923095703125,103599500
2025-12-22,680.3245290528953,681.7370055876305,676.9922622536055,681.2098388671875,69556700
2025-12-23,680.3046207584179,684.562024812114,680.2548972126992,684.3233032226562,64840000
2025-12-24,684.313382495532,687.1781631452748,684.164151137988,686.7305297851562,39445600
2025-12-26,686.989161229118,688.0037280321676,685.6264081645946,686.660888671875,41613300
2025-12-29,683.9055083361335,685.5567672531378,682.4433081832867,684.2138671875,62559500
2025-12-30,683.8159723723246,684.9200900521846,682.9505762759469,683.3782958984375,47160700
2025-12-31,683.5076844111845,683.726492314561,678.1063955310838,678.3152465820312,74144800
2026-01-02,682.0852055985325,683.2390468658663,676.2263268834449,679.55859375,89377200
2026-01-05,682.910839643419,685.7855773037328,682.7517121374489,684.0845947265625,71927200
2026-01-06,684.2934596862484,688.6602678554459,684.1442890432024,688.1529541015625,69273800
2026-01-07,688.5309418430683,690.2916046822218,685.6761181181482,685.9347534179688,75588300
2026-01-08,685.1787573638412,686.9692300361542,683.8557710289468,685.8651123046875,64019200
2026-01-09,686.9791831428475,691.6344363504869,685.5368360184962,690.4010009765625,80125500
2026-01-12,687.0289310253164,692.410366767912,686.979207477028,691.4852294921875,63976000
2026-01-13,691.813478661017,692.4103433578374,687.6953490317495,690.1026000976562,78309700
2026-01-14,687.347202661372,688.0633674208381,682.4134005947378,686.7105712890625,94676700
2026-01-15,690.8983886882239,691.7737417111902,687.5959315038539,688.5806884765625,77862000
2026-01-16,689.9931507530615,690.5800586110835,686.4519720383781,688.0037231445312,79289200
2026-01-20,677.8874730475171,681.1501633341576,672.9934983300664,673.9981689453125,111623300
2026-01-21,676.0572511802958,685.0991655259935,674.5452667925615,681.77685546875,127844500
2026-01-22,686.2033478813381,687.476610793547,683.2888434897402,685.3379516601562,77112200
2026-01-23,684.5123006998919,687.3074439470811,683.5274830754288,685.5865478515625,63059600
2026-01-26,686.8399658941375,690.4607389282814,686.2729717064406,689.068115234375,60473800
2026-01-27,690.5104039402848,692.8480177488461,689.9036431059924,691.8134765625,55506100
2026-01-28,693.3652237572153,694.1510864943795,690.271678492269,691.7438354492188,61172200
2026-01-29,692.7087686795362,693.375209936545,681.2098793986574,690.3711547851562,97486200
2026-01-30,688.1330925763239,690.540343876794,683.4877957603626,688.3121337890625,101835100
2026-02-02,685.9347490634862,693.2458711004026,685.7755608588325,691.73388671875,79286500
2026-02-03,692.529690413304,693.2757257351432,680.4140840721383,685.885009765625,107904600
2026-02-04,686.7006659106327,687.7948875474046,678.1561081391175,682.5626831054688,105204600
2026-02-05,677.3404209861714,680.0758839506523,672.2176206040476,674.0379638671875,113610800
2026-02-06,677.8576866055596,688.6503070282812,677.2508650473027,686.96923828125,89127600
2026-02-09,685.7755337993461,692.1914496038428,684.7012866666231,690.2816162109375,73885200
2026-02-10,691.276360737094,692.8579216647231,688.0037135108784,688.4613037109375,65185700
2026-02-11,692.7087599208829,693.4547952732178,685.5368515439336,688.3021850585938,76353900
2026-02-12,690.5701102294341,691.6742279947084,676.7734344520502,677.668701171875,118829000
2026-02-13,678.0864377658819,682.6522007204912,673.9384983110481,678.1461181640625,96267500
2026-02-17,676.5446598627462,681.31927396984,672.2077222570326,679.2402954101562,81354700
2026-02-18,680.4041503420104,685.507036973797,679.2204384959671,682.662109375,73570300
2026-02-19,680.2251236342836,682.5527199680946,677.9471901363287,680.8616943359375,58649400
2026-02-20,678.7131823752115,686.4122580979458,678.126274472082,685.7855834960938,100034000
2026-02-23,684.1940214696967,686.3525334522094,676.7734345413753,678.7827758789062,90558100
2026-02-24,678.295350173768,684.7112054782021,676.4053697086953,683.7164916992188,73798700
2026-02-25,686.53156929616,690.0130676270821,686.4519751919497,689.4859008789062,56369500
2026-02-26,689.615191050754,689.6350440416309,680.7323436648176,685.6561889648438,71671000
2026-02-27,679.4790749097389,683.2291046432514,678.0367277603054,682.3637084960938,83308900
2026-03-02,675.1122534180175,684.9797970984218,674.4358553343317,682.7516479492188,87477200
2026-03-03,671.4915420947397,679.0016196644848,666.1200629162043,676.7337036132812,105003100
2026-03-04,678.026802327329,683.4579617719511,676.027417786932,681.50830078125,79182200
2026-03-05,678.4743840881955,681.9061587313661,672.0385544367263,677.7084350585938,106606500
2026-03-06,669.8501461298736,672.5358853430707,666.2194774432897,668.8256225585938,100687000
2026-03-09,662.8673051642795,676.3257505242918,658.888450195908,674.6845092773438,102667700
2026-03-10,674.1374043547928,679.7476047325034,671.1930903760745,673.6002807617188,81505300
2026-03-11,673.9982140650914,676.4849986405864,669.7806371390539,672.7548217773438,68441700
2026-03-12,667.6120785283837,668.0995392824933,662.3500644519811,662.5390625,108882200
2026-03-13,665.7321452917186,668.7859240392634,657.863924887251,658.7890014648438,97200200
2026-03-16,664.8468199428278,668.5173163233716,663.5934708305671,665.493408203125,82023100
2026-03-17,668.8355969918504,670.8747480492216,666.1598145596139,667.2440185546875,87128000
2026-03-18,664.8268919718373,666.1796881508768,657.6948111200146,657.9335327148438,82062600
2026-03-19,653.497076818377,659.4753162945015,651.7066041735543,656.3121337890625,111272500
2026-03-20,654.8230422006715,655.0025723674255,643.063298812559,646.9034423828125,163617500
2026-03-23,656.3790129905765,660.9173090129275,652.2596206790361,653.6959228515625,134802700
2026-03-24,649.6463809650626,655.3417305137531,648.2100787416998,651.5015869140625,96457500
2026-03-25,656.9774239230809,659.1917509309695,652.5588148295345,655.1322021484375,90653800
2026-03-26,650.3844333840033,653.1672421520028,643.1630473705688,643.432373046875,96494400
2026-03-27,640.8489947137006,641.0085567819559,631.4831091918358,632.4606323242188,103649400
2026-03-30,638.4651675144013,638.7245091624994,627.6630399662237,630.3460693359375,99275900
2026-03-31,637.2981538716512,649.865752001465,636.3405988140365,648.6688842773438,152534100
2026-04-01,652.219751792706,656.8278752918841,651.3220400966815,653.5562744140625,97841500
2026-04-02,644.7589215344626,656.5086804928782,643.4522901873171,654.144775390625,68358700
2026-04-06,654.1746977251443,658.0247645183308,653.8356054757206,657.23681640625,39105800
2026-04-07,654.9626585699763,657.9150134208243,649.386996170508,657.5260009765625,69980400
2026-04-08,674.6519776493207,675.3402070755335,669.734652974974,674.27294921875,93606100
2026-04-09,673.1059235004034,679.4096297331154,672.0386657215836,678.162841796875,57134400
2026-04-10,679.5692561407437,680.2774536083281,676.7066358948267,677.7140502929688,42253500
2026-04-13,675.669302461078,684.536473353906,674.8414790590384,684.3369750976562,54185800
2026-04-14,685.9229138241225,692.7952238870419,685.8929616905456,692.675537109375,63480500
2026-04-15,693.4734516118131,698.480571570673,692.4161778504387,698.1414184570312,58240400
2026-04-16,699.2585607342904,700.9741726960574,696.7350934539525,699.8569946289062,49972400
2026-04-17,704.3255249385737,710.5594650064761,703.9464965121796,708.3152465820312,70661900
2026-04-20,706.9587079747221,708.0857482546458,704.3254772575062,706.8988037109375,43546800
2026-04-21,708.4548936431559,709.4523240430285,700.8345107773317,702.2708129882812,58941400
2026-04-22,707.3278031045794,709.6218808832724,706.4001392457644,709.3825073242188,42518500
2026-04-23,707.6768673789517,710.5295037064266,700.4754491270062,706.6295776367188,56174000
2026-04-24,708.9236633096505,712.6340752101273,707.1881441382454,712.10546875,45182000
2026-04-27,711.3374146094498,713.7911152864904,710.4696550399041,713.332275390625,33135900
2026-04-28,709.9908768700561,711.0481506026886,707.4274735730012,709.8612060546875,43117400
2026-04-29,709.1729992133655,710.3699278433978,706.5497524472755,709.7515258789062,41859200
2026-04-30,712.7936806635566,717.9403946619685,708.6244289610544,716.8132934570312,67240900
2026-05-01,719.3966516418469,723.0073446973263,718.6186267345964,718.7982177734375,43049800
2026-05-04,718.2196821209096,720.2644021704073,713.152718877996,716.1649780273438,51950600
2026-05-05,719.9153564929043,723.1769124909786,719.6360467603954,721.9102172851562,36933200
2026-05-06,726.288861980811,732.7023927493656,725.9497697512824,731.9443359375,53288900
2026-05-07,733.161188473549,734.238430329629,727.8748196364371,729.7001342773438,51724600
2026-05-08,733.0415191543954,736.1834492768152,732.6824588199246,735.724609375,47227100
2026-05-11,734.5576163199453,738.8864300819614,734.5576163199453,737.4002685546875,44024000
2026-05-12,734.9964788307154,736.9414802248905,729.9494836014034,736.2831420898438,54185300
2026-05-13,736.5723674930287,741.9983910774667,733.5800764180441,740.4025268554688,44200200
2026-05-14,741.7391534739264,747.6040491923611,741.649357949993,746.2474975585938,45307600
2026-05-15,739.8838927249178,741.5496453663399,736.0637780312098,737.2706298828125,60410800
2026-05-18,737.9289136337939,739.5147938000424,731.5054597381557,736.751953125,47843900
2026-05-19,732.8919551385734,735.7545755811656,729.650306265128,731.8446044921875,54255900
2026-05-20,733.8195334397973,739.9636778498481,732.0042028263388,739.3452758789062,45768000
2026-05-21,736.7419902854853,742.9559620700644,735.1361419849363,740.8114624023438,43332200
2026-05-22,744.3224328967863,747.015507083493,742.566945697205,743.7239990234375,41762000
2026-05-26,748.0827892360243,750.1973368284331,746.4469887578754,748.6613159179688,41123600
2026-05-27,748.9505199197505,749.4492351039673,746.2973210478585,748.5316162109375,42106300
2026-05-28,748.3221518516883,753.2095851254732,747.3047533704411,752.6609497070312,41562600
2026-05-29,753.9576670103595,756.1320579864754,752.7507543048832,754.5361328125,55075700
2026-06-01,753.4189990020213,758.3264003155792,752.7507376917755,756.5908203125,43634900
2026-06-02,755.0847737682097,758.4461093852723,754.805464031348,757.6182250976562,31581900
2026-06-03,756.2018667594974,756.8501599793441,751.6336185743088,752.3018798828125,51402500
2026-06-04,750.1673635570705,756.3614281257201,749.5389775481502,755.1445922851562,49923000
2026-06-05,750.3768677170906,750.8855669656407,733.6400171295905,735.65478515625,93989400
2026-06-08,741.4498108327123,743.4247643242134,736.2931129658897,737.3204345703125,49319100
2026-06-09,741.7191759970133,744.9807928982774,720.7332622187009,735.1560668945312,87683500
2026-06-10,731.5054857614351,736.4826536495077,723.4661992814284,723.56591796875,60341300
2026-06-11,726.8873842592473,738.0984921563339,722.5485255148498,735.8642578125,86330500
2026-06-12,738.8066884479139,742.5270843334097,733.1412911200548,739.843994140625,57079500
2026-06-15,749.9179969688896,754.7356026867302,749.8282623277308,752.890380859375,60176400
2026-06-16,752.6111046530555,753.4988323298886,747.9531216783239,748.4019775390625,67093100
2026-06-17,749.3594421826946,750.217278570044,737.3204502885575,739.0560302734375,85945200
2026-06-18,747.760009765625,748.22998046875,743.8599853515625,746.739990234375,80875700
2026-06-22,747.7000122070312,750.1799926757812,743.1300048828125,744.3900146484375,46628100
2026-06-23,733.8099975585938,739.6300048828125,732.2999877929688,733.5800170898438,66846800
2026-06-24,735.1699829101562,739.9500122070312,730.8400268554688,733.239990234375,57439500
2026-06-25,738.9099731445312,739.3699951171875,729.5999755859375,734.2999877929688,53934400
2026-06-26,728.9500122070312,736.530029296875,716.5800170898438,728.989990234375,71034000
2026-06-29,736.530029296875,741.5599975585938,732.0900268554688,741.0,58035200
2026-06-30,741.2899780273438,748.02001953125,740.8900146484375,746.77001953125,55626000
2026-07-01,745.0,749.4400024414062,742.3800048828125,745.760009765625,47100900
2026-07-02,747.4000244140625,751.3099975585938,740.030029296875,744.780029296875,57447800
2026-07-06,748.739990234375,752.4099731445312,747.4099731445312,751.280029296875,50673300
2026-07-07,750.219970703125,750.9600219726562,745.2100219726562,747.7100219726562,43721500
2026-07-08,743.1599731445312,746.1500244140625,739.510009765625,745.4000244140625,43767400
2026-07-09,747.3499755859375,751.969970703125,745.5900268554688,751.7100219726562,41441700
2026-07-10,752.0499877929688,755.4199829101562,748.0999755859375,754.9500122070312,42191300
2026-07-13,752.469970703125,753.9099731445312,748.0,749.1699829101562,44013600
2026-07-14,750.9099731445312,753.3400268554688,748.6599731445312,751.8300170898438,35143100
2026-07-15,754.239990234375,755.5800170898438,750.2000122070312,754.8099975585938,43844800
2026-07-16,752.760009765625,754.5700073242188,747.8800048828125,750.719970703125,46409800
2026-07-17,742.0800170898438,747.2899780273438,740.7999877929688,743.2899780273438,62651000
2026-07-20,747.0599975585938,748.72998046875,741.510009765625,742.0900268554688,50422300
2026-07-21,746.2899780273438,749.0399780273438,744.1799926757812,748.280029296875,34263300
