Date,Open,High,Low,Close,Volume
2010-02-11,0.1933787485614184,0.2066960036959717,0.19275898723699914,0.20558196306228638,6912000
2010-02-12,0.19998791588237108,0.2082054496564161,0.19882444184825987,0.20642316341400146,17203200
2010-02-16,0.21127572087880278,0.21491442920225004,0.2079582883529375,0.2144192010164261,19238400
2010-02-17,0.21729086141355924,0.21810737969899202,0.2140228477554852,0.21805796027183533,38361600
2010-02-18,0.21783552648375243,0.2235036756544766,0.21652281673365822,0.2221919149160385,77721600
2010-02-19,0.2206814849613459,0.225088255997526,0.21899900060983,0.2221919149160385,92966400
2010-02-22,0.22481543139185178,0.22481543139185178,0.2181320948560827,0.22063204646110535,50995200
2010-02-23,0.2194191646833074,0.22060735571939843,0.20909710385449456,0.21201816201210022,82252800
2010-02-24,0.21575573563449105,0.22092959180203298,0.2145922614125856,0.21842963993549347,70617600
2010-02-25,0.21144877059304648,0.2197908241431527,0.20721595182548413,0.21830511093139648,91238400
2010-02-26,0.21766159500211696,0.22194479663408873,0.21550859896298463,0.22102846205234528,57600000
2010-03-01,0.22382588644933385,0.23145027346160368,0.22382588644933385,0.23050923645496368,28454400
2010-03-02,0.23253870765434137,0.23689604540001968,0.23127636625637368,0.23189517855644226,48422400
2010-03-03,0.23449493609594665,0.23652436216140954,0.23093036324208832,0.23318317532539368,47961600
2010-03-04,0.23399970741895448,0.23607856720025283,0.23036099812505811,0.23575729131698608,29452800
2010-03-05,0.24078188692667388,0.24726748872983265,0.23949482892167295,0.24617816507816315,26880000
2010-03-08,0.24640156059078389,0.24927318492530684,0.24640156059078389,0.24749091267585754,25344000
2010-03-09,0.24612878354896967,0.2557331793837599,0.245931077482525,0.2518720328807831,46425600
2010-03-10,0.25221891248092865,0.2595704941786708,0.2520449742449295,0.2580353617668152,40089600
2010-03-11,0.25647645764196153,0.26078341192612897,0.25476829353878316,0.26041173934936523,53913600
2010-03-12,0.26328339307230797,0.26328339307230797,0.258010684394346,0.26100587844848633,36134400
2010-03-15,0.2592729876411519,0.26103055703859807,0.25372840888520665,0.2592482566833496,42393600
2010-03-16,0.26179867172631843,0.2648927334689313,0.2590753478158387,0.26415035128593445,46579200
2010-03-17,0.26489267834810687,0.26974428059895633,0.2637786237173567,0.2659820020198822,39820800
2010-03-18,0.26689743727225823,0.26952192225621574,0.2651398674633695,0.26867973804473877,52185600
2010-03-19,0.2639269232749939,0.2716254761268333,0.2611056956387814,0.2639269232749939,40051200
2010-03-22,0.26083287901214736,0.27422521818036094,0.2598423941308207,0.27105608582496643,58790400
2010-03-23,0.2729125855554771,0.27731937222729347,0.26867979385494684,0.27672526240348816,55334400
2010-03-24,0.27476991174927945,0.27536399308356485,0.2710561031239965,0.272788941860199,89241600
2010-03-25,0.27944753137823336,0.2823685889705049,0.2708583251689142,0.27108076214790344,93926400
2010-03-26,0.2749429255950017,0.27771471980014717,0.2682091914614516,0.272492378950119,84288000
2010-03-29,0.2766015906149399,0.2790521085984397,0.27420050622196535,0.2762299180030823,38054400
2010-03-30,0.27850747424125977,0.28152737101453545,0.2734571740850176,0.27912628650665283,39897600
2010-03-31,0.2760074950836195,0.2797203399778269,0.27345714687481293,0.275363951921463,59558400
2010-04-01,0.2784333508553757,0.2837554935248728,0.26865498912874586,0.27481934428215027,116620800
2010-04-05,0.2768239879009297,0.2844236718899495,0.2747698454548392,0.2827649414539337,67584000
2010-04-06,0.2806110444579733,0.28749305029716743,0.2788287439262532,0.2849189341068268,58713600
2010-04-07,0.28395318319256385,0.2870472444836731,0.2783591702367612,0.283309668302536,106252800
2010-04-08,0.2804380428234347,0.2859826221634099,0.2761557906263568,0.28432485461235046,69657600
2010-04-09,0.28526496532366463,0.29014129920226,0.28306158671895393,0.2894483506679535,58099200
2010-04-12,0.29043882991563746,0.2928399428572409,0.2885329594432127,0.2906118333339691,48806400
2010-04-13,0.28967176420654206,0.2954634839040178,0.2870472792316931,0.29499390721321106,67238400
2010-04-14,0.29920196700591783,0.3056372293896504,0.2985831547314806,0.3053900897502899,61094400
2010-04-15,0.3050687655818339,0.31061334472757823,0.304795960151846,0.3094745874404907,45772800
2010-04-16,0.30620662401890636,0.3092018183598668,0.29271635142704905,0.29845866560935974,129484800
2010-04-19,0.29566215169163695,0.30071148919976626,0.2871461166884318,0.2979891002178192,112742400
2010-04-20,0.3026173054247502,0.30447470543134786,0.2969491560741705,0.30239489674568176,56102400
2010-04-21,0.3085336033290565,0.3103406068336802,0.301998537916494,0.30771708488464355,83980800
2010-04-22,0.2987314610591074,0.31331105698708384,0.29363172714074937,0.3122721016407013,122841600
2010-04-23,0.31256866314294385,0.3173955630984402,0.3088805205274814,0.3164060413837433,82368000
2010-04-26,0.31662854631949683,0.31900492869477115,0.31251929660169186,0.3140544295310974,80524800
2010-04-27,0.3110097556463901,0.31432625418878574,0.29209756661821756,0.2946716547012329,133747200
2010-04-28,0.2992019668101915,0.29949854004297144,0.28821071181102315,0.2953645884990692,125068800
2010-04-29,0.29947386620948685,0.311925155632155,0.2994491352459645,0.31044039130210876,84748800
2010-04-30,0.30996984321878124,0.31142990474187665,0.2913789030747468,0.2921469509601593,88512000
2010-05-03,0.2955632691455404,0.30848413451623696,0.2954881697405838,0.3040783405303955,52608000
2010-05-04,0.2925670736660306,0.2925927394721612,0.27058552884946346,0.27719569206237793,137241600
2010-05-05,0.26850678222489416,0.2775170698957802,0.2633823443562964,0.27264073491096497,138508800
2010-05-06,0.26702097269084096,0.2747194968679747,0.16832689104358844,0.24593104422092438,217804800
2010-05-07,0.23942073037311978,0.2483568797857817,0.21216644492276265,0.22803403437137604,248256000
2010-05-10,0.25682255416765076,0.2628129436912155,0.25541192593381973,0.26204583048820496,189273600
2010-05-11,0.254644697750355,0.27229361924845985,0.2531589990995125,0.26187270879745483,147033600
2010-05-12,0.26546211056986685,0.2765522056936218,0.26447162554791936,0.2759828269481659,108556800
2010-05-13,0.27333372539046125,0.2790769765821065,0.2618481861836196,0.2635068893432617,105561600
2010-05-14,0.2570459119992892,0.2573919188735781,0.23887607516280956,0.24729228019714355,154176000
2010-05-17,0.24969332095497443,0.25340712930476156,0.2346679311841852,0.2506343722343445,136857600
2010-05-18,0.2567483672419001,0.25818466116409605,0.23664797190461268,0.2410547435283661,190617600
2010-05-19,0.2368960866297862,0.24258893981728685,0.22632592141029756,0.23469270765781403,237772800
2010-05-20,0.2204837784134354,0.22206835885463316,0.2065724281496754,0.21095353364944458,272985600
2010-05-21,0.1981058292284771,0.2191472873522486,0.19600226698744708,0.21258752048015594,234316800
2010-05-24,0.2137510020596443,0.22167196353939586,0.21186986258952203,0.21434509754180908,155020800
2010-05-25,0.1984280646491778,0.21350290207624348,0.19209073489329295,0.2128346562385559,172646400
2010-05-26,0.2161273758126162,0.2250141050762779,0.2046665586704123,0.2062501758337021,208320000
2010-05-27,0.2199885445051755,0.22914807956427588,0.21820624389251042,0.22857868671417236,173222400
2010-05-28,0.23008819199535374,0.23073172114008228,0.21907318211042082,0.22538486123085022,166694400
2010-06-01,0.22300845604756886,0.2345196711638073,0.21783554878816092,0.21914730966091156,202713600
2010-06-02,0.22278598790762683,0.23456904292106628,0.21803322469818998,0.23456904292106628,113433600
2010-06-03,0.23630196793613656,0.24199483473176905,0.23184577682332227,0.24065834283828735,114854400
2010-06-04,0.22555879964692632,0.23454438266900354,0.21372629474399957,0.2168944925069809,245952000
2010-06-07,0.21899902501189936,0.2214001239199548,0.20397267022563598,0.20431962609291077,168729600
2010-06-08,0.20577968446190212,0.2071418280278689,0.19508596440645468,0.20318087935447693,265920000
2010-06-09,0.20729010838182207,0.21310750811968857,0.19642338521885108,0.198699951171875,229440000
2010-06-10,0.20563135307246577,0.21560741972595496,0.2039479339636376,0.21518632769584656,155520000
2010-06-11,0.20850300131415644,0.22167196946158518,0.20850300131415644,0.22080601751804352,125337600
2010-06-14,0.22736585063051476,0.2317222261593561,0.22003801959576255,0.22092963755130768,227404800
2010-06-15,0.22459302126146077,0.23964312850982566,0.22392477538908082,0.2370690405368805,200102400
2010-06-16,0.2368713590221199,0.2450651414452852,0.23570788466605644,0.24184654653072357,158361600
2010-06-17,0.2456335458023885,0.2460052184835778,0.2379853888820527,0.2442723512649536,163046400
2010-06-18,0.2455346587342809,0.24986727918973523,0.2424900311756148,0.24494054913520813,139584000
2010-06-21,0.25387669512666916,0.2549660471347551,0.23447020100165575,0.2385043501853943,219916800
2010-06-22,0.24125239393897527,0.24650039955778083,0.23164800031202992,0.23286090791225433,179596800
2010-06-23,0.23372688523481247,0.23612798390368914,0.22451886582048822,0.229742169380188,224716800
2010-06-24,0.22699411444253537,0.2289741210500151,0.2173402861927522,0.21860262751579285,239424000
2010-06-25,0.22144954026272345,0.22392477521017715,0.2138004352361503,0.21845434606075287,177561600
2010-06-28,0.21862731890123313,0.22189531809559165,0.21179568216653544,0.21649807691574097,164160000
2010-06-29,0.20632433985473853,0.20669599833879657,0.186645023832084,0.19233883917331696,438220800
2010-06-30,0.1894672013512518,0.1948882108527712,0.18132285419517213,0.18283328413963318,183667200
2010-07-01,0.1838474956056669,0.18538264212038308,0.1704561075001725,0.18105097115039825,252326400
2010-07-02,0.18152154711382829,0.18362512377840623,0.17451597052953252,0.18006055057048798,147379200
2010-07-06,0.18694255900328446,0.1903826133988039,0.17644654534992593,0.18100160360336304,156556800
2010-07-07,0.18256051916417929,0.19865054782764527,0.18211565923151182,0.19810587167739868,160780800
2010-07-08,0.20285860653569598,0.20365137121137478,0.19446711970968297,0.2014479786157608,207360000
2010-07-09,0.2009280339407105,0.2079336096566827,0.19986341283490225,0.20709237456321716,142656000
2010-07-12,0.20632431831675596,0.21256279491031974,0.2050619770575577,0.20944403111934662,98918400
2010-07-13,0.21434511728139796,0.21936975220404328,0.20971592281838883,0.21659792959690094,174144000
2010-07-14,0.21845436871040666,0.2237518091591542,0.2156321776301037,0.22006270289421082,109516800
2010-07-15,0.21914730504438648,0.22276131169712357,0.21201815893142845,0.2208307385444641,114201600
2010-07-16,0.21889921253107877,0.21917201798872615,0.20209152097614314,0.20305728912353516,181363200
2010-07-19,0.20422074090898787,0.20892407078910824,0.19929402502677332,0.2076370269060135,124224000
2010-07-20,0.1973387424311611,0.2150627530666438,0.19575511111561325,0.2141968011856079,127948800
2010-07-21,0.22229078783685988,0.22229078783685988,0.20531010658894586,0.20669600367546082,172492800
2010-07-22,0.21476619138062297,0.2248905307901941,0.21476619138062297,0.22063204646110535,126451200
2010-07-23,0.21753800114546426,0.22664810214828998,0.21632509344444392,0.2263752967119217,138854400
2010-07-26,0.22736578067642152,0.23199497446456555,0.22419663421245623,0.23135049641132355,100761600
2010-07-27,0.23476678903941187,0.2358066933592401,0.22840472815032561,0.23130106925964355,119692800
2010-07-28,0.2308314904806857,0.23372688255148008,0.22352839252494217,0.22657302021980286,77568000
2010-07-29,0.22971746659702993,0.2312022308520611,0.21417210212770554,0.22117674350738525,152755200
2010-07-30,0.21555800981008771,0.22635059590268986,0.21167119779190974,0.22268716990947723,129830400
2010-08-02,0.2309303802866341,0.23640080979045078,0.22838004577143203,0.23466795682907104,90163200
2010-08-03,0.2342220838296135,0.23496541478434005,0.22857863828057698,0.23224207758903503,64012800
2010-08-04,0.23528673747237708,0.23961840895116857,0.23224210988914462,0.23895016312599182,80908800
2010-08-05,0.2353608837843375,0.23838079470182194,0.23253869307274488,0.23753955960273743,66470400
2010-08-06,0.22899883629567064,0.23744069160528675,0.22558348497808708,0.2364255040884018,152755200
2010-08-09,0.2396678410729869,0.24258887049786274,0.23659849671334165,0.24055945873260498,85632000
2010-08-10,0.2351631858577258,0.23875247556777218,0.2290244966258027,0.23545974493026733,158016000
2010-08-11,0.22295899498467733,0.22310823059610976,0.2126616386453767,0.21607793867588043,154905600
2010-08-12,0.2031313904363937,0.21295820677207164,0.20191848284924976,0.20998772978782654,145920000
2010-08-13,0.20825587424027,0.21063225637589647,0.20580439269542694,0.20580439269542694,57945600
2010-08-16,0.20273504102644846,0.21112652803072318,0.20013622213161864,0.20696784555912018,95424000
2010-08-17,0.21159706948526208,0.22038493240983983,0.2103594448547323,0.2148403525352478,120076800
2010-08-18,0.2137509767279538,0.22112727544536404,0.21130045886307372,0.21677088737487793,71155200
2010-08-19,0.21370158449257898,0.21590401401412998,0.20323027440224542,0.2087995707988739,102412800
2010-08-20,0.2066960047167657,0.2096664823031553,0.20300786178517138,0.208081915974617,88588800
2010-08-23,0.2127357524561922,0.21399809344329065,0.20204202273216923,0.2023395448923111,108211200
2010-08-24,0.1957294468780496,0.19719045740195776,0.18837786435874404,0.1907295435667038,144806400
2010-08-25,0.18701668179954875,0.19879975288385543,0.18610036141446293,0.19644808769226074,144153600
2010-08-26,0.1989727739845311,0.1992940640535032,0.18874956563373754,0.1900366097688675,132979200
2010-08-27,0.19335306646548223,0.19716574206113782,0.1816945290286266,0.19632354378700256,192460800
2010-08-30,0.19330361830895593,0.19847748785281927,0.18991299819966437,0.18996243178844452,105139200
2010-08-31,0.18714026900746425,0.19300708785293222,0.18444164791967912,0.18902140855789185,156441600
2010-09-01,0.19629882422633027,0.20677011884319657,0.19602695365535408,0.2048642486333847,129638400
2010-09-02,0.20612663540787188,0.21189460158348083,0.20456677164222578,0.21189460158348083,54297600
2010-09-03,0.21833078123162958,0.22268716990947723,0.21607796907649135,0.22268716990947723,135283200
2010-09-07,0.21969198787916283,0.2223402264489807,0.21679564647304442,0.21726617217063904,97382400
2010-09-08,0.21969196596769394,0.2285539785656921,0.21969196596769394,0.2249399721622467,113894400
2010-09-09,0.2319445983048902,0.23231625676881945,0.22684582775046588,0.22778593003749847,90355200
2010-09-10,0.22944464405958379,0.23147501908374166,0.22570706789054576,0.23023739457130432,63936000
2010-09-13,0.2362524908149314,0.24211932313960793,0.23602911897554063,0.2403864562511444,83712000
2010-09-14,0.23937129078575245,0.24714395162229158,0.23798536542071785,0.24343110620975494,84748800
2010-09-15,0.24150052149398918,0.24877793951307597,0.23954428268037084,0.24756504595279694,67660800
2010-09-16,0.24741583628460628,0.2514756519392333,0.24479231451883107,0.251055508852005,93772800
2010-09-17,0.2561789073589484,0.2561789073589484,0.24989194708407053,0.25372838973999023,114816000
2010-09-20,0.2565753153835558,0.2683089515073665,0.25568369773548383,0.26694682240486145,105561600
2010-09-21,0.26717027321714076,0.27229374758528613,0.26328346048446083,0.26610565185546875,173875200
2010-09-22,0.2631351489321599,0.27004185809811565,0.2604117968450087,0.26484328508377075,96576000
2010-09-23,0.25942228225629754,0.27204657506040425,0.2586295316485591,0.26405051350593567,137088000
2010-09-24,0.27348194346188387,0.28071089213780437,0.2721701541931406,0.27900275588035583,126528000
2010-09-27,0.2802897945176458,0.28174985630230226,0.2750417874191833,0.2758089005947113,97113600
2010-09-28,0.2784086398535656,0.2784086398535656,0.2625904831678166,0.2765018343925476,146227200
2010-09-29,0.2743240808272594,0.2780616569381496,0.27117965115562626,0.27427464723587036,63859200
2010-09-30,0.2784332905744852,0.28333432594095304,0.26518922592748534,0.2705608010292053,177484800
2010-10-01,0.27689811878170406,0.27801217326005895,0.26573386287578327,0.26971954107284546,117043200
2010-10-04,0.26702093027325835,0.2697689842983386,0.25615421032091895,0.26036229729652405,123840000
2010-10-05,0.2695960885270403,0.2810816252210553,0.2691502795723944,0.2797451615333557,109785600
2010-10-06,0.2785815948932019,0.28033916440534895,0.26712076404875307,0.272615909576416,88512000
2010-10-07,0.27724517704310786,0.27744288310733345,0.26867973674031626,0.2752889096736908,78950400
2010-10-08,0.2757841360105529,0.28283914576194175,0.2701654200798809,0.280834436416626,68544000
2010-10-11,0.2816262467962885,0.28531438954042004,0.2788534895741294,0.2814038097858429,38131200
2010-10-12,0.27954740528888306,0.28875542606291404,0.27296197156267193,0.2872459590435028,97728000
2010-10-13,0.2925424082909415,0.2978151173861075,0.29006715910544767,0.2942258417606354,96844800
2010-10-14,0.29457277052709613,0.296280934883908,0.2881118707179196,0.29259276390075684,79756800
2010-10-15,0.30306317798552107,0.3112569749355316,0.29630570344236795,0.3112569749355316,119577600
2010-10-18,0.3117522174963119,0.3144498758497853,0.3079148100324465,0.3112569749355316,86976000
2010-10-19,0.29892914641116175,0.30605829178148963,0.29167643122741505,0.2988797128200531,127296000
2010-10-20,0.3018007961348308,0.3118262975320501,0.2999196566154172,0.30509352684020996,93465600
2010-10-21,0.3112568524482593,0.31462369033543913,0.2983102957545065,0.30722174048423767,109708800
2010-10-22,0.30759341178990646,0.3139050748667699,0.3059841149013357,0.313212126493454,58713600
2010-10-25,0.31697541955007436,0.32336124820884365,0.31697541955007436,0.31796494126319885,77184000
2010-10-26,0.31296505545959036,0.3220989391197457,0.30930161527645433,0.31987082958221436,74841600
2010-10-27,0.3157872533737888,0.3239800858673235,0.31405438626996135,0.32316353917121887,112857600
2010-10-28,0.32764444034747325,0.327817443759876,0.31732143126232837,0.3250199556350708,107788800
2010-10-29,0.3249458594231931,0.3287081387786342,0.32303998878139434,0.3234601318836212,80755200
2010-11-01,0.3267528469087304,0.333362048010137,0.31957426708712533,0.3242034614086151,85209600
2010-11-02,0.3320007710988715,0.3367288314402659,0.3304656387447663,0.3340302109718323,68121600
2010-11-03,0.3357136777284573,0.33895694614403143,0.326530361524201,0.33885714411735535,115161600
2010-11-04,0.3506649365202533,0.35502228815439224,0.3482144184373225,0.35086360573768616,111859200
2010-11-05,0.3517048352722336,0.35338826855096045,0.34828853512502184,0.3512837290763855,113971200
2010-11-08,0.3495014355367697,0.35398232813333297,0.34697675319696686,0.3521753251552582,103449600
2010-11-09,0.35717533938927787,0.3584129357251917,0.3421746361003804,0.346481591463089,121881600
2010-11-10,0.34831324902893646,0.353016578659253,0.3401451206785616,0.35177895426750183,91968000
2010-11-11,0.33541715937546723,0.34707569806005506,0.33135734371150105,0.3458627760410309,121843200
2010-11-12,0.34014522423992977,0.34417937446806907,0.32073779024327487,0.3282633125782013,218265600
2010-11-15,0.33388198404253205,0.3352679094303536,0.3243517533684241,0.32474812865257263,119193600
2010-11-16,0.3177919432209291,0.32336125367037405,0.3048948461738019,0.30863335728645325,181632000
2010-11-17,0.3091771555055677,0.31618273268368435,0.30695000882066714,0.3115535378456116,111168000
2010-11-18,0.3215789513965339,0.3324960700795202,0.32133181175937625,0.32603514194488525,138739200
2010-11-19,0.3249704899204523,0.32922803917268834,0.32125764498864795,0.32680222392082214,93427200
2010-11-22,0.3229163718416217,0.33541712164878845,0.3215789452954857,0.33541712164878845,147456000
2010-11-23,0.32549048886338405,0.32643057697936917,0.3138804218774971,0.319574236869812,185856000
2010-11-24,0.32865866567404317,0.3408381105589259,0.3282632252888016,0.33823832869529724,129484800
2010-11-26,0.3323468136283994,0.3386841432186626,0.33039150975780457,0.33611005544662476,59673600
2010-11-29,0.33046569452131824,0.3341795029766358,0.3191284328063141,0.33143144845962524,176524800
2010-11-30,0.3209107065084269,0.3250693889917488,0.31524255721328953,0.3188318610191345,200716800
2010-12-01,0.333460896634222,0.34417931800834906,0.3329409232113033,0.3391052782535553,206860800
2010-12-02,0.34061467213746566,0.35088827394867433,0.33974872039748816,0.3494025468826294,132134400
2010-12-03,0.345194506061016,0.35346240859894923,0.34507090792092976,0.35232365131378174,175449600
2010-12-06,0.35239781420044564,0.3537590085805814,0.3488579439369987,0.351704865694046,99072000
2010-12-07,0.3647007822885229,0.36472548491794876,0.3514082464027792,0.3520270586013794,164428800
2010-12-08,0.35551657362885547,0.3577941166707481,0.34861079978217835,0.35690343379974365,93427200
2010-12-09,0.36286909089802066,0.3629432271179126,0.3539823479418399,0.3572741150856018,99878400
2010-12-10,0.3597256056321336,0.36544318822799654,0.3567798452088526,0.3647749423980713,88204800
2010-12-13,0.3693547487599016,0.3693547487599016,0.36017049706246695,0.3604927361011505,80755200
2010-12-14,0.3633397102037612,0.3669290147971765,0.3593540302581726,0.36200228333473206,76876800
2010-12-15,0.3617056065291695,0.3684383765042279,0.35521997617552264,0.35831403732299805,95577600
2010-12-16,0.3586858604831076,0.36769614879796175,0.3564577502513292,0.3657902777194977,86131200
2010-12-17,0.3669536923288149,0.3700724567860674,0.3649480195862589,0.36690425872802734,61209600
2010-12-20,0.3688347769454786,0.37180526848522205,0.359923330654955,0.3678937256336212,126144000
2010-12-21,0.3721512270311038,0.37413216825592616,0.36930526885574805,0.3739582300186157,33600000
2010-12-22,0.37400865367971137,0.3758897931611268,0.37244879006810394,0.37435466051101685,43200000
2010-12-23,0.3723993219096545,0.37390881693952915,0.3690818889459037,0.3715077042579651,36864000
2010-12-27,0.36851252460237527,0.3737852616263407,0.36066569972612283,0.37165695428848267,64166400
2010-12-28,0.37442880968369324,0.37475104874069165,0.3675230354734373,0.3700477182865143,63475200
2010-12-29,0.37331469161346265,0.37432987903226916,0.37130998258122516,0.372251033782959,45465600
2010-12-30,0.3723993396861117,0.3724982068702299,0.3675971424224557,0.3694535791873932,28761600
2010-12-31,0.3686371264086571,0.3686371264086571,0.3606410644175931,0.36606207489967346,48729600
2011-01-03,0.3757909861172666,0.39014814617892996,0.3757405893426631,0.3825978934764862,133516800
2011-01-04,0.3874000917724855,0.38749895896953557,0.374701634309314,0.3820037841796875,131520000
2011-01-05,0.3782166948729132,0.39165750235902325,0.37772145250956424,0.39148449897766113,122880000
2011-01-06,0.39287056297015005,0.3959398938999744,0.39044474705598725,0.39502450823783875,104524800
2011-01-07,0.3970290846927089,0.39769733044958827,0.3826719284308495,0.39410802721977234,152409600
2011-01-10,0.39111297869958717,0.40054440037586675,0.38851418757863354,0.398539662361145,86054400
2011-01-11,0.40339117987154216,0.4042571317169099,0.3962867373338425,0.4003712832927704,109939200
2011-01-12,0.40591587501820114,0.4087380656548336,0.4012372476470817,0.408490926027298,134092800
2011-01-13,0.4099510023474866,0.4122779507980579,0.4058417531972928,0.40977799892425537,131443200
2011-01-14,0.4095793397733752,0.4187883232668623,0.40690638441054316,0.41866475343704224,61286400
2011-01-18,0.4079709736144858,0.4232939145966695,0.40727802511150524,0.42200592160224915,138124800
2011-01-19,0.42415987239121355,0.42415987239121355,0.40363835842389284,0.40787214040756226,149952000
2011-01-20,0.40299482766945216,0.4040100151892219,0.38962812589216944,0.3987125754356384,189465600
2011-01-21,0.40452997348582753,0.40695578901620144,0.38933063054239403,0.3896034359931946,104832000
2011-01-24,0.3917811867667516,0.4060395080979989,0.3897023410407957,0.40569350123405457,86438400
2011-01-25,0.40022294528939895,0.40764866297629515,0.39730188783309367,0.4071040153503418,95846400
2011-01-26,0.40972842431023765,0.41725300830446554,0.405940480676343,0.4134165942668915,99379200
2011-01-27,0.41826831385897806,0.42490224543868516,0.41599079914454357,0.42138710618019104,111360000
2011-01-28,0.4215363480072117,0.42232813537479996,0.3840084879829603,0.3896034359931946,254553600
2011-01-31,0.391137682914086,0.3983419290304497,0.38244960725441474,0.3953714370727539,159974400
2011-02-01,0.4044805569520953,0.4200753409777728,0.40294542424156354,0.41732731461524963,203443200
2011-02-02,0.41512485655010634,0.4197293480044347,0.41282261082294214,0.41544613242149353,92121600
2011-02-03,0.4131439429537282,0.41930827011536465,0.4031688094772458,0.4170554578304291,131558400
2011-02-04,0.4181200906685821,0.4252739681763165,0.41433214551701963,0.42458099126815796,135936000
2011-02-07,0.4272291810005668,0.43737825153598014,0.4251256046088366,0.43074432015419006,103795200
2011-02-08,0.4308925817766983,0.4399285316467285,0.42873957198865636,0.4399285316467285,133977600
2011-02-09,0.43700755744471725,0.44086870354892943,0.4329724447509295,0.4372546970844269,130406400
2011-02-10,0.4299773230320782,0.44027466811200733,0.4270068309747151,0.43938401341438293,142080000
2011-02-11,0.43532410906940666,0.4486660797380598,0.43319486686842296,0.44839420914649963,94540800
2011-02-14,0.4482953714174266,0.45329530337026164,0.4471071804232581,0.4512164294719696,59635200
2011-02-15,0.4487154608184732,0.4510424087863733,0.44364139356433147,0.4500528872013092,93235200
2011-02-16,0.45359277380286445,0.46198427462258074,0.45292359312112784,0.45837026834487915,141120000
2011-02-17,0.45161186609973136,0.46042444545562794,0.4507706167979286,0.4579739272594452,86745600
2011-02-18,0.45824582636226663,0.4600775608248136,0.44995319107790344,0.45537516474723816,128179200
2011-02-22,0.43720530334435004,0.44062160407424034,0.4133920201124566,0.41527315974235535,241843200
2011-02-23,0.41514955393314484,0.4196048097001952,0.3957173923055268,0.4050252139568329,194265600
2011-02-24,0.4078720775712183,0.4148766893500433,0.3960643058579449,0.41079217195510864,320524800
2011-02-25,0.41844125556876943,0.43017489089336963,0.4172530647933401,0.428392618894577,108345600
2011-02-28,0.43329382383737336,0.43755230940018225,0.4237388603119599,0.4315115511417389,104313600
2011-03-01,0.43730419193202474,0.43730419193202474,0.40720298186670156,0.4107675552368164,122899200
2011-03-02,0.4099757621152674,0.4250258711880589,0.4096297552444942,0.41656023263931274,114105600
2011-03-03,0.4286901553972043,0.4436908560089448,0.42864072180778984,0.4414133131504059,132825600
2011-03-04,0.44161115056992445,0.44161115056992445,0.42626443957941906,0.4348783791065216,109420800
2011-03-07,0.4403240151363813,0.44106639721070307,0.4058664500239208,0.417550653219223,137568000
2011-03-08,0.4151742966051846,0.4279468894684518,0.40844152591148014,0.42190706729888916,128774400
2011-03-09,0.41844134471647315,0.418986020798449,0.4070052433194231,0.41339200735092163,97056000
2011-03-10,0.3987373011326117,0.4022524402815184,0.38947984830183746,0.39447975158691406,174892800
2011-03-11,0.3878953373884069,0.4044311736791402,0.38730122768262815,0.40106430649757385,102547200
2011-03-14,0.3945291908843408,0.40349007062212994,0.3881918609710839,0.39715367555618286,78912000
2011-03-15,0.3618044975468681,0.3874494842636858,0.3581904911118338,0.3809144198894501,187852800
2011-03-16,0.37140893595022967,0.3772015905872551,0.34531813730972843,0.3529425263404846,216768000
2011-03-17,0.3690819205120528,0.3737852790980422,0.36180450228216393,0.36215144395828247,116486400
2011-03-18,0.3748252116750623,0.3749735124736181,0.35942816101101793,0.36017054319381714,118713600
2011-03-21,0.37596391515781796,0.38616241938216195,0.3743793489733969,0.38027089834213257,95251200
2011-03-22,0.38205325685240854,0.3831920144436642,0.37626057336025603,0.3792310655117035,64358400
2011-03-23,0.3745779146556703,0.3883409878553183,0.3669535287613785,0.3849741220474243,104544000
2011-03-24,0.39398451493205233,0.40834170161838657,0.3872517446052922,0.40591588616371155,130656000
2011-03-25,0.4099757251807746,0.41685773153182965,0.40720293956972414,0.4088863730430603,148300800
2011-03-28,0.4144319531632906,0.4144813867632039,0.4014606898608989,0.4019559323787689,88838400
2011-03-29,0.39953010664140826,0.4135897586539747,0.39537142370696327,0.413490891456604,67296000
2011-03-30,0.4198281764519966,0.42116466817974296,0.4141837949439515,0.4195801019668579,67545600
2011-03-31,0.4178472014818455,0.4224022588635594,0.4153719525979722,0.42136234045028687,56428800
2011-04-01,0.4274022003494699,0.43151144927830976,0.4183424815361461,0.42200592160224915,75552000
2011-04-04,0.4256198633197779,0.4266597817376221,0.4123520578542474,0.41819414496421814,62419200
2011-04-05,0.41507541943429527,0.4218081899661135,0.4119062869568079,0.41344141960144043,53932800
2011-04-06,0.42334340073922216,0.42745262184942434,0.4100251673864831,0.41656023263931274,66393600
2011-04-07,0.4168577536394128,0.42443174574264136,0.4078968729047168,0.41646137833595276,71942400
2011-04-08,0.4222045587385619,0.4236893229188895,0.40403472450378985,0.4102237820625305,50457600
2011-04-11,0.4149765681859582,0.4177978242470664,0.40245017994315424,0.40650999546051025,56083200
2011-04-12,0.40076770383314453,0.40378760075329584,0.393341021439908,0.39849016070365906,66566400
2011-04-13,0.4071040236444931,0.41136154436498634,0.3985395202886888,0.40799564123153687,70848000
2011-04-14,0.3994797520979687,0.4076487891263911,0.3945786868226718,0.40576764941215515,67872000
2011-04-15,0.4010148489948449,0.40844153149019785,0.39596551169961713,0.40314409136772156,149683200
2011-04-18,0.3914599219995043,0.3955691714741798,0.37546876135146723,0.3953714370727539,125760000
2011-04-19,0.39784664471198405,0.40250056982040405,0.39200455693976227,0.40250056982040405,107328000
2011-04-20,0.42373873224046615,0.43091731111622555,0.4223034017357045,0.4292842745780945,131155200
2011-04-21,0.44270042469300064,0.44284872547916904,0.4362147936353173,0.44017574191093445,64972800
2011-04-25,0.44176035115252654,0.44408729963011423,0.43874042579787687,0.44344282150268555,45350400
2011-04-26,0.44705776088724775,0.4554739647682578,0.4443344089718514,0.451067179441452,44793600
2011-04-27,0.45299879239631247,0.4615632701802093,0.44735440989228437,0.4604245126247406,62668800
2011-04-28,0.45591881370838894,0.4599291954672589,0.452255373626199,0.45973148941993713,66028800
2011-04-29,0.456166944693025,0.4608702752483383,0.45423637150906065,0.45750340819358826,52416000
2011-05-02,0.45948334224685583,0.4624043999470341,0.450968300268448,0.45502808690071106,53875200
2011-05-03,0.45359272835263525,0.4548797863014522,0.43968044580955157,0.4481954872608185,52204800
2011-05-04,0.4481461964191548,0.4519588727410413,0.43497722651105736,0.4455721080303192,81945600
2011-05-05,0.43903691164450737,0.45443398679581704,0.43403700883427115,0.43888863921165466,95750400
2011-05-06,0.4522553163466846,0.45938446123210763,0.4391852173900757,0.4427003562450409,76838400
2011-05-09,0.4447802242887556,0.45294832547271313,0.44007689398917516,0.44750261306762695,41875200
2011-05-10,0.45190937294981476,0.46091968666030114,0.44948355739332857,0.45898911356925964,55353600
2011-05-11,0.4576022741814254,0.46195959787454377,0.4398288139252301,0.4490872025489807,64704000
2011-05-12,0.4443838899978278,0.4588893509892894,0.4372053099004931,0.4570081830024719,60288000
2011-05-13,0.45393876669562033,0.45601857520484473,0.4403734248308664,0.44081923365592957,74054400
2011-05-16,0.435026604501712,0.43849233864834036,0.4149765647554781,0.41789668798446655,79718400
2011-05-17,0.4116097530907885,0.42156109064603786,0.4090850701325261,0.42131298780441284,89740800
2011-05-18,0.4197787093503583,0.4340370279149079,0.41804587082458844,0.43156084418296814,42566400
2011-05-19,0.4365617784242392,0.4381957783546448,0.42784803753323397,0.43527472019195557,52627200
2011-05-20,0.433788963437093,0.4354723968509053,0.42408572972738817,0.4256702959537506,43660800
2011-05-23,0.4081934440548476,0.4116591783583544,0.4011631365808654,0.40720295906066895,77433600
2011-05-24,0.4103226998000993,0.4103226998000993,0.39943031069705776,0.3995301127433777,67929600
2011-05-25,0.3975985588846942,0.40957933651225137,0.39735141922702183,0.4039853513240814,53913600
2011-05-26,0.40002430743422096,0.4149261407361972,0.40002430743422096,0.4115602374076843,47136000
2011-05-27,0.41358972886434925,0.41893657416213576,0.41269904596216106,0.4176989495754242,35059200
2011-05-31,0.4297291961625877,0.4377993941307068,0.42294699133122066,0.4377993941307068,55315200
2011-06-01,0.4349277537781313,0.4377005395013762,0.40863924992906725,0.40982744097709656,92352000
2011-06-02,0.4116591112775345,0.41611433834440253,0.4054206205755428,0.41220375895500183,46790400
2011-06-03,0.3977478175853799,0.40680756589160183,0.3921034352965645,0.39348936080932617,81388800
2011-06-06,0.39165758301604864,0.396658449759334,0.3835389153775471,0.3839837610721588,53472000
2011-06-07,0.38695421130553054,0.39141040151224354,0.3810626622983259,0.38175657391548157,55852800
2011-06-08,0.3791320909982421,0.3811130606560172,0.37031951257401063,0.3735381066799164,93523200
2011-06-09,0.37368638116034536,0.38051895314006584,0.37022067574497813,0.37517210841178894,44064000
2011-06-10,0.3700722820532244,0.3725969639189329,0.3573985609576068,0.35794323682785034,55699200
2011-06-13,0.359477476738992,0.3636855922948494,0.3545764411011649,0.3581904470920563,58982400
2011-06-14,0.3662606615736567,0.3746274311916231,0.3661608595470029,0.3715077042579651,58521600
2011-06-15,0.3614575201582601,0.36789371721437714,0.34878379526240894,0.3512096107006073,89337600
2011-06-16,0.3514083232962091,0.3547247936658473,0.3376937433852118,0.3463085889816284,85171200
2011-06-17,0.3561106594655848,0.35744808595368466,0.340714518256852,0.3437344431877136,89971200
2011-06-20,0.34036760437324787,0.35180373351116867,0.34036760437324787,0.34828856587409973,47212800
2011-06-21,0.35279415853581564,0.37220161587956174,0.348090828680791,0.3715077042579651,74284800
2011-06-22,0.36655733111411665,0.37299352952699344,0.3628938903884256,0.3631410300731659,62208000
2011-06-23,0.3512096584213783,0.3736864501559105,0.34794259328078786,0.3731912076473236,115852800
2011-06-24,0.367646657325252,0.3687854149029459,0.3518037966336025,0.3535366356372833,94041600
2011-06-27,0.3552200002212206,0.37556754714110135,0.35319055999462856,0.3707159161567688,74361600
2011-06-28,0.3733898067588395,0.3875482950670439,0.3720029466915387,0.38735058903694153,57676800
2011-06-29,0.39076686810178246,0.3940833377108396,0.3836871285772384,0.3922021985054016,68409600
2011-06-30,0.3963114314227012,0.40829220610116673,0.39561845471272145,0.4071040153503418,90432000
2011-07-01,0.4084415030004563,0.4275514250517901,0.4049263354768493,0.42596685886383057,76723200
2011-07-05,0.42740221086924346,0.43349240144538387,0.4246798220553973,0.43210554122924805,73286400
2011-07-06,0.4310171189290831,0.4385416758874943,0.42675863487610366,0.4367099702358246,79833600
2011-07-07,0.44631445695868,0.4581963676217344,0.4447308254352171,0.4543846547603607,107097600
2011-07-08,0.44284869658853404,0.4507705926229584,0.4356206838816041,0.4506223201751709,146035200
2011-07-11,0.4368582939228819,0.4432450571615583,0.4217093205306525,0.4264620840549469,135417600
2011-07-12,0.42586798164589174,0.4286407386976713,0.4154708367550069,0.41606491804122925,100646400
2011-07-13,0.42532331985960264,0.43428419967390164,0.4172037176452039,0.4216104745864868,114796800
2011-07-14,0.42532325181204683,0.43076899152532633,0.40230181876193394,0.4071040153503418,123436800
2011-07-15,0.42111524247921167,0.42329391837120056,0.4124015304160114,0.42329391837120056,96403200
2011-07-18,0.41695653725505605,0.4217093292058275,0.4044805185827808,0.4163130223751068,84691200
2011-07-19,0.4288384375372672,0.44631435794866414,0.4287395703627331,0.44567084312438965,144864000
2011-07-20,0.452750604499163,0.4529987073101868,0.43765106402080817,0.43943333625793457,107078400
2011-07-21,0.4407698421923625,0.4554739710606357,0.4336901299507522,0.44834479689598083,131212800
2011-07-22,0.44794843758268343,0.46403846404553084,0.44666137937549416,0.46225616335868835,91468800
2011-07-25,0.45082012677523153,0.4668607219434579,0.448592016885149,0.45953384041786194,80102400
2011-07-26,0.45799860970928474,0.46765243794155636,0.45581993388753717,0.462058424949646,103353600
2011-07-27,0.4536423176389761,0.45448356708246856,0.42378827404630814,0.4270068407058716,144057600
2011-07-28,0.42779854730683853,0.4452754320437202,0.4227492105689379,0.4292842745780945,123398400
2011-07-29,0.41873886492566037,0.43834403030209024,0.41274847641816126,0.4251256287097931,149740800
2011-08-01,0.4405227517154719,0.4427993318788562,0.40398537239380267,0.4193824231624603,197337600
2011-08-02,0.41299560840233995,0.41863998997060453,0.3859152907984016,0.3875483274459839,177004800
2011-08-03,0.38853878679527676,0.39957947471757893,0.36863704985769863,0.3975985050201416,175584000
2011-08-04,0.3812119630644125,0.383093102540894,0.3433875297965499,0.34348636865615845,292108800
2011-08-05,0.35487304221873645,0.35927979898866286,0.307791158610911,0.3359113931655884,317836800
2011-08-08,0.30630643682270225,0.3229411399760293,0.27625469031728267,0.27689820528030396,385459200
2011-08-09,0.2878400302809192,0.31581196818329593,0.2653138052249173,0.3148215115070343,425856000
2011-08-10,0.2937305852435132,0.3074451636647111,0.2760569284326199,0.27768999338150024,323577600
2011-08-11,0.28848359395494194,0.32284136368965355,0.2849684257670074,0.3133358061313629,286348800
2011-08-12,0.32046485077348796,0.32699991419743835,0.30927685459972076,0.32130706310272217,250291200
2011-08-15,0.32531742531308305,0.3352678248767042,0.3208612356620208,0.3351689577102661,151488000
2011-08-16,0.3260598606318831,0.335267879764976,0.3137815480546698,0.3265551030635834,150643200
2011-08-17,0.32853509674062903,0.3363571903020192,0.3113062868735121,0.32125765085220337,212236800
2011-08-18,0.2950679772705584,0.2951668444449896,0.2658080528610665,0.2746700644493103,328723200
2011-08-19,0.2653137792140645,0.28526495093361803,0.25843177313330895,0.2592730224132538,287328000
2011-08-22,0.27749240319948126,0.27808648475345826,0.259471797194826,0.2616000771522522,216460800
2011-08-23,0.2671949469035083,0.2941763971464243,0.2641255881699377,0.2939786911010742,286137600
2011-08-24,0.29244348608850357,0.30259255541681535,0.2845719594645003,0.300910085439682,197164800
2011-08-25,0.30026566933178594,0.3045241541015604,0.2832849598958746,0.28645315766334534,152582400
2011-08-26,0.283879102587114,0.3106628513841848,0.2751159555518643,0.30714771151542664,222412800
2011-08-29,0.31685089877352796,0.33442665210793027,0.31685089877352796,0.33328789472579956,226464000
2011-08-30,0.3297232926415379,0.3460110231940758,0.32427755237484474,0.34007006883621216,228940800
2011-08-31,0.3463579237461796,0.35442811926765955,0.33313952495692417,0.3420509696006775,256454400
2011-09-01,0.3442792227311627,0.3522496195728598,0.3304657737836786,0.3323972821235657,197836800
2011-09-02,0.31368265578855015,0.3185836909990312,0.30383016028016535,0.3091275990009308,154137600
2011-09-06,0.28729536775916953,0.31046510659455784,0.28516612539211794,0.30907824635505676,170054400
2011-09-07,0.3224953273165298,0.3326938042297984,0.31987084239228475,0.3324466645717621,160089600
2011-09-08,0.3271491381831171,0.341802867316345,0.3249210574715855,0.3278420865535736,199046400
2011-09-09,0.32180232648521123,0.32531746545195966,0.30011732643694833,0.3062569499015808,207648000
2011-09-12,0.29615735526667025,0.3184355048715746,0.29551290547754855,0.31774255633354187,239712000
2011-09-13,0.32140597952669614,0.33249610270978885,0.31695075171714826,0.33007028698921204,280243200
2011-09-14,0.3358125174245296,0.35596235685883887,0.3255646084716577,0.34432852268218994,233625600
2011-09-15,0.3562599590647079,0.36165623837713096,0.34546737211115186,0.3599728047847748,235372800
2011-09-16,0.36279499195967346,0.37091368854545703,0.36031977094915724,0.3693794906139374,246220800
2011-09-19,0.35630935652477985,0.37601336044517386,0.34695210127037596,0.37031954526901245,247449600
2011-09-20,0.3756663743660537,0.38462725329104425,0.3627455109245713,0.36507245898246765,239155200
2011-09-21,0.37076532778942384,0.3763603037088475,0.3462096945720816,0.346506267786026,234451200
2011-09-22,0.32016834864511495,0.32888208953630865,0.2975432853225452,0.3127920627593994,335462400
2011-09-23,0.30482069898162334,0.32650567172539985,0.30417715577154597,0.32254472374916077,261504000
2011-09-26,0.3275447069465972,0.3352679638986908,0.3059595309656873,0.3334856629371643,246988800
2011-09-27,0.35101197185122196,0.3594281771075482,0.33715002505023556,0.3436850905418396,259027200
2011-09-28,0.3485366450043991,0.35526941508017595,0.32650566584456564,0.32749518752098083,269184000
2011-09-29,0.34403106711335474,0.34487325130614493,0.30081032391494755,0.31779196858406067,336556800
2011-09-30,0.3052171082615379,0.3121979820424244,0.2920975732176437,0.29308709502220154,287462400
2011-10-03,0.28476970314994027,0.2986325822390564,0.26971959630579456,0.2701159715652466,410649600
2011-10-04,0.26169977540253836,0.28828487898494704,0.25372844547509066,0.2865520119667053,689280000
2011-10-05,0.284572049021903,0.31115809153569607,0.2779875782717107,0.30833590030670166,520569600
2011-10-06,0.3079394647436531,0.3241787254810333,0.3034347755604178,0.3241787254810333,456460800
2011-10-07,0.3232376403311899,0.327990403494847,0.31140513768012024,0.31749439239501953,288364800
2011-10-10,0.3336843218393914,0.35007092356681824,0.3322974614219482,0.35007092356681824,216960000
2011-10-11,0.3476450812743926,0.36002223448845366,0.3459616477002505,0.35754698514938354,200947200
2011-10-12,0.368191315595052,0.37502295421063025,0.3621020591783818,0.3632902503013611,258950400
2011-10-13,0.36111159698160805,0.37442886818010557,0.35987400050842855,0.3730429708957672,187161600
2011-10-14,0.3872023748910735,0.3935891389846802,0.3808155824687579,0.3935891389846802,191481600
2011-10-17,0.3879941385977935,0.3916575786885963,0.3691313555711587,0.3753698468208313,1094342400
2011-10-18,0.37403335223780254,0.39532101578501455,0.36323983157630557,0.3889846205711365,285792000
2011-10-19,0.38398369721968695,0.3865093143923553,0.3631409107652779,0.36655721068382263,242246400
2011-10-20,0.3657160454300944,0.36754777977574227,0.34581334241306017,0.3619033694267273,203174400
2011-10-21,0.3728451644529282,0.3818060444761949,0.3649232680971523,0.3747757375240326,188428800
2011-10-24,0.3791815035062275,0.4012124809183087,0.37794387912690586,0.3981925845146179,197356800
2011-10-25,0.3939350708076038,0.39467745281335087,0.3722510346324124,0.3756169378757477,200755200
2011-10-26,0.38121198676380136,0.38348950165376783,0.35279421228770164,0.3741322457790375,383692800
2011-10-27,0.4002230226989004,0.4109167698533677,0.3885388189424705,0.4042828381061554,330528000
2011-10-28,0.3968561493327387,0.4072029263083768,0.3968561493327387,0.4056193232536316,127161600
2011-10-31,0.39477735741157977,0.3996289891029368,0.3847271523061014,0.38551896810531616,157977600
2011-11-01,0.35769524314727263,0.36586430720098856,0.349377906644708,0.35566580295562744,392870400
2011-11-02,0.3659137724138586,0.3688842643872233,0.35442823650150984,0.3644280731678009,243648000
2011-11-03,0.3733394730737904,0.3883905436107002,0.360418579685094,0.3866082429885864,285561600
2011-11-04,0.3809144003928428,0.3857165975293342,0.3693794331823094,0.38061782717704773,158323200
2011-11-07,0.3806672712560631,0.38982585694606603,0.3688347673277415,0.38908347487449646,223084800
2011-11-08,0.3973514276774683,0.40438173522094056,0.3842318923248747,0.4020547866821289,205900800
2011-11-09,0.3786863358230634,0.3806673057614887,0.35754697184094014,0.3604680299758911,222144000
2011-11-10,0.37101350109779224,0.3718053168851963,0.34903195149409133,0.3589823544025421,177945600
2011-11-11,0.3691807272595213,0.3828449352590678,0.36749825729030616,0.37913206219673157,171532800
2011-11-14,0.37690403893287494,0.382994229308306,0.3683889679122014,0.3726959228515625,113126400
2011-11-15,0.3698747103040156,0.38943044233820234,0.36833954929105106,0.3846776783466339,220108800
2011-11-16,0.376459162399886,0.3852213730000575,0.3638843044909589,0.36571601033210754,242092800
2011-11-17,0.36309154783353004,0.363389084257318,0.3336842805717155,0.3405653238296509,445920000
2011-11-18,0.3405159797801305,0.341605303798107,0.3306150094460899,0.3323972821235657,236198400
2011-11-21,0.31952479272211554,0.32016830759140186,0.303335929155612,0.313088595867157,272352000
2011-11-22,0.3103652850156859,0.3192767028560736,0.3053653533161866,0.3158119320869446,320659200
2011-11-23,0.3093263442860547,0.3102169988583202,0.2945727816085327,0.2948199212551117,310272000
2011-11-25,0.29160230560335043,0.3014538399308953,0.2881365716457367,0.2881365716457367,123552000
2011-11-28,0.30922739209538075,0.3193270268982537,0.30902872292240524,0.3178907334804535,262752000
2011-11-29,0.3169003517347546,0.3248222769567143,0.30972177184174726,0.3121475875377655,234432000
2011-11-30,0.33769367271083583,0.3475955745013118,0.33482298351733963,0.34640738368034363,242457600
2011-12-01,0.34680375677930486,0.35660585648647825,0.3459121391632512,0.3538340628147125,183475200
2011-12-02,0.36427971732174425,0.36452782013480256,0.35012029317928295,0.3504672348499298,129081600
2011-12-05,0.3672996552767598,0.3696266036530666,0.3564576356218141,0.3619527816772461,189158400
2011-12-06,0.3636856163246343,0.3663595344742041,0.35596236144199744,0.35918092727661133,140025600
2011-12-07,0.35645762470673176,0.36437858608567364,0.3454673329324012,0.35972562432289124,154080000
2011-12-08,0.35249675860604746,0.36061639109488663,0.33927835430926534,0.3414075970649719,259795200
2011-12-09,0.3444274579118907,0.36076462518426045,0.3435358400815967,0.35759642720222473,196243200
2011-12-12,0.3465557246001525,0.3469026946321267,0.33665478402903437,0.3458627760410309,214579200
2011-12-13,0.35244725972343743,0.35660591407863346,0.3298716022886002,0.33417952060699463,231590400
2011-12-14,0.3301690990949636,0.3312089891886569,0.3129897226778781,0.31863316893577576,409939200
2011-12-15,0.3276444342376286,0.32774330142250274,0.314574334040797,0.3161579370498657,306950400
2011-12-16,0.3213565301860556,0.33368427742453693,0.31922731615792965,0.3201189339160919,280934400
2011-12-19,0.32447537905408547,0.32655518817688634,0.3088311589120689,0.3112569749355316,199296000
2011-12-20,0.3260103925873417,0.33992174025872474,0.3260103925873417,0.33888185024261475,267705600
2011-12-21,0.33309014133724574,0.33309014133724574,0.3128908958873152,0.32477280497550964,343718400
2011-12-22,0.32605985281770455,0.33318899804651003,0.325168235158296,0.33269375562667847,200947200
2011-12-23,0.3345749781201857,0.3413581465617054,0.33264440472704276,0.34130871295928955,110918400
2011-12-27,0.3400206375042576,0.34754615802328515,0.3386347122629537,0.3439321517944336,139776000
2011-12-28,0.3430909327591083,0.34432852890704957,0.3296244294409072,0.3328914940357208,200294400
2011-12-29,0.33383258453332226,0.3401699438186514,0.33101039335516885,0.33937716484069824,135436800
2011-12-30,0.3373971261007019,0.34180291976837496,0.3364066412250781,0.3366053104400635,115622400
2012-01-03,0.3555669228960737,0.3611115020812536,0.35338827548715684,0.3557646572589874,202732800
2012-01-04,0.3540812619677888,0.3617550841238627,0.34952620396922257,0.3600222170352936,119692800
2012-01-05,0.3581904584652502,0.3700723668548098,0.3539823427757775,0.3688841760158539,138796800
2012-01-06,0.3698746952693871,0.3754192747517206,0.3653196375158127,0.3726959228515625,207494400
2012-01-09,0.37576622715730473,0.3763603368134255,0.3658643240120715,0.36957716941833496,153945600
2012-01-10,0.3815085937712881,0.38447905747527217,0.37457808781245966,0.3771522045135498,157305600
2012-01-11,0.3771521219490406,0.3822014587139213,0.3730923068609754,0.37977564334869385,137241600
2012-01-12,0.3827955206501135,0.3856671447058501,0.374132178070551,0.3842812478542328,154329600
2012-01-13,0.3783403282243638,0.38036974009859487,0.37027010298207363,0.37987449765205383,155155200
2012-01-17,0.3905188290863081,0.39522215945585276,0.38616244040116304,0.3900739550590515,129024000
2012-01-18,0.3928951929848183,0.40596529328603237,0.3906680467376802,0.4055698812007904,213830400
2012-01-19,0.41131218826326543,0.41571897374815964,0.4094804823338896,0.4136885702610016,226790400
2012-01-20,0.4081439861792706,0.41220380160534426,0.4074016040658551,0.41185685992240906,80179200
2012-01-23,0.4117580140744296,0.4207188946942404,0.4049758094889506,0.41180744767189026,137664000
2012-01-24,0.4065594326697876,0.4130450638665209,0.4043322862596716,0.4095299243927002,95596800
2012-01-25,0.42245171745004073,0.42824437128774734,0.4130450289226558,0.4251750409603119,202521600
2012-01-26,0.43062074264221883,0.4329477191677683,0.41472845218268345,0.42066940665245056,187084800
2012-01-27,0.41824364343437964,0.426659847923799,0.4175506948832095,0.4248281419277191,168844800
2012-01-30,0.4139861363978391,0.4272539727194955,0.4091345048632498,0.4255211055278778,168672000
2012-01-31,0.43161133296228243,0.4341360161402691,0.4190849429123264,0.4270068407058716,198201600
2012-02-01,0.43433362047495094,0.44225458156538283,0.43022437173140665,0.43750181794166565,175737600
2012-02-02,0.44180971641838335,0.4459683702414188,0.43656171059186694,0.4420074224472046,145190400
2012-02-03,0.45423631837973716,0.4611667945620471,0.451859936581502,0.4595831632614136,155040000
2012-02-06,0.4543846162606156,0.45918681371718334,0.4512164186347128,0.4591373801231384,130828800
2012-02-07,0.45794924838691153,0.4642866076344113,0.45171078466899944,0.4611174464225769,130176000
2012-02-08,0.46181040186970945,0.46879127621650696,0.45681049764482723,0.46879127621650696,154886400
2012-02-09,0.47389091177741244,0.48072254904542033,0.46591955403565927,0.47918832302093506,152544000
2012-02-10,0.4690392851955821,0.4729004311119267,0.4640878523866759,0.46893948316574097,194803200
2012-02-13,0.479435488140872,0.48374247141688553,0.47334626093023874,0.4815647304058075,159206400
2012-02-14,0.47884143676910745,0.48577284812927246,0.4739897774299926,0.48577284812927246,173875200
2012-02-15,0.4927528562667945,0.500674754112937,0.4733463566930307,0.4749299883842468,383865600
2012-02-16,0.4763661589269835,0.4967631099904271,0.47245461629287133,0.49478310346603394,252268800
2012-02-17,0.49522897179749636,0.4964171344276612,0.4841882548352642,0.49057507514953613,161932800
2012-02-21,0.4924563249864457,0.5010207749295245,0.4853765829114712,0.4947338402271271,164371200
2012-02-22,0.49171386392951044,0.4960207908489559,0.4858222856950964,0.4881986677646637,125376000
2012-02-23,0.4898820546674685,0.4989912062580417,0.4827034476314132,0.49745607376098633,210144000
2012-02-24,0.5016146047739178,0.5052286100374708,0.49894167884357715,0.5023084878921509,134572800
2012-02-27,0.49369379717338013,0.5095366252312582,0.4879010869955866,0.504734456539154,184819200
2012-02-28,0.5057734857629255,0.5198341012001038,0.5042393161252675,0.5198341012001038,191980800
2012-02-29,0.5214186883265952,0.5262703198475168,0.5082496909112797,0.5130024552345276,266092800
2012-03-01,0.5189927329182338,0.5267159874512992,0.5144377039673457,0.5254783630371094,234643200
2012-03-02,0.5236960958583798,0.5291417793095032,0.5191410102075,0.5238937735557556,166252800
2012-03-05,0.5233491463283133,0.5250326079653166,0.5027040924751922,0.5075557231903076,244454400
2012-03-06,0.4932974695298649,0.4960702837239014,0.48488129289616755,0.49300092458724976,215558400
2012-03-07,0.4998324971816566,0.507456885348093,0.4976547561698909,0.5041898488998413,187238400
2012-03-08,0.5127542898840411,0.5247845283507987,0.5099321274869213,0.5201810002326965,124761600
2012-03-09,0.523250288295967,0.5296865135793685,0.5220126638002353,0.5264679193496704,154944000
2012-03-12,0.5258245245498745,0.5291913919942112,0.5196858625895624,0.5273102521896362,151507200
2012-03-13,0.5365674504829955,0.5571136901234023,0.5330523120543331,0.5570148229598999,191462400
2012-03-14,0.5586479579577343,0.5690945645842124,0.5527069752281878,0.5632524490356445,243052800
2012-03-15,0.5679064507121665,0.5710746770265481,0.5595891413369767,0.5675594806671143,196819200
2012-03-16,0.5703322916223358,0.570431102163674,0.5625595734198643,0.5663219094276428,138297600
2012-03-19,0.5691439348131321,0.5824612016277038,0.565133553586512,0.5786494612693787,191961600
2012-03-20,0.5697875077736501,0.5836494236542333,0.5650842059818112,0.5818177461624146,184396800
2012-03-21,0.582362359985101,0.5914230128802753,0.5794907358521657,0.5816199779510498,156576000
2012-03-22,0.5712732163582305,0.5821646403964194,0.5709262463748777,0.5781048536300659,213216000
2012-03-23,0.5803823644736373,0.5807787397165894,0.5673616983667469,0.5773130059242249,157497600
2012-03-26,0.5880562857479535,0.6074637174606323,0.58741271414515,0.6074637174606323,158553600
2012-03-27,0.6081071115800188,0.6174634022946206,0.6078590087990765,0.6097896099090576,179251200
2012-03-28,0.6109284396933553,0.6179093128327038,0.5919173847906707,0.6026605367660522,190368000
2012-03-29,0.5941455248140578,0.6024628908843298,0.5830554578715371,0.5964725017547607,172300800
2012-03-30,0.6039980023304349,0.6046909792229963,0.5852340849702631,0.592313826084137,126451200
2012-04-02,0.5906796609970034,0.6131069841469408,0.5876597080903112,0.6103836894035339,125452800
2012-04-03,0.6130576960955507,0.6187011144800748,0.5999875672190701,0.6104341745376587,167500800
2012-04-04,0.5961255098875232,0.5974629649203091,0.5750355788706586,0.5855315923690796,205152000
2012-04-05,0.5823130358439131,0.5977100855678162,0.5808282715689741,0.5962253212928772,154656000
2012-04-09,0.5735497026446182,0.5899372902651275,0.5708767762818304,0.5825115442276001,143904000
2012-04-10,0.5814223096784655,0.5885514556435268,0.5490436164169342,0.5543904900550842,293433600
2012-04-11,0.5697380685824889,0.5735497524453208,0.5583019405032178,0.5624111890792847,168806400
2012-04-12,0.565727698991474,0.5835999958165375,0.5636488252889102,0.5812730193138123,178291200
2012-04-13,0.5754318280332783,0.5759261639056424,0.5545386728125796,0.5549845099449158,183321600
2012-04-16,0.5642430401218409,0.5645395850632019,0.5317160147425227,0.5375087261199951,200486400
2012-04-17,0.5441919216391683,0.5743425585024434,0.5412214303365929,0.5691933631896973,189254400
2012-04-18,0.5640947468343072,0.5748378999726446,0.5598362619164536,0.565034806728363,128294400
2012-04-19,0.5590939713729461,0.5792437890975172,0.5398851768727528,0.5467662215232849,199200000
2012-04-20,0.5546879577003565,0.5621137046953688,0.5389934014256024,0.5408745408058167,171033600
2012-04-23,0.5269632722046037,0.5289926844506095,0.5121603305555847,0.5272607803344727,140140800
2012-04-24,0.5239432473110645,0.5300819076611599,0.5114672290756599,0.5179528594017029,129696000
2012-04-25,0.5501329530069163,0.5601337231487656,0.5476577038980286,0.5590938329696655,152409600
2012-04-26,0.5583019257485585,0.5729556843677012,0.5569654341577368,0.5690945386886597,142483200
2012-04-27,0.5760754356623713,0.5848376174537715,0.5672134235143222,0.5788472294807434,104928000
2012-04-30,0.5736990514987709,0.5774119252504754,0.565579477285306,0.566817045211792,96172800
2012-05-01,0.5636983957931851,0.5886010346882505,0.5629560135270326,0.5700357556343079,104678400
2012-05-02,0.5608265621679112,0.5758766955373418,0.5576089880845861,0.5737978219985962,77184000
2012-05-03,0.5757779226457871,0.5769166800342405,0.5520141029811786,0.555975079536438,100550400
2012-05-04,0.5407757252476202,0.5433507481936237,0.5148835689579575,0.5151801705360413,182169600
2012-05-07,0.5053779762477021,0.5234480072362567,0.5048333285674758,0.515922486782074,211046400
2012-05-08,0.5060216492570098,0.5154777739048468,0.48542599447579615,0.510229766368866,276480000
2012-05-09,0.4928525325120047,0.5138435920596175,0.48621766681129086,0.5074073672294617,269529600
2012-05-10,0.5124577007879533,0.512902574756174,0.4966642216568539,0.5022088289260864,406137600
2012-05-11,0.49616895740597194,0.5181505576793679,0.49597127971789523,0.5017145276069641,96172800
2012-05-14,0.48963401126106576,0.49973364890089,0.4858717322170123,0.48785173892974854,164400000
2012-05-15,0.4933971840391096,0.5039910994840486,0.4808213924656451,0.48359414935112,151276800
2012-05-16,0.4887433695712108,0.4927033831011056,0.4706229677171877,0.47309818863868713,148598400
2012-05-17,0.4738909934575778,0.475969867529488,0.44378978415152276,0.44398751854896545,260640000
2012-05-18,0.4481461139563591,0.45111660546144955,0.4250761785672187,0.42616456747055054,281923200
2012-05-21,0.4286407695534684,0.4630983648246759,0.4272539376684568,0.4620090126991272,206409600
2012-05-22,0.4654747062166217,0.4716133666658234,0.4501270635889346,0.46032553911209106,193238400
2012-05-23,0.44893890147644,0.466464257783722,0.43695812469649464,0.46289968490600586,161952000
2012-05-24,0.4653749502206597,0.46646430242530074,0.44359207044817195,0.4545823633670807,154800000
2012-05-25,0.455375084297774,0.45755279692478956,0.448047269552119,0.4520082175731659,62496000
2012-05-29,0.46488061565469735,0.47567320122587425,0.45695871954470896,0.468840628862381,141360000
2012-05-30,0.4564634202958128,0.4624043742153354,0.44883996805624504,0.4574538767337799,124617600
2012-05-31,0.45586938282321193,0.459236249690072,0.4411167835474831,0.45091891288757324,166080000
2012-06-01,0.42755141682308984,0.43527467187822666,0.4150753981428551,0.41547083854675293,224342400
2012-06-04,0.41913519835734464,0.42675865111032757,0.40784737098570123,0.4243822693824768,228345600
2012-06-05,0.42052115596848055,0.4325019618459066,0.41992707461509426,0.4302244186401367,196483200
2012-06-06,0.4402251755375405,0.46062215688567565,0.4386406092577087,0.45963263511657715,171724800
2012-06-07,0.47339575776280846,0.4738910002822748,0.45289897243620936,0.4544835388660431,171408000
2012-06-08,0.4516118703254335,0.46913816201158764,0.44735434881577074,0.4678511321544647,126384000
2012-06-11,0.4775543163736233,0.47884140275395515,0.44289904674312075,0.4454731345176697,181795200
2012-06-12,0.44913669303904996,0.46032565625900645,0.4411168628786919,0.45953384041786194,134995200
2012-06-13,0.4559691576434052,0.4662665288305134,0.44547314557231477,0.4505224823951721,96998400
2012-06-14,0.4500282341127597,0.4604244448693935,0.44289908821689766,0.45557281374931335,131414400
2012-06-15,0.4587410434228642,0.47398982121070043,0.45844447016236617,0.47240525484085083,168758400
2012-06-18,0.46715726305548316,0.4888422676956547,0.4642866015077873,0.4845846891403198,176668800
2012-06-19,0.492703222399065,0.506566098102995,0.49201024575319524,0.5005262494087219,162518400
2012-06-20,0.5032980659555998,0.5080508282039954,0.49022794144381443,0.5023084878921509,194428800
2012-06-21,0.5003277383203559,0.5023086514715978,0.46270194655913277,0.4646819531917572,155788800
2012-06-22,0.4684452520117732,0.48072263173641033,0.4652761191988446,0.4791390001773834,140044800
2012-06-25,0.4668606029367325,0.4673558453612008,0.4470577331759576,0.4507211446762085,134160000
2012-06-26,0.45527528891132757,0.46329605225491877,0.4493343058879866,0.4594339430332184,136684800
2012-06-27,0.4646819712734515,0.473890954321393,0.46329607422577224,0.4678511321544647,116985600
2012-06-28,0.45705761964669595,0.45824581073768,0.4376511217255808,0.4510177969932556,209184000
2012-06-29,0.47824734731694835,0.49507975578308105,0.4737920913861583,0.49507975578308105,246595200
2012-07-02,0.49656544110398393,0.500031118307794,0.4881492092558719,0.4990406334400177,125107200
2012-07-03,0.49993232080787037,0.5117144578004025,0.4976548058630951,0.5109226703643799,92947200
2012-07-05,0.5105263205955408,0.5202304905598172,0.5022089543551261,0.5127049684524536,118560000
2012-07-06,0.50587315484466,0.5067638092140532,0.48290112766003485,0.4925055205821991,145248000
2012-07-09,0.4919115810131175,0.49696191031391496,0.4836930819772801,0.49082228541374207,96124800
2012-07-10,0.4989418491691549,0.5025063937435954,0.4708215845582432,0.47577208280563354,172665600
2012-07-11,0.4748804161212215,0.478444960328213,0.45685981908659906,0.46923696994781494,221088000
2012-07-12,0.4577515964727291,0.4609197948832398,0.44270052228705953,0.4556717872619629,215356800
2012-07-13,0.4591373151633768,0.47903905068045777,0.4582456975594564,0.4754745066165924,141120000
2012-07-16,0.472900425092881,0.4789402183654936,0.4663653610665063,0.47190994024276733,108739200
2012-07-17,0.4805248973390362,0.48399063174802603,0.4590385904665492,0.4791390001773834,173606400
2012-07-18,0.4761684371872995,0.5030016141363246,0.47606860682736973,0.49864426255226135,187440000
2012-07-19,0.5093380041026889,0.5198340162004229,0.5064673430375789,0.5148835182189941,216249600
2012-07-20,0.5152790312128711,0.5152790312128711,0.49409023400739277,0.49507975578308105,164726400
2012-07-23,0.4659689848960204,0.4820095759625254,0.45507753259904976,0.4767625331878662,221788800
2012-07-24,0.4794354541416851,0.4813165934585485,0.456563254447615,0.46587011218070984,252192000
2012-07-25,0.4551764230401742,0.4651771930284239,0.44775070415626783,0.45547395944595337,196675200
2012-07-26,0.47596974460539665,0.48220817824744255,0.4656723744090935,0.47329676151275635,231024000
2012-07-27,0.48438589422650963,0.510229545348811,0.48022724085028673,0.5091401934623718,271305600
2012-07-30,0.5118142200131716,0.5182494255082915,0.5015158855486003,0.5060709714889526,183235200
2012-07-31,0.509140261610608,0.5148835100011511,0.5047838733150033,0.5063675045967102,132748800
2012-08-01,0.5168635517089349,0.5171610597918757,0.4960702239718725,0.5014170408248901,150921600
2012-08-02,0.4896341122085435,0.5112202521644845,0.48527772260342555,0.49616914987564087,165830400
2012-08-03,0.5204281681979521,0.5350828354883254,0.514982427339706,0.5243890881538391,195081600
2012-08-06,0.5330029007073912,0.5433011762955808,0.529537167571404,0.5361720323562622,127612800
2012-08-07,0.5441919604699033,0.5562716042425541,0.5410237912408556,0.5494399666786194,140601600
2012-08-08,0.5453801716155647,0.5526081843343056,0.5429049225863241,0.5485483407974243,85929600
2012-08-09,0.5487470722263688,0.555975085391424,0.545875447763252,0.5532022714614868,77500800
2012-08-10,0.5486481868849882,0.5554798245429993,0.5438954230592494,0.5554798245429993,93350400
2012-08-13,0.5550835261573345,0.5588467121124268,0.5460731830557051,0.5588467121124268,71904000
2012-08-14,0.5651830516120523,0.5685499185646857,0.5549846033965214,0.559638500213623,110160000
2012-08-15,0.5582525936945627,0.5661735269628279,0.5578562184181416,0.5635994672775269,71654400
2012-08-16,0.5704309523567834,0.5879572975516136,0.5680545707931695,0.5837985873222351,139017600
2012-08-17,0.5876598007760325,0.5918185114860535,0.5838975219789012,0.5918185114860535,113606400
2012-08-20,0.5907291976321289,0.5944924398486819,0.5836000516562081,0.5940960645675659,91910400
2012-08-21,0.5998393661227416,0.606275535810386,0.5802341988045178,0.5872644782066345,218227200
2012-08-22,0.5828082519760016,0.5979581613611114,0.578451863365066,0.5936008095741272,113750400
2012-08-23,0.5869669148385299,0.5919174131720547,0.5752826826771873,0.5804318785667419,109641600
2012-08-24,0.5754813638115038,0.5948878311744777,0.5730061147153742,0.5907291769981384,104236800
2012-08-27,0.5984524406463474,0.6005322776800167,0.5895410225287822,0.5936008095741272,75379200
2012-08-28,0.591719593801563,0.5982546291347036,0.5859763457357958,0.5935018658638,87657600
2012-08-29,0.5941948168464765,0.5980569255067495,0.5860761506732352,0.59369957447052,73737600
2012-08-30,0.5857787479109413,0.5863728576226245,0.5727086741984347,0.5755802989006042,124272000
2012-08-31,0.5881551026263154,0.5942938205392054,0.5696392884895874,0.5878585577011108,168816000
2012-09-04,0.5842939533464292,0.5916208339332916,0.5678570132685192,0.585382342338562,149625600
2012-09-05,0.5840953885253886,0.5917197782052421,0.5785507796017813,0.5827094912528992,100828800
2012-09-06,0.5939971749450123,0.6224149472423163,0.5936996668657472,0.6212267279624939,154656000
2012-09-07,0.6180575020104856,0.6225137202374507,0.6141963565094247,0.6185527443885803,109670400
2012-09-10,0.6147905299187434,0.6183550742742916,0.5943935220148826,0.5957794189453125,150604800
2012-09-11,0.5954818242515364,0.6026109685829207,0.5899372741604318,0.5932052731513977,140352000
2012-09-12,0.5989476147165588,0.6027108564240208,0.587065706364074,0.5983535051345825,153888000
2012-09-13,0.5999380764325544,0.6300392497112774,0.5974628276800964,0.6222161650657654,233616000
2012-09-14,0.6297418475708031,0.645584677382138,0.6283558938726542,0.6381580233573914,286377600
2012-09-17,0.6402378596978229,0.6402378596978229,0.6327122818341269,0.6393462419509888,152323200
2012-09-18,0.6344945481308294,0.6419212014135217,0.6344945481308294,0.6405343413352966,100742400
2012-09-19,0.6412274158896359,0.649644555294714,0.635485129868688,0.6447919607162476,137520000
2012-09-20,0.6353862162549361,0.6444953687039247,0.6304347548429439,0.6433071494102478,144921600
2012-09-21,0.6527138665993848,0.6540008964236821,0.6416237443151818,0.6433071494102478,145056000
2012-09-24,0.6271676807471088,0.6352863477915992,0.6233055716723762,0.6314252018928528,139872000
2012-09-25,0.6371684997756826,0.6411285131638659,0.6044932051696665,0.6060768365859985,153148800
2012-09-26,0.6026110564626891,0.6038990493873713,0.5814222612326015,0.5901350378990173,244800000
2012-09-27,0.5945913377036421,0.6190481357376307,0.59191744748327,0.6151869893074036,183244800
2012-09-28,0.608552016358223,0.6143941317606401,0.5980569679084878,0.600433349609375,157977600
2012-10-01,0.6089484924016534,0.6195433729598178,0.5913233327554764,0.5978583693504333,156499200
2012-10-02,0.605186246378588,0.6103344229715001,0.5883528732297746,0.6017205119132996,165043200
2012-10-03,0.607166158918554,0.6165728191546165,0.5998392789829571,0.6131070852279663,159820800
2012-10-04,0.6173645937364777,0.6250878487707726,0.6108295579339564,0.6202362179756165,152342400
2012-10-05,0.6293453862114674,0.6317217678650698,0.6053837786649586,0.6095424890518188,116534400
2012-10-08,0.5995416381306268,0.6031061817953614,0.5890465346660863,0.5934029221534729,104841600
2012-10-09,0.588056215329208,0.5886502682781781,0.5608266071911073,0.5629064440727234,182188800
2012-10-10,0.5647875236672384,0.5691439114988263,0.5534997256271884,0.556073784828186,155808000
2012-10-11,0.5695403244726216,0.5698369260048214,0.5501328958499476,0.5511233806610107,142396800
2012-10-12,0.5517174763165623,0.5597373330757778,0.5473601813400578,0.5510245561599731,109180800
2012-10-15,0.5567668713549776,0.5644901269719312,0.5467661009429513,0.5620148777961731,116332800
2012-10-16,0.5650842963039312,0.5881551417432493,0.5644901865804871,0.5864717364311218,142742400
2012-10-17,0.577263749204095,0.5906304255556359,0.5748873668294328,0.5846894979476929,133401600
2012-10-18,0.5795411430577619,0.5850857508175382,0.5584502510629124,0.5646887421607971,173520000
2012-10-19,0.5628065914568603,0.5636982090904523,0.5223092358192959,0.5238937735557556,285312000
2012-10-22,0.522804507532457,0.5363698215773997,0.5200317504747924,0.5321123003959656,211132800
2012-10-23,0.5196363293150942,0.5307254888663738,0.5122096751457746,0.5163683295249939,282038400
2012-10-24,0.5258739228279382,0.528449002732176,0.5093381137953478,0.5112202167510986,207052800
2012-10-25,0.5224082448815724,0.524586892792632,0.5068628642715559,0.5112202167510986,233625600
2012-10-26,0.5119128614057135,0.5222102292920789,0.4996345810833872,0.516566812992096,192192000
2012-10-31,0.5143883528236389,0.5166659244469645,0.5010207144827803,0.5065662860870361,148204800
2012-11-01,0.5157742246544148,0.5310230002278404,0.5118142115759835,0.5280525088310242,183724800
2012-11-02,0.5351816461499369,0.5359734334555682,0.5087438821792603,0.5087438821792603,183427200
2012-11-05,0.5116155148499218,0.5239926662282692,0.5079521033117972,0.5212199091911316,150355200
2012-11-06,0.5234974703974982,0.5345875930146534,0.5180517861966681,0.5243890881538391,182582400
2012-11-07,0.5075557901382413,0.5089426504144159,0.4803271415981177,0.4867624044418335,383731200
2012-11-08,0.4901292494296118,0.49418903652880025,0.4639890193939209,0.4639890193939209,310473600
2012-11-09,0.4646820281408478,0.48468357145587915,0.4637913734556056,0.4690393805503845,436598400
2012-11-12,0.47795072422373164,0.47933662122146065,0.46547473338736206,0.46973225474357605,164419200
2012-11-13,0.45874108972920724,0.472999412283582,0.45527538337917406,0.45953384041786194,345734400
2012-11-14,0.46606888131747376,0.46775138011667244,0.44121570662188897,0.4430968463420868,294950400
2012-11-15,0.4440872525331526,0.44884001617833513,0.4339876156227868,0.4391358196735382,310396800
2012-11-16,0.4396310468511588,0.4481460889731177,0.42359045594105527,0.4440872371196747,372614400
2012-11-19,0.45893969223605097,0.4772568650570696,0.4586421558126707,0.4760686457157135,345580800
2012-11-20,0.4759697532202806,0.4785447757048335,0.46289962600309115,0.4761683940887451,218467200
2012-11-21,0.4774556026438752,0.48161431452333864,0.4722076233806074,0.47953447699546814,160761600
2012-11-23,0.488248117811764,0.5015159249305725,0.4869610879431573,0.5015159249305725,129321600
2012-11-26,0.49805019185167115,0.5084473364986495,0.49309969399775455,0.507952094078064,196944000
2012-11-27,0.5069615922600347,0.512902574756174,0.5002288224860191,0.5022088289260864,359788800
2012-11-28,0.4952784149640032,0.5166659105178014,0.486069488150892,0.51567542552948,281001600
2012-11-29,0.523795247468919,0.5301316454759156,0.5171612845922214,0.5245870351791382,249177600
2012-11-30,0.5247845480459208,0.5261714082524876,0.5175565349732613,0.5227056741714478,228470400
2012-12-03,0.5345874924429946,0.5357757115488057,0.5185469311163835,0.5201314687728882,336825600
2012-12-04,0.5203293017484643,0.5213197866972197,0.5079521492507334,0.5167647004127502,336748800
2012-12-05,0.5160716756117998,0.5161705427829045,0.49250553806654634,0.500822901725769,436617600
2012-12-06,0.4962679255837416,0.5144871945475972,0.49210927116759146,0.5100319385528564,306249600
2012-12-07,0.5184482551094104,0.5197352852047809,0.49636783625452374,0.5013183355331421,240748800
2012-12-10,0.4975557731747717,0.5134965594487307,0.49725826516449084,0.5057733058929443,210441600
2012-12-11,0.5171611538982294,0.5340924320646095,0.5150813731524977,0.5252798795700073,344976000
2012-12-12,0.533498389087367,0.5336961235243057,0.517854195679613,0.5217153429985046,301238400
2012-12-13,0.5192399540943076,0.5300325687284153,0.5031005223965617,0.5099321603775024,338515200
2012-12-14,0.5002288605642513,0.5042886474490472,0.4901292235464586,0.495476096868515,274128000
2012-12-17,0.4962678595172679,0.5152789700118201,0.49448558738438814,0.5147846341133118,193219200
2012-12-18,0.5227057179810822,0.5409249878210924,0.5185470633649446,0.538647472858429,456326400
2012-12-19,0.5430037848911927,0.5435978378539826,0.5305277661540154,0.5309241414070129,361286400
2012-12-20,0.5342899901548851,0.5350827405796112,0.5234973775437035,0.5313194990158081,291580800
2012-12-21,0.5068627384496638,0.516566962903601,0.5000311013183933,0.5147846341133118,336624000
2012-12-24,0.5121108205747633,0.5130024383619385,0.5080510332874761,0.5104274153709412,52425600
2012-12-26,0.5120119723715405,0.51399197923207,0.4932974599355227,0.49834778904914856,158563200
2012-12-27,0.499139615589051,0.5012194529867098,0.4771580646156694,0.49557507038116455,308150400
2012-12-28,0.48537651572366675,0.4960702635987646,0.4812178611755371,0.4812178611755371,164284800
2012-12-31,0.47894024613674163,0.515081273834959,0.4768614289680655,0.5126060247421265,423052800
2013-01-02,0.5495388632289686,0.5612230955395222,0.5437956142649379,0.5604302883148193,354720000
2013-01-03,0.5603313352668072,0.5640945765502159,0.5468657405587498,0.5523114800453186,310732800
2013-01-04,0.552706973236246,0.552706973236246,0.5428060341640782,0.5468658208847046,152208000
2013-01-07,0.542113145612404,0.5495388936181597,0.5372606076199045,0.5474600195884705,182822400
2013-01-08,0.5467660298751473,0.5509246836447348,0.5352804967209647,0.5442907810211182,175036800
2013-01-09,0.5460732731469358,0.5541929062602298,0.5448851101586174,0.5498365163803101,153993600
2013-01-10,0.5607278354027851,0.5624112404995054,0.5445883476787398,0.5595396161079407,235555200
2013-01-11,0.5589455233310682,0.5627078590480089,0.5557773539368978,0.5616185069084167,106060800
2013-01-14,0.5527070282612222,0.5590443868413267,0.547360211280488,0.5543904900550842,147369600
2013-01-15,0.5467659535060893,0.5486480556896923,0.5390426999717309,0.5461718440055847,216844800
2013-01-16,0.5493409891275692,0.5584501395556162,0.5458753125182917,0.5523114800453186,152217600
2013-01-17,0.5597373042386306,0.5671639575048891,0.5568656800843198,0.5608265995979309,230620800
2013-01-18,0.5553810380669474,0.5586480750017327,0.5494400540926879,0.5576585531234741,206044800
2013-01-22,0.5591433555001009,0.5606290831826493,0.5486483038762511,0.5599361062049866,252566400
2013-01-23,0.568946080470165,0.5747881944270026,0.5665696993572924,0.5690449476242065,225081600
2013-01-24,0.5467660972018056,0.5620148739506904,0.5438954359417337,0.5463706851005554,246124800
2013-01-25,0.5520140655678692,0.5594407190512092,0.5485483317139183,0.5544893145561218,170409600
2013-01-28,0.5551833635421676,0.5639950100760563,0.5529058482400023,0.5584504008293152,249590400
2013-01-29,0.5561728855271498,0.5622127373545226,0.5451825909034516,0.5584504008293152,213888000
2013-01-30,0.5621137107029056,0.5663712319437029,0.5512222297234203,0.5553809404373169,159158400
2013-01-31,0.5544892677850184,0.5631041397731001,0.5498362782681345,0.5518162846565247,203433600
2013-02-01,0.5630052944289696,0.5736989837371939,0.5562715613936652,0.5699357986450195,286070400
2013-02-04,0.5603313064080213,0.5656781217957106,0.5406272795199556,0.5409247875213623,274224000
2013-02-05,0.5476576937582972,0.569738107472757,0.5442908269854467,0.5646887421607971,280089600
2013-02-06,0.5589454895579442,0.5668664791389222,0.5543904602074038,0.5594407320022583,250972800
2013-02-07,0.5611241643137868,0.5627077955729048,0.5425085224887315,0.5608265995979309,218572800
2013-02-08,0.5698368519492926,0.5815210244476162,0.5685497657732983,0.5778576135635376,203913600
2013-02-11,0.5791447979125007,0.579837774768036,0.572807439299219,0.5776590704917908,111062400
2013-02-12,0.5766694372612738,0.5796399283524805,0.5697380269805677,0.5709261894226074,129542400
2013-02-13,0.5760754223306067,0.5837986203563127,0.5721144462226858,0.5775601863861084,186806400
2013-02-14,0.5696392568319257,0.5794413861830213,0.5684510375300987,0.5763720273971558,137001600
2013-02-15,0.5771647525852291,0.5809270313880031,0.5669653418901419,0.5714215040206909,118598400
2013-02-19,0.5754814143581424,0.5844917003309852,0.5745897965581246,0.583897590637207,127296000
2013-02-20,0.5837987001699886,0.5841941689376091,0.557262122631073,0.557262122631073,163958400
2013-02-21,0.5512222557307589,0.5525093422247435,0.5332016850370176,0.5391426682472229,265286400
2013-02-22,0.5484494180409659,0.5553808851613122,0.5426073595342376,0.5549845099449158,132364800
2013-02-25,0.5662724560538108,0.5718179711405096,0.5333994802431784,0.5342901349067688,240604800
2013-02-26,0.5375581343708552,0.5438954935712484,0.5263691435284206,0.5407263040542603,168460800
2013-02-27,0.5414192194309609,0.5672628759807576,0.5388451031023266,0.5571632385253906,171072000
2013-02-28,0.55716323402255,0.5696392533279159,0.5546879849028238,0.5550834536552429,163516800
2013-03-01,0.5482517707973529,0.5634007156937955,0.5400332735728305,0.5608265995979309,123216000
2013-03-04,0.555282111454801,0.5683522408053261,0.5532022743667621,0.5680546760559082,150969600
2013-03-05,0.5790458876014667,0.5955817498420791,0.5784518346385678,0.5930066704750061,228086400
2013-03-06,0.5990465547018438,0.5995417971667708,0.586769176148204,0.5892444252967834,207619200
2013-03-07,0.5909278740052442,0.5964724251765876,0.5878585152703409,0.5943935513496399,110284800
2013-03-08,0.5998393988190921,0.6022157811490941,0.588848141872552,0.5950866341590881,169718400
2013-03-11,0.5939971254196421,0.601422872067849,0.5881550100093346,0.6012251377105713,123878400
2013-03-12,0.5958784823643569,0.5997405927143524,0.5859765766980715,0.5938984751701355,178108800
2013-03-13,0.5960761142768563,0.5989477389477086,0.5859764759180688,0.5920172333717346,160838400
2013-03-14,0.598353516906974,0.6017203834531836,0.5940959958869503,0.598056972026825,154339200
2013-03-15,0.5990466745345432,0.6004335350174932,0.5884527556350021,0.5924127697944641,159888000
2013-03-18,0.5769660737903654,0.5959771272759351,0.5728073633473405,0.5883527398109436,214742400
2013-03-19,0.5939970645590732,0.597561665078696,0.5698368747604448,0.5859763026237488,287500800
2013-03-20,0.597958036921517,0.6015225807637687,0.5897395406952134,0.5971652865409851,153484800
2013-03-21,0.5822141523423819,0.5859764313682273,0.5735004117945542,0.5780554413795471,214742400
2013-03-22,0.5845903439702748,0.595481765397828,0.582808072227928,0.5939970016479492,142761600
2013-03-25,0.5998392917309032,0.6036015706348796,0.5793425091236074,0.5879573822021484,228931200
2013-03-26,0.5948878006407671,0.597759424856776,0.5906302794957905,0.5969676375389099,123830400
2013-03-27,0.5856797767074295,0.6009285506860145,0.5827092856212914,0.6001357436180115,191798400
2013-03-28,0.5997401918860398,0.605977717463066,0.5955815393285995,0.603601336479187,266697600
2013-04-01,0.6054827102009784,0.6069684375625465,0.586966897405244,0.5919173955917358,249628800
2013-04-02,0.5997404995694843,0.6113249024677049,0.5987500145380523,0.605285108089447,337776000
2013-04-03,0.6065720758554799,0.6089484578148021,0.5846893957566537,0.5892444252967834,177206400
2013-04-04,0.5886504258297904,0.5937996226453778,0.5800355509444579,0.5895411372184753,189936000
2013-04-05,0.5617182540115969,0.5773624990075272,0.557559599865931,0.5750849843025208,338284800
2013-04-08,0.5755802815539885,0.5842939659392928,0.5704310853590966,0.583897590637207,223603200
2013-04-09,0.5887490861294942,0.6026110003329301,0.5804317789666965,0.5953829884529114,332620800
2013-04-10,0.6016215943512678,0.6329100294528327,0.6009286741459,0.6302371025085449,182448000
2013-04-11,0.6259795418512356,0.6339993994001504,0.6238008941484562,0.6291477680206299,167558400
2013-04-12,0.625088115127605,0.6296432029724925,0.6139989518719493,0.6284549832344055,218592000
2013-04-15,0.6206327789121552,0.6242961912371578,0.5891456426129407,0.5902349948883057,203846400
2013-04-16,0.6019182393125959,0.6164740406103927,0.5976607174331641,0.6148895025253296,193718400
2013-04-17,0.5983534719968697,0.5987498472024122,0.5680545648829761,0.5789470076560974,315619200
2013-04-18,0.5837988041134072,0.5837988041134072,0.5471625822895739,0.5538953542709351,253670400
2013-04-19,0.5583514111891603,0.5808281989842806,0.5551831854731147,0.5768672227859497,183014400
2013-04-22,0.5832046518330724,0.6010274888195041,0.5769661603025515,0.5945913195610046,161088000
2013-04-23,0.6054827313492842,0.6181574485140126,0.5958783362019795,0.6121166348457336,272966400
2013-04-24,0.6073638240506287,0.6176621584323416,0.6033050004133104,0.6106318235397339,224179200
2013-04-25,0.6165728474155389,0.6277618370489492,0.6154834952942052,0.62053382396698,192508800
2013-04-26,0.6166717705711587,0.6204340499090705,0.607265109050234,0.6152858734130859,91881600
2013-04-29,0.6205337525086645,0.6389506964458035,0.6205337525086645,0.6316229104995728,137097600
2013-04-30,0.6344944467104866,0.646079752024074,0.6272664354620731,0.6454856991767883,123897600
2013-05-01,0.6454858489869643,0.6491492607148978,0.6329099994166446,0.6372673511505127,128688000
2013-05-02,0.6397425162248689,0.6647933618784365,0.6382567890542657,0.6603381633758545,97516800
2013-05-03,0.6798436587590675,0.6900431275277584,0.6787552697187023,0.683408260345459,133996800
2013-05-06,0.687369175569235,0.6951912989329119,0.6858844112285968,0.6922208070755005,97008000
2013-05-07,0.6954888582849118,0.6969736227349422,0.6834083057091681,0.6905374526977539,104275200
2013-05-08,0.6888547630441123,0.7024191697941277,0.6865772485500535,0.7013307809829712,85305600
2013-05-09,0.6961818172174556,0.7119248752371896,0.6938054349494335,0.6988547444343567,110918400
2013-05-10,0.7019249877201219,0.7114305157211412,0.6987558551548726,0.7107366323471069,127027200
2013-05-13,0.7072718526496423,0.7182621447592223,0.7049942812110617,0.7135093808174133,133286400
2013-05-14,0.7134106384815335,0.7306394249501516,0.7132129040674497,0.7240055203437805,133920000
2013-05-15,0.7207373628506969,0.7306392655850705,0.7147963798508288,0.7293522357940674,131366400
2013-05-16,0.7308370227171902,0.7413330354099207,0.7249949067208526,0.7266783118247986,155404800
2013-05-17,0.7370755776068489,0.7479670608311049,0.7304416731583036,0.7471752166748047,150000000
2013-05-20,0.7413331392323366,0.7510363460808505,0.7348969126846444,0.743808388710022,151363200
2013-05-21,0.7433130777421415,0.7543043334236255,0.7349957122157231,0.7465810775756836,160915200
2013-05-22,0.7489574971488929,0.7665816942214003,0.715192847524124,0.7283618450164795,316982400
2013-05-23,0.7074695427524035,0.7283617950462323,0.7030133803018291,0.7204408049583435,145737600
2013-05-24,0.7069743045933682,0.7205396765496188,0.7010333778545716,0.7200444340705872,67747200
2013-05-28,0.7451940899873086,0.753511397435189,0.7277675745043611,0.734896719455719,161817600
2013-05-29,0.7257877088398831,0.7317286924469337,0.7114305489762822,0.7238067388534546,159638400
2013-05-30,0.7240053417244652,0.7451941370452436,0.7240053417244652,0.7355897426605225,86121600
2013-05-31,0.7264806824660851,0.7435117324700046,0.7131130444795956,0.7145987153053284,123331200
2013-06-03,0.7161833340033217,0.7191538258931367,0.6911315190635696,0.7187574505805969,222633600
2013-06-04,0.7228170578259452,0.7317285312736465,0.6988545444233727,0.7079646587371826,138556800
2013-06-05,0.7005382093150792,0.708558974008641,0.6784577918783675,0.680834174156189,190560000
2013-06-06,0.6827152400346078,0.6897455189049051,0.663407582293553,0.6891514658927917,190944000
2013-06-07,0.6991522799230395,0.7201433441285734,0.6931124289752364,0.7179656028747559,233088000
2013-06-10,0.7225196574049574,0.7285594511194476,0.7144009898328277,0.7182621359825134,135331200
2013-06-11,0.6969735151637517,0.716578680520849,0.690240744551724,0.6974687576293945,222105600
2013-06-12,0.7102422731448635,0.7103411403325878,0.6700414581808772,0.6733085513114929,223488000
2013-06-13,0.6703380711077841,0.7027167640205509,0.6648923303378274,0.6974687576293945,151699200
2013-06-14,0.6984592086004053,0.7008355904476185,0.6816258381247174,0.6851904392242432,124339200
2013-06-17,0.7010334688624514,0.7163811151670245,0.6938054546510347,0.7042016386985779,158851200
2013-06-18,0.7073705664803245,0.7258864339064091,0.7070730584331331,0.7208361625671387,101404800
2013-06-19,0.7219257253066655,0.7245008054349622,0.6952902749340797,0.6981619000434875,175708800
2013-06-20,0.6736059589209196,0.6807351036249802,0.6412272713865198,0.6466739177703857,241257600
2013-06-21,0.6471681579143107,0.6528125383034326,0.621523204597416,0.6375637650489807,236985600
2013-06-24,0.6221174782742225,0.6332075444689107,0.6026111227196093,0.6178598999977112,221136000
2013-06-25,0.6360792228430727,0.6394451269718299,0.6211279523974494,0.631028950214386,132422400
2013-06-26,0.6479610712111055,0.6521197822428418,0.6414260348146862,0.6482576727867126,119865600
2013-06-27,0.6583571944243698,0.6689520727919386,0.6554855704307556,0.6554855704307556,113683200
2013-06-28,0.6503374209600563,0.6712296138240327,0.6461787104970039,0.6572678685188293,156076800
2013-07-01,0.6732097438534702,0.6876667342224687,0.6696451423247906,0.671328604221344,103891200
2013-07-02,0.6709322671556294,0.6845964510366,0.6618231134079019,0.6716261506080627,124377600
2013-07-03,0.6651897337828389,0.6898442019978699,0.6635062724153259,0.6807350516319275,53769600
2013-07-05,0.6919242567864434,0.6965781538619451,0.6758836348750017,0.695785403251648,114441600
2013-07-08,0.7067766375706576,0.7075684249804831,0.690637148958829,0.6980628967285156,88281600
2013-07-09,0.7076672185983934,0.7152916064811988,0.6983603322198774,0.7108363509178162,84316800
2013-07-10,0.7082614408664368,0.7261831461908963,0.7082614408664368,0.7228172421455383,100867200
2013-07-11,0.7458881030612521,0.7678696513175964,0.744798750894156,0.7678696513175964,153024000
2013-07-12,0.7680672747316858,0.7775728016142887,0.7617299168654945,0.7758893966674805,83510400
2013-07-15,0.7783645939942512,0.7828208125840869,0.7720282559200399,0.7819291949272156,91622400
2013-07-16,0.783316072433506,0.7851972117931173,0.7725225523533074,0.7788598537445068,85219200
2013-07-17,0.785493748962582,0.7894546682401005,0.7777704946167812,0.7844043970108032,79104000
2013-07-18,0.7840091381431998,0.7897514240554503,0.7748001548316847,0.7786622643470764,101136000
2013-07-19,0.7584629876371004,0.7587595325594959,0.7472739975722775,0.7549972534179688,108595200
2013-07-22,0.7630171483567652,0.7658887163813551,0.7538091277793648,0.7604430317878723,85852800
2013-07-23,0.7648991140926314,0.7648991140926314,0.7423235141556871,0.7435116767883301,86428800
2013-07-24,0.7655921338851555,0.7664827884859482,0.7459869677584187,0.750541090965271,105744000
2013-07-25,0.7616310248319195,0.7676708744444805,0.7497491166164073,0.764106273651123,81110400
2013-07-26,0.7558878094232706,0.7773750754920753,0.7525219060125417,0.7767810225486755,77654400
2013-07-29,0.772820110704112,0.7824245056674393,0.7665816194317501,0.7732164859771729,72345600
2013-07-30,0.7817316302321801,0.7949006281479734,0.776681357605261,0.7847021222114563,120960000
2013-07-31,0.7896525859832764,0.8027227161160941,0.7849986888879057,0.7896525859832764,110179200
2013-08-01,0.805693087919777,0.816882077529999,0.8031190282394387,0.8137139081954956,77596800
2013-08-02,0.814308007049511,0.8275758712797471,0.8085647578777709,0.827279269695282,97104000
2013-08-05,0.8244075521077558,0.8306450798925288,0.8212384197762397,0.8290614485740662,79440000
2013-08-06,0.8253970868793928,0.8277734687420226,0.8040096501157245,0.8143079280853271,93820800
2013-08-07,0.8066835654397847,0.8137139007211039,0.7918311641665754,0.8096540570259094,120585600
2013-08-08,0.8231206796703466,0.8268829591655782,0.8055943858552761,0.820446789264679,130598400
2013-08-09,0.8179714822352447,0.8258924159974635,0.80450497698929,0.8116341233253479,98534400
2013-08-12,0.8019307135967652,0.8212383685431752,0.8018318464192645,0.8166842460632324,68822400
2013-08-13,0.8200502587678039,0.8362895206186375,0.8027226646155675,0.8302497267723083,154483200
2013-08-14,0.8297544902000288,0.833319091544691,0.8178725801468487,0.8210407495498657,94368000
2013-08-15,0.7940100264577864,0.7942077042164177,0.7730179969378691,0.7798505425453186,132883200
2013-08-16,0.7800480469580564,0.790345361089475,0.7745034395888626,0.7770775556564331,70176000
2013-08-19,0.7798503300286558,0.7982673311843825,0.7739094039500484,0.7740082144737244,90115200
2013-08-20,0.7793551127771309,0.7952968655037507,0.7768798637531712,0.7846031188964844,88752000
2013-08-21,0.7777705442135756,0.7971779734202666,0.7682650172302599,0.7767810225486755,159686400
2013-08-22,0.7858901968489688,0.8006437301678407,0.7851972200478938,0.798960268497467,71260800
2013-08-23,0.8165854272885024,0.8180701913156603,0.8073764455497329,0.8157926201820374,76512000
2013-08-26,0.8168821975346618,0.8347050931759937,0.8113375887689636,0.8164858222007751,74918400
2013-08-27,0.787672438319422,0.7991579716901405,0.7609381297900103,0.7650967836380005,200131200
2013-08-28,0.7646014617947232,0.7848007326564755,0.7637108074118996,0.7749986052513123,102038400
2013-08-29,0.774701219596389,0.8028214265371401,0.7714341832230321,0.7910393476486206,129465600
2013-08-30,0.7933159124765502,0.7938111549269893,0.7678695950304989,0.7762858271598816,121996800
2013-09-03,0.7950981774285947,0.8056929995653807,0.7791573888240465,0.7890583276748657,85699200
2013-09-04,0.7965837986964713,0.8179712893178537,0.7906428731462914,0.8148030638694763,83078400
2013-09-05,0.8159913973702083,0.825298227360697,0.8150009124714549,0.8183677792549133,48451200
2013-09-06,0.82638754479065,0.8341107997564163,0.7938111199351567,0.8213382363319397,122121600
2013-09-09,0.8310415134308108,0.8542112803425259,0.8310415134308108,0.8502503037452698,94281600
2013-09-10,0.865201515805109,0.8661920006834807,0.8536171146970317,0.8631226420402527,151929600
2013-09-11,0.8460916567375878,0.859161786133382,0.8422305104736284,0.8587663173675537,106118400
2013-09-12,0.8583700913239593,0.8639147003626877,0.8508445686944492,0.8549044132232666,66921600
2013-09-13,0.8590627007740462,0.8605484278245695,0.8439137013063321,0.8576768040657043,80860800
2013-09-16,0.8787669694410523,0.8790644775400235,0.8448046437334424,0.8504490256309509,132374400
2013-09-17,0.8553006310695979,0.8705484447617199,0.8553006310695979,0.8674790859222412,66940800
2013-09-18,0.8711426415351959,0.9037190724269167,0.8660932754834559,0.8993626832962036,127507200
2013-09-19,0.9064917615997852,0.9114422600778052,0.9005507781557247,0.9049071669578552,71404800
2013-09-20,0.911838587637191,0.9141161023712445,0.8940156948953775,0.8950061798095703,108153600
2013-09-23,0.9075809722467439,0.909758656391506,0.877282063389657,0.8899557590484619,134889600
2013-09-24,0.8960946300084237,0.9043131284375162,0.8812422278175731,0.8901536464691162,82003200
2013-09-25,0.8914415193536133,0.8956002299333469,0.8755986343170529,0.8817373514175415,108662400
2013-09-26,0.8921345214000168,0.9074821644469488,0.8905499269014784,0.9019366502761841,89020800
2013-09-27,0.8869852825837587,0.9026294687630665,0.8819359179384932,0.8976789712905884,73200000
2013-09-30,0.8701530421336517,0.8980755166294212,0.8613404342810028,0.892035722732544,123292800
2013-10-01,0.8916394443966664,0.9199583539137234,0.8907478265387477,0.9187701344490051,87888000
2013-10-02,0.8991648411847778,0.9212452554892203,0.8973825688935959,0.9170866012573242,86313600
2013-10-03,0.9138185696216291,0.9194629510392568,0.8706482274447515,0.8852030634880066,161577600
2013-10-04,0.8847078739591809,0.9116408831784638,0.8832231097152079,0.907976508140564,92112000
2013-10-07,0.8849065002582803,0.9063928037165755,0.8833219057748992,0.8855006098747253,99340800
2013-10-08,0.8852031102646581,0.8873818145247482,0.8334178924473231,0.8353978991508484,234777600
2013-10-09,0.8399528604324235,0.8411410229185368,0.8058916736947078,0.8261897563934326,218448000
2013-10-10,0.8526267365180985,0.8841138706046466,0.8521315506743561,0.8786681294441223,144720000
2013-10-11,0.8720341358697883,0.901045960985795,0.8716377606058789,0.898470938205719,130147200
2013-10-14,0.8825301675997789,0.917878388626408,0.8802526528475478,0.9170866012573242,140956800
2013-10-15,0.915304248280964,0.9292650314746796,0.9040164485232429,0.9072834849357605,162076800
2013-10-16,0.9194629238043333,0.9396621973243168,0.9179771965171581,0.9382753372192383,129302400
2013-10-17,0.9249087644666262,0.9552077365455847,0.9233242263858777,0.953425407409668,166368000
2013-10-18,0.9799619575503672,1.001645996959881,0.9722386452867731,1.0005565881729126,135110400
2013-10-21,1.0062998533248901,1.014617275382662,0.9976849798304667,1.0062998533248901,99369600
2013-10-22,1.0173898937128911,1.0279838099086642,0.9926355905557551,1.0097655057907104,157660800
2013-10-23,0.9966952298515876,1.0023386468670907,0.9786736439602635,0.993526041507721,161184000
2013-10-24,0.9942202698433812,1.012339764980247,0.9903581603730127,1.0059034824371338,108547200
2013-10-25,1.0347176409406411,1.0411538102272688,1.013231335275872,1.0260039567947388,140467200
2013-10-28,1.0274899298358922,1.0326381642276206,1.0146175874761187,1.0280840396881104,83251200
2013-10-29,1.0379847037824654,1.041054062615362,1.0198652090131868,1.0330342054367065,84105600
2013-10-30,1.0442230138327127,1.048777136355206,1.0160029783232758,1.0297660827636719,198662400
2013-10-31,1.022835540949632,1.0420443271280055,1.01194304178918,1.023132085800171,141782400
2013-11-01,1.032043486466777,1.036697438843919,1.008774857729122,1.0226367712020874,163132800
2013-11-04,1.0337272107370947,1.0337272107370947,1.0172902132283026,1.0275886058807373,91641600
2013-11-05,1.0160030612083675,1.038677584705221,1.0074880185392734,1.0319448709487915,132124800
2013-11-06,1.0439254372318405,1.0452124667766698,1.0208545431195617,1.0301623344421387,163910400
2013-11-07,1.0307565834428785,1.0352128020314555,0.9700599536789353,0.9730303883552551,232934400
2013-11-08,0.9832288245371593,1.0124384384755154,0.9750103274050937,1.011448860168457,118080000
2013-11-11,1.0051116818770063,1.015310129498918,0.9968931842034028,1.0065964460372925,63494400
2013-11-12,0.9977845815212197,1.0160028829378875,0.996101176747833,1.0115476846694946,108777600
2013-11-13,0.9923379614929638,1.0480842053010955,0.9916450413900961,1.0477875471115112,126470400
2013-11-14,1.0393712809011133,1.060064829739644,1.0336280335605588,1.0559061765670776,118819200
2013-11-15,1.059471143201928,1.0642239077700812,1.0511538335363713,1.0632343292236328,89203200
2013-11-18,1.062640149734345,1.0696705422371624,1.0270932850093348,1.0338261127471924,143846400
2013-11-19,1.031053933725509,1.0456088809083204,1.0188745181840784,1.0236272811889648,102192000
2013-11-20,1.0325388336882053,1.0435301449125451,1.007487985770738,1.016498327255249,125865600
2013-11-21,1.0284791968600369,1.0498665784833545,1.0265980573087492,1.0475890636444092,86592000
2013-11-22,1.0531342947682882,1.0651150688911601,1.0502626710302592,1.064124584197998,87014400
2013-11-25,1.074719734944923,1.0790761234251232,1.0638282538277055,1.0711551904678345,92582400
2013-11-26,1.073135034759256,1.0964045719030344,1.0654118369335195,1.088879108428955,106713600
2013-11-27,1.0952161920460317,1.112048652040992,1.0924434922519162,1.1106626987457275,137894400
2013-11-29,1.1240298794295056,1.135515471999372,1.1212570652011646,1.1288814544677734,91622400
2013-12-02,1.1353175275857554,1.1401691017265787,1.116504094175675,1.1218509674072266,165936000
2013-12-03,1.1187815386564786,1.1273964108392374,1.1056126573432525,1.1185839176177979,134544000
2013-12-04,1.1045234919098839,1.1325448922388963,1.0936321226803887,1.1214557886123657,133996800
2013-12-05,1.1251191065878894,1.1278919206475742,1.1085832990643232,1.1179900169372559,126480000
2013-12-06,1.1449219186164479,1.1484864631650706,1.125217943096648,1.1410608291625977,142588800
2013-12-09,1.1545261954858168,1.162448033922331,1.1492791531627902,1.1547248363494873,112608000
2013-12-10,1.1488828325506086,1.1591800898593085,1.1462088295137252,1.1526451110839844,93004800
2013-12-11,1.1519519745353697,1.1573977708081207,1.103632501491113,1.109573483467102,148464000
2013-12-12,1.1099692180033525,1.1176924171016531,1.0970977860803515,1.100563406944275,107347200
2013-12-13,1.1151179925650279,1.1168013971789565,1.0895718516265158,1.0953150987625122,81206400
2013-12-16,1.111157207120736,1.1323469654174372,1.1092760677698117,1.1141277551651,74966400
2013-12-17,1.114127712351991,1.1212568007548689,1.100563248856507,1.1070983409881592,72960000
2013-12-18,1.109969258794511,1.1480912030134764,1.0619472238494623,1.1453183889389038,161596800
2013-12-19,1.138980984768353,1.139773735340278,1.1204652277353158,1.1350209712982178,117177600
2013-12-20,1.1406644074089247,1.1773005629445172,1.1396739225365669,1.169180989265442,113750400
2013-12-23,1.1981928876311998,1.2070053815841675,1.1883897954766525,1.2070053815841675,112502400
2013-12-24,1.207104260714811,1.2106688050379477,1.2012620884902516,1.2086888551712036,38006400
2013-12-26,1.2144309932721882,1.2232435995571902,1.2080946555853287,1.2204707860946655,55814400
2013-12-27,1.224629599091258,1.2268081897588365,1.2068066515030196,1.2115594148635864,73939200
2013-12-30,1.2052228450775146,1.2104707931778471,1.1956183963690292,1.2052228450775146,53078400
2013-12-31,1.2122533012416445,1.228887915611267,1.2109652517761167,1.228887915611267,64176000
2014-01-02,1.2120549881095268,1.212946549289702,1.1895781959112512,1.200173020362854,98976000
2014-01-03,1.1999749695351192,1.2033418925601587,1.1733395296436,1.17403244972229,97545600
2014-01-06,1.1750230484677242,1.1786865167125151,1.1479912307400384,1.161556601524353,125923200
2014-01-07,1.1766076466368658,1.1980939502828614,1.1706666637353391,1.1916577816009521,92313600
2014-01-08,1.1934400642779646,1.2106687893793087,1.1858155633330407,1.2005691528320312,93264000
2014-01-09,1.2132429789127628,1.214530122085489,1.1765078968990792,1.1881921291351318,105561600
2014-01-10,1.197895253426176,1.2041336874489195,1.171160888275853,1.2000739574432373,119942400
2014-01-13,1.1952223180653452,1.2075994695664485,1.1332386565526418,1.1467041969299316,173107200
2014-01-14,1.1587849582515464,1.2147288338456954,1.158487393486272,1.2123523950576782,138076800
2014-01-15,1.2267095955374565,1.2491863866144122,1.2238379709440605,1.2406703233718872,120528000
2014-01-16,1.2389877850098627,1.2478993167474122,1.2328481607206114,1.2432453632354736,70512000
2014-01-17,1.2314623138808136,1.241660762125092,1.2124512577943363,1.2211649417877197,84460800
2014-01-21,1.2444335891354772,1.2505721936235883,1.21809468918132,1.2484934329986572,88022400
2014-01-22,1.2581963373127236,1.267404412224855,1.2476015157352223,1.2600774765014648,78432000
2014-01-23,1.2470077108655793,1.2476018205683925,1.219876965505064,1.2449288368225098,129052800
2014-01-24,1.2264118843912664,1.2329469768773682,1.1709632019890308,1.1711609363555908,141648000
2014-01-27,1.1725480381394622,1.1780926468983361,1.112939782920339,1.1370999813079834,177729600
2014-01-28,1.1194747637291205,1.1396740396145852,1.1149206405041496,1.1367034912109375,109497600
2014-01-29,1.106603248329598,1.1313565322624666,1.0927403124396697,1.1008599996566772,136497600
2014-01-30,1.1404668620399654,1.1717552429796279,1.1365058284127,1.158883810043335,116438400
2014-01-31,1.1212566937298587,1.1673984828477202,1.1180885250610317,1.1507638692855835,84532800
2014-02-03,1.1444268558361046,1.1608638533128355,1.0628379045125074,1.0745221376419067,183926400
2014-02-04,1.0877897935860263,1.1075926923109252,1.0782842662202856,1.095513105392456,90672000
2014-02-05,1.0842252367273282,1.098087152361075,1.049569937726257,1.0854134559631348,108513600
2014-02-06,1.096503562215207,1.1317528570213369,1.0947212333866787,1.127000093460083,73977600
2014-02-07,1.1468027737094133,1.1903705012864803,1.1370995140675249,1.1868058443069458,111456000
2014-02-10,1.1874001072743683,1.2101735521550723,1.1848251414255357,1.20858895778656,83284800
2014-02-11,1.2155203879614513,1.2569094198249549,1.2125499532229798,1.2499780654907227,117504000
2014-02-12,1.2575035741690923,1.2654245071238126,1.2460170769050072,1.2559189796447754,108451200
2014-02-13,1.2289868024225483,1.2881977558135986,1.2285904272228738,1.2881977558135986,106507200
2014-02-14,1.2864157972918073,1.301466841043561,1.2727516138786776,1.2919613122940063,94876800
2014-02-18,1.2984963095431732,1.3190909404181226,1.2895848911654357,1.3121604919433594,69292800
2014-02-19,1.304437385763571,1.3131501638600822,1.276514795993381,1.2834453582763672,136531200
2014-02-20,1.2864159259054853,1.3097843946355698,1.2709694118144321,1.3020610809326172,102643200
2014-02-21,1.3143382436470155,1.3202792273077695,1.2927531267161232,1.2953271865844727,83976000
2014-02-24,1.3032488872766474,1.335527745868298,1.299090233515805,1.3181012868881226,99422400
2014-02-25,1.3234484083063223,1.331171607695891,1.3008726932017287,1.3133487701416016,92985600
2014-02-26,1.3248340791389057,1.335725559994564,1.2943375474726635,1.3089911937713623,82929600
2014-02-27,1.3103780674605312,1.3388947628321735,1.304238443649635,1.3347361087799072,87964800
2014-02-28,1.334933927574727,1.358103753078465,1.2957235931097442,1.3280025720596313,136718400
2014-03-03,1.2919612209472708,1.3109722771022239,1.2660186964603046,1.2988917827606201,158558400
2014-03-04,1.342854662963006,1.3577070623650886,1.3398841150937006,1.3511719703674316,108993600
2014-03-05,1.357509485166638,1.368599607372446,1.348598067156713,1.36226224899292,77064000
2014-03-06,1.3703817157796165,1.3739463733565833,1.3432510886043225,1.357113003730774,92803200
2014-03-07,1.371767756149294,1.3745404566315598,1.3177050259400525,1.3377065658569336,132518400
2014-03-10,1.3355278031383437,1.3432511147237987,1.3153285297353678,1.3404783010482788,75580800
2014-03-11,1.3511723176315782,1.360876487548089,1.3121606231191878,1.3238438367843628,119774400
2014-03-12,1.3064173749130754,1.3406772114818297,1.2911685963541677,1.3386962413787842,109612800
2014-03-13,1.3535488484198408,1.3551334434371223,1.2638404190926582,1.2818619012832642,188414400
2014-03-14,1.2679988048323432,1.2858216422811501,1.2539391531195512,1.2555227279663086,107318400
2014-03-17,1.2788913352025617,1.3078033924302943,1.277504474759171,1.2889909744262695,116942400
2014-03-18,1.2929504927210953,1.33928990277929,1.2921586488561978,1.3353298902511597,113006400
2014-03-19,1.3365184816251454,1.3402807608647314,1.2872085101891175,1.3133487701416016,136444800
2014-03-20,1.301070120380476,1.3357254156250902,1.2927528132610293,1.323645830154419,87638400
2014-03-21,1.3454295079616325,1.34859778989813,1.2691866615226148,1.2751275300979614,198307200
2014-03-24,1.2909706539782955,1.2933470925041084,1.2081936071873887,1.2430466413497925,266145600
2014-03-25,1.26304821445969,1.2858215488516187,1.2240356186456784,1.2545331716537476,172516800
2014-03-26,1.273939947623754,1.2814654135175416,1.2058175520462167,1.206807017326355,201331200
2014-03-27,1.2020542935078367,1.2175008079673677,1.166013144096346,1.1854195594787598,201993600
2014-03-28,1.197103572534996,1.231758874855016,1.1832416555736895,1.1931426525115967,166440000
2014-03-31,1.2202733518771514,1.2418584671902422,1.2163123186840663,1.2169064283370972,162441600
2014-04-01,1.2365116827349303,1.284435813872399,1.2351258422656997,1.282851219177246,178041600
2014-04-02,1.2992882276086788,1.3024563971929588,1.2749301831268567,1.2929508686065674,163224000
2014-04-03,1.2969115972632768,1.302258470467795,1.2396806998032843,1.2624540328979492,159619200
2014-04-04,1.2848319409295912,1.2903764348836257,1.1509615905048167,1.1622494459152222,371011200
2014-04-07,1.139079909425671,1.1701715732808489,1.1036327633299696,1.127396583557129,312662400
2014-04-08,1.131555442897357,1.1628438238370196,1.1190793654458315,1.158883810043335,243240000
2014-04-09,1.1711612539541087,1.2198771227145766,1.1622498338931444,1.21829354763031,221961600
2014-04-10,1.2206693252818335,1.2208669462800732,1.0955127969453906,1.1058101654052734,322276800
2014-04-11,1.0755117655895783,1.1174948025416322,1.0594711426867935,1.0671943426132202,211876800
2014-04-14,1.0935331657770762,1.1079891928286933,1.0612533947097735,1.0911568403244019,281275200
2014-04-15,1.10185065676639,1.1202676051021723,1.0333308701164838,1.1020482778549194,562051200
2014-04-16,1.1303671665865196,1.14541730323837,1.103434156280446,1.1448231935501099,251414400
2014-04-17,1.1335354831812816,1.1630425571440155,1.1238322191499186,1.1454174518585205,176625600
2014-04-21,1.154526288453532,1.1715572792875568,1.1380902004251239,1.171359658241272,144249600
2014-04-22,1.182448743929858,1.2079948898924293,1.1778946213706607,1.2000739574432373,150321600
2014-04-23,1.1992820747603525,1.2002715397243402,1.1658139775960674,1.1673985719680786,131366400
2014-04-24,1.2260164496085737,1.2262141839806093,1.1632400357932646,1.201856255531311,250776000
2014-04-25,1.1796768658901688,1.1838355194354366,1.1355151380541175,1.1438324451446533,244747200
2014-04-28,1.1590814310592732,1.179677081520738,1.1008600441537428,1.1561108827590942,482083200
2014-04-29,1.165219957322144,1.1883896636834455,1.1483874951701334,1.181656837463379,243633600
2014-04-30,1.1670022983662132,1.1949248842339897,1.1565073059229394,1.192152976989746,184075200
2014-05-01,1.1974996546502623,1.2222530474535296,1.1881918631472357,1.2028465270996094,143750400
2014-05-02,1.2133420624377775,1.220867528027757,1.187201800428568,1.1969059705734253,151905600
2014-05-05,1.1743302879642938,1.2147288410825596,1.1656166034797588,1.2139360904693604,115790400
2014-05-06,1.208589211859283,1.2103714276392625,1.165814220102356,1.1670024394989014,161644800
2014-05-07,1.1759137841892673,1.1776961131716903,1.1157124471597797,1.1565073728561401,261907200
2014-05-08,1.1450208223490725,1.1949248984125351,1.1367034007952779,1.1525462865829468,219216000
2014-05-09,1.1513582206089292,1.1683893279310815,1.1285848837074044,1.1660130023956299,156475200
2014-05-12,1.1872014427918784,1.2244318176188564,1.1838355396035107,1.2228472232818604,127684800
2014-05-13,1.2272047172235632,1.2398785277943027,1.2186887677410354,1.2254225015640259,117729600
2014-05-14,1.2153223570906886,1.228986533583645,1.1984889927305253,1.207202672958374,98640000
2014-05-15,1.2058172709217991,1.212352250178222,1.1557144412829354,1.1792806386947632,201480000
2014-05-16,1.1818548038772267,1.2036386743578917,1.1588837338718692,1.2012622356414795,142910400
2014-05-19,1.190568560716955,1.2319574826208572,1.1848253118236378,1.2270060777664185,120528000
2014-05-20,1.2254225207656053,1.2380962182201027,1.198094042637897,1.2135405540466309,162331200
2014-05-21,1.2190854293185442,1.249384349109442,1.2175008343518634,1.2477997541427612,123619200
2014-05-22,1.2511661215330145,1.274533563207331,1.2462156237958368,1.2632458209991455,126480000
2014-05-23,1.2685928464733218,1.2921589318553632,1.2600776901905941,1.2915648221969604,95136000
2014-05-27,1.3095852151801048,1.3404782333316674,1.3056252023225958,1.3400827646255493,118387200
2014-05-28,1.3388950517594351,1.3446372817206138,1.324438003409419,1.3274085521697998,118435200
2014-05-29,1.342260425553504,1.3543410301208496,1.3339430056264072,1.3543410301208496,87302400
2014-05-30,1.3543413288471182,1.360083557805476,1.3323597251185553,1.353153109550476,113347200
2014-06-02,1.3585003191936835,1.3592920500996306,1.3236463688994662,1.3497865200042725,101270400
2014-06-03,1.3359244854491008,1.3541427933348489,1.3311717208097769,1.347806453704834,95102400
2014-06-04,1.337112442984732,1.3687973077431668,1.3309728191323997,1.3620644807815552,105355200
2014-06-05,1.3664208468272803,1.4046406902360744,1.3523602903029441,1.397511601448059,176107200
2014-06-06,1.4139486196680322,1.421474197749199,1.4042453571039504,1.4200873374938965,79219200
2014-06-09,1.4230578657123893,1.4282071187434344,1.4062255125699974,1.417513370513916,124171200
2014-06-10,1.4133547239142297,1.4268211730793972,1.4089983348047905,1.4256329536437988,72796800
2014-06-11,1.409592012212554,1.4299890191421365,1.4066215776106192,1.4234539270401,96979200
2014-06-12,1.4149388950059438,1.4194930175161868,1.3703816957775865,1.3862236738204956,120974400
2014-06-13,1.4040466115676176,1.407809910244507,1.3796886832611295,1.3957293033599854,72019200
2014-06-16,1.3913729020305607,1.41295801635233,1.3810755306534848,1.4008784294128418,89956800
2014-06-17,1.3986997283230098,1.4145426139390989,1.3909765298011572,1.4028584957122803,95640000
2014-06-18,1.408601670271073,1.432563337131118,1.382659260216238,1.4284045696258545,114801600
2014-06-19,1.4335536596338136,1.4361278324950872,1.4050370776061505,1.422860026359558,105950400
2014-06-20,1.4260285398054267,1.4333563846256818,1.4179098706361803,1.4280095100402832,56592000
2014-06-23,1.4276130167957002,1.4309798273870198,1.4175133782256366,1.4295929670333862,69408000
2014-06-24,1.429592967435126,1.4652387572991814,1.4133547239142297,1.4256329536437988,160248000
2014-06-25,1.4153728505114325,1.45954104603754,1.4151750831483825,1.4518165588378906,84523200
2014-06-26,1.4557780027389526,1.4557780027389526,1.4211169239446166,1.4557780027389526,87580800
2014-06-27,1.450034013451606,1.4743960072613478,1.449242037285367,1.4702366590499878,73857600
2014-06-30,1.472811905039595,1.49261810568011,1.4692466529238402,1.481130599975586,54451200
2014-07-01,1.4959854854661834,1.5419363018765657,1.4949948354274776,1.5308443307876587,66057600
2014-07-02,1.5328256443089812,1.5447094781975113,1.5286661834475896,1.5367863178253174,81801600
2014-07-03,1.5522352322531865,1.566298246383667,1.5401536314768036,1.566298246383667,64636800
2014-07-07,1.5605541279984185,1.5670901970920297,1.5439166242441706,1.5512456893920898,87950400
2014-07-08,1.5439168304194701,1.5466901069723096,1.4773670331828352,1.4971741437911987,151752000
2014-07-09,1.5082647836582255,1.5340138634382763,1.4953912071047677,1.5310429334640503,136963200
2014-07-10,1.4720191645667018,1.533419865822968,1.4654829817233657,1.516583800315857,123244800
2014-07-11,1.5254967577685041,1.5437190087529273,1.5126231789962343,1.5429271459579468,121689600
2014-07-14,1.5637237715128736,1.5819451144930228,1.5565934935344867,1.5724380016326904,107059200
2014-07-15,1.5789742993164728,1.585709156419034,1.5217338506319673,1.5559993982315063,148536000
2014-07-16,1.5892744003818708,1.5938292834241266,1.5688730803689448,1.5736266374588013,106608000
2014-07-17,1.5603561266798902,1.577587723222112,1.4959853021258829,1.5108401775360107,160924800
2014-07-18,1.5365886137585445,1.5847183866565138,1.5290617810955949,1.5823415517807007,116976000
2014-07-21,1.5712497999980097,1.5841242853369453,1.555008736136626,1.5765974521636963,94900800
2014-07-22,1.599573103459686,1.6138337712765172,1.593631130202578,1.6078917980194092,107457600
2014-07-23,1.6225492540759383,1.6429496668413952,1.6150225338958328,1.637998342514038,102460800
2014-07-24,1.6461179923748765,1.6516645442370876,1.6251234889070527,1.6322537660598755,87460800
2014-07-25,1.6086839968564175,1.619379527534102,1.587491722861798,1.6122491359710693,92856000
2014-07-28,1.6166069904977236,1.6261141020419025,1.5769936857291833,1.6142301559448242,91963200
2014-07-29,1.6243317501324934,1.6350272807573296,1.6017523847396278,1.6061094999313354,79252800
2014-07-30,1.6320562446235143,1.6413645698083796,1.605911628494344,1.625321388244629,107611200
2014-07-31,1.5845204313803571,1.5920462431472115,1.518762512063667,1.5262893438339233,138916800
2014-08-01,1.5167821911315602,1.5413419457131399,1.4785549580020805,1.508661150932312,172324800
2014-08-04,1.5187625149178352,1.5573851704718804,1.501728684741033,1.5395593643188477,144182400
2014-08-05,1.5221301131466565,1.5340139470248104,1.4831109000223628,1.5035113096237183,167539200
2014-08-06,1.4755841080208194,1.5278732238324322,1.471821202035473,1.50093674659729,119299200
2014-08-07,1.5203475515711502,1.529854664410536,1.4704351524975134,1.4864784479141235,153604800
2014-08-08,1.4942030178279293,1.5231198926564355,1.4740003735854508,1.518168568611145,124464000
2014-08-11,1.5350038272092654,1.5593658191645285,1.5328257795841653,1.5456993579864502,74352000
2014-08-12,1.540351414644162,1.5552062915999358,1.519554564239335,1.5421339273452759,90931200
2014-08-13,1.5629310035394801,1.5934336445417958,1.5595645383231138,1.59224534034729,81278400
2014-08-14,1.5975929632604944,1.6173991661430545,1.5922453111489492,1.6168049573898315,103089600
2014-08-15,1.6423553890577747,1.6514660611715348,1.5938291713434287,1.638790249824524,155956800
2014-08-18,1.6641428270366827,1.6825628445729892,1.6587950617303793,1.6784034967422485,79348800
2014-08-19,1.6900887328533554,1.7089051913489315,1.6871176892311643,1.7073203325271606,78628800
2014-08-20,1.7015770326378548,1.7162332367262825,1.6976154522520568,1.7073203325271606,70651200
2014-08-21,1.7098958364587968,1.7182145319092161,1.700784144931176,1.7170261144638062,67900800
2014-08-22,1.7176201489810774,1.7370299075060829,1.707122387055515,1.7237598896026611,76814400
2014-08-25,1.7493106707352304,1.7570351583368038,1.7302964427925223,1.7429722547531128,67977600
2014-08-26,1.7501020688842148,1.7534695533563143,1.736040189037826,1.7489137649536133,41716800
2014-08-27,1.750102355359973,1.754658257842142,1.7374265446901014,1.7491127252578735,36715200
2014-08-28,1.7316822265112908,1.7485184038721788,1.724750622895304,1.7419822216033936,64838400
2014-08-29,1.7550544628722513,1.7623825073242188,1.7354460307768402,1.7623825073242188,52272000
2014-09-02,1.7758513489124743,1.7784259510540894,1.7556488197951663,1.7770397663116455,64300800
2014-09-03,1.7899133034387076,1.7911017208111553,1.736238001010647,1.7465370893478394,82636800
2014-09-04,1.7582233046553584,1.7845655747189286,1.7277215737040272,1.7409915924072266,82084800
2014-09-05,1.749310458416977,1.769513101487493,1.7217796567171733,1.7679282426834106,83227200
2014-09-08,1.7675326061638696,1.7901120828048924,1.752281287729987,1.7768410444259644,70872000
2014-09-09,1.7766433328611673,1.797043742746248,1.7225715876291894,1.733663558959961,129393600
2014-09-10,1.7398032416195743,1.7770397145967873,1.7247505972258805,1.7738701105117798,72417600
2014-09-11,1.7520838889843797,1.773474952758367,1.7318812428275565,1.772484302520752,119318400
2014-09-12,1.7667398271019388,1.7677304771892544,1.7273251910058183,1.7445569038391113,113740800
2014-09-15,1.7493103220306057,1.7503009720396447,1.6774126594537455,1.6920697689056396,128486400
2014-09-16,1.674244147924325,1.7465372398592796,1.6686977085954806,1.7378230094909668,126892800
2014-09-17,1.7360407016569175,1.768721392739451,1.7148474052970362,1.7463396787643433,113553600
2014-09-18,1.7611941849742079,1.7845655242188736,1.755648766171483,1.7839714288711548,79512000
2014-09-19,1.8081355947158353,1.8081355947158353,1.759609385017737,1.78001070022583,110217600
2014-09-22,1.767928238941013,1.767928238941013,1.7085087272908586,1.731682300567627,108177600
2014-09-23,1.7100934365145777,1.740199631073982,1.705736321864649,1.7166295051574707,100800000
2014-09-24,1.7205913831939001,1.7736724807003927,1.7047458548820313,1.772286295890808,116582400
2014-09-25,1.7538664204325884,1.7609966990819619,1.6582009607725632,1.6597849130630493,212798400
2014-09-26,1.676818728099377,1.7211857117941491,1.6683022646237167,1.7128669023513794,148252800
2014-09-29,1.6613693965463,1.7197983681122504,1.6585962338044267,1.7071224451065063,114537600
2014-09-30,1.721185641809432,1.7398034269463651,1.6894945842671545,1.7134610414505005,154094400
2014-10-01,1.6999922809060484,1.7033596525550403,1.615418801668238,1.6314620971679688,213480000
2014-10-02,1.6296792544721996,1.6457225478403217,1.568674891540781,1.6306689977645874,217972800
2014-10-03,1.6589925746447707,1.6990014146260735,1.6423550725397924,1.679789423942566,153676800
2014-10-06,1.6926640490645135,1.706528276426823,1.6528529730638226,1.668302059173584,147307200
2014-10-07,1.6441378577953902,1.6583985266956287,1.5964045274497787,1.5977905988693237,163651200
2014-10-08,1.6009595923479067,1.7047459800726774,1.571052066382776,1.6900888681411743,213129600
2014-10-09,1.6835523391059093,1.6954361721032998,1.599176637489477,1.6059114933013916,223022400
2014-10-10,1.577785659810304,1.6061093424544666,1.4856854677200317,1.4856854677200317,296428800
2014-10-13,1.4795457246198058,1.5128206173233316,1.4133923805555186,1.4161646366119385,273302400
2014-10-14,1.445280311460162,1.4714249290235932,1.4050736983408463,1.4187402725219727,370809600
2014-10-15,1.3527843542666094,1.4072516280161476,1.2923742008320065,1.3884360790252686,485097600
2014-10-16,1.3016836351968673,1.3989329173951086,1.3002965438395162,1.3668464422225952,335961600
2014-10-17,1.4179474845968196,1.4563723807581466,1.393784165639063,1.4203242063522339,264350400
2014-10-20,1.415174796969139,1.4841014124034366,1.408638728609243,1.4815260171890259,154464000
2014-10-21,1.534805788193316,1.5973939895629883,1.5251009092686927,1.5973939895629883,211699200
2014-10-22,1.612447686130125,1.6183896597539027,1.5694670060278642,1.5726367235183716,187920000
2014-10-23,1.620172241048629,1.6694904280951703,1.6116547588655745,1.6445342302322388,169886400
2014-10-24,1.6514659329982209,1.6863256865014655,1.6340365662483567,1.6823641061782837,170563200
2014-10-27,1.6734511453792038,1.6958328551087636,1.652654294392628,1.6887024641036987,138244800
2014-10-28,1.7093017922197238,1.7641655206680298,1.7065285156902974,1.7641655206680298,159686400
2014-10-29,1.745943185369009,1.7594119934965116,1.7063308904907968,1.7429722547531128,179404800
2014-10-30,1.7197985359805508,1.7661456844135963,1.7083110292188095,1.7538663148880005,161985600
2014-10-31,1.8422026535886917,1.8447781625086683,1.808927758344949,1.8261593580245972,176371200
2014-11-03,1.8354688347277577,1.857651873140916,1.8285363235558774,1.8449759483337402,140961600
2014-11-04,1.8243769197237159,1.8388363779580597,1.786942672886269,1.8253675699234009,138648000
2014-11-05,1.8590389070495603,1.8610191873214164,1.8059567877266487,1.8251698017120361,138744000
2014-11-06,1.8223962443506123,1.843193094012335,1.8010051860318446,1.8408162593841553,97272000
2014-11-07,1.8519083169916557,1.853888710385069,1.808729870328638,1.8362605571746826,110812800
2014-11-10,1.8388360796547463,1.863395836592921,1.8245754111094394,1.8550770282745361,103372800
2014-11-11,1.857850580154975,1.8729032269639767,1.842401491937585,1.8727054595947266,105619200
2014-11-12,1.8507198333673192,1.8889461618411476,1.8507198333673192,1.8830041885375977,96201600
2014-11-13,1.8933036102844538,1.9285598083252211,1.8812218942159449,1.9071687459945679,182164800
2014-11-14,1.9061779633496923,1.9247957468032837,1.88716362521122,1.9247957468032837,114816000
2014-11-17,1.9111290189010415,1.9244001705118239,1.880627402270856,1.9067720174789429,141355200
2014-11-18,1.912713594665832,1.9578725409211744,1.9125159406923609,1.9495538473129272,111820800
2014-11-19,1.9440085322847758,1.9440085322847758,1.897462713646162,1.9247957468032837,148809600
2014-11-20,1.899245406573895,1.9543078061294792,1.8944918499217258,1.9503461122512817,99556800
2014-11-21,2.0020408793096363,2.006794321740005,1.9426213755918065,1.9644088745117188,152947200
2014-11-24,1.977481333922768,2.009567925567141,1.971935914627641,2.0087759494781494,126206400
2014-11-25,2.0159065169106074,2.033929980182608,2.0006549700361833,2.0153121948242188,151536000
2014-11-26,2.021848881307428,2.0586889264772794,2.0153126967341035,2.0565099716186523,105633600
2014-11-28,2.0731467991891668,2.097905232150189,2.0679969145728188,2.087209701538086,72571200
2014-12-01,2.067996765851127,2.078097973665312,1.9893651507724954,2.010162115097046,156187200
2014-12-02,2.0200659940845145,2.0470024770359765,2.005805209775829,2.0317511558532715,129892800
2014-12-03,2.046210337929144,2.055717451155377,2.0097656105591435,2.0501708984375,131942400
2014-12-04,2.041060224559513,2.068591027415591,2.0192729484373135,2.0440313816070557,154036800
2014-12-05,2.056112838755047,2.0640359992119817,2.0319494093689605,2.045417308807373,113630400
2014-12-08,2.0285817529145604,2.0557170153295807,1.9691622511810707,2.001248836517334,169281600
2014-12-09,1.9301432186270848,2.023630376390806,1.9097426988617592,2.0206594467163086,170688000
2014-12-10,2.008776023561719,2.023432341765146,1.9139025432865886,1.9228155612945557,134529600
2014-12-11,1.941037681297673,2.0202633945468333,1.9396507031806578,1.9529216289520264,136032000
2014-12-12,1.8956804404437144,1.962032585604546,1.8877581853015308,1.888352394104004,153787200
2014-12-15,1.9164765685835206,1.9374720906639264,1.8128889960663201,1.8317054510116577,235948800
2014-12-16,1.79526110978371,1.8754774709388577,1.7400009473583031,1.7407939434051514,212856000
2014-12-17,1.7441604542461326,1.8507199950200328,1.7380207130749643,1.8342803716659546,182726400
2014-12-18,1.914893251255631,1.968766212463379,1.8994441640457673,1.968766212463379,186744000
2014-12-19,1.9747086710198904,2.0178870163807994,1.9608443267306532,1.9907517433166504,154828800
2014-12-22,1.9847493486224839,2.0106996774203414,1.9811837203511682,2.00911545753479,110457600
2014-12-23,2.031302338476164,2.031500025912412,1.9801928816212582,1.9898995161056519,115920000
2014-12-24,1.9962390046378804,2.01485993799333,1.9904938265440397,1.994059681892395,43982400
2014-12-26,2.0087191068666175,2.046753989452064,2.0085214194240493,2.0344717502593994,86088000
2014-12-29,2.028924910592605,2.045961848017605,2.024567172586173,2.034868001937866,62328000
2014-12-30,2.014859920424941,2.0293217092572595,1.9837588336801137,1.9928710460662842,123859200
2014-12-31,2.000993046634469,2.025557069719443,1.921754167419232,1.9304698705673218,117091200
2015-01-02,1.9582040101559948,1.9835608244649803,1.8851055665958956,1.9146225452423096,122227200
2015-01-05,1.8868882204886774,1.8938220156335046,1.8126012826741627,1.8284494876861572,127017600
2015-01-06,1.8349871136445346,1.8456843394505642,1.7307865605085169,1.7559458017349243,168643200
2015-01-07,1.7894239508758651,1.8351846224242634,1.7773401936667577,1.8234965801239014,137467200
2015-01-08,1.870446017290871,1.93839450053615,1.8641075503731217,1.9274983406066895,144936000
2015-01-09,1.9455260751412513,1.9477044910880779,1.8563817307820722,1.8884737491607666,181420800
2015-01-12,1.9011512245951618,1.9061032712952661,1.815374956440877,1.830430030822754,165254400
2015-01-13,1.8821339166900988,1.9409691595776313,1.7848671750802632,1.8288451433181763,199708800
2015-01-14,1.7708030991877481,1.8250816754422454,1.7500027311753255,1.8007155656814575,216148800
2015-01-15,1.821317909756526,1.8314209379331283,1.721674046974535,1.729202151298523,196012800
2015-01-16,1.7206834495118988,1.7951692185213393,1.7121655468158454,1.7908103466033936,141796800
2015-01-20,1.8209213122225993,1.8437024046655106,1.7599067511561068,1.830430030822754,141892800
2015-01-21,1.8137898838491824,1.883520262283421,1.7955644425889143,1.8585598468780518,133531200
2015-01-22,1.8819362521730132,1.967118223264397,1.8320154158022077,1.9619674682617188,162657600
2015-01-23,1.9619676477993035,1.9926731329626826,1.9441388246151832,1.9750422239303589,142358400
2015-01-26,1.969098686592764,1.979003913586435,1.9377996927553052,1.9706838130950928,100804800
2015-01-27,1.8769832666486668,1.8781718850315698,1.7955647210660224,1.8181480169296265,223987200
2015-01-28,1.901548215889126,1.907688882312105,1.7856606360086789,1.7868491411209106,188928000
2015-01-29,1.7807073787613634,1.8474672440068551,1.7353432117423644,1.8385528326034546,176558400
2015-01-30,1.8322133099588944,1.8750025518776077,1.7880376488577783,1.7963577508926392,218222400
2015-02-02,1.806064220899648,1.8462785374570656,1.7230606636367898,1.8435049057006836,198844800
2015-02-03,1.8589564299070422,1.898377725979125,1.8260723074839367,1.8938220739364624,182332800
2015-02-04,1.8700500739808001,1.9271024967658246,1.8585597209967517,1.8888686895370483,124632000
2015-02-05,1.9023402264051485,1.9415637292164158,1.8906521825307,1.9389888048171997,100324800
2015-02-06,1.9473087220002043,1.960184703004961,1.882530608288576,1.903726577758789,123528000
2015-02-09,1.8809456489605723,1.910858231306271,1.8710404195053978,1.8827285766601562,95793600
2015-02-10,1.9173953350041728,1.9799951458572778,1.9068968175021577,1.9728634357452393,119256000
2015-02-11,1.9799949970287662,2.0071337160074196,1.967910220162565,1.995050072669983,121852800
2015-02-12,2.030905646384199,2.065573490440127,2.0239727576902786,2.0647804737091064,153100800
2015-02-13,2.081223247884509,2.117277402122163,2.0701294003816346,2.1168808937072754,120897600
2015-02-17,2.1164841421211804,2.1261916826442016,2.101231152071452,2.1226258277893066,82728000
2015-02-18,2.1154942539527775,2.134312871343633,2.105786713846567,2.1317379474639893,70478400
2015-02-19,2.1265870393740345,2.1669991495875,2.125597015446344,2.163829803466797,75590400
2015-02-20,2.158679032258926,2.2097884840649313,2.138275287772524,2.205430746078491,90772800
2015-02-23,2.2040444142682545,2.21434501674482,2.1883937827872764,2.2141473293304443,78974400
2015-02-24,2.204439602043273,2.2252400795860456,2.1844323678539475,2.218702793121338,104601600
2015-02-25,2.2070157754818798,2.233164696011906,2.186413210957568,2.200874090194702,112550400
2015-02-26,2.207213923746522,2.237126619269659,2.188988591839318,2.23435378074646,116337600
2015-02-27,2.2317778687311796,2.2357400056876777,2.1941392679378104,2.20483660697937,88790400
2015-03-02,2.216722180783101,2.2660488163493944,2.2157314766861034,2.264265775680542,89044800
2015-03-03,2.244456654210427,2.250597433838107,2.189781566368775,2.2317779064178467,128390400
2015-03-04,2.2105816194874404,2.219693831017562,2.1697729947946356,2.2070159912109375,116640000
2015-03-05,2.22385349357995,2.237522488606154,2.190969601359398,2.216722011566162,92347200
2015-03-06,2.210382824492312,2.2224673742136623,2.1253985487987808,2.1404545307159424,149726400
2015-03-09,2.1557078491031834,2.176310416916254,2.128569126966529,2.1610565185546875,113270400
2015-03-10,2.1135125781216852,2.1147011963326174,2.0404142584424436,2.041404962539673,191966400
2015-03-11,2.0469525529448074,2.0564612766075734,2.0027768768080763,2.0055506229400635,223152000
2015-03-12,1.99980493357005,2.051310676981127,1.9962390780904873,2.043980598449707,122390400
2015-03-13,2.038631846712644,2.062800043927212,1.9794008789448283,2.0176336765289307,198115200
2015-03-16,2.040018791376574,2.095882490737843,2.033282909894432,2.0948917865753174,114960000
2015-03-17,2.076865239197465,2.1147015268062246,2.0631964676942838,2.1065800189971924,97363200
2015-03-18,2.088552816697005,2.1953280754563664,2.055272178289212,2.167198419570923,167822400
2015-03-19,2.174725760122655,2.193942026248322,2.164227239919105,2.1776974201202393,111384000
2015-03-20,2.2295993182257776,2.250993997192302,2.2181089618834378,2.2228634357452393,104812800
2015-03-23,2.215930271808422,2.2335604989241773,2.2040445420358346,2.20424222946167,99235200
2015-03-24,2.2038462246388537,2.2353438238034835,2.180668728898404,2.1818573474884033,92980800
2015-03-25,2.1933675296624,2.1969337409298193,2.029722213745117,2.029722213745117,175886400
2015-03-26,1.9819759287924545,2.0451753412900384,1.9615690109239456,2.01308012008667,196560000
2015-03-27,2.0091173196955396,2.0489389865723378,2.000796161185636,2.0324957370758057,98544000
2015-03-30,2.0735065675479043,2.109563413045007,2.0721189896892334,2.1056017875671387,151214400
2015-03-31,2.0863828636965613,2.099855287641994,2.0364570592636464,2.040419816970825,124507200
2015-04-01,2.0376462577924634,2.0376462577924634,1.9663236314734807,2.0059475898742676,175876800
2015-04-02,2.0099104493990003,2.028730946343689,1.9900980157470505,2.0093159675598145,110577600
2015-04-06,1.973060765966049,2.07509106049862,1.964739832012556,2.05765700340271,150945600
2015-04-07,2.0550812121527184,2.100053466183291,2.0479490175550077,2.0481467247009277,114691200
2015-04-08,2.0497322135961626,2.1050072373705206,2.048939117649738,2.09688401222229,169142400
2015-04-09,2.094903206118632,2.1374979884432483,2.072118816814681,2.135913610458374,110928000
2015-04-10,2.135517064561311,2.162263079038366,2.119667163030794,2.161470890045166,113385600
2015-04-13,2.167215625434398,2.1995094552586867,2.1378944313770356,2.145423173904419,115200000
2015-04-14,2.1406688007248795,2.1567164129131386,2.09074319844377,2.1269986629486084,168974400
2015-04-15,2.1452245400930403,2.180093780929868,2.1357148708075786,2.164640426635742,95356800
2015-04-16,2.149979211960344,2.1686029070810955,2.1398750621075755,2.157111406326294,90888000
2015-04-17,2.095695000390465,2.113327892546217,2.029127323880959,2.056269884109497,186427200
2015-04-20,2.0879692445801137,2.1592918921835706,2.0846007400503397,2.1481969356536865,142195200
2015-04-21,2.186433880376014,2.1967357391305353,2.168603278046815,2.1757354736328125,127387200
2015-04-22,2.1925751211412434,2.221896317249089,2.1509702340988324,2.2110002040863037,121915200
2015-04-23,2.19000000471872,2.266077359229315,2.187820464602043,2.237548351287842,131001600
2015-04-24,2.3064931315183563,2.336408805443582,2.296586915859249,2.325115919113159,142416000
2015-04-27,2.353645072479458,2.366126696415901,2.2948040703680794,2.3102571964263916,161160000
2015-04-28,2.3148146587519607,2.327890540301464,2.237746493940305,2.295201063156128,171753600
2015-04-29,2.2567656479953215,2.296983865798318,2.2151607592783065,2.2514164447784424,193953600
2015-04-30,2.213971472311003,2.2417082846276073,2.11213892931785,2.145620584487915,308169600
2015-05-01,2.170187104112651,2.2343773015144692,2.16939491525045,2.2323966026306152,190012800
2015-05-04,2.2508221094212315,2.2829173308117268,2.237746454828688,2.240321636199951,131971200
2015-05-05,2.215160725659683,2.227444416902245,2.1287815131881564,2.1341307163238525,280694400
2015-05-06,2.1430457971473227,2.1614708796379998,2.0447785393781204,2.0885629653930664,213398400
2015-05-07,2.0863833986578957,2.1420549666395865,2.0810341958567893,2.124422073364258,168619200
2015-05-08,2.1903955244938556,2.2179346347126665,2.18049021466914,2.202282667160034,178377600
2015-05-11,2.2084249704827617,2.222095105222141,2.1737534385556616,2.178112745285034,139027200
2015-05-12,2.1390832401839024,2.181480087967414,2.090345933090114,2.14997935295105,190334400
2015-05-13,2.1779141980783883,2.210208030384699,2.152158985974288,2.16107439994812,132499200
2015-05-14,2.2151611841592445,2.261323095906457,2.190396089383584,2.2567660808563232,176832000
2015-05-15,2.2745962523279406,2.2827194775670625,2.2395293038069854,2.2565677165985107,146505600
2015-05-18,2.2454730321640324,2.298370588878438,2.2399261211064694,2.284303903579712,110587200
2015-05-19,2.2932186257577523,2.302927134226574,2.2670670962780863,2.2777652740478516,98577600
2015-05-20,2.282917062780689,2.3225410233660373,2.2460671240634698,2.2815306186676025,111264000
2015-05-21,2.2704356377219583,2.3261072064535804,2.260133779927361,2.317389726638794,92222400
2015-05-22,2.3094648451521675,2.3352200534391403,2.304907831803342,2.311049222946167,79819200
2015-05-26,2.2946063937974635,2.304116063221638,2.203471324948477,2.2310104370117188,140457600
2015-05-27,2.2504251467893504,2.3453241224719212,2.236557305659508,2.3383896350860596,134289600
2015-05-28,2.324125847179651,2.3405700071015847,2.3007481049919347,2.3211541175842285,90643200
2015-05-29,2.3171917141919884,2.3272958644891144,2.2648884241753127,2.281926155090332,106060800
2015-06-01,2.3177862895828674,2.3217479147431845,2.2474535558733435,2.301936388015747,137160000
2015-06-02,2.2777656711802936,2.3150123862859426,2.2440863007472576,2.2809362411499023,131462400
2015-06-03,2.313427397349916,2.327494082649346,2.285096999744751,2.300945997238159,117067200
2015-06-04,2.2633036931644184,2.306493642150686,2.228038809151304,2.250822067260742,185702400
2015-06-05,2.2409147219529397,2.2567646171963878,2.192574207913425,2.2337825298309326,138590400
2015-06-08,2.229424952182924,2.234774154925077,2.1517623187540997,2.1654324531555176,144422400
2015-06-09,2.1495837725159266,2.1773196834671555,2.105402797818676,2.1547341346740723,153000000
2015-06-10,2.175735134350254,2.2609258270226107,2.1689985808897903,2.2401232719421387,154766400
2015-06-11,2.264095375714228,2.282917005924747,2.2401233834941423,2.2524070739746094,117081600
2015-06-12,2.2155565699787223,2.2298209559913325,2.187819760002363,2.1951496601104736,120897600
2015-06-15,2.147205617514016,2.1739516238210466,2.109562594675569,2.164837598800659,200884800
2015-06-16,2.155131218074018,2.2092175162092214,2.1535461594900536,2.197924852371216,101265600
2015-06-17,2.2100088929035637,2.2381424821013174,2.1743476952522927,2.2163491249084473,168388800
2015-06-18,2.2349723254390175,2.324324176846675,2.2335858812296507,2.3100597858428955,162628800
2015-06-19,2.316597833901569,2.322739226550015,2.274794101715088,2.274794101715088,84628800
2015-06-22,2.3296725749969482,2.3502762851421677,2.3142194522955406,2.3296725749969482,131716800
2015-06-23,2.3377959370725705,2.341758696575935,2.305899554780956,2.335418462753296,114907200
2015-06-24,2.3265028259445,2.3560226351435265,2.297379337965144,2.2995588779449463,84902400
2015-06-25,2.3253145423942287,2.332446738640201,2.2738043369415086,2.2845027446746826,85204800
2015-06-26,2.2825201974625675,2.2991620590735447,2.2141693057402945,2.2421040534973145,131904000
2015-06-29,2.163055490358006,2.2030760027017635,2.0792514542018212,2.0836105346679688,273744000
2015-06-30,2.126997793928851,2.140667926119966,2.0840055648793885,2.107384204864502,176793600
2015-07-01,2.164443186532891,2.1781133249100764,2.1238284125448854,2.150574207305908,141624000
2015-07-02,2.1699893112248385,2.1769237983239633,2.135120302235183,2.1586966514587402,105523200
2015-07-06,2.1141210285704437,2.1763305601979126,2.100054340663456,2.140470504760742,131808000
2015-07-07,2.146611989668346,2.1614708612097733,2.0289297542676508,2.151366710662842,250329600
2015-07-08,2.108573361626496,2.1166954527985196,2.031108432441384,2.0435898303985596,184881600
2015-07-09,2.126007332455588,2.1281868723997865,2.0376462936401367,2.0376462936401367,125260800
2015-07-10,2.1159031891469087,2.1555271483772303,2.097676040933066,2.132347345352173,123259200
2015-07-13,2.186235175650857,2.249831131583062,2.1858395345922186,2.241312265396118,104860800
2015-07-14,2.2539913327902372,2.3062946211375692,2.250425122200064,2.286285161972046,102201600
2015-07-15,2.299361146249263,2.3219466942333016,2.275982502377575,2.2971816062927246,119140800
2015-07-16,2.3526545144085693,2.3932692798990107,2.3385887378307224,2.3869292736053467,139680000
2015-07-17,2.4497331953618,2.4962907419229197,2.438638240330178,2.4960930347442627,143328000
2015-07-20,2.51689539013875,2.551368085722727,2.4911392685841727,2.5240275859832764,95889600
2015-07-21,2.527988804662861,2.538092727349133,2.4970823281127474,2.51709246635437,87408000
2015-07-22,2.4039673988138515,2.4695442732931263,2.4035708508868856,2.4344773292541504,108388800
2015-07-23,2.4416101872086107,2.464195511544094,2.387325963166823,2.4053544998168945,96782400
2015-07-24,2.4429965039519232,2.4485443212498867,2.3255128739928574,2.337003469467163,106473600
2015-07-27,2.295398340979897,2.325710564951325,2.2625111628022694,2.2769734859466553,120624000
2015-07-28,2.3094652643425837,2.3498814160406654,2.2531994368902244,2.337003469467163,155596800
2015-07-29,2.35067372732627,2.378013999976661,2.3243242578493994,2.3631551265716553,121737600
2015-07-30,2.346315834941665,2.407534328154297,2.304116457100213,2.396042823791504,137044800
2015-07-31,2.4180336049607165,2.4219963641966302,2.3722682476813706,2.3887124061584473,109036800
2015-08-03,2.390098410030676,2.4083255556751793,2.3179836034117303,2.366720676422119,147734400
2015-08-04,2.3599857142128697,2.3738535578578768,2.3215504861813936,2.351465940475464,141350400
2015-08-05,2.3904949337584878,2.4523076569112185,2.3827682583412653,2.4065425395965576,127411200
2015-08-06,2.411297595532944,2.4217982937663654,2.2579541629443534,2.2910401821136475,175296000
2015-08-07,2.2734072896328223,2.297578122140973,2.2244725031719508,2.281926155090332,160176000
2015-08-10,2.324918566090093,2.374249904211056,2.324918566090093,2.358994483947754,133804800
2015-08-11,2.3209554402757226,2.34908789545981,2.2304157766625976,2.2690489292144775,173289600
2015-08-12,2.2232833974587654,2.3055021233328272,2.1493844681435985,2.289057970046997,224347200
2015-08-13,2.298172504477642,2.330861977524943,2.265680738589478,2.278756618499756,140659200
2015-08-14,2.263501072783293,2.3001533026559056,2.2510196754142506,2.2910401821136475,145982400
2015-08-17,2.273407021788692,2.3490878127921455,2.256567226734244,2.3473048210144043,125356800
2015-08-18,2.334031298212944,2.343738672957452,2.302530566751939,2.3098604679107666,108998400
2015-08-19,2.2882664160220108,2.326701642176137,2.2260569026464236,2.2664730548858643,235516800
2015-08-20,2.203075705153008,2.2242736752527796,2.076478058533412,2.079845428466797,300019200
2015-08-21,1.9910891287724295,2.0416092100051357,1.821103572845459,1.821103572845459,380289600
2015-08-24,1.4868780946403335,1.8123858094627048,1.2937127614729251,1.605352520942688,392716800
2015-08-25,1.773158400565758,1.805452345528411,1.5770212246319808,1.5841535329818726,289665600
2015-08-26,1.7194684814653332,1.8260557538818771,1.6180315706241957,1.8127821683883667,285019200
2015-08-27,1.897973360264097,1.958399777117126,1.8292269165726078,1.954437017440796,485952000
2015-08-28,1.9233324388656454,1.9732582581379594,1.9106531068409696,1.9528522491455078,214094400
2015-08-31,1.9207574396166924,1.9524558860438266,1.866274487813766,1.8803411722183228,206870400
2015-09-01,1.7390825803565295,1.8252639792481749,1.6806380024868013,1.709761381149292,313862400
2015-09-02,1.7965369440445307,1.8488402366638184,1.737299276912962,1.8488402366638184,180278400
2015-09-03,1.8714257302906667,1.90748257435735,1.8052535732247617,1.8183294534683228,223224000
2015-09-04,1.7454224743738298,1.7917820814635752,1.7254122203384796,1.75750732421875,279643200
2015-09-08,1.857161212266683,1.9108510636293656,1.8351701448023587,1.9066905975341797,225350400
2015-09-09,1.9720693751197744,1.973060178131853,1.8250659501002287,1.840320348739624,281284800
2015-09-10,1.832792507132185,1.9362102352378114,1.826254567644135,1.899161458015442,247161600
2015-09-11,1.8738030403439059,1.9298702478408813,1.8573588844392899,1.9298702478408813,189720000
2015-09-14,1.9514647583643545,1.952059013444681,1.8916336332624022,1.9126338958740234,176664000
2015-09-15,1.9268985692092264,1.9988156878654175,1.905898530229502,1.9793998003005981,152654400
2015-09-16,1.983362487461287,2.0198161111204715,1.9613714168772298,2.012485980987549,140414400
2015-09-17,2.010305636455969,2.1069878258739956,1.9910885937291622,2.0180323123931885,242361600
2015-09-18,1.9255121713886199,2.0013909174175755,1.9211528641052862,1.9326443672180176,272342400
2015-09-21,1.9621633810721573,1.9962404334244666,1.8969830461108692,1.9490875005722046,200313600
2015-09-22,1.8589443540749793,1.8801423260188768,1.808424164722938,1.8631048202514648,283795200
2015-09-23,1.8761806267134142,1.8908407721298508,1.8365566634356572,1.8660765886306763,223761600
2015-09-24,1.8109992113354725,1.8658776833166575,1.7632530475298258,1.8444808721542358,293836800
2015-09-25,1.9070870702948692,1.9096622513327777,1.763847443039472,1.7997065782546997,283824000
2015-09-28,1.7747437609479089,1.777913310620245,1.628730217682143,1.6445800065994263,360057600
2015-09-29,1.6564670455948678,1.7067894108781647,1.5833613116185983,1.6202113628387451,365750400
2015-09-30,1.6875714834457354,1.7355164953612179,1.6681565021352331,1.7273932695388794,333864000
2015-10-01,1.738290200411467,1.7527525244256381,1.66974068456823,1.7515637874603271,219264000
2015-10-02,1.6812323728346685,1.8446799826668783,1.6641938455643193,1.8425003290176392,317404800
2015-10-05,1.8854911149152782,1.9383886533033956,1.8734062670162563,1.9265015125274658,208152000
2015-10-06,1.9124363563889137,1.929275928001042,1.8510189208016505,1.8989639282226562,230121600
2015-10-07,1.9328422734846715,1.942946198537786,1.8575569901651952,1.9294739961624146,253108800
2015-10-08,1.9088704188650039,1.9633523539116984,1.8526044711592766,1.9530504941940308,291873600
2015-10-09,1.9556256408299488,1.991089140998031,1.940172511436442,1.9768245220184326,175224000
2015-10-12,1.9918804967141233,2.0051549870992886,1.9698894356030976,1.993465781211853,152539200
2015-10-13,1.9593905804004286,2.020212751745678,1.949484361394924,1.954437017440796,212966400
2015-10-14,1.9550312660603504,1.98455107871143,1.9209551192205587,1.9461158514022827,183331200
2015-10-15,1.9671170328466214,2.041609106742527,1.959588289129379,2.041212558746338,214569600
2015-10-16,2.0546848079326003,2.070335868984705,2.0247693566873606,2.0665719509124756,132643200
2015-10-19,2.0570620388915,2.1069878521269616,2.045571445230376,2.1036195755004883,163622400
2015-10-20,2.090940334500185,2.105007016474045,2.048938902636971,2.068751335144043,145252800
2015-10-21,2.1012424536714125,2.107185912090276,2.0295241779356163,2.0354678630828857,176496000
2015-10-22,2.0863841698041363,2.1612728099707494,2.0689501108791815,2.1561224460601807,259752000
2015-10-23,2.3300692588991434,2.3637497672081493,2.295201147072651,2.335418462753296,204057600
2015-10-26,2.332446411501142,2.3552305750396134,2.3060969438892465,2.3423526287078857,119889600
2015-10-27,2.323333085711843,2.365928773000525,2.3213521598646327,2.357607841491699,104462400
2015-10-28,2.3683065406775063,2.4138730555706314,2.30986094534617,2.4122889041900635,208958400
2015-10-29,2.3809851549663583,2.415061063904654,2.3740506687268694,2.4033727645874023,99825600
2015-10-30,2.4065430447016363,2.419024442952606,2.370287360205431,2.3704850673675537,120072000
2015-11-02,2.3881179048314816,2.4592426012597777,2.3748443178767533,2.451317310333252,110601600
2015-11-03,2.4362609325248816,2.503026327683241,2.4249680438659977,2.474696159362793,123624000
2015-11-04,2.499262186524968,2.5061966743349338,2.446166932140863,2.4756858348846436,145833600
2015-11-05,2.4832148604237667,2.501442237960298,2.4182324558814834,2.4538936614990234,142252800
2015-11-06,2.443590073461091,2.4699404410877643,2.395051843794201,2.462015151977539,136248000
2015-11-09,2.4334868805126435,2.4433930980925296,2.3374000616052264,2.3827688694000244,151315200
2015-11-10,2.3447297742983984,2.3708813043552532,2.323927219880302,2.3659286499023438,98721600
2015-11-11,2.3839577056515555,2.41803362634439,2.3437392586874775,2.355428695678711,100828800
2015-11-12,2.325116343273414,2.3605798399951605,2.281926395969983,2.2870776653289795,137928000
2015-11-13,2.2583505360017826,2.2650861822202373,2.1487904028062066,2.152555227279663,197697600
2015-11-16,2.1454232281855012,2.245670502969479,2.1303655160213832,2.2423031330108643,185544000
2015-11-17,2.2559732484392656,2.297379292482879,2.231802415813995,2.2500295639038086,221414400
2015-11-18,2.275388257755098,2.3853438157939344,2.269444573138057,2.379004716873169,196276800
2015-11-19,2.3829661578339643,2.415854467931109,2.370287054058508,2.382570743560791,103958400
2015-11-20,2.415854659365226,2.436854922625705,2.40991120146481,2.4299204349517822,101995200
2015-11-23,2.432892493423918,2.460629540962898,2.3795992989825443,2.4103071689605713,112876800
2015-11-24,2.363551227872159,2.4208071704178145,2.3265026782221248,2.4027788639068604,132494400
2015-11-25,2.4120898750242805,2.4233825359160432,2.395250077357007,2.408128023147583,55977600
2015-11-27,2.4253641398660504,2.4344772598902527,2.3952498512972453,2.416844367980957,27206400
2015-11-30,2.441015225019846,2.4414117729397224,2.377815825405258,2.40159010887146,93273600
2015-12-01,2.4285341057345278,2.4729127883911133,2.420807428715835,2.4729127883911133,117043200
2015-12-02,2.477668009742651,2.5109519687260495,2.415260785036147,2.4279398918151855,122092800
2015-12-03,2.4471569165581752,2.458053936834253,2.261718253652329,2.3041160106658936,225912000
2015-12-04,2.3237296252920836,2.4764788009502854,2.3100594911869643,2.462412118911743,173289600
2015-12-07,2.46974260728122,2.4742996216181683,2.396241337477721,2.432298183441162,138451200
2015-12-08,2.355230702727208,2.4548837344049357,2.3522589734411135,2.432497024536133,162600000
2015-12-09,2.3980242362415636,2.439232576830073,2.2777656777945015,2.3191728591918945,289732800
2015-12-10,2.336012459654013,2.398024032813527,2.315606451714507,2.352059841156006,162926400
2015-12-11,2.270633599530416,2.2888607501940856,2.1856408258627984,2.1907923221588135,294873600
2015-12-14,2.200301664286217,2.241906548798699,2.1056015276762903,2.2399256229400635,232344000
2015-12-15,2.2973790915279446,2.337597528788414,2.2716241099501095,2.2779641151428223,191558400
2015-12-16,2.3261072273593797,2.392674909590497,2.2565675893832706,2.378608226776123,196512000
2015-12-17,2.4103067546166383,2.4122885873630087,2.276576916177674,2.2795486450195312,189513600
2015-12-18,2.254982441777433,2.2710300515182604,2.1495838885711267,2.154338836669922,204955200
2015-12-21,2.207631965421569,2.218528985687267,2.159291430407855,2.218330144882202,128059200
2015-12-22,2.2530017281647203,2.2702378480926635,2.217538231730718,2.260331630706787,134044800
2015-12-23,2.295795261332048,2.3156067903481894,2.283313862014829,2.3120408058166504,109896000
2015-12-24,2.310059569056913,2.328682358482576,2.306096810329643,2.3072855472564697,48480000
2015-12-28,2.2910401100965974,2.3066911697387695,2.2425007394671024,2.3066911697387695,102672000
2015-12-29,2.34671116967848,2.4293264686487577,2.341956221410176,2.4118924140930176,145305600
2015-12-30,2.4075340458693057,2.4105057752123518,2.3484941931799193,2.3502771854400635,89592000
2015-12-31,2.32471926417356,2.337200660010925,2.2605290664897164,2.2631051540374756,175905600
2016-01-04,2.1123369291565792,2.1248183250427246,2.035467401482702,2.1248183250427246,265867200
2016-01-05,2.1495836218203697,2.158102487104828,2.077072259410809,2.1057991981506348,132326400
2016-01-06,2.0005984005516906,2.0812327619267594,1.997824378818031,2.049335479736328,243787200
2016-01-07,1.9158036977096862,1.9910888612921087,1.8516132614115348,1.8543872833251953,340348800
2016-01-08,1.8946056564541083,1.9290782359794412,1.8022818518671604,1.8106027841567993,331819200
2016-01-11,1.8482457326501125,1.8629058760527266,1.7414596152077104,1.826452374458313,336177600
2016-01-12,1.875586210482125,1.9163980028446503,1.8108016307340395,1.8880677223205566,317520000
2016-01-13,1.9108510793521447,1.924124666767986,1.6840052346178802,1.6905431747436523,413400000
2016-01-14,1.7119398503653414,1.84547187946341,1.63051329430055,1.7999043464660645,363417600
2016-01-15,1.6202114426794652,1.6899487898249308,1.563747682820874,1.6344759464263916,564715200
2016-01-19,1.6984684862324508,1.706195163448689,1.5851445294580957,1.64141047000885,259228800
2016-01-20,1.5643422293414826,1.6796471227897964,1.4569618343704536,1.6265517473220825,554697600
2016-01-21,1.6469573760559184,1.7040155054943646,1.5821727961498608,1.6324951648712158,338112000
2016-01-22,1.7285819310638395,1.775932458992439,1.7139217854488462,1.7731585502624512,286881600
2016-01-25,1.7573094345815974,1.7848476368588997,1.6899486596832012,1.69331693649292,277084800
2016-01-26,1.7157048084342286,1.7622622381439996,1.6717225598792662,1.7416576147079468,243038400
2016-01-27,1.7099589030698528,1.7317521481709137,1.5889082817213978,1.6120880842208862,358315200
2016-01-28,1.6877700903987543,1.691930669968073,1.5950507567737673,1.6756843328475952,315571200
2016-01-29,1.6794490754047866,1.7848477363586426,1.6750898819683142,1.7848477363586426,257716800
2016-02-01,1.7557242666198465,1.8175371115531094,1.7365071092055684,1.7949516773223877,228240000
2016-02-02,1.7737529429042451,1.7737529429042451,1.664590354034915,1.6810334920883179,256867200
2016-02-03,1.7127331001258634,1.7131287412129552,1.5679082834211595,1.6572593450546265,471302400
2016-02-04,1.640816049785489,1.6949023351375971,1.5978236981642027,1.6542874574661255,284035200
2016-02-05,1.6384387654914572,1.6400231436990118,1.465679303916394,1.4841042757034302,429777600
2016-02-08,1.4012909308969257,1.43398051612372,1.334128881785616,1.416347622871399,514963200
2016-02-09,1.3579032362993906,1.4658770894875055,1.3515631162436066,1.399903655052185,459494400
2016-02-10,1.4512165723539168,1.5041141120641646,1.4143666390830179,1.4165452718734741,375528000
2016-02-11,1.3630534262445078,1.444479972224969,1.3507706436240996,1.4131779670715332,477076800
2016-02-12,1.4573581107414249,1.4795469970889261,1.418922775542014,1.4734057188034058,316430400
2016-02-16,1.5417564531729526,1.5714741945266724,1.5130296281750253,1.5714741945266724,299313600
2016-02-17,1.6112958935228565,1.6885619719108695,1.596833571479656,1.6800432205200195,365232000
2016-02-18,1.697873968533428,1.6984683369873883,1.6176361544400422,1.6229852437973022,257899200
2016-02-19,1.6045603385271157,1.6534952405553047,1.5893049187279364,1.6398251056671143,238934400
2016-02-22,1.6844015616232781,1.723034602082417,1.6796467276185254,1.717288851737976,248265600
2016-02-23,1.6869769698680555,1.7016380217773461,1.6301176815618277,1.631701946258545,267825600
2016-02-24,1.5764268346602834,1.6859868583258113,1.5461147251537173,1.6802411079406738,350558400
2016-02-25,1.691336114379821,1.7285816920246404,1.6453720370334963,1.7266007661819458,259598400
2016-02-26,1.7660263732020889,1.770186839833068,1.7109501839597128,1.722638487815857,248577600
2016-02-29,1.718676585493047,1.7571109045628484,1.6770718097686768,1.6770718097686768,229968000
2016-03-01,1.723034735210862,1.8379430624910444,1.7093646005615126,1.8375474214553833,311136000
2016-03-02,1.830613145963414,1.8415093734228296,1.7971314809590073,1.8395285606384277,193972800
2016-03-03,1.834773517205157,1.836358688727885,1.7903946095068435,1.8292264938354492,206596800
2016-03-04,1.8361600678181749,1.8674630977560316,1.7955460960059482,1.832396149635315,237844800
2016-03-07,1.8038669589281733,1.8359620612828438,1.7586959775632167,1.798319935798645,189124800
2016-03-08,1.760082702759286,1.8078297765060127,1.7438372728413472,1.7507717609405518,212563200
2016-03-09,1.7743471419703896,1.7874229083864404,1.7434406613169653,1.7842533588409424,208344000
2016-03-10,1.8127823234793452,1.839726044684674,1.70916677089893,1.777517557144165,343454400
2016-03-11,1.8349710804148245,1.8716233085129195,1.8193201344026044,1.8696424961090088,169660800
2016-03-14,1.8508209596235032,1.8944066568146443,1.8486414196945173,1.8805387020111084,157166400
2016-03-15,1.8615193528504992,1.8845014483375782,1.8426978364964028,1.8793500661849976,193118400
2016-03-16,1.8627083386526717,1.9433427105943504,1.8627083386526717,1.9272953271865845,176457600
2016-03-17,1.912634086284664,1.9389835541559348,1.8902463571313723,1.9217472076416016,127507200
2016-03-18,1.9375967371626925,1.9490873316680077,1.9041150765000368,1.9328420162200928,147537600
2016-03-21,1.9245212260217857,1.9623619693790006,1.920757307840891,1.9558242559432983,136008000
2016-03-22,1.9241243941999944,1.988116888773381,1.922341175591137,1.9732580184936523,127214400
2016-03-23,1.9627574920176063,1.9671167987158635,1.9128316744556906,1.9263041019439697,154454400
2016-03-24,1.8950013053729038,1.9292760665615876,1.8880678370851331,1.9257100820541382,127022400
2016-03-28,1.9451258135085925,1.9455214545605597,1.9094643842015677,1.9187754392623901,129384000
2016-03-29,1.9082758375567148,2.0148633614152582,1.898964101381917,2.010504961013794,179793600
2016-03-30,2.047156121384463,2.078459151266341,2.0275423009169877,2.0406181812286377,209884800
2016-03-31,2.0360616655043833,2.0588449177107186,2.0221926920305857,2.028730630874634,118521600
2016-04-01,1.997824216181916,2.0986668698888855,1.986531556660805,2.0962893962860107,163022400
2016-04-04,2.0931202690817665,2.1000538508902005,2.0578547039247868,2.070336103439331,136632000
2016-04-05,2.0229862979449424,2.0469582929613352,2.0041648922673128,2.014665365219116,146841600
2016-04-06,2.02080662535152,2.1127338807638343,2.018825699344339,2.1111485958099365,182088000
2016-04-07,2.075290039647068,2.0855919007162997,1.9936646195934062,2.020015001296997,252225600
2016-04-08,2.0566657901323095,2.0709301807153655,1.994258571192538,2.0152597427368164,166243200
2016-04-11,2.041411334112269,2.0713267870176963,1.9920797673630208,1.9936641454696655,137059200
2016-04-12,1.9974290173936955,2.054090714860031,1.960182527311767,2.040222644805908,182424000
2016-04-13,2.0899490765322266,2.1299698049224007,2.081628146000261,2.119865655899048,162182400
2016-04-14,2.120460336146136,2.144630034228093,2.1046104357332407,2.1212522983551025,111240000
2016-04-15,2.1143177603791927,2.1293754714938897,2.0889593260421906,2.1050069332122803,83092800
2016-04-18,2.0875721135449203,2.1404696591705377,2.0834116477133584,2.136111259460449,101462400
2016-04-19,2.157508766286457,2.1594896928092955,2.0653837797305,2.099261999130249,158582400
2016-04-20,2.0964877518803355,2.1327434419891196,2.077072769517319,2.1044132709503174,107769600
2016-04-21,2.1032239413250595,2.12699799782535,2.0764779293749105,2.1050069332122803,133473600
2016-04-22,2.024174974105269,2.0515152455898997,1.9609746578490745,2.009711742401123,201321600
2016-04-25,1.987720995936969,2.009316426583118,1.9797966101596978,2.0081276893615723,96950400
2016-04-26,2.0198152305567434,2.0320986913386814,1.9617671096438911,1.9805876016616821,109315200
2016-04-27,1.9205581496143012,1.9453232352786756,1.8833125744648025,1.9330395460128784,183004800
2016-04-28,1.939380197387487,1.9726639283151974,1.8512177611727965,1.8644914627075195,160771200
2016-04-29,1.8581511647585864,1.8734065845198336,1.7890081881266475,1.8347735404968262,191260800
2016-05-02,1.8462639247363741,1.891831454185989,1.8236784906607955,1.883312702178955,118017600
2016-05-03,1.8438868213401518,1.8686519121359249,1.8163486153585007,1.8331884145736694,145963200
2016-05-04,1.7995086600533774,1.818131448698291,1.7826679564462546,1.7969324588775635,155145600
2016-05-05,1.8139713261822585,1.8274436422156,1.7832626622641519,1.7959429025650024,143976000
2016-05-06,1.7672148274085397,1.8234807650620177,1.7622621724474048,1.8218954801559448,156849600
2016-05-09,1.8236785738577284,1.8629059860803803,1.8211032794512838,1.8379430770874023,118540800
2016-05-10,1.8575567332543659,1.916200142856384,1.8480470646902711,1.9150114059448242,116481600
2016-05-11,1.905699664161661,1.922540370199421,1.8599343080698976,1.862708330154419,127065600
2016-05-12,1.877369008002722,1.8807363776617245,1.798121096464091,1.836556315422058,184742400
2016-05-13,1.8353675611966596,1.8654818489178246,1.8058476418755294,1.814367413520813,155966400
2016-05-16,1.8216974668143835,1.9043128623485936,1.8197166544408216,1.8843024969100952,117292800
2016-05-17,1.882123909967323,1.8953974957771729,1.798715529935964,1.8119900226593018,187228800
2016-05-18,1.8018863986255118,1.862114083692218,1.7894049988900742,1.8325941562652588,237969600
2016-05-19,1.81020703438727,1.825461432649739,1.7642429582618746,1.8036690950393677,254097600
2016-05-20,1.8256604688798332,1.8852936648716196,1.8224898989800964,1.8638969659805298,125352000
2016-05-23,1.8686518487387354,1.8896520002054862,1.8510189541427065,1.8547838926315308,86928000
2016-05-24,1.8866800777976929,1.9742489262954195,1.8852935203938075,1.9683054685592651,150004800
2016-05-25,1.9908910835570959,2.0277410215728655,1.9797961299377311,2.010702610015869,140846400
2016-05-26,2.0174381907496506,2.0348731496835577,2.0013905827704694,2.0275421142578125,95270400
2016-05-27,2.030910219305002,2.0596371560266156,2.0307125121747185,2.0580527782440186,107140800
2016-05-31,2.069346207158123,2.0800446143787097,2.0396284597072536,2.070336103439331,112948800
2016-06-01,2.0515150264222943,2.0844024315581993,2.045967209665059,2.0711288452148438,100536000
2016-06-02,2.05706256570865,2.0840062916087265,2.0247696360659635,2.082817554473877,104659200
2016-06-03,2.070929771764824,2.074694822838451,2.0140706080110435,2.054287910461426,155529600
2016-06-06,2.063600059099718,2.0927233190387358,2.0548823530300004,2.0762791633605957,85996800
2016-06-07,2.0830160936405506,2.0861855298414915,2.057656522921954,2.061619281768799,77107200
2016-06-08,2.072911417767181,2.083807754829876,2.048542883025272,2.0707318782806396,82262400
2016-06-09,2.0459673139101704,2.0677606737406777,2.034080171011598,2.061619281768799,99729600
2016-06-10,2.006145224595838,2.0164482152154424,1.9698897710284533,1.9922773838043213,161760000
2016-06-13,1.9587958369615042,1.9900979576022466,1.9336342011339824,1.9411629438400269,119049600
2016-06-14,1.925313699589685,1.9611737489375616,1.897973311251782,1.9421544075012207,141729600
2016-06-15,1.9548329063840162,1.9611731383456965,1.9140202138247906,1.9247186183929443,106377600
2016-06-16,1.896388530712414,1.9461156206447334,1.8579533079606616,1.9385877847671509,164361600
2016-06-17,1.9306624562643033,1.9306624562643033,1.8593397156728677,1.8722177743911743,167020800
2016-06-20,1.9393801152181962,1.9639463643799984,1.9031244297979837,1.9058984518051147,139243200
2016-06-21,1.9175867808416216,1.9370026678750192,1.9041152591523194,1.9249178171157837,86414400
2016-06-22,1.9304645544449197,1.962361837358879,1.906888203278782,1.9124362468719482,103296000
2016-06-23,1.9568142011457454,1.9938629831269492,1.9326442728350208,1.9930698871612549,128558400
2016-06-24,1.7830647808333016,1.8692462905859266,1.735516432023429,1.7489887475967407,325502400
2016-06-27,1.7091669797609608,1.7115444539069318,1.620608108379258,1.6471552848815918,235963200
2016-06-28,1.6972795545744184,1.7527523928128383,1.6956943831327052,1.7503750324249268,199468800
2016-06-29,1.7931685073834618,1.8541892745223871,1.789800230688349,1.8413112163543701,208464000
2016-06-30,1.8524060962337063,1.9104542253989554,1.834575497573643,1.9082753658294678,165811200
2016-07-01,1.904907813301812,1.9576076671402984,1.9027282727188155,1.9344278573989868,131424000
2016-07-05,1.909464293004951,1.9130305037838493,1.8694437854573869,1.9001524448394775,130939200
2016-07-06,1.874198368979001,1.9490870848507942,1.8557734025439006,1.9449266195297241,173476800
2016-07-07,1.9536443623736284,1.9772207135965914,1.9366059508906797,1.9633519649505615,126230400
2016-07-08,1.9924752465128528,2.058845220910315,1.9871260436461764,2.0540904998779297,150043200
2016-07-11,2.077468145053606,2.113129575383188,2.075487218996211,2.0891575813293457,142646400
2016-07-12,2.127988247820119,2.138885267302111,2.113723631684512,2.122044563293457,115790400
2016-07-13,2.139280817077929,2.1404695539325562,2.1057991581930606,2.1071856021881104,126412800
2016-07-14,2.148989456818432,2.161470854459438,2.1339317445290193,2.14997935295105,109905600
2016-07-15,2.1638482157196264,2.1676121334572596,2.1248185132252377,2.13789439201355,85416000
2016-07-18,2.143639613290603,2.1927723200038534,2.1418563950688907,2.1804895401000977,83860800
2016-07-19,2.159489241479152,2.177716391729913,2.1464133606792974,2.157904863357544,78667200
2016-07-20,2.1909892986738075,2.2450755705409295,2.1846502010589037,2.231801986694336,90724800
2016-07-21,2.2385379799930485,2.25022741475513,2.199509411203648,2.2185287475585938,112804800
2016-07-22,2.223679055502156,2.2526048339887796,2.201886831664218,2.244283676147461,86803200
2016-07-25,2.2393315800135007,2.246463775348152,2.2228874224895288,2.246264934539795,76243200
2016-07-26,2.2440858649591116,2.2775675217239115,2.218924232008016,2.253793239593506,136353600
2016-07-27,2.3090686450399125,2.317389803908815,2.2706334205878482,2.297775983810425,130564800
2016-07-28,2.310455432628287,2.3314566048439347,2.2886629782699313,2.3227391242980957,87120000
2016-07-29,2.3393810197312486,2.357211622125313,2.316795469110282,2.3379945755004883,102633600
2016-08-01,2.3437385203197594,2.392674432769368,2.335021949077259,2.3746449947357178,105316800
2016-08-02,2.364542004517011,2.371278559772919,2.275785304316266,2.3211541175842285,161107200
2016-08-03,2.3160030004722274,2.3443333921408906,2.3114459866978603,2.343144655227661,85334400
2016-08-04,2.34254963214701,2.370880924183095,2.3253135177086413,2.364145278930664,84028800
2016-08-05,2.402382503498699,2.4477513120442156,2.3922785785802954,2.432497024536133,123480000
2016-08-08,2.4366572595502745,2.4380437036533675,2.4005992833639342,2.4247701168060303,75902400
2016-08-09,2.428930215164368,2.4632040604650753,2.4249674569686914,2.440817356109619,79819200
2016-08-10,2.4426007394229297,2.4463646574542417,2.402184589767751,2.4219961166381836,87720000
2016-08-11,2.4447792731326685,2.4685535578672906,2.4315056867062275,2.453299045562744,68649600
2016-08-12,2.4388356503806823,2.457854986190796,2.4317032294056147,2.457854986190796,68275200
2016-08-15,2.466572190685627,2.505205339785293,2.464194717291851,2.4887611865997314,57254400
2016-08-16,2.474299265111758,2.4764788050147017,2.4461668079020153,2.4495341777801514,62596800
2016-08-17,2.449533976262941,2.4628084682778764,2.4087221912973673,2.4610254764556885,89836800
2016-08-18,2.4532990628166633,2.472912655141543,2.440817665270978,2.4634029865264893,56755200
2016-08-19,2.44993068554517,2.4758845093399446,2.4293260642976797,2.4600346088409424,73617600
2016-08-22,2.4483454368732014,2.4782617929162294,2.435666105780693,2.462412118911743,73243200
2016-08-23,2.492327717211417,2.5065923339778653,2.475290212213964,2.4770734310150146,62654400
2016-08-24,2.473507271367672,2.4842056774819743,2.4061464915144715,2.429326295852661,71198400
2016-08-25,2.410109273029904,2.4400249543926975,2.4017883400198277,2.4178359508514404,58444800
2016-08-26,2.421005589927011,2.475686135862108,2.3853441573042615,2.429525136947632,107313600
2016-08-29,2.4309112594572135,2.458053592391984,2.4295245887679062,2.436260461807251,49833600
2016-08-30,2.4273453271761105,2.4477511092251185,2.3897031992761715,2.41426944732666,65750400
2016-08-31,2.403769192512314,2.414666213495056,2.3764289201094817,2.4079296588897705,71616000
2016-09-01,2.4095143808341253,2.433288436473669,2.3738529572822697,2.4186275005340576,85953600
2016-09-02,2.461620184066829,2.476280215784374,2.421204032658576,2.4469590187072754,90739200
2016-09-06,2.4616202860185474,2.494309761583353,2.4447795798371548,2.492327928543091,65985600
2016-09-07,2.5000547245996447,2.5109519727326393,2.4703369769083268,2.496885061264038,58075200
2016-09-08,2.4764786845476796,2.4778651285150337,2.435071736245161,2.4540910720825195,70065600
2016-09-09,2.394259158138415,2.409118029146466,2.2680580615997314,2.2680580615997314,160915200
2016-09-12,2.233982395721735,2.400005176239383,2.229821702785569,2.3843541145324707,130651200
2016-09-13,2.3524568137909796,2.3750421368498476,2.292030293672982,2.3280880451202393,125308800
2016-09-14,2.334031387467497,2.397230786664791,2.331653913790901,2.3580033779144287,111528000
2016-09-15,2.3615699267224546,2.4790542359370065,2.35958900067935,2.467365026473999,131860800
2016-09-16,2.461223464662675,2.4729126733201814,2.4289305406753865,2.4645917415618896,81523200
2016-09-19,2.4834127433784197,2.506791390043713,2.419222302509749,2.432298183441162,91670400
2016-09-20,2.4566661366236913,2.476478567353031,2.4344771392585263,2.445770025253296,75782400
2016-09-21,2.4764793759872563,2.52818819556179,2.4346758680983043,2.5168955326080322,138600000
2016-09-22,2.5640468487761523,2.586632397107575,2.5549337279646966,2.5757362842559814,78100800
2016-09-23,2.5676128745593623,2.568999318549667,2.517687060477739,2.529376268386841,73065600
2016-09-26,2.485789566514749,2.49470497957881,2.4542888333509114,2.4665725231170654,81883200
2016-09-27,2.463798593904477,2.541064678687479,2.454288925419313,2.536508798599243,82900800
2016-09-28,2.5456221707415216,2.5549339062703753,2.51174373251586,2.5503768920898438,75696000
2016-09-29,2.539480373780818,2.5519617704005557,2.4628085487252283,2.4962902069091797,114830400
2016-09-30,2.5192724884464157,2.5729622232712144,2.5067910908986533,2.547602653503418,79987200
2016-10-03,2.538885752455973,2.549385542568425,2.5091680135309185,2.5418574810028076,81758400
2016-10-04,2.559886297111655,2.578509086060658,2.4996586237021634,2.5273945331573486,112204800
2016-10-05,2.550376754377338,2.578509213155817,2.546810543512358,2.5537450313568115,68856000
2016-10-06,2.54423537772006,2.5662266714268775,2.51352683077655,2.5497825145721436,74529600
2016-10-07,2.5579059912453572,2.56741566199315,2.4966874999769675,2.5331408977508545,90561600
2016-10-10,2.5705847087018814,2.5987171661621176,2.5691982646547395,2.5785090923309326,59889600
2016-10-11,2.5731600014800344,2.5763305712916207,2.437845777338698,2.471921920776367,129643200
2016-10-12,2.4744966089786153,2.489752025689312,2.4416094357705704,2.4667699337005615,82056000
2016-10-13,2.4152606219187027,2.457855407376795,2.3708817106334577,2.4378459453582764,104428800
2016-10-14,2.4707332625778817,2.502630547200345,2.4412132252047094,2.4433929920196533,81811200
2016-10-17,2.4427985661510285,2.455477898623057,2.416844739149517,2.426553249359131,55862400
2016-10-18,2.5111487965413914,2.524621221348904,2.486383713205955,2.4887611865997314,76968000
2016-10-19,2.4842056209589995,2.49965874792339,2.4762801033134574,2.4897525310516357,47054400
2016-10-20,2.4782619770897867,2.496687060111199,2.437251571726715,2.4792520999908447,69950400
2016-10-21,2.484601547414757,2.5119418203461565,2.461223807032925,2.506196975708008,58632000
2016-10-24,2.556915071769197,2.602680431015487,2.554934145522932,2.5975289344787598,68649600
2016-10-25,2.59990555230935,2.603670376560685,2.5614712426066353,2.571575164794922,59712000
2016-10-26,2.5220456126186623,2.5628583126849396,2.498271552216291,2.522244453430176,95308800
2016-10-27,2.5531507995546185,2.559292191542773,2.475685869800834,2.486978530883789,103041600
2016-10-28,2.463402776216517,2.503025825242177,2.4170431740170737,2.4439868927001953,142958400
2016-10-31,2.467761402815764,2.467761402815764,2.4289305391208456,2.430119276046753,56904000
2016-11-01,2.44577034997658,2.44577034997658,2.314417753045258,2.3801934719085693,101923200
2016-11-02,2.3722675505336506,2.388315156297064,2.3023325113194453,2.318181276321411,81763200
2016-11-03,2.308672168440481,2.330465529285208,2.24289757848472,2.2514164447784424,87014400
2016-11-04,2.2306138865342073,2.279747518596649,2.214566276887322,2.2258591651916504,84921600
2016-11-07,2.333634981450156,2.3928725327307947,2.3245218608352616,2.3853437900543213,100963200
2016-11-08,2.3774192844701543,2.464195033938506,2.36156961096054,2.4320998191833496,110587200
2016-11-09,2.345918848025458,2.477073518515832,2.339182973997255,2.4661762714385986,183292800
2016-11-10,2.4960933274585244,2.510159106573044,2.248048330274401,2.348891019821167,247968000
2016-11-11,2.312635235835943,2.3639475079782164,2.290247616861269,2.346909999847412,113563200
2016-11-14,2.3512683843230056,2.3564196542952565,2.2419070588491814,2.2676620483398438,177552000
2016-11-15,2.3251163426009094,2.3942594369347647,2.318578402319525,2.3726646900177,105571200
2016-11-16,2.336806190998926,2.4188270197318285,2.336806190998926,2.4112982749938965,86337600
2016-11-17,2.409712573955401,2.4671671390533447,2.3946559939910577,2.4671671390533447,75537600
2016-11-18,2.4717240546092842,2.487771435593835,2.4319021628634934,2.439429998397827,63057600
2016-11-21,2.4548833086816453,2.5204610893335953,2.453893185881476,2.5127344131469727,83625600
2016-11-22,2.5432451446435658,2.555726545450708,2.517687861050783,2.53532075881958,76680000
2016-11-23,2.510952156537159,2.519470797421492,2.4725166982172957,2.504809856414795,73824000
2016-11-25,2.5166956137892873,2.532743218520437,2.506393758490834,2.5289793014526367,38280000
2016-11-28,2.517489885909863,2.5478021179206642,2.5046119372660836,2.51491379737854,71467200
2016-11-29,2.5170931379800807,2.573953451931161,2.4986682795233865,2.5390844345092773,74582400
2016-11-30,2.544235321536409,2.550376713369743,2.443392883152848,2.4568653106689453,151296000
2016-12-01,2.4443835721549836,2.4445815060280722,2.3074831643179654,2.321946620941162,186384000
2016-12-02,2.3241253867490683,2.3607776180785387,2.3035216710433812,2.3312575817108154,102984000
2016-12-05,2.3689005985778153,2.4146659504731756,2.33621112628924,2.385146141052246,89942400
2016-12-06,2.4035711108057622,2.416052735899016,2.374249914062109,2.4023823738098145,69254400
2016-12-07,2.3883155152865987,2.5034225675452677,2.3675131862044423,2.4915354251861572,148867200
2016-12-08,2.4978757012003343,2.5269989624228755,2.4834124707087257,2.506791114807129,113016000
2016-12-09,2.535121265798096,2.5697925704377695,2.535121265798096,2.5654332637786865,102672000
2016-12-12,2.5303665367952664,2.546612987357498,2.5006487913434845,2.5297722816467285,95150400
2016-12-13,2.557311574921494,2.6692480763983264,2.553745363592559,2.628634214401245,169195200
2016-12-14,2.633784070395967,2.66231307535245,2.5870288246647672,2.6094155311584473,142377600
2016-12-15,2.6165478799951343,2.668653465040388,2.6024821041100203,2.62526535987854,106425600
2016-12-16,2.6375490273904107,2.6545865321387887,2.57890572972366,2.5933680534362793,114753600
2016-12-19,2.6042651440650015,2.6726158135904607,2.5925757092426367,2.6250674724578857,83572800
2016-12-20,2.6456712230482236,2.6696441213635733,2.6409162755056212,2.656766176223755,62784000
2016-12-21,2.6577572655311212,2.66310646872858,2.630812635463337,2.6474545001983643,48288000
2016-12-22,2.6486427920287468,2.6522090024704457,2.596141798725336,2.6244730949401855,65520000
2016-12-23,2.613774805058239,2.63378403754051,2.6052550329399153,2.6325953006744385,32251200
2016-12-27,2.6468599163300714,2.71679587045874,2.644086801584912,2.6710305213928223,75643200
2016-12-28,2.6872764018279365,2.6957959482924876,2.603472369390561,2.609218120574951,91339200
2016-12-29,2.6078314436532293,2.6242746943018123,2.5731601363731382,2.596538782119751,85728000
2016-12-30,2.6113972373891263,2.612981615211231,2.496290193403623,2.5206587314605713,105384000
2017-01-03,2.5678106079833873,2.6129817018535197,2.543244361976648,2.581679582595825,97646400
2017-01-04,2.5935664004584256,2.6401237057878815,2.590198124161215,2.625661611557007,66513600
2017-01-05,2.6234821982299428,2.675587553178628,2.621104724481642,2.6722192764282227,61372800
2017-01-06,2.6771716978075024,2.760975712942085,2.656765919037979,2.7399754524230957,95798400
2017-01-09,2.7467111882741784,2.7815801938644875,2.741164052592397,2.767712354660034,66172800
2017-01-10,2.7665242014857245,2.8097132395234428,2.7520609705973533,2.7835617065429688,66336000
2017-01-11,2.7855438392717,2.806940653435524,2.74473113712289,2.8049588203430176,94104000
2017-01-12,2.777222940966421,2.799015169760866,2.7154099718850024,2.790694236755371,80517600
2017-01-13,2.799807765261682,2.83626138080376,2.7990146693911115,2.822788953781128,58612800
2017-01-17,2.797430497137292,2.813279264183345,2.7720709281106406,2.7962417602539062,55531200
2017-01-18,2.809317679002414,2.8208082742655805,2.7867323562607984,2.8152613639831543,49329600
2017-01-19,2.823185469641786,2.854488496237102,2.7918824430464695,2.807732343673706,59731200
2017-01-20,2.844978780332367,2.8667712313472538,2.805354822976586,2.8259594440460205,56846400
2017-01-23,2.817242651030224,2.844979473280772,2.7803924796125474,2.83229923248291,55250400
2017-01-24,2.847752572369353,2.9036220888339486,2.8358656534630895,2.8913393020629883,51691200
2017-01-25,2.9436421134815207,2.98009550673411,2.9373018803124986,2.9757373332977295,56148000
2017-01-26,2.989209157321925,3.0058510253294974,2.9721716481743905,2.988020420074463,50856000
2017-01-27,3.00347302535612,3.012190505230401,2.9749440187473426,3.002284288406372,33249600
2017-01-30,2.970585488120914,2.9721707729553053,2.8838097351651903,2.9341320991516113,75043200
2017-01-31,2.9040181756268755,2.9178860187530518,2.8643942119858545,2.9178860187530518,59616000
2017-02-01,2.9749439627691605,2.9923789221896566,2.9353209100457365,2.9733595848083496,72511200
2017-02-02,2.9583018335055047,2.9935676196432923,2.933735586486594,2.9658308029174805,57895200
2017-02-03,2.9777179008059074,3.0014921870381626,2.968604779624698,2.9915859699249268,48192000
2017-02-06,2.9769257942448344,3.004266063377056,2.9690002767901884,3.002680778503418,41707200
2017-02-07,3.0185304121610814,3.054587480326116,3.0137756912464924,3.0335872173309326,46634400
2017-02-08,3.0228887465636394,3.0625127047901133,3.006246883629493,3.0506255626678467,36967200
2017-02-09,3.0589465298490985,3.103721077157935,3.054191808981706,3.082324266433716,51525600
2017-02-10,3.103721570028503,3.1263068945098307,3.0878716666161687,3.1128346920013428,47872800
2017-02-13,3.1421563647774864,3.1790063025032285,3.137401417082095,3.1675148010253906,42988800
2017-02-14,3.1694963388844566,3.1984209832121486,3.1397785987389777,3.197232246398926,62664000
2017-02-15,3.1932713305437943,3.2586502826855104,3.1857423600842614,3.252310276031494,73564800
2017-02-16,3.260234443698006,3.2796503301785362,3.2261582989138486,3.2495360374450684,63950400
2017-02-17,3.236064312932318,3.2927260036622346,3.2340824801178245,3.290348529815674,51607200
2017-02-21,3.3133308851968866,3.347406803780147,3.3058019151222706,3.3426520824432373,66729600
2017-02-22,3.332350166306958,3.351369504782114,3.314914979155335,3.343048572540283,43056000
2017-02-23,3.3577086331179586,3.358105181091168,3.2657822831500782,3.306990623474121,62676000
2017-02-24,3.2594422853469216,3.3248212337493896,3.2570648113286933,3.3248212337493896,50731200
2017-02-27,3.307387017610799,3.3367082132391808,3.289159868851824,3.3347272872924805,52437600
2017-02-28,3.335123043293788,3.338293613214071,3.278461576030631,3.3085758686065674,41904000
2017-03-01,3.366426136757712,3.4314087641962243,3.350576461053038,3.415559768676758,63254400
2017-03-02,3.413974032258232,3.413974032258232,3.350576018007835,3.361670970916748,42919200
2017-03-03,3.3537471290144456,3.38386028939972,3.3279910084671718,3.379105567932129,34646400
2017-03-06,3.342652019101876,3.3743504630518126,3.3168968066641535,3.3557276725769043,38774400
2017-03-07,3.334330869348702,3.3838601416139866,3.323235915133123,3.339085817337036,35428800
2017-03-08,3.347406682626922,3.388615021816692,3.33591608758457,3.35612416267395,38652000
2017-03-09,3.355331037162547,3.3787096819169746,3.311348903180097,3.3664259910583496,44172000
2017-03-10,3.4096164383482246,3.4218989965576267,3.364445337023595,3.403276205062866,51456000
2017-03-13,3.4001063959821445,3.4262579282267644,3.396935826230111,3.4230873584747314,33883200
2017-03-14,3.399709607333943,3.4048608759027403,3.3569159878467465,3.397728681564331,53020800
2017-03-15,3.4211067758644473,3.483711700168755,3.3858418949365876,3.4571645259857178,63813600
2017-03-16,3.4809386701051723,3.4809386701051723,3.4302197571880013,3.4551825523376465,38875200
2017-03-17,3.463108685537051,3.4769767572862356,3.4448815328041524,3.4468624591827393,35320800
2017-03-20,3.4468617610392553,3.4817310009197886,3.4314086338973344,3.4571645259857178,36696000
2017-03-21,3.4955984509906424,3.506693403700687,3.29510300822806,3.303027391433716,93568800
2017-03-22,3.305009538275879,3.3771243570985203,3.28955641139854,3.368011236190796,71373600
2017-03-23,3.355728015666267,3.3822763267565508,3.3252180788624,3.34106707572937,59064000
2017-03-24,3.3727661266979765,3.4119935384278097,3.3236322715920688,3.3592936992645264,51686400
2017-03-27,3.2907448696846666,3.3945581224656713,3.266177490338036,3.377124071121216,75259200
2017-03-28,3.37672787566595,3.469843866903655,3.3557276115851256,3.4405226707458496,84000000
2017-03-29,3.4436916818568237,3.490843700048382,3.4357672987200125,3.486088752746582,48170400
2017-03-30,3.484900131231928,3.5150144205924905,3.4734095372385587,3.503523826599121,52927200
2017-03-31,3.4880705855452634,3.523335235483812,3.4765790850181517,3.4952027797698975,54146400
2017-04-03,3.5055053155140143,3.5296761511617465,3.432201979875336,3.4876747131347656,64521600
2017-04-04,3.457164222514429,3.5062969413412857,3.4547867487848616,3.503523826599121,32424000
2017-04-05,3.520561839615156,3.581185837487298,3.442900109984059,3.46350359916687,73360800
2017-04-06,3.4753907202730265,3.49520315397142,3.4413148035117613,3.466277599334717,61651200
2017-04-07,3.463899413458104,3.4936171509839378,3.424672008993137,3.4623141288757324,41575200
2017-04-10,3.4742019833202584,3.5078824857680337,3.4365598557006893,3.466277599334717,48376800
2017-04-11,3.452804737797354,3.4702399221279476,3.3454252785104126,3.422691583633423,85346400
2017-04-12,3.4187293780177277,3.425861573262866,3.3672182728796463,3.37752103805542,68095200
2017-04-13,3.3640481736121717,3.422295145200583,3.335519169602868,3.3375000953674316,61370400
2017-04-17,3.3656334957672613,3.4211064463708576,3.3616709640089977,3.416748046875,36333600
2017-04-18,3.385048634442962,3.434578810049165,3.3787095355865615,3.406841993331909,50755200
2017-04-19,3.4460693350736347,3.47974983566911,3.4044644509284296,3.418729066848755,57568800
2017-04-20,3.4603342171356126,3.5265053528866415,3.444484315175211,3.501542329788208,82492800
2017-04-21,3.5130334518073916,3.5173918512871087,3.4757869684422085,3.499957799911499,54026400
2017-04-24,3.615658556828978,3.637451916780808,3.600205202956287,3.627150058746338,60072000
2017-04-25,3.6632066671293138,3.725812721071846,3.6548857356059226,3.707585573196411,64113600
2017-04-26,3.711151495094317,3.7376998007776163,3.68341467926616,3.6913399696350098,87660000
2017-04-27,3.7190757323470924,3.7563224416968923,3.709962612376762,3.7559258937835693,57676800
2017-04-28,3.801494093677956,3.805852267243623,3.758304144719936,3.7773234844207764,68500800
2017-05-01,3.812192626658328,3.891836426040743,3.8074376782116794,3.872420310974121,64634400
2017-05-02,3.891439195771325,3.900949091551392,3.861721451643799,3.895401954650879,60412800
2017-05-03,3.87162742106147,3.8720241957265187,3.825664136948667,3.856966257095337,73586400
2017-05-04,3.858949028061218,3.876779404610738,3.821305761641701,3.8609297275543213,72607200
2017-05-05,3.888665633544922,3.9029300212860107,3.8470605269030718,3.9029300212860107,54506400
2017-05-08,3.908873864770693,3.9278932014577204,3.88509958054772,3.9263079166412354,61267200
2017-05-09,3.944931252256756,3.9952536197584747,3.9362144523424907,3.969498634338379,75717600
2017-05-10,3.973855816652709,3.9794029522070695,3.9338359974464576,3.9758365154266357,56193600
2017-05-11,3.943742367719861,3.968309750294683,3.888269636859998,3.9663281440734863,62433600
2017-05-12,3.9714803515541357,3.994462454581273,3.961178717511073,3.9920849800109863,58538400
2017-05-15,3.9960460462468714,4.036066331267475,3.9857439607752534,4.029329776763916,69340800
2017-05-16,4.057859127863288,4.080444452290785,4.025368038942472,4.08004903793335,77066400
2017-05-17,3.984158400232749,4.005159797897218,3.7662291086307604,3.7713794708251953,140236800
2017-05-18,3.765832172704097,3.9041187938841935,3.7495868582308116,3.8668723106384277,120384000
2017-05-19,3.90451478927008,3.963950273164408,3.901345126547139,3.9136288166046143,72844800
2017-05-22,3.9409689775463996,4.019819663750895,3.936609897871645,4.015064716339111,65354400
2017-05-23,4.047954062525471,4.049538440792371,3.9948574384825193,4.024971961975098,68858400
2017-05-24,4.058652108130435,4.085199284141439,4.0269523022852365,4.0804443359375,64941600
2017-05-25,4.1252191010284855,4.214372329179544,4.099463210089399,4.187824249267578,87504000
2017-05-26,4.184655082491315,4.2100137483079365,4.168805406217002,4.205655574798584,54856800
2017-05-30,4.195352821622215,4.229825510603782,4.190993741892929,4.214372158050537,55192800
2017-05-31,4.252806213691742,4.261920239853002,4.145029986221227,4.2092204093933105,96902400
2017-06-01,4.2341852711916825,4.263110834608033,4.182278511112261,4.259544849395752,74092800
2017-06-02,4.3015430366264,4.408131201368654,4.282920024600383,4.404960632324219,83244000
2017-06-05,4.401394844055176,4.424376936078784,4.382771831204113,4.401394844055176,51477600
2017-06-06,4.385547273212891,4.428340899725839,4.329280991279626,4.351469993591309,77733600
2017-06-07,4.382376423622275,4.410113014835231,4.325318409730227,4.399018287658691,81410400
2017-06-08,4.4263582370200325,4.433094790540929,4.341564091513833,4.410904884338379,92563200
2017-06-09,4.426755436270274,4.443000526000614,3.909270086783781,4.091935634613037,233138400
2017-06-12,3.9782145212594306,4.036065625197582,3.860532521257574,4.017838478088379,166449600
2017-06-13,4.080443288097642,4.12799185101313,4.01942343346294,4.111746311187744,126492000
2017-06-14,4.160086843922958,4.160086843922958,3.95959185850828,4.056669235229492,139012800
2017-06-15,3.9326490326882446,4.0154620446880775,3.8585523683971763,4.001989841461182,141158400
2017-06-16,3.9940637082733086,3.996837956268971,3.905702685278421,3.9540443420410156,93856800
2017-06-19,4.064198159308065,4.158898520101907,4.04597101184914,4.145427227020264,110944800
2017-06-20,4.135522330120431,4.1501834983867845,4.04597230250865,4.051520347595215,85939200
2017-06-21,4.076481715380104,4.173162772078021,4.0681607843199385,4.169201374053955,83589600
2017-06-22,4.18782386194359,4.210409181075215,4.132746554596304,4.1644463539123535,68445600
2017-06-23,4.149785954410979,4.227844462970146,4.11610544992203,4.211202144622803,68786400
2017-06-26,4.2805428196318385,4.305902385553794,4.126010671364594,4.155332088470459,105681600
2017-06-27,4.106992042997565,4.1204646973136105,3.9267048835754395,3.9267048835754395,144088800
2017-06-28,3.967913431761567,4.104218465180924,3.900553330812508,4.091538906097412,120861600
2017-06-29,4.041216062931425,4.043990311317174,3.764246948388472,3.883117914199829,231564000
2017-06-30,3.916798341401301,3.946912403492584,3.8470607759280213,3.8696465492248535,98616000
2017-07-03,3.938592036282608,3.9508748207528135,3.7547377480691813,3.764247417449951,81684000
2017-07-05,3.7931725112683963,3.9025340359112253,3.7583035010602264,3.8716273307800293,114033600
2017-07-06,3.782077543283326,3.8312111689938866,3.725812630030258,3.7693982124328613,106324800
2017-07-07,3.8066448601456684,3.9187792771963403,3.803871065100624,3.8823258876800537,89623200
2017-07-10,3.896987399791461,3.992084094217632,3.8656843694425236,3.963554859161377,92114400
2017-07-11,3.9461197813616398,4.011103314175539,3.9017422321921487,3.9960458278656006,108571200
2017-07-12,4.096293738590744,4.150974278914144,4.074104737548791,4.1382951736450195,105307200
2017-07-13,4.154541333724551,4.194957489849414,4.12918175904871,4.16563606262207,91476000
2017-07-14,4.2147683768339315,4.278562944897165,4.181484195219619,4.263505458831787,84636000
2017-07-17,4.277374470893232,4.314224183534999,4.244882478010366,4.265882968902588,100663200
2017-07-18,4.25716561953953,4.35503563950713,4.2199191370133,4.350677013397217,84182400
2017-07-19,4.388319310435342,4.447754790517597,4.385149647915696,4.430320739746094,104234400
2017-07-20,4.462812507199079,4.471925627510606,4.385942065425159,4.446962833404541,108460800
2017-07-21,4.39188489796773,4.440621969100621,4.3716770542218235,4.4402265548706055,86916000
2017-07-24,4.439038701079556,4.509568464705744,4.422396836550752,4.498077869415283,88732800
2017-07-25,4.456473077192805,4.497680962605155,4.429529128435541,4.467963218688965,94180800
2017-07-26,4.496492183360772,4.516304616061975,4.47747284653054,4.507983684539795,60607200
2017-07-27,4.598721469654905,4.610212971285682,4.265882835312874,4.427546977996826,188956800
2017-07-28,4.349488267573256,4.433490215747316,4.321751227681268,4.4132819175720215,70022400
2017-07-31,4.449341617707662,4.466380260120346,4.326507856625167,4.355830192565918,88716000
2017-08-01,4.399414986472629,4.402981424398515,4.344734441815181,4.3843584060668945,61156800
2017-08-02,4.467171115076813,4.471529287886347,4.296788822950389,4.416452884674072,110366400
2017-08-03,4.433095662769197,4.434680040975518,4.343149323939408,4.370489597320557,72640800
2017-08-04,4.396244694290627,4.420810711717537,4.337204630257703,4.387526988983154,71488800
2017-08-07,4.413282286657283,4.472322354927573,4.394262950378782,4.4651899337768555,54837600
2017-08-08,4.4453782237128605,4.556721371470299,4.410510115057104,4.448548793792725,103886400
2017-08-09,4.3395830098534764,4.436661763982132,4.308676300755727,4.4311137199401855,99081600
2017-08-10,4.356620919464863,4.364545075851379,4.133143384922777,4.143445014953613,163382400
2017-08-11,4.163653808113923,4.266279240893464,4.134332385450279,4.238146781921387,105271200
2017-08-14,4.3368106125081844,4.422001099155592,4.335621648623832,4.402981758117676,95488800
2017-08-15,4.427546747169351,4.436661227902389,4.374848270632529,4.410904884338379,72297600
2017-08-16,4.441811137421689,4.495303157829328,4.389904401660725,4.433886528015137,99052800
2017-08-17,4.379998954014938,4.401395765927659,4.160484151479161,4.161276340484619,158582400
2017-08-18,4.167616951480216,4.23616556661115,4.1010490357710685,4.146616458892822,129852000
2017-08-21,4.15374836448181,4.177918063828008,4.057462714117399,4.139087200164795,86481600
2017-08-22,4.200107471142089,4.33601615797673,4.198125865289009,4.323336601257324,94264800
2017-08-23,4.252411931575528,4.304715460383901,4.2468643402708945,4.274997711181641,84076800
2017-08-24,4.306299341914382,4.322941206994797,4.1644471674752666,4.239336013793945,97180800
2017-08-25,4.28252415413842,4.318582125506671,4.194956220250927,4.210805892944336,92620800
2017-08-28,4.247656345367432,4.278562597078836,4.2084287088363315,4.247656345367432,66242400
2017-08-29,4.137106553187889,4.318978997158603,4.1272003364456324,4.299959659576416,85123200
2017-08-30,4.307488248964885,4.469549194711354,4.299960411699329,4.448944568634033,106248000
2017-08-31,4.4850014221821874,4.591588696632121,4.477869001090005,4.575343608856201,106176000
2017-09-01,4.610213707167516,4.627647762637518,4.536909233343445,4.572175025939941,71001600
2017-09-05,4.528587767255127,4.559890796765361,4.345526351979018,4.449737071990967,129235200
2017-09-06,4.485793150326118,4.518284682910629,4.392281764089042,4.488170623779297,85557600
2017-09-07,4.514324386471662,4.552759393058302,4.469549599008573,4.515909671783447,73970400
2017-09-08,4.498869880966198,4.506795398589085,4.388319838435351,4.404566287994385,82646400
2017-09-11,4.504021684813229,4.573759264940913,4.502436399717701,4.544834613800049,85279200
2017-09-12,4.588419911998375,4.603081078180502,4.519871296676525,4.583268642425537,73418400
2017-09-13,4.5567203108580685,4.603475779146519,4.5384931647959155,4.6022868156433105,51604800
2017-09-14,4.551569726716846,4.588816213318261,4.5131342764335125,4.524625778198242,73576800
2017-09-15,4.519870215532962,4.616551269374926,4.496491800869997,4.5610785484313965,79264800
2017-09-18,4.58089118915321,4.624873780986411,4.507191303922595,4.549984931945801,91509600
2017-09-19,4.571380509199214,4.590796165064872,4.524625041495914,4.569399356842041,56942400
2017-09-20,4.567022782804365,4.580495437708674,4.424377971166982,4.5313615798950195,107306400
2017-09-21,4.517888944381282,4.5194742291923005,4.398225788184302,4.444189071655273,84890400
2017-09-22,4.400208085464677,4.450927241790187,4.388717487151862,4.433096408843994,62167200
2017-09-25,4.378809574624699,4.385546581457416,4.225862696276855,4.294015884399414,135520800
2017-09-26,4.35622400311097,4.379998285324036,4.278165963854888,4.323336601257324,95090400
2017-09-27,4.392282029253506,4.487775480470497,4.3586015311807484,4.440622329711914,111348000
2017-09-28,4.408529019917722,4.4457759711969125,4.376038378255862,4.433096408843994,64536000
2017-09-29,4.460039057479728,4.536513183973215,4.424377855502655,4.527003288269043,88248000
2017-10-02,4.550381272193242,4.595156053296343,4.479058860828335,4.539682865142822,92205600
2017-10-03,4.556721436355903,4.5836653874797655,4.527003689829481,4.568212032318115,62738400
2017-10-04,4.541663631144859,4.608627863187491,4.529380846967857,4.580098628997803,90153600
2017-10-05,4.633589901517934,4.719573457798961,4.61417424514942,4.712044715881348,94291200
2017-10-06,4.667666938439601,4.731065191158805,4.665686239010532,4.729084491729736,85960800
2017-10-09,4.750876058912164,4.765140448397037,4.698177127406487,4.717196464538574,68851200
2017-10-10,4.761970307255796,4.777423203900325,4.664099392252605,4.727100849151611,71757600
2017-10-11,4.72115879397656,4.77068897461347,4.701347265869971,4.768311500549316,59788800
2017-10-12,4.748103662391329,4.797632936231468,4.7255183389138065,4.742555618286133,66180000
2017-10-13,4.797235813841314,4.811896978451752,4.780593950015908,4.795651435852051,48873600
2017-10-16,4.831707835571165,4.847557508205426,4.799612622588578,4.845180034637451,57079200
2017-10-17,4.839237711760662,4.863804188626911,4.816652387755986,4.86221981048584,60189600
2017-10-18,4.875690242748085,4.876483338591881,4.823387181621163,4.843595027923584,57900000
2017-10-19,4.76038664228526,4.790500710461354,4.688271588553637,4.790104389190674,80680800
2017-10-20,4.847558908456048,4.859049504987563,4.810709191149935,4.8249735832214355,66554400
2017-10-23,4.855483151132904,4.856671661441471,4.712442466552309,4.73502779006958,61456800
2017-10-24,4.757613333764377,4.785349474511455,4.703724976993589,4.75919771194458,58872000
2017-10-25,4.727101858630179,4.773858240054527,4.595155459987205,4.7013468742370605,89191200
2017-10-26,4.694610781356096,4.725912899492093,4.651024066922513,4.6577606201171875,72768000
2017-10-27,4.879257503436883,5.087281726382806,4.86697471856197,5.059149265289307,147818400
2017-10-30,5.046469180232567,5.154245425543543,5.035374453380479,5.095206260681152,96556800
2017-10-31,5.1407727196189805,5.1728679361946845,5.099961157050566,5.149094104766846,60196800
2017-11-01,5.213681161865241,5.220813130325003,5.085697062802963,5.142358303070068,83064000
2017-11-02,5.126904573545192,5.134036540851895,5.010411088482935,5.116206169128418,91780800
2017-11-03,5.170491449108169,5.264796417670421,5.118188375145819,5.258852958679199,86700000
2017-11-06,5.249739372992404,5.320665006794037,5.24339913981306,5.312344074249268,76096800
2017-11-07,5.300456512653561,5.344835418770549,5.268361296688646,5.321061134338379,93321600
2017-11-08,5.315910328225936,5.390798718538593,5.296098800688787,5.387629508972168,68863200
2017-11-09,5.256475176900557,5.309570436881683,5.137207415477929,5.3012495040893555,163195200
2017-11-10,5.265587674255765,5.3119472810165735,5.235869931105834,5.299664497375488,66436800
2017-11-13,5.24379533623393,5.33889248326479,5.239436255980598,5.315513610839844,75144000
2017-11-14,5.262021541595459,5.279456955571242,5.184359809216356,5.262021541595459,91000800
2017-11-15,5.1946620196554285,5.22834252431891,5.101942345066994,5.184755802154541,80668800
2017-11-16,5.266380755537339,5.416950170058537,5.263606507000861,5.37891149520874,80853600
2017-11-17,5.3844593991337995,5.395157806300751,5.304420186204905,5.3186845779418945,69352800
2017-11-20,5.327005563936542,5.345231808244129,5.284211934842755,5.305608749389648,50059200
2017-11-21,5.379703814941581,5.483914532276965,5.374156678104122,5.472819805145264,70742400
2017-11-22,5.492235219974376,5.512046745981813,5.461328967328716,5.494612693786621,60117600
2017-11-24,5.515613576265888,5.560784221545435,5.505311491316925,5.556426048278809,39952800
2017-11-27,5.549292911943296,5.587727451569957,5.510857918859898,5.547311305999756,66837600
2017-11-28,5.584955065783113,5.6008038336458155,5.496197249801485,5.5881242752075195,70305600
2017-11-29,5.574256864783356,5.574256864783356,5.220813140054144,5.300853252410889,208288800
2017-11-30,5.367421412257975,5.461725012476621,5.327401127495577,5.432404041290283,118780800
2017-12-01,5.327402250732996,5.437556457183763,5.122943970723557,5.359893798828125,170294400
2017-12-04,5.4648954960191976,5.477178280602655,5.158604013316882,5.1748504638671875,165444000
2017-12-05,5.165735951916682,5.360684271135683,5.109471036331559,5.182377815246582,115480800
2017-12-06,5.124924518710857,5.275890722942921,5.105905179391839,5.250927925109863,94759200
2017-12-07,5.2540974269535425,5.349194120628918,5.233889124478073,5.302834510803223,76156800
2017-12-08,5.4205163151149796,5.459347180100311,5.349193911017462,5.3729681968688965,88401600
2017-12-11,5.381290409877201,5.50293520979638,5.378912935380438,5.496198654174805,71568000
2017-12-12,5.488272671951847,5.52433064827414,5.441120875479085,5.475593566894531,73377600
2017-12-13,5.5378016058069965,5.558406227232888,5.483121069719877,5.502933502197266,83342400
2017-12-14,5.535029228401116,5.5746522831843635,5.474008454355889,5.495008945465088,71246400
2017-12-15,5.559198970954095,5.698278252266891,5.529085811857295,5.673711776733398,111669600
2017-12-18,5.785450301037767,5.836168536786104,5.761279693426602,5.819526672363281,81081600
2017-12-19,5.788224102311621,5.806846664581071,5.671333832233463,5.724825859069824,98868000
2017-12-20,5.779507502267681,5.78188497652176,5.63012657320061,5.701052665710449,71150400
2017-12-21,5.721260525307627,5.773563594460213,5.6788632202294815,5.698278427124023,66518400
2017-12-22,5.674107984750864,5.685598578885671,5.631314364005404,5.679258346557617,42492000
2017-12-26,5.588521235780686,5.607540574070773,5.523142288749559,5.587332725524902,48866400
2017-12-27,5.587728139848841,5.632107049315839,5.571086275527113,5.587332725524902,45196800
2017-12-28,5.6368610949494835,5.642012817170307,5.586143317004548,5.602388858795166,46730400
2017-12-29,5.623388593600427,5.623388593600427,5.49263071695105,5.496593475341797,68558400
2018-01-02,5.582973228768203,5.7906020267501095,5.542953852649798,5.778714656829834,91735200
2018-01-03,5.802092499655328,5.969700557614974,5.801300310648542,5.947906970977783,85224000
2018-01-04,6.017645656125189,6.039042468804546,5.961776150411668,5.982776641845703,70024800
2018-01-05,6.066381921456182,6.176535179585782,6.035078895693675,6.163459300994873,82380000
2018-01-08,6.162668131504376,6.244689400431148,6.156724673013535,6.232008934020996,72252000
2018-01-09,6.270047684860819,6.291049084091846,6.181291220817837,6.236763954162598,104169600
2018-01-10,6.149987916054598,6.194763147532367,6.070740898539073,6.192385673522949,95853600
2018-01-11,6.223687065192277,6.316406726837158,6.194762419604146,6.316406726837158,74839200
2018-01-12,6.295010234140959,6.4749019766458265,6.277179406994877,6.450335502624512,89560800
2018-01-16,6.580697805775609,6.683323246747133,6.342955835644737,6.400410175323486,165021600
2018-01-17,6.485600201927139,6.634981101447571,6.3980322604160005,6.602093696594238,82624800
2018-01-18,6.573167915740238,6.652415829904679,6.526412444467085,6.608433246612549,94394400
2018-01-19,6.665095007615137,6.700359885420812,6.5715836105776475,6.671830654144287,84948000
2018-01-22,6.655982144472617,6.880251884460449,6.638943506522601,6.880251884460449,103862400
2018-01-23,6.946424315922618,7.071635542077584,6.935725908461263,7.054596900939941,129343200
2018-01-24,7.093030475490645,7.14255974341371,6.793476033796247,6.91155481338501,209073600
2018-01-25,7.055782701591907,7.06093442288592,6.837853237018609,6.902835845947266,133300800
2018-01-26,7.0133866120673884,7.211109161376953,6.976933226003466,7.211109161376953,106437600
2018-01-29,7.168317120412924,7.21705420640263,7.06925766337671,7.115617275238037,132348000
2018-01-30,6.9174993629786545,7.027256321456242,6.826364062692068,6.93374490737915,132506400
2018-01-31,7.054991221659108,7.095011044604928,6.894515608701334,7.019330024719238,110997600
2018-02-01,6.864006485091804,7.060935960433305,6.770890496805423,6.843798637390137,127968000
2018-02-02,6.767324223345146,6.808532559428263,6.415466267995546,6.42576789855957,190185600
2018-02-05,6.250633122899487,6.563263950054368,5.650730135196898,5.684014320373535,230628000
2018-02-06,5.42130804561493,6.141666261285605,5.350381968747236,6.122251510620117,239383200
2018-02-07,6.0647979911852845,6.26014311783635,5.880151271820068,5.880151271820068,176112000
2018-02-08,5.94077476808999,5.949095699801853,5.151075723697886,5.151471138000488,216405600
2018-02-09,5.357117446751056,5.513631199347413,4.802386639976971,5.393967151641846,320344800
2018-02-12,5.578217978397442,5.800507022559643,5.437554780834759,5.6959004402160645,175056000
2018-02-13,5.596049226588764,5.80882839133824,5.561973307985775,5.765242576599121,108055200
2018-02-14,5.678863534632537,6.1266108974384235,5.67292007585882,6.102836608886719,168115200
2018-02-15,6.260537607422664,6.430127267280542,6.069552043067285,6.421806335449219,190375200
2018-02-16,6.375050414812595,6.556526537341159,6.314029643368829,6.3500871658325195,170553600
2018-02-20,6.2771792894443,6.547413219358806,6.2712358316591645,6.381785869598389,145869600
2018-02-21,6.473316334642829,6.665094982360172,6.319972680708139,6.324331760406494,177477600
2018-02-22,6.416258597895993,6.512148379278391,6.277179326918361,6.325520992279053,166603200
2018-02-23,6.4689582560189605,6.706700206540027,6.400805515167532,6.7023420333862305,142768800
2018-02-26,6.8077406611884745,6.974556525578111,6.793079496754139,6.971385955810547,133951200
2018-02-27,6.983669976187599,7.020916463950315,6.713040611968198,6.721757411956787,173308800
2018-02-28,6.833892190543045,6.900459642807191,6.57990471126866,6.586640357971191,153014400
2018-03-01,6.601301022564295,6.689265278818457,6.089362890664319,6.269650936126709,251916000
2018-03-02,6.049740570600714,6.472127852033596,5.974454955310714,6.442014694213867,193399200
2018-03-05,6.351277071388845,6.701154395650966,6.274802935131935,6.644096374511719,148881600
2018-03-06,6.743154472275493,6.802986284874207,6.609226456123299,6.728097438812256,142060800
2018-03-07,6.581093227687289,6.795456748624834,6.546620991356359,6.778419017791748,133764000
2018-03-08,6.8541012379103785,6.903235100211487,6.780004576638526,6.87946081161499,115168800
2018-03-09,7.035577463208523,7.280055999755859,7.004670751654666,7.280055999755859,147348000
2018-03-12,7.350188151802246,7.455983235896926,7.304223963243889,7.389019012451172,132679200
2018-03-13,7.350189585767261,7.4559846905017455,7.047464077232542,7.1207685470581055,182292000
2018-03-14,7.210713220177365,7.232506352864607,7.005462812064815,7.096597194671631,133622400
2018-03-15,7.117993719367732,7.203977282984151,6.9991227508907805,7.0648980140686035,110896800
2018-03-16,7.105314298823264,7.159202194120902,7.0054626652343845,7.018142223358154,78268800
2018-03-19,6.834684718249927,6.834684718249927,6.382182886443172,6.57752799987793,194232000
2018-03-20,6.579112885207707,6.672625209614255,6.50501712952483,6.625869274139404,92193600
2018-03-21,6.577527801919591,6.759796122328568,6.448353831098864,6.529979228973389,132496800
2018-03-22,6.2763884007291555,6.403184006906732,6.030722253852744,6.052910804748535,205879200
2018-03-23,6.030721442638419,6.082231413851874,5.563953876495361,5.563953876495361,217598400
2018-03-26,5.903924102596561,6.214573704992373,5.64161570841744,6.19000768661499,183504000
2018-03-27,6.335426374222034,6.335426374222034,5.435177287747305,5.596445560455322,273614400
2018-03-28,5.498574350596846,5.659049972851752,5.26994644645301,5.403477668762207,242289600
2018-03-29,5.485498041860694,5.852413900837277,5.330570021600077,5.702636241912842,197073600
2018-04-02,5.567916102339342,5.646370922279055,5.023090535604406,5.19624662399292,244953600
2018-04-03,5.339286710017842,5.436365441688048,5.087280414734366,5.370589733123779,221805600
2018-04-04,5.057168830575885,5.673316522070609,5.040130641613425,5.624579429626465,216729600
2018-04-05,5.792185793864495,5.814771114145629,5.593275630689025,5.7129387855529785,183355200
2018-04-06,5.535029521336891,5.69867483215372,5.207341218072609,5.2865891456604,232291200
2018-04-09,5.426063649394367,5.71610867765534,5.370987239577536,5.392384052276611,175891200
2018-04-10,5.644390671581588,5.806847007356608,5.5330475314908,5.748600482940674,194875200
2018-04-11,5.650333556561236,5.83933840773041,5.634880204251199,5.651917934417725,143440800
2018-04-12,5.765242513340652,5.913831237911287,5.74503466445831,5.850037574768066,142766400
2018-04-13,5.943945737941308,5.968908534757292,5.692334803196984,5.763261795043945,142485600
2018-04-16,5.880943919283974,5.9590024276605105,5.776337328629462,5.890453815460205,118298400
2018-04-17,6.067174780668483,6.312840892323063,6.036664847375779,6.267274379730225,124147200
2018-04-18,6.276386990785022,6.377427585193447,6.185253066092203,6.310859680175781,118089600
2018-04-19,6.219725299401374,6.259744668878654,6.072325111048268,6.139288425445557,129019200
2018-04-20,6.092137183349858,6.102043399773635,5.781091691617997,5.844885349273682,140812800
2018-04-23,5.926113952922392,5.995851062868531,5.705806083533341,5.798922061920166,123333600
2018-04-24,5.875395601927233,5.907490819843798,5.315910188803691,5.429234027862549,213019200
2018-04-25,5.455385612539716,5.515613287579065,5.2255678254029565,5.4506306648254395,210816000
2018-04-26,5.657861633492706,5.844489018931568,5.603577417678822,5.788619518280029,141993600
2018-04-27,6.041814708974266,6.048551262508423,5.702636765911576,5.8020920753479,164858400
2018-04-30,5.840923592058885,5.947511788176091,5.631710412296616,5.678466796875,161124000
2018-05-01,5.62893743035826,5.870641239608213,5.592087263745629,5.8631134033203125,116978400
2018-05-02,5.90194426492781,5.953455143208525,5.74543093079757,5.7608842849731445,143652000
2018-05-03,5.684013720573048,5.824281055214984,5.48589572934342,5.761279582977295,196072800
2018-05-04,5.688372033371284,6.12779790174548,5.6733145493143615,6.0854010581970215,185932800
2018-05-07,6.1757429854280295,6.297387290734812,6.1567236493455635,6.230027198791504,139063200
2018-05-08,6.19674396025907,6.2581601460622265,6.08262748135301,6.209423065185547,126715200
2018-05-09,6.25261283574245,6.432900443204772,6.185253193840202,6.417447090148926,114996000
2018-05-10,6.478468278655013,6.63062298486404,6.464203888312116,6.617150783538818,119006400
2018-05-11,6.5834706085657375,6.641717581986922,6.510166150193687,6.597338676452637,119697600
2018-05-14,6.638943560558476,6.755437511383823,6.597338902018544,6.626659870147705,109183200
2018-05-15,6.4689594520142935,6.480054634663566,6.3057099914638775,6.412298202514648,174520800
2018-05-16,6.426957849889693,6.577528188585136,6.425373471743624,6.5303754806518555,89712000
2018-05-17,6.463807498347531,6.604868392507561,6.360786189917482,6.4566755294799805,103219200
2018-05-18,6.382973966042139,6.446768979985945,6.327104922335058,6.3532562255859375,85466400
2018-05-21,6.499073327220866,6.586641281195432,6.379409245868023,6.46420431137085,116892000
2018-05-22,6.547016413877238,6.581489103708243,6.402390461292585,6.430522918701172,96943200
2018-05-23,6.288275704865519,6.596151594569396,6.281935471167694,6.592188835144043,123045600
2018-05-24,6.590206341926268,6.622301557892235,6.3881260578881,6.586640357971191,71110400
2018-05-25,6.589018537661544,6.675794299700111,6.546224911788977,6.603282928466797,63081600
2018-05-29,6.51293977120873,6.630621763408314,6.398823762573768,6.518883228302002,94451200
2018-05-30,6.585452831902714,6.690058973508701,6.5438477145636,6.657963752746582,70806400
2018-05-31,6.648453640131455,6.773268072666411,6.590206663104859,6.643698692321777,81056800
2018-06-01,6.734040944346929,6.963461963368766,6.734040944346929,6.952763557434082,77171200
2018-06-04,7.001501689806457,7.144146519063189,6.991991792679019,7.131071090698242,64049600
2018-06-05,7.1881282237386595,7.2404312910977895,7.109673395971566,7.204770088195801,55900000
2018-06-06,7.227355170618809,7.329584281407532,7.117994091560871,7.323640823364258,57628000
2018-06-07,7.333150507202223,7.336716944911143,7.040728008651422,7.153655529022217,78452000
2018-06-08,7.040728876819772,7.179808174740321,6.99318075158688,7.148901462554932,49320800
2018-06-11,7.131070208404118,7.258262119277182,7.127503770694162,7.204770088195801,40836000
2018-06-12,7.2344870495160745,7.337904662770955,7.211901275806829,7.318885326385498,47848000
2018-06-13,7.3462252384519005,7.480549550240688,7.26777042297796,7.310564041137695,72247200
2018-06-14,7.415171591352371,7.567326295146682,7.394963289685246,7.532853603363037,90452800
2018-06-15,7.446078480172449,7.499570514489716,7.3462268339324925,7.457965850830078,77689600
2018-06-18,7.310564913260729,7.459153631009931,7.241619530565845,7.4413228034973145,68726400
2018-06-19,7.154843807169765,7.377132856447726,7.087087387836803,7.374755382537842,107633600
2018-06-20,7.472229326462982,7.6231950609314545,7.45677597323024,7.529287338256836,79644800
2018-06-21,7.581590037551066,7.606553284943292,7.2903565347236405,7.334338665008545,102280800
2018-06-22,7.408038942084108,7.415171363651743,7.204769688702618,7.260639190673828,62227200
2018-06-25,7.08708639050574,7.1168041300120874,6.596149660349726,6.797041416168213,171306400
2018-06-26,6.862421656778096,6.9872360957377415,6.787532812019588,6.871931552886963,94165600
2018-06-27,6.95870626705286,7.051425472876225,6.575941621955607,6.596149921417236,131838400
2018-06-28,6.56405551750183,6.824382794777965,6.522450403335424,6.757814884185791,111300000
2018-06-29,6.855288536752272,6.9610840796366364,6.782777626860197,6.788721084594727,78536000
2018-07-02,6.616358761329758,6.949197416281777,6.571187661738823,6.940876483917236,83296800
2018-07-03,7.015764587934111,7.022897009260738,6.684114478282415,6.7019453048706055,56425600
2018-07-05,6.833892979819826,6.964650879117719,6.726908914243868,6.948009014129639,65622400
2018-07-06,6.990802029698061,7.285601985975393,6.956329338972984,7.260639190673828,75012000
2018-07-09,7.379510123233642,7.471040372182862,7.297488862743501,7.462719440460205,72377600
2018-07-10,7.494814201050975,7.530475399614546,7.403283504215205,7.4805498123168945,66784000
2018-07-11,7.310565591325153,7.448455916047647,7.285602793257582,7.371189594268799,79829600
2018-07-12,7.46153255731234,7.740879673130435,7.4460792006904954,7.734935760498047,81352000
2018-07-13,7.736123386724462,7.801501879807197,7.677875955122807,7.7575201988220215,67876000
2018-07-16,7.763462930414996,7.805068496356485,7.66480071240975,7.705216407775879,55560000
2018-07-17,7.4650970627538955,7.893032840439474,7.462719588863463,7.847861289978027,75593600
2018-07-18,7.845485014926748,7.868070792303296,7.7266140298521,7.79793643951416,46537600
2018-07-19,7.7218586563511,7.793181062085198,7.652913271145581,7.682631015777588,76874400
2018-07-20,7.745634471212676,7.825277820220802,7.646971327681804,7.671934127807617,57396000
2018-07-23,7.604175777434728,7.7539534472956895,7.512645079954528,7.738499641418457,63027200
2018-07-24,7.982184240857578,8.065393540663086,7.744442347798013,7.837161540985107,95066400
2018-07-25,7.847861453152394,8.17951158572668,7.8419184484879105,8.164058685302734,77241600
2018-07-26,7.835974784225432,7.909675118317008,7.76346341386971,7.807446002960205,111888000
2018-07-27,7.945335070768028,7.952467945553676,7.3438482625243715,7.481738567352295,118098400
2018-07-30,7.4829280270661584,7.490059995411122,7.0514262573811735,7.1595988273620605,100805600
2018-07-31,7.2356762757359565,7.404473299636651,7.121560246129646,7.302244186401367,95712000
2018-08-01,7.370000101692588,7.468663223939008,7.279658364483137,7.402095317840576,69301600
2018-08-02,7.239241631924418,7.72661238563567,7.232109211093256,7.696894645690918,92242400
2018-08-03,7.737311795366645,7.772973452788808,7.643404517521283,7.765841484069824,72133600
2018-08-06,7.756333991215245,7.91324370004833,7.725427272333513,7.908488750457764,68068000
2018-08-07,7.970300633255235,8.035679136814224,7.922752053539964,7.985753536224365,71970400
2018-08-08,7.959599224504476,8.065394304380723,7.893031778356753,8.007147789001465,63434400
2018-08-09,8.000016212463379,8.095112439188373,7.966731580850477,8.000016212463379,54530400
2018-08-10,7.840730552199961,7.910864909331887,7.728991529098435,7.813390731811523,85626400
2018-08-13,7.856182402234167,8.008338013974504,7.780105049820787,7.790803909301758,92674400
2018-08-14,7.8763929163270925,7.963168240685161,7.753955928287161,7.9346394538879395,60727200
2018-08-15,7.755143569996896,7.82171194484358,7.498382688745704,7.645782470703125,115857600
2018-08-16,7.814577420283792,7.863314953965997,7.670743653454674,7.715915203094482,65142400
2018-08-17,7.654102470048379,7.7765394365880995,7.513834674798861,7.71472692489624,70262400
2018-08-20,7.770596905461524,7.777728874614886,7.607743323454894,7.699273586273193,67461600
2018-08-21,7.767028536734897,7.919184136072518,7.75157563753709,7.778916358947754,67069600
2018-08-22,7.726614997108436,7.895411599385965,7.701652195947429,7.869259834289551,63313600
2018-08-23,7.830031394958496,7.995261976499426,7.794369739942565,7.830031394958496,71133600
2018-08-24,7.91323875806383,8.067771349049721,7.904917828205411,8.047562599182129,63956800
2018-08-27,8.177133940956242,8.291249960616833,8.133151356611778,8.290060997009277,72851200
2018-08-28,8.359006689570844,8.388724432481279,8.278174392577917,8.326911926269531,65224800
2018-08-29,8.369703254353352,8.630029994188126,8.362570381308865,8.618143081665039,65735200
2018-08-30,8.565841479216763,8.720374097050962,8.48144320258573,8.56940746307373,87863200
2018-08-31,8.537314276350914,8.671638165585597,8.507596529509408,8.594372749328613,63180000
2018-09-04,8.519483450214734,8.562277078236429,8.34830984504162,8.492143630981445,80209600
2018-09-05,8.439840151391213,8.443406135926459,8.073717290544822,8.154549598693848,107729600
2018-09-06,8.168814971375413,8.193777771648161,7.771785374056482,7.932261943817139,115504800
2018-09-07,7.769408199203586,8.046377831414523,7.75276633268491,7.853806495666504,77009600
2018-09-10,7.975055963963205,7.990509776343764,7.789617470707471,7.92275333404541,55448800
2018-09-11,7.818143036492586,8.14028415250711,7.762274444267672,8.098678588867188,70522400
2018-09-12,8.065395089929021,8.082036953086826,7.820521183252592,8.028545379638672,88261600
2018-09-13,8.166435711927592,8.323345364422442,8.162869727743505,8.266287803649902,74676000
2018-09-14,8.296006350041216,8.33761101440177,8.108189971597952,8.203287124633789,76688000
2018-09-17,8.156926202562104,8.181888997171354,7.82884207485829,7.857370853424072,72823200
2018-09-18,7.874013186516475,8.160492673638885,7.862126270313965,8.043998718261719,72758400
2018-09-19,8.047564681442012,8.104623148744242,7.868070161351049,8.026167869567871,58962400
2018-09-20,8.180700239768626,8.31859100232067,8.126019701591847,8.27817440032959,62683200
2018-09-21,8.351875024040863,8.389913700067675,8.12007607679416,8.146227836608887,60281600
2018-09-24,7.977431089285763,8.224682931364685,7.874013016044426,8.216361999511719,52875200
2018-09-25,8.200907701708637,8.265098132266738,8.120075408440675,8.249645233154297,43259200
2018-09-26,8.256776368624116,8.495707240464881,8.215171716043239,8.241323471069336,70920000
2018-09-27,8.363761715276837,8.556333017621492,8.348308815308151,8.46955680847168,58525600
2018-09-28,8.397046440157238,8.528993308139386,8.354252812329857,8.45648193359375,61857600
2018-10-01,8.61814750044838,8.697790852793222,8.449350898098901,8.505220413208008,68232000
2018-10-02,8.482633695812,8.649053258816963,8.397046440157238,8.45648193359375,64787200
2018-10-03,8.559897717036378,8.618144231006736,8.443403782182248,8.48144245147705,66569600
2018-10-04,8.380402370906967,8.389912265015445,7.809821421186232,7.997637748718262,150889600
2018-10-05,7.988128134384112,8.063017419469498,7.46747365704089,7.696894645690918,132924000
2018-10-08,7.588723003989818,7.756331059317253,7.279658652740731,7.559005260467529,119353600
2018-10-09,7.568513393079632,7.79793436965342,7.5114553898039285,7.617250919342041,104289600
2018-10-10,7.487682664673818,7.496003596369347,6.590206470635123,6.629434108734131,242856000
2018-10-11,6.539091451328361,6.805362607000979,6.161082207543264,6.360785007476807,222432000
2018-10-12,6.868364513764049,6.956329231242172,6.514129076946025,6.898082256317139,168488000
2018-10-15,6.830326741009901,6.860044487485013,6.567621970999557,6.637755870819092,159735200
2018-10-16,6.851722751927951,7.27133713788386,6.81725006122637,7.209524631500244,124466400
2018-10-17,7.331961907232321,7.343848823565162,7.00744419401242,7.2332987785339355,130120800
2018-10-18,7.139390188919364,7.147711120038717,6.6341885970259495,6.731662750244141,156348800
2018-10-19,6.869553877442681,7.059747259475449,6.631811923173324,6.7043232917785645,134836800
2018-10-22,6.82438299389205,6.96346227731327,6.653208944676586,6.805363655090332,114926400
2018-10-23,6.441617054010006,6.832702614855988,6.208630085042632,6.730473518371582,176781600
2018-10-24,6.7055122597756895,6.739984954327629,5.786639598213289,5.815168380737305,204842400
2018-10-25,6.073117955882749,6.510563167553687,5.994663132781808,6.411900043487549,152073600
2018-10-26,5.753355129033557,6.279953562378141,5.643993600842677,5.913830757141113,244761600
2018-10-29,6.1789127931193795,6.252612665487218,5.211303196974339,5.5976338386535645,217961600
2018-10-30,5.4965938752972905,5.830621012181228,5.416950089266854,5.813979148864746,184865600
2018-10-31,6.09213796889323,6.378617024023887,6.09213796889323,6.206254005432129,180157600
2018-11-01,6.260933609298983,6.492732085457745,6.114722374418965,6.477279186248779,126066400
2018-11-02,6.4130904329661,6.529583956594449,6.038646607873149,6.187235355377197,174357600
2018-11-05,6.190801197490232,6.197933166471215,5.915020091500276,6.12661075592041,102600800
2018-11-06,6.111158000311001,6.363164389567789,6.094516133113412,6.256180763244629,111461600
2018-11-07,6.479656869523766,6.842213718449296,6.439240718502075,6.831515312194824,138552000
2018-11-08,6.750683291613325,6.813684768040431,6.616358952697088,6.715022087097168,117524800
2018-11-09,6.528393483864234,6.571187105808221,6.215763157858445,6.373861312866211,136739200
2018-11-12,6.240725951086861,6.275198641360584,5.775940474582281,5.813979148864746,154367200
2018-11-13,5.880547501405459,6.121855444702104,5.758110084160792,5.8116021156311035,154454400
2018-11-14,5.976833058241911,6.041023499804405,5.572671976072103,5.664202690124512,156124000
2018-11-15,5.6332961353985125,6.016060867751044,5.493028331124859,5.9673237800598145,169816800
2018-11-16,5.796148610547048,5.991097392773793,5.72007125819358,5.901944160461426,134324800
2018-11-19,5.815168645368863,5.842509372262407,5.2778721666331405,5.336118698120117,186492000
2018-11-20,4.959296890845621,5.258851782251406,4.838048450029702,5.0401291847229,202991200
2018-11-21,5.233888437086534,5.304022324484257,5.125715877214462,5.1530561447143555,115115200
2018-11-23,5.025865025816377,5.197039531878513,5.022299041425687,5.038940906524658,56880000
2018-11-26,5.251718970471998,5.394364211028316,5.185151070623925,5.384854316711426,119964800
2018-11-27,5.304023040295941,5.482329511629329,5.2172472786618425,5.440724849700928,120163200
2018-11-28,5.563161870801435,5.962568443154008,5.468065175826254,5.956624984741211,195064800
2018-11-29,5.886490806559381,6.023192157364272,5.762864882256603,5.901944160461426,129044800
2018-11-30,5.924529293588846,6.043400266210246,5.840131011857277,6.025569438934326,116635200
2018-12-03,6.428541514387114,6.4546928163412876,6.21100744737486,6.3346333503723145,149343200
2018-12-04,6.246668783554745,6.298972295549506,5.59525598486073,5.638049602508545,210096000
2018-12-06,5.279059657577574,5.731958207772633,5.210114732107012,5.720070838928223,196156000
2018-12-07,5.658258910641981,5.7557330856146,5.111452541114765,5.160189628601074,222987200
2018-12-10,5.130471294222378,5.391987531512286,4.971184168610445,5.3218536376953125,176468800
2018-12-11,5.578614764898557,5.586935696680902,5.241021185514036,5.37891149520874,172163200
2018-12-12,5.6130879339221025,5.768808630650634,5.512047326810033,5.514424800872803,169451200
2018-12-13,5.622597163943457,5.6927310590422895,5.411006968388955,5.515613555908203,164724800
2018-12-14,5.33611801639836,5.388421535818514,5.076979253592208,5.099565029144287,156177600
2018-12-17,5.04845037756695,5.169698824661538,4.646666361130783,4.770292282104492,200592800
2018-12-18,4.88321923177501,4.993768806881282,4.727498111653967,4.849935054779053,157893600
2018-12-19,4.839237203018108,5.062714759273005,4.383961612129883,4.499266147613525,307862400
2018-12-20,4.454095859116041,4.609816555969411,4.128389167564432,4.318583011627197,320818400
2018-12-21,4.356621292036128,4.446963030962532,3.82883388773645,3.9013452529907227,369034400
2018-12-24,3.803871083062744,3.9572147449283355,3.6041678149254084,3.6124887466430664,175600800
2018-12-26,3.7256884854338845,4.277994962105126,3.6471276582189143,4.268472671508789,378235200
2018-12-27,4.118491933632956,4.332749112133238,3.82329370933959,4.3291778564453125,341834400
2018-12-28,4.404167635612378,4.536292737331847,4.210146069390575,4.311323165893555,304842400
2018-12-31,4.447020374996765,4.485110448327272,4.291088825127231,4.40893030166626,216966400
2019-01-02,4.1399181240213,4.55057715759442,4.133966635954618,4.472016334533691,271665600
2019-01-03,4.282755733721661,4.333939343947444,4.003031732406298,4.038741111755371,330510400
2019-01-04,4.231572356760444,4.6136635995900726,4.186340231587863,4.555338382720947,272964000
2019-01-07,4.579144502897649,4.779117570696045,4.538673752174893,4.700556755065918,213106400
2019-01-08,4.8433938152285005,4.893387304503846,4.630327676618544,4.836252212524414,211622400
2019-01-09,4.894577446274701,5.019560489023205,4.83268098278406,4.950522422790527,178098400
2019-01-10,4.837442683044667,5.002896484173514,4.756501183287199,4.998135566711426,175131200
2019-01-11,4.908862197674941,4.955284437806933,4.8576785857167435,4.938620090484619,120804800
2019-01-14,4.8124459551328185,4.873151850286442,4.744598002991384,4.810065269470215,111383200
2019-01-15,4.873151618235618,5.108834038778248,4.863629330108,5.076695919036865,145125600
2019-01-16,5.114786926630116,5.220724955803114,5.080267660879307,5.08383846282959,135892800
2019-01-17,5.035034009752771,5.269526286925303,5.006466694666654,5.202868461608887,142040000
2019-01-18,5.323092058101511,5.429030084788316,5.219534263279418,5.345707893371582,166908800
2019-01-22,5.238579093631878,5.246911721113045,4.918384340048319,5.050509452819824,181734400
2019-01-23,5.112406250341699,5.177873525947845,4.882675273669494,5.055271148681641,166093600
2019-01-24,5.096931791805836,5.168350552188322,5.039796692685965,5.14454460144043,128115200
2019-01-25,5.268336942629524,5.376655650169466,5.2159632167437415,5.327852725982666,139513600
2019-01-28,5.1195477002987255,5.13145112991333,5.000516128569145,5.13145112991333,140359200
2019-01-29,5.140973719017191,5.143354405078796,4.931478340359755,4.986232757568359,122530400
2019-01-30,5.154066526526318,5.418316738583603,5.105263604432523,5.359991073608398,175824000
2019-01-31,5.454026629756317,5.680186799720084,5.437362282214245,5.59567403793335,160575200
2019-02-01,5.5159216736016585,5.644475502826021,5.482592987148916,5.524253845214844,141561600
2019-02-04,5.531396135076953,5.732559286066903,5.515921906825628,5.726607799530029,110976800
2019-02-05,5.757556400851904,5.903965164420833,5.749224228019723,5.87777853012085,128916800
2019-02-06,5.889682219161488,5.919440112621722,5.751605611668771,5.831357002258301,145420000
2019-02-07,5.674235200328329,5.717086641777036,5.462359133242438,5.593294143676758,209793600
2019-02-08,5.440932940602051,5.624241666869261,5.427839395287335,5.621860980987549,144722400
2019-02-11,5.686138695805991,5.726609451629393,5.565916544358776,5.608767986297607,121196800
2019-02-12,5.728988756299702,5.8789683128512245,5.700420983872616,5.851591110229492,128226400
2019-02-13,5.9349145693375664,5.984907614292546,5.846831001565707,5.863495349884033,127609600
2019-02-14,5.796837490457209,5.94562695143368,5.739702391930572,5.884920597076416,153369600
2019-02-15,6.012285234443686,6.013475804587611,5.8753991824076515,5.955150127410889,142496000
2019-02-19,5.899205139427781,6.045613925141915,5.899205139427781,5.990859508514404,103572800
2019-02-20,6.005141889135249,6.074179953178291,5.8908717081933855,5.9860968589782715,171065600
2019-02-21,5.936104547821048,5.986098045687369,5.8242150302260285,5.91825008392334,128493600
2019-02-22,5.958720369683913,6.061087135236226,5.948007510559099,6.0468034744262695,119637600
2019-02-25,6.190831742334504,6.234873750067902,6.101558065030259,6.113461494445801,124102400
2019-02-26,6.065849001385149,6.189641949348788,6.0372816774362645,6.132506847381592,105356800
2019-02-27,6.050374907786344,6.139648585090588,5.926581966281133,6.113461494445801,115844000
2019-02-28,6.059896083375886,6.13964745655795,6.022996140074416,6.0753703117370605,92063200
2019-03-01,6.2039251460499685,6.224160748559801,6.072990603953468,6.196783542633057,140156800
2019-03-04,6.305101836252668,6.3479532702166255,5.993238824212471,6.197973251342773,213088000
2019-03-05,6.211067361748529,6.2705831467755795,6.120603114228546,6.2134480476379395,100348800
2019-03-06,6.228922739312847,6.234874227441592,6.077752579681641,6.106319904327393,123468800
2019-03-07,6.056326275032997,6.063467878470911,5.812311652734025,5.883730411529541,169306400
2019-03-08,5.68256784508162,5.85873452949213,5.661142124295394,5.850402355194092,174936800
2019-03-11,5.919440078616988,6.226541755315768,5.919440078616988,6.215828895568848,128468000
2019-03-12,6.264630959126551,6.36461748496307,6.219398840420437,6.317004680633545,151606400
2019-03-13,6.412230432961117,6.5574490910408,6.387233912689189,6.453891754150391,145129600
2019-03-14,6.4657951941438565,6.489601600239293,6.4158021500059235,6.425324440002441,95443200
2019-03-15,6.5003122801444135,6.658623987554596,6.482457368043822,6.584824562072754,138845600
2019-03-18,6.590777650393467,6.706238414157056,6.5514974699195925,6.644341945648193,148994400
2019-03-19,6.730044520293024,6.818127620530877,6.628867421717358,6.710999488830566,164380800
2019-03-20,6.709808620318846,6.9122341763542785,6.619312729860335,6.788397312164307,183522400
2019-03-21,6.725287582612003,7.132520179274824,6.721715514277478,7.102751731872559,151957600
2019-03-22,7.009873434845673,7.0670287958259514,6.613357976097976,6.638363361358643,267601600
2019-03-25,6.556204110866951,6.6645612592811485,6.4514190313819535,6.596689224243164,210369600
2019-03-26,6.750293300031283,6.868176557379353,6.5859717893685525,6.6871843338012695,175872000
2019-03-27,6.714571766017546,6.761010477115993,6.41212419343982,6.556203842163086,176810400
2019-03-28,6.605024001497061,6.671705040507224,6.481187137291744,6.597879409790039,128437600
2019-03-29,6.743149199171563,6.76577305690371,6.630029002049858,6.746721267700195,126980000
2019-04-01,6.94200211188411,7.037261056409957,6.870558017047346,7.012255668640137,122364800
2019-04-02,7.0360701961843635,7.111086810289683,6.981296362368619,7.089653491973877,106728800
2019-04-03,7.20872727861573,7.345661863114795,7.145617861713116,7.212299346923828,151384000
2019-04-04,7.21349151565784,7.296842817977263,7.076556454595023,7.2015838623046875,143620800
2019-04-05,7.270646695528788,7.323039006196475,7.23730572125797,7.309940814971924,104654400
2019-04-08,7.273028460355373,7.381385608206379,7.187295172655928,7.367096424102783,103460000
2019-04-09,7.292080190555043,7.362333755336106,7.239687424408165,7.286126136779785,104121600
2019-04-10,7.318276055955054,7.408772403480307,7.290889134902301,7.4040093421936035,99244000
2019-04-11,7.431396632015307,7.433778162776837,7.306369219533524,7.3480448722839355,111770400
2019-04-12,7.442112050272421,7.454019247860668,7.350425175305408,7.438539981842041,95228000
2019-04-15,7.438541124564955,7.468309577339132,7.29446146792273,7.444494724273682,83369600
2019-04-16,7.519509997860396,7.567139241180668,7.452828512135464,7.5171284675598145,94287200
2019-04-17,7.663589996957891,7.68740439405913,7.526654942473221,7.5921454429626465,114422400
2019-04-18,7.630249304167292,7.63382137280517,7.486169661289421,7.615960121154785,91903200
2019-04-22,7.519511665128631,7.690977342484308,7.501650411029194,7.680261135101318,75756800
2019-04-23,7.740987103918979,8.001758078236243,7.707646589099303,7.971989631652832,104954400
2019-04-24,7.989852698156675,8.023193220557857,7.8910212149952415,7.894594192504883,95075200
2019-04-25,8.069630381941883,8.07915650321189,7.8624422408543,7.9827070236206055,119690400
2019-04-26,7.955320945873544,8.013667766795702,7.7517048400325095,8.011285781860352,110516800
2019-04-29,8.008905715973448,8.093448022624758,7.970802128349461,8.054153442382812,83797600
2019-04-30,7.858872167288424,7.90769286984354,7.700503767704813,7.869588375091553,127595200
2019-05-01,8.016048942025748,8.086302963106958,7.770757181404861,7.779092311859131,125916000
2019-05-02,7.781472648239808,7.898165371961628,7.5314178499341935,7.683832168579102,141288800
2019-05-03,7.875540855575537,8.067249741292729,7.833865208345924,8.045816421508789,108889600
2019-05-06,7.538562224439023,7.932696654612323,7.496886123100848,7.901737213134766,161715200
2019-05-07,7.645729513100756,7.742179012050794,7.220636032059439,7.442113399505615,237529600
2019-05-08,7.367096553945739,7.548088801039763,7.286126326187083,7.376622676849365,161237600
2019-05-09,7.139665334783429,7.333755766727682,6.93843076515065,7.25993013381958,220417600
2019-05-10,7.173005726493043,7.3861474777697484,6.815784335724536,7.280171871185303,227858400
2019-05-13,6.725288046990845,6.838408245776454,6.46213506279951,6.527625560760498,234920800
2019-05-14,6.622884239654671,6.856269219156145,6.552630683613551,6.7324323654174805,140192000
2019-05-15,6.603832518144501,7.071792565747599,6.595497388887894,7.012255668640137,176160000
2019-05-16,7.025354231986736,7.361142313177154,7.002730373406709,7.231351852416992,174026400
2019-05-17,7.012256433070802,7.303987351546078,6.986060050134006,7.006302833557129,182510400
2019-05-20,6.713380422337946,6.790778113472065,6.578826912153712,6.655034065246582,184368800
2019-05-21,6.819357122051064,6.9110440098398245,6.755057155929512,6.855079174041748,114487200
2019-05-22,6.737195838654766,6.880084035622945,6.734814308141229,6.765773296356201,128912800
2019-05-23,6.532389035497747,6.534770566112891,6.324009876093144,6.446655750274658,207680800
2019-05-24,6.557393830173975,6.620502795937919,6.415696178168533,6.437129497528076,137225600
2019-05-28,6.49428615218062,6.597880246806728,6.362114141331498,6.368067741394043,116903200
2019-05-29,6.250183158184034,6.310910588514,6.103722003293845,6.208507061004639,177921600
2019-05-30,6.254946929787022,6.332345085947946,6.1727861665663,6.282333850860596,136428000
2019-05-31,6.057284714248011,6.1215846820086455,5.970360885637025,5.979887008666992,140600800
2019-06-03,5.932256650925104,5.977504821890457,5.492874494576496,5.597659111022949,241812800
2019-06-04,5.763173092567482,6.058476112831932,5.704826720674439,6.051331520080566,163869600
2019-06-05,6.226369921285807,6.229941990396899,5.997747959334161,6.184693813323975,152316800
2019-06-06,6.215651733247721,6.376401162996963,6.13349053002573,6.32758092880249,100302400
2019-06-07,6.429985073307115,6.777680344425679,6.408551753390985,6.688374996185303,151548000
2019-06-10,6.830074862888209,7.122996371444687,6.830074862888209,6.932478427886963,183272000
2019-06-11,7.151572401416745,7.188484987727999,6.888418965196826,6.958672523498535,137447200
2019-06-12,6.89794516352921,6.942002341662479,6.799113693028898,6.840789794921875,110176000
2019-06-13,6.921760222984468,7.005111975056441,6.880084119833228,6.952719211578369,98559200
2019-06-14,6.843172309743994,6.918188486327118,6.786016932915184,6.862224102020264,77144800
2019-06-17,6.905090044253892,7.045596714073204,6.887228792089901,6.987250804901123,75050400
2019-06-18,7.233733293018967,7.440921903248336,7.181340984954648,7.289698123931885,141829600
2019-06-19,7.326610346933126,7.425441813275116,7.192057287723839,7.375430583953857,136979200
2019-06-20,7.679070055150657,7.683833116753691,7.409963433807036,7.577857494354248,119355200
2019-06-21,7.538562817172193,7.685023543962722,7.495696174359254,7.543325424194336,104646400
2019-06-24,7.583810766144545,7.607625618898856,7.52665539207252,7.540944576263428,68938400
2019-06-25,7.523081750530957,7.5349889473037885,7.118230701028483,7.155143737792969,139623200
2019-06-26,7.289698389000647,7.427823982765931,7.215872303851754,7.245640754699707,94115200
2019-06-27,7.3242292404174805,7.381385064158104,7.269455401415757,7.3242292404174805,75270400
2019-06-28,7.380194714595697,7.4052001057661,7.276600626725069,7.355189323425293,98932800
2019-07-01,7.775519801086306,7.805288252226053,7.5480883983173435,7.648110866546631,144820800
2019-07-02,7.639774761606239,7.740987300872803,7.577855882399244,7.740987300872803,81248800
2019-07-03,7.789807782707385,7.912453651428223,7.770756447095517,7.912453651428223,67127200
2019-07-05,7.750514101593525,7.905310422866295,7.657636672214304,7.861252784729004,116844800
2019-07-08,7.714792469111319,7.715983461612869,7.599290724910605,7.695740222930908,105787200
2019-07-09,7.581429140854212,7.837438009865451,7.564758880403346,7.811241626739502,88595200
2019-07-10,7.954132436177103,8.1077368818495,7.906502721114836,8.04224681854248,154109600
2019-07-11,8.081538011197365,8.132739774428169,7.943411986310219,8.0208101272583,127849600
2019-07-12,8.043436226619423,8.157746975171905,8.023192988494708,8.155364990234375,89192800
2019-07-15,8.211330937009224,8.238718316729043,8.14584087774555,8.2244291305542,73394400
2019-07-16,8.198230059054504,8.225617429806663,8.030336491665459,8.107733726501465,111992000
2019-07-17,8.111306517910434,8.14821910035574,7.982706612766879,7.987469673156738,92508000
2019-07-18,7.8695879288463555,8.056534688893136,7.790999684029622,8.022003173828125,135568000
2019-07-19,8.180369218500648,8.180369218500648,7.8076685733297015,7.827910900115967,140779200
2019-07-22,7.887447177470667,8.064867769265412,7.885066101519587,8.01247501373291,95506400
2019-07-23,8.145837299570095,8.170842683046201,7.982705902461246,8.167269706726074,116049600
2019-07-24,8.077966801435792,8.341120719909668,8.073204648500935,8.341120719909668,109244800
2019-07-25,8.256576425180187,8.25776741748713,8.05415133912542,8.102972030639648,150075200
2019-07-26,8.251815608345494,8.381605628518042,8.242289485270142,8.343502044677734,111478400
2019-07-29,8.330402750392148,8.330402750392148,8.105353346163936,8.26610279083252,113275200
2019-07-30,8.075585755587499,8.249433409123213,8.056534418392621,8.155364990234375,111504000
2019-07-31,8.219664824707834,8.23395400872046,7.585001663972633,7.811241626739502,196340800
2019-08-01,7.854107369489857,8.287535908422424,7.577856202824475,7.701693058013916,298384800
2019-08-02,7.525464715030445,7.55285163621206,7.215872543395937,7.349235534667969,246920000
2019-08-05,6.899136606214381,6.899136606214381,6.391882359422714,6.577637672424316,302484800
2019-08-06,6.753865816135222,6.903898598382143,6.608595640486098,6.847933769226074,213540800
2019-08-07,6.621694125841537,6.981297058258876,6.465707283490185,6.947956085205078,307908800
2019-08-08,7.053931981900857,7.409962382972328,6.988441029723053,7.407580852508545,219056000
2019-08-09,7.294460270534945,7.373048954789193,7.021781633098979,7.1884846687316895,221366400
2019-08-12,7.058694756131598,7.124185709863789,6.849125066880093,6.947956085205078,213311200
2019-08-13,6.934858706985983,7.548088539387424,6.9062807934962915,7.4040093421936035,239259200
2019-08-14,7.043215021484339,7.113468577362389,6.699091378950197,6.740767478942871,304930400
2019-08-15,6.775299575712272,6.825310354966133,6.557394298084848,6.7121901512146,208939200
2019-08-16,6.8800852145603395,7.083701793168676,6.8800852145603395,7.021783351898193,164405600
2019-08-19,7.3194672064808195,7.411154094192775,7.259930301802708,7.350426197052002,120044000
2019-08-20,7.312321780699697,7.388528937322219,7.1932479849193856,7.199201583862305,125264000
2019-08-21,7.386147580536002,7.45282907126353,7.307558891642715,7.382575511932373,101481600
2019-08-22,7.425442700252721,7.476644473760143,7.136093312005856,7.311131954193115,152629600
2019-08-23,7.159907595641135,7.358760620123762,6.558585007030958,6.641936302185059,302350400
2019-08-26,6.845553143063975,6.913425174522115,6.722906816940774,6.911043643951416,146585600
2019-08-27,7.055121918064744,7.092034955758172,6.787205895859754,6.869366645812988,154579200
2019-08-28,6.8003042535379095,6.974151878790802,6.697900720949628,6.938429832458496,127824800
2019-08-29,7.194438493740052,7.314703281357854,7.113468730830968,7.2539753913879395,141523200
2019-08-30,7.373049644645934,7.374240637041937,7.080128199039415,7.202774524688721,136103200
2019-09-03,7.059885125981393,7.165860726522597,6.919378017286404,6.993203639984131,128785600
2019-09-04,7.189676787963162,7.307559605706859,7.134902490049076,7.287317276000977,100464800
2019-09-05,7.527846922619888,7.752896366061836,7.515939268276318,7.6897873878479,126744000
2019-09-06,7.721936408785353,7.735034600582555,7.615960790397859,7.66835355758667,115038400
2019-09-09,7.736224369321601,7.74813156676435,7.498076786622883,7.619532108306885,112312800
2019-09-10,7.494504757172073,7.558804717747216,7.344471970060568,7.556423187255859,136765600
2019-09-11,7.590955217972756,7.774328990292836,7.540944436920294,7.760039806365967,111400800
2019-09-12,7.9041184511906355,8.035100356869647,7.8219581476277,7.856489658355713,139931200
2019-09-13,7.823148827628598,7.875541593892389,7.739797525355349,7.773138046264648,107610400
2019-09-16,7.619533021857621,7.713600983086823,7.596908708081182,7.665971279144287,97124000
2019-09-17,7.663590666966106,7.774329349244403,7.6183424909029025,7.767185211181641,90796000
2019-09-18,7.723126085599212,7.7719458670585855,7.471880316233067,7.762420654296875,142063200
2019-09-19,7.802907300908097,7.9410333685529055,7.751705521827509,7.796954154968262,132770400
2019-09-20,7.830293715393133,7.852917120717402,7.470690767754501,7.551660537719727,123512800
2019-09-23,7.534990612658669,7.62548696336294,7.4659280384975,7.558805465698242,89409600
2019-09-24,7.66239927308514,7.708837984982664,7.16109865631006,7.25993013381958,203765600
2019-09-25,7.2349232818684275,7.554041075465521,7.052740528488689,7.492122650146484,152304000
2019-09-26,7.46949893348606,7.484978653663405,7.246831069158584,7.417106628417969,136214400
2019-09-27,7.448066278040532,7.4599739308648285,6.984869257592409,7.148000240325928,188492000
2019-09-30,7.215872762213537,7.373050156336407,7.177769179046207,7.338519096374512,117103200
2019-10-01,7.420679902692367,7.543325783288557,7.1229953736876,7.161098957061768,158454400
2019-10-02,7.017019469232163,7.017019469232163,6.670514709703764,6.794351577758789,270824000
2019-10-03,6.7895889069575155,7.021782934357066,6.5383430875484425,7.018210411071777,240521600
2019-10-04,7.109895779775641,7.344471287730595,7.095607052385476,7.313511848449707,168977600
2019-10-07,7.2468317471027115,7.421870383442443,7.2087281663557725,7.245640754699707,162530400
2019-10-08,7.101561614286232,7.201583628046483,6.906280647952056,6.915806770324707,235405600
2019-10-09,7.096797837674158,7.21706262223718,7.032498335062841,7.125375747680664,152269600
2019-10-10,7.1265671745997565,7.367096319495219,7.106324845419556,7.281363487243652,176239200
2019-10-11,7.5278464100140345,7.739797646360599,7.518320287187856,7.554042339324951,222509600
2019-10-14,7.531417037540022,7.633820567170007,7.508793181503575,7.562376022338867,91493600
2019-10-15,7.630249372975639,7.900546501057497,7.617151182211306,7.849344730377197,140721600
2019-10-16,7.765993546184053,7.848154760635413,7.714791774758875,7.790998935699463,117193600
2019-10-17,7.925552787726632,7.961275295394883,7.756468189480607,7.844582557678223,121839200
2019-10-18,7.81362251539087,7.862442297444423,7.500458316957526,7.619532108306885,154444000
2019-10-21,7.743369249152492,7.837437662360648,7.671925149179253,7.820767402648926,94176000
2019-10-22,7.901736773855768,7.945794403183739,7.630248678120186,7.639774799346924,125023200
2019-10-23,7.586192176155845,7.681451585657627,7.549279586492907,7.675497531890869,96905600
2019-10-24,7.8433934645774155,7.911265510953297,7.736226836494125,7.895785331726074,122484800
2019-10-25,7.774329704091576,8.095828650045547,7.7695666423453,8.075586318969727,129177600
2019-10-28,8.199420460561008,8.35540681969566,8.199420460561008,8.322066307067871,111596000
2019-10-29,8.281580983755324,8.317302569320296,8.124403645271473,8.130356788635254,107028000
2019-10-30,8.173226759124374,8.285156438262781,8.033910610703888,8.244670867919922,118984800
2019-10-31,8.307778618209266,8.32563986988412,8.11011658280094,8.25062370300293,123296000
2019-11-01,8.360171791823126,8.476864521168855,8.32206821032553,8.474482536315918,115052800
2019-11-04,8.645949957277562,8.688816604234253,8.587604041099175,8.625707626342773,99926400
2019-11-05,8.664999613557354,8.690005909811966,8.560215001594276,8.636422157287598,103229600
2019-11-06,8.614991260380837,8.61856332986135,8.460195829304212,8.581650733947754,115329600
2019-11-07,8.717393167235189,8.835275979981082,8.593556300846547,8.668573379516602,125719200
2019-11-08,8.617372637881369,8.77455004316656,8.553072666383633,8.770977973937988,81607200
2019-11-11,8.641184785253863,8.747160384221157,8.603081209315745,8.734062194824219,76092800
2019-11-12,8.754304938460038,8.897194036390518,8.7162013607041,8.805506706237793,128692000
2019-11-13,8.719775706861823,8.8388495196044,8.69953246826515,8.792409896850586,111758400
2019-11-14,8.715010508148325,8.807887913957366,8.634040299001313,8.790026664733887,106651200
2019-11-15,8.943633458379248,8.971019924460824,8.866235304370354,8.955540657043457,90586400
2019-11-18,8.943632020535004,9.047226540027154,8.832893364685077,9.001977920532227,96696000
2019-11-19,9.105573784384822,9.105573784384822,8.941251356208129,9.03889274597168,112120000
2019-11-20,8.97221106585903,9.053181289965686,8.670954483192828,8.880524635314941,150380000
2019-11-21,8.84956598720463,8.86504525627085,8.734064240090397,8.81146240234375,90659200
2019-11-22,8.878144207563052,8.896005463219087,8.688817259608195,8.835277557373047,83668000
2019-11-25,8.944824385369246,9.147249486563508,8.942442400577209,9.141295433044434,80078400
2019-11-26,9.157966138807701,9.22941023512419,9.121052644083086,9.196069717407227,83690400
2019-11-27,9.261561588008998,9.38539847000836,9.23060214039387,9.381826400756836,81556800
2019-11-29,9.312762626916637,9.355629271450518,9.240127529704289,9.256797790527344,53796000
2019-12-02,9.256796657713512,9.262750710905001,8.81503298304184,8.959112167358398,151815200
2019-12-03,8.609036054375157,8.767403517043249,8.467337942474291,8.757878303527832,156052000
2019-12-04,8.893624571797629,8.950779500934875,8.85194800491108,8.887670516967773,87659200
2019-12-05,8.980545534848158,8.981736527184996,8.807888892906716,8.934106826782227,89080800
2019-12-06,9.130578443090023,9.242508098721187,9.11390818482082,9.210357666015625,92941600
2019-12-09,9.179397882960492,9.303234731524155,9.087711465902299,9.097237586975098,77928800
2019-12-10,9.103190365140229,9.202021823258155,9.011503951769958,9.076994895935059,112048000
2019-12-11,9.130580725174791,9.243700492911797,9.092477138398637,9.213932037353516,90596000
2019-12-12,9.184160692599749,9.525902781948052,9.147248110027181,9.424690246582031,183164000
2019-12-13,9.402067818963037,9.611637976488693,9.342530914657194,9.509234428405762,160996000
2019-12-16,9.69498947555373,9.831924539923692,9.687845337599828,9.781913757324219,99388000
2019-12-17,9.83192506674788,9.858121451930641,9.764053027165781,9.795012474060059,84548800
2019-12-18,9.841450843913512,9.916467019192977,9.804537344063307,9.817635536193848,71408000
2019-12-19,9.84264054151251,10.023632314065095,9.84264054151251,10.017678260803223,83384800
2019-12-20,10.148661190001985,10.183191795333679,10.073644108553156,10.13675308227539,99548000
2019-12-23,10.242729550320398,10.261781797495523,10.189146694947363,10.211771011352539,72427200
2019-12-24,10.238094726949903,10.252389078673275,10.154713280537576,10.224991798400879,39898400
2019-12-26,10.271447919712115,10.49538730421791,10.271447919712115,10.490622520446777,64258400
2019-12-27,10.602591767991008,10.608547065607727,10.381034339764135,10.459650993347168,99750400
2019-12-30,10.450122711649358,10.465607576557753,10.10111026935316,10.25119686126709,112905600
2019-12-31,10.160669455442505,10.334579977972899,10.108257741412391,10.309565544128418,84380000
2020-01-02,10.566857115689889,10.820575714111328,10.508490105579614,10.820575714111328,131072000
2020-01-03,10.397710276873784,10.720516841605159,10.391754070668215,10.52635669708252,145180000
2020-01-06,10.276210391993445,10.73004621475745,10.238093035816966,10.726472854614258,128095200
2020-01-07,10.737193330873646,10.81342804603702,10.620459320875135,10.713370323181152,107699200
2020-01-08,10.715752885053432,11.111220833811222,10.664532597618408,10.959942817687988,159164800
2020-01-09,11.224382288301435,11.299425584078021,11.044515572506018,11.23629379272461,145423200
2020-01-10,11.362558257489304,11.372087825283424,11.09335387443785,11.144574165344238,137604000
2020-01-13,11.283940993296087,11.540041525378468,11.23391121944026,11.534086227416992,116558400
2020-01-14,11.504306141692759,11.572202713090634,11.34230714523651,11.399482727050781,145737600
2020-01-15,11.409010545585307,11.569818094385369,11.294658490687722,11.406628608703613,133003200
2020-01-16,11.567437161105923,11.73181808388505,11.498349171281154,11.724671363830566,121100800
2020-01-17,11.877143008933642,11.928363299429595,11.704423910799866,11.899775505065918,144402400
2020-01-21,11.796143061788696,11.972436422846135,11.787804917543454,11.893818855285645,138882400
2020-01-22,12.05820154032267,12.18446513579748,11.933128459257892,11.97481918334961,136148800
2020-01-23,11.950996250764163,12.101082858482322,11.788997228550274,12.08559799194336,143588800
2020-01-24,12.257122411132832,12.29404833889271,11.615082748011574,11.772316932678223,239374400
2020-01-27,10.988530539095052,11.23867576798321,10.74195867066694,11.044515609741211,198626400
2020-01-28,11.274409345963711,11.634141811134961,11.1946012794454,11.557907104492188,171862400
2020-01-29,11.748496883519458,11.78780566980828,11.456660907522227,11.599600791931152,137877600
2020-01-30,11.387571823168352,11.744922409097,11.274411167806761,11.730628967285156,200249600
2020-01-31,11.873569260071276,11.881907404354328,11.048089340890867,11.15410327911377,220384000
2020-02-03,11.329204610580293,11.752069826471915,11.30776353946036,11.666305541992188,173688000
2020-02-04,12.149917879916405,12.537047616286289,12.03318297492831,12.463194847106934,140248800
2020-02-05,12.931325451330546,12.933708297345902,12.375049958166914,12.607327461242676,174612000
2020-02-06,12.687135355721155,12.928942404527207,12.556107008595493,12.914648056030273,113132800
2020-02-07,12.74312278278789,12.961105957884078,12.640682204856535,12.747886657714844,154052000
2020-02-10,12.624005921889546,13.211252110567692,12.614476354452236,13.207677841186523,123248800
2020-02-11,13.424469072631657,13.56383648239145,13.11238349700132,13.217206001281738,193770400
2020-02-12,13.447103459303715,13.621013981453942,13.353001022405174,13.604337692260742,121608000
2020-02-13,13.316073832616496,13.71035034675053,13.26723548400232,13.551924705505371,155282400
2020-02-14,13.605528878629109,13.69724846759536,13.469735721111002,13.643646240234375,113969600
2020-02-18,13.450675425164386,13.749658994048202,13.411366643804104,13.667468070983887,130167200
2020-02-19,13.914040701674267,14.15108391721368,13.86520325962349,14.062936782836914,105627200
2020-02-20,13.97241002852224,14.053409541192705,13.149311972651086,13.662705421447754,227657600
2020-02-21,13.467352839108713,13.529294119546527,12.713343753454087,12.881298065185547,207107200
2020-02-24,11.46857133778608,11.861657346238902,11.152911471457548,11.397101402282715,269674400
2020-02-25,11.66511497286468,11.78184990390521,10.356020842027297,10.475137710571289,300793600
2020-02-26,10.634751372107203,11.164821857489866,10.381032829061882,10.619266510009766,335736000
2020-02-27,9.803318425649607,10.292888817130049,9.002852941512547,9.031440734863281,425116000
2020-02-28,8.14878380738876,9.223217350043743,8.040387042157061,9.1719970703125,494222400
2020-03-02,9.442394086332397,10.451314142147623,9.049308952226081,10.423917770385742,363518400
2020-03-03,10.526358543277585,10.899194033884445,9.157704998792411,9.442394256591797,548126400
2020-03-04,9.951022810773654,10.619268482670535,9.684201293007645,10.588297843933105,315827200
2020-03-05,9.79617094279975,10.334579693594712,9.420952627878268,9.659186363220215,386972000
2020-03-06,8.663369397279103,9.300644399573901,8.45729683509188,9.152938842773438,393519200
2020-03-09,7.329260185769586,8.236930978130632,7.26612839593256,7.293525218963623,406964800
2020-03-10,8.09756523031125,8.448959633635795,7.266129077038444,8.428709983825684,456252800
2020-03-11,7.835506467704873,8.008226450330504,7.027894347424143,7.34474515914917,430928000
2020-03-12,5.896284382666308,6.849219232390156,5.288788597725254,5.33167028427124,618225600
2020-03-13,6.222665299514149,6.826587775698417,5.367406162569389,6.770602703094482,556290400
2020-03-16,4.819468821336898,5.789080144911235,4.4061335596763715,4.437103748321533,658290400
2020-03-17,4.69082214936705,5.37693507405261,4.258427813392088,5.160142421722412,762020800
2020-03-18,4.323942570370591,4.943350425395499,3.8986953532604445,4.6824846267700195,848999200
2020-03-19,4.627689779632279,5.250671350621173,4.288206914029511,4.79088020324707,804808800
2020-03-20,5.120834378306856,5.217318751008547,4.181001903864262,4.22983980178833,782255200
2020-03-23,4.279868722596362,4.526440581054876,3.8439010427021296,4.2429423332214355,820073600
2020-03-24,4.911188659092115,5.210172267207951,4.780160279487406,5.1887311935424805,829824000
2020-03-25,5.26496531885934,5.69855061787221,4.893320841761846,5.068422317504883,834874400
2020-03-26,5.220893146097862,5.9558440885105375,5.201834008795578,5.8939032554626465,649240000
2020-03-27,5.435302829350778,5.756918464733893,5.216127773438822,5.281641960144043,557143200
2020-03-30,5.429347629284686,5.881991684137741,5.360259620510802,5.836727142333984,416621600
2020-03-31,5.79026997254733,6.1380909457060255,5.581815491479087,5.674726486206055,731904000
2020-04-01,5.193494918326023,5.446022988888827,4.838526729774263,4.9707465171813965,535589600
2020-04-02,4.907614049563698,5.281640865944772,4.856393770439441,5.264964580535889,467531200
2020-04-03,5.22446560162418,5.3578763588530975,4.86711501825065,5.052937030792236,554484000
2020-04-06,5.611594962797117,6.216708333849521,5.522257323918525,6.110694408416748,518616800
2020-04-07,6.658632320932056,6.705087821292904,6.074959554523832,6.098783016204834,658009600
2020-04-08,6.27626631132957,6.551426382997558,6.108311580413965,6.48829460144043,518180000
2020-04-09,6.662207296965546,6.756309743511549,6.345356406626533,6.512119770050049,553297600
2020-04-13,6.4323106849421485,6.775367382036267,6.3215319645721175,6.738440990447998,426961600
2020-04-14,7.152967476195941,7.671126098820742,7.074350365408044,7.612758636474609,490049600
2020-04-15,7.255408428226879,7.550818207012238,7.106512342887799,7.360231399536133,431688000
2020-04-16,7.600847602261893,7.87005152725243,7.3792901524086805,7.754508018493652,562920000
2020-04-17,8.060638677623436,8.111858969999332,7.627053327237085,7.94866943359375,463564800
2020-04-20,7.765228995340408,8.041580095581928,7.678273280941538,7.691376209259033,386998400
2020-04-21,7.4638624747086,7.519847544654594,6.707470590877359,6.84088134765625,519489600
2020-04-22,7.269701486949738,7.582978941610977,7.183937660671957,7.4459943771362305,274185600
2020-04-23,7.531758406929017,7.812873792579486,7.351892162504019,7.397156238555908,424868000
2020-04-24,7.449569123551422,7.790243442840142,7.2911434690926935,7.754508018493652,317981600
2020-04-27,8.002271365031795,8.0511088091739,7.818831276129358,7.905786991119385,304741600
2020-04-28,8.126152596735214,8.127344019834712,7.457906917876157,7.478156566619873,386247200
2020-04-29,7.9867865545699335,8.382254529468156,7.872433558811042,8.255990028381348,346104000
2020-04-30,8.387018054549744,8.394164774915922,8.093989796483898,8.310782432556152,380544800
2020-05-01,7.780713809390128,8.017756123101519,7.444804276773683,7.565112113952637,346245600
2020-05-04,7.449568035555875,7.853374091263957,7.393582969691366,7.83193302154541,200756000
2020-05-05,8.067785491850236,8.36438622482512,8.005844214467572,8.08207893371582,288714400
2020-05-06,8.28338803811584,8.472783443242882,8.1464034428057,8.241697311401367,311880800
2020-05-07,8.5561658084468,8.665753121217273,8.406078283432645,8.563312530517578,289489600
2020-05-08,8.761045874399114,8.927808760083117,8.638354738803644,8.908750534057617,262202400
2020-05-11,8.75151555899763,9.279203267626459,8.725309705261516,9.1303071975708,269384000
2020-05-12,9.227983676565248,9.306600334891346,8.57998764018005,8.58713436126709,339363200
2020-05-13,8.646692684643341,8.868250123441063,7.9522420611668005,8.261945724487305,491119200
2020-05-14,8.104711070958873,8.53948778139035,7.874815500267567,8.535914421081543,402999200
2020-05-15,8.184519819742453,8.707442792992127,8.1344909537289,8.682428359985352,357806400
2020-05-18,9.052880776636936,9.314937488234326,8.959969777230397,9.185100555419922,296474400
2020-05-19,9.21726103863509,9.478127217158997,9.100527040727439,9.11482048034668,261430400
2020-05-20,9.435245879225947,9.70921500644639,9.435245879225947,9.648465156555176,285416000
2020-05-21,9.677053329522476,9.7580528296494,9.282776818722791,9.3518648147583,322693600
2020-05-22,9.30183497606496,9.468598758504093,9.177954243865091,9.436437606811523,209664800
2020-05-26,9.89265663905314,9.924817794807563,9.33638015298761,9.397130012512207,245202400
2020-05-27,9.30421759079436,9.534113156654529,8.74079446834894,9.529348373413086,347291200
2020-05-28,9.362585382590309,9.911714201497611,9.356630084629725,9.468599319458008,303992800
2020-05-29,9.534113988073395,9.92481716004814,9.329232834772112,9.859302520751953,358492800
2020-06-01,9.774728085353775,10.034402845810186,9.72350780525675,9.98080062866211,209881600
2020-06-02,10.034404828183398,10.190448545142566,9.72470114936587,10.179727554321289,250714400
2020-06-03,10.261918444847302,10.42153461306869,10.149948297188388,10.317903518676758,215033600
2020-06-04,10.271447726837218,10.467989828165768,9.929581995191898,10.108257293701172,266408800
2020-06-05,10.232139514626821,10.78365030633547,10.184492583938193,10.707415580749512,281394400
2020-06-08,10.671679051826985,10.968280687573392,10.470372176391672,10.945648193359375,218544800
2020-06-09,10.826531613485571,11.313720056091471,10.808663902264263,11.189838409423828,213179200
2020-06-10,11.43045559812888,11.818776878073715,11.36136759020937,11.593646049499512,302911200
2020-06-11,11.027841575145343,11.222001773061713,9.865260507931255,9.886701583862305,383332000
2020-06-12,10.516830046258015,10.67882908503432,9.580571243161614,10.101112365722656,411876800
2020-06-15,9.657995614922738,10.563283605535085,9.536495903919313,10.457269668579102,398184800
2020-06-16,11.124323697404684,11.211279406750384,10.519209818816044,11.009971618652344,383217600
2020-06-17,11.217234737992676,11.370895599870739,11.006398290962965,11.11717700958252,258858400
2020-06-18,11.070722097219608,11.239867833113742,10.96351673334671,11.20294189453125,212785600
2020-06-19,11.550760976068029,11.581731611223843,10.953985308988495,11.187454223632812,289950400
2020-06-22,11.186264864587425,11.619850166383902,11.138617938379008,11.585306167602539,220133600
2020-06-23,11.8366447714363,12.223774634009349,11.752071895128948,11.88786506652832,234898400
2020-06-24,11.780656530653875,11.967669946959191,10.940882382914474,11.187454223632812,392821600
2020-06-25,11.186266191974585,11.520984320645164,10.80866500671726,11.484058380126953,301703200
2020-06-26,11.437601448453092,11.470954935409877,10.589489916351688,10.658577919006348,375940800
2020-06-29,10.626414046145534,11.009970447349904,10.277401640387646,10.999249458312988,259609600
2020-06-30,10.996868469531725,11.730628762729044,10.974235975338253,11.63176155090332,251388800
2020-07-01,11.656776458497372,12.205905277762067,11.58292367517952,12.047479629516602,252137600
2020-07-02,12.422697141269044,12.61090199367614,12.238065649170137,12.303580284118652,228152000
2020-07-06,12.781240149446901,13.291060193078641,12.780048726319846,13.207677841186523,211984000
2020-07-07,13.168369741732784,13.598381695533762,12.893209166599114,12.948002815246582,246099200
2020-07-08,13.154076384420279,13.45305999153602,12.922989358886479,13.44591236114502,239931200
2020-07-09,13.747277207679362,13.897363796501763,13.086178273141934,13.781820297241211,317596000
2020-07-10,13.748468543378586,14.109392504256338,13.32798614912062,14.073657989501953,242789600
2020-07-13,14.538213868924299,15.002768919615653,13.065929331437449,13.20410442352295,374584800
2020-07-14,12.815784940633957,13.545972011339282,12.315494398091811,13.484030723571777,459751200
2020-07-15,13.681763849725533,13.843762866680402,13.030194421189192,13.550735473632812,367544000
2020-07-16,13.107620426738299,13.383971527582515,12.74431361130557,13.260089874267578,299972000
2020-07-17,13.36014738120028,13.464969890266294,12.983737669427274,13.322029113769531,231003200
2020-07-20,13.436381341126882,14.559653297858537,13.232690723380497,14.456021308898926,251621600
2020-07-21,14.72165196294565,14.731181529642663,13.865202376618008,13.99384880065918,294313600
2020-07-22,14.07603946941274,14.309508411619259,13.77586537480137,14.155847549438477,227788800
2020-07-23,14.092716173233546,14.203494895339189,12.813401282534823,13.046870231628418,336648800
2020-07-24,12.448903714645203,12.883680450126892,12.031994690526512,12.660931587219238,357218400
2020-07-27,12.934900291563931,13.40660388973343,12.802681403846691,13.341089248657227,267624000
2020-07-28,13.231501841346516,13.306545140601418,12.789578372599596,12.839607238769531,238702400
2020-07-29,13.065928431118618,13.413749438004062,13.00160521881139,13.276764869689941,194280800
2020-07-30,12.971825759628812,13.575748181310342,12.788385692907212,13.492365837097168,302200000
2020-07-31,14.213024253665113,14.234465325653662,13.445911354507604,14.220170974731445,359815200
2020-08-03,14.562037360527732,14.905093619034806,14.539404864410356,14.750242233276367,217868000
2020-08-04,14.689490450382374,14.963459579057815,14.57275553318611,14.942018508911133,211008000
2020-08-05,15.02659414984191,15.136181458094958,14.878889477466513,15.061138153076172,162381600
2020-08-06,15.021827042183025,15.7150862109296,14.91581311121608,15.63766098022461,192064000
2020-08-07,15.559044713842637,15.701986409481236,14.73356569118346,15.1266508102417,296708000
2020-08-10,15.160002581582848,15.200502787112415,14.314273045667331,14.92296028137207,254311200
2020-08-11,14.71807713111183,14.943207896280457,13.983126412888543,14.076037406921387,310273600
2020-08-12,14.425051079831336,15.289839708851748,14.425051079831336,15.129032135009766,221247200
2020-08-13,15.25648936763723,15.625750584737526,15.071857850297457,15.235048294067383,234281600
2020-08-14,15.325573993441955,15.38870577703711,14.938444240131098,15.190971374511719,199737600
2020-08-17,15.469708355088754,15.766310035461952,15.444694828567958,15.692458152770996,126664800
2020-08-18,15.893762850317199,16.24754009425147,15.638852825091142,16.153438568115234,149313600
2020-08-19,16.151055161628054,16.344025717358466,15.75796914671541,15.83777904510498,205847200
2020-08-20,15.693647637940872,16.5798774424255,15.624559635163394,16.489347457885742,152774400
2020-08-21,16.516745868246144,16.91578629794447,16.413112953900065,16.83359718322754,164280000
2020-08-24,17.416081041336696,17.576887750024103,16.728776086794845,17.14568519592285,251384000
2020-08-25,17.0134630405576,17.563782407400428,16.922934872194386,17.545915603637695,172556800
2020-08-26,17.780573031763794,18.707301996210152,17.7579405390396,18.6691837310791,219663200
2020-08-27,18.889548817662856,19.043208742442168,18.05573093270338,18.500036239624023,302602400
2020-08-28,18.735892317585,18.90742090701133,18.480982279848444,18.78592300415039,198145600
2020-08-31,18.884785097308725,19.59948621615735,18.79902263521951,19.22069549560547,180398400
2020-09-01,19.763869579314676,20.246293235257973,19.410092352794862,20.218896865844727,193147200
2020-09-02,20.902627519164565,20.925260014931283,19.614974464960035,20.789466857910156,289369600
2020-09-03,19.860354030182982,19.94016211016742,17.012271221355338,17.59713363647461,443024800
2020-09-04,17.31720943517032,17.903264159690096,14.75381413653648,16.87171173095703,561480800
2020-09-08,14.883651288998966,15.958085874797312,14.420286776441763,14.486992835998535,426824800
2020-09-09,15.369649447792776,16.104600310749994,14.969416695610814,15.731765747070312,290352000
2020-09-10,16.26183595619398,16.484583926329528,14.501287815791388,14.821712493896484,465936800
2020-09-11,15.12784238984658,15.269591755020803,13.914041201769843,14.497714042663574,385797600
2020-09-14,15.127842475481524,15.5816774589333,14.899138303410519,15.244577407836914,269032800
2020-09-15,15.881850414928643,16.130804204400476,15.599544051631824,15.892570495605469,300889600
2020-09-16,16.024790492261722,16.11889382634588,15.07900236480979,15.129032135009766,306141600
2020-09-17,13.961687326606087,14.765726147446548,13.823512238854434,14.432199478149414,446844800
2020-09-18,14.63469825018313,14.704976765003638,13.193384351300415,13.874732971191406,463042400
2020-09-21,13.249369498431085,14.049834080209651,12.876533123597952,14.039113998413086,375314400
2020-09-22,14.43696093096475,14.905090157805668,13.872347352621837,14.80622386932373,315066400
2020-09-23,14.752623375081486,14.788358797677255,13.30654472368267,13.43519115447998,405507200
2020-09-24,13.065929717414749,14.14036348135397,13.003988436299732,13.631734848022461,375036000
2020-09-25,13.70677692299202,14.718078801014029,13.466161267780983,14.587050437927246,324478400
2020-09-28,15.400616350317124,15.485190111429624,14.95750244281933,15.451837539672852,273331200
2020-09-29,15.42325196596519,15.5852509834154,15.190974430762848,15.289841651916504,221805600
2020-09-30,15.317235198035572,16.14271590789689,15.276735905538066,15.592394828796387,338768000
2020-10-01,16.267789510257728,16.446464790017043,15.935452472061195,16.322582244873047,278676000
2020-10-02,15.26125177225796,15.91758684488959,14.80979966517713,14.976563453674316,399553600
2020-10-05,15.302942041155543,15.973570496004644,15.276736188447408,15.921158790588379,210790400
2020-10-06,15.769880970302845,16.095069488100304,14.907475161229176,15.065900802612305,345648800
2020-10-07,15.505442633254678,15.974763388340026,15.41134110639677,15.85802936553955,225088800
2020-10-08,16.253494509501575,16.272553642530223,15.90686402505631,16.091495513916016,197893600
2020-10-09,16.38333636947319,16.84193712632506,16.314250172242996,16.80739402770996,195271200
2020-10-12,17.676940814474122,18.907418162797576,17.493501654815894,18.37496566772461,294116800
2020-10-13,18.72517088246895,18.859773522032967,18.123630348519136,18.377349853515625,283861600
2020-10-14,18.54173215715931,18.72517133461995,17.58760487875554,17.92351531982422,296589600
2020-10-15,17.03609194516491,17.675748831115012,16.907445532459292,17.553058624267578,249076800
2020-10-16,17.87586632047311,18.137923023564106,17.212384602126303,17.283855438232422,228096800
2020-10-19,17.634059455164117,17.809161387754322,16.24277537909343,16.425024032592773,277555200
2020-10-20,16.554865113843697,17.081361557502937,16.270175815137964,16.531042098999023,274710400
2020-10-21,16.56796919196116,17.034907222053967,16.404779620515928,16.488161087036133,242572800
2020-10-22,16.64062467332554,16.79547695200164,15.898527158056384,16.49649429321289,239163200
2020-10-23,16.606082358826363,16.608463387436846,16.06767362746547,16.592979431152344,191088000
2020-10-26,16.172497386364984,16.673978373779818,15.186208973683474,15.836586952209473,317113600
2020-10-27,15.993821507871099,16.34283303974476,15.785367000176448,16.210613250732422,223860000
2020-10-28,15.416104436354589,15.5137811380049,14.270200777708352,14.308318138122559,369440000
2020-10-29,14.52511178163066,15.539988048317069,14.441729425272973,15.036123275756836,276374400
2020-10-30,14.716889987253197,14.857447933406563,13.525721260119457,13.990276336669922,461622400
2020-11-02,14.269010059865968,14.542978317387647,13.532867762090115,13.995040893554688,302272000
2020-11-03,14.291640951520824,15.057562380997355,14.127259106674325,14.699020385742188,269938400
2020-11-04,16.151054834626162,16.99082907276,15.880660867342248,16.685890197753906,338375200
2020-11-05,17.82702804452483,18.171275665179984,17.580455294837254,17.973541259765625,300264800
2020-11-06,17.852043567198287,18.17366054939809,17.15997488820601,18.034292221069336,270302400
2020-11-09,18.544111480590516,18.86572844951225,16.852652469665127,16.933652877807617,331731200
2020-11-10,16.33568611270978,16.587022760090072,15.526883432796362,16.02002716064453,337333600
2020-11-11,16.446472149997494,17.17546703602362,16.376191793814257,17.09684944152832,253661600
2020-11-12,17.25407811953716,17.5006490777615,16.643008038267027,16.846696853637695,286687200
2020-11-13,17.126619112638497,17.400588208199753,16.75497515340196,17.288618087768555,209495200
2020-11-16,17.242166533198503,17.749603733318544,17.121859151613144,17.686471939086914,213748800
2020-11-17,17.72459080801429,17.791295965111022,17.406548979841467,17.523283004760742,182704000
2020-11-18,17.42203488091778,17.71863657779227,17.117095947265625,17.117095947265625,154341600
2020-11-19,17.022991859703666,17.592370337236645,16.909831199831974,17.541149139404297,159341600
2020-11-20,17.516136599236052,17.661459330209063,17.16712321498801,17.18499183654785,129993600
2020-11-23,17.369622447603916,17.598326614519234,16.766889572803283,17.18856430053711,179060800
2020-11-24,17.369626653168588,17.99022466369876,17.04205518905524,17.891357421875,156015200
2020-11-25,18.072415561978392,18.345192453410984,17.921136595509005,18.228458404541016,128677600
2020-11-27,18.586993903705952,18.947919659135678,18.52624495986243,18.726362228393555,92927200
2020-11-30,18.78710813614674,18.91337169563965,17.936613971886363,18.822843551635742,184622400
2020-12-01,19.27191749050679,19.88656097251136,19.070611508091595,19.562562942504883,169989600
2020-12-02,19.321945832420052,19.706692764812125,18.96102008991243,19.641178131103516,146129600
2020-12-03,19.688825258385197,20.03426524764731,19.57685693522341,19.72098731994629,157461600
2020-12-04,19.725753856044044,19.99257447424863,19.595915089957906,19.96279525756836,127088000
2020-12-07,19.999717144724105,20.371362929575096,19.963983546008528,20.301082611083984,124028000
2020-12-08,20.208175026306176,20.56909897481446,19.84606056349958,20.486909866333008,133925600
2020-12-09,20.46904130194602,20.51907016629713,18.894316227660845,19.114683151245117,244878400
2020-12-10,18.70611392223463,19.56733026807871,18.49408602252441,19.349346160888672,173346400
2020-12-11,19.017002875385955,19.240943117346543,18.570314723121218,19.213546752929688,169819200
2020-12-14,19.44344248634088,20.017586563074307,19.43629576631164,19.623310089111328,146684800
2020-12-15,20.080719203426053,20.251055429985694,19.644751087255404,20.23318862915039,157417600
2020-12-16,20.341588683113738,20.756114887584932,20.12836846498945,20.572675704956055,137590400
2020-12-17,20.92287577547212,21.045565996120903,20.677495334174562,20.994346618652344,139275200
2020-12-18,21.150392995652794,21.19208463082974,20.31300147174256,20.76564598083496,168756000
2020-12-21,20.1986485709859,20.80018731199046,19.61616533029163,20.688217163085938,203596800
2020-12-22,20.881187221614848,21.049142440891,20.271307624488934,20.851408004760742,160330400
2020-12-23,20.85021574744404,20.93598003769709,20.509541432710872,20.53693962097168,119434400
2020-12-24,20.596498338910823,20.897863873302132,20.57386584289596,20.803760528564453,77065600
2020-12-28,21.34097793686343,21.531563830023433,20.968141568360366,21.427932739257812,117052800
2020-12-29,21.720962488719042,21.8460337511337,21.2992877410344,21.491065979003906,121142400
2020-12-30,21.73287399248567,21.798388638795725,21.354083193495484,21.48749351501465,104807200
2020-12-31,21.473196451955978,21.736443689695605,21.242109457146633,21.655445098876953,106708000
2021-01-04,21.9270324903814,21.963958427319746,19.872266591333755,20.708467483520508,197472000
2021-01-05,20.521455417235902,21.26950925913739,20.521455417235902,21.227819442749023,118712800
2021-01-06,20.237955844277963,21.24330253569013,20.037840371572965,20.349925994873047,210730400
2021-01-07,20.889525541450883,21.9949299830443,20.88714451263596,21.819828033447266,123695200
2021-01-08,22.311780612285038,22.73702871030662,21.846033214712595,22.665557861328125,152815200
2021-01-11,22.01398790701246,22.267707415434863,21.53752043884894,21.66378402709961,140325600
2021-01-12,21.693559983624073,21.918690755794195,21.012211461140968,21.569679260253906,146031200
2021-01-13,21.628049668386463,22.178368993338687,21.500593752650243,21.98897361755371,108750400
2021-01-14,22.096179299045836,22.31535390277424,21.555389511084353,21.654254913330078,118236000
2021-01-15,21.608993135343784,21.8138743095936,20.85498308433939,21.12775993347168,141692000
2021-01-19,21.613752210363938,22.164073296917337,21.39338712696982,22.043764114379883,120967200
2021-01-20,22.8358989506744,23.795980758325893,22.758471884444145,23.580379486083984,121736000
2021-01-21,23.882930806755805,24.333192399252408,23.585138652058102,24.16642951965332,92168400
2021-01-22,23.921048237036846,24.185485988972367,23.7947828411017,23.94725227355957,81878800
2021-01-25,24.719133305733767,25.031218922680353,23.0610266978428,24.611927032470703,153170400
2021-01-26,24.709602941876078,24.914484096537272,24.34272277696136,24.638132095336914,90968800
2021-01-27,24.12354672934679,24.133076296150886,22.15573571498611,22.651262283325195,188900800
2021-01-28,22.844233853485154,24.06160844601148,22.71558741200093,22.984792709350586,90021600
2021-01-29,22.608382685229877,22.85138030454821,21.14324479506976,21.553007125854492,184278400
2021-02-01,22.286767933605805,23.35405411068875,21.855563612201355,23.13726234436035,105659600
2021-02-02,23.79716684204908,24.52854431115679,23.766197111870905,24.2569580078125,92746400
2021-02-03,24.759636004293167,24.831106862946967,23.978229522705078,23.978229522705078,95172000
2021-02-04,24.30936916738862,24.847777887065075,24.00204744845034,24.826335906982422,72808800
2021-02-05,25.06218896564936,25.32186468992574,24.673868619986713,25.086013793945312,86615200
2021-02-08,25.4814826374273,25.62204150033937,25.097926140137872,25.5767765045166,76994800
2021-02-09,25.367126788051003,25.865034380259786,25.367126788051003,25.56485939025879,65768800
2021-02-10,25.915068408822023,26.015126152910444,24.647664864297244,25.383808135986328,123548000
2021-02-11,25.767359805971576,25.90553398102285,25.24324453593291,25.793563842773438,98860000
2021-02-12,25.629185375277377,26.277181418406812,25.357599065668587,26.231916427612305,77471600
2021-02-16,26.434413983589927,26.64882470021974,25.748301507953595,26.012741088867188,88663600
2021-02-17,25.307569894224084,25.714949353715802,24.778690723718626,25.650625228881836,105986800
2021-02-18,24.790601493380347,25.48147967755268,24.366545742548666,25.305187225341797,110202000
2021-02-19,25.64348164838499,25.653011216845233,24.74295833105451,24.971662521362305,93377200
2021-02-22,23.952019394636647,24.25219440288667,22.98955490884096,23.037200927734375,132734800
2021-02-23,21.865090920815486,23.194435538347225,20.588158013431315,22.832319259643555,199274800
2021-02-24,22.21291417004043,23.458877472681507,21.655448071770916,23.38264274597168,123042000
2021-02-25,22.77990901349743,23.363580901817873,20.59530441467679,20.940744400024414,237792000
2021-02-26,21.533945799923703,22.19385422200034,20.547658344780558,21.255212783813477,209318400
2021-03-01,22.24150241566246,23.182524974486725,21.962769372273506,23.108673095703125,133707200
2021-03-02,23.237318673007962,23.27305409668613,21.94132657616172,22.000885009765625,151693200
2021-03-03,21.767414907537862,21.96514750702674,20.071190224722496,20.09263038635254,231542400
2021-03-04,20.004484276268716,20.640567825296507,18.31540638153993,19.09919548034668,432037200
2021-03-05,19.604254353954435,20.12360397114833,17.874676921636546,19.954458236694336,336656400
2021-03-08,19.840108508737888,20.214135463115575,18.170089235588335,18.248706817626953,235731600
2021-03-09,19.647138663805606,20.762072743852137,19.51849221407954,20.39757537841797,173429200
2021-03-10,21.26474348891749,21.321919075841162,20.08548542154974,20.223661422729492,203371200
2021-03-11,21.207567753460268,21.979446416783183,20.997922706521546,21.626859664916992,158935600
2021-03-12,20.766838055086197,21.124188723171063,20.26654748328328,21.08845329284668,166590000
2021-03-15,21.157533826652365,21.80076589234154,20.816859570818515,21.76264762878418,126701600
2021-03-16,22.236734854698412,22.868054584797804,21.82220868518454,22.1200008392334,168770400
2021-03-17,21.46962493057264,22.806116334187244,21.10989148049281,22.39873504638672,196370800
2021-03-18,21.348125845333374,21.560153731094708,20.237955731051137,20.3427791595459,228253600
2021-03-19,20.309426832053724,20.857365174495666,19.86869476578307,20.602455139160156,193286400
2021-03-22,21.03365692155763,22.124767876541977,21.03365692155763,21.70071029663086,141101200
2021-03-23,21.929414387916314,22.21053024682093,21.243300119360494,21.417211532592773,187780800
2021-03-24,21.7007106454629,21.70785918447597,20.309426467241778,20.33563232421875,190483600
2021-03-25,19.968752723955138,20.530984515747946,19.451785925996774,20.226045608520508,239874400
2021-03-26,20.183162352489326,21.195655727868527,19.89966362575782,21.119421005249023,215060400
2021-03-29,21.02174721834051,21.331451844346002,20.421398921603306,21.107511520385742,190589200
2021-03-30,20.71442198376555,20.914539261017897,20.240337372567097,20.80733299255371,148349600
2021-03-31,21.152773327395344,22.060443266621235,21.08606817310608,21.7412109375,161968800
2021-04-01,22.5464379496954,22.877582657968198,22.494026243192547,22.84661293029785,145087200
2021-04-05,23.396934104258307,24.390368309361733,23.339758518715854,24.218841552734375,130539600
2021-04-06,24.147365801635793,24.60477402820262,23.9925135470728,24.161659240722656,120606800
2021-04-07,24.068757127069187,24.533314062067678,23.847199651627914,24.340343475341797,98987200
2021-04-08,24.995482136016598,25.143187700703304,24.800130553084678,25.100305557250977,113619200
2021-04-09,24.781070688554813,25.600595264793796,24.614307812031313,25.555330276489258,129438400
2021-04-12,25.324245218819325,25.5481836801589,25.009776780429732,25.455272674560547,109632000
2021-04-13,25.819770474886106,26.443943489046113,25.757831015010144,26.32720947265625,115022000
2021-04-14,26.39391972395257,26.427272306507387,25.195604145874672,25.40286636352539,161227600
2021-04-15,26.05562160716542,26.6273810590802,26.024650061507742,26.524940490722656,120798000
2021-04-16,26.660740036152404,26.679797354935992,26.181889686116225,26.63691520690918,117488000
2021-04-19,26.24144595066247,26.532091394596502,25.431450898119877,25.910301208496094,159168000
2021-04-20,25.741155393036216,26.04371143204111,24.869219064072766,25.343303680419922,158283600
2021-04-21,25.01454066980726,26.022270107954277,24.781070823820947,25.98415184020996,111057200
2021-04-22,25.888860717473214,26.117564895310558,24.76201611778778,25.038366317749023,174848400
2021-04-23,25.186071638734898,26.281946494670834,25.186071638734898,25.98177146911621,107686000
2021-04-26,26.041325897189004,26.555911576087777,25.860269588757753,26.496353149414062,99976800
2021-04-27,26.555914235922028,26.60356025500164,25.91268207287258,26.148534774780273,119312800
2021-04-28,26.060385906145576,26.30100246691949,25.722094467483803,25.87932777404785,118950000
2021-04-29,26.64882570784123,26.736972844005063,25.390951879490153,26.139005661010742,148124400
2021-04-30,25.560099622044486,26.158066852039266,25.417159733511124,25.64824676513672,118440400
2021-05-03,25.91030102205116,26.08421062736412,25.11698226375862,25.228952407836914,134222000
2021-05-04,24.645277593578328,24.70245499500417,22.97764155448437,23.899606704711914,211234000
2021-05-05,24.309367767859626,24.502336489598708,23.442197216665683,23.620872497558594,136429200
2021-05-06,23.554168388058667,24.175958538370782,23.0586418176619,24.137840270996094,169663200
2021-05-07,24.769163700164093,25.271837066631623,24.48328210474759,24.72866439819336,158706800
2021-05-10,24.41657195359691,24.457073064868382,22.813260134356977,22.87043571472168,184214800
2021-05-11,21.581592113966117,22.92761301366896,21.441035089704894,22.756084442138672,228806800
2021-05-12,21.68403069855561,22.19146964571468,20.802566730534718,21.024124145507812,236158000
2021-05-13,21.58398105771048,22.07712493138631,20.98124985850442,21.467247009277344,208602000
2021-05-14,22.12714763432451,23.08246537663918,22.017560339376498,22.863290786743164,144263200
2021-05-17,22.515470411708222,22.670322700277598,21.853180930753396,22.477352142333984,138542400
2021-05-18,22.68223443102797,22.937144463088767,21.962769327597243,22.005651473999023,131684000
2021-05-19,20.881183239594264,22.1533502685627,20.8049485316888,22.086645126342773,191889600
2021-05-20,22.41064765916037,23.5517874821984,22.353472070967126,23.363582611083984,139226400
2021-05-21,23.713787183496184,23.806698198593168,22.89664536585353,22.977643966674805,128133200
2021-05-24,23.477934111749875,24.380838321799146,23.399316546997596,24.128311157226562,92181600
2021-05-25,24.478512626172325,24.642894460469673,23.97345652885137,24.24504280090332,106728800
2021-05-26,24.38560359932515,24.595248617519644,24.233134164714787,24.490427017211914,78034800
2021-05-27,24.387983116294965,24.576187946546195,24.16642571537428,24.20454216003418,83216800
2021-05-28,24.485662252480573,24.800130700473527,24.371311080980824,24.440397262573242,81857200
2021-06-01,24.74057048385245,24.847776744176585,23.892459055688306,24.20216178894043,103863600
2021-06-02,24.287929058633296,24.530928491204257,23.949637584154466,24.32843017578125,83178800
2021-06-03,23.701871989406367,23.982987848098347,23.199198701257327,23.563697814941406,121032000
2021-06-04,23.97346091661498,24.869220299697425,23.94963790581805,24.77154541015625,91175200
2021-06-07,24.640514964822874,25.00739513008372,24.49280939670618,24.990718841552734,62193200
2021-06-08,25.390953983070325,25.591069464351108,24.640517293108775,25.01930809020996,92944400
2021-06-09,25.338542816391065,25.51960098260877,24.99786846746085,25.047897338867188,77803600
2021-06-10,25.116983233856455,25.848360741583342,25.014542653145167,25.81500816345215,117206800
2021-06-11,25.829298322401318,26.02464989129628,25.67206501942681,26.019886016845703,68338800
2021-06-14,26.119947268984493,26.77032618292298,25.84836094911898,26.748884201049805,90823200
2021-06-15,26.686942259641384,26.763176982322975,26.077064478188667,26.25335693359375,90108000
2021-06-16,26.35341587010732,26.603560196090022,25.138422392897468,25.972240447998047,157778000
2021-06-17,25.71971414744247,27.17770527895862,25.712567426112063,26.941852569580078,144323600
2021-06-18,26.541621561387746,26.82035459798152,26.12947639586992,26.298622131347656,142894400
2021-06-21,26.35579626478353,26.87276482787076,25.82215323127766,26.77985382080078,107708400
2021-06-22,26.756027874761063,27.64702327501161,26.67502928432683,27.52790641784668,103578800
2021-06-23,27.532673654872013,27.8638184128258,27.380204204486642,27.5755558013916,93996800
2021-06-24,28.0496380705089,28.4665470862555,27.918610613250266,28.082990646362305,93672400
2021-06-25,28.228312460152374,28.29025373514724,27.83760931186908,27.994844436645508,86993200
2021-06-28,28.2950151701365,29.035922107378287,28.2878684500954,28.98589324951172,88787600
2021-06-29,28.959690138323786,29.321806407026237,28.747662275003925,29.31227684020996,74560000
2021-06-30,29.276539079335098,29.374215768211595,29.02877581464958,29.18362808227539,80546800
2021-07-01,29.083574394286202,29.336101568194557,28.74290008534421,29.197925567626953,83834800
2021-07-02,29.693453482541713,30.291420684388715,29.631512200647244,30.188980102539062,93502000
2021-07-06,30.36288616606408,30.674971750228956,29.66009743578197,30.59397315979004,109599600
2021-07-07,31.184794770153957,31.261031310994436,30.27950765862334,30.789329528808594,115275600
2021-07-08,29.46713082932713,30.46056505341145,29.121690828122627,30.25568389892578,152524400
2021-07-09,30.084157421628305,30.922741232850836,29.92930512183524,30.767887115478516,92875600
2021-07-12,31.16097629651756,31.2777085115225,30.74644824863334,31.15382957458496,87126000
2021-07-13,31.060924513226567,31.940007831172128,30.92512950013803,31.137157440185547,119450000
2021-07-14,31.770846570999367,31.942375126857186,31.10141045154546,31.306291580200195,136042800
2021-07-15,31.306290616549298,31.346789908330518,30.12703274011544,30.658294677734375,137192800
2021-07-16,30.88938194577753,31.139528054013812,29.81971134035,29.905475616455078,127402800
2021-07-19,29.019246927285824,29.302745616912098,28.50942694569871,29.188392639160156,202286400
2021-07-20,29.407573629944686,30.56538975894493,28.95731200395339,30.150861740112305,121544800
2021-07-21,30.091301705660737,30.87270804537851,30.017449831351776,30.83935546875,81763200
2021-07-22,30.934657616983177,31.49450481580971,30.93227295269453,31.48735809326172,94957600
2021-07-23,31.85184692620325,32.66422476571321,31.51593651606106,32.53319549560547,103898400
2021-07-26,32.404543947415696,32.77380685310349,32.17107233972622,32.668983459472656,85977600
2021-07-27,32.59752255111142,32.59752255111142,30.45341892592665,31.601703643798828,178782000
2021-07-28,31.889962344915702,32.36642973173043,31.272937951428478,31.947139739990234,143940400
2021-07-29,31.799442626257047,32.42837963413529,31.797061597212394,32.1043815612793,88638400
2021-07-30,31.053769471135865,31.768470691321653,31.034710335711903,31.62314796447754,113118800
2021-08-02,32.05196809148049,32.20682221474245,31.451621640701994,31.613618850708008,109120000
2021-08-03,31.789907755155166,32.209197788115574,30.934649584180534,32.16393280029297,126835600
2021-08-04,32.18300554214644,32.580855581257495,31.87568551696039,32.32356262207031,96856800
2021-08-05,32.53320696871014,32.990615425993106,32.35215059035624,32.93105697631836,77340400
2021-08-06,32.58798825124867,32.859574540741235,32.19966976799367,32.50222396850586,86306000
2021-08-09,32.61657378254777,32.82383591950771,32.32354374079912,32.67613220214844,68421600
2021-08-10,32.82145810372832,32.90245668987505,31.85661088473312,32.1877555847168,106162400
2021-08-11,32.518897781900385,32.64992703479302,31.646961628277555,32.01384353637695,93188000
2021-08-12,31.87805324679346,32.44743168781506,31.50402819954768,32.347373962402344,79490800
2021-08-13,32.44267685856048,32.78335307989716,32.31165117782103,32.671382904052734,73289600
2021-08-16,32.3854928152818,32.740458735272796,31.327734505854274,32.72854995727539,122458400
2021-08-17,31.973342225032773,32.244928461514135,31.201463831011228,31.868518829345703,166395200
2021-08-18,31.708908184424818,32.09484563051453,30.853646404710073,30.941795349121094,130084800
2021-08-19,30.43197622915568,31.828027853054987,30.362888229192084,31.38252830505371,163247600
2021-08-20,31.673178461542264,32.464116309510366,31.58503313137621,32.35214614868164,125082400
2021-08-23,32.645164989511265,33.995949688951924,32.63801826902411,33.793453216552734,96532400
2021-08-24,33.97451039499857,34.29136167359855,33.84586578778708,34.12697982788086,72686800
2021-08-25,34.18415541545323,34.40094532286489,33.97927428508737,34.165096282958984,76127200
2021-08-26,33.988808704172556,34.18892418189872,33.45754845908098,33.5861930847168,107004800
2021-08-27,33.755333097546014,34.686827724922466,33.62430383721108,34.567710876464844,92320000
2021-08-30,34.78212819336797,35.85894578267829,34.77021577859879,35.713623046875,91270400
2021-08-31,35.78746548543336,35.80652461700289,35.18473453578272,35.613555908203125,91796000
2021-09-01,35.93278909594681,36.40687546349678,35.75173279417203,35.80890655517578,95568000
2021-09-02,36.199610788890936,36.2925217885403,35.40153005732793,35.758880615234375,95038400
2021-09-03,35.42535123767483,36.197229751211616,35.4158234889359,36.08049392700195,93201200
2021-09-07,36.10431266675487,36.42116387750249,35.77316801772886,36.22819519042969,90370800
2021-09-08,36.166256654539694,36.175788038027534,35.18950068618252,35.85655212402344,126846000
2021-09-09,35.90896771803315,36.23535038743387,35.399147700931834,35.472999572753906,110573600
2021-09-10,35.973296149973294,36.175796290973636,34.570099511781336,34.674922943115234,138435600
2021-09-13,35.32767768210644,35.44441351667863,34.01024546616129,34.5963020324707,155549200
2021-09-14,35.008447025579876,35.22524059930999,34.0245441608541,34.29851150512695,119258400
2021-09-15,34.422395636672086,35.153771354438696,33.77201488581597,35.05847930908203,111785200
2021-09-16,34.67492083441132,35.289564306542644,34.12460148853375,35.1275634765625,105230800
2021-09-17,34.99652636163349,35.00367308126658,33.58142134692047,33.88636016845703,154650400
2021-09-20,32.26161009209357,32.74760891908146,30.49391631682178,31.801820755004883,243827200
2021-09-21,32.25207984070875,32.57845885021728,31.587405774365116,31.842317581176758,143401200
2021-09-22,32.128203903081214,33.16928423487006,31.830411713424578,32.77381896972656,175338800
2021-09-23,33.093053497669665,33.96498995867842,32.916759201159415,33.68387222290039,138739200
2021-09-24,33.047776408562804,33.88874100886654,32.94771869909647,33.779151916503906,109550400
2021-09-27,32.9262904199501,33.209785548142875,32.256850483517155,32.96440505981445,156710800
2021-09-28,31.71843745531486,31.897112745990395,30.034125121249964,30.21518325805664,297646000
2021-09-29,30.484388807503745,31.039472034065415,29.850688011412252,30.01506805419922,195061200
2021-09-30,30.4415030594268,30.860793078805806,29.560039062746643,29.676773071289062,234624000
2021-10-01,29.83877289359773,30.496296640320725,28.788161334846308,30.21756362915039,208708000
2021-10-04,29.80303835335386,29.89594935982267,27.74708198029155,28.359342575073242,257236000
2021-10-05,28.58090307444924,30.01745228588986,28.52134463737406,29.450456619262695,162612800
2021-10-06,28.649987613514195,30.09368337193404,28.411753894034803,30.031742095947266,234990800
2021-10-07,30.80839023196841,31.52785353818519,30.66782955703493,30.84412384033203,150815200
2021-10-08,31.12999949600343,31.189557925505653,30.248535466402124,30.37003517150879,157132000
2021-10-11,29.984099637545125,30.896535327656498,29.6696311632149,29.695837020874023,136215200
2021-10-12,30.057954374148924,30.16516066137301,29.209842733178558,29.393281936645508,174403600
2021-10-13,29.965039733450098,30.243772774957176,29.445690103958146,30.08177375793457,140921200
2021-10-14,30.996589186202968,31.792288931674964,30.827441646998082,31.74226188659668,121750000
2021-10-15,32.0662641280719,32.36405631486618,31.785146413455656,32.33070373535156,102858000
2021-10-18,31.982879744683277,33.357489448760944,31.823263574355263,33.30031204223633,100876400
2021-10-19,33.60047883285689,34.074565195826835,33.419422532831256,34.03168487548828,106450800
2021-10-20,34.18415411311302,34.35806369215543,33.514714378414475,33.924476623535156,118709600
2021-10-21,33.69577207475378,34.59391406070516,33.62192021603063,34.5319709777832,92100400
2021-10-22,34.17939776763668,34.46289652307834,33.2002568706464,33.65766525268555,140248400
2021-10-25,34.06503939218991,34.956031138228276,33.52424785438192,34.66777038574219,118951600
2021-10-26,35.33483270558976,36.02094345622,34.69874537325542,34.99177551269531,167975600
2021-10-27,35.15376483705505,36.1448179197241,35.082293998708735,35.26811599731445,145068000
2021-10-28,35.808913134010695,36.50932091624791,35.592119556621384,36.42593765258789,130737600
2021-10-29,35.54209212580177,37.02152161025073,35.444415420311195,36.96434783935547,134514400
2021-11-01,37.116814297722584,37.38601592937658,36.49263947950437,37.32884216308594,130045600
2021-11-02,37.171612694044036,37.967312567420365,37.154938221390296,37.82675552368164,120171200
2021-11-03,37.96016827731334,39.14657507666465,37.65761400483117,39.02745819091797,145210400
2021-11-04,39.411007066709075,40.82135404951232,39.24424417064877,40.48305892944336,160879600
2021-11-05,41.08578678924709,41.37166651117604,40.19717244308109,40.633140563964844,170505600
2021-11-08,40.618846684025115,40.95237241681028,40.27578956735589,40.46637725830078,112919600
2021-11-09,40.7975234437865,40.926168049628785,39.20612398221274,39.63256072998047,176237600
2021-11-10,38.765391317528525,39.64208966470226,37.283577284175486,37.89583969116211,193953600
2021-11-11,38.77253777539873,38.82971517662765,38.09357022204281,38.20315933227539,115438000
2021-11-12,38.5485970869848,39.56347504582188,38.05783621259786,39.415767669677734,127640800
2021-11-15,39.7635896004545,39.85888163085125,38.61530136783655,39.40385437011719,139458400
2021-11-16,39.139414439820136,40.35917350142356,39.0846217046116,40.2186164855957,103181600
2021-11-17,40.311527040263115,40.90234561401024,39.973231978396896,40.26626205444336,115936000
2021-11-18,40.89996722772278,41.66708017051454,40.20670979874781,41.4979362487793,173683200
2021-11-19,42.03157039773854,42.61286121360955,41.76713447764873,42.20071792602539,129214400
2021-11-22,42.712924496860964,43.68253753747047,40.70461586752719,40.73796844482422,179044800
2021-11-23,40.368698576756245,41.016694512929156,38.78206130795826,40.18287658691406,226025600
2021-11-24,39.38241405009543,40.63314102859965,38.67247861156963,40.55452346801758,198241600
2021-11-26,39.73262541489683,40.17574034512522,37.81246192896004,38.3175163269043,177682400
2021-11-29,39.594448201847406,41.01432293980162,39.38718600427909,40.697471618652344,158932000
2021-11-30,40.42349718708353,41.16440422592688,38.28654399312358,38.94883346557617,302586000
2021-12-01,40.2281449374372,40.885668676903066,36.799961951507946,36.950050354003906,302551200
2021-12-02,36.54981072202861,38.24127130282577,36.12813609090008,37.645687103271484,396432800
2021-12-03,38.11740218712696,38.42234111381128,34.527217623750744,35.75412368774414,480573600
2021-12-06,35.875615600934815,36.99293234737929,34.6701535399194,36.59031677246094,304828000
2021-12-07,38.53907336818811,40.0899737162087,38.53192664675803,39.88985824584961,270578400
2021-12-08,39.99706565882763,40.49973903579591,39.420540398184166,40.4449462890625,205243600
2021-12-09,40.059005047454335,40.62123686305742,38.59386888638646,38.698692321777344,212802000
2021-12-10,39.49201033461657,39.98277128518973,38.54145634951669,39.89700698852539,203075200
2021-12-13,39.89699886794748,39.997056587830514,38.06498109483619,38.18171691894531,179145200
2021-12-14,36.716581593159816,37.53610621243146,35.69456048289028,37.045345306396484,230933600
2021-12-15,36.916700824786254,39.61112376044495,35.742206632098096,39.496768951416016,269061200
2021-12-16,39.78741708287684,39.93273981506742,35.961383658346676,36.483116149902344,296220000
2021-12-17,35.45632322496699,37.11442779822627,35.02035510277472,35.92564392089844,300020800
2021-12-20,34.548657321245265,35.079917533276706,33.948307290267785,34.85121154785156,241866000
2021-12-21,35.77317497807757,37.27166342339013,34.71303568932535,37.18113708496094,219124800
2021-12-22,37.06440283146371,38.59386288745114,36.88334651175975,38.50809860229492,177222800
2021-12-23,38.63436335188338,39.854118879729036,38.58671733316908,39.422916412353516,131308400
2021-12-27,39.806462088059526,41.34068746749186,39.78502193071424,41.307334899902344,125963200
2021-12-28,41.63372822510882,41.686139940145736,40.506883622131994,40.821353912353516,144825200
2021-12-29,40.811815592200425,41.212050108552376,40.0113501946544,40.757022857666016,115494800
2021-12-30,40.68317806202744,41.371673446618686,40.20671056721941,40.3758544921875,113271600
2021-12-31,40.17335022751786,40.5950212616527,39.47770825569753,39.62541198730469,120497200
2022-01-03,39.98276792444209,40.842791847674114,39.337152907269505,40.76893997192383,153010400
2022-01-04,40.9357002209743,40.94999366243628,38.210305904043175,39.1846809387207,213296400
2022-01-05,38.68438878316759,39.003621063893235,35.49682076220994,35.580204010009766,266490400
2022-01-06,35.027501436481444,36.40449196375873,34.405711319584704,35.48252868652344,308453200
2022-01-07,35.472999975117624,35.95899880674661,33.82918873702945,34.32233428955078,285426800
2022-01-10,32.95963987195706,34.52959936940642,31.470678974871152,34.44860076904297,358434800
2022-01-11,34.16986092375439,35.98043866089363,33.60048247487761,35.96376419067383,308653600
2022-01-12,36.680851102762595,37.14778722120396,35.70647592908209,36.37352752685547,276742400
2022-01-13,36.74993031451402,36.950049391012456,33.36224671188051,33.73389434814453,173531800
2022-01-14,32.9191419535487,34.33901688087084,32.87626161805365,34.24372482299805,178451600
2022-01-18,32.63325492882751,33.21931149711601,31.475438869413118,31.775615692138672,155320000
2022-01-19,32.09484848340953,32.738078829121434,30.570154061339956,30.670211791992188,183284400
2022-01-20,31.456383834378943,32.48555541471577,29.302752259644024,29.483810424804688,172197000
2022-01-21,28.883456322462447,29.555275354547344,26.920410936542876,27.00140953063965,342054600
2022-01-24,25.657769799127887,27.515993461201663,22.951434712429357,27.392112731933594,510169200
2022-01-25,25.800716321256246,26.829886067270063,24.65719357342787,25.37189483642578,347498000
2022-01-26,27.153880516125152,28.040108437902102,24.47613216402001,25.32424545288086,415676200
2022-01-27,26.39629482568173,26.79652751648716,24.318896659957286,24.566659927368164,323528200
2022-01-28,24.966894513798493,26.901351151583665,23.871017950774124,26.858469009399414,334032400
2022-01-31,27.182469898442733,29.56957303745121,26.78700282750285,29.459985733032227,227502200
2022-02-01,29.741097116246063,30.184211986571903,28.45940034043098,30.022212982177734,203691600
2022-02-02,31.075208182773345,31.146679028482883,29.70774527007936,30.73215103149414,201630400
2022-02-03,28.264048385824342,29.09786640554204,26.73935221482475,27.03476333618164,211150000
2022-02-04,27.096703077341655,28.783398268182992,26.629765199538735,27.968639373779297,193068800
2022-02-07,28.144931142166737,28.71669242569418,27.02523340084221,27.334936141967773,153912200
2022-02-08,27.063349488597158,28.507047028281548,26.791763200628402,28.264047622680664,158593200
2022-02-09,29.33133597275758,30.055566692556667,28.950160570436672,30.01744842529297,151075400
2022-02-10,28.259285819812543,29.974567955632736,27.539818934494267,28.025815963745117,254286600
2022-02-11,28.006759828173923,28.37364003123658,25.043133133727185,25.386188507080078,268511200
2022-02-14,25.205129684931762,26.191417194399783,24.633368362068484,25.457656860351562,190125000
2022-02-15,26.6011801937694,27.36829130729204,26.37247420464829,27.301586151123047,163444600
2022-02-16,26.810824560259007,27.539819202438352,26.06277078319911,27.29682159423828,186181000
2022-02-17,26.51065122822011,26.70600282918343,24.762016387594702,24.876367568969727,157671200
2022-02-18,25.057425870448732,25.152719733860938,23.49461305377394,24.03302001953125,226165400
2022-02-22,23.36596287971356,24.538072305056527,22.494026622455195,23.28972816467285,262876200
2022-02-23,23.93772506320411,24.123547074595944,21.426741428126405,21.507740020751953,260920400
2022-02-24,19.420812538958817,23.751901749265635,19.34934351172403,23.613727569580078,389734800
2022-02-25,23.823374225036275,24.781073069147883,22.989556127160007,24.733427047729492,238372200
2022-02-28,24.042546610139272,25.343302504525983,23.785253756063913,24.995481491088867,243401000
2022-03-01,24.738187555002728,25.238479799682477,23.275432722130102,23.842430114746094,248145000
2022-03-02,24.14260411504407,25.276597121898053,23.547019819911792,24.98118782043457,219495800
2022-03-03,25.610127028123898,25.62442047088635,23.523198958584373,23.937726974487305,223888600
2022-03-04,23.427904460166094,23.72807947304474,22.393970930087285,22.913320541381836,231391000
2022-03-07,22.894259032944113,23.127728867106853,20.31180650415802,20.35468864440918,249752600
2022-03-08,20.197450964501655,21.917498413410133,19.42557435538621,20.073570251464844,355936000
2022-03-09,21.63162769216526,22.489268926385936,21.13133530608868,22.22244644165039,219074200
2022-03-10,21.393388852624234,21.736444174586442,20.57862814621375,21.507740020751953,225574800
2022-03-11,22.079501445642794,22.14144272233537,20.054514806993822,20.17363166809082,197814800
2022-03-14,19.9211028458174,20.55003967464609,18.849051185189555,18.99199104309082,246265200
2022-03-15,19.47322353311365,20.91215540297131,19.17305035812771,20.75015640258789,211407200
2022-03-16,21.517263997045024,23.099135346580365,20.81685645832223,23.080076217651367,326175000
2022-03-17,22.67508595596901,23.91390059553732,22.41302922270407,23.851961135864258,192061600
2022-03-18,23.566078910778305,25.448125643494258,23.313551751726106,25.333772659301758,201569600
2022-03-21,25.186070167047085,25.69589020263907,24.19025310529114,25.15271759033203,221094600
2022-03-22,25.286122489435336,26.844170964864023,25.19082865452392,26.63928985595703,186689200
2022-03-23,25.996062741216466,26.81082158228085,25.491006628455104,25.514829635620117,205499400
2022-03-24,25.934125772243984,27.201529230082578,25.448128711595906,27.168176651000977,171150600
2022-03-25,27.177697801069176,27.425461038633777,26.13423315203653,27.125286102294922,198789400
2022-03-28,27.120526126190697,28.40222471787262,26.839412078213627,28.359342575073242,183407400
2022-03-29,29.31227444710714,29.99838684365255,28.654748931097654,29.812564849853516,204013400
2022-03-30,29.38851653738526,29.79827889202905,28.492757098227635,28.916812896728516,167818800
2022-03-31,28.89298619750085,28.983516177255094,27.587466387871874,27.720876693725586,168098800
2022-04-01,27.83999652463769,28.02581856118938,26.87276806895621,27.601762771606445,176162600
2022-04-04,27.816173219699404,29.326574325561523,27.744702367511536,29.326574325561523,137515000
2022-04-05,28.978753530337883,29.140752554862054,27.091942645347654,27.387351989746094,172097600
2022-04-06,26.11994482563288,26.38200155321652,24.96689449723326,25.586301803588867,296859800
2022-04-07,25.3623638271014,26.248593633677594,24.57619357301999,25.753067016601562,229654000
2022-04-08,25.357598847056575,25.53389129864193,24.538074232801762,24.7000732421875,204182400
2022-04-11,23.74237205689902,23.95201706424355,22.846612811737966,22.946670532226562,185914600
2022-04-12,23.899606453397986,24.290309604470988,22.341557723718513,22.651262283325195,247928200
2022-04-13,22.708441167331603,24.223607975417565,22.551207836157023,24.009197235107422,190084600
2022-04-14,24.02348422849095,24.133073324454017,22.312968093312367,22.393966674804688,167843600
2022-04-18,22.141441308491405,22.875199744634614,21.8317367623838,22.455909729003906,175525400
2022-04-19,22.265323240993514,24.02348743930983,22.065207788740178,23.899606704711914,172372600
2022-04-20,24.09495728488308,24.17595769142713,22.603613751305918,22.822790145874023,215629400
2022-04-21,23.651841654664363,24.190250330354967,21.24568162686953,21.483915328979492,268626400
2022-04-22,21.464859192485,21.712622495369647,19.66857660975568,19.77816390991211,248824800
2022-04-25,19.44463498523978,20.564332633058562,19.206401288463116,20.511920928955078,332878800
2022-04-26,20.11645549781276,20.14980807254223,18.15340837544928,18.205820083618164,332263200
2022-04-27,18.1867601638601,19.16351980824053,17.80558659944719,18.124820709228516,316698600
2022-04-28,18.977698136313272,20.359452558325238,18.239172184158043,20.040220260620117,344698400
2022-04-29,19.244524328239677,19.90205006554253,17.248125919586624,17.405359268188477,320116800
2022-05-02,17.27194711273792,18.239175569425868,16.73830401431484,18.224882125854492,311905600
2022-05-03,18.19629038936139,18.66322824988024,17.772234669991153,18.26776123046875,285565600
2022-05-04,18.339235213790506,20.226046112454824,17.405357515164738,20.078340530395508,438806800
2022-05-05,19.296928966636187,19.301692840720428,16.44765424102998,17.08612060546875,455552600
2022-05-06,16.71924178618005,17.40535421442235,15.771070823726044,16.490537643432617,466794400
2022-05-09,15.51378018807795,15.923540651453619,14.298787695290082,14.541786193847656,420419800
2022-05-10,15.590014363835408,15.761542923645461,14.427433619502938,15.042076110839844,463579600
2022-05-11,14.699022234514683,15.532839432445467,13.565029100452755,13.703205108642578,529531800
2022-05-12,13.069503949975116,14.2416135888286,12.716918101487735,13.593618392944336,590993000
2022-05-13,14.222553862346897,15.246958719559382,13.998613574528052,15.07066535949707,395948000
2022-05-16,14.832432470016482,15.142137063589274,14.379788902653251,14.603728294372559,318388000
2022-05-17,15.451840455936127,15.761545043647553,14.88484390269211,15.704367637634277,307981400
2022-05-18,14.989666628788786,15.09925484092317,13.193384902587786,13.412559509277344,328105200
2022-05-19,13.12191486445391,13.827086518304741,12.883681123926769,13.140973091125488,392015600
2022-05-20,13.650793003886822,13.741322078776266,11.87833432055898,13.026620864868164,458111200
2022-05-23,13.174323803107505,13.736555496511691,12.845561033291764,13.66985034942627,341040600
2022-05-24,12.936090543727333,13.036149176605495,12.116566891229137,12.816973686218262,366488600
2022-05-25,12.597800673805125,13.626970378173935,12.573976754062098,13.331560134887695,361283800
2022-05-26,13.226736713516182,14.66566865156348,13.18861935331312,14.446493148803711,337131600
2022-05-27,14.913430805321605,15.885424838487175,14.8991373634624,15.861601829528809,315035800
2022-05-31,15.866365510513301,16.19989308459429,15.1183117693663,15.747248649597168,369158600
2022-06-01,16.06171681073944,16.404773945844706,15.032547223002666,15.38036823272705,398894200
2022-06-02,15.208841756589786,16.666831967790635,14.984902371707923,16.62871551513672,336861400
2022-06-03,15.79013191384976,16.02360177756422,15.132607194754168,15.313664436340332,324723800
2022-06-06,16.018835388292512,16.261834809098723,15.246958617218,15.504251480102539,300958600
2022-06-07,14.970603747354794,16.009301777415015,14.794310433004004,15.880657196044922,274886600
2022-06-08,15.761542736781411,16.171303181095393,15.404192180606755,15.556661605834961,225706000
2022-06-09,15.280311233235324,15.752014816408087,14.260671163889167,14.28925895690918,275959400
2022-06-10,13.464971398439474,13.636499985932211,12.70738801539937,12.764564514160156,343352200
2022-06-13,11.563865626647791,11.902157091543843,10.872987436911092,10.996869087219238,426731400
2022-06-14,11.263689971527851,11.373278173220504,10.730046948562446,11.068338394165039,393201000
2022-06-15,11.463806687077772,12.350036442198915,11.120750447412917,11.864039421081543,549823000
2022-06-16,10.953986665672904,11.015927943656147,10.158285980613398,10.415578842163086,424284400
2022-06-17,10.5156368253202,11.092162931537315,10.315520453322712,10.801517486572266,441181000
2022-06-21,11.349454275414102,11.902156433111934,11.330396050384618,11.616275787353516,318408200
2022-06-22,11.29704278246195,12.1260969436689,11.220808063305606,11.573394775390625,388973600
2022-06-23,11.883098125994017,12.183272211253566,11.516217981618281,12.068920135498047,365372800
2022-06-24,12.440566438659602,13.36014883857933,12.41197773496797,13.331560134887695,303635000
2022-06-27,13.507853595590866,13.579323537715656,12.864622298888516,13.017091751098633,338262000
2022-06-28,13.083796598687316,13.441147209618842,11.797334944607575,11.830687522888184,373741600
2022-06-29,11.806863337287046,12.049861837591289,11.48286533688139,11.854509353637695,380182200
2022-06-30,11.463805647543193,11.85927356209201,10.83963359395663,11.43521785736084,512407800
2022-07-01,11.24463154654682,11.673452052429175,11.006397831191123,11.621040344238281,417200800
2022-07-05,11.154101933418652,12.235683166218276,10.958750369107287,12.221388816833496,441108000
2022-07-06,12.278566333352458,12.731209862951879,12.04509739326211,12.454858779907227,412245800
2022-07-07,12.569210501289565,13.341088143760219,12.564446626687275,13.226736068725586,275732600
2022-07-08,12.85985575891816,13.488792617799511,12.726444552056558,13.288676261901855,319458400
2022-07-11,12.959914689887915,12.993267265174461,12.321448249635539,12.44056510925293,258448200
2022-07-12,12.597799803183149,12.85509175709934,11.868804267639758,12.078450202941895,319233000
2022-07-13,11.358983240105745,12.30715328638369,11.287513309652633,12.002214431762695,361151000
2022-07-14,11.659157943046736,12.235684018680436,11.254161345612504,12.126096725463867,351647000
2022-07-15,12.516801200846118,12.79315230914574,12.297625682517662,12.764564514160156,308760400
2022-07-18,13.15526679777805,13.341088815466536,12.302389612284598,12.46915340423584,319900400
2022-07-19,12.936090598523304,13.636498305268784,12.71691601599717,13.560262680053711,298643400
2022-07-20,13.655556748036949,14.413140049804198,13.550734238475327,14.24161148071289,377126200
2022-07-21,14.29878808570674,14.85625503084482,13.922378369196027,14.846725463867188,319381800
2022-07-22,14.71331492270412,15.023019502056743,13.793733478426637,14.070084571838379,298800800
2022-07-25,14.070084281648041,14.136789434574895,13.536440331864558,13.860438346862793,220897600
2022-07-26,13.574557522848743,13.612674882444942,12.888444141327616,13.021855354309082,231755600
2022-07-27,13.626967479415276,14.889605875936835,13.545967987098603,14.646607398986816,341919000
2022-07-28,14.618021156039278,15.16119374502199,14.065319000178743,15.065900802612305,324071800
2022-07-29,15.308899007959983,16.033129718398676,15.089723517974024,15.894953727722168,292146400
2022-08-01,15.618601966331273,16.40000827035233,15.456602965430882,15.87113094329834,285283000
2022-08-02,15.504253154942214,16.36665818163888,15.34701800477893,15.723427772521973,325375000
2022-08-03,15.98548147268085,17.129004000215318,15.871130310474774,16.981298446655273,294213800
2022-08-04,17.005123959110232,17.281475974047403,16.65730291166047,17.224300384521484,253567200
2022-08-05,16.404778464911733,17.143302829691887,16.271368127877246,16.81454086303711,283898600
2022-08-08,16.962239580328383,17.54829611176566,16.40953744076925,16.643007278442383,267787800
2022-08-09,16.333303838571798,16.37618598238983,15.813954237921875,16.071247100830078,218406000
2022-08-10,17.21953321142642,17.45776693447898,16.82406617630028,17.391061782836914,271554400
2022-08-11,17.786533011871988,18.115294939279558,16.995595200790113,17.12900733947754,273361000
2022-08-12,17.438705945946747,18.12958403284554,17.267179210355835,18.09623146057129,211187000
2022-08-15,17.939004540748236,18.620353303780483,17.934238847255976,18.529823303222656,196308400
2022-08-16,18.372585301316924,18.7632884601256,17.881822597873587,18.410701751708984,220755800
2022-08-17,17.87229168251952,18.26299662943082,17.414883406849256,17.772233963012695,262838400
2022-08-18,17.753181386248087,18.086709058679414,17.481595008680475,17.891357421875,192140800
2022-08-19,17.381535109657698,17.486358546878183,16.70971597150145,16.84312629699707,224256600
2022-08-22,16.147482057574496,16.185600327116966,15.370839582648474,15.518545150756836,224975400
2022-08-23,15.45183872289086,15.890187881019887,15.342251433358605,15.466132164001465,219509800
2022-08-24,15.389900201866373,15.866367711630529,15.294606336397681,15.585251808166504,187005600
2022-08-25,15.856835442234804,16.409537586709458,15.694836443807112,16.404773712158203,222052600
2022-08-26,16.366657446761455,16.552481293405126,14.389318466821605,14.408376693725586,366276600
2022-08-29,13.984319639623168,14.351199788995217,13.798496718799017,13.96526050567627,248441000
2022-08-30,14.19396541916964,14.270200136572962,13.131442341380511,13.498322486877441,327014800
2022-08-31,13.893792059486998,14.008144149051093,13.231502533298844,13.250560760498047,341030600
2022-09-01,12.902738117430868,13.307735619377658,12.397682890244612,13.264853477478027,397320400
2022-09-02,13.646026255934142,13.8366139459091,12.46915208692291,12.712150573730469,454463000
2022-09-06,12.750267734873166,12.874149367945568,12.130859569511161,12.421504974365234,361083400
2022-09-07,12.473918153733724,13.29344185156273,12.440565577192654,13.155266761779785,331569600
2022-09-08,12.878915690844174,13.541205165311396,12.693092764623284,13.36967658996582,410799800
2022-09-09,13.665088363476121,14.303554901040293,13.655558795144797,14.217790603637695,298735800
2022-09-12,14.436964672372891,14.784786632894548,14.384553866127135,14.737139701843262,273141200
2022-09-13,13.455439889846911,13.631733235875533,12.178507053326697,12.311918258666992,391296600
2022-09-14,12.45009418931952,12.707387051032606,12.216625245611096,12.58827018737793,309291800
2022-09-15,12.330977690634112,12.650210931028818,11.744922922216682,11.954568862915039,393730600
2022-09-16,11.535275985114348,11.783039265557298,11.277984046800128,11.721098899841309,392143600
2022-09-19,11.406630163337644,12.021272655781772,11.397100596933369,12.002214431762695,302692600
2022-09-20,11.687744648516501,12.002213032890095,11.425687055678928,11.71633243560791,322118600
2022-09-21,11.821158706060144,12.35003793464706,11.068340074228596,11.073104858398438,591115200
2022-09-22,10.88728083985286,11.011162479371698,10.515635921296342,10.66334056854248,431084000
2022-09-23,10.386990489176435,10.41557919172335,9.743760131293667,10.153521537780762,561304000
2022-09-26,10.082051682683641,10.58234216714305,9.92481745252872,10.01534652709961,490607800
2022-09-27,10.396520661373087,10.649048762487542,9.767583709394055,10.024876594543457,543921200
2022-09-28,10.020112708708698,10.763401817785823,9.85334888769538,10.610932350158691,512039000
2022-09-29,10.1535209436757,10.191638302718344,9.348291620301147,9.715170860290527,540195600
2022-09-30,9.605583601655951,10.048698470135388,9.186292650658462,9.205350875854492,513197600
2022-10-03,9.386409382708406,10.010581504650489,9.224410372618161,9.843817710876465,447222600
2022-10-04,10.434639343286898,10.849166518806854,10.429874558649917,10.758637428283691,463323600
2022-10-05,10.325052023005556,10.958753839088196,10.010583507282727,10.758637428283691,458399000
2022-10-06,10.62522516247603,10.98734058093679,10.444167907640479,10.48705005645752,475087200
2022-10-07,9.948641497480798,9.962935850359663,9.129117683675782,9.291116714477539,501945200
2022-10-10,9.300644189110503,9.343526329302907,8.719353359297674,9.000469207763672,412999600
2022-10-11,8.82417699000908,9.119586286625717,8.452532068779975,8.643118858337402,529747000
2022-10-12,8.686000996587053,8.881352569414643,8.543061131665716,8.62406063079834,401483800
2022-10-13,7.871241773696041,9.348290915642695,7.775947928877757,9.20058536529541,829507200
2022-10-14,9.457878487050925,9.519818851903356,8.31912073307154,8.371532440185547,670132600
2022-10-17,8.962352811992332,9.291115619130332,8.957588028261107,9.195821762084961,460050800
2022-10-18,9.943876798955332,10.005817172057787,9.133881711987192,9.424527168273926,692553800
2022-10-19,9.248232713720267,9.64370064299112,9.05764592409386,9.310173988342285,519702200
2022-10-20,9.21011533392031,9.753287910262868,9.033821985941158,9.152938842773438,529703000
2022-10-21,9.043352392704955,9.858112241697702,8.924235524806978,9.800935745239258,627458000
2022-10-24,9.829523511307352,10.229756259017151,9.434055547354765,10.1344633102417,549244000
2022-10-25,10.234520858051319,10.78722304085777,10.22975607438011,10.744340896606445,476799600
2022-10-26,10.091582210532433,10.720519190997967,9.972465330632456,10.034405708312988,558931800
2022-10-27,9.905756496771355,10.062990683603154,9.419759588822398,9.48169994354248,513258800
2022-10-28,9.410231266013596,10.39175386765321,9.391172133559694,10.339343070983887,510777200
2022-10-31,10.091580009049558,10.18210907248569,9.762817237784263,9.981992721557617,419122200
2022-11-01,10.35840125743377,10.420342528896962,9.62940580190124,9.672287940979004,430464800
2022-11-02,9.66276144684914,9.996288159158157,8.662179492342776,8.671709060668945,662952600
2022-11-03,8.409650980295648,8.55259177194993,8.119006430632206,8.171417236328125,424463600
2022-11-04,8.63835374056662,8.743177152357099,8.02847603759422,8.552590370178223,764740400
2022-11-07,8.652648227253978,8.881352369495794,8.438237525908853,8.824176788330078,401886800
2022-11-08,8.981412207470028,9.348292386311538,8.619296812497971,9.014764785766602,592112600
2022-11-09,8.828942929951657,8.90994243972331,8.352475439245376,8.385828018188477,431138200
2022-11-10,9.60081900666661,10.263109385036062,9.386409197856416,10.220227241516113,656884800
2022-11-11,10.210697938005767,10.877752208400873,10.062993278061535,10.801517486572266,614268400
2022-11-14,10.563282412709237,10.939691190356246,10.39651863908282,10.51563549041748,428451800
2022-11-15,11.268456283007792,11.411397079420254,10.568049379592544,10.939693450927734,636531400
2022-11-16,10.720516616140255,10.75863397220162,10.396518635223927,10.496577262878418,383358800
2022-11-17,9.98199353143858,10.582341724142092,9.96293439704695,10.415578842163086,426924400
2022-11-18,10.74910598328503,10.758635550896079,10.139228196811297,10.406049728393555,389577000
2022-11-21,10.253580360070991,10.386990672486043,9.991522701503609,10.091581344604492,288222600
2022-11-22,10.163049719521622,10.529929839741843,9.9248160168523,10.51563549041748,292477200
2022-11-23,10.506108669529674,10.89681280738455,10.48705044090658,10.830106735229492,357567000
2022-11-25,10.644283246795167,10.720517968534917,10.553754173933127,10.606165885925293,134753000
2022-11-28,10.386991232408763,10.610931541102234,10.034405388207363,10.139228820800781,262765200
2022-11-29,10.158286493547912,10.205933423143328,9.753288955171275,9.89622974395752,275805400
2022-11-30,9.934346265155833,11.26845472818747,9.839052414029496,11.22557258605957,545469800
2022-12-01,11.292279470367852,11.51621885544919,10.96351665963133,11.287514686584473,411007200
2022-12-02,10.696694949089949,11.258925794213503,10.668106246871284,11.15410327911377,363310000
2022-12-05,10.901576887393652,11.054047263186254,10.415580688519357,10.591873168945312,301980000
2022-12-06,10.568049590992675,10.582343034767094,9.767584023197465,9.920053482055664,339801000
2022-12-07,9.79617096146859,10.020111254742119,9.61511372213108,9.800935745239258,347335800
2022-12-08,9.943874858623573,10.244048915345417,9.71516982006613,10.148755073547363,377840200
2022-12-09,10.029641065430685,10.334580900249751,9.896230739687672,9.95340633392334,354007800
2022-12-12,9.962934476605323,10.320285070196014,9.848582395711048,10.315520286560059,225655000
2022-12-13,11.520983753055921,11.544806763418599,10.348873285662423,10.639518737792969,695385600
2022-12-14,10.582340195172995,10.95398508300741,10.043932449453987,10.386988639831543,578911000
2022-12-15,9.939113412517099,10.020112932602617,9.219647300884498,9.35782241821289,428053200
2022-12-16,9.281585905438467,9.438820130933436,8.91470574302035,9.081469535827637,351284200
2022-12-19,9.100527928512117,9.114821369525727,8.566884016793187,8.705060005187988,310533000
2022-12-20,8.576413532465137,8.843235032347444,8.419179320721524,8.666942596435547,345762400
2022-12-21,8.77176674668538,9.171999525976622,8.686002449867306,9.043353080749512,326374600
2022-12-22,8.731080961927074,8.740659986633336,7.940829693781987,8.400612831115723,460900400
2022-12-23,8.242562708418872,8.486822388342922,8.060565783468935,8.424560546875,330134600
2022-12-27,8.36229779653998,8.371876822465342,8.007882058857346,8.06535530090332,263200600
2022-12-28,8.02225186733682,8.23777541723497,7.7109407835444195,7.7396769523620605,364869200
2022-12-29,7.98393724860502,8.381457781111779,7.916885878678174,8.285669326782227,306109800
2022-12-30,8.027041961702679,8.285669326782227,7.902517336476821,8.285669326782227,301941200
2023-01-03,8.496401198339932,8.640083842970588,7.88814677046767,8.098880767822266,359851800
2023-01-04,8.300037183418588,8.376667575150167,7.921674738432214,8.223406791687012,435272800
2023-01-05,8.050988068470279,8.07014612342983,7.797150234800618,7.835465431213379,362504000
2023-01-06,7.974357381925854,8.573032874765728,7.710940530478832,8.448508262634277,466895200
2023-01-09,8.65924284667187,9.08071001869072,8.568243910148366,8.625717163085938,372042800
2023-01-10,8.534716959166634,8.855607032775879,8.477244628270004,8.855607032775879,328723000
2023-01-11,8.94660598337503,9.305811249858463,8.869975599605729,9.296232223510742,302550000
2023-01-12,9.348913853020427,9.540489769372071,8.903499276561591,9.439911842346191,561852600
2023-01-13,9.181286676967746,9.660227033797558,9.147760998150657,9.626701354980469,319566000
2023-01-17,9.607544306905918,9.823067855419591,9.487809205177507,9.6793851852417,279515800
2023-01-18,9.856593600364063,10.014643899109448,9.28665425673408,9.32017993927002,373300200
2023-01-19,9.133392173487561,9.24833774591798,8.898711515587184,9.02802562713623,332741400
2023-01-20,9.186076138711954,9.7943306077209,9.080708676155494,9.765593528747559,322650400
2023-01-23,9.842223677758895,10.536687540124104,9.760803782954051,10.407373428344727,388084200
2023-01-24,10.230167214464492,10.474426927563371,10.172693964644509,10.345112800598145,290013000
2023-01-25,9.847014153863157,10.340323083986819,9.569228764450392,10.268482208251953,436167200
2023-01-26,10.642055521298836,10.881525724947826,10.345112980337634,10.8623685836792,406837800
2023-01-27,10.709107498641629,11.408360035168739,10.694738957964082,11.17367935180664,376822200
2023-01-30,10.800105880350939,10.96773520655614,10.464848141446874,10.50316333770752,347816000
2023-01-31,10.507950950777614,10.97731224845026,10.488792899359382,10.972522735595703,316513800
2023-02-01,10.948577285865017,11.9495627446194,10.70910709790476,11.681355476379395,543277600
2023-02-02,12.433290987520607,13.146912909462525,12.332713952988925,12.888284683227539,535770200
2023-02-03,12.074086796556585,12.998441895657951,12.02619348834917,12.222558975219727,534808400
2023-02-06,11.90166917980481,12.189033603884832,11.743618883586747,11.911248207092285,323632400
2023-02-07,11.892092093454687,12.782921679445328,11.753199829142629,12.648818016052246,519789200
2023-02-08,12.476396008055302,12.59613109801171,11.882510071492263,11.968719482421875,362514400
2023-02-09,12.476395634216045,12.49555368651802,11.46104261337295,11.647829055786133,395196800
2023-02-10,11.379622409745497,11.619092575993914,11.120994191714237,11.408358573913574,367863400
2023-02-13,11.561621577772465,12.021404861217098,11.422729329418502,11.949563980102539,279739800
2023-02-14,11.7531989955727,12.327926983267858,11.518517372902469,12.208191871643066,511474400
2023-02-15,11.983088398254155,12.50034396656337,11.901668497987599,12.481185913085938,275527400
2023-02-16,11.892088415919185,12.390186800054906,11.748406681614135,11.767563819885254,388993000
2023-02-17,11.508938627961202,11.604726163911478,11.159311426898942,11.513728141784668,389804800
2023-02-21,11.063523344015078,11.231152665524125,10.67558187855597,10.704318046569824,300937600
2023-02-22,10.752212902523155,10.943788889748308,10.527110318215533,10.713897705078125,334677400
2023-02-23,11.106626994979228,11.125784133995143,10.512741069386312,10.982102394104004,359540000
2023-02-24,10.416954670901324,10.55105832426259,10.22537867574695,10.426533699035645,345563600
2023-02-27,10.766578836886787,10.919839602556799,10.584581906030202,10.651633262634277,277508800
2023-02-28,10.57500563508566,10.88152724628898,10.536690433685244,10.598952293395996,254631600
2023-03-01,10.565424135911858,10.637265007551228,10.23495594366951,10.340322494506836,308773800
2023-03-02,10.062538913510483,10.680371615879713,10.033802742436809,10.589373588562012,315874600
2023-03-03,10.776158604581735,11.269467527342627,10.718685356747867,11.235940933227539,303353200
2023-03-06,11.379621931600179,11.724458627646433,11.255097340762495,11.283833503723145,303699800
2023-03-07,11.283835740158636,11.389203214408242,10.78573819159203,10.8623685836792,352663000
2023-03-08,10.89589387824047,11.082680338116862,10.69473887779424,11.010839462280273,290985600
2023-03-09,11.06831379641124,11.355677327936442,10.340324112599584,10.431323051452637,393667400
2023-03-10,10.45047986444998,10.61331968105055,9.875751906012402,10.000275611877441,629715200
2023-03-13,9.803908439245395,10.608528357288206,9.641068650426913,10.215797424316406,659081400
2023-03-14,10.594160606328773,10.97252299574791,10.498372173978863,10.910261154174805,434325800
2023-03-15,10.618108425027955,11.120995466387372,10.455268620234063,11.068312644958496,549118800
2023-03-16,10.95815405551336,11.987876468290777,10.881523677842411,11.944771766662598,456714200
2023-03-17,11.939982631856264,12.217767988083896,11.542462192539027,11.767563819885254,403540600
2023-03-20,11.700513870506189,11.935194551918144,11.44188562149732,11.89208984375,328356000
2023-03-21,12.121980745831308,12.452449863371779,11.939983803617098,12.394976615905762,270290200
2023-03-22,12.385340148977601,12.987505677469278,11.87470403808953,11.889156341552734,475836200
2023-03-23,12.332352436441415,12.818902381670055,11.985504441282549,12.313082695007324,392994400
2023-03-24,12.255272739240219,12.447965519026834,11.96623311014447,12.43833065032959,338830200
2023-03-27,12.520226074581501,12.650294054620435,12.072214755890766,12.183013916015625,273591200
2023-03-28,12.110755176294749,12.110755176294749,11.701283272148906,11.980688095092773,236041400
2023-03-29,12.409428395767874,12.703285493138754,12.31789897024007,12.635842323303223,238730600
2023-03-30,12.920064548495425,13.050132534406071,12.761092871992997,12.977872848510742,260300000
2023-03-31,13.006776959471676,13.64266368603276,12.963420962766895,13.613759994506836,254044200
2023-04-03,13.3343552011234,13.546317749718861,13.165748649259548,13.517413139343262,250232600
2023-04-04,13.565585272069256,13.695653249808519,13.209103381060379,13.382527351379395,232180800
2023-04-05,13.233190693701584,13.257277868634578,12.722554529935168,12.95378589630127,258274000
2023-04-06,12.746640471901387,13.276546362554912,12.578034845684503,13.213921546936035,241920600
2023-04-10,12.833351270038026,13.189833147668898,12.606937365265242,13.185016632080078,237057600
2023-04-11,13.180201009068714,13.185018444151279,12.862257644273793,12.929699897766113,208521600
2023-04-12,13.170565156762345,13.242824839948756,12.525043605144512,12.587668418884277,348038600
2023-04-13,12.780363393877902,13.363259270454506,12.761093653082735,13.31026840209961,247523000
2023-04-14,13.107940929478584,13.454788918735396,12.862258162197447,13.23319149017334,285332200
2023-04-17,13.175384729526096,13.305452731667504,12.915248725243277,13.247644424438477,228617800
2023-04-18,13.52222900082211,13.57521986151237,13.10312230629708,13.25727653503418,212829800
2023-04-19,12.944153141380019,13.363259916795911,12.929700835084628,13.228374481201172,191850600
2023-04-20,12.84780523813999,13.286181720061341,12.751458374908838,12.920064926147461,273695200
2023-04-21,12.862257321670947,13.050132691019835,12.645477342551642,12.944151878356934,228888000
2023-04-24,12.915245529707352,13.088669489653393,12.592484781380914,12.867072105407715,215290800
2023-04-25,12.659929972323555,12.741824531111169,12.125206622661386,12.13965892791748,276576000
2023-04-26,12.534676560515704,12.712917023902323,12.288992940133008,12.341983795166016,249724600
2023-04-27,12.794815071913481,13.406615573610333,12.712920509333337,13.339173316955566,255631200
2023-04-28,13.31508586951995,13.623395291166016,13.165749053323275,13.608942985534668,261072200
2023-05-01,13.55595270015568,13.743829006117382,13.425885619206019,13.570405006408691,178002600
2023-05-02,13.555951590148382,13.594490151502216,12.987507121055483,13.209104537963867,249312000
2023-05-03,13.247642458830752,13.58485554349732,12.92488167853506,12.948967933654785,340267600
2023-05-04,12.90079690429724,13.045316289268436,12.659930650124018,12.804450035095215,242621600
2023-05-05,13.064585475824076,13.710106164269506,13.02122947840756,13.589673042297363,195603200
2023-05-08,13.53668370493844,13.748646266457467,13.401798271456906,13.700472831726074,151477000
2023-05-09,13.483691695431077,13.59448994276815,13.396979704008407,13.435518264770508,129681400
2023-05-10,13.739010645150145,13.979876886816179,13.425884714750662,13.869078636169434,303102000
2023-05-11,13.926886177952959,14.061771605598844,13.724558495900032,13.984694480895996,194683000
2023-05-12,14.056953701579387,14.114761083762447,13.570403793851721,13.840173721313477,210763400
2023-05-15,13.897983118455993,14.090675938983415,13.69565542719424,14.05213737487793,172935200
2023-05-16,13.960606095501078,14.326722865532304,13.95097122604011,14.10512638092041,159327000
2023-05-17,14.235193117044867,14.68320442956241,14.08103888452952,14.610944747924805,202209200
2023-05-18,14.644668155988052,15.434710099122565,14.644668155988052,15.396170616149902,271867600
2023-05-19,15.429890730632865,15.531055947954147,15.150486848102487,15.290188789367676,198058400
2023-05-22,15.261284259530353,15.588862474615139,15.256466824740079,15.449159622192383,166624800
2023-05-23,15.20347587726702,15.367264983908655,14.803637980190501,14.851811408996582,212630000
2023-05-24,14.582041059036102,14.78918615354049,14.341174841022946,14.610944747924805,235945000
2023-05-25,15.588866009294266,15.834548807483177,15.261287719933124,15.665943145751953,261747000
2023-05-26,15.805643151790669,16.981069728152107,15.796008281779892,16.851001739501953,252784400
2023-05-30,17.491706742102224,17.665128888605178,16.8799062813653,17.087051391601562,270612800
2023-05-31,16.84618559219747,17.144859218417178,16.57159822270033,16.740203857421875,210289000
2023-06-01,16.73538836583619,17.549515653954185,16.57641575393904,17.347187042236328,216759200
2023-06-02,17.61214087665314,17.915631028795413,17.347186531295144,17.737390518188477,216505600
2023-06-05,17.7084844093217,18.16131409752699,17.612139387516187,17.775928497314453,206261800
2023-06-06,17.674764979838017,17.90117984566244,17.46761985528879,17.75666046142578,159509000
2023-06-07,17.795196948595414,18.093872405938825,16.74983836088413,16.851001739501953,228485400
2023-06-08,16.87027321598482,17.52542974284462,16.836552086307954,17.4290828704834,188153800
2023-06-09,17.669945408918295,18.122773224627505,17.43871406657763,17.641040802001953,207944000
2023-06-12,17.89636188915945,18.551516500826743,17.74702416278849,18.54188346862793,154857400
2023-06-13,18.96580399689867,19.09105544948452,18.459985346473065,18.95616912841797,266534200
2023-06-14,18.95617116104614,19.41381735580389,18.508159835802218,19.36082649230957,305313000
2023-06-15,19.144052393184555,20.27612315343455,19.03325228926481,20.04007339477539,255874000
2023-06-16,20.430273624015076,20.444725009811506,19.582425300126793,19.65468406677246,224810400
2023-06-20,19.408998485396026,19.789567515540238,19.076601959313738,19.558334350585938,168249800
2023-06-21,19.368900651508802,19.436556194060987,18.60535531476212,18.774494171142578,199266600
2023-06-22,18.542530636713252,19.422056334902503,18.479708689324866,19.39789390563965,210199200
2023-06-23,18.76483426535893,19.19009828378998,18.547368663050083,18.822824478149414,225152400
2023-06-26,18.73100442227647,19.170767371303164,18.04478168920265,18.078609466552734,216900000
2023-06-27,18.291240506951272,19.088613716023467,18.170426496090364,18.972631454467773,195354000
2023-06-28,18.687506378991557,19.397893203138757,18.668177542366386,19.08860969543457,217352600
2023-06-29,19.020957497125014,19.117609071115677,18.687509659031,18.958133697509766,198266400
2023-06-30,19.523544658139766,19.982636419119576,19.470386199043034,19.81349754333496,184308800
2023-07-03,19.91015104924158,20.05029575617473,19.736178563872933,19.948810577392578,79868000
2023-07-05,19.678185811266303,20.21943203988485,19.67335221869871,19.934310913085938,139007400
2023-07-06,19.315745086633505,19.533208836359563,18.987130822123426,19.465553283691406,170473400
2023-07-07,19.422063539226674,19.939147459852098,19.22392859621577,19.26742172241211,168624800
2023-07-10,19.214260174959435,19.383400902401196,18.813158602921522,19.281917572021484,172013600
2023-07-11,19.339909340558386,19.629862263128235,18.991964358693988,19.557374954223633,162478600
2023-07-12,20.21460532976773,20.509390028233128,19.885991005322612,20.28226089477539,230335400
2023-07-13,20.789674415258386,21.437237562451966,20.697856434165985,21.292261123657227,164773200
2023-07-14,21.369583633626345,21.92049524888812,21.127955602829033,21.272932052612305,186056400
2023-07-17,21.398579607475575,22.021980421513867,21.31642695500075,21.862506866455078,145525200
2023-07-18,21.75618603617623,22.63571183679295,21.413074707650285,22.384418487548828,196113200
2023-07-19,22.58255338013885,22.78068827272887,22.14279047983049,22.384418487548828,200573800
2023-07-20,21.823842227188607,22.08480092565684,20.630199243935202,20.8138370513916,233862800
2023-07-21,21.205275292784577,21.35025173432156,20.543213198755765,20.630199432373047,205108600
2023-07-24,20.770346782723642,20.929822179255556,20.39340761779469,20.712356567382812,126429200
2023-07-25,20.81867279438774,21.398578615137012,20.81867279438774,21.12795639038086,138199200
2023-07-26,20.934652470429555,21.19077759352501,20.509386619451252,20.910490036010742,205764600
2023-07-27,21.799681084834926,22.07996864004119,20.51422004349796,20.731685638427734,261103200
2023-07-28,21.40824200494749,22.03164273320551,21.32608936377691,21.85283851623535,204487600
2023-07-31,21.906000945485957,22.08963694496552,21.65953929035294,21.89633560180664,159009200
2023-08-01,21.645041180194603,21.85767320072764,21.364751757083322,21.72719383239746,153056600
2023-08-02,21.113456088421906,21.118289681251625,20.06962309774166,20.306419372558594,258044000
2023-08-03,19.866657214425388,20.519052167652603,19.83766118674673,20.16144371032715,201340200
2023-08-04,20.485225119440194,20.8621642752989,19.799002364571717,19.881155014038086,247452800
2023-08-07,20.166276575425258,20.393407529450155,19.784503818844254,20.37407684326172,149792200
2023-08-08,19.953642828603307,19.953642828603307,19.330242079117635,19.85215950012207,188780000
2023-08-09,19.89082144549613,19.914983882339406,19.064453938516024,19.190099716186523,199430600
2023-08-10,19.649189801792257,20.175938940074538,19.02578909031154,19.277082443237305,260554200
2023-08-11,18.86148210893786,19.170765670688528,18.653681870234983,18.890478134155273,201573800
2023-08-14,18.7648310165569,19.54287161359569,18.653680516361767,19.518709182739258,142553600
2023-08-15,19.364072199543816,19.494551570591103,18.78899809172127,18.919477462768555,162553600
2023-08-16,18.80832451638047,19.049952540548617,18.276743600600753,18.291240692138672,190222000
2023-08-17,18.484544517110646,18.53770297930549,17.60501862482029,17.67267417907715,210232800
2023-08-18,17.170086770319532,17.788655764414735,17.09276587649207,17.59052085876465,247002000
2023-08-21,17.817650712932092,18.547368408038096,17.740329815782676,18.441051483154297,191487200
2023-08-22,18.832490827490844,18.837322577366805,18.252583138162024,18.35890007019043,180368000
2023-08-23,18.532870192544344,19.388233687450715,18.49904241394429,19.223926544189453,175454000
2023-08-24,19.755509328113643,19.77000642079336,17.92880006796665,17.957796096801758,232397200
2023-08-25,18.08827021841092,18.63434995393085,17.566352911512197,18.383056640625,278289400
2023-08-28,18.822826903451194,18.929142000019734,18.402394580465575,18.79383087158203,182641000
2023-08-29,18.750334060483894,20.06479108460654,18.697175600909006,19.99230194091797,187495600
2023-08-30,20.02129851991928,20.432065429562005,19.852159637942993,20.32575035095215,185958200
2023-08-31,20.316084749044116,20.770344771601614,20.306419406843887,20.50938606262207,162242800
2023-09-01,20.88149387475852,20.953983021025834,20.175940470789016,20.436899185180664,165058400
2023-09-05,20.282258633300078,20.693025571317946,20.132448582147042,20.49005889892578,123778600
2023-09-06,20.364411105000865,20.412737819534193,19.61053279303761,19.948810577392578,148058200
2023-09-07,19.204592445341373,19.620191017743785,19.030620006743764,19.51387596130371,168623000
2023-09-08,19.480052814330442,19.929481106192803,19.41239541611867,19.571870803833008,149541600
2023-09-11,20.050292355827377,20.34024521995131,19.73617521679699,20.23876190185547,141712800
2023-09-12,19.97780627470149,20.2049372205511,19.523546226477904,19.591201782226562,155524200
2023-09-13,19.610531399885016,20.05029433178092,19.422059991807743,19.784502029418945,170849400
2023-09-14,20.05512708495048,20.412737391088513,19.71684746422005,20.248430252075195,152379800
2023-09-15,20.030962486208107,20.098618034351,19.054785100277513,19.209426879882812,179839600
2023-09-18,19.054783366103933,19.436556031279927,19.0064585056786,19.252918243408203,124798200
2023-09-19,19.04512011283051,19.24808860450954,18.653682063969466,19.136938095092773,148741400
2023-09-20,19.28679261889539,19.34983771852108,18.282929043946456,18.30717658996582,196038400
2023-09-21,17.72522568297518,17.836765871161724,17.24996676593154,17.264514923095703,216821200
2023-09-22,17.521545254603303,17.836767064045997,17.225720372687018,17.27906608581543,188181200
2023-09-25,17.12387858859132,17.526393023825154,16.978389615645725,17.506994247436523,162538400
2023-09-26,17.123877181291256,17.20631919921386,16.57102319946557,16.726211547851562,210679400
2023-09-27,16.881398227023173,17.104478589640085,16.30914731424483,16.828052520751953,256871600
2023-09-28,16.677715538153848,17.540940714840247,16.551627194917838,17.23541831970215,268145800
2023-09-29,17.739775155784404,17.943456749824286,17.085080353579645,17.274213790893555,286858200
2023-10-02,17.298459987886954,17.894960266751742,17.206318585851776,17.68642807006836,236463200
2023-10-03,17.317861950581364,17.647633771172302,16.50798240734458,16.75046157836914,266539000
2023-10-04,16.866847973332373,17.550639057387226,16.798954111790174,17.429399490356445,252759200
2023-10-05,17.405156308800013,17.45850202765741,16.731064443171686,17.245121002197266,218006200
2023-10-06,16.803809225120887,18.27808134857568,16.687418395652877,18.113195419311523,294897400
2023-10-09,17.754324286373574,18.47206237373975,17.526393285329142,18.379920959472656,210966000
2023-10-10,18.433263727541377,19.092807295740524,18.355670475398483,18.680593490600586,216109600
2023-10-11,18.88427635336918,19.112207356224708,18.622400266011056,19.07826042175293,191710800
2023-10-12,19.14130429810379,19.42257914431714,18.486609496628724,18.855178833007812,236509200
2023-10-13,18.957020215722775,19.049161627680363,17.928909127153503,18.142290115356445,259511000
2023-10-16,18.341124016803704,18.913374998076375,18.31687647013335,18.753337860107422,173152200
2023-10-17,18.195638993066186,18.826084529319388,17.870715910170116,18.57390594482422,210387000
2023-10-18,18.171388459027334,18.515708414970593,17.618536281885955,17.788270950317383,263165200
2023-10-19,18.016205023326393,18.19078849067108,17.18692476608422,17.31301498413086,370050400
2023-10-20,17.225718984700524,17.313011626427972,16.49828153695119,16.532228469848633,277722800
2023-10-23,16.328542873215564,17.17237101552051,16.032719904043205,16.67771339416504,263599000
2023-10-24,16.92504621752174,17.259666794498404,16.682567055952486,17.14812660217285,245074600
2023-10-25,16.794107886701262,16.818355433786113,15.79994365646828,15.892085075378418,328363200
2023-10-26,15.702951485411452,15.82903983916832,14.776680209849555,14.965814590454102,374047400
2023-10-27,15.314982145438949,15.630204836268044,15.009458842016162,15.179193496704102,294702200
2023-10-30,15.494417257944777,15.853285345501531,15.314982289181897,15.669002532958984,264305600
2023-10-31,15.673851285947002,15.950277354451599,15.324681661254541,15.896931648254395,222923600
2023-11-01,16.00362340893819,16.794105931674043,15.989075252374702,16.71651268005371,332635600
2023-11-02,17.342105043970168,17.642780470800407,17.167521639642374,17.60398292541504,234134000
2023-11-03,17.797973266560984,18.41871941319763,17.764026327289884,18.2247371673584,228661200
2023-11-06,18.336271703402836,18.530253889241816,18.098641352036662,18.43326187133789,183599600
2023-11-07,18.598148265614217,19.092805905751657,18.413865461421604,18.95216941833496,204502200
2023-11-08,19.010367771609264,19.121907970591817,18.63694961850979,18.986120223999023,187960200
2023-11-09,19.07826139552484,19.25769546545832,18.457515304964083,18.53510856628418,258365200
2023-11-10,18.79213172616406,19.800845749385793,18.70968971367304,19.771747589111328,248927600
2023-11-13,19.51957309054108,19.752352870618306,19.277093921714485,19.592317581176758,180430400
2023-11-14,20.596178987459435,20.98899401493039,20.508886348028323,20.824108123779297,233552400
2023-11-15,21.153884474648034,21.231477743125694,20.659226694364392,20.882308959960938,218432600
2023-11-16,20.736818123044124,20.955049749391204,20.528287735611674,20.9162540435791,178045000
2023-11-17,20.795011756588007,21.095685374975638,20.64467402240967,20.93079948425293,157517000
2023-11-20,20.925950239029106,21.798874761231705,20.92109962031204,21.677635192871094,165655600
2023-11-21,21.3818125914904,21.415759526192446,20.993846302060486,21.284820556640625,148275200
2023-11-22,21.614592295431105,22.026806129751584,21.36241374562276,21.532150268554688,171446400
2023-11-24,21.45940584277265,21.55639787759258,21.26542177313279,21.425458908081055,63975400
2023-11-27,21.343012724162303,21.697033890486495,21.226623774933497,21.362411499023438,121856400
2023-11-28,21.24117416494389,21.62914045312243,21.178129064999506,21.532150268554688,158349000
2023-11-29,21.939513800296677,22.177142325836815,21.401209803709133,21.45455551147461,177523200
2023-11-30,21.483653921384164,21.56124718116915,20.77561519459999,21.275121688842773,186394600
2023-12-01,21.09083679485806,21.551545689263776,20.81440886825795,21.45455551147461,172937600
2023-12-04,20.80956083330631,20.88715408825578,20.23730988431554,20.843507766723633,181143600
2023-12-05,20.518587944128026,21.192679737866186,20.49433854725575,20.993846893310547,167540400
2023-12-06,21.473949945956743,21.493348719251838,20.567078569052796,20.620424270629883,163000600
2023-12-07,21.085984588619507,21.600041002061232,20.906550553254597,21.48365020751953,162755400
2023-12-08,21.168431630320796,21.8231246292094,21.139333464826272,21.74068260192871,181789000
2023-12-11,21.66308791761707,22.34688094534261,21.629140982194144,22.293535232543945,151540000
2023-12-12,22.298381482690413,22.841534238062486,22.09954866197579,22.831836700439453,142899400
2023-12-13,22.977327670690986,23.796906635095908,22.84153807158149,23.636871337890625,230081400
2023-12-14,23.884197538132668,24.116977312447098,23.05976801453831,23.598072052001953,202697800
2023-12-15,23.733863568753996,24.146079321145407,23.61747458805652,23.879352569580078,156731000
2023-12-18,24.000587857341106,24.538890033779694,23.942391527480858,24.378854751586914,116436000
2023-12-19,24.451596693308367,24.761971560492015,24.422500379175197,24.742572784423828,120349600
2023-12-20,24.58816574386312,24.972965142138417,23.60424921239375,23.643217086791992,176165000
2023-12-21,24.300781663896498,24.48587533199207,23.838048422702737,24.427425384521484,149089400
2023-12-22,24.646618866656908,24.81222863796401,24.179015462292416,24.52484703063965,132420000
2023-12-26,24.666101615612096,25.08986706422958,24.656359646230115,24.97296714782715,87371200
2023-12-27,25.01193106375936,25.16292878934514,24.851193227701412,25.10447883605957,111495600
2023-12-28,25.28957046183991,25.333408390975457,24.972964847496982,25.041156768798828,85768200
2023-12-29,25.026545355635587,25.094737278600963,24.354364378522998,24.69532585144043,134245400
2024-01-02,24.037755241927016,24.076723114130843,23.02461471980294,23.443510055541992,176270600
2024-01-03,22.975905260423307,23.156128885217974,22.615461727014864,22.693395614624023,167812200
2024-01-04,22.34269489053153,22.878492058402642,22.274502962896637,22.3134708404541,143735400
2024-01-05,22.337826511366746,22.85413792111834,22.14786273924374,22.396276473999023,170481600
2024-01-08,22.595976311373168,23.818566299688953,22.566752266739375,23.745502471923828,135374200
2024-01-09,23.21457991250102,24.066982660653416,23.1902259198862,23.9013729095459,148431600
2024-01-10,23.950080689578407,24.554069734939997,23.789342853225328,24.37384796142578,147621000
2024-01-11,24.573553254263803,24.826838858780267,23.575024717865574,24.490747451782227,190228400
2024-01-12,24.680711591110875,24.831709316856465,24.276430114829584,24.519973754882812,128214000
2024-01-16,24.295913879401525,24.797613179758642,24.028016248863956,24.505361557006836,145874000
2024-01-17,23.90137269373207,24.154658302438357,23.31686758580145,24.081594467163086,166554600
2024-01-18,24.64174443116501,25.192153552403465,24.407942770536653,25.114219665527344,182140800
2024-01-19,25.484406233689494,26.60470660135607,25.377246437951563,26.56574058532715,186359400
2024-01-22,26.98950672870431,27.237920429634705,26.551127423426486,26.67289924621582,149656600
2024-01-23,26.79467011505966,27.023601728342147,26.43909662814482,26.989505767822266,112172000
2024-01-24,27.739621941387725,28.20235524524958,27.335338592912343,27.432756423950195,179718600
2024-01-25,27.890616257681785,28.022130043529263,27.04308544856313,27.51068878173828,151395200
2024-01-26,27.12102164533385,27.466853190459762,26.877477989652398,27.004119873046875,128382600
2024-01-29,27.086927642183664,27.861396597614537,26.955413835628523,27.79807472229004,115977200
2024-01-30,27.612973783801554,27.725003621231572,27.082048640621736,27.242788314819336,119554400
2024-01-31,26.39525895805292,26.780058354083273,25.6110500003139,25.640274047851562,203451600
2024-02-01,25.956879985431442,26.614447029365692,25.771786310258904,26.546255111694336,162261400
2024-02-02,26.877474243328095,28.095192352003377,26.68751051566921,27.880874633789062,198505000
2024-02-05,27.856522027598047,27.968551883665427,27.06744112159401,27.739622116088867,139947800
2024-02-06,27.949065737508665,28.075707599566968,27.10153314096664,27.57887840270996,140124200
2024-02-07,28.100064107995024,28.57253935735258,27.84677850308636,28.40205955505371,131823400
2024-02-08,28.402057242600257,28.68456687170693,28.26080149900175,28.518957138061523,98922200
2024-02-09,28.752759577478162,29.522358319130582,28.596891807184832,29.356748580932617,110222000
2024-02-12,29.32752712174622,29.780518478464387,28.87453576502805,29.010921478271484,116255000
2024-02-13,27.39378927774461,28.187740201478857,27.004117969647957,27.637332916259766,188933000
2024-02-14,28.153642299295544,28.61637555218296,27.695780959373153,28.514087677001953,156151400
2024-02-15,28.645603901614948,28.840437700773226,28.119548741897475,28.752761840820312,130057200
2024-02-16,28.816082995045196,28.840436987075993,27.81755445705873,27.963680267333984,151933000
2024-02-20,27.55939481282874,27.85164639112972,26.57060652812698,27.31585121154785,163321000
2024-02-21,26.7751859700676,26.99437373989813,26.215034905168725,26.974891662597656,152898600
2024-02-22,28.63098773663408,29.51748637605806,28.48973384738681,29.30803871154785,179279200
2024-02-23,29.62952100494235,29.819484752429922,28.84531016380395,29.040143966674805,140390800
2024-02-26,29.196012549647488,29.405460240570026,28.947598840322716,29.001178741455078,109875400
2024-02-27,29.205750474765523,29.26907233625317,28.674825308654533,29.181396484375,109399800
2024-02-28,28.7527612689483,28.99630490662014,28.518959599754197,28.70892333984375,123503400
2024-02-29,29.264201346259544,29.639256874087305,28.630986467798465,29.400585174560547,136959800
2024-03-01,29.59055245492654,30.93491253902263,29.580810486291504,30.749820709228516,140959600
2024-03-04,30.730333903746963,30.82287981000626,30.350406452893647,30.384502410888672,120418600
2024-03-05,29.761033782099506,29.761033782099506,28.260805839337166,28.75763511657715,193207000
2024-03-06,29.58568442772892,29.92177400726898,28.908631496861403,29.28856086730957,181677400
2024-03-07,29.980223045678837,30.842367792591475,29.668487469909643,30.59395408630371,142370800
2024-03-08,30.6475292809676,31.23690441527303,29.113205538153693,29.25446128845215,296451200
2024-03-11,28.937853823350984,29.166785428407973,28.523830398719397,28.91349983215332,146770000
2024-03-12,29.36649000382457,30.218892669711035,28.718663085867483,30.140958786010742,170560000
2024-03-13,29.926639550279823,29.936381518113688,29.21062256634943,29.439552307128906,143779800
2024-03-14,29.649005223924128,29.76103508672889,28.63586454485588,29.200885772705078,162480400
2024-03-15,28.587152322907134,28.699182176407874,27.90523123315169,28.1341609954834,140883800
2024-03-18,29.16678175845472,29.61490108599585,28.879400239065454,28.92810821533203,129193800
2024-03-19,28.514091771326438,29.215496833683947,28.09519638452338,29.12782096862793,118810000
2024-03-20,29.364908413080514,30.225276347154047,29.017829035773524,30.161725997924805,156556000
2024-03-21,31.16385715484619,31.26162649142824,30.513692651651336,30.55280113220215,126541800
2024-03-22,30.44036385218769,30.88032302342758,30.25949181061556,30.616348266601562,91574800
2024-03-25,30.054177795138347,30.616350055723693,29.848863876187465,30.303489685058594,86669400
2024-03-26,30.60657456200049,30.802111371656522,29.956410054526547,30.019960403442383,93986000
2024-03-27,30.587020725307564,30.616352086300857,29.677769047260742,30.283937454223633,111388600
2024-03-28,30.254604328347405,30.42081163469042,30.015071420991095,30.093286514282227,87023400
2024-04-01,30.269266078839046,30.792331677882313,29.878190651101086,30.279043197631836,112290600
2024-04-02,29.267139232281508,29.536003513822806,28.841844755487266,29.467565536499023,109672800
2024-04-03,29.03738234602631,30.044401457207762,29.027605226089264,29.663103103637695,111683800
2024-04-04,30.479473431510694,30.606574127538163,28.225900403584884,28.26500701904297,167520400
2024-04-05,28.54853791850468,29.785314702705982,28.382330606949193,29.262250900268555,154897200
2024-04-08,29.433345736981458,29.65332627574413,28.993386524251083,29.28180503845215,89725400
2024-04-09,29.72665198581144,29.790200465077955,28.636528341287168,29.58488655090332,119965000
2024-04-10,28.52898342423874,28.978719754562135,28.382330354124367,28.80762481689453,202080600
2024-04-11,29.140040241709364,30.33771043283962,28.685414406444433,30.161725997924805,146931200
2024-04-12,29.27202739704806,29.501783186956864,28.41165949738825,28.704967498779297,172589800
2024-04-15,29.42845720720078,29.443121954403736,27.101554924859297,27.262874603271484,203656200
2024-04-16,27.223765125678884,27.771272621907144,27.003786466524417,27.26776123046875,163766200
2024-04-17,27.639285326391704,27.64417295386193,26.07986922730742,26.2558536529541,171026400
2024-04-18,26.343846661474565,26.6713736557197,25.669240297717913,25.786563873291016,172781600
2024-04-19,25.556808837625656,25.64969055505264,23.880070808567233,24.18804359436035,250807600
2024-04-22,24.628002524933652,25.307496525571604,24.036498876181373,24.891977310180664,142604800
2024-04-23,25.234167501255392,26.211857079845007,25.17061902129938,26.00165367126465,151835000
2024-04-24,26.554049278100436,26.842467783511406,25.82567157336767,26.2558536529541,144316800
2024-04-25,24.88220142931542,26.001654620420574,24.676885640623482,25.835447311401367,172827200
2024-04-26,26.412284218934584,27.311758734778113,26.285185390137052,27.023340225219727,135994600
2024-04-29,27.41441953461035,27.53663074466522,26.82780535338795,27.345979690551758,102355000
2024-04-30,27.0331188218607,27.30198310635469,25.7767877534912,25.78167724609375,125248600
2024-05-01,25.493256152105587,26.78869370679334,25.063072221383067,25.224390029907227,208076800
2024-05-02,25.86966635792065,26.324292178784344,25.02885455577717,26.158084869384766,124829800
2024-05-03,27.536630526687322,27.917928902305768,27.24332250600039,27.71750259399414,150878000
2024-05-06,28.069468201454224,28.64630522862347,27.922815130857543,28.626752853393555,82530800
2024-05-07,28.704967948698116,28.954277982232973,28.489875038014347,28.626752853393555,93320400
2024-05-08,28.1085741634245,28.8516184346504,28.08413229798048,28.57297706604004,78027200
2024-05-09,28.59742184690154,28.841844255849416,28.230788233479725,28.72941017150879,81439200
2024-05-10,29.017829449953233,29.364908832214184,28.616976837945792,28.92494773864746,92669600
2024-05-13,29.291581250552824,29.31602498383215,28.832067782744936,29.115598678588867,67722000
2024-05-14,29.01782904329089,29.77065051960151,28.978720562279687,29.658214569091797,92952800
2024-05-15,30.156834451354793,31.100305046101266,29.848863576025444,31.026979446411133,130481400
2024-05-16,30.97320827483364,31.383836135833587,30.79233621251771,30.836332321166992,87715200
2024-05-17,30.841218395830406,30.97320671513178,30.318154610892503,30.76789093017578,70099600
2024-05-20,30.806999587794554,31.54515441691457,30.772780600902596,31.40338897705078,74539000
2024-05-21,31.01230981348489,31.61358862338414,30.96831371203886,31.56470489501953,62314000
2024-05-22,31.623371530292406,31.774912225901023,31.00253654130832,31.545154571533203,80039400
2024-05-23,32.50818025137757,32.513069743820864,30.699454059920875,31.075864791870117,130877800
2024-05-24,31.408283869229724,32.20998918246617,31.256741283514934,31.946012496948242,82558000
2024-05-28,32.19531192900186,32.312633611582285,31.677137745481698,32.2930793762207,83186400
2024-05-29,31.40338967897033,31.990005691131305,31.383835438939304,31.61848258972168,79282200
2024-05-30,31.40827925827171,31.432722990775602,30.303490800591707,30.6016845703125,84703600
2024-05-31,30.601685724882373,30.743451173655743,28.82229083549058,30.567466735839844,143746400
2024-06-03,31.154080139342216,31.35939593333358,29.79997976483975,30.86566162109375,111435000
2024-06-04,30.797221405962706,31.349614669480847,30.440364937256298,31.095417022705078,88491800
2024-06-05,31.833570734402205,32.987244616377005,31.603813110424007,32.97257614135742,104871400
2024-06-06,33.11434568331399,33.18278365689637,32.679274110001764,32.933475494384766,73031200
2024-06-07,32.81127166748047,33.40277356040995,32.56684921273652,32.81127166748047,89943400
2024-06-10,32.552181510634824,33.27078414149207,32.49841200052942,33.15835189819336,72041800
2024-06-11,32.90903228869051,33.886721903600616,32.586396655156925,33.84272766113281,71386800
2024-06-12,34.71287170950671,35.6954471123176,34.57110626416807,35.17727279663086,124402600
2024-06-13,35.9643167387748,36.120746947130215,35.231049437810576,35.73944854736328,87285000
2024-06-14,35.66122669721916,36.27717219000616,35.55368397398701,36.25761795043945,71555000
2024-06-17,36.311388558566826,37.9930157441496,36.0131929534585,37.572608947753906,93354600
2024-06-18,37.557947912876486,37.75348658417662,37.181535317945496,37.592166900634766,66433200
2024-06-20,37.86591905760842,37.96369025871164,36.28206289563598,36.70735549926758,105455000
2024-06-21,36.61448240804319,36.92245334105335,36.037645298094446,36.370059967041016,77341800
2024-06-24,36.08652466996588,36.48248778296566,35.09905976892803,35.13816452026367,93754600
2024-06-25,35.583012239936735,36.384717386541574,35.37769832596007,36.3113899230957,77675000
2024-06-26,36.11657484366269,36.65635987140937,36.02334166444813,36.53858947753906,72549600
2024-06-27,36.469895284816154,37.14707983180415,36.27360876944382,36.80358123779297,74115400
2024-06-28,36.94588766351542,38.04508687237446,36.04297121977661,36.22453689575195,107803000
2024-07-01,36.39137923681885,36.94588512348331,35.53753354306204,36.81829833984375,86557400
2024-07-02,36.45516931065842,37.97147484678573,36.430632095751754,37.94694137573242,74950200
2024-07-03,37.76047472331311,38.918561103149145,37.76047472331311,38.87930679321289,56150400
2024-07-05,39.04614773442297,40.16497605555115,38.97744801251889,40.0570182800293,79624600
2024-07-08,40.14533732676127,40.46921057505591,39.88525933614153,40.32199478149414,73365600
2024-07-09,40.690034954534575,40.9697419976922,40.05210851525847,40.41032791137695,72033600
2024-07-10,40.886322075158034,41.80886376365056,40.56735697873737,41.67637252807617,77554800
2024-07-11,41.695998819016744,41.74016131336174,38.61921775530102,38.93818283081055,149329000
2024-07-12,39.016703029121174,40.69985357246467,38.91365345428632,39.57120895385742,101019800
2024-07-15,39.97850852315361,41.0335453838294,39.37002362782253,39.86564254760742,109900400
2024-07-16,40.209141314626926,40.41033228273382,39.12956732976798,39.895084381103516,83637600
2024-07-17,37.94694659832972,38.064717009612934,36.35702919866379,36.386474609375,142840000
2024-07-18,37.201058909666145,37.25503779526925,35.11061818011499,35.84178161621094,131678400
2024-07-19,35.72400478034984,36.2981396488702,34.56591866013515,34.87015914916992,118249600
2024-07-22,36.141114927345455,36.622012924405944,35.390322523059666,36.391380310058594,112808600
2024-07-23,36.18037932988187,36.867376589180935,35.89085584730217,35.99881362915039,87127000
2024-07-24,34.46287006139081,34.53647421798284,31.92096960713698,32.117252349853516,159575200
2024-07-25,32.17123319807955,33.04470418577866,30.488084615513525,31.04749870300293,188128000
2024-07-26,31.89643759570447,32.55399312755063,31.297765398737692,31.93569564819336,137407000
2024-07-29,32.51963930262354,32.97109936349354,31.660889164365525,32.122161865234375,115640800
2024-07-30,32.52455055893445,32.67667082829659,30.10042204272135,30.81195831298828,143063600
2024-07-31,32.86804743394322,33.85928873213942,32.57361584118986,33.50597381591797,173408400
2024-08-01,33.65319301862232,34.45796430087198,30.277077566132416,31.091663360595703,210693200
2024-08-02,29.271113998388113,29.79617824389114,27.970720121176708,28.82456398010254,209844000
2024-08-05,24.206940104756168,27.573239017939738,23.946860222900074,26.312103271484375,287924400
2024-08-06,26.562371631652507,28.33875727801356,26.07656354038157,26.969663619995117,192909400
2024-08-07,28.250428672360677,28.711699547759803,26.007863949489074,26.101099014282227,182751600
2024-08-08,27.2101123392954,28.633182896901083,26.50348244460815,28.490877151489258,152879200
2024-08-09,28.18663471117425,29.21222789111386,27.97072104716003,28.878541946411133,125592400
2024-08-12,29.06501458862694,29.639151427831955,28.51541496772429,29.0748291015625,108972600
2024-08-13,29.913949330573224,31.263413928580906,29.884507664649895,31.189807891845703,108962800
2024-08-14,31.40081427595911,31.719777502607712,30.360498433424183,31.243783950805664,124710600
2024-08-15,32.45093782500857,33.677723670040926,32.38223811719503,33.594303131103516,106424800
2024-08-16,33.18210921813478,33.98688053807886,32.97110187547543,33.68263626098633,89675200
2024-08-19,33.702264862125986,35.012471400730284,33.314600040079995,34.987937927246094,91599800
2024-08-20,34.79165127233067,35.36087802238611,34.394170067496276,34.77202224731445,97859000
2024-08-21,34.929051247683795,35.655310209181984,34.55610725427371,35.248016357421875,103000800
2024-08-22,35.75345209301301,35.90066791306417,33.3293217176546,33.555049896240234,127496400
2024-08-23,34.448147890181524,35.19403584242812,33.61393494386072,34.610084533691406,128753200
2024-08-26,34.48249488487389,34.67878136884972,33.13793864699735,33.594303131103516,84981400
2024-08-27,33.23608686400676,34.10464967608778,32.80425581017126,33.87892150878906,71532600
2024-08-28,33.76115518100662,33.91818365303601,31.97495490772697,32.73065185546875,118625800
2024-08-29,33.09868400432035,34.070300140773654,32.284100066274874,32.55889892578125,120033600
2024-08-30,33.427462548630096,33.79549830759416,32.47547552074331,33.667911529541016,92946800
2024-09-03,33.00545217677484,33.03489384326302,30.075886557878363,30.59604263305664,147572600
2024-09-04,29.953207568072564,31.096571152121886,29.761829250668416,30.33596420288086,96798400
2024-09-05,30.002281398106977,31.268325587110347,29.796182226088987,30.434110641479492,110171600
2024-09-06,30.232916665268633,30.409574161525434,27.83332337561013,27.965816497802734,169904600
2024-09-09,28.741142087469292,29.192600306188755,28.13756360368691,29.006128311157227,110835000
2024-09-10,29.334907271646415,29.894321407945327,28.559579465596308,29.786365509033203,91582400
2024-09-11,30.021903490512056,31.871894906221787,28.34856766489902,31.6854248046875,163475200
2024-09-12,31.714874969496552,32.823890724213356,31.351747308588227,32.62269973754883,109802600
2024-09-13,32.46075442591801,33.30478369197451,32.411683740558445,33.04961013793945,87966600
2024-09-16,32.59325035805765,32.73555798685051,31.911157624644403,32.60797119140625,82331000
2024-09-17,33.22136175447863,33.49616435083276,32.12707079266138,32.62759780883789,103114400
2024-09-18,32.887676933371964,33.74152267177506,32.08781382149817,32.200679779052734,166396200
2024-09-19,34.497228842899474,35.23330055012617,34.06049326278665,34.63462829589844,114801400
2024-09-20,34.423619486164185,34.68369754617559,33.520702949526765,34.41380310058594,96759600
2024-09-23,34.65425118286173,34.91432920764279,34.369635941313014,34.66897201538086,69837000
2024-09-24,34.97811757386012,35.37559499142793,34.04575957861828,35.15968322753906,81259600
2024-09-25,35.02184502730797,35.68644212814307,34.98246054947361,35.28276062011719,64724800
2024-09-26,36.88272720485698,36.956572179423425,35.238464300340475,36.03105926513672,107003200
2024-09-27,36.24273433742711,36.26242657459942,35.14491558950989,35.4107551574707,82930600
2024-09-30,35.17938036638848,35.750444046469276,34.549243723479094,35.68644332885742,85862800
2024-10-01,35.58306161302069,35.656906571896435,33.32835090335689,34.17509841918945,134760200
2024-10-02,33.97326020514915,34.72647053747175,33.41204451612797,34.303096771240234,79119400
2024-10-03,33.83541002331515,34.859379952340184,33.66802790370571,34.22431945800781,97749400
2024-10-04,35.44521867962395,35.523987635082385,34.35232383605653,35.430450439453125,110700400
2024-10-07,34.977543477463364,35.23845909392512,33.99787422105487,34.26371383666992,82403400
2024-10-08,34.78554163080672,35.92766506393983,34.6132354992772,35.75043869018555,77914000
2024-10-09,35.701209366267726,36.73995146555209,35.474754258942234,36.61195755004883,78696200
2024-10-10,36.09504594835418,36.897484928205486,35.799669890218816,36.48395919799805,86060600
2024-10-11,36.02120394935645,36.82364675093568,35.888286026862026,36.57749938964844,70735200
2024-10-14,37.138714253142695,37.818079603171924,37.0254848168492,37.512855529785156,67691200
2024-10-15,37.58670260752409,37.73439253173008,35.514142205055215,36.01628494262695,106307600
2024-10-16,36.05566262060666,36.178736295075055,35.282760095181544,35.99658966064453,70784200
2024-10-17,37.20763166949692,37.21747591019308,36.06058419901756,36.104888916015625,97697800
2024-10-18,36.65626366351741,36.995948215379464,36.49380550776507,36.744876861572266,64151600
2024-10-21,36.45934188337678,37.12886293183724,36.02612392798306,36.94671630859375,74995800
2024-10-22,36.336269587500176,37.389779915523455,36.163967198507656,37.05501937866211,76308000
2024-10-23,36.513494991472015,36.661184895721895,34.59846901415943,35.341835021972656,118172200
2024-10-24,36.144274124448806,36.33134850466602,35.563366257915426,36.183658599853516,78612800
2024-10-25,36.77441710335505,37.90669655475765,36.621806929506626,36.79410934448242,114826000
2024-10-28,37.50793663524432,37.50793663524432,36.754726300200666,36.82856750488281,69162200
2024-10-29,36.88764114840895,38.1331461089924,36.46426741595389,37.84761428833008,78545200
2024-10-30,37.685159782109714,37.89684664769937,36.8925650357794,37.00579071044922,80473200
2024-10-31,36.09012293808526,36.099970935308626,34.180020870991775,34.18986511230469,138905200
2024-11-01,34.5000148995773,35.62244626090046,34.44586217987218,34.91846466064453,96678800
2024-11-04,34.7757020517194,35.32707354306672,34.219410316956406,34.59355163574219,82214400
2024-11-05,34.92830515075222,36.05566038984251,34.9135369116754,35.90797424316406,79352600
2024-11-06,37.739310428386865,38.99958355576,37.50793133730286,38.822357177734375,118794200
2024-11-07,39.46234717567191,40.826001918814114,39.43280693799033,40.63893127441406,99545200
2024-11-08,40.47646542625597,40.91460735023618,40.32385529153994,40.73738098144531,70060000
2024-11-11,41.02292050450162,41.07214922602209,39.96448609021341,40.663543701171875,70806000
2024-11-12,40.63400743093183,40.845694314891254,39.70357069248271,40.442012786865234,68286000
2024-11-13,40.29924624690815,40.90476665171099,39.71833832466105,40.26478576660156,74989000
2024-11-14,40.1663268210967,40.382937712834135,39.19650931925157,39.413116455078125,77651400
2024-11-15,38.03960914091298,38.128222335575856,36.080278373015574,36.56272506713867,120601600
2024-11-18,36.88764080291871,37.77869297859786,36.582416746871814,37.30116653442383,77551200
2024-11-19,36.70057113305076,38.17745522281682,36.63657041871153,38.04945755004883,80088200
2024-11-20,37.980537359528704,38.04945831796926,36.483961000985694,38.005149841308594,101260600
2024-11-21,38.66975118267048,38.832205583359865,36.70549257485761,38.379295349121094,109865600
2024-11-22,38.22176032588436,38.69928678730874,37.84761530107085,38.52206039428711,79934800
2024-11-25,39.462345716645586,39.811874509683875,38.17253222561835,38.69928741455078,91515800
2024-11-26,39.03404522100455,39.50664765816873,38.837126599875226,39.29988479614258,69747200
2024-11-27,39.034051368249266,39.04389561069641,37.57685935186413,38.349761962890625,78463600
2024-11-29,38.46297857107613,39.46726007955233,38.32513667389685,39.32941818237305,40865800
2024-12-02,39.619883602340224,40.83584849429176,39.526346396839756,40.60447311401367,73638200
2024-12-03,40.26971442862741,41.02292483962763,40.13679273497378,40.96384811401367,84810800
2024-12-04,41.781053354080925,42.51949541844913,41.603826958159715,42.460418701171875,69992600
2024-12-05,42.46041822397794,42.65241285808308,42.01242824045892,42.11088943481445,54020400
2024-12-06,42.22903824488186,43.25793610828147,42.19950176513704,43.19393539428711,62740600
2024-12-09,42.952712880045155,43.15455551131566,41.88443427487689,42.18473434448242,69577600
2024-12-10,42.46042009780135,42.88871786135049,41.37737320346808,41.72690200805664,71541600
2024-12-11,42.770557391432696,44.11944742254517,42.672099964829044,43.95698928833008,74897800
2024-12-12,43.385932404466054,43.7010007253959,42.96748264284772,43.08563232421875,66348400
2024-12-13,44.020994602273774,44.68559174787069,43.24809201329306,44.01115036010742,79663600
2024-12-16,44.660976903370994,46.17232151998252,44.63636066539034,45.92617416381836,69967600
2024-12-17,45.45356453984379,45.739096329492305,44.88250096054676,45.31079864501953,69168200
2024-12-18,45.11881184953989,45.57172209062531,40.018638248696206,40.412471771240234,134849200
2024-12-19,41.48567811438258,41.61367580469217,39.75280219750695,39.84141540527344,113317600
2024-12-20,38.920818295985484,42.26842380272059,38.64513446222278,40.87522888183594,145241000
2024-12-23,41.21850813666118,42.10264438590581,40.418342955582034,42.013736724853516,83645800
2024-12-24,42.45333380995859,43.70298140068731,42.30021652895185,43.683223724365234,48139600
2024-12-26,43.27820341480255,43.99934168668759,42.769451697425595,43.589378356933594,59062000
2024-12-27,42.66078678815479,42.769448353456724,40.640608697817,41.816165924072266,102139000
2024-12-30,40.107164274049325,41.02587551583364,39.22303179283587,40.136802673339844,102844000
2024-12-31,40.403529791508475,40.58134513188318,38.862464764391625,39.08473205566406,105177600
2025-01-02,39.7811701607831,40.30967574121427,37.8005074402326,38.83776092529297,141370600
2025-01-03,39.509507943322944,40.95178817041508,39.32675603168511,40.69988250732422,92431600
2025-01-06,41.96928729080857,42.89787554196898,41.5049912810325,42.08782958984375,92050000
2025-01-07,42.339731647394586,42.42369894500534,39.37120768537196,39.82068634033203,111021000
2025-01-08,39.791049692143034,40.21089373544771,38.74391918554448,39.85032272338867,96021200
2025-01-10,38.921736294396005,38.931613249193745,37.15840404424678,37.948692321777344,145651600
2025-01-13,36.57557003924982,37.63751803525273,36.22487592417685,37.553550720214844,113382000
2025-01-14,38.269750265722976,38.556227192561096,36.64471789664572,37.420188903808594,125271000
2025-01-15,39.17363718296911,40.2405291559621,38.822946886770026,39.9491081237793,106919200
2025-01-16,40.50725127915416,40.527008956199104,39.119303671781985,39.134124755859375,93055400
2025-01-17,41.33705104958079,41.46053369339635,40.42327647063269,41.06538772583008,87352200
2025-01-21,41.712438100413806,42.05819178507733,40.66530762919472,41.747013092041016,83451800
2025-01-22,42.89293825385105,43.91537837461362,42.82872862235439,43.36711502075195,86265400
2025-01-23,42.74475813126115,43.65358870202012,42.61139474787021,43.63383102416992,60481000
2025-01-24,43.67828379640952,43.8758567931984,42.4829726300044,42.848480224609375,72479200
2025-01-27,38.31914146574237,40.023200733541366,38.12156844827782,39.08967208862305,161821600
2025-01-28,39.307004834313766,41.080214185429526,38.526593447250235,40.82337188720703,101033400
2025-01-29,40.951789410625196,40.986364403203076,39.642872517219914,40.57146072387695,118481200
2025-01-30,41.22838468622912,41.78158450488027,39.93922561565063,41.080204010009766,115171000
2025-01-31,41.94459042493415,43.01641904459789,40.59122148193956,40.85794448852539,118146600
2025-02-03,38.788369809638226,40.49736925081633,38.2005911837737,39.870079040527344,153257000
2025-02-04,39.96392998745126,41.46053922731205,39.87502232130152,41.317298889160156,84634600
2025-02-05,40.6751884168667,41.89519772959987,40.38377114116992,41.855682373046875,79694800
2025-02-06,41.96434256344665,42.54224045056185,41.58401766642993,42.48297119140625,76431000
2025-02-07,42.6064591211015,43.06581477846058,40.675188461845984,40.862884521484375,110870400
2025-02-10,41.85074933252585,42.57682428676744,41.737143614889824,42.30022430419922,65594200
2025-02-11,41.524747492882334,42.47309338846533,41.49511286126774,41.99892044067383,62602800
2025-02-12,40.640612974120565,42.28540293069332,40.55170530705199,42.082889556884766,96986600
2025-02-13,42.468154402882654,43.94006547215402,42.27058141033584,43.85609817504883,92920200
2025-02-14,43.86598154512657,44.54266791885033,43.76225655675583,44.36979293823242,76057400
2025-02-18,44.76493130272482,44.82420433449886,43.83634308194792,44.64638900756836,68825200
2025-02-19,44.45375223997416,45.00695584669247,43.920306308680566,44.65132522583008,68515800
2025-02-20,44.47845348574484,44.56736114737567,42.91763093009062,44.10800552368164,80266000
2025-02-21,44.34015387865977,44.350034602201234,41.22839296846243,41.3469352722168,118627200
2025-02-24,41.737136811971816,42.00880015656611,39.7614143593341,39.860198974609375,106467400
2025-02-25,39.67744928977293,39.70214356078405,37.43006336621578,38.338897705078125,151194400
2025-02-26,38.81306883795855,39.73671668116032,37.87954027210486,38.58586120605469,126351400
2025-02-27,39.376149341206485,39.59841661122341,35.30616211733838,35.385189056396484,206751000
2025-02-28,35.296283760668985,37.12876601808651,34.61466082098764,37.00528335571289,186358000
2025-03-03,37.72148652905434,38.05735953453998,33.8046161751316,34.614662170410156,183891600
2025-03-04,33.962669650354684,35.94332867455861,32.60436047878962,34.23432922363281,261673800
2025-03-05,34.35287843318018,35.90382038256556,33.33537872520722,35.56794738769531,201266600
2025-03-06,33.77991893196165,34.822112969104076,32.18946153808964,32.61918258666992,245645400
2025-03-07,32.38208946540634,33.59222171644526,31.063295646019977,33.29586410522461,270354600
2025-03-10,31.611560885940936,31.705408913206423,28.588705903797674,29.5419921875,312271600
2025-03-11,29.33947980453054,30.549608325365615,28.336799357061402,29.196239471435547,278978600
2025-03-12,30.594063791382602,30.94969446242634,29.220937186935124,30.193981170654297,283837200
2025-03-13,30.030982806412435,30.05567896179633,28.17380441228385,28.544252395629883,242454600
2025-03-14,29.49259752862299,30.73730294500771,29.388872548306555,30.569366455078125,198217000
2025-03-17,30.564428949094967,31.749861370801874,30.203859803063537,31.162084579467773,180300800
2025-03-18,30.510096189522145,30.51503466692948,29.146846553199786,29.591384887695312,175652400
2025-03-19,29.97171036270571,31.567106049335624,29.606200872537975,30.74224281311035,185186400
2025-03-20,29.96183235971574,31.428806954287133,29.818592022804246,30.42612648010254,176818200
2025-03-21,29.403689519408633,30.831148724968973,29.176481883991208,30.71260643005371,160982000
2025-03-24,32.13512956503413,32.86120828407358,32.01658725429058,32.66363525390625,126823000
2025-03-25,32.83650428729189,33.27610217083848,32.64386790783625,33.246463775634766,111139400
2025-03-26,33.012649746358164,33.186034757518804,31.090544142361402,31.397686004638672,157006400
2025-03-27,31.011281165475992,31.818765845254283,30.590202214777744,30.8626651763916,144736000
2025-03-28,30.48616989276002,30.619924844077048,28.222247484024404,28.405540466308594,207264200
2025-03-31,27.10762345778088,28.549202009793085,26.27537172777851,28.385723114013672,213709000
2025-04-01,28.078582973550116,29.22292956634722,27.553471181881495,29.039634704589844,194196400
2025-04-02,27.835843376672603,30.31773763168719,27.78630534621218,29.688594818115234,246174800
2025-04-03,25.973187455928368,26.666731264026513,24.823887692040753,24.918010711669922,280231400
2025-04-04,22.782889162612648,23.174244146959694,20.325763870726966,20.355487823486328,516053400
2025-04-07,18.205505891279742,23.199016985684548,17.33857703931404,20.434751510620117,791455200
2025-04-08,22.48565397605252,23.189105698432957,18.37888828858221,19.270587921142578,502295400
2025-04-09,19.201233603368575,26.458666879154638,19.186372571530626,26.06235694885254,713864000
2025-04-10,24.115480482257077,24.442436384861438,20.593272596618693,22.857194900512695,563385400
2025-04-11,22.624362300376028,24.30868175357061,22.1042054335748,24.065942764282227,358585800
2025-04-14,25.710631175406327,25.78493822195667,23.813294728695876,24.571237564086914,294861400
2025-04-15,24.749578345354045,25.368813203212714,24.36812944614253,24.665363311767578,209340200
2025-04-16,23.199012976315803,23.783568876898002,21.380938658300952,22.436115264892578,269148800
2025-04-17,22.832426403826645,22.931504353173707,21.97045070118831,22.371715545654297,202191600
2025-04-21,21.484971422455367,21.618726374310754,19.93440874783631,20.736936569213867,229539400
2025-04-22,21.529556168763804,22.77793381587971,21.35121623492514,22.32217788696289,260222800
2025-04-23,24.392899460812988,25.180566246813825,23.595324690677927,23.803386688232422,303995400
2025-04-24,24.145203689398283,25.898875173106575,24.046125745350086,25.82952117919922,240615400
2025-04-25,25.779985259912323,26.785622033302513,25.502567371845654,26.681591033935547,226103200
2025-04-28,26.760853543083545,27.06799349999652,25.581829857846596,26.661775588989258,191356800
2025-04-29,26.27537176778187,27.33054651762859,26.171340773811853,27.181930541992188,169808000
2025-04-30,25.740352323927528,27.454393837477273,24.927916549401274,27.186885833740234,268446600
2025-05-01,28.514525806950303,29.173390675883645,28.053814947504222,28.1231689453125,205481600
2025-05-02,29.049543937921392,29.817394746403554,28.747357039609543,29.440900802612305,195097800
2025-05-05,28.68295868122921,29.475578524300076,28.58388072840666,28.930652618408203,138579000
2025-05-06,27.771443002245352,28.752310699082155,27.528702129052498,28.108306884765625,165885800
2025-05-07,28.217292714442568,28.861296569609223,27.290917923627806,28.435264587402344,207867200
2025-05-08,29.326962226848412,30.074997077650835,28.564064454940684,29.282377243041992,197621600
2025-05-09,29.624195100665773,29.85702801098848,28.89597619584007,29.213024139404297,146818800
2025-05-12,32.62128965155694,32.77486245740637,31.630513936827747,32.750091552734375,202490000
2025-05-13,33.027509038496746,34.60779758446894,32.87394000520501,34.25111770629883,170595400
2025-05-14,34.48394695309343,34.979334780283956,34.28579106631538,34.85548782348633,161184800
2025-05-15,34.41955162600468,35.51435838919173,34.14708677972098,34.9644775390625,161694800
2025-05-16,35.22703197337229,35.43013903608407,34.50376613188212,35.39546203613281,127627200
2025-05-19,33.91920727228416,35.598571810043715,33.899391304405334,35.489585876464844,143794200
2025-05-20,34.96447297859035,35.25674997601836,34.379915204225235,35.1180419921875,134069400
2025-05-21,34.30065634532664,35.662973038854524,33.2801585043452,33.656654357910156,219255200
2025-05-22,33.76563710453224,34.55330195867301,33.49812721647236,33.83003616333008,173542000
2025-05-23,32.24479344150708,33.359416107435194,32.130856352181894,32.854122161865234,214220800
2025-05-27,34.17680607895293,35.246845629258644,33.879574130371104,35.14281463623047,130539600
2025-05-28,35.34096970312513,35.63820545606241,34.568165816311236,34.692012786865234,132542600
2025-05-29,36.163311753397856,36.1930338138892,34.345239316165404,34.860443115234375,193248800
2025-05-30,34.74154978847239,34.97438269092776,33.21080309200375,34.67715072631836,187118200
2025-06-02,34.28083729755475,35.52921678112596,34.02819221832785,35.47472381591797,137925400
2025-06-03,35.549036893512785,36.59925682650405,35.37069694649356,36.302024841308594,128728400
2025-06-04,36.45064399571565,36.817229997599505,36.01965514546025,36.59430694580078,128889000
2025-06-05,36.881623036341054,37.476090709792395,35.32115436986577,35.74223327636719,198008800
2025-06-06,36.792455522294546,37.159045268142265,36.43082449292983,36.762733459472656,131215400
2025-06-09,36.81226763469564,37.27297845772433,36.57943475495406,36.92620849609375,100363800
2025-06-10,37.01042743015749,37.79314117429296,36.53981046398628,37.63957214355469,122693000
2025-06-11,37.941747263155875,38.18448999025001,36.76768067416512,37.25315856933594,181652000
2025-06-12,36.95593587849596,37.71387874630295,36.916303940170316,37.49591064453125,126110000
2025-06-13,36.21285463213913,37.09959942418363,35.80168176921447,36.0791015625,210666200
2025-06-16,36.767689821247174,37.7733266337925,36.767689821247174,37.5504035949707,116668600
2025-06-17,36.995562959063164,37.34233292510521,36.20294319417479,36.44072723388672,135418200
2025-06-18,36.6190675236855,37.13427132094953,36.08404775966026,36.39118957519531,142661400
2025-06-20,37.035198629577245,37.31756956742374,35.529219034559425,35.89085006713867,163355000
2025-06-23,36.02955940218298,37.11941114249308,35.38059875926707,37.005470275878906,167572800
2025-06-24,38.10027986994457,38.8928996430929,37.97643291228049,38.689788818359375,113191600
2025-06-25,39.18556893910392,39.45382760846714,38.609312523133205,38.98686218261719,101438200
2025-06-26,39.45383111689943,40.1642188257672,39.05641377849718,40.054927825927734,100144200
2025-06-27,40.25363830844636,40.859703822624724,39.66744422966108,40.44738006591797,146023600
2025-06-30,41.132927353908336,41.4756991586305,40.651055514852445,41.23228073120117,113721400
2025-07-01,40.79512784600504,41.00377224961138,39.64757604599198,40.1840934753418,140390000
2025-07-02,39.970477680731776,41.028606050685895,39.95557505145041,40.9838981628418,100285000
2025-07-03,41.47570085253795,42.36989644504688,41.47570085253795,42.13144302368164,83484600
2025-07-07,41.53034601508509,41.71415393820175,40.63615421986087,41.19253921508789,139674800
2025-07-08,41.47073554501805,41.61976561599624,40.96899225552119,41.24718475341797,115515400
2025-07-09,41.714155291105484,42.419574170126126,41.406153737266536,42.10163879394531,117976200
2025-07-10,42.24073211616368,42.33512047726069,41.301828681329205,41.907894134521484,110317800
2025-07-11,41.39125144635908,41.952605270425686,41.108090131197876,41.589962005615234,106937600
2025-07-14,41.545248573304846,42.19602572211155,41.00873501310782,42.03208923339844,97311400
2025-07-15,42.93621872498324,43.05544353969981,42.12647768198009,42.141380310058594,123257600
2025-07-16,42.25563986662283,42.399704933625365,40.95409303730482,42.2606086730957,166357600
2025-07-17,42.40963944148097,43.37834817787901,42.225831516330935,43.24422073364258,97330800
2025-07-18,43.53731714538969,43.586993837678435,42.81699563198124,43.09518814086914,98496200
2025-07-21,43.29389914820423,44.202997407843206,43.278996519372235,43.75093078613281,87720400
2025-07-22,43.78073838327173,43.79564480298899,42.45932009167735,43.070350646972656,108345200
2025-07-23,43.30879996806031,43.65654059324443,42.67292923053017,43.63666915893555,118025200
2025-07-24,43.93970350155562,44.19305956062072,43.51744592983958,43.924800872802734,90378200
2025-07-25,43.870154510221525,44.501060242322076,43.70622180707879,44.173187255859375,79003200
2025-07-28,44.50602764811449,44.804095393662664,44.30235206475132,44.605384826660156,95592000
2025-07-29,45.20151400230573,45.51944940236996,44.2029999130832,44.40170669555664,116251200
2025-07-30,44.58054247506452,45.14686510066699,43.845318339059645,44.55570602416992,145527600
2025-07-31,46.05596570669223,46.07583714248078,43.54725663228701,43.82048034667969,178874600
2025-08-01,42.35002466994035,42.38479873214204,40.66595947600845,41.19253921508789,219781200
2025-08-04,42.33512128928771,43.502540545407,42.305316033669975,43.44789505004883,108586000
2025-08-05,43.74099825581456,44.019190775800176,42.43447883497748,42.54376983642578,152088400
2025-08-06,42.737506882570294,44.24770172034629,42.628215893178385,44.13344192504883,128995200
2025-08-07,45.15183496324913,45.53931847508596,43.62673736737749,44.580543518066406,169239200
2025-08-08,44.82892785328528,45.84234824366328,44.759379729541656,45.782737731933594,104522600
2025-08-11,45.81751217569984,46.31925167401968,45.067381646111485,45.380348205566406,94617000
2025-08-12,45.91189863400046,47.138932262192895,45.271059070649756,47.054481506347656,119469600
2025-08-13,47.715193955969916,47.849321408151596,46.78622424314985,47.12403106689453,96058600
2025-08-14,46.61731574850326,47.48667109530159,46.51796236776172,46.99486541748047,106385800
2025-08-15,46.9302898337601,46.9501612695075,45.91190054471664,46.329193115234375,96167400
2025-08-18,46.10067551415114,46.42854471613646,45.81751419830937,46.26957702636719,73371400
2025-08-19,46.08576881370799,46.13048048966697,44.12351104978959,44.381832122802734,111118600
2025-08-20,44.12847894325375,44.15828419988412,41.917830184345654,43.57209014892578,164404200
2025-08-21,43.19454212592828,43.691316635899106,42.41957510320218,42.966026306152344,119920000
2025-08-22,43.22931678209966,45.3654487202666,42.906416378267096,44.89847946166992,132726400
2025-08-25,44.52093364088533,45.19654728816716,44.22783470459498,44.50602722167969,80452600
2025-08-26,44.366932328602246,45.09222269195851,44.13344769168223,45.022674560546875,84374600
2025-08-27,44.77925108927892,45.42505942592927,44.48118716085895,45.226348876953125,90055200
2025-08-28,45.34557598900584,46.254674238346865,44.963061289658945,46.050994873046875,90658000
2025-08-29,45.41512366141739,45.49957441638895,43.95957423183153,44.39176940917969,121887000
2025-09-02,42.28047837570737,43.338606705722924,41.85325199868579,43.259124755859375,166668000
2025-09-03,44.0788051703625,44.65009284073854,43.512478726272334,44.267578125,119929800
2025-09-04,44.41163851948723,45.53434988653885,44.02415503804963,45.46479797363281,101759600
2025-09-05,46.66699768421261,46.81602775997223,44.555706061864484,45.613834381103516,172625800
2025-09-08,46.15531927268112,46.746478333238066,46.02118803913016,46.26460647583008,101696800
2025-09-09,46.44842055117886,46.75145333070918,45.82248355525355,46.64216232299805,94620800
2025-09-10,47.41712380044564,47.42209260659621,46.170222552940984,46.69183349609375,120818800
2025-09-11,47.28796503383542,47.68041733672459,46.90048153708345,47.47673797607422,91247200
2025-09-12,47.67048427902826,48.370938197840694,47.45687107578286,48.06790542602539,92235200
2025-09-15,48.5050599250289,49.31480096301434,48.470285863031705,49.2949333190918,78114400
2025-09-16,49.51351035156104,49.583058473924,48.986930627930484,49.16080093383789,77137200
2025-09-17,49.12603187323806,49.280030761276244,47.44693536370517,48.84783935546875,147697200
2025-09-18,50.055000383887545,50.85480764332218,49.57312850570894,50.16429138183594,123401600
2025-09-19,50.611385735461035,51.311839614095554,50.24874246545959,51.157840728759766,84365400
2025-09-22,50.87964160021056,52.20106354321943,50.87964160021056,52.02222442626953,81054600
2025-09-23,52.05700195146869,52.11164745139907,50.66106677527516,50.97403335571289,99930600
2025-09-24,51.32111018248196,51.395698351316945,49.71996650549986,50.426063537597656,101055600
2025-09-25,49.42658878227854,50.15754597271907,48.48181420819699,49.74980163574219,122820600
2025-09-26,49.92383917683166,50.41114145125475,49.09840337403699,50.346500396728516,124097400
2025-09-29,51.112266533804245,51.853167081225905,50.68960530045813,51.01778793334961,92393200
2025-09-30,50.923312538399315,51.50011986585669,50.3315845423226,51.41558837890625,92323800
2025-10-01,50.5851855295643,52.280804091226344,50.37136812567837,52.14157485961914,93996400
2025-10-02,53.11120564676005,53.126122521329904,52.04212250299517,52.77804946899414,89158600
2025-10-03,52.92722454568248,53.14104192810201,51.594596072542224,52.062007904052734,103096400
2025-10-06,53.4045845750604,53.643262154788836,52.773075733200784,53.2255744934082,82476800
2025-10-07,53.55376323127759,53.73277333337767,51.972509858535005,52.36533737182617,100185800
2025-10-08,52.569204507542935,54.22504583601357,52.539370759044544,54.14051055908203,86931000
2025-10-09,54.14051034469884,54.18029120501361,53.086344102338856,53.926692962646484,87956200
2025-10-10,54.06593167568846,54.52837379291108,48.14866275657801,48.268001556396484,238009400
2025-10-13,50.74927380657119,51.554819220252874,50.14760247291915,51.331058502197266,114511200
2025-10-14,49.59068477089716,51.48023023142249,48.26799953418873,50.28683090209961,147230000
2025-10-15,51.78355104595226,52.46478407434209,49.74482931062181,51.31613540649414,127069400
2025-10-16,52.0520692614262,52.87253156039566,49.60062947736294,50.74430465698242,159344000
2025-10-17,50.18240975813068,52.09681923595382,49.784612504681895,51.70896530151367,142274000
2025-10-20,52.514507341293445,53.96150106480413,52.4846735924721,53.64823532104492,79928800
2025-10-21,53.65320685667961,53.94161239679785,53.041588472891725,53.58856201171875,79811400
2025-10-22,53.4294471890958,53.57364997216727,50.51059560210978,52.01228713989258,134380800
2025-10-23,51.84819079899907,53.51894900691012,51.7537159972234,53.31507873535156,91245000
2025-10-24,54.69246290895166,55.323971799894736,54.463728629887186,54.975894927978516,84387600
2025-10-27,56.94500049809668,58.024034595979856,56.82068814617708,57.89474868774414,77489400
2025-10-28,58.50139354771187,59.70970975961501,58.208014424573754,59.217430114746094,92239400
2025-10-29,59.953360911227776,60.35116195471719,58.44669581347906,59.97325134277344,133060800
2025-10-30,58.968800673284946,59.34173769892539,57.19859413889937,57.22842788696289,127234200
2025-10-31,59.41632716814125,59.41632716814125,57.37263191923579,58.03894805908203,122666800
2025-11-03,59.669928095277676,59.8787719331203,58.21796075545009,58.83454895019531,83598000
2025-11-04,56.36819073175268,57.387553491103326,55.01567179408788,55.23446273803711,124762800
2025-11-05,55.0355677429369,57.183685155282504,54.66760422243796,56.30852508544922,109730000
2025-11-06,55.875913978797776,55.9405550322099,52.76810536589723,53.15098571777344,156461400
2025-11-07,52.22113037843629,52.628874735153715,49.70504962554913,52.59904098510742,183589400
2025-11-10,54.9112510769928,56.31349422515548,54.404058361151755,56.044979095458984,119878800
2025-11-11,55.32894034265817,55.90077792456651,54.49853473602979,55.58253860473633,102665600
2025-11-12,56.452725701838766,56.45769925824784,54.56318019357231,55.46817398071289,125708400
2025-11-13,54.483618361844904,54.63776446682407,51.4155903754765,52.0421257019043,201264400
2025-11-14,49.71499711701802,53.25043689179358,49.11332199927751,52.08190155029297,222397600
2025-11-17,51.420564169393806,53.02170410966429,49.779639571454894,50.74430465698242,186327000
2025-11-18,49.71002623325816,50.39125552587843,47.636497016095554,48.909454345703125,267348000
2025-11-19,49.05365174990779,51.29127394413227,48.44700690359085,49.74980163574219,184263600
2025-11-20,52.65870722407508,53.24546161217002,45.975674707971514,46.19446563720703,178246300
2025-11-21,46.59226432433541,48.82988648322752,44.991124544023705,47.21879959106445,179618600
2025-11-24,48.43209161455189,51.16696327478754,48.40225407126166,50.79899978637695,93894200
2025-11-25,50.36141847803762,52.07195762303359,48.810002782540664,51.723880767822266,101851900
2025-11-26,52.618928430069715,53.5637029962724,52.081898197443564,53.07639694213867,75598100
2025-11-28,53.5239232069981,54.30957814151884,53.33496980746129,54.23996353149414,34381600
2025-12-01,52.81783134707411,54.34936039425716,52.52942578746591,53.75265884399414,66359600
2025-12-02,54.329472361746696,55.4532533126545,53.84216626387058,54.995784759521484,79504400
2025-12-03,54.35930393073119,55.572593673453426,53.93166914579505,55.383636474609375,69844900
2025-12-04,55.731711095471674,55.741654413780466,54.30957757347861,55.20462417602539,63958000
2025-12-05,55.552704661361396,56.76599443507582,55.373694570363796,55.84111022949219,73206000
2025-12-08,56.258798922762104,56.72621459028259,54.81677484992963,55.49303436279297,69700000
2025-12-09,55.14496067922015,55.91072523074634,54.78694049474432,55.70187759399414,48736000
2025-12-10,55.343861009899086,56.7759379490878,54.58803978004331,56.33835983276367,100261100
2025-12-11,55.32397157804952,55.851054749705746,53.68304697318225,55.80133056640625,99683900
2025-12-12,54.806829748565676,55.21457410685249,51.942672128029734,52.52942657470703,138448500
2025-12-15,53.76260801831308,53.76260801831308,51.43548060857294,51.733829498291016,98696300
2025-12-16,51.147075235578875,52.47970382226785,50.81888880002223,52.0421257019043,105953700
2025-12-17,52.360359543800485,52.50953207676532,49.098401136416285,49.128238677978516,125606200
2025-12-18,51.38575081970205,52.17140577676034,50.69954801818319,51.22663116455078,109222100
2025-12-19,51.9128364237666,53.34491328327242,51.90288931161273,53.2255744934082,72957800
2025-12-22,54.50848167894509,54.58803961179885,53.58359747303463,53.951560974121094,64783100
2025-12-23,53.67309875588994,54.767045863495,53.563703286387096,54.707374572753906,48197100
2025-12-24,54.65359346961421,55.231307792616946,54.56394827465351,55.14166259765625,25855000
2025-12-26,55.30102875513506,55.53012117577643,54.892645953182694,55.09185791015625,37244200
2025-12-29,54.075881118804844,54.77312107830833,53.707337663280995,54.27509307861328,50635300
2025-12-30,53.98623507542492,54.60378872140439,53.82686627002209,53.886627197265625,38976800
2025-12-31,53.916512324350315,53.98623594035286,52.432387213041594,52.5120735168457,57199400
2026-01-02,53.95635347511314,54.66355614616528,51.406452462820006,52.143531799316406,107226600
2026-01-05,53.73722127107424,54.11572361012481,53.07982447148748,53.38859939575195,77968000
2026-01-06,53.707336251763515,54.95240621827864,53.52804967226517,54.79303741455078,68915800
2026-01-07,54.673513372088415,55.96838541547449,54.55398771568487,54.95240783691406,65588300
2026-01-08,54.65359095833263,54.76315772487812,53.28899531965707,53.97627258300781,83760300
2026-01-09,54.17548164375882,55.87873637902775,53.577849603203646,55.540077209472656,78706300
2026-01-12,54.384654005259705,56.117793050984034,54.36473622971346,55.6695671081543,59673900
2026-01-13,55.68949315740521,56.277166374183665,54.743239157554854,55.380714416503906,88611000
2026-01-14,54.334856437311004,54.66355675564619,52.292942307152636,53.617698669433594,117421500
2026-01-15,55.43051894305887,55.60980933034058,53.916513339153425,54.16552734375,90483000
2026-01-16,55.101814206758746,55.24126143018651,53.36867900179677,53.92646789550781,75855900
2026-01-20,51.187315455856556,52.35270291123672,50.280904679295084,50.5299186706543,129209100
2026-01-21,50.868580843494264,53.5878133331515,50.4701569140194,52.52203369140625,150230100
2026-01-22,54.10576158730231,54.115724275102195,52.94037789175404,53.68741989135742,90992300
2026-01-23,53.37864217730829,54.85280462856177,53.109706596385735,54.16552734375,78066100
2026-01-26,54.25517149834525,55.41059630555963,53.996194810719274,54.86276626586914,58084300
2026-01-27,55.759216226264506,56.57598186869144,55.34087451657607,56.31700897216797,51981200
2026-01-28,57.47243235928801,57.781207289656244,56.50625681668569,56.834957122802734,76172100
2026-01-29,56.725388134807446,56.98436101462814,52.85073102741775,55.81897735595703,122642300
2026-01-30,54.80300305503867,55.49028034571287,53.10970704940782,53.787025451660156,110170700
2026-02-02,52.950335573229424,55.49027755406839,52.940376685308586,54.88268280029297,74665800
2026-02-03,55.420552059754385,55.540077709010085,50.8785393915189,52.31285858154297,129992200
2026-02-04,51.93436187033635,51.94432455864764,48.23899483452713,49.56374740600586,142536200
2026-02-05,48.199148463924764,49.33465167788436,46.874395980855915,47.45210647583008,158712900
2026-02-06,48.14935009183241,50.80881794816871,47.81069087945021,50.39047622680664,117934600
2026-02-09,49.86256390653135,52.063846718354995,49.245006460954336,51.53593826293945,71272700
2026-02-10,51.76502909226341,52.193333456017,50.689286839212,50.81877517700195,70660900
2026-02-11,52.00408382720198,52.292940984557006,49.84264409034,51.19728088378906,92393800
2026-02-12,51.59569928723557,51.86463485926977,47.80072841438542,48.06966018676758,131150000
2026-02-13,47.960097682182614,49.39441694719973,46.99392215108207,48.27883529663086,123216600
2026-02-17,47.45210673188059,48.786821909797936,46.23691720880078,48.159305572509766,117089700
2026-02-18,48.33859691258482,50.16138123332917,48.00990040535435,49.19520568847656,81370800
2026-02-19,48.47804423017802,49.20516846188153,47.97005733642921,48.63741683959961,83447500
2026-02-20,47.770844234010916,50.25102531397623,47.571632276641274,49.86256408691406,118813800
2026-02-23,49.33464910235473,49.68327095839024,47.47202557318003,48.049739837646484,91951800
2026-02-24,48.25891521645331,49.842644449675134,47.63139885621201,49.58366775512695,71023300
2026-02-25,50.35063071331569,51.75506954010857,50.33070913709106,51.66542434692383,54217200
2026-02-26,51.426370340170244,51.43632922793529,48.517884957674845,49.85260009765625,105583800
2026-02-27,48.25891592767352,49.57370959731168,48.06966284817943,49.3246955871582,93802200
2026-03-02,47.2728191386846,49.95221234029176,47.0437267035422,49.50398635864258,108545900
2026-03-03,46.62538418663639,48.47804521289256,45.53968296068213,47.91029357910156,163365500
2026-03-04,48.49796382350492,50.58968364081711,48.328636132395694,50.061771392822266,99738400
2026-03-05,49.24500733583977,50.55980095356872,47.98001575824484,49.60358810424805,129713200
2026-03-06,47.47202656597974,48.856543732646685,46.99392016451825,47.352500915527344,141012200
2026-03-09,46.00782569897442,49.5737080358908,45.32054842047279,49.19520568847656,159005500
2026-03-10,49.215124750773896,50.5398809992308,48.63741427074184,49.20516586303711,115057200
2026-03-11,49.48406147332107,50.32074864990967,48.537807530804486,49.15536117553711,91104300
2026-03-12,47.96009928705341,48.298758488693615,46.56561932744031,46.64530563354492,130823900
2026-03-13,47.16324945349743,48.05970136144742,45.489875091758805,45.74885177612305,141952500
2026-03-16,47.18317051452853,48.079622412700246,46.99392124698206,47.2728157043457,81421500
2026-03-17,47.93021528788914,48.56769054164775,47.62144034915419,47.97005844116211,74570100
2026-03-18,47.531791960621824,47.92025317980337,45.868376519930536,45.91817855834961,105059300
2026-03-19,44.69303054682231,46.13731247090584,44.12527894488599,45.509796142578125,138384900
2026-03-20,45.00181133939147,45.03169180413719,42.13316893458564,42.91009521484375,137952500
2026-03-23,44.93208577009849,45.96798489900988,43.955951367734606,44.39421463012695,139354300
2026-03-24,43.66709342693349,44.37429224643155,43.01965553324252,43.447959899902344,105505200
2026-03-25,44.597317969381855,45.11612390592085,43.84904083501617,44.288028717041016,79294400
2026-03-26,43.13069394772925,43.57966099348699,41.0554739892431,41.13528823852539,117558900
2026-03-27,40.466827762254944,40.49675762896555,38.471422121617934,38.690914154052734,124795700
2026-03-30,39.65868730616928,39.8183196059819,37.234269136185326,37.80295944213867,111446500
2026-03-31,39.000204676936896,41.90351982699872,38.9802501631643,41.58425521850586,149516200
2026-04-01,42.532071371512394,43.878968627297276,42.31257553791356,43.13069152832031,116135500
2026-04-02,40.786092269760644,43.449956967250394,40.347100593996906,43.230464935302734,111377300
2026-04-06,43.49984393480603,44.48757145810085,43.17060396433071,43.998695373535156,69245100
2026-04-07,43.350187448057994,44.10843990191699,41.743885330112846,44.048580169677734,131796200
2026-04-08,48.52826538226145,48.80762095871978,47.04169028646902,47.88973617553711,102015100
2026-04-09,47.90969106107206,48.977232800467895,47.20132295473171,48.847530364990234,78953600
2026-04-10,49.24661095122487,49.69557797363586,48.707850524331704,49.057044982910156,65481600
2026-04-13,48.667942504397715,50.62344293064495,48.34867790540515,50.54362487792969,67169100
2026-04-14,51.27194757573387,53.30726225247301,51.261972222093384,53.28730773925781,72362300
2026-04-15,53.44693970106669,55.61195679704673,53.20749315586698,55.52216339111328,83244000
2026-04-16,56.00106297854268,56.78924535079605,54.97342643771435,56.30037307739258,86398100
2026-04-17,57.64726932682402,58.80460447801134,57.23821131147164,58.45541000366211,103604000
2026-04-20,58.26584739862568,58.44543421436284,56.77926849189789,57.94658279418945,67652800
2026-04-21,58.3456597537236,58.834535804242876,56.68947324472084,57.26814270019531,91775200
2026-04-22,58.794627401180264,60.16147919692182,58.35563953115791,60.071685791015625,73399800
2026-04-23,59.662627136166506,60.59049105175393,57.45770484468852,59.083961486816406,92856900
2026-04-24,60.93969055463169,62.595877096698835,60.420884627414544,62.416290283203125,80250700
2026-04-27,62.26663399795111,62.555968734537565,61.49840235560136,62.4961051940918,56615000
2026-04-28,60.5805169832937,61.1891163178178,59.542905127906195,60.60047149658203,80631600
2026-04-29,60.85987425682471,61.72787467646534,60.311138446843486,61.717899322509766,77081400
2026-04-30,62.745530787857675,63.65344021697019,60.56056294573439,63.394039154052734,81042700
2026-05-01,63.743236802374845,65.68875438608372,63.66342255054974,65.1500015258789,67762900
2026-05-04,65.28967606087322,65.8982754001298,63.63348569847177,64.76089477539062,60813800
2026-05-05,66.21753783446884,67.61431567042055,66.09781075772942,67.23519134521484,54098800
2026-05-06,69.100902685571,71.49539108825367,68.72177072459273,71.40559387207031,70169000
2026-05-07,71.70490584246552,73.131621207969,70.21832313049858,71.17611694335938,93509100
2026-05-08,72.6527234234227,76.13470434360123,72.53299633753952,76.10477447509766,68713700
2026-05-11,75.82541692767967,77.1822934184929,75.37645368798694,76.78321075439453,60475000
2026-05-12,75.12702657220862,75.75557661842068,71.38564093837091,74.78780364990234,90651600
2026-05-13,75.63585323529483,77.7609652507958,74.01957943406188,77.06256866455078,64416400
2026-05-14,77.11245580335901,79.49696505580094,76.98275717041803,78.76863861083984,58472800
2026-05-15,75.55604227756676,77.19227438804792,74.05948796101431,75.16693115234375,81260600
2026-05-18,75.95511648595551,76.09479427831525,71.93437515188158,74.14927673339844,87710100
2026-05-19,72.24366431731083,74.32885954204176,70.79699067185476,72.76246643066406,85973700
2026-05-20,73.91979720026487,76.35419448130051,73.45088327568436,76.33424377441406,70647500
2026-05-21,75.00730080546673,77.61130586117851,74.29893269314337,76.77323150634766,74958100
2026-05-22,77.86073135545476,79.14776894584234,77.15236324512398,77.66118621826172,58330500
2026-05-26,80.40486521753448,82.08100623057936,79.79627351079392,81.7617416381836,62579600
2026-05-27,82.67963936547771,82.71954839359978,80.14547316874199,81.48239135742188,66221000
2026-05-28,81.55222422500736,83.85692285450477,80.47471099284057,83.4877700805664,55265900
2026-05-29,84.21610383118697,85.50313384911435,83.33812042439136,84.36575317382812,67644100
2026-06-01,83.95669604998572,86.86000737494356,83.55761338903748,85.84235382080078,57216000
2026-06-02,85.7425872329919,87.11941445571804,84.63513643641282,87.01964569091797,48355000
2026-06-03,87.47858253447208,87.88763672769537,85.21380050889837,86.36115264892578,62154500
2026-06-04,83.27825858883224,86.05187130996757,82.29053489294542,85.02423858642578,59614600
2026-06-05,81.38261925142245,81.89144982424995,72.51304173297306,72.88219451904297,118961300
2026-06-08,76.68344388379349,78.28974612782625,75.2068402737493,76.09479522705078,77319000
2026-06-09,78.29971900421776,79.15773640832363,66.63657084967757,73.55065155029297,132485700
2026-06-10,71.5153377892768,74.52839692895122,68.84149395160912,69.11087036132812,91465200
2026-06-11,70.72715447713438,76.42403684120399,69.43013772647762,75.83539581298828,116288800
2026-06-12,76.16462931798495,78.17999326890472,74.1193431123532,77.3419189453125,94070700
2026-06-15,82.68960479550233,84.83466732417324,82.45015825635505,84.39567565917969,59758000
2026-06-16,83.99660768550488,84.63513691810202,79.67655239944231,79.74639129638672,67086700
2026-06-17,81.48238734055283,81.62206512615994,76.76325727282315,77.36187744140625,78089600
2026-06-18,81.9113986726376,83.40795287839298,80.4447743330984,82.67963409423828,61063000
2026-06-22,83.75715262132042,84.91449160048067,81.20303571816508,82.39030456542969,61888900
2026-06-23,74.94744308464095,77.56141975860189,73.74022351328506,74.26900482177734,82341800
2026-06-24,74.79000091552734,76.18000030517578,71.3499984741211,73.30000305175781,72009700
2026-06-25,77.95999908447266,78.23999786376953,71.5999984741211,74.94999694824219,105261200
2026-06-26,72.08999633789062,74.69000244140625,70.72000122070312,71.83000183105469,70427700
2026-06-29,74.12000274658203,77.37999725341797,71.44999694824219,77.19000244140625,79128400
2026-06-30,77.23999786376953,81.54000091552734,77.1500015258789,81.0,58466200
2026-07-01,78.72000122070312,79.63999938964844,77.2300033569336,77.45999908447266,63348200
2026-07-02,77.44999694824219,79.13999938964844,71.72000122070312,73.3499984741211,87308500
2026-07-06,75.54000091552734,77.44999694824219,75.11000061035156,76.41999816894531,54545100
2026-07-07,73.69999694824219,74.38999938964844,70.76000213623047,72.2300033569336,70992900
2026-07-08,70.80000305175781,73.0199966430664,69.56999969482422,72.72000122070312,70748500
2026-07-09,74.8499984741211,76.69000244140625,73.88999938964844,76.33999633789062,51726600
2026-07-10,75.52999877929688,77.31999969482422,74.33000183105469,77.02999877929688,46034400
2026-07-13,74.54000091552734,74.8499984741211,72.08999633789062,72.63999938964844,63317500
2026-07-14,75.19999694824219,75.8499984741211,73.41000366210938,75.0199966430664,58097300
2026-07-15,76.29000091552734,76.47000122070312,72.05999755859375,74.44000244140625,68547800
2026-07-16,72.61000061035156,73.12000274658203,69.69000244140625,70.73999786376953,66953300
2026-07-17,66.37999725341797,69.55999755859375,64.91000366210938,67.52999877929688,75465200
2026-07-20,69.47000122070312,70.51000213623047,67.5,67.6500015258789,50076700
2026-07-21,70.70999908447266,71.72000122070312,69.61000061035156,71.37000274658203,37772500
2026-07-22,69.7699966430664,71.58999633789062,69.7699966430664,70.27999877929688,36062100
2026-07-23,67.11000061035156,68.2699966430664,65.0199966430664,66.30000305175781,80277500
2026-07-24,65.77999877929688,66.4000015258789,63.4900016784668,64.0,69267700
2026-07-27,66.05999755859375,66.2300033569336,61.63999938964844,63.400001525878906,70531600
2026-07-28,61.77000045776367,62.61000061035156,59.400001525878906,61.560001373291016,73235900
2026-07-29,61.5099983215332,62.7400016784668,57.59000015258789,57.75,103582900
2026-07-30,61.130001068115234,63.84000015258789,60.7400016784668,63.29999923706055,75877800
2026-07-31,65.73999786376953,66.7699966430664,62.38999938964844,64.62000274658203,86709900
2026-08-03,64.70999908447266,68.41000366210938,63.9900016784668,67.95999908447266,62223600
2026-08-04,70.30999755859375,75.41000366210938,70.13999938964844,74.81999969482422,73728500
2026-08-05,75.61000061035156,76.33000183105469,72.73999786376953,72.83999633789062,70885800
2026-08-06,70.8499984741211,73.44999694824219,70.16000366210938,72.02999877929688,60887200
2026-08-07,73.66000366210938,74.66999816894531,72.5199966430664,74.47000122070312,59409800
2026-08-10,74.2699966430664,74.9800033569336,73.63999938964844,73.80000305175781,44224500
2026-08-11,74.54000091552734,74.54000091552734,72.23999786376953,73.05999755859375,43674100
2026-08-12,75.62000274658203,75.69000244140625,74.37999725341797,74.5999984741211,46867300
2026-08-13,75.04000091552734,77.7699966430664,74.70999908447266,77.1500015258789,49822600
2026-08-14,77.56999969482422,77.8499984741211,75.94000244140625,76.79000091552734,36616800
2026-08-17,77.37999725341797,77.9000015258789,76.20999908447266,76.4000015258789,39828100
2026-08-18,73.36000061035156,73.95999908447266,72.01000213623047,72.52999877929688,51330500
2026-08-19,73.37000274658203,73.69999694824219,71.0,72.05999755859375,49118200
2026-08-20,70.83000183105469,71.69000244140625,69.76000213623047,70.4800033569336,56681700
2026-08-21,71.69999694824219,71.83000183105469,69.91000366210938,71.16999816894531,47654300
2026-08-24,70.0,70.05000305175781,67.93000030517578,69.01000213623047,46660700
2026-08-25,70.41999816894531,71.2699966430664,69.3499984741211,70.2699966430664,44163200
2026-08-26,69.55999755859375,70.94000244140625,69.44000244140625,70.47000122070312,40461400
2026-08-27,72.08999633789062,73.37999725341797,71.37999725341797,73.30000305175781,48782800
2026-08-28,72.8499984741211,74.18000030517578,71.43000030517578,71.8499984741211,57724700
