Date,Open,High,Low,Close,Volume
2009-06-25,1.0555230239903297,1.1344044516809908,1.0555230239903297,1.1298487186431885,2577600
2009-06-26,1.1202162387976298,1.1368777297723311,1.1034243669525081,1.1239912509918213,13104000
2009-06-29,1.1324513922520822,1.1584850003000422,1.116571404151915,1.155881404876709,8690400
2009-06-30,1.1558814198110854,1.1652534249820257,1.102513410821983,1.1282864809036255,17128800
2009-07-01,1.1419533951802878,1.1742353340955711,1.1373976628872347,1.1403920650482178,12038400
2009-07-02,1.0958751013476533,1.0963951723648238,1.045890411134964,1.0462812185287476,29275200
2009-07-06,1.0173848728162718,1.050316273714644,1.0068413366881765,1.0491447448730469,22572000
2009-07-07,1.0440688970688732,1.0466724932871116,0.9838011860847473,0.9838011860847473,29016000
2009-07-08,1.0029356360453496,1.00892332349049,0.9502179773920681,0.9849722385406494,49824000
2009-07-09,1.002284892784869,1.0137403165620325,0.9805474737121342,0.9910910129547119,45892800
2009-07-10,0.9733877676581847,0.9987699191389969,0.9619332433755564,0.9815882444381714,51199200
2009-07-13,0.9934333921672044,1.055001986390714,0.970003380412904,1.0533102750778198,43675200
2009-07-14,1.0639838716813659,1.0749173164367676,1.0405538644581427,1.0749173164367676,38700000
2009-07-15,1.1143588530334152,1.1737146682347157,1.1100626519670187,1.1668158769607544,36921600
2009-07-16,1.155100759113174,1.2113329048035248,1.1492433393672608,1.1980555057525635,46396800
2009-07-17,1.1945407336572207,1.2040430061068355,1.1752765442913955,1.1959728002548218,27374400
2009-07-20,1.2201843919940851,1.24192281632817,1.2007899197940426,1.232290267944336,37195200
2009-07-21,1.2641803608580353,1.2663931483240651,1.2082088817162873,1.2527258396148682,45237600
2009-07-22,1.2285143401685776,1.2742029426394472,1.226431933337697,1.2503830194473267,37634400
2009-07-23,1.2541575562361058,1.3511325676825117,1.2531162966114073,1.3334298133850098,55022400
2009-07-24,1.3120818663141744,1.3533450083094944,1.2947699239943695,1.3508716821670532,60127200
2009-07-27,1.3467060387910232,1.3651904058128068,1.3221044956925045,1.3623263835906982,44935200
2009-07-28,1.334600972911597,1.3636279762118135,1.3098691643748128,1.3507413864135742,46476000
2009-07-29,1.3248382771024352,1.345405161816437,1.306615231608888,1.3327782154083252,55908000
2009-07-30,1.383804091582593,1.4223333695012408,1.3728697510022538,1.37443208694458,55886400
2009-07-31,1.3758640163876725,1.409186214790795,1.3634977209624306,1.3784666061401367,54871200
2009-08-03,1.4272800557250729,1.4530530152475174,1.4029380459159335,1.4478459358215332,39600000
2009-08-04,1.4301426773774817,1.4669803464238418,1.421681665096813,1.461773157119751,34984800
2009-08-05,1.4652876010109144,1.4675002763941347,1.4121801518446215,1.4513598680496216,62568000
2009-08-06,1.4694542969560345,1.473879762089366,1.405802386503186,1.424155592918396,69249600
2009-08-07,1.4715365736539145,1.5168342647168935,1.4473258389409793,1.4806480407714844,44042400
2009-08-10,1.4615128761412626,1.4820797580785516,1.4415973398739486,1.4703648090362549,46512000
2009-08-11,1.4533126194439656,1.4550052246559368,1.4058021407904226,1.414393424987793,48729600
2009-08-12,1.4085361909630691,1.49470623089986,1.4085361909630691,1.4635967016220093,71791200
2009-08-13,1.4839018772535024,1.4980901535999007,1.4408168654144426,1.4966580867767334,100713600
2009-08-14,1.497829700493697,1.497829700493697,1.413481540772175,1.4608627557754517,72115200
2009-08-17,1.377295196783776,1.3801592186195062,1.3456645977572674,1.3523037433624268,84139200
2009-08-18,1.3642784596294397,1.3995538047142033,1.3555578000468849,1.3894010782241821,53431200
2009-08-19,1.3523036064117775,1.4356104909698968,1.3502201941323186,1.4212919473648071,61682400
2009-08-20,1.4248068847615407,1.4754420424616193,1.4188190835238732,1.4677616357803345,51573600
2009-08-21,1.5019955234714417,1.5595294650648148,1.4939253158724295,1.5497665405273438,61516800
2009-08-24,1.5704622637659622,1.5963655946407547,1.5354474689628927,1.5495054721832275,60307200
2009-08-25,1.5708537404195693,1.6054786364326816,1.5511987377704637,1.5597901344299316,85644000
2009-08-26,1.5462523536857296,1.5826992341442954,1.5318035355109578,1.5593994855880737,83944800
2009-08-27,1.5564051443393077,1.5862137723429524,1.5064213279524281,1.5738483667373657,111304800
2009-08-28,1.6097738752062312,1.6148506859070104,1.5384425677069915,1.568250298500061,84880800
2009-08-31,1.5236028326243722,1.5327151938037038,1.500172706621029,1.5297209024429321,103269600
2009-09-01,1.5070722512918404,1.56200259437739,1.4182977380893158,1.4251965284347534,137505600
2009-09-02,1.4091860341301194,1.4369112365414127,1.3999442999930218,1.4116593599319458,67384800
2009-09-03,1.4346993437894637,1.450580231312843,1.401637669862445,1.4428998231887817,53100000
2009-09-04,1.4540939127575745,1.5073316417472815,1.4418578880433854,1.5060298442840576,63266400
2009-09-08,1.5498964429395814,1.5505468947700733,1.521389626165099,1.54560124874115,63734400
2009-09-09,1.5543218257645142,1.5970170258766714,1.5398740199487553,1.5819177627563477,54424800
2009-09-10,1.5832197280282696,1.6325520666410345,1.5587474541552548,1.630079746246338,64742400
2009-09-11,1.6385397516888847,1.6533793708998856,1.6062588177083164,1.6277366876602173,66132000
2009-09-14,1.586863661004473,1.6605389020539476,1.586863661004473,1.6552015542984009,56160000
2009-09-15,1.6617105589423744,1.6920392497458516,1.62864789189664,1.674075961112976,76881600
2009-09-16,1.69047654708235,1.749832225928676,1.674205756458314,1.748401165008545,71560800
2009-09-17,1.7438452964563544,1.7853688726790415,1.713256844794624,1.740071177482605,96328800
2009-09-18,1.7650621694767945,1.7654529768986966,1.729266756917373,1.745146632194519,87868800
2009-09-21,1.7040141717309432,1.743975522471504,1.6937311753202733,1.7304385900497437,58125600
2009-09-22,1.762719326777734,1.77560580564755,1.739029669901487,1.7629798650741577,56448000
2009-09-23,1.774955310032519,1.8080179765494098,1.7085705559398114,1.7157288789749146,108964800
2009-09-24,1.7295723604104005,1.7389488464703846,1.6389335540465415,1.6602903604507446,98856000
2009-09-25,1.6490910169091881,1.6756575037656911,1.6169240787748551,1.634765625,92296800
2009-09-28,1.6519564370534656,1.732046664349714,1.6519564370534656,1.7199360132217407,62006400
2009-09-29,1.7313959600381617,1.7549675046319464,1.6951923272162632,1.710168480873108,75484800
2009-09-30,1.7254054792909892,1.727097887778823,1.6395842396040798,1.687638759613037,139968000
2009-10-01,1.6752673687198956,1.6752673687198956,1.5596233728084885,1.5600143671035767,97999200
2009-10-02,1.5159977362991415,1.5654840129635705,1.515476410432378,1.5426944494247437,89899200
2009-10-05,1.5568893357108737,1.6201806807302144,1.5428246047928587,1.6071577072143555,49507200
2009-10-06,1.6421892626018815,1.7033970929531779,1.6404958479368814,1.6778714656829834,73785600
2009-10-07,1.6641975814517138,1.6954523127910512,1.656253846617676,1.69076406955719,55281600
2009-10-08,1.728009954279959,1.7550977635627802,1.7069129191866905,1.731656551361084,74073600
2009-10-09,1.730874560058276,1.7597861168081443,1.7177212576263077,1.7593951225280762,33156000
2009-10-12,1.7863528657373706,1.8004175968998517,1.7612182324425716,1.7820556163787842,29340000
2009-10-13,1.766036448576866,1.7790595314479982,1.7350424949769871,1.7725484371185303,68198400
2009-10-14,1.831802570078286,1.8668341206427925,1.809142335358445,1.862667202949524,78012000
2009-10-15,1.835188344485355,1.8806380263981906,1.8315418584666383,1.879465937614441,90856800
2009-10-16,1.835318501298715,1.8578484018280947,1.8048448664800247,1.8392256498336792,91382400
2009-10-19,1.8479503070673635,1.9013447199803604,1.831932508543097,1.8846752643585205,77212800
2009-10-20,1.8937914112382779,1.8937914112382779,1.827244579417507,1.856676459312439,87177600
2009-10-21,1.8435231444141966,1.9094194403955767,1.8006781895406574,1.8058868646621704,77695200
2009-10-22,1.8023705772315337,1.8752990654846748,1.7672086973983892,1.8574575185775757,75686400
2009-10-23,1.8780343718294223,1.8793367921044206,1.7721577304268183,1.7957292795181274,115192800
2009-10-26,1.8001565220622198,1.855373788433071,1.7212373796027691,1.7324376106262207,88538400
2009-10-27,1.743116608865243,1.7592648520337946,1.700401097059215,1.7113406658172607,97394400
2009-10-28,1.6989683029889002,1.7129035941147397,1.6115849927333854,1.6153618097305298,97768800
2009-10-29,1.6493520875855119,1.727880261309576,1.6403656994276974,1.7178521156311035,112082400
2009-10-30,1.7056109420584717,1.7164201811368391,1.563139774433963,1.5712138414382935,218232000
2009-11-02,1.594265283520808,1.6531290558671579,1.546731071580925,1.6031204462051392,200491200
2009-11-03,1.5757725139917318,1.6253891089182673,1.5683490994173068,1.6188781261444092,151660800
2009-11-04,1.6591178866184195,1.6963641653314112,1.61926777422562,1.6274722814559937,156412800
2009-11-05,1.6645882176581661,1.7217585500365389,1.6559928274706044,1.7198054790496826,77932800
2009-11-06,1.689462259064684,1.7478046826700542,1.6824299512864263,1.7366044521331787,125359200
2009-11-09,1.776584833652067,1.8536802241462116,1.7711154971132155,1.8531599044799805,78343200
2009-11-10,1.8403979702594877,1.8713920404953293,1.823077747964368,1.8515973091125488,128397600
2009-11-11,1.8901452175713769,1.9164520546752841,1.855765430150529,1.8824621438980103,155808000
2009-11-12,1.8745176802041452,1.904339655020377,1.810574693939721,1.8225560188293457,165405600
2009-11-13,1.8394864031901526,1.8780341032837533,1.811616602912832,1.8557648658752441,70128000
2009-11-16,1.8934013529145106,1.9595571918698214,1.8900145237758559,1.9350743293762207,96984000
2009-11-17,1.9210096896536304,1.9436699262838084,1.899001333868857,1.94210684299469,76082400
2009-11-18,1.9383296588999033,1.946664387146086,1.9025169078985897,1.9395015239715576,75031200
2009-11-19,1.8990009237128895,1.9009538831900694,1.8271140859977613,1.863317608833313,76024800
2009-11-20,1.833626339931722,1.8587599662897158,1.8208630235900907,1.8467787504196167,58572000
2009-11-23,1.9086383118931285,1.9536970003951857,1.9016057790468481,1.9152796268463135,78148800
2009-11-24,1.920618700666082,1.9285635543800144,1.8743879190447308,1.9202286005020142,88812000
2009-11-25,1.929474963619824,1.947576507385041,1.911763743613611,1.9400235414505005,62359200
2009-11-27,1.7832271425041537,1.8848055008463176,1.7785389002628373,1.8462578058242798,68860800
2009-11-30,1.84039793412309,1.874648389685644,1.8179984744209894,1.8664439916610718,116668800
2009-12-01,1.9161908921449182,1.9526550793619366,1.904991554346283,1.9277812242507935,83836800
2009-12-02,1.9332507848739624,1.971016487098587,1.914106823859568,1.9332507848739624,101016000
2009-12-03,1.947055687813409,1.979482285916537,1.8810290614795198,1.8871501684188843,102844800
2009-12-04,1.9613803704819064,1.9878164085744,1.8678751867342944,1.9169715642929077,165535200
2009-12-07,1.9128047097334582,1.9441897672938868,1.8914468999636123,1.9081165790557861,75657600
2009-12-08,1.8707416250702886,1.8779043789916054,1.8286777571777175,1.847951054573059,80539200
2009-12-09,1.8435229748078061,1.873605616577668,1.8156541790424845,1.863839030265808,91771200
2009-12-10,1.9000430476720296,1.9208795400690213,1.887931610118741,1.8962663412094116,71726400
2009-12-11,1.9243947623998003,1.9342925715541197,1.89561454894916,1.9242644309997559,125503200
2009-12-14,1.9612504357259188,1.9671108791676122,1.9349438295080565,1.9603381156921387,74368800
2009-12-15,1.9388516511901286,1.9633345186407005,1.9152799862718444,1.9316887855529785,85053600
2009-12-16,1.958515447264016,1.9744031411003697,1.9296051158634768,1.940413236618042,103140000
2009-12-17,1.9010842553763099,1.9112418356953327,1.8667035834036194,1.8726941347122192,123537600
2009-12-18,1.9017349246747235,1.9079863620947268,1.855764817307217,1.9022562503814697,98236800
2009-12-21,1.9323388253848626,1.979872908288782,1.9323388253848626,1.957734227180481,96631200
2009-12-22,1.9737519180701335,1.9947187329954625,1.966458947643868,1.981044888496399,44827200
2009-12-23,1.9983503332968398,2.001477395660702,1.9700721063419118,1.9947013854980469,41803200
2009-12-24,2.0073415969806296,2.0276707457589804,2.0065599991700314,2.02597713470459,21254400
2009-12-28,2.0511264076234648,2.0511264076234648,2.0133354701395,2.039398193359375,39225600
2009-12-29,2.0524302164145207,2.0524302164145207,2.0246738751612168,2.02597713470459,39398400
2009-12-30,2.0076032169299096,2.02897457908806,2.0042150987008744,2.0197224617004395,30492000
2009-12-31,2.036401946116683,2.0367922975996278,1.9631655206996117,1.9634263515472412,27072000
2010-01-04,2.0145085151923543,2.0668950213593305,2.013466086690366,2.0622036457061768,102592800
2010-01-05,2.0611614335952333,2.083314607467958,2.0400506883339364,2.0799264907836914,108986400
2010-01-06,2.07367109802973,2.098691396168351,2.0691101376389502,2.0859198570251465,107920800
2010-01-07,2.073411278547139,2.117587005522735,2.055819058086627,2.111332654953003,76939200
2010-01-08,2.0930881437568387,2.1340063876463806,2.0814903388787123,2.1319215297698975,89388000
2010-01-11,2.1604597289081098,2.162935832446585,2.113547085166904,2.139479398727417,105076800
2010-01-12,2.09856245100997,2.111593935325734,2.05660087018567,2.0813605785369873,88200000
2010-01-13,2.0967372120779504,2.1508173605029826,2.065071302770209,2.1343979835510254,118764000
2010-01-14,2.125015072870941,2.1618940159590494,2.1225389686313556,2.150296211242676,94356000
2010-01-15,2.1406524564634677,2.1439101581014013,2.0539944163948634,2.0790138244628906,183794400
2010-01-19,2.0751053952451843,2.1698427159379987,2.0747141488811534,2.1569416522979736,101340000
2010-01-20,2.1119827901835446,2.1130252187110745,2.0392680316577216,2.0916545391082764,150494400
2010-01-21,2.09048264942601,2.11029014267342,1.9618630166086055,1.9691609144210815,237016800
2010-01-22,1.9444006570922803,1.9649906373043855,1.8329830360721817,1.8414535522460938,253692000
2010-01-25,1.889017333729048,1.8972270183341322,1.848881594986699,1.8641282320022583,90705600
2010-01-26,1.8436691331040869,1.9004860928488605,1.8284224922501793,1.8406723737716675,100224000
2010-01-27,1.8362406861002734,1.8791142590339915,1.7924561065048665,1.8681676387786865,132120000
2010-01-28,1.8869330076177477,1.8882362674534983,1.7704328526400859,1.8027509450912476,116942400
2010-01-29,1.826598187303032,1.8634763402852035,1.7353784040450524,1.7437185049057007,104724000
2010-02-01,1.7822912182726485,1.8260766959527062,1.7778607839457512,1.8252952098846436,91778400
2010-02-02,1.8367625206600264,1.9034826639341929,1.8173453821258536,1.8929272890090942,88898400
2010-02-03,1.8673861109022423,1.8946216878772157,1.8477090373638232,1.8647795915603638,71056800
2010-02-04,1.8204734094595028,1.8226885705529516,1.6900297813071783,1.693678617477417,222825600
2010-02-05,1.6968056288105697,1.7120522652927697,1.6021986360230382,1.703452229499817,253101600
2010-02-08,1.7050155357747487,1.73316312441046,1.6601876336341639,1.6668342351913452,132141600
2010-02-09,1.7229991954371877,1.7704327274384188,1.6818202364587298,1.7270383834838867,193636800
2010-02-10,1.7201318292993781,1.745933842530414,1.6730886523586137,1.7175263166427612,125510400
2010-02-11,1.7095765695733762,1.776167303491261,1.6805169645232412,1.7689999341964722,110772000
2010-02-12,1.714136978043886,1.7671745576410773,1.69120231936419,1.7641777992248535,133977600
2010-02-16,1.8069205148917176,1.8551364302663669,1.7841162644099986,1.848490834236145,102261600
2010-02-17,1.876116638814886,1.8831534807490595,1.8501842086250408,1.8742926120758057,101095200
2010-02-18,1.866343022361029,1.919901472953228,1.8645181015513725,1.9097373485565186,98856000
2010-02-19,1.8947508874045755,1.9423156070863048,1.8798956087297682,1.922247290611267,82656000
2010-02-22,1.9416636141804766,1.9425765221870614,1.90491599107984,1.9191203117370605,112665600
2010-02-23,1.9046559068684816,1.9230297256215543,1.8366324896123651,1.85005521774292,90252000
2010-02-24,1.8663436282915713,1.9098683840177444,1.8535730931768382,1.9020488262176514,99050400
2010-02-25,1.8196911792146704,1.8973580650275812,1.8045750644441538,1.8956644535064697,88531200
2010-02-26,1.898661074317519,1.916383706553792,1.86556127470496,1.8995730876922607,75477600
2010-03-01,1.920683115996359,1.963035019715753,1.9201625728094127,1.9567806720733643,72648000
2010-03-02,1.9823220288034935,2.0014774392846624,1.9631657235337325,1.9703329801559448,93420000
2010-03-03,1.9900105684645661,2.013336594622459,1.964469492572648,1.9781521558761597,94730400
2010-03-04,1.9866231219218957,2.0047370072610597,1.9642091042224386,1.9956144094467163,74052000
2010-03-05,2.037184547052595,2.086703732884607,2.0208953617904943,2.0824027061462402,75679200
2010-03-08,2.0835751335614954,2.097258466992688,2.073411004327519,2.0821423530578613,57024000
2010-03-09,2.0611612065901848,2.12240768361736,2.0611612065901848,2.09256649017334,81633600
2010-03-10,2.0960853700498596,2.137264210568394,2.091524409073928,2.1209752559661865,89546400
2010-03-11,2.1067710356214397,2.1489923023430824,2.086572303596248,2.1483402252197266,92678400
2010-03-12,2.175836995227937,2.175967410674583,2.1319212153742435,2.146777391433716,71625600
2010-03-15,2.13726473121042,2.155247301235877,2.100646619050431,2.150296211242676,71884800
2010-03-16,2.167496947511135,2.20737275756895,2.150947159812927,2.201639175415039,97365600
2010-03-17,2.220142993306232,2.2619730140755054,2.218578902986656,2.2394297122955322,54525600
2010-03-18,2.2396897137857525,2.250636333068411,2.2108909446746985,2.237604856491089,70473600
2010-03-19,2.2012486457824707,2.259759120209885,2.1770106021706206,2.2012486457824707,103147200
2010-03-22,2.165801930821475,2.249984972019007,2.161632440260417,2.237083911895752,67068000
2010-03-23,2.248421958990958,2.290513052361222,2.22652960646427,2.2863433361053467,73396800
2010-03-24,2.2591490993264034,2.2802675549880482,2.2372487604358158,2.253413200378418,85197600
2010-03-25,2.298778614243068,2.3251108834444176,2.232555097645409,2.2401163578033447,77551200
2010-03-26,2.253674266700476,2.2862642985067785,2.211046187331875,2.24129056930542,93888000
2010-03-29,2.2719245260062686,2.291608776411299,2.259278788703218,2.2797458171844482,54604800
2010-03-30,2.2871774999315315,2.308165493474157,2.2552388888963604,2.283787250518799,76132800
2010-03-31,2.256150883955914,2.2901751084743798,2.2373789751797966,2.2586278915405273,97776000
2010-04-01,2.3088171295669375,2.330326977373736,2.2664497493303837,2.306601047515869,57888000
2010-04-05,2.333845921879559,2.3670873671748334,2.313900741412078,2.3609611988067627,83304000
2010-04-06,2.3438836663110867,2.3918562536631973,2.3363232984338107,2.378168821334839,51912000
2010-04-07,2.3659140845271414,2.3816880281345614,2.3063394694650614,2.340494155883789,147052800
2010-04-08,2.309859296324141,2.3739972088927357,2.2934337087881693,2.3609611988067627,121665600
2010-04-09,2.3780388489686537,2.4119323980281524,2.3652635365280243,2.4076309204101562,107841600
2010-04-12,2.418580096092159,2.438264345901887,2.409453951284225,2.4211864471435547,115812000
2010-04-13,2.411669993892718,2.4377424551423297,2.3762126997542024,2.4287478923797607,92160000
2010-04-14,2.453517327499052,2.508398861097089,2.441002049028855,2.5065743923187256,104803200
2010-04-15,2.4944497468863758,2.52964701283606,2.4940583578361997,2.5162196159362793,100440000
2010-04-16,2.4893657321644844,2.501489620043164,2.3575718786725712,2.3960280418395996,197308800
2010-04-19,2.372562933445095,2.4270532927122304,2.340102700988167,2.418450117111206,161107200
2010-04-20,2.467334329444885,2.4911904843013457,2.4437388768041326,2.484281539916992,77184000
2010-04-21,2.4907993643237156,2.5068335593257727,2.4320066446465907,2.4704627990722656,111247200
2010-04-22,2.4193627071710146,2.5029239537590824,2.3775171880211907,2.493277072906494,105069600
2010-04-23,2.4891047871831784,2.5447693159429594,2.4698119217832724,2.5424227714538574,96012000
2010-04-26,2.546594340463735,2.563280857831578,2.507617435813401,2.5127007961273193,78444000
2010-04-27,2.470854224433962,2.5091799164118136,2.322633919569518,2.3347578048706055,154764000
2010-04-28,2.370606332894541,2.407238017284246,2.324980309665307,2.3850767612457275,176184000
2010-04-29,2.433050273818938,2.492624896531895,2.430182995727348,2.4764604568481445,79070400
2010-04-30,2.4795891715227008,2.488061884100818,2.3498800472195307,2.350792169570923,95918400
2010-05-03,2.38664240254085,2.4625119296744318,2.374779439178615,2.445174217224121,89179200
2010-05-04,2.360178290726322,2.361220876087829,2.2352931688037065,2.268665075302124,137937600
2010-05-05,2.21104581221036,2.286263910623915,2.1823669918883213,2.2308614253997803,123739200
2010-05-06,2.201921743511898,2.2385532309733476,1.4007251315205511,2.0085971355438232,198439200
2010-05-07,1.9920402277524878,2.0509634254701594,1.8281773010821907,1.9200810194015503,148730400
2010-05-10,2.153557459495735,2.1961855444209815,2.106367642260464,2.1690704822540283,184773600
2010-05-11,2.107930744902558,2.2381610701699803,2.102064606771827,2.1502981185913086,108302400
2010-05-12,2.179498350816878,2.2500235760024716,2.1673753591898604,2.2415499687194824,91735200
2010-05-13,2.227732394668724,2.255238841437357,2.152775212514213,2.1581203937530518,71352000
2010-05-14,2.1113197901573777,2.1209666701332264,1.9834360283601185,2.0415773391723633,127929600
2010-05-17,2.0585234388988694,2.074428067329555,1.9271200983369758,2.043793201446533,124430400
2010-05-18,2.0934610068957324,2.1122329136562707,1.9393745472901134,1.9623174667358398,116820000
2010-05-19,1.926860200865351,1.9797867924622334,1.8538580788661498,1.927381157875061,139168800
2010-05-20,1.8037998932973245,1.8281771233984383,1.7049863425738288,1.7064205408096313,212227200
2010-05-21,1.629376557166471,1.7953259502928869,1.6177745244254347,1.7684717178344727,175809600
2010-05-24,1.750873517750442,1.7953263929014573,1.7087671870833896,1.7137200832366943,134128800
2010-05-25,1.5885745530635351,1.7203694372824154,1.5548113609437526,1.7194561958312988,173707200
2010-05-26,1.7512638328665253,1.797542178841322,1.6718745078706803,1.6838679313659668,179906400
2010-05-27,1.784375796719412,1.8584207334653144,1.7632573436924968,1.8564655780792236,153000000
2010-05-28,1.8492958834450202,1.8521632733904423,1.7611720068213537,1.7830722332000732,154310400
2010-06-01,1.7343174988010719,1.8144887113223862,1.6889513844698587,1.6971641778945923,171172800
2010-06-02,1.7234973099365356,1.8290894548952954,1.7006838461702276,1.827003836631775,147067200
2010-06-03,1.8469493126672063,1.8646785253185358,1.792327700037198,1.8459066152572632,136720800
2010-06-04,1.7439646121136905,1.7778582638369855,1.635112776597794,1.6604032516479492,209260800
2010-06-07,1.6707017955834016,1.688822399924718,1.5871404229781931,1.591702938079834,168768000
2010-06-08,1.594832311630268,1.651148051459958,1.5531163520498397,1.6378509998321533,173419200
2010-06-09,1.6731785229401488,1.7181532531800636,1.5973088897284102,1.6130820512771606,208231200
2010-06-10,1.69638230991065,1.7624754875509354,1.6897341777154231,1.7584338188171387,134640000
2010-06-11,1.7108528637743572,1.7858101533363753,1.7069417694297229,1.7815085649490356,158551200
2010-06-14,1.8242661700847345,1.8525544960854237,1.7686026474875725,1.7757717370986938,236232000
2010-06-15,1.8121426170574468,1.89987611985729,1.8024966299862941,1.8938792943954468,143294400
2010-06-16,1.8683288663639177,1.9161709921902503,1.8547708896558224,1.8921841382980347,187761600
2010-06-17,1.9093922343432057,1.9122595122140755,1.8472101455418197,1.901179552078247,248169600
2010-06-18,1.9131721299520987,1.9289463003886638,1.8899682782463552,1.9070459604263306,130492800
2010-06-21,1.9791343857013015,1.9834358612928618,1.8602450868238756,1.888403058052063,141696000
2010-06-22,1.8930375147642087,1.9162703337516684,1.7905812199261504,1.7972373962402344,198057600
2010-06-23,1.8011532828685048,1.8199479047789995,1.7437253461585154,1.7802696228027344,169740000
2010-06-24,1.7540358758322458,1.7610838021066457,1.6788572860817796,1.692561388015747,242352000
2010-06-25,1.7070495969600277,1.7387656083614798,1.6612377298576546,1.7249308824539185,186148800
2010-06-28,1.7206224473821714,1.7341969346955362,1.678465180639696,1.6949105262756348,131824800
2010-06-29,1.6259968511224676,1.6269103007801407,1.5095744771422577,1.5406372547149658,249472800
2010-06-30,1.526541717569992,1.5689602298354346,1.4800776550687345,1.4873868227005005,158832000
2010-07-01,1.4919548649015206,1.506442691399431,1.4042468692678547,1.4778589010238647,290347200
2010-07-02,1.4913015386262396,1.5030482294554066,1.4256510045061748,1.4521466493606567,142315200
2010-07-06,1.5116633286319117,1.5428577522372087,1.4371379394959043,1.4791646003723145,167292000
2010-07-07,1.4897360945408116,1.6237784174730512,1.485298682019004,1.6188185214996338,159890400
2010-07-08,1.6573211961796017,1.6723306086819216,1.6095518249876284,1.666326642036438,136944000
2010-07-09,1.6671104143646598,1.7036556904972133,1.65575480089013,1.702350378036499,72424800
2010-07-12,1.6859051880698133,1.7165770070334405,1.6654133950550956,1.7073103189468384,66196800
2010-07-13,1.7608222937127878,1.8045461142929635,1.7507727773176447,1.7847074270248413,123415200
2010-07-14,1.768522502174637,1.8041543283791135,1.746465163768486,1.7840543985366821,72554400
2010-07-15,1.7832719489334241,1.802718777363347,1.711617319382354,1.7853599786758423,98020800
2010-07-16,1.7540355967433547,1.7589954925717637,1.6270412028829928,1.6377437114715576,149608800
2010-07-19,1.6562777508252151,1.6814682047511345,1.6167309842585187,1.6681549549102783,125013600
2010-07-20,1.599893496773924,1.725190736018722,1.5975442253495395,1.721275806427002,131623200
2010-07-21,1.7484236677642497,1.749598359415537,1.633175841635456,1.6565386056900024,156614400
2010-07-22,1.7144882063805735,1.7870570665529624,1.7131837899885358,1.765651822090149,127382400
2010-07-23,1.7567760461608175,1.8186423942388117,1.7395479817518866,1.8110718727111816,121759200
2010-07-26,1.8181197318205087,1.8733290062653654,1.8053290808097353,1.8700662851333618,101412000
2010-07-27,1.8999554928984812,1.9042621730073925,1.8442237318751022,1.866411805152893,100569600
2010-07-28,1.8546649359241814,1.8716327655123683,1.8126382887835464,1.831302285194397,80899200
2010-07-29,1.8631492446611382,1.8784199028917647,1.7609534045252055,1.8041547536849976,120808800
2010-07-30,1.7489452573110207,1.831041147713941,1.7396785690104442,1.8023276329040527,117432000
2010-08-02,1.8879481557853275,1.933498784406515,1.8652377038348502,1.92410147190094,74080800
2010-08-03,1.9107879193567967,1.925406255747519,1.8784197061325187,1.897344946861267,79581600
2010-08-04,1.9131377929278464,1.9431577541124128,1.8935605607253638,1.9346736669540405,81979200
2010-08-05,1.9002157558365185,1.9318011372721913,1.8899049968106651,1.9277554750442505,80798400
2010-08-06,1.8718929757642837,1.9145727266991217,1.8302581917355447,1.9038701057434082,101037600
2010-08-09,1.9318015360723175,1.9455064241438862,1.902305186295305,1.9341506958007812,48412800
2010-08-10,1.886380912707476,1.9349340123459216,1.8530984683252396,1.9062196016311646,112435200
2010-08-11,1.8142051716772756,1.8174678932716846,1.7390265769280788,1.7489454746246338,114717600
2010-08-12,1.6678934339299045,1.7336747144349418,1.6660666460197686,1.7172293663024902,77479200
2010-08-13,1.6993481279272742,1.7308037856265852,1.6941278859220525,1.6983040571212769,76118400
2010-08-16,1.6668494584693914,1.7134442594326864,1.6471414998331022,1.6977826356887817,89316000
2010-08-17,1.7399399384298442,1.7969760058159896,1.7263654489408473,1.7562545537948608,97149600
2010-08-18,1.7571679021875588,1.7972371436808974,1.727149074385198,1.7685226202011108,81288000
2010-08-19,1.7425503461174454,1.7542970387465242,1.6554945582675078,1.6776825189590454,151228800
2010-08-20,1.66084554001292,1.6682853291252808,1.6239092925398424,1.6621507406234741,103824000
2010-08-23,1.6845998262232271,1.7083543396557028,1.6382653789247847,1.6399625539779663,83736000
2010-08-24,1.5856667673046072,1.6074638726703874,1.5428572900065336,1.5698745250701904,126777600
2010-08-25,1.541290686671176,1.6027651671525125,1.5121853110359833,1.5827958583831787,104140800
2010-08-26,1.604461488056816,1.614120039307389,1.5377668716387123,1.5518628358840942,97862400
2010-08-27,1.5827964628843425,1.6292605401448705,1.512707476027867,1.6249537467956543,119548800
2010-08-30,1.6129455432796393,1.6270416212597745,1.5542122957865998,1.5552563667297363,95306400
2010-08-31,1.5363311571291633,1.5834483322051063,1.5187112273176702,1.5596938133239746,132163200
2010-09-01,1.619080101684364,1.7002626653202517,1.6152948964877638,1.69451904296875,104781600
2010-09-02,1.7074399720359494,1.7418971061706543,1.6964770055041274,1.7418971061706543,74505600
2010-09-03,1.7939744569687741,1.8139436556378388,1.7648690785286174,1.808070421218872,100036800
2010-09-07,1.7832717185311253,1.789797160710497,1.7442465496300044,1.750511646270752,83548800
2010-09-08,1.7580813629120795,1.8051985306719376,1.7558626004306204,1.7845770120620728,84024000
2010-09-09,1.844223269882756,1.8470951360677128,1.795931421749525,1.8096355199813843,67118400
2010-09-10,1.8202077572339144,1.8431794410082936,1.8076783487624721,1.8378276824951172,58838400
2010-09-13,1.891732993836524,1.9096132678803472,1.869674643852982,1.8977359533309937,75981600
2010-09-14,1.887424875485865,1.9264500429435127,1.8656287791653787,1.8935595750808716,74988000
2010-09-15,1.8782888166837886,1.9227955796086742,1.8609301328318735,1.9182274341583252,63849600
2010-09-16,1.8976059269300745,1.9183580647590615,1.8788113096760188,1.914703369140625,76989600
2010-09-17,1.9431571861301882,1.9492916630757329,1.9013907634026264,1.9161397218704224,68061600
2010-09-20,1.9389791463154877,2.0176816724123516,1.9238390040301552,2.0072402954101562,80690400
2010-09-21,2.0095015558986318,2.0378486243743907,1.9678297148071555,1.9909521341323853,155930400
2010-09-22,1.9855948685098277,2.0160318746733275,1.9469281292973755,1.9657390117645264,93009600
2010-09-23,1.9142708566867357,1.976058891331949,1.8995089117034505,1.9158376455307007,108410400
2010-09-24,1.9801091494654992,2.036803276015691,1.9746219121910191,2.03066349029541,78400800
2010-09-27,2.0353660985516813,2.042551082998341,1.9986585666707783,2.0051896572113037,71712000
2010-09-28,2.013158777036486,2.0442483335714345,1.9474511937189194,2.0263516902923584,124761600
2010-09-29,2.010153385444144,2.03745546642961,1.9908204659842503,2.0114598274230957,102744000
2010-09-30,2.04372673838745,2.0818705527741423,1.9682217193272302,1.9955238103866577,151430400
2010-10-01,2.040590081706775,2.0473835341256343,1.9850723605331038,2.020864963531494,74469600
2010-10-04,2.0067572712865123,2.033536420376701,1.9457525218932907,1.9767124652862549,99756000
2010-10-05,2.031185810990257,2.109042251415017,2.0230865848607467,2.093888998031616,70228800
2010-10-06,2.0941509532071354,2.109304210116446,2.0694617399520094,2.0953266620635986,75204000
2010-10-07,2.1214516671285666,2.1214516671285666,2.04895064769849,2.0869646072387695,70156800
2010-10-08,2.0967625021712166,2.139087097047322,2.0715503690644144,2.1198840141296387,69703200
2010-10-11,2.132686165327298,2.144050823360789,2.105122608970538,2.126938581466675,43848000
2010-10-12,2.1061685286719087,2.1658668454763186,2.0716816792573853,2.147970199584961,101052000
2010-10-13,2.184285191463203,2.2314431342280603,2.1671729518302585,2.1946048736572266,74937600
2010-10-14,2.190816867524728,2.2011365482560543,2.1312484053597758,2.180105209350586,97329600
2010-10-15,2.2179877578633,2.220078379176324,2.1328165227857947,2.1858530044555664,91850400
2010-10-18,2.1884662266445236,2.237974470144422,2.155285596847534,2.155285596847534,53258400
2010-10-19,2.154240580512636,2.1917316170767154,2.08918598873629,2.125239849090576,107337600
2010-10-20,2.1431364120869234,2.2219070751369414,2.137388828684171,2.191600799560547,87055200
2010-10-21,2.222821113502613,2.2580914627238435,2.1538481007499493,2.203357458114624,101599200
2010-10-22,2.2153768112334533,2.226872206568692,2.1978723624132765,2.2200794219970703,51832800
2010-10-25,2.2599211489202107,2.296105967712225,2.232096125649913,2.233664035797119,90208800
2010-10-26,2.2016589809534644,2.2442450504555427,2.190032856160643,2.236407518386841,51638400
2010-10-27,2.1909473269071076,2.2260880697905034,2.1572448815251417,2.219163656234741,87897600
2010-10-28,2.254042466483852,2.259659315312569,2.187550708766833,2.2224297523498535,67708800
2010-10-29,2.2119790545141584,2.236929045389476,2.2017892112116653,2.2238657474517822,40420800
2010-11-01,2.260443428352349,2.2949305037164667,2.189511407922605,2.2258267402648926,75859200
2010-11-02,2.276118594339334,2.294406537752829,2.258352465236887,2.2763800621032715,42919200
2010-11-03,2.292186701455574,2.3098218789395473,2.219686552270733,2.305903673171997,78602400
2010-11-04,2.3817996907713934,2.4426737065175397,2.374223626829274,2.4383630752563477,66448800
2010-11-05,2.4434581824411326,2.4789891048945685,2.4361424648926566,2.47049880027771,69948000
2010-11-08,2.4450248340019303,2.463704983116954,2.420597101943109,2.455605983734131,64987200
2010-11-09,2.474026215282253,2.4799045331558,2.3703046485915475,2.4002187252044678,78400800
2010-11-10,2.398651570983271,2.4317014660987377,2.3444395982206943,2.4276514053344727,96710400
2010-11-11,2.3646871448058016,2.4115836136257798,2.3448312895175922,2.3979973793029785,60667200
2010-11-12,2.3520159087479824,2.383629527937619,2.285132829189182,2.3142642974853516,128419200
2010-11-15,2.338430409553211,2.36429554582359,2.303029320655059,2.305903673171997,63424800
2010-11-16,2.2635790545248646,2.274290939731248,2.165866766564056,2.197479486465454,144237600
2010-11-17,2.2015282933402034,2.227263590950673,2.1811503955921636,2.2008755207061768,65390400
2010-11-18,2.2647547813968445,2.320795237380575,2.2646240474663397,2.2972817420959473,56966400
2010-11-19,2.2898350640079936,2.3187050597001186,2.2566555581467638,2.314785957336426,47980800
2010-11-22,2.283042467256617,2.3124345011418157,2.229744514819787,2.3112587928771973,83275200
2010-11-23,2.23052878461346,2.242416376219046,2.185983728360475,2.2076680660247803,119145600
2010-11-24,2.2533892723735467,2.3086462228741538,2.251952993056312,2.303683042526245,53625600
2010-11-26,2.2480329915689405,2.2847405089535187,2.233793986474796,2.2434608936309814,31269600
2010-11-29,2.216028920603156,2.2656690200367424,2.167695263499728,2.2479031085968018,94694400
2010-11-30,2.1802354101416808,2.2482941588343848,2.170699238140963,2.2055773735046387,88574400
2010-12-01,2.306293986541212,2.3627266199276065,2.3059026818926043,2.348487615585327,70610400
2010-12-02,2.361160259226711,2.4455477648549673,2.358024439331713,2.4399309158325195,56764800
2010-12-03,2.4166777943658353,2.4678857965381953,2.413150893923256,2.4588725566864014,54331200
2010-12-06,2.4462003447629166,2.4685383506436955,2.4362728653838275,2.4509031772613525,40816800
2010-12-07,2.5217053413131856,2.527452923288136,2.452993807200024,2.454822063446045,82742400
2010-12-08,2.465012395331195,2.4885261204882454,2.432485651088931,2.481733560562134,55425600
2010-12-09,2.523535227386235,2.527191964858657,2.4763770601137214,2.5138680934906006,42372000
2010-12-10,2.5351619537438803,2.563247554450605,2.5108640499020236,2.5569770336151123,44834400
2010-12-13,2.5956423067816856,2.601389888508544,2.5595884583152078,2.562070608139038,52372800
2010-12-14,2.574089399024202,2.602174991254584,2.54482720153351,2.5678188800811768,52286400
2010-12-15,2.554363908219788,2.5845403524312056,2.5214449663290543,2.531895160675049,66268800
2010-12-16,2.547178852617953,2.581796434814123,2.5102107506058777,2.5760488510131836,68493600
2010-12-17,2.570169549282495,2.5942050739926006,2.5551470380040566,2.587151050567627,39232800
2010-12-20,2.6073994573627393,2.6224217464284925,2.565597798194714,2.599954128265381,55670400
2010-12-21,2.629476813148612,2.6570403709680406,2.620332837512799,2.650247812271118,39657600
2010-12-22,2.6586083017242057,2.6802924203895375,2.654427506592959,2.6770269870758057,37598400
2010-12-23,2.6686652910194923,2.67780926252146,2.646719490322737,2.664876699447632,26740800
2010-12-27,2.6360076092457203,2.675327112766567,2.629737092162327,2.664876699447632,18244800
2010-12-28,2.68434170934612,2.6863009239220363,2.659521777229125,2.6796391010284424,21477600
2010-12-29,2.6881312476456567,2.7034150103614083,2.685256894747341,2.6860404014587402,19663200
2010-12-30,2.6772882861399543,2.695837704261087,2.66135063147212,2.6754589080810547,30816000
2010-12-31,2.6604355339930756,2.682512070216367,2.6477646619751063,2.676764488220215,26402400
2011-01-03,2.733982140716852,2.791720338299057,2.732152762839442,2.7546215057373047,49917600
2011-01-04,2.7761760126806125,2.7770902531339448,2.7023685310005106,2.745999574661255,66038400
2011-01-05,2.7239237712759587,2.799428796152233,2.7188287349829654,2.7925055027008057,42400800
2011-01-06,2.796422035038031,2.806612101523544,2.7547513410793587,2.7760443687438965,51228000
2011-01-07,2.7908059863332717,2.8026935784100346,2.6981887455738836,2.760891914367676,49204800
2011-01-10,2.728886844288309,2.762458773012935,2.701454027276132,2.752139091491699,62920800
2011-01-11,2.785189311149096,2.799558830274105,2.74913522790256,2.778135061264038,63856800
2011-01-12,2.831302017088837,2.8638289723491495,2.8158875250129336,2.856252908706665,68270400
2011-01-13,2.856774638293005,2.8622609774249548,2.820067114210419,2.8469769954681396,67694400
2011-01-14,2.8290811832684346,2.9040634668028873,2.823724905438475,2.896486282348633,67075200
2011-01-18,2.895180141465213,2.925356578815768,2.8847297252517334,2.9189553260803223,37785600
2011-01-19,2.912424354492378,2.9163425599706074,2.8088335316167026,2.9155590534210205,66902400
2011-01-20,2.811837763203513,2.840838493903016,2.758671662990287,2.82137393951416,89978400
2011-01-21,2.872450052421779,2.891260929603414,2.8299947327716892,2.843188762664795,57024000
2011-01-24,2.8336534229969166,2.8971400960824276,2.8316933113481504,2.8873424530029297,46274400
2011-01-25,2.860693918944251,2.893482340525891,2.8211120435346566,2.8911309242248535,66736800
2011-01-26,2.9104634780081633,2.949522412884847,2.8957024337657224,2.926008701324463,59601600
2011-01-27,2.925617988641728,2.9601041596433926,2.911379204332755,2.9462573528289795,52632000
2011-01-28,2.9586673958198846,2.97003295079839,2.7787880463779926,2.790675640106201,97848000
2011-01-31,2.8158869385824437,2.86043198593797,2.793941137486545,2.852463722229004,50198400
2011-02-01,2.9043248923590936,3.005693895186455,2.9015812744114977,2.988581657409668,47196000
2011-02-02,2.9727759330192627,2.997204794114218,2.963110141809164,2.972123384475708,41457600
2011-02-03,2.959713847372733,3.0064796036229873,2.9116407515574894,2.990934371948242,37684800
2011-02-04,2.9965504119221245,3.0230692159994845,2.955793719588616,3.021109104156494,38253600
2011-02-07,3.0396592235346938,3.105366581421772,3.0391362878836667,3.075451612472534,32925600
2011-02-08,3.0860329454261577,3.1218262334605025,3.059906567476343,3.117384195327759,31161600
2011-02-09,3.0926957309144885,3.1209120664184704,3.052069760057842,3.0959622859954834,50392800
2011-02-10,3.0477585446675644,3.109024768123864,3.028686191458145,3.10040283203125,34560000
2011-02-11,3.061082091987979,3.1670243328520127,3.061082091987979,3.1556596755981445,42177600
2011-02-14,3.1527857313250816,3.1838764147942724,3.1393313477649034,3.172903060913086,29714400
2011-02-15,3.1467758915948116,3.1631055207553027,3.122217202117894,3.148343801498413,36338400
2011-02-16,3.1778667777926715,3.2174477599876754,3.1595788297450857,3.202033042907715,49910400
2011-02-17,3.1777366706304817,3.2461876614636798,3.1701606051199067,3.235867977142334,28634400
2011-02-18,3.2421371588222136,3.266695627182799,3.2208441233740244,3.2558541297912598,36612000
2011-02-22,3.1512178610553847,3.2064750233043604,3.033649736091134,3.061866283416748,68061600
2011-02-23,3.0516763511578775,3.0753208008087856,2.945604507962895,3.011181354522705,58190400
2011-02-24,2.99210961527457,3.030254324499217,2.9109875260562146,3.000208616256714,208296000
2011-02-25,3.0367855339015533,3.0963531199960097,3.027380090163986,3.0873398780822754,27098400
2011-02-28,3.123392354317764,3.1598384045696033,3.0947847309716034,3.1488661766052246,30492000
2011-03-01,3.179826775366272,3.186881027173379,2.990934371948242,2.990934371948242,58567200
2011-03-02,2.9783928775958084,3.051285215686652,2.9682030328747393,3.0066092014312744,39844800
2011-03-03,3.0932174832564727,3.1751230634374945,3.0900827845535175,3.161799192428589,28646400
2011-03-04,3.161799434754328,3.164542156177486,3.033257941634635,3.095176935195923,40459200
2011-03-07,3.1198666569517393,3.1422046702042503,2.972515375916977,3.016406774520874,27813600
2011-03-08,3.0328663755177643,3.128096750938933,2.995244598471935,3.09635329246521,22785600
2011-03-09,3.0787172938121894,3.114772047835452,3.030906578501301,3.0861635208129883,22900800
2011-03-10,2.992501527661049,2.992501527661049,2.9062844111660158,2.9133386611938477,36660000
2011-03-11,2.880418835113551,3.0050409749874585,2.880418835113551,2.974473237991333,29316000
2011-03-14,2.9129469299873785,2.9501774010462034,2.8525958356653476,2.9219610691070557,28862400
2011-03-15,2.6829049114196275,2.8706217779824774,2.680553494807779,2.823986768722534,45237600
2011-03-16,2.7961625853470804,2.820851786524459,2.604917700895474,2.6640939712524414,71006400
2011-03-17,2.7761757705244414,2.7996892615357565,2.719742898761788,2.7624588012695312,30547200
2011-03-18,2.8678782491234935,2.87062096974928,2.7824448898220995,2.8000800609588623,30520800
2011-03-21,2.9058924005763402,2.9450820831045608,2.8933522582910687,2.926663398742676,21225600
2011-03-22,2.9286213761700433,2.937634613643891,2.889040405545785,2.8984458446502686,23695200
2011-03-23,2.8721890615899235,2.943905682905059,2.833391592930325,2.921567678451538,24724800
2011-03-24,2.9744739215756164,3.017582031285699,2.92156839188955,3.003865957260132,29524800
2011-03-25,3.026203913485867,3.0720554165824394,3.0097444455524167,3.029338836669922,26227200
2011-03-28,3.0555958409664217,3.0755824331427326,3.0089608329607365,3.0109200477600098,27482400
2011-03-29,3.004257704502561,3.0716628045826533,2.9740812698433485,3.070096015930176,22476000
2011-03-30,3.1206507291950483,3.1606236902886713,3.1061502520403894,3.133190870285034,21813600
2011-03-31,3.1257447106480134,3.150826114588353,3.1112453543964738,3.1237854957580566,14479200
2011-04-01,3.184137110896758,3.2052994098948298,3.138676917311987,3.159055709838867,24182400
2011-04-04,3.1825691339049453,3.1974609141421286,3.1418124466838084,3.1684610843658447,18060000
2011-04-05,3.149650435992789,3.210002189093951,3.145731109481179,3.168853521347046,22132800
2011-04-06,3.2135303374117745,3.220584364951837,3.1594490858654773,3.1923680305480957,21297600
2011-04-07,3.179434935929858,3.216664504505983,3.1269204860223163,3.1723806858062744,31303200
2011-04-08,3.2119611522152343,3.218231894747779,3.1002715675559513,3.1437716484069824,21180000
2011-04-11,3.14808357600505,3.1806112162822595,3.088515982278827,3.1135973930358887,15724800
2011-04-12,3.057554269456969,3.074798135874446,3.0058242399081054,3.044621706008911,31075200
2011-04-13,3.0830284518952578,3.08969049934142,3.0038655950660456,3.0395283699035645,21573600
2011-04-14,2.985838984169067,3.0595157448734875,2.956446944495434,3.0465831756591797,22857600
2011-04-15,3.061082225293047,3.100664332591157,3.036393022093744,3.0720555782318115,26704800
2011-04-18,2.974473923163267,2.993677234085681,2.9019740019734073,2.9795689582824707,36364800
2011-04-19,2.989757535520622,3.02816280712905,2.9666360219086187,3.022676467895508,15225600
2011-04-20,3.134366921424476,3.1692450756044668,3.1277050968786817,3.1516098976135254,29793600
2011-04-21,3.196285893414452,3.200597198033074,3.1531777805841865,3.1978538036346436,16149600
2011-04-25,3.192366948477058,3.2005966818581975,3.1559208902562625,3.186096429824829,13687200
2011-04-26,3.214705127976012,3.2875974725514534,3.2092178912843314,3.2699620723724365,20781600
2011-04-27,3.2915154864606726,3.3475568311087365,3.248799582523442,3.331097364425659,22536000
2011-04-28,3.3095424046746382,3.3769483962732494,3.3095424046746382,3.364016056060791,19104000
2011-04-29,3.37028615432176,3.3985024791147054,3.3569622832727775,3.396543264389038,16896000
2011-05-02,3.4486658180558853,3.4486658180558853,3.3534356852607856,3.3710708618164062,24660000
2011-05-03,3.3565706226631464,3.3722468096732743,3.2872053956065876,3.337367534637451,23256000
2011-05-04,3.3346245512792585,3.336191340051178,3.225677455627954,3.271921157836914,26064000
2011-05-05,3.215096197557211,3.2785828711296294,3.1378934514498487,3.186879873275757,34504800
2011-05-06,3.2770165582932793,3.3248272788533604,3.1864890312585583,3.22058367729187,31212000
2011-05-09,3.2284211941757164,3.286813065623567,3.2080423985251176,3.265650987625122,15364800
2011-05-10,3.2946515394007516,3.3620566481299528,3.2813267704777442,3.3475570678710938,18667200
2011-05-11,3.3307052856619843,3.3307052856619843,3.1939340640218914,3.237434148788452,31363200
2011-05-12,3.2123535605825233,3.303664583345609,3.1637584422367637,3.284461498260498,24645600
2011-05-13,3.2915160990853725,3.302881654461861,3.1755158557337024,3.2049078941345215,24816000
2011-05-16,3.167678561693594,3.248800432345863,3.131232269871124,3.1476919651031494,19980000
2011-05-17,3.1092857853182823,3.1570974091313895,3.0704883006713573,3.1476919651031494,24033600
2011-05-18,3.148082834605094,3.237826854420031,3.1296641509317555,3.232731819152832,17476800
2011-05-19,3.2593801481236815,3.2762311407895903,3.200596092799218,3.2538931369781494,19845600
2011-05-20,3.226069085445708,3.2390014253979773,3.157879588834489,3.1747312545776367,24391200
2011-05-23,3.056770930983976,3.0916490734356623,3.0305138252409507,3.0630414485931396,26400000
2011-05-24,3.09164953523013,3.1100693376257063,3.03835270639024,3.0587306022644043,20001600
2011-05-25,3.019933226749085,3.124177489595812,3.016406101997667,3.0861635208129883,20013600
2011-05-26,3.062257806357646,3.144947797188179,3.043839123352454,3.1237854957580566,29623200
2011-05-27,3.152784926812009,3.1896231850912358,3.142595979165743,3.1637582778930664,19747200
2011-05-31,3.252327069318644,3.2632995250944057,3.1876646793697945,3.2629082202911377,23049600
2011-06-01,3.231948012571067,3.2397855444180212,3.03482571112834,3.048541784286499,45136800
2011-06-02,3.04893373737207,3.067744619546935,2.9795685252609783,3.0316896438598633,27040800
2011-06-03,2.921568694463954,3.0109205191078816,2.919217277547242,2.944689989089966,33338400
2011-06-06,2.921960825856326,2.938028093588444,2.837702917669846,2.8475005626678467,26349600
2011-06-07,2.8957029323316394,2.9164730298047745,2.8377023740315805,2.8408381938934326,23354400
2011-06-08,2.831041026485064,2.8576894452165584,2.7910678377791993,2.8071351051330566,32959200
2011-06-09,2.829473047328768,2.9047165892972364,2.8102708570279376,2.8663113117218018,19346400
2011-06-10,2.8298652467196144,2.83966289123988,2.727581084973103,2.7510945796966553,49020000
2011-06-13,2.767945728907001,2.789891307564663,2.7158234939826436,2.7557966709136963,24650400
2011-06-14,2.831040352926898,2.889824413597509,2.8294724431055447,2.8608245849609375,28005600
2011-06-15,2.788323479070384,2.814188608569581,2.687215049984307,2.7083771228790283,55430400
2011-06-16,2.7126885590160974,2.7687289983103924,2.6640934484832686,2.722485303878784,42664800
2011-06-17,2.808310083234406,2.808310083234406,2.7236611184697166,2.749526023864746,35431200
2011-06-20,2.723271022506743,2.8094870383524424,2.7201352015415665,2.794987678527832,32119200
2011-06-21,2.8369191150434236,2.923527534079605,2.8247702786964153,2.9058921337127686,34893600
2011-06-22,2.8804199751819644,2.9305821189942085,2.849068719390614,2.8561229705810547,28471200
2011-06-23,2.752662229231668,2.832999901829398,2.6895666333490684,2.829864978790283,71925600
2011-06-24,2.8298647124549103,2.8333918369070887,2.7193506129640648,2.731499671936035,48458400
2011-06-27,2.7350276515320977,2.834568431324488,2.721702880243229,2.8028249740600586,25560000
2011-06-28,2.835351335509631,2.9125549825091146,2.8263380953525017,2.9121627807617188,23107200
2011-06-29,2.9529196424683257,3.0011225630513128,2.920000481774129,2.9877986907958984,33981600
2011-06-30,3.0167984717019958,3.086947199190614,3.007393029417979,3.071272134780884,26059200
2011-07-01,3.0747993370454147,3.2205838188671603,3.0595155759262247,3.2092182636260986,28293600
2011-07-05,3.199028880270247,3.2205833824263332,3.170812554474655,3.1962854862213135,32162400
2011-07-06,3.1751241645310606,3.2225435905557354,3.1508269335668038,3.208435535430908,34516800
2011-07-07,3.2985704867182526,3.337367972686054,3.278583889447356,3.3181657791137695,39525600
2011-07-08,3.2017725679962132,3.2448806762695312,3.1668935208310316,3.2448806762695312,48180000
2011-07-11,3.121041936431317,3.153177590952489,3.0446226875648503,3.0736234188079834,58828800
2011-07-12,3.0454068869450794,3.1222174354631846,3.0230691025042606,3.0277717113494873,52980000
2011-07-13,3.0728394625249136,3.151218834700691,3.03521768679114,3.061082601547241,37298400
2011-07-14,3.0818527858384264,3.121433539183994,2.9760412969901044,2.9964191913604736,74971200
2011-07-15,3.0414872798920563,3.0567710364070013,2.983095423183148,3.040703773498535,44217600
2011-07-18,3.0019070401075845,3.0152306884458557,2.9031497798498878,2.969771385192871,50911200
2011-07-19,3.0195411578254094,3.124176698959701,3.017189741919538,3.112419843673706,41359200
2011-07-20,3.137501576046957,3.1433798934590382,3.0920420498759538,3.106933832168579,30609600
2011-07-21,3.156703245389166,3.2597708638068332,3.14141926819017,3.235081672668457,48873600
2011-07-22,3.238610062226745,3.2535027416604168,3.184528823849057,3.2429215908050537,31514400
2011-07-25,3.1508261927523935,3.2362589071534873,3.141420750132729,3.188840389251709,29196000
2011-07-26,3.1813935828971323,3.197853273830398,3.1308392503572593,3.153569459915161,30518400
2011-07-27,3.1026231392042503,3.1026231392042503,2.949001140533513,2.963892698287964,60103200
2011-07-28,2.9599739070615616,3.037568869589507,2.9200007173661406,2.93802809715271,45201600
2011-07-29,2.8467164446531914,2.955270202256187,2.8079187505815644,2.8749327659606934,75024000
2011-08-01,2.9764334154590477,2.982704159499881,2.7534461699749895,2.834960460662842,93050400
2011-08-02,2.774215484007521,2.816932056552591,2.6190256009912205,2.624903917312622,104721600
2011-08-03,2.6303918931994668,2.668797173063111,2.4975397542221054,2.662135124206543,113740800
2011-08-04,2.5488769362491204,2.562984985398114,2.2741597128696758,2.285524368286133,141955200
2011-08-05,2.370565361614683,2.3889840402381712,2.0931045408589477,2.275726556777954,165196800
2011-08-08,2.0923200718742234,2.176185748451409,1.8191708993043543,1.82622492313385,182793600
2011-08-09,1.9183190346877093,2.090360768177179,1.732170264750649,2.080171823501587,177640800
2011-08-10,1.9629957342410234,2.0182526767322284,1.7913461412525276,1.807022213935852,166279200
2011-08-11,1.8544418635686353,2.126415514861908,1.8379822832481076,2.048037052154541,106670400
2011-08-12,2.107605138648653,2.1475783347016573,2.0480375464332803,2.0931055545806885,148521600
2011-08-15,2.1475770472339417,2.228698875082543,2.1373881018838548,2.2181179523468018,93854400
2011-08-16,2.1589433138736465,2.22674062402748,2.0946720074138865,2.1640372276306152,119349600
2011-08-17,2.2008751392745958,2.25299737687914,2.1193610957317923,2.169915199279785,95767200
2011-08-18,1.9978749320743003,2.0041445543481484,1.8293603614114589,1.8869686126708984,160156800
2011-08-19,1.811725112403129,1.9555503716147962,1.789387213990736,1.7995761632919312,124082400
2011-08-22,1.9167526168803972,1.9191040332814575,1.7842920343793205,1.8019272089004517,108662400
2011-08-23,1.820737568746318,1.9802389455674787,1.7925212527669316,1.9747517108917236,121389600
2011-08-24,1.9641709339798392,2.067239698237346,1.9496715807446734,2.059793472290039,113325600
2011-08-25,2.096239705093367,2.130726771436625,1.9457524211127526,1.9657390117645264,122409600
2011-08-26,1.9359552844065502,2.07978078285221,1.8446443541602071,2.0519566535949707,141460800
2011-08-29,2.135037229683886,2.231835262441916,2.130334621075431,2.2290916442871094,80582400
2011-08-30,2.2000923101231904,2.288268418824653,2.1507136802806337,2.2408487796783447,116347200
2011-08-31,2.289834523503156,2.348227273718401,2.226347860815553,2.268672227859497,130886400
2011-09-01,2.28121308019321,2.341564137026612,2.1969554415746284,2.2055773735046387,111873600
2011-09-02,2.068807601247194,2.1029022533845256,2.01315933809532,2.035888433456421,108655200
2011-09-06,1.8571834661885276,1.9994408460429192,1.8571834661885276,1.9908198118209839,131109600
2011-09-07,2.0836994832722264,2.161685739579713,2.0613616989696917,2.1577675342559814,96220800
2011-09-08,2.118970126643309,2.193821462309862,2.0770368295049164,2.0899693965911865,122042400
2011-09-09,2.0194281702191055,2.0413748714607935,1.8940225172539447,1.9281171560287476,161644800
2011-09-12,1.8532655312802058,1.968090016730388,1.8340624511077894,1.9645628929138184,136869600
2011-09-13,1.98102307291411,2.039414937293755,1.9406576882815836,2.0135498046875,130147200
2011-09-14,2.047252723439337,2.173050549567898,1.9657384732586898,2.099766254425049,136783200
2011-09-15,2.16756455344862,2.2114568452973327,2.112307379268261,2.2098889350891113,133060800
2011-09-16,2.236146014841857,2.272984276196968,2.184415971882809,2.2475106716156006,108820800
2011-09-19,2.1385652149925516,2.2165523962160307,2.095064890579637,2.18088960647583,143988000
2011-09-20,2.2102805535436008,2.27337524392195,2.166780474971009,2.1746180057525635,121622400
2011-09-21,2.179090283129104,2.1983042531187573,1.97439624152348,1.9775328636169434,150480000
2011-09-22,1.8124434663323536,1.8598920674313082,1.7124493391268742,1.790091872215271,221330400
2011-09-23,1.7544083245426627,1.8508733933329549,1.74970271964,1.8171491622924805,123686400
2011-09-26,1.8732241082994874,1.9591013854648822,1.7955816077964133,1.9481213092803955,171187200
2011-09-27,2.0669381728790124,2.1186999210706614,1.9818448718381727,2.0096869468688965,140376000
2011-09-28,2.030470451579648,2.0657624317807017,1.8845965893645218,1.8885180950164795,122985600
2011-09-29,1.9873362924606304,2.016746356432306,1.835188036708727,1.9371424913406372,141840000
2011-09-30,1.8583235123350523,1.9081247559596772,1.7920534910033599,1.7991118431091309,142104000
2011-10-03,1.763819704355749,1.8304822786164467,1.6371597923270438,1.639512538909912,245954400
2011-10-04,1.5689283089537478,1.7567611848920361,1.5281466241364274,1.7371537685394287,261033600
2011-10-05,1.7591136355837613,1.8575389920224203,1.7112727100176401,1.8430297374725342,179157600
2011-10-06,1.8422456529483218,1.95125864091872,1.8014640893375333,1.9426323175430298,125124000
2011-10-07,1.978316942442062,1.9814546865858231,1.8724407400728544,1.9026356935501099,180163200
2011-10-10,2.001060862484709,2.0971333980560303,2.0002768753038045,2.0971333980560303,84710400
2011-10-11,2.0598799806329433,2.119876511064685,2.0528216312824092,2.098701238632202,87741600
2011-10-12,2.1512475454950257,2.2296751990791415,2.1355628674258615,2.158306121826172,115944000
2011-10-13,2.117523790011903,2.162226971295672,2.0704677506655953,2.142228126525879,111033600
2011-10-14,2.2190873738741828,2.257123758390852,2.1837951683049868,2.252418041229248,97449600
2011-10-17,2.220655360275414,2.226929949667746,2.10928970065735,2.1237988471984863,85728000
2011-10-18,2.1206613139930255,2.299474320767998,2.07164484307321,2.249281644821167,138604800
2011-10-19,2.239477955636737,2.277515469059696,2.1473271530850813,2.1700704097747803,119508000
2011-10-20,2.186539294129448,2.2210472839191207,2.0998779993382604,2.196342945098877,108374400
2011-10-21,2.2755548830479695,2.3300608348450753,2.2551635893656936,2.3206496238708496,81775200
2011-10-24,2.3335901567922583,2.424958088605175,2.3273166891951136,2.4116251468658447,66816000
2011-10-25,2.3755488718435864,2.3771166214956705,2.2524180340622264,2.26849627494812,70898400
2011-10-26,2.3406479886052263,2.3618232649900213,2.2222237767529838,2.3367273807525635,104565600
2011-10-27,2.527304490701391,2.6253374158744753,2.468484376588055,2.5755369663238525,106178400
2011-10-28,2.5441656588427053,2.5939670071555603,2.5324018152322236,2.5853397846221924,62932800
2011-10-31,2.492403005251613,2.498284924429207,2.3845664740440515,2.3857429027557373,78352800
2011-11-01,2.1928145162143453,2.278299639714802,2.165757308518375,2.19399094581604,160514400
2011-11-02,2.2912394581660274,2.321434403774795,2.235164637164753,2.2994742393493652,92054400
2011-11-03,2.3806454947388693,2.4378976287819456,2.277907088136738,2.4229960441589355,113390400
2011-11-04,2.3657453665292327,2.3920185815940846,2.2959451626796183,2.379862070083618,78249600
2011-11-07,2.3782926365753316,2.430839278672236,2.307708686716427,2.4229960441589355,79939200
2011-11-08,2.462602090971481,2.5249514834938904,2.3920179195912032,2.516716480255127,76888800
2011-11-09,2.3426101264158943,2.374764597014723,2.2222245585694744,2.23947811126709,160219200
2011-11-10,2.32888374469396,2.335158332325207,2.232027258801678,2.300650119781494,99688800
2011-11-11,2.384174597112385,2.449661505269005,2.383390610293203,2.4339759349823,106538400
2011-11-14,2.405743299396334,2.4143705236602786,2.3320222555826664,2.361039876937866,74474400
2011-11-15,2.3484908237269893,2.4355445400899196,2.3210409665333818,2.39985990524292,96412800
2011-11-16,2.326531333381577,2.411624658459234,2.2739855836109575,2.2822203636169434,132864000
2011-11-17,2.270848844201217,2.286926187103574,2.124582540282444,2.1735990047454834,161548800
2011-11-18,2.1920302976016823,2.2061472269508626,2.138307432731839,2.1637966632843018,99645600
2011-11-21,2.068507120283193,2.0783098717972766,1.9889032941203335,2.0390970706939697,143044800
2011-11-22,2.0296869600813285,2.064194064185623,1.982630900198684,2.0171380043029785,110265600
2011-11-23,1.9622385912118827,1.9665516404265393,1.883812089614565,1.8865562677383423,121156800
2011-11-25,1.8732252275931927,1.938318820004933,1.8669507503509521,1.8669507503509521,60571200
2011-11-28,2.0249808339753774,2.057135068950006,1.992433034862457,2.034783363342285,101688000
2011-11-29,2.051645106983216,2.0936029833578513,2.030077393393441,2.050861120223999,106473600
2011-11-30,2.2269304237593266,2.3159446165699586,2.21477390908086,2.3057494163513184,138208800
2011-12-01,2.296729911071675,2.3410406599130202,2.273593318782442,2.3022193908691406,88471200
2011-12-02,2.366922137954591,2.3892736258760796,2.292808648249896,2.2986907958984375,81597600
2011-12-05,2.405742064423314,2.425740906439823,2.330844629584567,2.373195171356201,77822400
2011-12-06,2.3735872927878185,2.423388637627976,2.348098742361517,2.3751561641693115,58317600
2011-12-07,2.3528050680450123,2.4312316044718774,2.303003710312946,2.4029979705810547,71920800
2011-12-08,2.35319720389787,2.3704507524570677,2.227322185052093,2.2449681758880615,122764800
2011-12-09,2.27555474109916,2.376332978756856,2.2688877097892024,2.3571178913116455,88152000
2011-12-12,2.2967292690063164,2.2967292690063164,2.1967350511258177,2.2555551528930664,77448000
2011-12-13,2.2908476912447746,2.328492754173875,2.1598747433197847,2.1892848014831543,125486400
2011-12-14,2.1657573550910962,2.1892854988689376,2.1065447776438253,2.1175248622894287,90854400
2011-12-15,2.188108360733066,2.1967355833311912,2.1332097503292715,2.140268325805664,83150400
2011-12-16,2.184971661840363,2.22300804747542,2.1371307261795884,2.152423858642578,89256000
2011-12-19,2.175951643136026,2.190853452801675,2.069683944569632,2.0822319984436035,59414400
2011-12-20,2.1806575858593185,2.2822207107792503,2.1806575858593185,2.2732019424438477,79356000
2011-12-21,2.2696725559128392,2.2955533253851814,2.2073231540801466,2.285749673843384,85012800
2011-12-22,2.309277507254727,2.352020502090454,2.29555324820517,2.352020502090454,61692000
2011-12-23,2.3692737040915572,2.4080949635396003,2.353196589039615,2.407311201095581,47947200
2011-12-27,2.3963314503182693,2.431230985371689,2.3884888884250404,2.408879280090332,42295200
2011-12-28,2.4155463698722413,2.4163303568237806,2.313199274224712,2.324178457260132,57924000
2011-12-29,2.3426094932783084,2.395939233298318,2.339080205466066,2.39005708694458,57528000
2011-12-30,2.3857436285636777,2.401429199904239,2.3586862087249756,2.3586862087249756,35928000
2012-01-03,2.481424615219693,2.515540161176482,2.4633861854954824,2.472797393798828,61190400
2012-01-04,2.4488768223155737,2.484561463995308,2.421428081770517,2.4767189025878906,57544800
2012-01-05,2.439074836151821,2.509266590587428,2.404174394764112,2.5018157958984375,61860000
2012-01-06,2.506520793575334,2.507305678074131,2.455544138483089,2.4833853244781494,69453600
2012-01-09,2.496325812069564,2.5065210093370585,2.4626027014302005,2.495542049407959,68589600
2012-01-10,2.577104888109455,2.5916142561745934,2.552009003672281,2.5606353282928467,76744800
2012-01-11,2.5371069887298643,2.5755367064719823,2.525342922217915,2.5676934719085693,51648000
2012-01-12,2.586908728157488,2.593967079396536,2.5269121816732287,2.5841634273529053,47256000
2012-01-13,2.532401503227194,2.5567142963409424,2.477110457793965,2.5567142963409424,71131200
2012-01-17,2.616711572918242,2.6312200464248114,2.5571065633414993,2.5716159343719482,69199200
2012-01-18,2.5735759827443476,2.6618061652317633,2.558282849840817,2.6574931144714355,61696800
2012-01-19,2.6841574378793416,2.706509143302057,2.6614144121307994,2.699059247970581,55468800
2012-01-20,2.689647904663836,2.7053325790042067,2.667296200357579,2.7049410343170166,46288800
2012-01-23,2.702588270674113,2.7488596547018913,2.6696491519973833,2.70729398727417,56181600
2012-01-24,2.659453272898165,2.702588488316947,2.6472976600991416,2.699450969696045,51091200
2012-01-25,2.6872948148308744,2.7865041523012883,2.6570998784332653,2.765721321105957,74784000
2012-01-26,2.806112051815529,2.81944386963881,2.692392426628608,2.72611665725708,93218400
2012-01-27,2.6861192547094697,2.7351357247964376,2.6802373321504644,2.7206263542175293,62380800
2012-01-30,2.641023948213792,2.697491219621217,2.612397645776008,2.6927855014801025,56527200
2012-01-31,2.7347437697491004,2.7421945653275754,2.650827742898582,2.686511278152466,81024000
2012-02-01,2.7484687001398784,2.800230247569009,2.739057489299949,2.7582714557647705,59930400
2012-02-02,2.7767021433444063,2.793955692136484,2.744939224782374,2.7731728553771973,60996000
2012-02-03,2.8574812499003195,2.8955185292567895,2.842971881548866,2.891204357147217,63249600
2012-02-06,2.854736385095439,2.8872841900089012,2.844148744993364,2.8845388889312744,51487200
2012-02-07,2.865323108184832,2.919437496382581,2.8331686533894906,2.906497001647949,86798400
2012-02-08,2.9115964558987395,2.9335557259331435,2.874344050682201,2.927673578262329,70622400
2012-02-09,2.9461041768849876,2.956299149831203,2.8912046649181886,2.9398295879364014,70404000
2012-02-10,2.8617939333243507,2.8841456366382068,2.843363959373739,2.882185220718384,80280000
2012-02-13,2.938652848370257,2.950809358317638,2.9017919981887097,2.9410057067871094,45902400
2012-02-14,2.917085141991552,2.934731355814782,2.8692451083839408,2.9296340942382812,84482400
2012-02-15,2.960612575422657,2.971592657879113,2.8708144162440816,2.8876755237579346,105652800
2012-02-16,2.888852542267588,2.9919845612428415,2.8747358354414105,2.981004476547241,65668800
2012-02-17,3.0151184949427976,3.0194317688787984,2.9794340793774907,3.0092365741729736,40430400
2012-02-21,3.028059659646739,3.050803809672858,2.984532897808544,3.0139429569244385,52324800
2012-02-22,2.997473395938351,3.017079804310765,2.967279347540064,2.979827404022217,57340800
2012-02-23,2.9778670460432637,3.0276675037919123,2.947672099528185,3.024923324584961,51616800
2012-02-24,3.0417846586444197,3.059823094558256,3.0221782484275943,3.0402166843414307,39429600
2012-02-27,2.9821803733075334,3.0813906432728495,2.9661032524748654,3.053940773010254,53532000
2012-02-28,3.0617834029400752,3.090409478863619,3.0417845510926598,3.082958459854126,63300000
2012-02-29,3.0978590274848754,3.1257002075625913,3.017863652270603,3.042175769805908,95560800
2012-03-01,3.0653123697972484,3.1119771038995263,3.054333409078569,3.0962913036346436,77203200
2012-03-02,3.088840134451369,3.099820215742593,3.0460980336015897,3.0680572986602783,41140800
2012-03-05,3.05119493575507,3.057861741453846,2.997472759946522,3.028059244155884,69266400
2012-03-06,2.9347314984930004,2.939436991195281,2.8688528056135505,2.8931658267974854,81969600
2012-03-07,2.9155172197088346,2.96884672959832,2.905713568715914,2.955122470855713,48350400
2012-03-08,3.0092372985083893,3.0606066241104672,2.990807320536284,3.043745517730713,36379200
2012-03-09,3.0590384134191653,3.1017805126237636,3.04884231952421,3.0778608322143555,37888800
2012-03-12,3.0758992084393606,3.090408575512333,3.04570516709423,3.0790369510650635,31372800
2012-03-13,3.1292299841422255,3.249223065739938,3.113544187235025,3.248046636581421,53529600
2012-03-14,3.2511835923735166,3.272358870646384,3.2056964146374236,3.2347140312194824,43108800
2012-03-15,3.2507913672909274,3.2947098886689856,3.224910601696598,3.287651538848877,42628800
2012-03-16,3.310004301177767,3.317847762792364,3.2845159678830966,3.309220314025879,54408000
2012-03-19,3.2998085646835116,3.3743144820687077,3.2923577710021408,3.3449044227600098,48499200
2012-03-20,3.288045036016021,3.326473866742303,3.258634973884862,3.3131418228149414,42597600
2012-03-21,3.31941451033083,3.3292181612456595,3.278633054745799,3.2990243434906006,53956800
2012-03-22,3.224911389888797,3.250792161808579,3.1947164454427095,3.2253029346466064,61137600
2012-03-23,3.237067160761522,3.2684385360529395,3.1821685441920673,3.257066011428833,52389600
2012-03-26,3.3268653681961773,3.4182321502908843,3.324512510039655,3.3927438259124756,66813600
2012-03-27,3.4049003310500074,3.411566238931262,3.3570591810906083,3.3625497817993164,56781600
2012-03-28,3.3601978773486034,3.373922363587575,3.254713243340364,3.3131418228149414,77659200
2012-03-29,3.2535369737440862,3.3092202548203073,3.215108141130169,3.2951035499572754,86520000
2012-03-30,3.3460806729777373,3.3527465817544564,3.2841228145322723,3.3249053955078125,64039200
2012-04-02,3.3233370820664687,3.4354878522956875,3.305298647019928,3.407254219055176,61572000
2012-04-03,3.39313693622577,3.4127433434543013,3.3080436030634974,3.3672561645507812,73305600
2012-04-04,3.2903963484210164,3.301767971269102,3.2311838056378717,3.269613742828369,75309600
2012-04-05,3.2354991177994306,3.291573938173611,3.22491147800184,3.2621638774871826,52622400
2012-04-09,3.1366810970199226,3.190795721929196,3.1257010156263365,3.155111074447632,67406400
2012-04-10,3.1331514744442144,3.160208896198558,2.9841401068253197,2.993159770965576,142128000
2012-04-11,3.0864877764145424,3.100997147861368,3.049235373598194,3.0562937259674072,92342400
2012-04-12,3.0731552717279405,3.191971703601513,3.068057112702768,3.1892266273498535,103720800
2012-04-13,3.1625618439684695,3.1645222602432552,3.063351811245985,3.067664861679077,80815200
2012-04-16,3.118642745269127,3.1311908010105944,3.0331578674113597,3.0590386390686035,98712000
2012-04-17,3.1190346213135416,3.219420395306815,3.1084469838347277,3.197068691253662,74546400
2012-04-18,3.1590330235510016,3.1998147113367534,3.1519746717712334,3.1668753623962402,62947200
2012-04-19,3.171188527934806,3.204520320376335,3.0637446000757924,3.108055353164673,87508800
2012-04-20,3.1468750905415424,3.1825594999967635,3.118641471795097,3.1209943294525146,49216800
2012-04-23,3.02570653768041,3.0515875310532787,2.9861012850513036,3.044921398162842,62481600
2012-04-24,3.0508041991382866,3.1017810879738796,3.044922051935627,3.080214262008667,55149600
2012-04-25,3.1688341780904192,3.2080478719364964,3.1594229723444647,3.207655429840088,65236800
2012-04-26,3.1837374745514464,3.2821628580232427,3.1778555519330447,3.2711827754974365,44484000
2012-04-27,3.301378025206735,3.3147100702330077,3.2472636141278137,3.2860848903656006,46118400
2012-04-30,3.2653005674757343,3.27471177747117,3.223342452579412,3.245694160461426,42302400
2012-05-01,3.24412550809777,3.3750986942412906,3.2339303103900026,3.3068673610687256,39638400
2012-05-02,3.25353642826588,3.2907897226891847,3.220989524071447,3.2809860706329346,40284000
2012-05-03,3.283730618785852,3.289220097239153,3.18804967126844,3.2088325023651123,46389600
2012-05-04,3.1558951862667053,3.164522409444347,3.044921753139566,3.0508038997650146,53743200
2012-05-07,3.0174727581456517,3.0872729749462176,3.0135512514254184,3.055117607116699,42386400
2012-05-08,3.003355491522371,3.0343344239930077,2.911596020992728,3.018648624420166,62916000
2012-05-09,2.9249289252333996,3.0225703169519718,2.882578366383577,2.962573766708374,72794400
2012-05-10,3.028451945715779,3.03747071292108,2.9637499087504096,2.9817874431610107,45007200
2012-05-11,2.9264964801180953,3.0390396766655914,2.924143845968261,2.954338788986206,50570400
2012-05-14,2.871598422103026,2.9174780468034056,2.8445412190428514,2.8574817180633545,58824000
2012-05-15,2.851599483840941,2.9017923822986087,2.795524662943481,2.809248924255371,65200800
2012-05-16,2.8468941570073083,2.883755014220581,2.7747410899515486,2.776702404022217,55605600
2012-05-17,2.7774863415809787,2.7868975524948683,2.6476895809173584,2.6476895809173584,83928000
2012-05-18,2.682590351551576,2.6959223971320587,2.571616223420749,2.5822038650512695,72494400
2012-05-21,2.607300267955234,2.719450135853279,2.5959277432922168,2.717489719390869,60256800
2012-05-22,2.7374885835724245,2.795132277298333,2.6778844733744775,2.7206263542175293,68280000
2012-05-23,2.6731785631477716,2.747292038582749,2.5939671526052783,2.7319986820220947,84000000
2012-05-24,2.757094087993479,2.770426800431355,2.681804202517762,2.7508203983306885,79365600
2012-05-25,2.7472919351556033,2.7704274049301225,2.7045489370976687,2.72611665725708,54456000
2012-05-29,2.7916028417248504,2.836698700867434,2.763369211046759,2.8221893310546875,62191200
2012-05-30,2.750429145314515,2.7535659915021387,2.682197804352011,2.6978836059570312,70173600
2012-05-31,2.69749116311296,2.7421943626121275,2.611613828265541,2.6825902462005615,100646400
2012-06-01,2.5559297446005873,2.582203181494174,2.479072093963623,2.479072093963623,131846400
2012-06-04,2.492796588883387,2.5116190081282435,2.4190755590315,2.4782872200012207,80433600
2012-06-05,2.459857378810218,2.541813193558462,2.4567205331438426,2.5261282920837402,73459200
2012-06-06,2.5837717530576905,2.7053325790042067,2.5822028817380165,2.7049410343170166,95738400
2012-06-07,2.7931710259649263,2.7974842999237417,2.6896477389545463,2.7037644386291504,82732800
2012-06-08,2.686902621420205,2.771995940584007,2.6594529826730824,2.7696433067321777,51072000
2012-06-11,2.8386580899272778,2.8429713637275134,2.6574922882245477,2.666903495788574,72484800
2012-06-12,2.6872950890256746,2.7614083290100098,2.650434241380204,2.7614083290100098,74990400
2012-06-13,2.7312140792324295,2.7837607366407218,2.675923242563709,2.7041568756103516,54571200
2012-06-14,2.7202346710146976,2.8217966614261045,2.6978829643858417,2.791210174560547,68400000
2012-06-15,2.825326184797207,2.8814019015537036,2.8041509056330813,2.8712058067321777,48240000
2012-06-18,2.839051190602655,2.913164663692874,2.8202287711088396,2.8888516426086426,70980000
2012-06-19,2.9366926651122682,3.010413468165877,2.9264963469271343,2.97472882270813,50347200
2012-06-20,2.976923937642168,3.000852703644255,2.8933708916725713,2.9592719078063965,68330400
2012-06-21,2.9718263120763955,2.980063914241317,2.754117260833109,2.7611782550811768,80023200
2012-06-22,2.805504084106019,2.8408081562291345,2.7733377077994987,2.8243329524993896,44808000
2012-06-25,2.737249510045627,2.7388189191729904,2.6591877913806825,2.6862542629241943,46876800
2012-06-26,2.7097916528128576,2.7549027578237584,2.6666423100734256,2.72979736328125,45175200
2012-06-27,2.7564711963167228,2.818841971553623,2.7517638663556676,2.805111885070801,43368000
2012-06-28,2.7470562534276612,2.791774757508235,2.6839003363088922,2.778830051422119,66643200
2012-06-29,2.930245405958066,2.9953624144625954,2.9094554495324765,2.990262508392334,70980000
2012-07-02,3.011445144134879,3.0224289878059505,2.9498586305428707,3.0118377208709717,36362400
2012-07-03,3.0126223533458516,3.079307659234074,3.0020310850860636,3.0726394653320312,23582400
2012-07-05,3.0412583336242003,3.072639562611896,2.9985006824461418,3.0294902324676514,36708000
2012-07-06,2.9447600825170404,2.962803799606487,2.9023950113829105,2.9435832500457764,51643200
2012-07-09,2.939267404034507,2.9490744154634854,2.892587807338568,2.9345602989196777,42991200
2012-07-10,2.9784938047688283,2.9922229888435363,2.8262934788135925,2.8568904399871826,64312800
2012-07-11,2.8612063408512007,2.885526793393597,2.8082502343845457,2.8557140827178955,68640000
2012-07-12,2.806288917734694,2.852576842641366,2.758039904481493,2.8188421726226807,58015200
2012-07-13,2.8384550444073304,2.966334064238926,2.836101379471407,2.957704782485962,50035200
2012-07-16,2.9353458850581737,2.962804039684845,2.9012184139996724,2.9329922199249268,39132000
2012-07-17,2.9726114133646924,3.014976493073826,2.8792510725910634,2.996147394180298,68277600
2012-07-18,2.9761419088327763,3.0800932949828805,2.9706503221373732,3.0644023418426514,54062400
2012-07-19,3.0824470834381184,3.1173585914057798,3.0526343610648388,3.0851922035217285,54156000
2012-07-20,3.0349811433658442,3.048318426456811,2.9918318228198792,3.0016379356384277,41268000
2012-07-23,2.8694441771869075,2.9353454442746587,2.828647620280615,2.9098472595214844,71172000
2012-07-24,2.9169081379592865,2.9204386352603953,2.7772610219711997,2.8384549617767334,65709600
2012-07-25,2.8549308835695246,2.875720846924126,2.7917758397986017,2.83610200881958,79951200
2012-07-26,2.9600577464057567,2.995362038710138,2.920438028644446,2.975356340408325,62923200
2012-07-27,3.0232129211218317,3.1671756656330534,3.009875414118805,3.1456005573272705,73147200
2012-07-30,3.132656568216951,3.18639694064089,3.1130434410637378,3.138540506362915,44116800
2012-07-31,3.1295187442832044,3.1546232335751947,3.0851916839065345,3.095391273498535,47529600
2012-08-01,3.1405007279591586,3.142462713506603,3.054202318926609,3.07185435295105,40048800
2012-08-02,2.999677284782159,3.06518575519242,2.9325994051332818,3.0036003589630127,52456800
2012-08-03,3.1322648222482226,3.201304709128077,3.126380658083665,3.1816904544830322,74904000
2012-08-06,3.207971570971209,3.2381759618066237,3.1965960487179,3.197380304336548,28610400
2012-08-07,3.2393527966179416,3.289563786248596,3.2385685409986964,3.24562931060791,45806400
2012-08-08,3.216209417689229,3.271126618546465,3.213071497144551,3.259751319885254,28396800
2012-08-09,3.245236879885098,3.2879945251049345,3.2366075986491647,3.268773078918457,37430400
2012-08-10,3.2322922725126078,3.28799485523945,3.2134634011785197,3.283287525177002,31605600
2012-08-13,3.268772799976606,3.284463747631739,3.22876139970898,3.2789723873138428,33364800
2012-08-14,3.31741436811935,3.321728896126622,3.2526899387338046,3.2813258171081543,40291200
2012-08-15,3.271519322022945,3.308000455490862,3.2648511283782953,3.2899556159973145,37807200
2012-08-16,3.3021159214482405,3.3762547880607543,3.28132596485624,3.3609561920166016,42213600
2012-08-17,3.3837083839693243,3.386062048835528,3.355465078948387,3.377431869506836,27453600
2012-08-20,3.3640943482111214,3.3805695532989586,3.3358510432929003,3.378608465194702,24309600
2012-08-21,3.404105180196704,3.442155490438839,3.326436048625477,3.347618579864502,44637600
2012-08-22,3.3225138730768955,3.368409432247382,3.3001547340648556,3.347618579864502,34795200
2012-08-23,3.327614038165296,3.327614038165296,3.2534751530439876,3.269558906555176,38659200
2012-08-24,3.2452373078884946,3.3487961034860696,3.237784858067134,3.329575777053833,39429600
2012-08-27,3.354680266249366,3.3684103534601557,3.316238266637741,3.329575777053833,28020000
2012-08-28,3.3040778547395555,3.3511500383457604,3.2883878002444504,3.319376230239868,33410400
2012-08-29,3.3299672268923834,3.3546802615478772,3.300547086490708,3.326045274734497,28423200
2012-08-30,3.2825033710467304,3.286818124460393,3.234254358702452,3.2542600631713867,38544000
2012-08-31,3.3119234141123233,3.347227716262044,3.246806620074997,3.2974092960357666,61238400
2012-09-04,3.292701621083815,3.3225143343066477,3.229938498655271,3.2817177772521973,43370400
2012-09-05,3.297016854526664,3.3225148186314617,3.264066216059891,3.282895088195801,32112000
2012-09-06,3.3436970661768695,3.4837369869542614,3.3429119126467866,3.4802064895629883,61464000
2012-09-07,3.5017807407218777,3.5288472142991694,3.492758882139906,3.526493549346924,31502400
2012-09-10,3.5131569335034216,3.5331626353801466,3.4609848534686574,3.465299606323242,31346400
2012-09-11,3.473145247425091,3.5272781866571505,3.468829597089999,3.491974115371704,29083200
2012-09-12,3.5272789398052957,3.5398312966587517,3.492366539945785,3.5253169536590576,35894400
2012-09-13,3.5253164853833265,3.723412415976405,3.5108032666007514,3.6947765350341797,91581600
2012-09-14,3.7104676767002363,3.805788855611489,3.7034066823676786,3.7402803897857666,114340800
2012-09-17,3.7171362428227646,3.7371419465234506,3.673986914680268,3.706937551498413,37070400
2012-09-18,3.6873240844821598,3.7073297863376493,3.6641795643436517,3.6935997009277344,34800000
2012-09-19,3.7049768464120425,3.734396988752115,3.677910369329066,3.6994845867156982,39499200
2012-09-20,3.645351365975823,3.705761059406594,3.6167163776066076,3.6990928649902344,32496000
2012-09-21,3.7520480635563644,3.7555785605333227,3.6904617771081627,3.6912460327148438,28833600
2012-09-24,3.6402522452979698,3.701446188885113,3.630837809704398,3.675163745880127,37612800
2012-09-25,3.7014464510956304,3.720667002592235,3.556699184961018,3.5621907711029053,52850400
2012-09-26,3.559444288451834,3.559444288451834,3.4739301121065704,3.498642921447754,41976000
2012-09-27,3.543753862898936,3.6214230047383875,3.5155105589989377,3.601417303085327,29253600
2012-09-28,3.5543451600540457,3.591217745421531,3.5096264268231985,3.5453221797943115,43466400
2012-10-01,3.5896492404304476,3.6743791529979166,3.5515989247683186,3.5688583850860596,51794400
2012-10-02,3.6167155654361545,3.635544434131419,3.537084440148409,3.5845491886138916,85156800
2012-10-03,3.6120084695710424,3.655550144366614,3.557875303592712,3.6280910968780518,46994400
2012-10-04,3.671633102953395,3.7230198045333545,3.656334506368802,3.709683418273926,41661600
2012-10-05,3.7697015301076306,3.7853915853332625,3.675556934053986,3.705368757247925,36357600
2012-10-08,3.6657495498657227,3.6885014968384042,3.6453512680597226,3.6657495498657227,14200800
2012-10-09,3.6579043963261677,3.6708493298366087,3.5574832979947377,3.560229539871216,33496800
2012-10-10,3.561014294752596,3.568075066539848,3.4782452240426998,3.496682643890381,54232800
2012-10-11,3.5649361456404773,3.5810187722614293,3.499034883394804,3.500211715698242,37514400
2012-10-12,3.505703916483982,3.5410079939590915,3.4409794751691467,3.4574546813964844,32409600
2012-10-15,3.4892279224015663,3.5598362904086733,3.4574541231296965,3.551206111907959,25226400
2012-10-16,3.5990631661186243,3.665748455450063,3.5931792294164437,3.656726598739624,44505600
2012-10-17,3.6677110086096216,3.7163526039542605,3.648097878432864,3.705368757247925,51602400
2012-10-18,3.679478643770952,3.7308664748367595,3.640644067363606,3.6783018112182617,56690400
2012-10-19,3.6559419239340794,3.6559419239340794,3.4684381603437835,3.4860904216766357,56095200
2012-10-22,3.4778521592820812,3.5143332853057854,3.4119511251241685,3.493542432785034,53092800
2012-10-23,3.380962471789556,3.3962610704527414,3.3072163937358168,3.3507580757141113,77136000
2012-10-24,3.385670091547013,3.3970456167467273,3.304863011295447,3.321729898452759,45972000
2012-10-25,3.393124369754835,3.40842297391933,3.2895655373479946,3.3495826721191406,56570400
2012-10-26,3.3413429706619957,3.377431522249313,3.2754419323888917,3.3429114818573,56635200
2012-10-31,3.3821392104918564,3.391553646154953,3.2950556244937497,3.333890199661255,20008800
2012-11-01,3.3648797356105615,3.4602009243925607,3.355465299983424,3.448040246963501,35817600
2012-11-02,3.5096267750436447,3.510803607556781,3.3436972064748773,3.350365400314331,33252000
2012-11-05,3.3405588653270692,3.3982223199650607,3.3095704344378687,3.3750789165496826,30014400
2012-11-06,3.4056750270447393,3.4931511799404085,3.395083760063314,3.4496092796325684,33098400
2012-11-07,3.361349659570927,3.361349659570927,3.1714915139298525,3.2193479537963867,75067200
2012-11-08,3.219740156637969,3.2664197584242523,3.098529100418091,3.098529100418091,56008800
2012-11-09,3.0749927544651543,3.1969880606918566,3.0698930722922624,3.1048054695129395,53438400
2012-11-12,3.1412863647439355,3.154231071976517,3.0977444646220933,3.1165733337402344,21153600
2012-11-13,3.0675397879902717,3.1840435231079134,3.0553802318004846,3.087938070297241,50925600
2012-11-14,3.11500431899833,3.127949252327614,2.939267736064445,2.962019681930542,63566400
2012-11-15,2.961627688132322,2.9965403184598864,2.9098481690803943,2.944760799407959,53752800
2012-11-16,2.956135596798823,3.0055614381487805,2.8796430576097665,2.9871249198913574,80697600
2012-11-19,3.089507136439038,3.168353117035547,3.084407229742158,3.1640374660491943,54362400
2012-11-20,3.155408524288896,3.189143419743341,3.098921905836687,3.1785521507263184,41467200
2012-11-21,3.1824746042739256,3.198949808659391,3.1632529339366817,3.1954193115234375,24676800
2012-11-23,3.239746441204683,3.3248689546714227,3.232292867955598,3.3205533027648926,36139200
2012-11-26,3.271911858683004,3.3029005083159197,3.238961447513136,3.3013319969177246,27458400
2012-11-27,3.2903478175462424,3.322514194201024,3.242098813708617,3.2550437450408936,39043200
2012-11-28,3.2079712183393734,3.333105091780068,3.1573685554157116,3.327221155166626,48280800
2012-11-29,3.366056473415808,3.4021448056176995,3.3229062485174623,3.378216028213501,68884800
2012-11-30,3.373901035090839,3.3950835678544644,3.342127235945401,3.367624521255493,38330400
2012-12-03,3.4233268151941596,3.4311718401036373,3.3185912098277606,3.323690891265869,44688000
2012-12-04,3.324475389114011,3.3542881020387663,3.283679730298762,3.307215929031372,83426400
2012-12-05,3.3217296219392045,3.375471118008518,3.249552953061511,3.3248684406280518,45576000
2012-12-06,3.3201611341351613,3.366448157477641,3.305646792071131,3.361740827560425,37555200
2012-12-07,3.405282969666033,3.4131288941732967,3.3405585255238486,3.3911612033843994,45784800
2012-12-10,3.3801774043838257,3.4221498914006694,3.373900890816875,3.4009673595428467,31708800
2012-12-11,3.441372050767542,3.515118350900391,3.4350955358959236,3.4668691158294678,44056800
2012-12-12,3.5088415232691452,3.5472844183451278,3.458631425680414,3.4747142791748047,50724000
2012-12-13,3.467652757389795,3.495504604827653,3.3825311729311296,3.4143049716949463,37692000
2012-12-14,3.3852771355431943,3.4044985836759105,3.3538959077509727,3.3680176734924316,34212000
2012-12-17,3.3978301371048265,3.4947198306334064,3.3942996398175778,3.486874580383301,35306400
2012-12-18,3.504526984809535,3.6163233766225544,3.491189475251857,3.608870029449463,50140800
2012-12-19,3.61632285233769,3.622599590581723,3.523355344717842,3.5331623554229736,46356000
2012-12-20,3.5304168576258084,3.587687729236891,3.501780972904549,3.5865108966827393,33396000
2012-12-21,3.4421560786326317,3.512371876587887,3.42685770593349,3.4927587509155273,47764800
2012-12-24,3.466869257239401,3.4727534200284733,3.44490268881092,3.4464709758758545,14524800
2012-12-26,3.479310326122221,3.4816644465715294,3.38279363271341,3.4082956314086914,27885600
2012-12-27,3.415750093943209,3.436152318208585,3.280783985662794,3.4000558853149414,55792800
2012-12-28,3.332965411726532,3.386324649490244,3.278037583577237,3.282745599746704,62642400
2012-12-31,3.269406135857522,3.4636165973606374,3.2529275159866553,3.46243953704834,97377600
2013-01-02,3.650372193164665,3.721385976221252,3.6229078340380028,3.7198171615600586,69276000
2013-01-03,3.7123627742378362,3.7413957266592246,3.6621429640593477,3.6896064281463623,42007200
2013-01-04,3.7100082038248896,3.7598362532522636,3.688037165819666,3.7449264526367188,49096800
2013-01-07,3.7029461059483446,3.7217788425020024,3.6695966694169475,3.717463254928589,32618400
2013-01-08,3.691568670717652,3.706870002836443,3.6370323765591506,3.676658868789673,48290400
2013-01-09,3.7037301691960485,3.7370798271300525,3.686074718850011,3.709615468978882,41966400
2013-01-10,3.7684664716936984,3.795146644044306,3.7100077045990343,3.790045976638794,45192000
2013-01-11,3.7951481482997904,3.799856389462986,3.7586601772902046,3.7982866764068604,30523200
2013-01-14,3.780237911653072,3.7931853481015896,3.7441423751773297,3.781414747238159,31456800
2013-01-15,3.7339408801902296,3.802993410204404,3.7264860931362063,3.790045976638794,32930400
2013-01-16,3.771998788362567,3.80848652923726,3.7574825368553952,3.789654016494751,29356800
2013-01-17,3.8414436835198322,3.897156813186097,3.8171185234418226,3.8590989112854004,35054400
2013-01-18,3.863415511338083,3.901472065146749,3.8210422475042094,3.892841339111328,38527200
2013-01-22,3.8904858124274697,3.950906260860753,3.8630212374994266,3.947767734527588,33439200
2013-01-23,3.9540473258384496,3.9811194870314086,3.9312914263887473,3.965817928314209,42412800
2013-01-24,3.951300303282318,4.032123001912178,3.942276699635951,3.9720940589904785,36736800
2013-01-25,4.014862740792525,4.040364753052431,3.978767405377383,4.039580345153809,27285600
2013-01-28,4.045463405694969,4.0466406904594905,3.981903947490771,4.024669647216797,19562400
2013-01-29,4.004267819211378,4.08979832920697,3.9952442134610426,4.071751117706299,26124000
2013-01-30,4.074103407580304,4.096074443145278,4.014466456754164,4.028199195861816,29896800
2013-01-31,4.013290757847676,4.0497789500856625,3.9881811882356053,3.995243549346924,23212800
2013-02-01,4.073318908762226,4.132955871395057,4.052132276235796,4.11726188659668,34068000
2013-02-04,4.045070318127146,4.064688135650994,3.972093940709059,3.9799416065216064,35925600
2013-02-05,4.046640875885341,4.134133971618139,4.041148227073628,4.099607467651367,40348800
2013-02-06,4.057624338136333,4.117260380955838,4.0482083099026624,4.107844352722168,37300800
2013-02-07,4.114515132416711,4.123539633451934,4.004266612157521,4.095682621002197,39300000
2013-02-08,4.1164769222292135,4.167481355667145,4.114514781517705,4.160811424255371,30112800
2013-02-11,4.156496966634103,4.167482262995518,4.127071135589318,4.1549272537231445,30648000
2013-02-12,4.158850340948226,4.200438296574697,4.14511760045358,4.175328731536865,28077600
2013-02-13,4.204364147267867,4.226335195598143,4.153358789387209,4.189846992492676,24523200
2013-02-14,4.151788677391467,4.214563274017247,4.135702263259961,4.202793121337891,20385600
2013-02-15,4.212208570763334,4.223979170816329,4.138448239109478,4.189453125,22756800
2013-02-19,4.205931769335976,4.281261810159464,4.205538892182932,4.272629737854004,21931200
2013-02-20,4.268314333061362,4.272629695667792,4.114122848584019,4.1145148277282715,48424800
2013-02-21,4.08705094787598,4.088228232259759,4.003873246848108,4.042715549468994,45686400
2013-02-22,4.1031370594056655,4.160811424255371,4.070964237771249,4.160811424255371,23896800
2013-02-25,4.219663326130261,4.239673121563413,3.925012633966473,3.925797939300537,56860800
2013-02-26,3.9811198465632627,4.0172151667418,3.9030427819302744,4.005837440490723,47359200
2013-02-27,3.995634161100263,4.189060374219587,3.984256439094827,4.154141902923584,48088800
2013-02-28,4.154532775180205,4.234179053010575,4.116867765951249,4.137662410736084,36196800
2013-03-01,4.0890129719397414,4.189060600577724,4.032122562828671,4.176506042480469,49257600
2013-03-04,4.1415876111951295,4.2369270215566655,4.122755096271641,4.2314348220825195,31425600
2013-03-05,4.299308783986794,4.386017440507036,4.297739969473699,4.349136829376221,41659200
2013-03-06,4.399356604519785,4.405634556871656,4.341290259790772,4.371500492095947,28972800
2013-03-07,4.387588571174199,4.410737353009812,4.371895478732262,4.395827770233154,21218400
2013-03-08,4.449969318120288,4.466840586417605,4.382878469111059,4.451146602630615,38445600
2013-03-11,4.441731946996562,4.500583624616718,4.423684733783484,4.498229503631592,18619200
2013-03-12,4.490382417984789,4.504506692489649,4.428783752526494,4.466448783874512,26359200
2013-03-13,4.476649788947316,4.50607561760515,4.430745568081497,4.484103679656982,21256800
2013-03-14,4.52176939543466,4.563750687764521,4.514315503585891,4.557473182678223,22804800
2013-03-15,4.545309981590343,4.559042725019023,4.494697514538925,4.5398173332214355,24624000
2013-03-18,4.412696817835445,4.523337755769329,4.3981796707247645,4.461347579956055,27494400
2013-03-19,4.49077455732523,4.510784356505446,4.346783925683725,4.432314872741699,41700000
2013-03-20,4.510989025830249,4.547089123784597,4.488622592457788,4.523938179016113,28293600
2013-03-21,4.443891092400445,4.491763371475951,4.387386041007059,4.408967971801758,32589600
2013-03-22,4.44977670510119,4.51256054113025,4.441536413628178,4.510990619659424,23995200
2013-03-25,4.551799400255493,4.574165840565427,4.4070051361116125,4.466257095336914,37627200
2013-03-26,4.515305996664041,4.569457054138184,4.500002856718575,4.569457054138184,22845600
2013-03-27,4.483130000874822,4.570242215419095,4.460763563588784,4.563570499420166,33559200
2013-03-28,4.557294052765706,4.622823906770669,4.538459035931624,4.594178676605225,20764800
2013-04-01,4.602810713578754,4.627924514408319,4.518053375894813,4.550230026245117,28092000
2013-04-02,4.599672846178788,4.6534305327511865,4.580837829781748,4.614190578460693,31785600
2013-04-03,4.626355058628964,4.636949783038265,4.4423208381951484,4.472927570343018,48055200
2013-04-04,4.4956875834115895,4.558471427186631,4.465473327303585,4.533357620239258,50256000
2013-04-05,4.368156450750385,4.487052816514718,4.349714370010375,4.4686102867126465,39801600
2013-04-08,4.480775603228643,4.562393543306064,4.435649798943464,4.5517988204956055,24652800
2013-04-09,4.585545699150815,4.657746362181001,4.541597332809176,4.611051082611084,34536000
2013-04-10,4.647152275826725,4.793516472653227,4.641658897679134,4.783314228057861,39580800
2013-04-11,4.778604965554287,4.8708176396509115,4.76604783971356,4.828831672668457,60115200
2013-04-12,4.777428474032273,4.8119586651972135,4.7095432875600505,4.789984703063965,49896000
2013-04-15,4.717390323094179,4.728769106918895,4.453699727639557,4.463901519775391,86750400
2013-04-16,4.559255463457799,4.6593168532086695,4.523939863747815,4.649114608764648,98522400
2013-04-17,4.552191810942694,4.555330755576459,4.376006306428284,4.44781494140625,78352800
2013-04-18,4.472536381838109,4.473320893564996,4.314007533040652,4.3658037185668945,56145600
2013-04-19,4.392485075447398,4.4839131993056025,4.36187835712107,4.47802734375,55416000
2013-04-22,4.505888098367592,4.568671918029592,4.4156369469974575,4.543558120727539,36506400
2013-04-23,4.605559129759285,4.689924006428779,4.537673939701297,4.680113792419434,45751200
2013-04-24,4.680900026006157,4.721316085075335,4.65460922263437,4.689140319824219,27223200
2013-04-25,4.7271984899276,4.807639857399012,4.70522454091526,4.747603416442871,35176800
2013-04-26,4.724846849818201,4.748783213750013,4.671873224108274,4.7173919677734375,23738400
2013-04-29,4.753884184119369,4.8429579152720175,4.735441199881818,4.812743663787842,22646400
2013-04-30,4.809212597617948,4.849628647002918,4.748783192015381,4.8445281982421875,25591200
2013-05-01,4.814705704225632,4.820198633061859,4.701695159915945,4.715428829193115,32400000
2013-05-02,4.751921459967044,4.860615609051592,4.740934705115704,4.850020885467529,27631200
2013-05-03,4.976766098287675,5.043473852924327,4.966563852041722,4.996386528015137,30962400
2013-05-06,5.006979527307515,5.0560287884550945,5.0022706617224575,5.037193775177002,25490400
2013-05-07,5.065446930864965,5.115673641470249,5.025029984342835,5.110964775085449,28912800
2013-05-08,5.096054354735606,5.185128094579918,5.085852109793342,5.182381629943848,24506400
2013-05-09,5.171001263146814,5.213773092034173,5.097624047990186,5.141571521759033,33727200
2013-05-10,5.146280120387622,5.194153293557831,5.101546790068315,5.1902289390563965,23030400
2013-05-13,5.166293441323675,5.223583907320326,5.1305858060402425,5.1988630294799805,25891200
2013-05-14,5.214556006876037,5.371121949601609,5.210632551496321,5.362881660461426,26714400
2013-05-15,5.334629214575375,5.4778544169311925,5.32874290902084,5.445284843444824,30540000
2013-05-16,5.414287065036229,5.469615113975351,5.34522489941025,5.367983818054199,27684000
2013-05-17,5.427236905270877,5.533968213444185,5.408008959860466,5.528475284576416,31161600
2013-05-20,5.508853605931331,5.58851048670402,5.490804003846727,5.526904106140137,29616000
2013-05-21,5.5398543437695285,5.609308547185548,5.480601935156503,5.548879146575928,37166400
2013-05-22,5.563005440758036,5.734483434479323,5.3471879434934095,5.420565605163574,82723200
2013-05-23,5.250266074634693,5.419388755573778,5.226722639022341,5.3774027824401855,50095200
2013-05-24,5.28126664614057,5.363670032111575,5.233001876353062,5.358175754547119,27204000
2013-05-28,5.532790399272002,5.601460083034887,5.409970108737962,5.457842826843262,33012000
2013-05-29,5.371909220468598,5.406832341350605,5.263999565619668,5.386427402496338,46605600
2013-05-30,5.364059809037799,5.483348675306911,5.351503133542328,5.411147117614746,23397600
2013-05-31,5.363668530116742,5.455489176423662,5.15491343392728,5.174140930175781,33093600
2013-06-03,5.212202228578762,5.269492677618099,5.0995846301536325,5.257328033447266,54679200
2013-06-04,5.267530313186256,5.331884066484023,5.104686447135593,5.1878743171691895,39417600
2013-06-05,5.14039513825914,5.1702173635543405,4.952830360612334,4.955968856811523,45648000
2013-06-06,4.961068049837547,5.0999764086633546,4.871208940683958,5.096836566925049,49764000
2013-06-07,5.205923308115553,5.307553234082149,5.136861157961544,5.293035507202148,156552000
2013-06-10,5.3475771036430695,5.353071377176461,5.251833044323012,5.293426513671875,26091600
2013-06-11,5.1427482656788985,5.2714544190199994,5.095660506217325,5.135684967041016,36452400
2013-06-12,5.239276676581688,5.2510483894628415,4.988143658349319,5.001484394073486,44754000
2013-06-13,4.9928539442833095,5.2565441599987555,4.959892330522236,5.2330002784729,46586400
2013-06-14,5.211025139086418,5.273024457852906,5.10586376125631,5.1349005699157715,39853200
2013-06-17,5.236137621248715,5.323249821524884,5.166290958746821,5.2534027099609375,40440000
2013-06-18,5.259681459933105,5.397019902605769,5.258896948533624,5.373476028442383,33357600
2013-06-19,5.35935090764813,5.3852487700206435,5.145887874713707,5.156874179840088,53479200
2013-06-20,5.003056994490506,5.024246448274509,4.729948978010361,4.76840353012085,96034800
2013-06-21,4.861008081192081,4.876703252783773,4.6671636634321425,4.807641983032227,117607200
2013-06-24,4.663239615324504,4.755060690928911,4.510989599562434,4.627138614654541,74769600
2013-06-25,4.755061647972189,4.815490151230093,4.6640250655408035,4.766047954559326,56361600
2013-06-26,4.884206055203899,4.936023990145264,4.823751797772306,4.900693416595459,59229600
2013-06-27,4.992554743077891,5.056933653242142,4.977636593760187,4.994124412536621,50679600
2013-06-28,4.947801726299864,5.0208173938065075,4.8763557278508545,4.903834819793701,68865600
2013-07-01,5.007470662583831,5.116601305994978,4.9870573260150195,5.015321254730225,43194000
2013-07-02,4.990983328305903,5.10089970551464,4.932884453575575,4.995693683624268,53628000
2013-07-03,4.930528798512855,5.0506516132901265,4.9054055570284545,5.011396408081055,21507600
2013-07-05,5.118956299669314,5.172344365226799,5.006685428361027,5.167634010314941,44678400
2013-07-08,5.250856229811698,5.297178543304222,5.22023689801674,5.254782199859619,40242000
2013-07-09,5.352923473321448,5.389823289040038,5.287758821953265,5.360774517059326,44583600
2013-07-10,5.3529228412616,5.429078765171639,5.320732936791153,5.371765613555908,53629200
2013-07-11,5.5601934300548495,5.609655535695592,5.506020519330103,5.598663806915283,47679600
2013-07-12,5.590812422086452,5.635564169148581,5.564117711830177,5.600234031677246,29586000
2013-07-15,5.648125104253135,5.6897366108773495,5.619076341717877,5.673249244689941,24786000
2013-07-16,5.6763892072033,5.684239798761999,5.557836963597205,5.6041579246521,47655600
2013-07-17,5.668538626863092,5.694447602722989,5.6214319289552455,5.642630100250244,33796800
2013-07-18,5.6779597086192455,5.7760986160414465,5.669322934887753,5.734488010406494,44750400
2013-07-19,5.697589054681733,5.772175312042236,5.68031684967201,5.772175312042236,24942000
2013-07-22,5.790231588883065,5.825561727505126,5.751761213126508,5.802008152008057,26887200
2013-07-23,5.832628836213953,5.836554807109363,5.754902339535916,5.767464637756348,22450800
2013-07-24,5.831058870981648,5.837339345902672,5.665398541396342,5.703869819641113,43094400
2013-07-25,5.666967404616741,5.754900316518656,5.640274046490978,5.739198684692383,37488000
2013-07-26,5.668537903512403,5.762751736552708,5.595522239062041,5.7580413818359375,34420800
2013-07-29,5.715644202530559,5.752543997320028,5.655974776526055,5.700726509094238,27483600
2013-07-30,5.758825866452564,5.773742662686552,5.664611589889286,5.70779275894165,39699600
2013-07-31,5.7415552023960155,5.830272516795858,5.692877483718274,5.708580017089844,53926800
2013-08-01,5.84597346550287,5.927625898106222,5.834981740047,5.911138534545898,25897200
2013-08-02,5.874240016507801,5.943329732643911,5.849901603988196,5.941760063171387,23343600
2013-08-05,5.9064301661788035,5.9449005472657035,5.882090854155096,5.918991565704346,21613200
2013-08-06,5.880520912407548,5.898577951467601,5.778455558918682,5.822422027587891,34899600
2013-08-07,5.76039733966367,5.7823798956237775,5.693661692482396,5.7596116065979,32396400
2013-08-08,5.842835367833941,5.859323186676131,5.73213413680486,5.822422027587891,21063600
2013-08-09,5.7957288906427715,5.850686641714493,5.709365619358428,5.772175312042236,21882000
2013-08-12,5.685811602969843,5.769033731803816,5.674819873902966,5.746265888214111,17193600
2013-08-13,5.780810417616566,5.82791757218506,5.677961129575147,5.807505130767822,22668000
2013-08-14,5.7886593961716075,5.81692376429651,5.707791811127351,5.714073181152344,19820400
2013-08-15,5.573538595500101,5.573538595500101,5.441639223137606,5.465192794799805,35254800
2013-08-16,5.440070090592255,5.495812665504532,5.384326617185863,5.419656753540039,25912800
2013-08-19,5.401597164479106,5.453414651978765,5.311308866227638,5.317590236663818,43263600
2013-08-20,5.340358658075432,5.4479196137420836,5.321515892434724,5.392176151275635,46611600
2013-08-21,5.344286027002104,5.433004240263214,5.254782529832686,5.292468070983887,42542400
2013-08-22,5.323086754312754,5.456556688586539,5.323086754312754,5.4290771484375,24462000
2013-08-23,5.482465110367895,5.506803063840134,5.406308318294663,5.487175464630127,22330800
2013-08-26,5.506019719412803,5.555481817867668,5.417301067376819,5.435359001159668,30535200
2013-08-27,5.263418370329979,5.326227145180416,5.151146601476416,5.160567760467529,49020000
2013-08-28,5.156642393346481,5.272840145373227,5.137014789302219,5.215526103973389,34221600
2013-08-29,5.180982484540492,5.3246589039703185,5.171561323023048,5.2461466789245605,26612400
2013-08-30,5.275195076791234,5.275195076791234,5.146435939218726,5.18255090713501,39008400
2013-09-03,5.341145458027361,5.37490502678669,5.197469060535331,5.261063575744629,27958800
2013-09-04,5.269698546965671,5.418085736287392,5.237509548709255,5.393747329711914,24674400
2013-09-05,5.400029355582537,5.454987097981544,5.390607745930259,5.4023847579956055,18480000
2013-09-06,5.465978371176727,5.5107296618806645,5.267343360675833,5.416515827178955,25722000
2013-09-09,5.461267869916792,5.584530471749318,5.461267869916792,5.57903528213501,20470800
2013-09-10,5.677174802298389,5.7015141102496285,5.638704427648372,5.699943542480469,25856400
2013-09-11,5.675604707779172,5.753331184387207,5.645769762612474,5.753331184387207,20306400
2013-09-12,5.749403823976947,5.7690314224030566,5.683453925223198,5.714858531951904,26812800
2013-09-13,5.7258528907464745,5.758828079916757,5.6865967773409665,5.744695663452148,19395600
2013-09-16,5.930765989683414,5.938616580178979,5.816924565676052,5.8498992919921875,23862000
2013-09-17,5.860106938163256,5.923701456218673,5.85932255276275,5.919775485992432,14137200
2013-09-18,5.914279215284904,6.1749377140579185,5.870312310157266,6.128615856170654,28629600
2013-09-19,6.178862679965152,6.183573483898264,6.077582641638198,6.107417583465576,18712800
2013-09-20,6.138037186106767,6.139607753652975,5.954320316937254,5.966096878051758,21726000
2013-09-23,5.942544818899362,5.959817023080185,5.828703351413179,5.887587070465088,27000000
2013-09-24,5.883658277804873,5.948037606047119,5.811427461340374,5.8491129875183105,31828800
2013-09-25,5.852805587132674,5.88344012369822,5.778967530910794,5.7954630851745605,32764800
2013-09-26,5.821386847300309,5.907792566700946,5.7938945474399315,5.860662460327148,18112800
2013-09-27,5.769542182769768,5.800177173795093,5.733409272054579,5.782111167907715,22690800
2013-09-30,5.63050746366081,5.7396936657449515,5.596731125873302,5.679994583129883,32914800
2013-10-01,5.698062901821441,5.833955758504047,5.685495262191546,5.8237433433532715,22557600
2013-10-02,5.716128885196744,5.804890269704418,5.662714290435211,5.800177574157715,14425200
2013-10-03,5.760116584860219,5.7766121425037165,5.562168994197773,5.647789478302002,27313200
2013-10-04,5.65485840059989,5.786823292664698,5.632078353326112,5.76875638961792,19855200
2013-10-07,5.6155832475345795,5.723198101628348,5.6006590387380015,5.625009536743164,21218400
2013-10-08,5.61794160113616,5.637578960763513,5.4121390158431115,5.423135757446289,40882800
2013-10-09,5.45455573773161,5.4930452273858785,5.328089180154014,5.42706298828125,46419600
2013-10-10,5.597517412112775,5.790751883092572,5.593590390152786,5.779755592346191,36594000
2013-10-11,5.756974008784298,5.902292660432805,5.742835025499143,5.896793842315674,22525200
2013-10-14,5.78839540615229,5.97927330753935,5.771114621467065,5.973775386810303,34161600
2013-10-15,5.917217748177126,5.985556546920183,5.8119594665985925,5.836310863494873,36968400
2013-10-16,5.939210678197096,6.08688588796176,5.930570513848751,6.081387519836426,36482400
2013-10-17,6.005194523994649,6.209426615923928,6.00205272691864,6.205498695373535,33648000
2013-10-18,6.271482856606867,6.337465105460533,6.230636788168,6.315471172332764,29371200
2013-10-21,6.331964366367863,6.364170251744473,6.284048599957893,6.331179141998291,22672800
2013-10-22,6.382237534684575,6.492208521842557,6.3547452373653295,6.434866905212402,32780400
2013-10-23,6.370453951890293,6.377523218686321,6.276192866221696,6.35003137588501,29656800
2013-10-24,6.379095136569107,6.427797031462415,6.336677734120915,6.408158779144287,19132800
2013-10-25,6.44664865459657,6.492992625143837,6.407373051982211,6.491422176361084,21489600
2013-10-28,6.487496359120404,6.548765901298788,6.464716306032447,6.518916130065918,24846000
2013-10-29,6.563689686642645,6.636741638183594,6.540124410492909,6.636741638183594,20574000
2013-10-30,6.653237250550461,6.664234888909064,6.456860996475597,6.529912948608398,25209600
2013-10-31,6.513417325465691,6.59196764652913,6.441150598595881,6.461574077606201,26407200
2013-11-01,6.498491256945895,6.559760777517633,6.408157649452465,6.514200687408447,26752800
2013-11-04,6.576259087812232,6.593539873087759,6.509490272230271,6.586470603942871,16761600
2013-11-05,6.505562229027683,6.575471477911879,6.4458631455552755,6.523628234863281,22903200
2013-11-06,6.608464767036658,6.657166678781489,6.551123135968506,6.616320610046387,18507600
2013-11-07,6.661092355391193,6.673659991983883,6.350032000599264,6.366527557373047,37743600
2013-11-08,6.363385547026593,6.622602687095837,6.361815097937349,6.621032238006592,27771600
2013-11-11,6.610034725709557,6.65166690935717,6.5848985503971775,6.621817588806152,12116400
2013-11-12,6.5888252659336946,6.6335992416250935,6.523628262510871,6.594323635101318,16714800
2013-11-13,6.493780648023908,6.749069892343102,6.4929945244622305,6.7396440505981445,19615200
2013-11-14,6.76242243420242,6.865322791770046,6.732572669217189,6.848042011260986,28254000
2013-11-15,6.8810356277711255,6.9383772542331394,6.857470347986708,6.937592029571533,20336400
2013-11-18,6.972152877704436,6.987077086976283,6.818193145529348,6.873964309692383,27980400
2013-11-19,6.851970940087953,6.914025703005844,6.783632133476973,6.822121620178223,22339200
2013-11-20,6.862967617029953,6.918739238340637,6.697226348563905,6.7616376876831055,31605600
2013-11-21,6.813479181864477,6.930519865356755,6.797769750001827,6.916380882263184,22732800
2013-11-22,6.925022755082396,7.020069082614737,6.899101356279212,7.014570713043213,19706400
2013-11-25,7.054632367961593,7.059345513554392,6.967440972376038,7.0114288330078125,17406000
2013-11-26,7.008286030038698,7.064842420626615,6.971366994152687,7.000431537628174,15780000
2013-11-27,7.0255659518824345,7.067983351996201,6.999644556956387,7.0507025718688965,15290400
2013-11-29,7.075840607998299,7.125327285055057,7.015356292301898,7.034993648529053,10766400
2013-12-02,7.053060440852075,7.089193355510179,6.9517300662758625,6.9847211837768555,20565600
2013-12-03,6.917165970283885,6.966652634870895,6.826047581621422,6.905383110046387,30895200
2013-12-04,6.814265356173477,6.972152091888522,6.7294305580369835,6.882604598999023,39338400
2013-12-05,6.8511845423524225,6.88888880300165,6.781275289454456,6.804840564727783,17881200
2013-12-06,6.99336327797186,7.044420410839323,6.936020751984878,7.021641254425049,29121600
2013-12-09,7.085266483962261,7.108045637509755,7.050704017679938,7.0742692947387695,25186800
2013-12-10,7.029493788334651,7.072696412345143,6.990218185266738,7.0059285163879395,28132800
2013-12-11,7.009071978236806,7.0122146744659775,6.741215106366619,6.7616376876831055,35977200
2013-12-12,6.756136352753197,6.779701619957206,6.655591242647434,6.703507900238037,53340000
2013-12-13,6.737286477398537,6.7577099555088935,6.655593463897584,6.687014579772949,27681600
2013-12-16,6.790700455065265,6.8849610973213125,6.78520118721126,6.814265727996826,29131200
2013-12-17,6.83940195860913,6.8401880820412675,6.709007948086779,6.7467122077941895,24063600
2013-12-18,6.787557930060355,7.103331426657898,6.602964560955496,7.097048282623291,54247200
2013-12-19,7.0389213217077335,7.09861906232701,6.984721051804131,7.08055305480957,34924800
2013-12-20,7.097049115814938,7.247080041435658,7.0931211952079805,7.198379039764404,33465600
2013-12-23,7.300494540940957,7.3248450414537505,7.257291909539798,7.3075642585754395,22387200
2013-12-24,7.3114921808499895,7.368833798063346,7.310706057374523,7.362549304962158,14390400
2013-12-26,7.4143913162971815,7.482730560307815,7.4073220493099985,7.473304271697998,18394800
2013-12-27,7.505511200912207,7.5102243455894655,7.445026892984556,7.468592166900635,19660800
2013-12-30,7.472520244680508,7.4850883318607035,7.434815983139919,7.461523056030273,13562400
2013-12-31,7.497657207858873,7.56678169047856,7.478018952729382,7.565210342407227,27232800
2014-01-02,7.478805262819811,7.491373350882399,7.298923659667235,7.349196910858154,38781600
2014-01-03,7.385327943516792,7.430887138757522,7.315417353475721,7.336626052856445,33884400
2014-01-06,7.415963665525057,7.424604730897764,7.2470797173772805,7.28792667388916,25076400
2014-01-07,7.367261895526879,7.451311478418324,7.35312291078907,7.414391994476318,28370400
2014-01-08,7.411251174817873,7.456809929119154,7.344483267694357,7.422248363494873,28254000
2014-01-09,7.488231086077506,7.492943781704029,7.332700893645864,7.427746772766113,20900400
2014-01-10,7.473305705850999,7.501584127636996,7.3570511204881335,7.491373062133789,23269200
2014-01-13,7.435600136260346,7.496869664802925,7.150461643261999,7.199948310852051,35209200
2014-01-14,7.266718129514665,7.438743878392826,7.224300723058077,7.424604892730713,32073600
2014-01-15,7.476449151810398,7.5801361094647755,7.469379882757577,7.547929763793945,24126000
2014-01-16,7.503155294810078,7.525149222806526,7.446598902071742,7.516509056091309,13526400
2014-01-17,7.481160227974653,7.519649708476839,7.383756892214055,7.41910457611084,17935200
2014-01-21,7.547929618868715,7.556571134903805,7.347625875399367,7.484303951263428,22083600
2014-01-22,7.5267200722421626,7.529076644633941,7.450526329102397,7.500798225402832,12178800
2014-01-23,7.387685509961886,7.389256857883191,7.199163762255689,7.32091760635376,29136000
2014-01-24,7.172456225866887,7.179525492730687,6.840972423553467,6.840972423553467,43471200
2014-01-27,6.869251219777858,6.916381768757523,6.64145431549319,6.743570804595947,41452800
2014-01-28,6.7687067346530645,6.890460589740003,6.755353871878646,6.8621826171875,23908800
2014-01-29,6.692510342796627,6.801695617640005,6.611603478815966,6.657162666320801,37215600
2014-01-30,6.832331360265253,6.941517553378217,6.767920037272468,6.882604598999023,20128800
2014-01-31,6.621818415294234,6.8810355926594795,6.611606898982835,6.754568576812744,31102800
2014-02-03,6.72707479272502,6.77499056615355,6.25891289804532,6.297402381896973,53178000
2014-02-04,6.383807480641118,6.476496765795182,6.316253465294325,6.42465353012085,42784800
2014-02-05,6.359457743243257,6.446649119891298,6.242417050284348,6.402660369873047,27994800
2014-02-06,6.451362160158587,6.656379001428792,6.451362160158587,6.650094509124756,25838400
2014-02-07,6.75378167669501,6.925807411468231,6.687014224905609,6.912453651428223,32925600
2014-02-10,6.906955325044254,6.9493727282853595,6.851970285088609,6.943874359130859,21825600
2014-02-11,6.965867256631963,7.222727761023511,6.947800354490268,7.167742729187012,30808800
2014-02-12,7.202305954694939,7.269074760910342,7.137109844897899,7.187381744384766,25171200
2014-02-13,7.035777515553977,7.313846705464026,7.034206167983541,7.29656457901001,30630000
2014-02-14,7.273002338459288,7.451312595450463,7.251008408844482,7.407323837280273,29476800
2014-02-18,7.429317527153972,7.468592234921441,7.3664766463153635,7.440313816070557,21598800
2014-02-19,7.382186658924731,7.522791724730781,7.2690738873643035,7.287139892578125,41121600
2014-02-20,7.318559347600074,7.467020229039003,7.240794273812581,7.408107280731201,29469600
2014-02-21,7.4638794474930705,7.512580896502438,7.380615984311734,7.397896766662598,20563200
2014-02-24,7.440313787808167,7.661826644642975,7.427746151052447,7.507867813110352,24084000
2014-02-25,7.52828994154576,7.59505738200486,7.4316727398102325,7.503153324127197,29634000
2014-02-26,7.535362686698455,7.5950608884016475,7.443458586391606,7.503942012786865,23538000
2014-02-27,7.4709525089015205,7.628053665161133,7.448958571760396,7.628053665161133,22054800
2014-02-28,7.620195723802925,7.785937884148818,7.529862538284724,7.67675256729126,31989600
2014-03-03,7.480374419990374,7.5738498397298635,7.366476422514393,7.517293453216553,44696400
2014-03-04,7.735666908292178,7.88569831163901,7.733310784742632,7.83621072769165,43336800
2014-03-05,7.849563124773946,7.895907998689986,7.819712908824842,7.841708183288574,27572400
2014-03-06,7.917901756007669,7.965817979495861,7.8754843513303765,7.913974285125732,21564000
2014-03-07,7.998808030478497,8.008234318917447,7.818141697120236,7.913188457489014,35751600
2014-03-10,7.883338023307592,7.915544358080488,7.770225262034286,7.9069037437438965,14299200
2014-03-11,7.94539504936781,7.976030041778098,7.734093697333047,7.789079189300537,22996800
2014-03-12,7.673609452672799,7.801647343356716,7.620980982173965,7.7945780754089355,25095600
2014-03-13,7.8621301190977935,7.881768371269823,7.469378110293139,7.535360336303711,34593600
2014-03-14,7.48116170129974,7.604486007017606,7.4395295170528195,7.466236591339111,26542800
2014-03-17,7.576206238231924,7.72152443848292,7.5707074201877225,7.662611484527588,23864400
2014-03-18,7.711313599068356,7.862130639323525,7.691676244537361,7.833067893981934,20163600
2014-03-19,7.841708064841193,7.868414685699975,7.5573543330875,7.716026306152344,26382000
2014-03-20,7.65161479269818,7.855060274254534,7.615481885620242,7.8377790451049805,25431600
2014-03-21,7.935184180425809,7.994097151452203,7.725454147402343,7.7505903244018555,21807600
2014-03-24,7.829139450097392,7.855846971159355,7.552641545577675,7.6500444412231445,27738000
2014-03-25,7.7670857928067,7.838566851490149,7.631192944218637,7.763158321380615,28738800
2014-03-26,7.854276475918701,7.887267590600674,7.5895609855651855,7.5895609855651855,24176400
2014-03-27,7.567565604044848,7.635120079313285,7.461522544286187,7.54478645324707,29328000
2014-03-28,7.605272063549451,7.767086783554662,7.593489647768265,7.650832176208496,21489600
2014-03-31,7.798504207238166,7.8770554199727485,7.773368933849233,7.841708183288574,24878400
2014-04-01,7.917901052656045,8.010590795540825,7.898263699990755,7.99880838394165,22017600
2014-04-02,8.031013090183807,8.107992935304061,7.983882554417525,8.081284523010254,18250800
2014-04-03,8.117421697328647,8.120563494634908,7.972888233953795,8.042013168334961,17594400
2014-04-04,8.173190925645965,8.183403788201947,7.721525483488413,7.76237154006958,39952800
2014-04-07,7.700317288539784,7.7403785727394165,7.456024809038937,7.4960856437683105,44493600
2014-04-08,7.485873271264499,7.630406250975471,7.412035208922254,7.59584379196167,26694000
2014-04-09,7.65239862164491,7.844848241138216,7.590343878513712,7.840135097503662,22245600
2014-04-10,7.834638846317828,7.848777381290046,7.317774621861875,7.342911243438721,36822000
2014-04-11,7.221159100282185,7.372762741401432,7.12297141058186,7.1433939933776855,33009600
2014-04-14,7.311491181932705,7.363334422437365,7.135537534835621,7.309919834136963,18866400
2014-04-15,7.359407805864852,7.477233741083196,7.138680146369442,7.460738182067871,30820800
2014-04-16,7.61077093240135,7.697961878168998,7.51650981880239,7.695605754852295,16022400
2014-04-17,7.666541358022095,7.790651796735654,7.627266642367681,7.725454330444336,16309200
2014-04-21,7.734094365649169,7.813431262969971,7.705816392717919,7.813431262969971,10266000
2014-04-22,7.831499247710597,7.977603193492365,7.82128728046733,7.910835266113281,17950800
2014-04-23,7.901407208391209,7.917117992867411,7.839352441373033,7.862131595611572,10135200
2014-04-24,7.976030511119622,7.976030511119622,7.793792792823161,7.909261703491211,14872800
2014-04-25,7.825213079471943,7.840137289370196,7.652400761025958,7.711313724517822,18435600
2014-04-28,7.804003752494537,7.884125412392978,7.546356643396356,7.7835798263549805,26370000
2014-04-29,7.856634034342149,7.925758073224457,7.807932128437646,7.892766952514648,16328400
2014-04-30,7.852705685621197,7.983885378647279,7.818928894583474,7.971317291259766,16524000
2014-05-01,7.948534149342694,8.028655787655868,7.889621206434189,7.967386722564697,17024400
2014-05-02,7.963461975675791,8.065578928482495,7.8935531648280435,7.935184001922607,17756400
2014-05-05,7.815001902598619,7.990955136811546,7.749018765563341,7.976815700531006,13335600
2014-05-06,7.923399795118225,7.936753554378924,7.761586033036635,7.768655300140381,14642400
2014-05-07,7.843280805729706,7.911620074107036,7.670469348341192,7.906121253967285,19064400
2014-05-08,7.87705515249502,8.04672475942704,7.800075290247655,7.8794121742248535,15543600
2014-05-09,7.87784103592011,7.920258438781227,7.769441405915221,7.917116641998291,12020400
2014-05-12,8.017660594822058,8.153553421529685,8.009806552175075,8.140199661254883,21840000
2014-05-13,8.169262817693442,8.225033073290588,8.140198280234271,8.163763999938965,10725600
2014-05-14,8.144131064209143,8.151985109781307,8.01373700762461,8.046728134155273,10306800
2014-05-15,7.9964538449603815,8.004309687405927,7.717599754774382,7.826785087585449,28278000
2014-05-16,7.8448499223482235,7.923400235564163,7.7498040523463425,7.917116641998291,12990000
2014-05-19,7.868417581584058,8.020020343002653,7.846424097238937,8.003524780273438,8440800
2014-05-20,7.987810786012204,7.990952582312227,7.788291888446038,7.8479905128479,15374400
2014-05-21,7.912403187367961,8.057721395965354,7.9116175134679025,8.04358196258545,11769600
2014-05-22,8.050652521983949,8.15591035622357,8.012947364462477,8.10799503326416,9894000
2014-05-23,8.134701825626253,8.219536633952416,8.118206268333994,8.203041076660156,14384400
2014-05-27,8.298086592076228,8.359355673816351,8.283947158317547,8.35778522491455,8616000
2014-05-28,8.35543054473448,8.392348235996545,8.29651757564539,8.334221839904785,10154400
2014-05-29,8.391564210190728,8.46540139718916,8.332651235841105,8.463830947875977,8726400
2014-05-30,8.44418869613005,8.521168543222544,8.419053428542957,8.499175071716309,11775600
2014-06-02,8.539237569750545,8.546306837427489,8.410414010021128,8.536881446838379,8799600
2014-06-03,8.472468175759428,8.533738154477978,8.450474700315194,8.523526191711426,8576400
2014-06-04,8.469326405083136,8.585580971709094,8.448903378427795,8.56515884399414,12621600
2014-06-05,8.601292658033866,8.765463461392258,8.508602904961846,8.742683410644531,13269600
2014-06-06,8.797672491724292,8.870724919771348,8.783533051119454,8.86679744720459,8180400
2014-06-09,8.858156485662422,8.955558520708975,8.836947775044681,8.89114761352539,10455600
2014-06-10,8.85893862991799,8.898214241344848,8.802382684361485,8.897429466247559,6728400
2014-06-11,8.803169163242588,8.829091015217827,8.741113493747699,8.807882308959961,14004000
2014-06-12,8.765462178471594,8.781957733897185,8.555732203254493,8.61543083190918,15594000
2014-06-13,8.664920381544663,8.714407064288737,8.579300779401894,8.693984031677246,10756800
2014-06-16,8.654707311357926,8.764677392353626,8.624857095066794,8.708907127380371,15340800
2014-06-17,8.671988877463786,8.800812454664483,8.648424049384438,8.778817176818848,9880800
2014-06-18,8.781171743920689,8.991688284365873,8.733256427100898,8.979119300842285,14527200
2014-06-19,8.999545876077718,9.023111605805298,8.913926271732757,9.00897216796875,10465200
2014-06-20,9.073377833499755,9.07652052827853,9.030175668633271,9.063952445983887,8389200
2014-06-23,9.06474185559459,9.07495292101351,9.004257541337472,9.052959442138672,7203600
2014-06-24,9.001116297091809,9.135437796409054,8.857368506854614,8.888789176940918,15608400
2014-06-25,8.828652398761134,9.033806034372136,8.828652398761134,9.005508422851562,10405200
2014-06-26,9.010231106582061,9.01101730182899,8.808222105892487,8.992152214050293,12081600
2014-06-27,8.922979224228907,9.047957238961004,8.913546683616822,9.042455673217773,8779200
2014-06-30,9.024379745461836,9.086475675698129,9.000013090506227,9.02830982208252,10904400
2014-07-01,9.091193148283205,9.286128212748178,9.082546798668348,9.204380989074707,13686000
2014-07-02,9.204376959792139,9.26411518560995,9.19415912351651,9.228744506835938,6730800
2014-07-03,9.30813500223435,9.378091984848332,9.29398708629565,9.367874145507812,5523600
2014-07-07,9.315206733118945,9.337216596065621,9.228745068630278,9.27511978149414,9716400
2014-07-08,9.214595353756952,9.224813189653513,9.022804262169478,9.098262786865234,15727200
2014-07-09,9.154072522143961,9.235033526072698,9.101409144534237,9.212239265441895,8826000
2014-07-10,8.947346168106208,9.17450884762532,8.922193325330358,9.101408004760742,13298400
2014-07-11,9.091190396229292,9.15721639181959,9.02595059573635,9.14463996887207,10245600
2014-07-14,9.2751190302992,9.313635387799774,9.24367842757698,9.272761344909668,7644000
2014-07-15,9.295557639822615,9.348221920279041,9.106911283522965,9.224815368652344,12788400
2014-07-16,9.342719805249828,9.36708645852538,9.253113344847035,9.325428009033203,11082000
2014-07-17,9.236600186385372,9.345857859959303,8.968565368380892,9.005508422851562,20302800
2014-07-18,9.0998375942876,9.308134337731587,9.078614822357759,9.279837608337402,10227600
2014-07-21,9.19337549167921,9.251541343731546,9.100623347128032,9.223243713378906,9975600
2014-07-22,9.32464269177858,9.396957369749341,9.303419915629954,9.347437858581543,10396800
2014-07-23,9.389094652637247,9.440185636081383,9.336429480045318,9.410317420959473,8426400
2014-07-24,9.444902660348857,9.469270210764263,9.3875230115653,9.412675857543945,7998000
2014-07-25,9.3340714790905,9.356866636717006,9.22559995556934,9.28376579284668,8739600
2014-07-28,9.280622147389163,9.330142539413126,9.124988814188567,9.289268493652344,9784800
2014-07-29,9.338789321911928,9.37730478809,9.168221856879647,9.171365737915039,10519200
2014-07-30,9.268047051163348,9.301846246019942,9.061321805845346,9.171365737915039,17413200
2014-07-31,8.985077059629557,9.003941245359782,8.61878838303854,8.627434730529785,35482800
2014-08-01,8.553545753827608,8.71546773428489,8.426210055086504,8.544114112854004,24831600
2014-08-04,8.599140174332746,8.785428890485932,8.487523823894204,8.728048324584961,11648400
2014-08-05,8.621147564522099,8.691103644894232,8.383766989208505,8.469444274902344,19351200
2014-08-06,8.358614695007175,8.591278114585979,8.352326032553664,8.478090286254883,14440800
2014-08-07,8.595207224512764,8.622718655025727,8.282368149148624,8.338961601257324,17290800
2014-08-08,8.396341760538014,8.650227887307098,8.335817335831713,8.629792213439941,14931600
2014-08-11,8.728043488740754,8.825510967652358,8.698175278633226,8.712323188781738,16249200
2014-08-12,8.682456923472802,8.75241390037373,8.595993446300149,8.670666694641113,12483600
2014-08-13,8.777564333726657,8.875818022771385,8.732761112085022,8.858526229858398,19465200
2014-08-14,8.889965666123754,8.970925752540554,8.86481192624605,8.97014045715332,7336800
2014-08-15,9.068398884276665,9.097481814936854,8.774423896795152,8.966214179992676,25885200
2014-08-18,9.117916224411978,9.20516499561296,9.100622629757323,9.18708610534668,12424800
2014-08-19,9.255470844797989,9.356868431748529,9.233462777496735,9.33171558380127,12236400
2014-08-20,9.295556333475346,9.441758026155865,9.294771037974762,9.410317420959473,11031600
2014-08-21,9.436256481480534,9.527435324893787,9.412676025281613,9.493636131286621,7340400
2014-08-22,9.470055633835093,9.519575131359161,9.382806866835057,9.444116592407227,13840800
2014-08-25,9.585601806640625,9.63590659857895,9.542370071924033,9.585601806640625,9922800
2014-08-26,9.597391927339183,9.679924420389392,9.597391927339183,9.611539840698242,8769600
2014-08-27,9.620187258268986,9.64219532378286,9.554946558214839,9.601322174072266,5786400
2014-08-28,9.499925826468173,9.595820951464114,9.471629096042797,9.580886840820312,11628000
2014-08-29,9.62883373021016,9.663419121892773,9.532938607438494,9.658702850341797,7922400
2014-09-02,9.694855818177425,9.701144477551711,9.537651027794219,9.63904857635498,9810000
2014-09-03,9.751454741944178,9.758528699973773,9.589533605739035,9.633550643920898,8251200
2014-09-04,9.671279278309516,9.78289560613915,9.507000466828279,9.579314231872559,16165200
2014-09-05,9.575385574308251,9.722372611257834,9.471630283384123,9.715298652648926,10602000
2014-09-08,9.683857643806942,9.726303192810796,9.553376215730706,9.640625,11233200
2014-09-09,9.608396657029196,9.63040472168783,9.398526651411553,9.459050178527832,11598000
2014-09-10,9.470841531766618,9.577741575029219,9.372588734912044,9.565951347351074,14349600
2014-09-11,9.446475175544192,9.597392253412997,9.424466210137473,9.587174415588379,8584800
2014-09-12,9.56516447247529,9.56595156711597,9.343505128609047,9.424466133117676,14773200
2014-09-15,9.426823243966611,9.448831306214421,9.316778435044604,9.4016695022583,9400800
2014-09-16,9.349008348985254,9.66027506953999,9.330144162652411,9.615471839904785,11156400
2014-09-17,9.658701864889062,9.782894604295517,9.5109286696704,9.65084171295166,20280000
2014-09-18,9.738090462028824,9.808045627781189,9.704290372620004,9.801758766174316,8080800
2014-09-19,9.901584790090252,9.923592855505936,9.7184400132339,9.786038398742676,11780400
2014-09-22,9.720797086339356,9.727085747159446,9.49127760783437,9.547085762023926,13479600
2014-09-23,9.443332922429272,9.564380903726702,9.374948328626978,9.38516616821289,13480800
2014-09-24,9.39074841589227,9.62040447018214,9.316818307340691,9.607821464538574,14343600
2014-09-25,9.5252375095064,9.527597497758032,9.13277740373382,9.141427993774414,21032400
2014-09-26,9.181539999955431,9.423779931046589,9.151653114939483,9.364792823791504,14812800
2014-09-29,9.113116223658341,9.352211342724265,9.09109416268038,9.306593894958496,13614000
2014-09-30,9.324681584191183,9.408836495913924,9.174460503402138,9.230301856994629,15445200
2014-10-01,9.17996745698559,9.189404709971033,8.79301128228428,8.859077453613281,35610000
2014-10-02,8.833908869025828,8.948737332637467,8.583804110012109,8.853570938110352,26274000
2014-10-03,9.034465086394436,9.202774008803788,8.953455926023256,9.146933555603027,25302000
2014-10-06,9.259406000759109,9.298731053763653,9.01795264150894,9.113118171691895,22689600
2014-10-07,8.97548181481218,9.0344689441418,8.692343414015577,8.697062492370605,24819600
2014-10-08,8.703353957634953,9.183114870993418,8.568863389282907,9.15401554107666,34288800
2014-10-09,9.101317668671053,9.139069382019013,8.58301759787428,8.598747253417969,35967600
2014-10-10,8.595602141153169,8.72144119499879,8.302239903130058,8.306171417236328,41282400
2014-10-13,8.28651164014636,8.385610485026422,7.880680804173603,7.8964104652404785,31405200
2014-10-14,8.02224703363057,8.19606261404411,7.846071464755126,7.937305450439453,36704400
2014-10-15,7.611696367845119,7.824836989192785,7.1948541789498615,7.743827819824219,63351600
2014-10-16,7.347434192602747,7.907418399718856,7.326198797245496,7.739108562469482,56119200
2014-10-17,8.016741646116676,8.181904824286836,7.916069513609025,8.030111312866211,38863200
2014-10-20,7.978203241410449,8.27077971764643,7.96719266168863,8.257410049438477,18690000
2014-10-21,8.435156631943622,8.759192401770088,8.408416397101425,8.745035171508789,32026800
2014-10-22,8.796944746684142,8.855145197368556,8.54841238694838,8.562569618225098,24807600
2014-10-23,8.815820533616884,9.017163931221711,8.76548580930563,8.86301040649414,22768800
2014-10-24,8.892893621704548,9.063563396412748,8.798514815016482,9.050192832946777,15549600
2014-10-27,8.962109708870665,9.060421874283719,8.863798443529621,9.018736839294434,20336400
2014-10-28,9.112330375869158,9.330976779325313,9.099747368552718,9.31917953491211,17485200
2014-10-29,9.346703078084373,9.428498904614028,9.0989574103344,9.294795036315918,23438400
2014-10-30,9.205922994862302,9.5441160510791,9.190979099316532,9.474905014038086,30613200
2014-10-31,9.807591434076716,9.81073718545674,9.66366273259557,9.787141799926758,21634800
2014-11-03,9.820173785575333,9.901182953701213,9.736805529089533,9.802871704101562,14913600
2014-11-04,9.72028665687403,9.776914663426696,9.555909275443634,9.708489418029785,18361200
2014-11-05,9.90983425188985,9.920845730880462,9.754894083800771,9.884666442871094,16200000
2014-11-06,9.891746444745701,10.017586413279348,9.778491283130235,10.008934020996094,17281200
2014-11-07,10.001069980440501,10.067135265629243,9.925566540204223,10.035675048828125,13335600
2014-11-10,10.04039049076945,10.132410218982965,9.997919708506032,10.119826316833496,10610400
2014-11-11,10.137131518673867,10.171737482194658,10.079717733793922,10.149715423583984,6682800
2014-11-12,10.030956237653479,10.15758197100883,10.023091408262369,10.120616912841797,10899600
2014-11-13,10.147358360406262,10.248028719707124,10.008148715791139,10.150504112243652,14966400
2014-11-14,10.136344619247634,10.193758402787406,10.083649912447983,10.161513328552246,9354000
2014-11-17,10.096233652142592,10.207915466261687,10.071852506110096,10.181175231933594,11232000
2014-11-18,10.185895435993137,10.406900919997973,10.185895435993137,10.354992866516113,11781600
2014-11-19,10.31330626416579,10.353417967655725,10.166231818179803,10.302295684814453,15583200
2014-11-20,10.156797106445746,10.37544172304394,10.147358950312842,10.355779647827148,11058000
2014-11-21,10.669590845711609,10.680601427051851,10.419485126038838,10.530381202697754,20618400
2014-11-24,10.60195022401946,10.6341971018474,10.561052754659872,10.612175941467285,8625600
2014-11-25,10.653860728229478,10.69161245162512,10.544537972975087,10.602739334106445,14613600
2014-11-26,10.615323440743625,10.686893573870888,10.575998390609522,10.673523902893066,8482800
2014-11-28,10.645994048343224,10.70104874790368,10.557907609132807,10.603523254394531,10594800
2014-12-01,10.474539131020142,10.497347855212649,10.31881317639458,10.387237548828125,17787600
2014-12-02,10.378584857580925,10.6137466177457,10.378584857580925,10.572062492370605,14526000
2014-12-03,10.603524241808495,10.736441475937697,10.577570665375843,10.707342147827148,12020400
2014-12-04,10.645993066675535,10.755315792851572,10.515435845555114,10.665655136108398,13741200
2014-12-05,10.697904713125478,10.786778729532944,10.6491415085103,10.712847709655762,11734800
2014-12-08,10.643635635939088,10.734082069487608,10.39746324804381,10.504426002502441,15742800
2014-12-09,10.15994282468707,10.497349254703646,10.083652712998612,10.472968101501465,23731200
2014-12-10,10.392745011561795,10.399823178218293,9.938150118077024,9.9774751663208,22762800
2014-12-11,10.077358679110407,10.416338380345248,10.05140420406485,10.115110397338867,19245600
2014-12-12,9.896465445350895,10.067135299424084,9.628270989032465,9.634562492370605,21154800
2014-12-15,9.794223697662217,9.86658230747863,9.323899934433674,9.419065475463867,27814800
2014-12-16,9.293222202124232,9.838262467188281,9.194123399339638,9.209066390991211,35848800
2014-12-17,9.276710175019316,9.816244950527652,9.253114782458068,9.766695976257324,31845600
2014-12-18,10.174097715537224,10.469033301331443,10.053764392564853,10.462740898132324,34204800
2014-12-19,10.583861414590446,10.726216793681973,10.465887184391379,10.598018646240234,25807200
2014-12-22,10.639826245989784,10.750837578154291,10.592586940316789,10.739027976989746,11708400
2014-12-23,10.863423628486434,10.86499860234389,10.755561345635273,10.798076629638672,12613200
2014-12-24,10.837441716948064,10.879170414078853,10.786266780948724,10.79728889465332,4766400
2014-12-26,10.870512256889006,10.957117823037317,10.868150696455436,10.89334487915039,9796800
2014-12-29,10.856337774663606,10.974435582583519,10.84295410127156,10.932707786560059,6776400
2014-12-30,10.848463555904353,10.879955820798488,10.744537820333163,10.765007972717285,13495200
2014-12-31,10.821694310692365,10.848462553175244,10.420161663303297,10.440630912780762,17282400
2015-01-02,10.569752693385471,10.643760236745093,10.22963136683511,10.412288665771484,19633200
2015-01-05,10.224905438025468,10.25875925608203,9.79896614727592,9.851716041564941,30900000
2015-01-06,9.908405606266442,9.998946772447336,9.438375965532332,9.584817886352539,35046000
2015-01-07,9.811565618913635,9.991073881736035,9.726535057202861,9.938323974609375,21228000
2015-01-08,10.186328644564268,10.498894240634352,10.182392111433401,10.462677955627441,27528000
2015-01-09,10.5358975048389,10.540621524571266,10.097361067680906,10.206010818481445,31858800
2015-01-12,10.241442280619541,10.259550875878046,9.860380600367618,9.959582328796387,22184400
2015-01-13,10.188692367628502,10.380797731061483,9.650953225574865,9.877700805664062,33775200
2015-01-14,9.527342072506698,9.733619457845911,9.36357996287244,9.704488754272461,38570400
2015-01-15,9.811564200925659,9.868250633197247,9.419479590491223,9.439162254333496,28426800
2015-01-16,9.405310014419442,9.832036946661255,9.371455283066117,9.791095733642578,28504800
2015-01-20,9.914704763809896,9.961943163807009,9.596627644610601,9.869039535522461,20178000
2015-01-21,9.784798318484517,10.099725549996645,9.70764080888346,10.013908386230469,20845200
2015-01-22,10.153262317752054,10.48551060931662,9.908406150759275,10.465827941894531,31155600
2015-01-23,10.406780025643094,10.462679887641352,10.265062103718558,10.283170700073242,20234400
2015-01-26,10.252464258461691,10.377647636724811,10.121768472268203,10.368987083435059,15896400
2015-01-27,9.990285863081917,10.159558574341368,9.79896712667145,9.955643653869629,25645200
2015-01-28,10.16034727710523,10.17766838378439,9.535216067010783,9.550174713134766,25120800
2015-01-29,9.600563930435499,9.876124860706765,9.358069338700908,9.833609580993652,30286800
2015-01-30,9.616310871477944,9.854868049013612,9.41318249600403,9.451761245727539,29775600
2015-02-02,9.54781361464652,9.82337546010149,9.23367302072638,9.797393798828125,27787200
2015-02-03,9.966665476233983,10.232779228620524,9.901317592478362,10.225692749023438,27626400
2015-02-04,10.093424077200831,10.31229854246258,10.032012724478495,10.109957695007324,20988000
2015-02-05,10.23514295851932,10.446145298436052,10.22018431144717,10.424887657165527,16516800
2015-02-06,10.489445984805203,10.589435185691643,10.239865824980892,10.332770347595215,17878800
2015-02-09,10.214672784830572,10.344580180439326,10.119405799625373,10.191840171813965,11575200
2015-02-10,10.38237539233022,10.561883714445116,10.22176225627293,10.520155906677246,15705600
2015-02-11,10.48314784359842,10.611481174094816,10.367412501103319,10.53747272491455,20023200
2015-02-12,10.679188295200458,10.845312850347884,10.648482620814725,10.838227272033691,20899200
2015-02-13,10.8642121957172,10.979947547735987,10.813035455668036,10.978372573852539,14593200
2015-02-17,10.91381212600948,11.0547416420028,10.867359410574913,11.035058975219727,10882800
2015-02-18,10.946877915948251,11.038994045706575,10.901212693439435,11.02403450012207,9211200
2015-02-19,10.909087840859673,11.06970092075043,10.88389366758327,11.002778053283691,12477600
2015-02-20,10.922473829831342,11.211420297950774,10.805950978968898,11.202759742736816,16066800
2015-02-23,11.146857513230048,11.194884300231934,11.07757398722757,11.194884300231934,11510400
2015-02-24,11.183862237871287,11.32479266344748,11.124813332917341,11.289363861083984,12530400
2015-02-25,11.264954568715908,11.356284116568597,11.191733613276066,11.252357482910156,9608400
2015-02-26,11.239760651119258,11.269678843210892,11.10197928993063,11.215353965759277,11521200
2015-02-27,11.197248913439529,11.249998829683888,11.096471299945375,11.104344367980957,7704000
2015-03-02,11.120876998057984,11.322431306034307,11.120876998057984,11.312195777893066,10248000
2015-03-03,11.226378224936889,11.24527430819323,11.008291186606517,11.172053337097168,15771600
2015-03-04,11.056317312307796,11.071275959802392,10.846102453356062,11.024824142456055,15465600
2015-03-05,11.091746352340982,11.11694142937094,10.971286979835662,11.063403129577637,8149200
2015-03-06,10.887832760346711,10.984672942956418,10.535113350545362,10.588651657104492,25308000
2015-03-09,10.630374868080276,10.792561988733377,10.615415323822043,10.728001594543457,13077600
2015-03-10,10.4713383504946,10.490234431674908,10.20365047454834,10.20365047454834,25626000
2015-03-11,10.244591963294468,10.282383228996473,10.117046103669638,10.12885570526123,13868400
2015-03-12,10.241445390018876,10.528029449397993,10.241445390018876,10.515432357788086,16618800
2015-03-13,10.467401244890292,10.493382001334504,10.133577131796216,10.321746826171875,28779600
2015-03-16,10.450869224066304,10.752410930583311,10.450869224066304,10.742963790893555,15064800
2015-03-17,10.595735563785535,10.708321865346688,10.491022329352878,10.639825820922852,15726000
2015-03-18,10.55006999375672,11.143708015412919,10.433546271312952,11.013800621032715,32468400
2015-03-19,10.94687795795322,10.994117253168515,10.799648565911408,10.866571426391602,18770400
2015-03-20,11.053955746107317,11.251573533314064,11.03742212342693,11.153944969177246,18174000
2015-03-23,11.160244026307685,11.267318830833583,11.094109535217285,11.094109535217285,9147600
2015-03-24,11.065767394677033,11.153160446169448,10.8917696798405,10.898856163024902,11988000
2015-03-25,10.945505477213878,10.984908378462757,10.418286722007418,10.419074058532715,20214000
2015-03-26,10.300077916693377,10.51522103981517,10.177138860355958,10.350513458251953,26779200
2015-03-27,10.328444406360108,10.455322805111157,10.293769138735872,10.413556098937988,11611200
2015-03-30,10.613730463146663,10.853304499591207,10.612154887775226,10.798138618469238,19868400
2015-03-31,10.638946414709148,10.772918993898756,10.50812678933846,10.517583847045898,19388400
2015-04-01,10.50734174930259,10.50734174930259,10.222060669328155,10.407257080078125,20424000
2015-04-02,10.393857794641105,10.594027997733413,10.359183415399523,10.501035690307617,13136400
2015-04-06,10.35130295184427,10.819416587420124,10.32687296569571,10.724847793579102,20715600
2015-04-07,10.731941423261723,10.869065187174344,10.635008811950684,10.635008811950684,14068800
2015-04-08,10.683867847658762,10.824932792451662,10.607425840564073,10.747701644897461,27902400
2015-04-09,10.718538871892905,10.932106349755873,10.62791041003005,10.8934907913208,16947600
2015-04-10,10.933684557470055,11.073960328282029,10.900584857946015,11.063715934753418,10410000
2015-04-13,11.036924624260672,11.15907637063565,10.908469673891258,10.919503211975098,7802400
2015-04-14,10.883247758930226,11.012491806083304,10.761885194255697,10.977815628051758,15103200
2015-04-15,11.07159808102317,11.218966214497927,11.055047777982844,11.122822761535645,12264000
2015-04-16,11.063717421909434,11.208721740715944,11.025100950294895,11.112576484680176,9342000
2015-04-17,10.887191027117902,10.92974689551868,10.584572320156717,10.728789329528809,23473200
2015-04-20,10.904526583721978,11.082630606010257,10.887977182718393,11.02037239074707,14014800
2015-04-21,11.153557085772684,11.180351784361058,10.929745144144054,10.9833345413208,10873200
2015-04-22,11.047170884364863,11.178777888370035,10.874583584490612,11.143314361572266,10658400
2015-04-23,11.067658223925887,11.35057545676878,11.053472634697405,11.22763729095459,14616000
2015-04-24,11.311173650305655,11.35530600115205,11.222122513620056,11.308022499084473,7588800
2015-04-27,11.414408096718768,11.436474265986911,11.128338840380065,11.159073829650879,13173600
2015-04-28,11.163801415822961,11.282011931782545,10.934472726261477,11.261521339416504,18178800
2015-04-29,11.10075748916344,11.245763636230196,10.977031079631374,11.12440013885498,21693600
2015-04-30,11.021950967659963,11.092877114313204,10.663379041142303,10.790258407592773,27524400
2015-05-01,10.941565160349493,11.151192399633377,10.92186370814928,11.135430335998535,15537600
2015-05-04,11.224480688580234,11.348207042844956,11.202413624142025,11.243393898010254,9888000
2015-05-05,11.192171398529164,11.258368997159678,10.82571898887866,10.843055725097656,24255600
2015-05-06,10.956541404221017,11.009343476619403,10.518375382871332,10.713027954101562,25440000
2015-05-07,10.694111128178996,10.921075096519028,10.637369685156667,10.843055725097656,16803600
2015-05-08,11.151192200683555,11.308018282648375,11.142523381495188,11.264674186706543,17661600
2015-05-11,11.258370157001767,11.315111605869623,11.095239957053122,11.10942554473877,13219200
2015-05-12,10.951812764308816,11.111790934758186,10.794199309746551,11.003037452697754,20138400
2015-05-13,11.087358388497757,11.202415949274593,10.970723448952194,11.015643119812012,13730400
2015-05-14,11.208722246276698,11.37342892757059,11.155132848200383,11.360819816589355,14589600
2015-05-15,11.396283255062992,11.422289717437165,11.304079180736249,11.394707679748535,9471600
2015-05-18,11.356881173201204,11.549169918089698,11.35372821859246,11.500309944152832,8428800
2015-05-19,11.526313381619136,11.575962486930024,11.434898457940788,11.484546661376953,8245200
2015-05-20,11.508978105961274,11.609851002662404,11.403376679492924,11.46327018737793,10744200
2015-05-21,11.438048442057129,11.603543325463718,11.403373169022014,11.56098747253418,7018800
2015-05-22,11.490064144239293,11.570447347633142,11.464845919718668,11.480607986450195,8347800
2015-05-26,11.381308371082685,11.398646009682485,11.03140535087461,11.116517066955566,14795400
2015-05-27,11.193747814894376,11.466419690427987,11.132277843462905,11.414406776428223,9085200
2015-05-28,11.356090177751426,11.404951041701745,11.25048877086646,11.38446044921875,8480400
2015-05-29,11.368701100067204,11.37658168218264,11.121247394518221,11.160651206970215,13515000
2015-06-01,11.289893897303333,11.359245367386803,11.088149003480142,11.233153343200684,11705400
2015-06-02,11.148039292749143,11.335600361869279,11.032981731229723,11.201628684997559,11564400
2015-06-03,11.300925888991236,11.412831406538478,11.201629481951066,11.288317680358887,15142200
2015-06-04,11.155919256617086,11.267824750967742,10.946292048749685,11.0266752243042,18891600
2015-06-05,10.979392207425507,11.07396097930457,10.824930842022665,10.955750465393066,13762200
2015-06-08,10.925804555671041,10.952599253529268,10.731939370137257,10.750852584838867,12429000
2015-06-09,10.747700424856115,10.835964196952316,10.62318489697728,10.733515739440918,12243600
2015-06-10,10.886401404003959,11.195324151543453,10.87379139198735,11.12912654876709,18868200
2015-06-11,11.212662855085403,11.304078686823242,11.165379363970867,11.230000495910645,11053200
2015-06-12,11.066082859036554,11.100757241351966,10.922654094317606,10.9652099609375,15086400
2015-06-15,10.75557985222407,10.881671843566481,10.624760234166901,10.820201873779297,19312200
2015-06-16,10.799712005719849,11.021947434494113,10.769765259732594,11.01091480255127,9987000
2015-06-17,11.06923315249437,11.171681609673179,10.867487388358,11.064504623413086,16120800
2015-06-18,11.159071756858328,11.491637103653481,11.155919705226868,11.390764236450195,14883600
2015-06-19,11.360818956505499,11.370275112619467,11.190595520208415,11.193748474121094,10892400
2015-06-22,11.427016469936612,11.534194355268134,11.386037088136918,11.422287940979004,12500400
2015-06-23,11.458540440178233,11.50897688317009,11.371852240114263,11.44750690460205,7566600
2015-06-24,11.40099933701054,11.465634704183183,11.196059226989746,11.196059226989746,9885000
2015-06-25,11.300105834892156,11.31744705327362,11.082554008035403,11.08570671081543,8954400
2015-06-26,11.162957251693651,11.207097810475702,10.986392310381973,11.087286949157715,9890400
2015-06-29,10.808249798454796,10.93121423633153,10.377874716916699,10.395215034484863,32073000
2015-06-30,10.66794499264653,10.677404005283051,10.368417410352835,10.467734336853027,49588800
2015-07-01,10.753072509780928,10.783025443429544,10.565473601420692,10.701048851013184,23600400
2015-07-02,10.792487132848008,10.82244007393001,10.597005065384788,10.667945861816406,13642200
2015-07-06,10.42989915842512,10.72312223488782,10.39521671356484,10.5812406539917,17383200
2015-07-07,10.620649688053659,10.798790482800232,10.183969212818152,10.770414352416992,30744600
2015-07-08,10.532367725881059,10.58596728390241,10.19500325486878,10.237567901611328,31335000
2015-07-09,10.617497701028856,10.656909647373626,10.280133208357164,10.288016319274902,20211600
2015-07-10,10.644299332886197,10.751499381057558,10.529217976214484,10.67898178100586,20992200
2015-07-13,10.91072089033724,11.051026566858361,10.902838680721377,11.027379035949707,16374000
2015-07-14,11.01792199215853,11.230745298056224,11.01792199215853,11.181875228881836,13250400
2015-07-15,11.183449641253501,11.267003051522929,11.07309779954241,11.16137981414795,12015600
2015-07-16,11.361594874227622,11.427806180056733,11.317453402300623,11.415193557739258,15892800
2015-07-17,11.4293786648599,11.467213814318576,11.350555662336271,11.451449394226074,10082400
2015-07-20,11.505047783179126,11.563377755245828,11.41045946820812,11.475095748901367,12264600
2015-07-21,11.438838818999635,11.495591097819299,11.276463291312098,11.330062866210938,12259200
2015-07-22,11.19921425689404,11.334789522798403,11.196061553515113,11.262272834777832,9341400
2015-07-23,11.301685132571675,11.314297751604931,11.013192445107745,11.076251029968262,11194800
2015-07-24,11.093589278387876,11.10935369485988,10.67582592745341,10.740460395812988,19510800
2015-07-27,10.578085831533212,10.664791031648432,10.469309003161152,10.54813289642334,18014400
2015-07-28,10.707354856326091,10.961165932867283,10.549707984010945,10.93278980255127,17365800
2015-07-29,10.956434859728953,11.200787792574605,10.93121233799338,11.158223152160645,14928000
2015-07-30,11.06679281206584,11.19763949781267,10.94540514024317,11.159804344177246,11894400
2015-07-31,11.263848018442388,11.267001623681628,11.06206058205893,11.114084243774414,10776000
2015-08-03,11.104625394062742,11.115661208438965,10.822438159123877,10.992696762084961,12441000
2015-08-04,10.984812557787142,11.071518653281794,10.847660509542308,10.93278980255127,8932800
2015-08-05,11.107779519734136,11.237050291151794,10.99112136695046,11.039992332458496,11898000
2015-08-06,11.071522073029216,11.09832140913726,10.661640800055341,10.79879379272461,14691000
2015-08-07,10.746768782939927,10.770416314284205,10.54340452368457,10.705780029296875,18990600
2015-08-10,10.913870922810501,11.126694138598644,10.913870922810501,11.106200218200684,13328400
2015-08-11,10.853967780718472,10.935944378092428,10.66794385951669,10.808250427246094,23100000
2015-08-12,10.567053847906303,10.882346802149012,10.299054160254071,10.838205337524414,30555600
2015-08-13,10.82874287314597,10.945401905591996,10.707355237196506,10.806673049926758,19729800
2015-08-14,10.771991488197068,10.935944687584932,10.745191255168834,10.92017936706543,10882200
2015-08-17,10.8098286005487,11.10462760925293,10.726276085043414,11.10462760925293,15495000
2015-08-18,11.052605323684336,11.118816617812456,10.96589919845825,11.008463859558105,11087400
2015-08-19,10.863426427992229,11.011615212062646,10.597003600916091,10.753073692321777,37899000
2015-08-20,10.470888452556533,10.565476787556413,10.064160777003964,10.07361888885498,34270200
2015-08-21,9.742558872635685,9.912816566476966,9.118278557075392,9.129313468933105,50050800
2015-08-24,7.678963146065205,8.883383916642927,6.778802074789184,8.07780933380127,51130200
2015-08-25,8.829786374675006,8.829786374675006,7.686848790077343,7.699460506439209,40186200
2015-08-26,8.301668211807625,8.640608572127508,7.850799233696581,8.607502937316895,46369200
2015-08-27,8.949597534503829,9.26331361981796,8.7052445314641,9.250701904296875,48832800
2015-08-28,9.138773834877258,9.321643270259464,9.055220425057616,9.252279281616211,37047600
2015-08-31,9.080444007472453,9.222325578626917,8.927525719616726,9.01738452911377,19827000
2015-09-01,8.405716048819858,8.616961584243063,8.071504270822382,8.216540336608887,43674600
2015-09-02,8.57597268592393,8.680019991411992,8.292209603474983,8.673713684082031,22163400
2015-09-03,8.791951752287694,9.02684487084154,8.615386810582995,8.687905311584473,26616000
2015-09-04,8.326894463412868,8.467200160406678,8.167671640992912,8.301671028137207,29755800
2015-09-08,8.735196159296512,8.948019390603676,8.635879252727111,8.92752456665039,27992400
2015-09-09,9.178181990742667,9.203405415398606,8.505031732479672,8.564937591552734,28913400
2015-09-10,8.530256346483041,8.884961143435401,8.495573907230252,8.703667640686035,23130600
2015-09-11,8.632726340883332,8.826631546020508,8.530255831840808,8.826631546020508,20170200
2015-09-14,8.845550354222796,8.858161166609666,8.648491526671908,8.717856407165527,16075800
2015-09-15,8.804561551790226,9.12143121362418,8.736773474290679,9.061525344848633,24159600
2015-09-16,9.099360025474425,9.318489566344502,9.048913170556084,9.28222942352295,22468800
2015-09-17,9.263314759419098,9.657431594484287,9.163996923684005,9.234938621520996,38282400
2015-09-18,8.820326344834413,9.067832039200143,8.70682091066569,8.773032188415527,33153000
2015-09-21,8.907032535993686,9.07098483140138,8.73992663528239,8.908608436584473,20271600
2015-09-22,8.568093730780097,8.635881824490328,8.383646574698604,8.56651782989502,29486400
2015-09-23,8.591739948518184,8.662680742640678,8.429364433265464,8.511340141296387,27396000
2015-09-24,8.32374275762941,8.4987300225643,8.120378448060773,8.437248229980469,44989200
2015-09-25,8.659526568093167,8.702091217749052,8.284327832141392,8.41517448425293,41337000
2015-09-28,8.281176355436468,8.29536487477674,7.738872545751041,7.778283596038818,46170600
2015-09-29,7.8192708300932035,7.998987529802987,7.652164942373355,7.795623302459717,39954000
2015-09-30,8.071504376453522,8.255951487576395,7.961152552765335,8.23861026763916,46038000
2015-10-01,8.293787055762289,8.34265711295588,8.000564006417715,8.304821968078613,33767400
2015-10-02,7.991105111286778,8.670562730471257,7.910705314491792,8.651644706726074,45420000
2015-10-05,8.86131793186949,9.165576020673093,8.848706211640241,9.127740859985352,32548800
2015-10-06,9.107242245548028,9.201830549672415,8.927524648123876,9.033148765563965,24195600
2015-10-07,9.192369864846606,9.316911079195107,8.996888788414893,9.266464233398438,24980400
2015-10-08,9.197102671704698,9.55496112738565,9.143503104315494,9.50609016418457,27081000
2015-10-09,9.536042487831244,9.606983272875347,9.420960248679998,9.523429870605469,19690800
2015-10-12,9.536042658610988,9.584912717476726,9.466677772932094,9.56441879272461,12087000
2015-10-13,9.425692348297165,9.641667466135392,9.343715726138216,9.373668670654297,17701800
2015-10-14,9.351597919813473,9.457220263690562,9.187644691621172,9.230209350585938,13084800
2015-10-15,9.34213557813686,9.660581103392254,9.2853824190483,9.651122093200684,20719200
2015-10-16,9.73783142425338,9.79300779932087,9.600678437009256,9.781972885131836,15670800
2015-10-19,9.679502860948627,9.805620952473978,9.627480084083013,9.802467346191406,9993600
2015-10-20,9.728370304513064,9.874981371291426,9.688958358838054,9.759899139404297,10748400
2015-10-21,9.843452664285088,9.865523390232271,9.556535933154635,9.589641571044922,17344800
2015-10-22,9.752017345419777,10.105145330096683,9.726793015881935,10.064157485961914,28792200
2015-10-23,10.374721255803975,10.466155958698048,10.228109288189154,10.398367881774902,21012000
2015-10-26,10.381030968619458,10.38260777169238,10.26279599586553,10.332159996032715,11905800
2015-10-27,10.21550094430449,10.327429597163622,10.150865554814436,10.256488800048828,13701000
2015-10-28,10.325853666352657,10.619076769521222,10.209194605021407,10.611193656921387,26181000
2015-10-29,10.516602917516877,10.661638083979375,10.503991203131486,10.609615325927734,10412400
2015-10-30,10.63641502342969,10.688438685343298,10.428321277836252,10.445662498474121,11020200
2015-11-02,10.513450580118755,10.8650026946275,10.49611026153905,10.819284439086914,11697600
2015-11-03,10.768836992451634,11.02737665955661,10.72627234804978,10.9122953414917,14612400
2015-11-04,10.976933510351387,10.999004241201867,10.729428670421607,10.833475112915039,14904600
2015-11-05,10.831897040057829,10.920179043696532,10.631685503731932,10.789332389831543,13459200
2015-11-06,10.719967349786197,10.81770926566848,10.532368433084548,10.767261505126953,14458200
2015-11-09,10.664791464213652,10.685286290694565,10.299051723814893,10.47088623046875,18955200
2015-11-10,10.385756349803424,10.549708638104725,10.336886294448018,10.52606201171875,9774000
2015-11-11,10.593849187615781,10.598578692902388,10.404673486456034,10.412555694580078,13543200
2015-11-12,10.23126215975617,10.311661945178292,9.980604695016115,9.98218059539795,18699600
2015-11-13,9.911243084028742,9.953806841327708,9.627478988981423,9.644820213317871,25027200
2015-11-16,9.613287919313759,10.086227651627581,9.592794898610052,10.081498146057129,20134800
2015-11-17,10.1461365670754,10.291170859641822,9.97430113590155,10.046818733215332,31225800
2015-11-18,10.15086714666653,10.562325277754802,10.136679526255383,10.529219627380371,22347600
2015-11-19,10.51502742519084,10.587544109176154,10.45985105985523,10.513450622558594,13675800
2015-11-20,10.653756794288961,10.748344209308472,10.55759257656239,10.628533363342285,12726600
2015-11-23,10.639566423719053,10.727849318723072,10.507142983273914,10.582813262939453,8896800
2015-11-24,10.407827661388144,10.701049814144195,10.332157370221354,10.633262634277344,17761200
2015-11-25,10.655335602059115,10.686864445644863,10.578088491976088,10.62065315246582,6378600
2015-11-27,10.634838926926859,10.696321604554488,10.55601592957101,10.650604248046875,5517000
2015-11-30,10.699475912845799,10.712086727272501,10.50714565779958,10.530793190002441,10020600
2015-12-01,10.639568203816658,10.84923876143968,10.593850848294071,10.828743934631348,17682600
2015-12-02,10.808250995560245,10.87603817698985,10.447239850492602,10.485074996948242,16200600
2015-12-03,10.546557447820428,10.585969399511367,9.923853843057989,10.048394203186035,27195000
2015-12-04,10.122486947324683,10.69159089042633,10.09884032140798,10.636414527893066,21777600
2015-12-07,10.579661645568825,10.579661645568825,10.269097411422019,10.442508697509766,14157000
2015-12-08,10.15874841702519,10.395218357284033,10.054701968053344,10.231266021728516,16993800
2015-12-09,10.117757522739353,10.488226744099691,9.815076378689474,9.997945785522461,27967200
2015-12-10,10.002676804504777,10.292747180166229,9.963264852970946,10.05627727508545,14751600
2015-12-11,9.703147552121406,9.813500286054655,9.427266619349309,9.46667766571045,33998400
2015-12-14,9.49190072874817,9.63693499745234,9.211289398802748,9.630630493164062,25950600
2015-12-15,9.887594769111336,10.079924122525323,9.857642731689449,9.927006721496582,29633400
2015-12-16,10.116180683499762,10.412556420337948,9.900205640076926,10.360532760620117,25970400
2015-12-17,10.43147351135082,10.43147351135082,9.887592995867504,9.900205612182617,27902400
2015-12-18,9.745711026232252,9.774087156595693,9.338982582092285,9.338982582092285,35304600
2015-12-21,9.562840154849395,9.616440611518966,9.370511757567014,9.594369888305664,16757400
2015-12-22,9.727238920579184,9.897863893566228,9.569251963954912,9.85204792022705,20654400
2015-12-23,10.02583397527463,10.220157502022046,10.005295841294156,10.212257385253906,15924600
2015-12-24,10.172759668557767,10.25649239502962,10.123784195793268,10.141161918640137,5529600
2015-12-28,10.032150904135655,10.096925700958778,9.904181514316837,10.095345497131348,13707600
2015-12-29,10.277030374582532,10.466614142604167,10.277030374582532,10.412898063659668,16623600
2015-12-30,10.37498396578306,10.379723674197683,10.166442219581322,10.196459770202637,9839400
2015-12-31,10.082710320072776,10.182241493049085,9.883647070113136,9.893126487731934,17173800
2016-01-04,9.378088866253435,9.46972082184176,9.115831017080113,9.466561317443848,39948000
2016-01-05,9.526591225291652,9.591365098152975,9.330687595354092,9.518692016601562,21004800
2016-01-06,9.088971819929835,9.329112203933146,8.98312165593741,9.156906127929688,33333000
2016-01-07,8.687685955339008,8.959423189571854,8.4333273492496,8.496521949768066,42508800
2016-01-08,8.660828861785971,8.730342470727376,8.171069575120521,8.213726043701172,37465800
2016-01-11,8.34801552372709,8.403310009546974,7.9451493704196565,8.227945327758789,47506200
2016-01-12,8.455443183322764,8.551814807594559,8.112612237957032,8.439643859863281,39193800
2016-01-13,8.543919942791184,8.594475633955254,7.746087602605577,7.802962303161621,45639600
2016-01-14,7.899330204555916,8.35433120777208,7.65919078619183,8.183706283569336,42621000
2016-01-15,7.534382525978775,7.780841907315977,7.370077025092997,7.648132801055908,58190400
2016-01-19,7.926190905299797,7.938829826303173,7.4617103324240235,7.692370414733887,33235800
2016-01-20,7.329002117572819,7.6181175665017875,6.828183598665904,7.4000959396362305,77036400
2016-01-21,7.4743493426759295,7.776103246232047,7.278445160777454,7.507526397705078,36904200
2016-01-22,7.886693960695976,8.005183958442043,7.780842883989397,7.9814863204956055,30559800
2016-01-25,7.899331699896292,7.929349245874942,7.588098428864174,7.6260151863098145,24511200
2016-01-26,7.709747620726371,7.9672657016275386,7.662351449712349,7.929348945617676,22411800
2016-01-27,7.855097878956261,8.095237402211344,7.532805360903388,7.670253753662109,35818200
2016-01-28,7.878795172836898,7.918291233678664,7.547022837724744,7.7903218269348145,26553600
2016-01-29,7.899332043876695,8.371712684631348,7.883533620254763,8.371712684631348,30928200
2016-02-01,8.190029725254847,8.466506713505483,8.114196192021591,8.346436500549316,19581600
2016-02-02,8.111035081544713,8.126832601165065,7.8155993164764315,7.899332046508789,30075000
2016-02-03,8.052578726094659,8.092075686418754,7.5122647204141435,8.0320405960083,41971800
2016-02-04,7.960946243252769,8.212145331115124,7.867735003764227,8.066798210144043,29848800
2016-02-05,7.986225573862225,8.005183502337838,7.517004865999534,7.6054768562316895,31919400
2016-02-08,7.3369002736703175,7.385876656569167,6.986169996940059,7.292664051055908,38031600
2016-02-09,7.052524571779911,7.475928869702527,7.039886103009666,7.2910847663879395,34233600
2016-02-10,7.423794282703681,7.643394765230813,7.262647798425705,7.2831854820251465,28575000
2016-02-11,6.934033311522346,7.140995262432298,6.790265048945328,7.019346237182617,46382400
2016-02-12,7.234209079789452,7.431692089051474,7.1236178533171,7.430111885070801,23455800
2016-02-16,7.693949352181169,7.807699622484456,7.551761740303756,7.798221111297607,23129400
2016-02-17,7.975166526523527,8.243744280610269,7.957788800841984,8.18528938293457,27612000
2016-02-18,8.227947702815595,8.239006422370371,8.03994314233428,8.084178924560547,19948200
2016-02-19,7.97516456912678,8.096814947088815,7.880372231183562,8.082595825195312,18609600
2016-02-22,8.310098787454086,8.447546708403364,8.30535907928247,8.422268867492676,24832200
2016-02-23,8.32905556896908,8.366972325112819,8.090495413227153,8.115774154663086,23455200
2016-02-24,7.885114231885087,8.256383576808297,7.725547957143624,8.223206520080566,35068200
2016-02-25,8.284819024576263,8.515479068543236,8.169488550589382,8.512319564819336,26075400
2016-02-26,8.652926433470157,8.663986050669463,8.433325141165481,8.461763381958008,27987600
2016-02-29,8.474403843360243,8.60395345594087,8.231104850769043,8.231104850769043,20931600
2016-03-01,8.44438571212061,8.847251838578794,8.373291902511951,8.842512130737305,30523200
2016-03-02,8.793537890009484,8.967323284547689,8.724023370591418,8.964163780212402,21021000
2016-03-03,8.926245072598167,9.06527227314907,8.839351942245395,9.055793762207031,20291400
2016-03-04,9.100029490402637,9.275394128828482,8.964160903510537,9.152164459228516,22708800
2016-03-07,9.00997707934115,9.239057799695603,8.989438047248568,9.171123504638672,25848000
2016-03-08,8.99891817709029,9.081071599973857,8.847251153926873,8.866209983825684,21778200
2016-03-09,9.005238498576869,9.055794175267463,8.874109599159787,9.003658294677734,18790800
2016-03-10,9.079492006443402,9.231159039801431,8.731922173668002,9.019457817077637,33756000
2016-03-11,9.251699565290565,9.46814053067474,9.240639943988983,9.460241317749023,22140600
2016-03-14,9.373347771061264,9.499736968350913,9.322792092145404,9.425482749938965,11877600
2016-03-15,9.267497221172807,9.382826805114746,9.223260547655729,9.382826805114746,25102800
2016-03-16,9.292775818797848,9.60558935097717,9.29119651861949,9.551874160766602,20834400
2016-03-17,9.528174489678628,9.806230702527369,9.460239284304548,9.728816986083984,19617000
2016-03-18,9.795175067892389,9.89312785817953,9.7556789956879,9.842571258544922,14838000
2016-03-21,9.78884793087999,9.915237065015727,9.755670896170159,9.878900527954102,11763000
2016-03-22,9.744616821382088,9.956318967405855,9.719338980185427,9.869426727294922,15894000
2016-03-23,9.795170549942998,9.823607889615149,9.634024118456264,9.675101280212402,13733400
2016-03-24,9.482357821669149,9.656144088438111,9.453920479837317,9.65140438079834,16060800
2016-03-28,9.724076748759257,9.754094292193589,9.594528064469035,9.675101280212402,10707000
2016-03-29,9.594527074976687,9.949996948242188,9.547130911073294,9.949996948242188,16122600
2016-03-30,10.1000849647769,10.1869780930869,10.005293529537598,10.068488121032715,13333800
2016-03-31,10.054271180550916,10.12220549414961,9.961059024869312,10.000555992126465,10259400
2016-04-01,9.814129789281774,10.22489509596558,9.768313822337495,10.186978340148926,13294800
2016-04-04,10.190140692123101,10.212258127859956,10.04163313099569,10.093768119812012,11840400
2016-04-05,9.874165732546622,9.945259542849971,9.749355835519404,9.798332214355469,18869400
2016-04-06,9.810972203945955,10.120626222331195,9.763576023906193,10.103246688842773,18009600
2016-04-07,9.918401006178957,9.981595601528491,9.62296615991904,9.750935554504395,25401600
2016-04-08,9.945260766742535,10.017933885947288,9.73671811404958,9.828350067138672,16250400
2016-04-11,9.942100569351751,10.049532758299643,9.741458029191818,9.752516746520996,22318800
2016-04-12,9.788849499908533,10.074804848724858,9.713016007271943,10.03372859954834,20617800
2016-04-13,10.175919193377013,10.344964850568328,10.16328117819201,10.327587127685547,16702800
2016-04-14,10.344964873790863,10.420798389111956,10.27229176627992,10.335485458374023,8860800
2016-04-15,10.330748184632197,10.351287224210036,10.237536924428356,10.288092613220215,6424800
2016-04-18,10.196459125097597,10.51875204484571,10.18065979671279,10.514012336730957,10927200
2016-04-19,10.588265669793108,10.656199979524462,10.468195474731115,10.613543510437012,11847600
2016-04-20,10.62144011666503,10.765207913054642,10.536127199421669,10.638818740844727,8164200
2016-04-21,10.641983245765921,10.664100681413798,10.422380957487576,10.471357345581055,12381000
2016-04-22,10.408160920524285,10.515592200872424,10.310209960921108,10.477675437927246,11014200
2016-04-25,10.367083022848334,10.417637790408918,10.256491361286471,10.416057586669922,12382200
2016-04-26,10.474513973055608,10.548767280921853,10.3765621277802,10.472933769226074,9404400
2016-04-27,10.393941308974403,10.594584717722563,10.330745808512816,10.528229713439941,12157200
2016-04-28,10.390781835584303,10.585105333252683,10.16486058759259,10.25017261505127,15198000
2016-04-29,10.126946007185753,10.19014061741421,9.88048657529126,10.081130027770996,22363800
2016-05-02,10.163280007069046,10.341804155077632,10.085866296937098,10.30546760559082,11390400
2016-05-03,10.093764777886872,10.133261735494887,9.91050091956073,10.040050506591797,16645200
2016-05-04,9.866262415800708,9.994231775233528,9.785689215862254,9.863102912902832,16798200
2016-05-05,9.949999943584379,10.011615246409416,9.79201298434831,9.87100601196289,15436800
2016-05-06,9.736714841936754,9.978434468688237,9.708277504673829,9.967375755310059,15111600
2016-05-09,9.940519996295889,10.068489399322958,9.919981864453309,10.005294799804688,13408200
2016-05-10,10.1111457013136,10.37024310308941,10.104825789461904,10.367084503173828,10549200
2016-05-11,10.284932046726368,10.348126651191182,10.076389399989019,10.082709312438965,15173400
2016-05-12,10.199620034950232,10.218577966015262,9.910504128150654,10.081130027770996,16370400
2016-05-13,10.03531038274425,10.125363008428783,9.765153409697335,9.814128875732422,14529600
2016-05-16,9.847306937632055,10.190137947292047,9.839407726424204,10.104825019836426,13929600
2016-05-17,10.063749825135849,10.107985593383235,9.735137903272602,9.82992935180664,15764400
2016-05-18,9.765158414619837,10.030575816664015,9.651408099458044,9.842571258544922,18151800
2016-05-19,9.711439368625884,9.779373677050351,9.526595275474135,9.738296508789062,19117800
2016-05-20,9.840991719005933,10.000558016453072,9.825192386500785,9.915245056152344,11681400
2016-05-23,9.91524167418464,9.964218051433244,9.83940815845146,9.866265296936035,8984400
2016-05-24,10.01319366864111,10.310209659025073,10.006875564345654,10.25649356842041,15366000
2016-05-25,10.37340257392684,10.536129229505171,10.36550426614939,10.461875915527344,12418800
2016-05-26,10.49347189897617,10.529808450994524,10.420797890932688,10.472933769226074,6744600
2016-05-27,10.501371458639067,10.60406391881132,10.495052451124748,10.600903511047363,6379800
2016-05-31,10.659359813686322,10.676738442668023,10.447657665736223,10.550349235534668,9752400
2016-06-01,10.436599511756793,10.641982662425988,10.40342245609656,10.608804702758789,7132200
2016-06-02,10.539287441906808,10.711493492126465,10.453974518679955,10.711493492126465,6678000
2016-06-03,10.604065051360383,10.673578661476157,10.39394220894852,10.61828327178955,15911400
2016-06-06,10.676737818573011,10.833144566258847,10.64829957062514,10.774689674377441,9647400
2016-06-07,10.799965970907621,10.921615445276869,10.796806467367226,10.814184188842773,7557000
2016-06-08,10.844202833616157,10.950054801031653,10.82524490644205,10.921616554260254,6874800
2016-06-09,10.793650503228982,10.905820599752584,10.747833618838872,10.880542755126953,8671200
2016-06-10,10.624601726025844,10.690955828587397,10.476095097246528,10.567726135253906,16023000
2016-06-13,10.455553693436329,10.615119905837714,10.311785901112712,10.332324028015137,14246400
2016-06-14,10.26281369295756,10.36708546816506,10.098506817601546,10.275452613830566,21280800
2016-06-15,10.333907915614327,10.438179694915918,10.186980567697587,10.220157623291016,19802400
2016-06-16,10.060590420329895,10.340226893802681,9.897864647183196,10.313369750976562,18682800
2016-06-17,10.299150439162982,10.299150439162982,10.081129276131998,10.196459770202637,16877400
2016-06-20,10.537711606299151,10.651461906660147,10.37656512145265,10.392363548278809,14733000
2016-06-21,10.45871187957538,10.550344693301636,10.381299088539002,10.47925090789795,8449800
2016-06-22,10.478148563977646,10.634751292176974,10.40222002334401,10.421201705932617,11016600
2016-06-23,10.671132037611372,10.835644760119024,10.6015313366792,10.834062576293945,14197200
2016-06-24,9.714112409324326,10.231375934658772,9.590728357808482,9.657166481018066,35744400
2016-06-27,9.432545766630986,9.432545766630986,9.016521057525239,9.135159492492676,25602600
2016-06-28,9.410403015577332,9.638188651337048,9.355038338187722,9.630279541015625,24363600
2016-06-29,9.867554697193588,10.16494189853996,9.854899941926497,10.134886741638184,22503000
2016-06-30,10.202905524430754,10.550911725019077,10.111157875643999,10.528765678405762,26167800
2016-07-01,10.522441838897535,10.694862806008713,10.520859654697178,10.603116035461426,16023000
2016-07-05,10.460746480838223,10.478146881748977,10.274088622129542,10.387981414794922,15690000
2016-07-06,10.289905441387576,10.587291658662771,10.176012674212963,10.561982154846191,18541200
2016-07-07,10.599948144903502,10.71384093071292,10.41170901889577,10.539837837219238,18273000
2016-07-08,10.773953733531819,11.057103103597562,10.735989465992668,11.006484985351562,18518400
2016-07-11,11.101394791938315,11.234270175991414,11.061848341950482,11.125123023986816,15792000
2016-07-12,11.308614519319171,11.427252943107723,11.264322430774943,11.368724822998047,13656000
2016-07-13,11.45098017878332,11.45414364075834,11.276978003345898,11.370306015014648,12838200
2016-07-14,11.602838605407252,11.643966328219694,11.482617993937808,11.545891761779785,16438800
2016-07-15,11.658203598691546,11.66453142871762,11.427254547820077,11.511092185974121,12362400
2016-07-18,11.536400343959382,11.63289363085845,11.485782235379597,11.60442066192627,7620600
2016-07-19,11.51900226714763,11.57278384441665,11.477873634586336,11.56329345703125,11598600
2016-07-20,11.655039694230979,11.753114267369607,11.572783337848422,11.711986541748047,8413200
2016-07-21,11.683513627306139,11.729386094065777,11.492109221014502,11.575947761535645,11518200
2016-07-22,11.60125648522589,11.738876591607509,11.54905528704353,11.732549667358398,9779400
2016-07-25,11.69300446460512,11.699332294665622,11.52374790872423,11.643967628479004,12078000
2016-07-26,11.618658858878241,11.716733442519441,11.493692579760404,11.648713111877441,10596000
2016-07-27,11.724639739527321,11.732548846855282,11.46996250095396,11.620237350463867,13123800
2016-07-28,11.575948620925098,11.705659637835524,11.490528795462827,11.658204078674316,10542000
2016-07-29,11.609168575451799,11.773680415002955,11.550640437984704,11.700915336608887,11108400
2016-08-01,11.718314807391605,11.791078969231743,11.590185074567051,11.672440528869629,12450000
2016-08-02,11.624984411068077,11.658203027945145,11.292796432018536,11.447818756103516,20812800
2016-08-03,11.430418522895042,11.560130445421896,11.38296296355935,11.550639152526855,14200800
2016-08-04,11.571199637891295,11.643964686937773,11.493688943783173,11.591763496398926,7901400
2016-08-05,11.71515090501168,11.876499262722342,11.691422672913344,11.874917984008789,10390800
2016-08-08,11.911298968591126,11.927117185105823,11.79898836414158,11.851188659667969,6884400
2016-08-09,11.865427055422623,11.9619194552127,11.805315833974673,11.863844871520996,9246000
2016-08-10,11.889151669868282,11.90180642277475,11.71198512917773,11.778422355651855,8800800
2016-08-11,11.882828272171508,11.990393251226347,11.829044877504495,11.947683334350586,10276200
2016-08-12,11.878081999599116,11.952428351643166,11.835372084973114,11.912882804870605,8682600
2016-08-15,11.979315125140511,12.078971853364424,11.977732941863925,12.023606300354004,9397200
2016-08-16,11.927118092276434,11.941355031306168,11.82588005065918,11.82588005065918,9849600
2016-08-17,11.83062535256623,11.916045173978754,11.672440464574912,11.889153480529785,15963000
2016-08-18,11.889154299950135,11.979319773782095,11.86542697242887,11.972991943359375,8397000
2016-08-19,11.878078985369454,11.952425318547077,11.786331348832366,11.917625427246094,8758800
2016-08-22,11.87333626648745,11.957173911202162,11.800571193760508,11.914463996887207,9934800
2016-08-23,12.031518737739269,12.090045953687284,11.974571895108173,11.982481002807617,11042400
2016-08-24,11.955592426465236,11.976155386171332,11.721478993723702,11.813225746154785,16170600
2016-08-25,11.72622359473955,11.854353333943317,11.696168437205102,11.764188766479492,15763200
2016-08-26,11.810060335440506,12.003046021448364,11.541147027167526,11.708823204040527,22102200
2016-08-29,11.73096715337293,11.928697560249738,11.727803691337462,11.876497268676758,7843200
2016-08-30,11.862262585006686,11.917628159410354,11.716733347199401,11.813225746154785,13450200
2016-08-31,11.757859875240015,11.776841554257771,11.572783300265167,11.713568687438965,16126800
2016-09-01,11.723061561584473,11.773679680842719,11.498438509394797,11.723061561584473,13313400
2016-09-02,11.873335838317871,11.958755663867418,11.768933427028644,11.873335838317871,15059400
2016-09-06,11.92711428455248,11.991970223685623,11.79423984991966,11.987224578857422,15970800
2016-09-07,11.952427714974796,12.0141193077376,11.86384442772745,11.984065055847168,14734200
2016-09-08,11.91604501086897,11.966663124371541,11.83853429914608,11.893898963928223,12013800
2016-09-09,11.658200925189911,11.658200925189911,11.036535893239918,11.046027183532715,31260600
2016-09-12,10.897335371159182,11.587019919067325,10.883099338573041,11.506345748901367,26400600
2016-09-13,11.272234769291783,11.318108145730966,10.898918117056182,11.008066177368164,29531400
2016-09-14,11.017555231096523,11.239014787553497,10.900498980900373,10.992246627807617,20578800
2016-09-15,10.968517057973042,11.397196429805524,10.936878821204436,11.326013565063477,17907600
2016-09-16,11.213703728878514,11.246923248776614,11.068174516357427,11.197885513305664,16041600
2016-09-19,11.314942787622005,11.435162494506487,11.144103161091126,11.194722175598145,12209400
2016-09-20,11.360815662715883,11.387706447292143,11.199467334700971,11.208958625793457,10249200
2016-09-21,11.328095287914604,11.611297511683988,11.206271029476259,11.581236839294434,21106800
2016-09-22,11.766345532269057,11.851780113385287,11.722045315122458,11.790077209472656,18612600
2016-09-23,11.720463898277131,11.747359618395096,11.585981676465433,11.606550216674805,8874600
2016-09-26,11.445172950026965,11.478397662624767,11.283794998575768,11.320183753967285,17496600
2016-09-27,11.290120219764402,11.546425727138802,11.217341822140344,11.533768653869629,10648200
2016-09-28,11.568578541580694,11.726791529472425,11.391378582865478,11.699894905090332,10914000
2016-09-29,11.660339870342,11.734700744699378,11.28062765651282,11.383466720581055,18747000
2016-09-30,11.538519072251628,11.764764899278365,11.487891667356221,11.650850296020508,12615000
2016-10-03,11.552760037778386,11.592313749452988,11.434099808060289,11.5401029586792,13907400
2016-10-04,11.579654490417433,11.612879206232375,11.266391590868531,11.380305290222168,18527400
2016-10-05,11.483145766477502,11.600223513775155,11.476816774709865,11.530609130859375,13585800
2016-10-06,11.479979550247563,11.584400207784785,11.378722935591941,11.549593925476074,8544000
2016-10-07,11.595474433202586,11.628699143048138,11.288540580305417,11.424603462219238,17583000
2016-10-10,11.600221385179703,11.688820011223955,11.574906328060015,11.597057342529297,9625200
2016-10-11,11.519534312055482,11.535355433221037,11.02907140817259,11.174628257751465,27124200
2016-10-12,11.190446082487849,11.304359750873829,11.0971000466195,11.215760231018066,14817600
2016-10-13,10.9673653924399,11.188864647371862,10.81231645717075,11.101846694946289,18209400
2016-10-14,11.285379075361801,11.3581575076245,11.100268498555312,11.112926483154297,20566200
2016-10-17,11.10817679454199,11.154058580720374,10.962619971564283,11.005337715148926,13486200
2016-10-18,11.283795062289638,11.288541579159771,11.131910143667488,11.193613052368164,10405200
2016-10-19,11.24265847548552,11.34391508421636,11.18253713772521,11.286958694458008,9282000
2016-10-20,11.223671584953054,11.326511565442596,11.103429823562873,11.22525405883789,13710600
2016-10-21,11.079700567496154,11.255317184248709,11.051222368485993,11.231585502624512,10195800
2016-10-24,11.39137934657403,11.448336641641317,11.320183406719043,11.37397575378418,10303800
2016-10-25,11.351825803909689,11.394543549484416,11.237912117478917,11.2774658203125,14310600
2016-10-26,11.119252250094709,11.302780314206412,11.071787986322049,11.206270217895508,12810600
2016-10-27,11.331259197509828,11.33283986093945,11.095519451950452,11.11134147644043,13881600
2016-10-28,11.097100705563815,11.225253929597274,10.8835129041468,11.003755569458008,22219800
2016-10-31,11.065460170616781,11.106595444414097,10.978442200692973,10.995845794677734,9598200
2016-11-01,11.063877598735768,11.073370632699122,10.55126553368677,10.774347305297852,19231800
2016-11-02,10.711061209962855,10.77909311242456,10.494309330804512,10.568669319152832,14668200
2016-11-03,10.609805813206348,10.64461209722582,10.378813470690563,10.42785930633545,14239200
2016-11-04,10.44209721354684,10.590818076537985,10.364572286859698,10.378811836242676,16387200
2016-11-07,10.826557953726645,11.081281982977243,10.801243798222448,11.062295913696289,17326800
2016-11-08,11.00217505260947,11.328095018588641,10.956293260675917,11.212599754333496,17086200
2016-11-09,10.93730483613584,11.691983697822815,10.932559225324939,11.593891143798828,35916600
2016-11-10,11.736282675343057,11.889750039325218,11.394541672349108,11.66508674621582,29432400
2016-11-11,11.540102106289906,11.630284127700122,11.408784807172141,11.587566375732422,18337800
2016-11-14,11.684074441416705,11.722045669272935,11.475232235554687,11.609713554382324,13857600
2016-11-15,11.687239332845921,11.88025951385498,11.644521588551127,11.88025951385498,13950000
2016-11-16,11.763182538784028,11.85811016136985,11.742613997006655,11.820138931274414,10399800
2016-11-17,11.840707874441287,12.006831458625623,11.823304278897092,11.992592811584473,11466600
2016-11-18,12.00682971864723,12.040055335974818,11.880259861342173,11.913484573364258,11513400
2016-11-21,12.024235743352564,12.188777755633547,12.000504061840106,12.180867195129395,13868400
2016-11-22,12.248896895762014,12.290033073443043,12.114416476166868,12.25206184387207,11639400
2016-11-23,12.153966371613425,12.283701148668458,12.115995151111564,12.274209022521973,10035600
2016-11-25,12.340661908090537,12.415021896362305,12.324839882779163,12.415021896362305,4209600
2016-11-28,12.348571849404228,12.402364197912219,12.214090525481494,12.239404678344727,10170000
2016-11-29,12.24256970682413,12.392873067367042,12.180866793741624,12.309020042419434,8609400
2016-11-30,12.427680713691517,12.459322955829036,12.20301644904814,12.21092700958252,13344000
2016-12-01,12.267884685726719,12.271049634281164,12.008414127906875,12.070117950439453,12802800
2016-12-02,12.09385046449836,12.188779010935965,12.027401025175465,12.092267990112305,9079200
2016-12-05,12.253642273410042,12.378631458276963,12.218835995185039,12.29636001586914,12268200
2016-12-06,12.350154051316958,12.43558954167421,12.25680800152744,12.432425498962402,10826400
2016-12-07,12.400781487009377,12.927633075554683,12.373885765921859,12.907066345214844,18577200
2016-12-08,12.90864832849344,13.104833468389677,12.858020022108027,13.005158424377441,12175800
2016-12-09,13.058952238499344,13.244061878490221,13.049459204318897,13.237732887268066,13018800
2016-12-12,13.22982359336938,13.324751221846302,13.115908990708125,13.20134449005127,11302800
2016-12-13,13.332659174972402,13.563650567559053,13.329495132546525,13.452901840209961,14863800
2016-12-14,13.399109963271721,13.55099487891786,13.038382835959387,13.145968437194824,21188400
2016-12-15,13.182357257448624,13.46397696093893,13.15229568467372,13.280448913574219,14730000
2016-12-16,13.388035570575576,13.39119961337469,13.149133591090228,13.223493576049805,14220000
2016-12-19,13.258301047510562,13.383289341162492,13.220329817189091,13.296272277832031,9935400
2016-12-20,13.403856624482678,13.481381557168667,13.361138878333707,13.437081336975098,11544600
2016-12-21,13.426010486660822,13.45765363925727,13.337410926818848,13.337410926818848,7149000
2016-12-22,13.304181904508619,13.32791358230544,13.187104178888866,13.274120330810547,9991800
2016-12-23,13.264626243411007,13.32000105539571,13.236147147895208,13.313672065734863,6234000
2016-12-27,13.375377596398588,13.495620267750216,13.373795122452476,13.414931297302246,6229200
2016-12-28,13.46081438950458,13.470306518185907,13.062116015111247,13.095340728759766,11050800
2016-12-29,13.100087317094358,13.166536744753271,12.986173624548126,13.073190689086914,9184200
2016-12-30,13.13964188834548,13.155462103943538,12.793154270843635,12.93871021270752,17811000
2017-01-03,13.191850511758439,13.32316779442223,12.9893372865045,13.21874713897705,14394600
2017-01-04,13.282034269021855,13.482965046644878,13.282034269021855,13.454486846923828,12562200
2017-01-05,13.399108649002326,13.454483465563323,13.259880823316378,13.413348197937012,12929400
2017-01-06,13.446576818892877,13.660165588526526,13.332663110190158,13.565237045288086,11770200
2017-01-09,13.506695710049131,13.538338853802468,13.421260217751186,13.437081336975098,11510400
2017-01-10,13.43549802676894,13.601622484197755,13.346899402506793,13.414931297302246,9414000
2017-01-11,13.399110153881137,13.528845866820237,13.269375346247559,13.524099349975586,19452600
2017-01-12,13.429171105562169,13.473470421532863,13.153879459932824,13.43549919128418,17718600
2017-01-13,13.471890550134006,13.587385824209516,13.460815946072383,13.519354820251465,7945800
2017-01-17,13.386455655346904,13.476636770746905,13.304184195268945,13.394365310668945,11187000
2017-01-18,13.432336573186285,13.473471850659179,13.32158691355406,13.463979721069336,8062200
2017-01-19,13.479796342141997,13.51460352160132,13.22981981225679,13.323164939880371,12277200
2017-01-20,13.459232001903352,13.563652660513428,13.343736740441111,13.460814476013184,14299800
2017-01-23,13.389619486239335,13.470308476245735,13.20134577976152,13.35639476776123,12111000
2017-01-24,13.399109213081482,13.698133416160351,13.376960009768977,13.611115455627441,10307400
2017-01-25,13.808883203513176,13.963932154907392,13.769329502360211,13.94178295135498,14782800
2017-01-26,13.932290098311965,13.990828055861803,13.862675728231817,13.910139083862305,10736400
2017-01-27,13.937035972995604,13.963931692219633,13.815210830966619,13.861093521118164,8385000
2017-01-30,13.702879932671733,13.710789586450094,13.386453042791741,13.611115455627441,13938000
2017-01-31,13.486128896634122,13.603206634521484,13.372215201723442,13.603206634521484,10948200
2017-02-01,13.717118576900422,13.775658343670495,13.482962225736498,13.611115455627441,11392200
2017-02-02,13.532013330050386,13.685480760698605,13.460817369995715,13.630105018615723,8725200
2017-02-03,13.81204693046302,13.941782632733172,13.75192559578226,13.903810501098633,15666600
2017-02-06,13.82312190833601,13.900645926642138,13.761418102096487,13.845271110534668,7933200
2017-02-07,13.918051595905544,13.959186869336644,13.789898353325327,13.835780143737793,10952400
2017-02-08,13.7724940864271,13.910139450937704,13.715536790739797,13.891154289245605,7776000
2017-02-09,13.943367474265713,14.193345920805102,13.933875343818144,14.128478050231934,10579200
2017-02-10,14.2091649879468,14.343646322209246,14.18543240199687,14.294600486755371,7957200
2017-02-13,14.400601570935539,14.584128714497178,14.397437528361655,14.512932777404785,8113800
2017-02-14,14.489202184482167,14.704372485801878,14.414842199250957,14.699625968933105,9622200
2017-02-15,14.648999086023078,14.9685900538397,14.642670094872418,14.919544219970703,10333800
2017-02-16,14.933783395441901,14.971754627775942,14.728106113292245,14.891066551208496,10888200
2017-02-17,14.74075992995676,14.95276707490982,14.74075992995676,14.949602127075195,7430400
2017-02-21,15.042952715429578,15.25970552395269,15.039787766829404,15.207494735717773,10543200
2017-02-22,15.13629517850156,15.23280617687564,15.09832394982021,15.180595397949219,10210200
2017-02-23,15.30400429986863,15.30400429986863,15.044532857602375,15.218568801879883,9877800
2017-02-24,15.017636480902882,15.275525453346873,15.012889963678788,15.269195556640625,7814400
2017-02-27,15.253374890344423,15.373617582787356,15.193253544122959,15.33722972869873,8812200
2017-02-28,15.251789566071041,15.305580998960101,15.1252179207169,15.223310470581055,7790400
2017-03-01,15.582458900085175,15.951095684122375,15.579293952008587,15.837181091308594,11277600
2017-03-02,15.807123047221774,15.810287995642783,15.539742845205613,15.568220138549805,9867000
2017-03-03,15.533408003215857,15.612515393055805,15.444809392356913,15.5824556350708,8483400
2017-03-06,15.383109583608114,15.51442596556851,15.29925656150087,15.446395874023438,8242800
2017-03-07,15.365706548606203,15.446396436025731,15.25179375656958,15.30875015258789,7540800
2017-03-08,15.360960856733382,15.41475230412188,15.179014350401204,15.209075927734375,8508600
2017-03-09,15.229643211293391,15.335647256962806,15.05086164682368,15.26286792755127,8944200
2017-03-10,15.481200904534322,15.489113274943609,15.213820724254932,15.41317081451416,10404600
2017-03-13,15.410004467412662,15.451139736751257,15.334062013877356,15.436901092529297,5397000
2017-03-14,15.321407136389878,15.334065119848473,15.128387826189359,15.27868938446045,10797600
2017-03-15,15.392603845494811,15.750166978865236,15.338810584881513,15.640999794006348,9540000
2017-03-16,15.688460416824658,15.707446483207871,15.493857762924081,15.579293251037598,9093600
2017-03-17,15.631506524690876,15.664731240862128,15.476456642150879,15.476456642150879,6909600
2017-03-20,15.476453919086401,15.541322676406736,15.340390129902026,15.432153701782227,6405000
2017-03-21,15.565054100129046,15.591948914250775,14.808792712839013,14.845181465148926,18525000
2017-03-22,14.837273053571977,14.998651014712928,14.701209246911738,14.935364723205566,10142400
2017-03-23,14.879989544369161,15.134712636479408,14.805629561358534,14.884736061096191,9375600
2017-03-24,14.951185336277016,15.080921044713559,14.685386739339851,14.854674339294434,10599000
2017-03-27,14.473381808503916,14.862587158678345,14.421171025571299,14.800884246826172,9946800
2017-03-28,14.742343671424436,15.223313484126033,14.713865475602365,15.109399795532227,10295400
2017-03-29,15.060353046899236,15.216985387066503,15.011306309642322,15.1790132522583,7371600
2017-03-30,15.160032585501346,15.356216876786148,15.114150782743657,15.297677993774414,7879800
2017-03-31,15.228063273858158,15.349886635742665,15.190091133117676,15.190091133117676,7813800
2017-04-03,15.215402804895657,15.259703024986752,14.846765114937059,15.131548881530762,12163800
2017-04-04,15.05402417408818,15.166357200036284,14.973335197598827,15.156864166259766,6782400
2017-04-05,15.296091322671119,15.51284500734932,14.967008231657822,15.003396987915039,16408800
2017-04-06,15.049277516182352,15.243879263237847,14.946438436466334,15.126802444458008,7620000
2017-04-07,15.085666359176038,15.239132828171051,14.978079863412333,15.082501411437988,8151000
2017-04-10,15.115730446819532,15.286600556060304,14.99865269555218,15.106237411499023,9967200
2017-04-11,15.022382832449503,15.077757659045744,14.724941967233379,15.052443504333496,12255600
2017-04-12,14.99390330047087,15.030292055142029,14.802464683005336,14.86258602142334,8351400
2017-04-13,14.781897987967568,14.940110998255687,14.571474195419366,14.579383850097656,12218400
2017-04-17,14.675893353973446,14.948020935058594,14.633175610184246,14.948020935058594,6784200
2017-04-18,14.78981056381774,14.92271034345525,14.663239776213292,14.805632591247559,8773800
2017-04-19,14.941693046047407,15.017635506092192,14.680640952806646,14.729687690734863,8900400
2017-04-20,14.859422648481,15.180597010325661,14.792973217557222,15.07301139831543,11680200
2017-04-21,15.061933986487183,15.076173535589577,14.851510224260357,14.94643783569336,8880000
2017-04-24,15.436901708085468,15.476454505063057,15.324569591935937,15.421080589294434,11308800
2017-04-25,15.569802338932218,15.775480528011192,15.552398744145192,15.691627502441406,11515200
2017-04-26,15.688461623263159,15.88781171439498,15.65681938393182,15.669475555419922,10188600
2017-04-27,15.745422155430788,15.770736315672812,15.580881019163419,15.707451820373535,7878000
2017-04-28,15.759658906585152,15.765986992503557,15.569801844143944,15.610937118530273,7252800
2017-05-01,15.70586415299205,15.808703234462943,15.622011138078143,15.709027290344238,7725000
2017-05-02,15.7517449823687,15.770731048862501,15.64099715258043,15.735925674438477,8122200
2017-05-03,15.637833652311603,15.718521726463575,15.51917344165673,15.685297012329102,10046400
2017-05-04,15.73908850413012,15.754909622362046,15.533410345893213,15.715356826782227,10213200
2017-05-05,15.800792825590523,15.91312313079834,15.709027439895126,15.91312313079834,10150800
2017-05-08,15.911537855971314,15.947925694293335,15.802370719784342,15.90362548828125,7222800
2017-05-09,15.954264978951386,15.998563400426582,15.773900912277156,15.860917091369629,8028000
2017-05-10,15.834013103535222,15.93368721008301,15.791295370641816,15.933687210083008,5956200
2017-05-11,15.8276878984077,15.870405643956598,15.587204354726978,15.846673965454102,10720800
2017-05-12,15.777058759165712,15.797625486175749,15.696368893050538,15.767565727233887,6540000
2017-05-15,15.845093712501342,16.03653143011379,15.845093712501342,16.001724243164062,9602400
2017-05-16,16.080833553408404,16.083996691298314,15.87832030400348,15.9669189453125,8385000
2017-05-17,15.569800094664334,15.674221648334925,15.099905819063075,15.126802444458008,20311200
2017-05-18,15.087249728729995,15.474872584813994,15.039785465352939,15.283434867858887,12619200
2017-05-19,15.405255116450213,15.735923324910528,15.39101647401131,15.580873489379883,11126400
2017-05-22,15.694789660779286,15.860913227369425,15.68687910097076,15.830853462219238,6535200
2017-05-23,15.908376673519575,15.966915534005745,15.824523662266119,15.930527687072754,6498600
2017-05-24,15.982741662791009,16.058685949513677,15.902053574065352,16.020713806152344,7976400
2017-05-25,16.136206220616575,16.329228230700824,16.102981506388055,16.24695587158203,9667200
2017-05-26,16.21214599770868,16.289670921603726,16.202652965128593,16.254863739013672,4870800
2017-05-30,16.17892139372425,16.26435687688733,16.14094926315806,16.21531105041504,5204400
2017-05-31,16.27543540790159,16.284928442307248,16.030204419357517,16.188417434692383,9534600
2017-06-01,16.284930520558973,16.572877484758973,16.231137255598984,16.566551208496094,7765200
2017-06-02,16.58711819261059,16.77697347597058,16.51908627850883,16.726346969604492,7753200
2017-06-05,16.701024353006467,16.764310629344294,16.65672595124178,16.70418930053711,5758800
2017-06-06,16.5649676448804,16.694701565023923,16.52383236698529,16.553892135620117,6904200
2017-06-07,16.62349879003989,16.678872689374774,16.462120891409306,16.628244400024414,7147200
2017-06-08,16.644067733801197,16.764310389696682,16.52699002539111,16.648815155029297,9801600
2017-06-09,16.7200139740136,16.903542947010063,16.278597851338663,16.579204559326172,16343400
2017-06-12,16.509589352040557,16.576038776087415,16.367197470424284,16.55705451965332,11938800
2017-06-13,16.689957226599354,16.81494554409109,16.609269138918435,16.79595947265625,7860600
2017-06-14,16.86714909131075,16.86714909131075,16.533319563239573,16.73741340637207,13293000
2017-06-15,16.417825686874828,16.664639125296286,16.343465703728942,16.63141441345215,9075000
2017-06-16,16.674132158767613,16.674132158767613,16.436811753817477,16.63141441345215,7507800
2017-06-19,16.83867451716075,17.0712493282659,16.816525311126938,17.052263259887695,8482200
2017-06-20,16.968413044337193,16.974741131306523,16.710524036264008,16.726346969604492,8854200
2017-06-21,16.786456812448147,16.82284646006573,16.5902735554743,16.6915283203125,9190800
2017-06-22,16.696281880524246,16.81177713855093,16.632997402902298,16.672550201416016,6914400
2017-06-23,16.6978630160087,16.80703017964405,16.595023937506042,16.743743896484375,5706000
2017-06-26,16.88613931150362,16.98423097825142,16.71052089883867,16.757986068725586,7596600
2017-06-27,16.699450488561354,16.773810490308566,16.354543491730894,16.368783950805664,11029800
2017-06-28,16.590280851246437,16.832346892563873,16.533324455161956,16.780136108398438,7755000
2017-06-29,16.821270778177865,16.830763812285284,16.057100543947396,16.356122970581055,19205400
2017-06-30,16.531742548714135,16.615593766238117,16.387766363465012,16.43364906311035,10257600
2017-07-03,16.655150801017715,16.751661826421888,16.514341354370117,16.514341354370117,7524000
2017-07-05,16.595026816910845,16.670969283512697,16.405171555711824,16.621923446655273,7205400
2017-07-06,16.44313968202203,16.47003630816508,16.12354873752453,16.178922653198242,10683000
2017-07-07,16.30075132151496,16.511175143478585,16.259614231114988,16.476367950439453,7477200
2017-07-10,16.447889229756605,16.615593472450566,16.408334617123757,16.522249221801758,4737000
2017-07-11,16.484275817871094,16.563383226452483,16.213730689468257,16.484275817871094,7011000
2017-07-12,16.71210472735756,16.89246876632313,16.710522253131227,16.8560791015625,7850400
2017-07-13,16.860824494574704,16.963663579571737,16.803868103561786,16.935184478759766,6774600
2017-07-14,16.944677957618016,17.253193410104938,16.913035718513935,17.159849166870117,7104000
2017-07-17,17.153519798867062,17.245285192072867,17.1234600329146,17.16143035888672,6305400
2017-07-18,17.06650451829327,17.20257015542433,16.9826514825002,17.188329696655273,7012200
2017-07-19,17.26901770294257,17.46678352355957,17.25952466834005,17.46678352355957,6262200
2017-07-20,17.52532539985052,17.552222034067785,17.35920179234907,17.47944450378418,9073200
2017-07-21,17.349706849973302,17.44463539123535,17.291167975160825,17.44463539123535,7255800
2017-07-24,17.41932218099208,17.454129375033606,17.31331812448172,17.42723274230957,6265200
2017-07-25,17.6139209902237,17.628159635323343,17.493678312061537,17.531648635864258,7301400
2017-07-26,17.617085851179784,17.624998222132575,17.47785890280107,17.54589080810547,5146800
2017-07-27,17.66454858234046,17.66454858234046,17.180414751782482,17.50475311279297,10401000
2017-07-28,17.373435705221986,17.458871197392625,17.26743348233532,17.422481536865234,6430200
2017-07-31,17.52690546812252,17.54430906372021,17.348123899987726,17.398752212524414,5336400
2017-08-01,17.544302743190364,17.54905016424921,17.406656502253806,17.501585006713867,4848000
2017-08-02,17.54430868695854,17.568040368460863,17.308570724935233,17.522157669067383,7217400
2017-08-03,17.511083041216104,17.511083041216104,17.365526200872516,17.43988800048828,5593200
2017-08-04,17.544303839064337,17.601262031664543,17.431971738259794,17.514244079589844,5124000
2017-08-07,17.531651067626733,17.615505907653173,17.50950185988715,17.607593536376953,3559800
2017-08-08,17.54430913795087,17.835422841574175,17.39558914822434,17.49842643737793,7808400
2017-08-09,17.316481033766898,17.487352035078253,17.224717446924817,17.47153091430664,7543200
2017-08-10,17.27059807148946,17.29749470063524,16.726344644928737,16.745328903198242,11977200
2017-08-11,16.78171619813686,16.946259087526542,16.731087895341716,16.808612823486328,8313600
2017-08-14,17.107637711904058,17.352868676520192,17.101307815843796,17.3022403717041,7107600
2017-08-15,17.39717339258711,17.39717339258711,17.224719892590404,17.29907989501953,5676000
2017-08-16,17.403493170875905,17.514244611871945,17.281669844879687,17.376598358154297,7513800
2017-08-17,17.227880889645874,17.302242693444356,16.569712838718917,16.5728759765625,13317600
2017-08-18,16.526991780782115,16.781715762091146,16.3814349613754,16.479528427124023,11378400
2017-08-21,16.474781364813307,16.579202917872276,16.303910390938967,16.5301570892334,5262000
2017-08-22,16.651986063513075,17.07283369918961,16.651986063513075,17.017457962036133,7986600
2017-08-23,16.80702833996008,16.94942019821962,16.767475548946518,16.848163604736328,5419200
2017-08-24,16.944677999289542,16.976320238471438,16.680460956654123,16.7326717376709,8395200
2017-08-25,16.90987519448055,17.061760154650997,16.81178169273825,16.843425750732422,5857200
2017-08-28,16.95575723981224,16.973159026704174,16.750079018630675,16.846590042114258,4020600
2017-08-29,16.533322477919015,16.958915639395386,16.50642404135356,16.8940486907959,6915600
2017-08-30,16.89720733762592,17.200978891111678,16.8465808577572,17.14560317993164,7984800
2017-08-31,17.289579986282885,17.500003735754646,17.264265837394472,17.435136795043945,6667200
2017-09-01,17.5411468662024,17.618671821422133,17.481027319921346,17.530073165893555,5657400
2017-09-05,17.389254361969883,17.441465134304163,16.895627546132218,17.13294792175293,14215200
2017-09-06,17.30224024370345,17.38451078576822,17.16617463857943,17.30698585510254,6815400
2017-09-07,17.3845096886166,17.3845096886166,17.191489516441244,17.294326782226562,5836200
2017-09-08,17.22313627680946,17.340214027873138,17.170925487943165,17.221553802490234,6164400
2017-09-11,17.531648306369327,17.795867147041953,17.531648306369327,17.764223098754883,8384400
2017-09-12,17.8623168763761,17.96357167655178,17.822762267992463,17.958826065063477,6678000
2017-09-13,17.878141268114764,17.992055892944336,17.86232195511888,17.992055892944336,6226200
2017-09-14,17.90187079267016,18.007873021568265,17.857570570030312,17.966737747192383,6827400
2017-09-15,17.92085681888191,18.04901007705189,17.897125136393683,18.045846939086914,6473400
2017-09-18,18.115460337006795,18.226211814883317,18.047430235021203,18.142358779907227,7482000
2017-09-19,18.197731933007265,18.215135529005163,18.112296427310554,18.185075759887695,5507400
2017-09-20,18.210391340525163,18.237287976445586,17.966742763890814,18.21355628967285,7971000
2017-09-21,18.162919930901648,18.18823408104813,18.017363114906686,18.05849838256836,4191600
2017-09-22,17.979396433275195,18.109132158008084,17.97781395908128,18.067995071411133,3974400
2017-09-25,18.001538829582415,18.091719907793802,17.767383434585536,17.955657958984375,9400800
2017-09-26,18.052171636244317,18.112292973626527,17.92560087612676,17.9873046875,5087400
2017-09-27,18.161339112797105,18.28158178960811,17.938259162761657,18.181907653808594,7734000
2017-09-28,18.12020956048251,18.26734891020595,18.094895400038492,18.251527786254883,4609200
2017-09-29,18.23569975260375,18.46036399535578,18.200892565399602,18.427139282226562,6039600
2017-10-02,18.49675762495897,18.670791787706207,18.476189078794228,18.661298751831055,5391600
2017-10-03,18.708764093378264,18.800529512977306,18.658137581058135,18.7957820892334,4357800
2017-10-04,18.76096178222632,18.92233967513981,18.727737081680342,18.85589027404785,4900200
2017-10-05,18.93183899852084,19.194473553850283,18.912852931723293,19.180234909057617,5519400
2017-10-06,19.074238751803975,19.137525063715657,19.009371775849182,19.131196975708008,6040200
2017-10-09,19.177071821593998,19.19447360382424,18.96190062208722,19.0362606048584,4729800
2017-10-10,19.167578400095852,19.268833196470712,19.034677745468755,19.164413452148438,4340400
2017-10-11,19.147012005876064,19.264089744500456,19.107457394543463,19.254596710205078,6730200
2017-10-12,19.18339883151994,19.265671187472602,19.109038845899224,19.172325134277344,6676200
2017-10-13,19.278329628300355,19.313136819414296,19.19922402177892,19.22295570373535,4099800
2017-10-16,19.292562201052913,19.362176554829265,19.207126732438397,19.306800842285156,6711000
2017-10-17,19.290989761826307,19.362186626242263,19.24194391819426,19.347946166992188,3841200
2017-10-18,19.45077602974218,19.460269061191642,19.359012473211504,19.40331268310547,4038600
2017-10-19,19.19130545091125,19.423878371866973,19.09163134193023,19.420713424682617,5784000
2017-10-20,19.634308025728068,19.721325993480118,19.559948039926798,19.699176788330078,7128600
2017-10-23,19.792522226471192,19.79410470049223,19.465018907334805,19.484004974365234,7100400
2017-10-24,19.593171206003888,19.640636371307938,19.491914600836473,19.575769424438477,5640000
2017-10-25,19.495081809085338,19.52197843744101,18.99512681045119,19.30364227294922,10747800
2017-10-26,19.444455403059592,19.514069786647372,19.328960128915366,19.343198776245117,6346200
2017-10-27,19.56152747103383,19.873207821775367,19.47925693829036,19.835237503051758,8765400
2017-10-30,19.561526960738306,19.803594752403345,19.531467201308388,19.615320205688477,8778600
2017-10-31,19.70866682049295,19.762458256410863,19.618485728946165,19.68651580810547,5758800
2017-11-01,19.896942210479242,19.988707598680353,19.68019034290631,19.78777503967285,7119000
2017-11-02,19.757716364173874,19.827330740875446,19.47451324559753,19.800434112548828,6831600
2017-11-03,19.83681994370667,19.996615398065007,19.72290536650475,19.979211807250977,6522000
2017-11-06,19.945991307884942,20.108949933658273,19.9301701875542,20.059904098510742,6049200
2017-11-07,20.108945141336555,20.194380619250683,19.898521394107586,20.042495727539062,9255000
2017-11-08,19.991872688539253,20.15641560314341,19.917512696903547,20.140594482421875,6052200
2017-11-09,19.792521579026378,19.958645133580955,19.49191489624792,19.90959930419922,15087600
2017-11-10,19.798852661520637,19.91118479240189,19.72132772078882,19.882705688476562,7440000
2017-11-13,19.705505679539783,19.995036885451555,19.689684559412854,19.93491554260254,5906400
2017-11-14,19.729237102366213,19.824165632500605,19.518813310445164,19.809926986694336,10261800
2017-11-15,19.559947112205688,19.677024839294912,19.31313367667682,19.50299072265625,10722600
2017-11-16,19.724493648334384,20.08047431732142,19.724493648334384,19.969724655151367,8611800
2017-11-17,19.88744846512771,19.942822375222217,19.787772529980316,19.82099723815918,7261800
2017-11-20,19.874792150432718,19.953899553521616,19.803597117202568,19.90485191345215,6798600
2017-11-21,20.10736830229973,20.333613209117495,20.08838223457222,20.290895462036133,9073800
2017-11-22,20.29880773940074,20.32095875716083,20.189640556647007,20.230775833129883,5221200
2017-11-24,20.35418369347574,20.396901444633976,20.325704589166502,20.360511779785156,2900400
2017-11-27,20.37158438725707,20.458602359143814,20.28298575183605,20.34785270690918,6436200
2017-11-28,20.464925394150868,20.96013466399848,20.43328316149666,20.950641632080078,7792800
2017-11-29,20.99494257485519,21.134169489745684,20.790846908033075,20.91267204284668,10197600
2017-11-30,21.15316262832898,21.699000396204774,21.132595893754264,21.43320083618164,12887400
2017-12-01,21.404718781768896,21.526543940544155,20.43012475401131,21.316120147705078,16233600
2017-12-04,21.773354386065346,21.88252154739245,21.22909924272139,21.23384666442871,12202200
2017-12-05,21.305045720462612,21.477499196199044,20.969633614198596,21.01076889038086,9052800
2017-12-06,20.926915863814855,21.138922141532078,20.8905261996258,21.01076889038086,6711000
2017-12-07,20.982285643132577,21.295548480548337,20.94589779674039,21.208532333374023,6438000
2017-12-08,21.43794315122694,21.558185833947963,21.366748112418428,21.548694610595703,5656200
2017-12-11,21.57401004407243,21.762282828578897,21.547113414682592,21.75595474243164,5955000
2017-12-12,21.820820372740265,21.996436959703757,21.755951614570694,21.861955642700195,8648400
2017-12-13,21.934737797819484,22.048652409289083,21.83031803213462,21.849302291870117,10050000
2017-12-14,21.93631491956184,21.956881648576424,21.558183321633916,21.58191680908203,7953600
2017-12-15,21.85879324515255,22.229014339209392,21.83822470246728,22.107189178466797,10889400
2017-12-18,22.505885725969872,22.624545938270632,22.47424348551931,22.529619216918945,7071000
2017-12-19,22.5992279640755,22.605556048466816,22.249575500252774,22.271724700927734,8124000
2017-12-20,22.54068921310921,22.556510329465517,22.145154061758706,22.2321720123291,6406200
2017-12-21,22.382480702860857,22.551769230185403,22.295464538507712,22.347675323486328,6422400
2017-12-22,22.357166242802013,22.365076803089952,22.183132105856142,22.327106475830078,4864200
2017-12-26,22.202113468887376,22.295461327212074,22.17680112775581,22.24008560180664,3499200
2017-12-27,22.278060751944416,22.377736717152562,22.20528322889231,22.287553787231445,5484000
2017-12-28,22.39355152916189,22.412537594386162,22.29545987652121,22.3903865814209,6070200
2017-12-29,22.561258305997505,22.561258305997505,22.09136494486377,22.173635482788086,6639000
2018-01-02,22.380900586639044,22.62771224975586,22.27647901412798,22.62771224975586,8092800
2018-01-03,22.67675265696075,23.08336334056153,22.665678961154516,23.040645599365234,6100800
2018-01-04,23.23367064120148,23.469408598868174,23.202028399783156,23.331762313842773,7736400
2018-01-05,23.561171541196362,23.825388595282696,23.40770413965753,23.787416458129883,8523000
2018-01-08,23.75893892780948,23.959869688164833,23.670338482414806,23.906076431274414,6600000
2018-01-09,24.034227984384945,24.25889221970688,23.96303294886735,24.07536506652832,7785600
2018-01-10,23.844377265213424,24.040562437146846,23.651357041925074,23.963037490844727,10788000
2018-01-11,24.130738999956296,24.467733542564407,24.067452713285288,24.458240509033203,9466800
2018-01-12,24.5594991290417,24.997748474778433,24.523107658034398,24.940792083740234,11172000
2018-01-16,25.344239439989906,25.530931554465496,24.48830380472282,24.681324005126953,17074200
2018-01-17,24.96927394697115,25.510364248223606,24.752522055872333,25.39012336730957,12880200
2018-01-18,25.353725641116526,25.4771332506379,25.11007899093822,25.274620056152344,8629800
2018-01-19,25.428086393255665,25.59420992554529,25.257215439694498,25.584718704223633,13549800
2018-01-22,25.518268245019623,26.217573196560217,25.51510329741047,26.212825775146484,9346200
2018-01-23,26.23814367789158,26.475464085428545,26.132141455759836,26.396358489990234,12256800
2018-01-24,26.587798301822563,26.777653556467683,25.97709364166862,26.347312927246094,15816000
2018-01-25,26.622605604789847,26.649502233720945,26.133726103986877,26.382122039794922,11023200
2018-01-26,26.64949493688092,27.283931106541832,26.552983956109188,27.2823486328125,13759800
2018-01-29,27.103577877238433,27.236478564068808,26.69064078997846,26.723865509033203,12488400
2018-01-30,26.122649835379438,26.339403524072885,25.755593696611054,25.893239974975586,16065000
2018-01-31,26.174855456890445,26.333068435743677,25.61161428277129,26.212825775146484,13095000
2018-02-01,25.687560789778416,26.257130138524783,25.610035856598287,25.845775604248047,11637000
2018-02-02,25.404363081531354,25.469230042043428,24.151311423741365,24.1750431060791,21081000
2018-02-05,23.589648215251135,24.250981114144952,20.945899093662824,21.20220375061035,38890200
2018-02-06,20.104204703998263,22.504305640266956,19.85739123880205,22.426780700683594,27682800
2018-02-07,22.19895078821064,23.175129029657914,21.99327262209248,22.002765655517578,20813400
2018-02-08,22.08661606371533,22.12775132995947,19.526720228777613,19.552034378051758,28018200
2018-02-09,20.25767402672457,20.863631333087472,18.45087399614815,20.45860481262207,40033200
2018-02-12,20.94589501072424,21.67842280074247,20.480747332831456,21.260740280151367,23716800
2018-02-13,20.94431540955365,21.594572763579098,20.805088487131883,21.447433471679688,13057800
2018-02-14,21.07563615983363,22.410958214361575,21.05032019563249,22.32868766784668,19729200
2018-02-15,22.782760405115695,23.14981654467441,22.097695770662238,23.145069122314453,16084200
2018-02-16,22.974200894545316,23.73837116063078,22.95837796329928,23.162473678588867,15333600
2018-02-20,22.893508835694153,23.317521346701124,22.507466648488016,22.75428009033203,13645800
2018-02-21,22.860281737362026,23.562749855162554,22.376147937808113,22.3903865814209,14297400
2018-02-22,22.65460639990858,23.127664751678346,22.284387135151555,22.482152938842773,13803600
2018-02-23,22.820734648551845,23.55326271057129,22.687833969369276,23.55326271057129,11486400
2018-02-26,23.860191033619536,24.385460088912403,23.692483208733112,24.371219635009766,11439600
2018-02-27,24.42501794292241,24.627531181084503,23.429855346679688,23.429855346679688,19125000
2018-02-28,23.760526319545267,23.89184273007003,22.641955875946387,22.665687561035156,15546600
2018-03-01,22.68466670895278,23.103931782710028,21.29713215938566,21.743295669555664,21187200
2018-03-02,21.2227712289382,22.213188053717825,21.0202580234071,22.078706741333008,18103800
2018-03-05,21.724310423561292,22.988437399104036,21.700578744820174,22.823894500732422,15391800
2018-03-06,23.094442130101285,23.11659314782106,22.567590476014324,23.004261016845703,12534000
2018-03-07,22.363490874221498,23.06437835749447,22.320773131021138,22.97894287109375,13000800
2018-03-08,23.171964542376664,23.320686321512277,22.868194709177576,23.285879135131836,12607200
2018-03-09,23.700402085396668,24.497798919677734,23.607056020230388,24.497798919677734,12633000
2018-03-12,24.603796317128705,24.77624976633071,24.296861551272674,24.410776138305664,12240600
2018-03-13,24.76201011056472,24.90123885358661,23.758937051525276,23.940881729125977,15913200
2018-03-14,24.214597653681952,24.26997339373561,23.39821468607428,23.558012008666992,12181800
2018-03-15,23.706728331710632,23.887092361577036,23.33018096234632,23.474153518676758,10426200
2018-03-16,23.581736712760293,23.855444951395306,23.53743649595207,23.554840087890625,7447800
2018-03-19,23.336505308816893,23.336505308816893,22.11193295926346,22.594484329223633,15190800
2018-03-20,22.68783300040968,22.87610759658563,22.505886490416557,22.695743560791016,5824800
2018-03-21,22.673894549437904,23.27390845521633,22.496579954644446,22.57890510559082,11050800
2018-03-22,21.89815270717084,22.146708061986836,20.796279347354353,21.07966423034668,17327400
2018-03-23,20.987835831832864,21.065410510150596,19.480676347231647,19.5186710357666,19251600
2018-03-26,20.459062004199623,21.19681038569922,19.841631631592545,21.135066986083984,16855200
2018-03-27,21.3614628731024,21.51502876357788,19.616830432018865,20.025283813476562,23059800
2018-03-28,20.060116607432256,20.490733479722994,19.567756308597108,19.857473373413086,19908600
2018-03-29,20.151934453335464,21.089161006508956,19.952456433449527,20.6965389251709,18084000
2018-04-02,20.47489524597719,20.599963734766447,18.60360932357995,19.27644920349121,21414600
2018-04-03,19.599416707780772,20.118690843794244,19.111806932434227,20.00628662109375,12876600
2018-04-04,19.076975641028575,20.827942138287632,19.03898094461347,20.701290130615234,21745800
2018-04-05,21.078079261206298,21.348798018691866,20.802610034699253,21.122407913208008,16324800
2018-04-06,20.557215390628127,20.989415538995885,19.304943583971614,19.732393264770508,26708400
2018-04-09,20.112353356177735,20.870683589201732,19.88437978294595,19.96828842163086,14273400
2018-04-10,20.74561357295355,21.149316406252908,20.44639748736854,20.921342849731445,17785200
2018-04-11,20.536645743601674,21.055919939532902,20.533478763637586,20.611053466796875,11068800
2018-04-12,20.968838169661026,21.35829321622228,20.91184342252566,21.100238800048828,12244200
2018-04-13,21.478618572124972,21.48811769909219,20.6522126437093,20.91659927368164,15109800
2018-04-16,21.35671313204969,21.63376402966975,21.123989073572258,21.4200382232666,11314200
2018-04-17,21.91873070379619,22.27493975004354,21.768331811853415,22.115041732788086,10479000
2018-04-18,22.252783651124894,22.388934816850483,22.04538992220851,22.160961151123047,9070800
2018-04-19,21.953558663002582,22.021632401313177,21.499193228722042,21.77307891845703,12520200
2018-04-20,21.765169074526177,21.81424638839535,20.981508295349247,21.225313186645508,10186200
2018-04-23,21.38995647084751,21.5229405950573,20.921343245469608,21.215808868408203,9519000
2018-04-24,21.496028486492182,21.538773645916937,19.949290734688596,20.365659713745117,19570800
2018-04-25,20.327667654875707,20.615801218643988,19.854305630366866,20.50339698791504,15555000
2018-04-26,20.758281628843466,21.33138350876755,20.645879225492155,21.128740310668945,9736200
2018-04-27,21.287057345266494,21.359883385456683,20.921349089757747,21.163572311401367,9495000
2018-04-30,21.329798557095796,21.47861577785747,20.652209956953335,20.668041229248047,11178600
2018-05-01,20.539810590900387,20.81686335667997,20.120276340884566,20.782032012939453,11187600
2018-05-02,20.73294947104402,20.948256926065486,20.258004104333484,20.343494415283203,9820800
2018-05-03,20.11393478335728,20.38940395512574,19.393602937389055,20.205759048461914,16408200
2018-05-04,19.965120328195333,21.179397639905623,19.87646303766732,20.994169235229492,13340400
2018-05-07,21.207897230097398,21.46753335930176,21.019500015099208,21.199979782104492,12169200
2018-05-08,21.09233397538834,21.296560727864108,20.78045344276887,21.206321716308594,9267600
2018-05-09,21.374126043558313,21.89814873744632,21.245890570821206,21.826906204223633,11130600
2018-05-10,21.999474394721272,22.507665911209457,21.985226610149542,22.425342559814453,12753000
2018-05-11,22.46016614760358,22.697638823780128,22.309767269164492,22.55198860168457,11594400
2018-05-14,22.734051792690845,22.92086369415979,22.49974607699334,22.648561477661133,10463400
2018-05-15,22.30343590569379,22.309769863918817,21.92031477463523,22.16411781311035,12030000
2018-05-16,22.17044976022321,22.575736084759388,22.17044976022321,22.4459171295166,6903000
2018-05-17,22.35884571966487,22.688140866868174,22.172033823145238,22.392091751098633,10337400
2018-05-18,22.29551786546316,22.38575864270927,22.118205101514704,22.21794319152832,9154800
2018-05-21,22.62323490364647,22.868623255850654,22.521911496428423,22.715057373046875,10251000
2018-05-22,22.88128573826566,22.935113511000065,22.431670741123696,22.521909713745117,8374800
2018-05-23,22.14828492224085,22.71030223887169,22.11345540448986,22.696054458618164,7630200
2018-05-24,22.602652543759746,22.654896829689687,22.051715930651866,22.569406509399414,5409200
2018-05-25,22.403173864050814,22.559906717210865,22.24169416579806,22.379426956176758,4611800
2018-05-29,21.928229393329513,22.132456070935024,21.296552920468503,21.64326286315918,9920800
2018-05-30,21.98523037615865,22.58841145391913,21.942485203348113,22.469675064086914,8504800
2018-05-31,22.327180228106506,22.422169660979183,21.875983592563575,22.00421905517578,8012800
2018-06-01,22.39367848472926,22.773634478854305,22.3841793584045,22.697643280029297,6262000
2018-06-04,22.920863273047523,23.08234477493985,22.854371209640007,23.02060317993164,5510400
2018-06-05,23.044352007675826,23.158337893941628,22.816378423371226,23.08709716796875,4907000
2018-06-06,23.234324802441648,23.666526794433594,23.049096412600907,23.666526794433594,5965400
2018-06-07,23.747267481506267,23.851756038192168,23.343564659029752,23.63327980041504,6746400
2018-06-08,23.467053457352407,23.83751031035699,23.429058765343918,23.818513870239258,9158000
2018-06-11,23.885005003978332,24.12247770798661,23.842259844785925,23.918251037597656,5244400
2018-06-12,24.03698910123674,24.103481173210177,23.809015506567913,24.022741317749023,4909400
2018-06-13,24.070235542280717,24.14622674178245,23.70927598581766,23.747272491455078,6455200
2018-06-14,23.94199816922746,24.09398055627022,23.766268873916705,23.946746826171875,4717400
2018-06-15,23.7140255178834,23.932499981346535,23.381563353785168,23.847009658813477,6235000
2018-06-18,23.39106078469664,23.71877245614247,23.262825310190124,23.676027297973633,6306000
2018-06-19,23.015855932612293,23.476553596086138,22.901870039896416,23.414810180664062,7459000
2018-06-20,23.61353216281198,23.718122581423653,23.432878293350484,23.508943557739258,4949400
2018-06-21,23.49943359377928,23.518450361983238,22.933698341252725,23.081073760986328,5391000
2018-06-22,23.428122413393247,23.456647566665453,23.138123035845272,23.190418243408203,3672600
2018-06-25,22.857632642268314,22.905172748324862,21.768947166308674,22.268125534057617,13127000
2018-06-26,22.405991099770397,22.615170074744416,22.182548644236913,22.386974334716797,5158400
2018-06-27,22.539104955937404,22.943201241157023,21.792714151965185,21.825992584228516,8522400
2018-06-28,21.773699981023167,22.40123879781179,21.60255270125559,22.215829849243164,6093200
2018-06-29,22.491567515735507,22.867138697616433,22.263371747433855,22.287141799926758,6594000
2018-07-02,21.821244094202775,22.463044644339764,21.773702170853294,22.410749435424805,5303200
2018-07-03,22.672221150495595,22.691237917725072,22.05894582242423,22.15402603149414,3271600
2018-07-05,22.486806522497428,22.72451061219304,22.182545577853165,22.710248947143555,4910000
2018-07-06,22.71500809241179,23.385333725784207,22.605664400561114,23.256973266601562,6840200
2018-07-09,23.58025248336556,23.91303867764887,23.556482429532224,23.89877700805664,4799600
2018-07-10,24.008119448085385,24.18877511211926,23.946315860527182,24.150741577148438,5775800
2018-07-11,23.713373224121646,23.93206066877423,23.532717511194214,23.642061233520508,9497400
2018-07-12,23.993858979443115,24.269594867619162,23.808450021032886,24.245824813842773,6367400
2018-07-13,24.193528262731707,24.40270907683088,24.069922901841178,24.293363571166992,6293400
2018-07-16,24.32664353254613,24.364677069690156,24.117464518870587,24.241071701049805,4605200
2018-07-17,24.0128751992633,24.649922467137966,23.998613528953975,24.545333862304688,5174000
2018-07-18,24.54533379199556,24.71648108937298,24.431234989230965,24.68320083618164,3444800
2018-07-19,24.488285697925193,24.583367739902602,24.250581499751224,24.397958755493164,6402200
2018-07-20,24.326641505507343,24.512052263326655,24.260084634590072,24.312379837036133,5346000
2018-07-23,24.245824726966223,24.493037275140345,24.14123431447825,24.45500373840332,4124400
2018-07-24,24.835334131095397,25.049266447490684,24.550088020003326,24.787792205810547,7121000
2018-07-25,24.740248797960056,25.52467141849307,24.71172364658951,25.46286964416504,5578200
2018-07-26,25.210908636414803,25.45336795296871,25.177630191168465,25.220417022705078,4256400
2018-07-27,25.353527064936305,25.358280350270874,24.445495415231413,24.730741500854492,6711000
2018-07-30,24.740247946821285,24.792543149098794,24.16975763380827,24.317134857177734,7052000
2018-07-31,24.5691021200763,24.86860986943539,24.44074165606526,24.67844581604004,5996800
2018-08-01,24.73073997743154,24.89237887193261,24.37418375252083,24.578609466552734,3985800
2018-08-02,24.174509030349412,25.00172019163049,24.107952164845827,24.939916610717773,5476600
2018-08-03,24.987458768687446,25.282211381745277,24.93516356998361,25.277456283569336,5510200
2018-08-06,25.267955472815217,25.63401832008994,25.16336505157158,25.553199768066406,4444200
2018-08-07,25.733852944424374,25.905000230289605,25.705327792267227,25.78139305114746,4638400
2018-08-08,25.738607831085165,25.866968303470422,25.61500245779137,25.724346160888672,3700800
2018-08-09,25.767131948244536,25.881228932303525,25.591231373255923,25.624509811401367,3244000
2018-08-10,25.16811930457989,25.353530098511964,24.901891769057244,25.1063175201416,6920200
2018-08-13,25.187131922904562,25.37254087273093,24.73549366790721,24.840084075927734,7207600
2018-08-14,25.049263570633034,25.367788086073094,24.925658206166275,25.305984497070312,5021600
2018-08-15,24.887628637039725,24.925662178961538,24.28861486008396,24.7497615814209,9497200
2018-08-16,25.144345518650255,25.576967013248485,25.139592233451946,25.310739517211914,6035600
2018-08-17,25.225170359011116,25.71008714467689,25.125333216712924,25.557954788208008,7062600
2018-08-20,25.710083643164666,25.81942734265748,25.572214790680256,25.75286865234375,3947400
2018-08-21,25.885986076047068,26.180738757278558,25.847952535997067,25.89549446105957,5954200
2018-08-22,25.790900568133445,26.02385143573816,25.705326928077735,25.881227493286133,3682200
2018-08-23,25.786145679634796,26.06188153658314,25.648276844391297,25.733850479125977,5216200
2018-08-24,25.919259939322718,26.252046101832153,25.90499827109217,26.199750900268555,5008400
2018-08-27,26.580079443839523,26.86057042882366,26.532539336637672,26.80827522277832,5673800
2018-08-28,26.979421500530425,27.00319155324164,26.722700578756246,26.8463077545166,5093400
2018-08-29,26.92237236181217,27.3645022230217,26.855815490410947,27.283681869506836,6576000
2018-08-30,27.11253671952727,27.24565228631183,26.76073556779541,26.931882858276367,7118000
2018-08-31,26.80352074175176,27.08876499931562,26.660898612969834,26.922372817993164,6007000
2018-09-04,26.79401372577602,26.90811070921034,26.480244301023347,26.80352210998535,5017800
2018-09-05,26.67991900291271,26.741722602941575,26.261560915050417,26.584836959838867,5459600
2018-09-06,26.594339130705027,26.69417625004828,26.004833865778338,26.32811164855957,6573200
2018-09-07,26.004834742656175,26.470734665659485,25.92401438746627,26.156965255737305,5905600
2018-09-10,26.480242834179222,26.546799706418874,26.233030299047115,26.30434226989746,4250000
2018-09-11,26.099920283131784,26.69418074664991,25.990574761930116,26.580081939697266,4460600
2018-09-12,26.56106690245519,26.755984274663955,26.32811780114037,26.584836959838867,6127600
2018-09-13,26.898605700010123,27.08876795461924,26.798768566785952,27.0222110748291,5687200
2018-09-14,27.10778396706839,27.14106240603405,26.794014532864367,27.050735473632812,5458000
2018-09-17,27.007951623549182,27.026966581095177,26.51827974257291,26.59910011291504,4906800
2018-09-18,26.656144370818044,27.207617949755807,26.656144370818044,27.026962280273438,4651000
2018-09-19,27.04122523960173,27.24089585973885,27.003191704220118,27.117290496826172,3381400
2018-09-20,27.473852081624273,27.858931727907894,27.464343695926768,27.749588012695312,5375400
2018-09-21,27.982533353388472,28.025320173733114,27.62597712169604,27.67351722717285,5748600
2018-09-24,27.492862799421793,27.53564780533111,27.212371830493165,27.41679573059082,4410000
2018-09-25,27.540402105866757,27.573680540746633,27.24564947684271,27.307451248168945,3462600
2018-09-26,27.34932049447138,27.734655025397608,26.94019835790419,27.054370880126953,5690000
2018-09-27,27.197089271223224,27.62048436262648,27.120973646370658,27.27320671081543,4516200
2018-09-28,27.092418708810577,27.43969619767019,27.07338935784158,27.24464988708496,5175800
2018-10-01,27.672809549266248,27.90115821520317,27.354075969909204,27.553878784179688,6911000
2018-10-02,27.530087928435275,27.74416362914797,27.401642508007658,27.525331497192383,4347200
2018-10-03,27.829800124079714,27.98203136419466,27.444463776747764,27.56339454650879,5443000
2018-10-04,27.401648532012338,27.401648532012338,26.388359683775064,26.90213966369629,11743200
2018-10-05,26.95446704540638,27.12096938148202,25.99350629854567,26.473987579345703,11156200
2018-10-08,26.221850236559458,26.545342009212952,25.793700641981005,26.431169509887695,10072200
2018-10-09,26.32651138305664,26.721360536748342,26.140979699958432,26.32651138305664,8689000
2018-10-10,26.150494412401986,26.160009090360504,23.700520187630897,23.79090690612793,20092000
2018-10-11,23.50547356525888,23.938381426497326,21.75481276459943,22.24956512451172,35366400
2018-10-12,23.353242680516068,23.4198436116919,22.263836549884903,23.148681640625,20832600
2018-10-15,23.034512983476368,23.410334690081548,22.72053579162969,22.758594512939453,12021600
2018-10-16,23.300911638939144,24.347502571196028,23.1677097835618,24.18575668334961,12700000
2018-10-17,24.242846947299473,24.42362222005522,23.495961880723254,24.23809051513672,13570800
2018-10-18,23.966929335621618,24.128675255796516,22.81092210328859,23.196256637573242,16975600
2018-10-19,23.372273699772578,23.900326569872924,22.944122233545432,23.129653930664062,12675000
2018-10-22,23.31994356542035,23.41508853606978,22.672959942691463,22.839462280273438,13399600
2018-10-23,21.78811470041822,22.772861240417406,21.226761372383788,22.449369430541992,20640800
2018-10-24,22.397040420330146,22.496941817956344,20.275314393938853,20.394245147705078,22293200
2018-10-25,20.888997458690103,21.907044417635817,20.622591917715628,21.526466369628906,16076000
2018-10-26,20.49890435899336,21.188703079223306,19.64735974446632,20.35618782043457,26642000
2018-10-29,21.160161380249257,21.493167883453722,19.105037916987815,20.004154205322266,20379600
2018-10-30,19.980369914661754,20.98890236413188,19.847168029280674,20.93181610107422,17421600
2018-10-31,21.578793068548432,22.17820318056855,21.459862332337067,21.58354949951172,15960000
2018-11-01,21.80238534787429,22.301894120877563,21.50267935817665,22.259078979492188,12446800
2018-11-02,22.544514173182737,22.663444931061726,21.288605660338916,21.821414947509766,18919400
2018-11-05,21.968889034340258,22.354225330786733,21.716756416458836,22.22102165222168,7258000
2018-11-06,22.182958455320698,22.663437766779143,22.17820021025566,22.620622634887695,9688800
2018-11-07,23.23430959578484,24.09536881250171,23.110622423835338,24.057310104370117,12585800
2018-11-08,23.843235476692858,24.1191556787971,23.600617553065998,23.914594650268555,9710800
2018-11-09,23.538776691045097,23.600621196709447,22.820435671981773,23.25334358215332,11244000
2018-11-12,23.072566639130805,23.14392581854962,21.773843002779376,21.90228843688965,12917400
2018-11-13,22.04024379716807,22.577809391192467,21.597821335535972,21.79286766052246,15298200
2018-11-14,22.29238398146814,22.397043640546816,20.912786313527544,21.31715202331543,22300400
2018-11-15,20.988898624235656,22.111605214511794,20.57502011502005,21.997432708740234,14165200
2018-11-16,21.70723999919703,22.401795111697382,21.540735868015727,22.1544189453125,14252000
2018-11-19,22.00694980803334,22.064037886647203,20.784341586183686,21.06977653503418,15825200
2018-11-20,20.146867172061885,20.52744700209087,19.618816196637958,19.870948791503906,13989000
2018-11-21,20.21822871304755,20.522691160956327,20.042211700613915,20.06123924255371,7776200
2018-11-23,19.604545786278155,19.99463852879347,19.604545786278155,19.656875610351562,4467800
2018-11-26,20.222986955781117,20.59880861752115,20.108814434961044,20.584537506103516,8232200
2018-11-27,20.318131522257953,20.784339904785156,20.16114385561874,20.784339904785156,7101400
2018-11-28,21.074529566326603,22.216265547984378,20.822396944729068,22.206750869750977,12768800
2018-11-29,22.01646202213237,22.45412816879213,21.702484883877514,22.064035415649414,11448400
2018-11-30,22.011711468254898,22.630151231212082,21.94035226629296,22.5064640045166,9637200
2018-12-03,23.619647318718762,23.643433105411226,22.925090370020058,23.343727111816406,12049600
2018-12-04,23.129651095166846,23.23431073291186,20.998412333446524,21.12685775756836,23927200
2018-12-06,20.042213815654502,20.99841640544659,19.23824065114213,20.99365997314453,18678600
2018-12-07,20.865212839819698,21.30287716586072,19.290568922976878,19.52367401123047,21528000
2018-12-10,19.447559012103238,19.847166451212875,18.4009679273171,19.61406135559082,16538200
2018-12-11,20.389487945620708,20.451332443369342,19.252510272934718,19.609302520751953,14049600
2018-12-12,20.35618799310068,20.689194462388663,19.89949433994306,19.918521881103516,12965000
2018-12-13,20.146867940790084,20.360943649664925,19.604544021466612,19.89473533630371,10721400
2018-12-14,19.333382336439588,19.580758513015745,18.634068949094274,18.781543731689453,10844000
2018-12-17,18.534167055898557,18.800572580744806,17.263987557308727,17.64456558227539,18784200
2018-12-18,18.034654443823385,18.186885621388996,17.235439854234528,17.61126136779785,11393400
2018-12-19,17.616019895632505,18.46280796324674,16.41244143759222,16.802534103393555,23567200
2018-12-20,16.498075197161356,16.850109231036104,15.460998823224386,15.979537010192871,25372000
2018-12-21,16.155553332366832,16.726421319622265,14.842558594944713,14.975760459899902,28749800
2018-12-24,14.65226713256925,14.890128617886086,13.781694132604414,13.795966148376465,15583000
2018-12-26,14.084338507934456,15.826977729797363,13.678518402697403,15.826977729797363,24227600
2018-12-27,15.168117111059415,16.261444198584332,14.466286757022498,16.247119903564453,21935600
2018-12-28,16.49538085319869,16.867781436079596,15.903362402498097,16.170724868774414,25101800
2018-12-31,16.49538422480711,16.61951838489681,16.108662915249816,16.605194091796875,11379800
2019-01-02,15.812652043461489,16.824815897446754,15.779231727848547,16.638614654541016,14165400
2019-01-03,16.237570626333593,16.294864162621305,15.311346978264996,15.397285461425781,15263200
2019-01-04,16.060919856984437,17.106504111924984,15.979756747091368,16.963272094726562,16237000
2019-01-07,17.03488563812667,17.679422337162585,16.81526591473508,17.349992752075195,12835000
2019-01-08,17.879951346158343,17.97543876505556,17.283157254639512,17.83220672607422,11335200
2019-01-09,18.018405772331896,18.30009262135851,17.736718923305283,18.08047103881836,9332400
2019-01-10,17.73194362468727,18.33828656734949,17.57439095052273,18.300092697143555,9180200
2019-01-11,18.023183262841112,18.29532124852536,17.884726583451947,18.2857723236084,7742400
2019-01-14,17.84652753979513,18.147310391904504,17.751040139533295,17.975435256958008,6295400
2019-01-15,18.051827870250165,18.64862194637396,18.051827870250165,18.58177947998047,9561400
2019-01-16,18.67726887235935,18.915986528063787,18.629526069726932,18.691593170166016,8934400
2019-01-17,18.4910644653796,19.32180248724069,18.48151554314319,19.121278762817383,10218000
2019-01-18,19.565293295462958,19.994985682404945,19.36477139573714,19.870851516723633,12672200
2019-01-22,19.512774017946807,19.560518625580446,18.677262507698963,19.07830810546875,12722000
2019-01-23,19.32180647325016,19.47458561800911,18.5865557008033,19.16902732849121,11422800
2019-01-24,19.130826519886117,19.340897332480733,18.882560020672162,19.221538543701172,8375000
2019-01-25,19.660783466558307,19.889952164810342,19.54619820679683,19.689430236816406,10498000
2019-01-28,19.14515311643765,19.25496482849121,18.801400969157246,19.25496482849121,9455800
2019-01-29,19.254965825077004,19.398196045629636,18.958954638494355,19.16902732849121,6312800
2019-01-30,19.522327432008233,20.267127091053457,19.336127972564668,20.071378707885742,11890000
2019-01-31,20.02840748469776,20.6872685864584,19.990211793571554,20.572683334350586,11569000
2019-02-01,20.629972840123905,20.86869042028161,20.41035310348376,20.601327896118164,14343800
2019-02-04,20.61564665855586,21.050112503414578,20.44376974036643,21.040563583374023,6868200
2019-02-05,21.15515522567172,21.374774989474115,21.021472125785667,21.312707901000977,12499800
2019-02-06,21.217221042327687,21.346128773446708,21.011923746983047,21.207672119140625,8043600
2019-02-07,20.773204312811224,20.916436326808974,20.166863224309125,20.596553802490234,19135400
2019-02-08,20.252803380278674,20.67294692993164,20.061830364088074,20.67294692993164,7223200
2019-02-11,20.83049592849279,20.892561186153696,20.563131591093914,20.706361770629883,11960800
2019-02-12,21.107408487101253,21.589619030049416,21.088310643143362,21.498905181884766,11271200
2019-02-13,21.71375749418086,21.919054821423348,21.594398667703654,21.68988609313965,7899400
2019-02-14,21.393872091986566,21.83311160432922,21.17425051454448,21.5418758392334,9442600
2019-02-15,22.009764319067624,22.243708393166802,21.942923675402415,22.234159469604492,9104600
2019-02-19,22.019315108890293,22.525397172960226,22.014541557340028,22.343971252441406,5508600
2019-02-20,22.343970388654217,22.59701232154248,22.200740171159012,22.47765350341797,11183400
2019-02-21,22.30577494133988,22.38693805773239,21.971569909898776,22.229385375976562,9691800
2019-02-22,22.40126194501049,22.687724199144206,22.32009882349876,22.64952850341797,13609800
2019-02-25,23.02192943037418,23.165159647917363,22.702046850632403,22.74501609802246,19010600
2019-02-26,22.616109239981014,22.90257150753705,22.573139990911166,22.673402786254883,7184600
2019-02-27,22.472872475835405,22.73546144537873,22.21983242789173,22.63520050048828,8802000
2019-02-28,22.554041704732008,22.678174066685184,22.410809674662524,22.482425689697266,6355000
2019-03-01,22.921670175473185,23.031481907845585,22.53017333719233,22.93121910095215,8069400
2019-03-04,23.208127960626495,23.260646129907126,22.033637674294187,22.659076690673828,19698200
2019-03-05,22.69249491377598,22.74023952746541,22.42035699019399,22.563587188720703,7276600
2019-03-06,22.582687994134922,22.582687994134922,22.057509923611025,22.148221969604492,9503600
2019-03-07,22.01930979142217,22.047956557619127,21.350901638262425,21.594392776489258,13913400
2019-03-08,21.08831548987342,21.484587647357003,20.964183118159067,21.460716247558594,10669400
2019-03-11,21.623045412475438,22.420361498054827,21.623045412475438,22.3964900970459,7099200
2019-03-12,22.51106699516962,22.76410702999468,22.47764668193878,22.62565040588379,6860000
2019-03-13,22.85959761542709,23.322708515482358,22.82140192566915,23.074443817138672,10225400
2019-03-14,23.06967021715332,23.184255473957144,22.897793242583013,23.026700973510742,6242800
2019-03-15,23.150833859355476,23.566201977167385,23.11263816879905,23.360904693603516,12635000
2019-03-18,23.39909995969143,23.680786819912594,23.341808241707547,23.62349510192871,7671800
2019-03-19,23.890859292607953,24.100930137678287,23.360905897095737,23.6378173828125,13119200
2019-03-20,23.524928687106016,23.87890178319721,23.089636263706126,23.390993118286133,18361600
2019-03-21,23.147037650271773,24.28549549334286,23.147037650271773,24.16112518310547,10082200
2019-03-22,23.788015284335945,23.931517928658803,22.759578146076198,22.78349494934082,23755400
2019-03-25,22.683044218571506,22.993968173083715,22.38168917621267,22.72609519958496,15269400
2019-03-26,23.194868180615085,23.481873440134166,22.84089332412228,23.20443344116211,12962400
2019-03-27,23.218792896081737,23.3814297518435,22.429525426262924,22.879169464111328,13492600
2019-03-28,23.017881326735537,23.223569111745814,22.70217479097896,23.123117446899414,9162400
2019-03-29,23.524926023343717,23.620595057983145,23.209219486348147,23.5727596282959,9933000
2019-04-01,24.08459147597622,24.448133512256284,24.017623686328687,24.39551544189453,8812000
2019-04-02,24.419431248919697,24.457699598428494,24.180259538695733,24.390731811523438,8099600
2019-04-03,24.74470160580919,24.854720358805,24.338110482792715,24.534231185913086,10447200
2019-04-04,24.591631692620574,24.759051136194028,24.390728360332428,24.69208335876465,6718600
2019-04-05,24.8834222212137,25.050841670112145,24.797320268998746,25.012575149536133,8217800
2019-04-08,24.912125128749334,25.122595567683074,24.730354125962997,25.108245849609375,7058600
2019-04-09,24.811668543896374,24.907337576878167,24.553364527001072,24.70643424987793,6827600
2019-04-10,24.821237107954094,24.97909129548568,24.706435721326706,24.959957122802734,5437000
2019-04-11,25.084328907475417,25.084328907475417,24.759055227862365,24.931259155273438,6347200
2019-04-12,25.38568575017301,25.505271607984163,25.184782384923253,25.43351936340332,5933000
2019-04-15,25.44786977410993,25.4717865796602,25.136945827750473,25.36655044555664,5584200
2019-04-16,25.610504995129574,25.639204430090082,25.237395918026298,25.43830108642578,6088000
2019-04-17,25.715737410483765,25.720521865782818,25.089108796701268,25.21826171875,9079800
2019-04-18,25.380898905109273,25.42873251039844,24.993440133220744,25.352197647094727,6603000
2019-04-22,25.117812771771288,25.457437994753853,25.098680421320392,25.43351936340332,3704200
2019-04-23,25.519615405079566,26.155812896875773,25.447865001884065,26.084060668945312,6937600
2019-04-24,26.06971596865657,26.16060056008296,25.87359524261572,25.93099594116211,5798000
2019-04-25,25.873598663076205,26.045802606215837,25.500491336097372,25.849681854248047,6519000
2019-04-26,25.85924387510076,26.22756849802775,25.63442190175612,26.2227840423584,7146000
2019-04-29,26.222782716328506,26.476304111928467,26.208432999516464,26.31366729736328,8413200
2019-04-30,26.218003672177222,26.442823840172696,25.79706094900101,26.356721878051758,5847400
2019-05-01,26.552836146574244,26.60545420225801,25.7587863306049,25.76357078552246,11235400
2019-05-02,25.69661075818993,25.98361609874558,25.14651505993358,25.605724334716797,16984000
2019-05-03,26.012317306696715,26.40934142110184,25.945349515693593,26.32802391052246,6831400
2019-05-06,25.022140472048537,26.122329775899683,24.950388242015524,26.017093658447266,12464200
2019-05-07,25.28523325058882,25.45743717223068,24.127641235515945,24.71600341796875,23133800
2019-05-08,24.58685419879131,25.06998028313701,24.409865807481935,24.60120391845703,13466600
2019-05-09,23.96500395212041,24.510316968680414,23.48187791410903,24.352462768554688,19609000
2019-05-10,24.079807366131863,24.91690833480487,23.22835667905404,24.696870803833008,16458600
2019-05-13,23.22835206064691,23.51057468981851,22.601721660354716,22.86959457397461,28893400
2019-05-14,23.10877031736549,23.86933639656754,23.08006905645277,23.4436092376709,12672200
2019-05-15,23.003534511228192,24.036756197161544,22.94134935740418,23.850202560424805,14508800
2019-05-16,24.051106433652865,24.892991869802977,24.03675671505172,24.4959659576416,11568800
2019-05-17,23.854989293394105,24.73514138643464,23.854989293394105,24.036760330200195,11044400
2019-05-20,23.582326714233346,23.917167423103812,23.34315504000231,23.5727596282959,12875400
2019-05-21,24.012840236178583,24.290278473079436,23.945872448814082,24.180259704589844,6968800
2019-05-22,23.902817007998728,24.223306166229104,23.826282147470952,23.974567413330078,7130800
2019-05-23,23.338370215365526,23.338370215365526,22.663906230429625,23.113548278808594,14133200
2019-05-24,23.457956639296732,23.563190927928428,23.041796640838648,23.20443344116211,6856000
2019-05-28,23.280974919423905,23.548847909292842,22.5634597418413,22.58259391784668,7015400
2019-05-29,22.247749308560604,22.36255252010342,21.726354962909962,22.13294792175293,10393600
2019-05-30,22.28601746383462,22.51083942945618,21.979878001979387,22.290800094604492,11341000
2019-05-31,21.582854564290397,21.812459186547862,21.35803439807692,21.377166748046875,12430400
2019-06-03,21.362814134825452,21.659386503631943,20.84620426092818,21.2049617767334,12919800
2019-06-04,21.788543860978017,22.61129518185475,21.66895799804758,22.58259391784668,8442200
2019-06-05,23.013104905297936,23.166174671525884,22.52041170929769,23.151824951171875,7973000
2019-06-06,23.24270559831391,23.78801677577117,23.056151966524347,23.591896057128906,7258000
2019-06-07,23.888466433205185,24.605981463945366,23.83585019706171,24.30462646484375,10280800
2019-06-10,24.74469953820495,25.113024110798186,24.625113709105914,24.639463424682617,10977400
2019-06-11,25.1608652352694,25.25653429209925,24.438567414438243,24.620338439941406,8649800
2019-06-12,24.548585763815307,24.706439978547095,24.33811530224171,24.486400604248047,6111800
2019-06-13,24.739920797455934,24.873856363188597,24.53423299308921,24.806888580322266,6536200
2019-06-14,24.682518005371094,24.85472191641197,24.476830203265067,24.682518005371094,3869000
2019-06-17,24.749489309456465,24.926475863614296,24.663387348031502,24.725570678710938,5985600
2019-06-18,25.23740004509447,25.792278383470755,25.132165725138343,25.457439422607422,9418200
2019-06-19,25.519622494816012,25.811412293185555,25.23261715282967,25.667909622192383,6872800
2019-06-20,26.428471730638528,26.50022396749361,25.792274159711354,26.380638122558594,7800800
2019-06-21,26.294535333870993,26.667642574313867,26.19886629601163,26.280183792114258,5862600
2019-06-24,26.31845804467453,26.414127104008063,26.112770205764864,26.174955368041992,3789600
2019-06-25,26.164894642078522,26.17447731675955,25.340802896593114,25.41267204284668,8245800
2019-06-26,25.647438271807772,25.79117654804118,25.27372314010037,25.302471160888672,5961400
2019-06-27,25.51807486468415,25.704934257842197,25.417459533704655,25.585153579711914,4716600
2019-06-28,25.839088570967224,26.08823260599534,25.69535211975704,25.944496154785156,7384400
2019-07-01,26.907534806550537,26.984194376973996,26.29425824316287,26.62006187438965,9473800
2019-07-02,26.62484889099906,26.873992919921875,26.38049711270043,26.873992919921875,4405600
2019-07-03,27.041682699405776,27.47289383129764,26.99856158621659,27.468103408813477,4015400
2019-07-05,27.094385665703122,27.429771888395383,26.71108790878677,27.34832191467285,5646800
2019-07-08,26.979399341805948,27.065641572254336,26.75900151526673,26.941068649291992,5051200
2019-07-09,26.56256254551627,27.108763973503553,26.56256254551627,27.032102584838867,3593400
2019-07-10,27.34832457322277,27.688501251323103,27.180630531721043,27.415401458740234,7283600
2019-07-11,27.592674408484946,27.65975128929274,27.27645352202826,27.583091735839844,6087600
2019-07-12,27.736405283977142,27.971176147460938,27.635789982930184,27.971176147460938,5425400
2019-07-15,28.067003781539377,28.0765846254967,27.827442473036136,27.975969314575195,2786400
2019-07-16,27.94722597577686,27.995137511277743,27.602257071505157,27.698081970214844,4127200
2019-07-17,27.68370974549656,27.741205786950783,27.132719722704362,27.147092819213867,5498800
2019-07-18,26.96981705061639,27.520807055497365,26.826080607069528,27.424983978271484,5190200
2019-07-19,27.736407057307463,27.760362821796797,26.888359834889762,26.95543670654297,5801000
2019-07-22,27.070434092637843,27.295622359337017,26.90274186916494,27.151884078979492,4121800
2019-07-23,27.477685894547697,27.71245681986494,27.22854370091982,27.707666397094727,5002200
2019-07-24,27.482475472014535,28.090961456298828,27.458519705077393,28.090961456298828,4686200
2019-07-25,27.96639465866045,27.97118690972041,27.439360359977428,27.674129486083984,6524400
2019-07-26,27.89931383997061,28.292194297027578,27.856192725039573,28.239490509033203,3972800
2019-07-29,28.1963661226451,28.205948794596623,27.904102852808784,28.09575080871582,4349200
2019-07-30,27.640585461860905,27.98555436023552,27.525597047541293,27.894521713256836,4646800
2019-07-31,27.94242936739285,27.995133144848314,26.318204075958857,26.931480407714844,10282800
2019-08-01,26.979399682682352,27.86098551685375,25.992406270473797,26.25113296508789,14660200
2019-08-02,25.96844580803861,26.02594000943727,25.17310234914424,25.680971145629883,13555400
2019-08-05,24.435256551076318,24.459212319408326,22.763117602507236,23.39556121826172,17920200
2019-08-06,23.826767730311435,24.34422103844983,23.419514233419655,24.29151725769043,11131600
2019-08-07,23.424304729205275,24.540661317292845,22.83498412266366,24.344221115112305,16106600
2019-08-08,24.741898530832316,25.74326515197754,24.58857939696677,25.74326515197754,11909800
2019-08-09,25.474953356843674,25.64743782313989,24.69398466335858,25.216228485107422,11780800
2019-08-12,24.775433256468848,24.938335040200652,24.018420375156094,24.286727905273438,11819200
2019-08-13,24.20048750836127,25.82471504600302,24.09508175399903,25.40787696838379,14375200
2019-08-14,24.26756117664729,24.425670689162,23.13203926334359,23.17995262145996,19276600
2019-08-15,23.405143750766385,23.57762821952447,22.796659514892625,23.352441787719727,13019000
2019-08-16,23.793232568312753,24.48316857976289,23.778859472566293,24.372970581054688,10881800
2019-08-19,25.225809627854655,25.43662294736468,25.024577153483666,25.249765396118164,6489000
2019-08-20,25.106032369871855,25.244976575761108,24.622117377745017,24.66044807434082,6729400
2019-08-21,25.264138338189856,25.36954591115906,25.043742347170564,25.259347915649414,6033800
2019-08-22,25.446205085011556,25.63306263232797,24.72272883579764,25.22580909729004,7683400
2019-08-23,24.85688837717993,25.321636194273946,22.92123206003529,23.26620101928711,18481400
2019-08-26,23.86030776006001,24.0327922076181,23.45305423598731,24.02800178527832,9434600
2019-08-27,24.430466471838162,24.5262895465129,23.54408840943289,23.764484405517578,7398600
2019-08-28,23.563252136764497,24.296309208374968,23.362019672813705,24.257980346679688,7993000
2019-08-29,24.967082347847878,25.312051251269363,24.679607652427336,25.173105239868164,6609600
2019-08-30,25.589938965138877,25.599521636827877,24.871255037833677,25.149147033691406,8317200
2019-09-03,24.646067658102,24.900003897201486,24.31547369830673,24.703563690185547,8066800
2019-09-04,25.302467562521,25.52286354076358,25.082069756570565,25.513280868530273,6651200
2019-09-05,26.236758453241627,26.763794523993138,26.1984295873497,26.505067825317383,7329600
2019-09-06,26.60089730187255,26.739843348482555,26.390083933977234,26.5721492767334,4738800
2019-09-09,26.850033352270287,26.869198696640098,26.3086242539241,26.591306686401367,4705800
2019-09-10,26.35653578714079,26.591306686401367,25.987612960415053,26.591306686401367,6048400
2019-09-11,26.658383537180885,27.15667152404785,26.485899093441716,27.15667152404785,4669400
2019-09-12,27.391444323032122,27.712457487612486,27.161465642651663,27.386653900146484,6665400
2019-09-13,27.53518460705729,27.640590367606723,27.228546344171274,27.324369430541992,4129200
2019-09-16,26.984190123917084,27.214168798939852,26.883574796289885,27.089597702026367,3754600
2019-09-17,27.003363208527773,27.310001529761905,26.97461518052136,27.300418853759766,3787600
2019-09-18,27.166251988642763,27.362692183003087,26.548183391372095,27.34352684020996,7292200
2019-09-19,27.429782238225773,27.736420559459905,27.20938617330231,27.300418853759766,4596600
2019-09-20,27.50164206350736,27.573509367577085,26.706298502263344,26.893156051635742,5062400
2019-09-23,26.715879874142868,27.10876215384501,26.639220318332008,26.917112350463867,2634800
2019-09-24,27.223750343759654,27.32915791749975,25.978032115428228,26.255922317504883,7376600
2019-09-25,26.270295160405166,26.850033114652565,25.843874476635907,26.715877532958984,4352600
2019-09-26,26.720668714412355,26.768580245289247,26.131348111629386,26.552974700927734,7114200
2019-09-27,26.768584158522163,26.787749504757752,25.657019664770115,26.102603912353516,8081800
2019-09-30,26.24634060215098,26.672759507535247,26.24634060215098,26.481111526489258,3839600
2019-10-01,26.720673826917544,26.917114065430397,25.450997910965732,25.53244972229004,9808000
2019-10-02,25.053325382799947,25.062908055727565,23.793232222292154,24.17173957824707,14500000
2019-10-03,24.090285696891684,24.746685028076172,23.34285555000689,24.746685028076172,12254200
2019-10-04,24.93833797487762,25.81034120578994,24.909591780529684,25.738473892211914,9259000
2019-10-07,25.51807780892138,25.973244803874557,25.321637547231056,25.41267204284668,8789000
2019-10-08,24.861674553541825,25.07728011624449,24.21006744302172,24.229232788085938,11864000
2019-10-09,24.78022581358866,25.158731345077577,24.602949104471325,24.885631561279297,5390800
2019-10-10,24.861675878221252,25.642646367974617,24.81855476338314,25.38871192932129,8631400
2019-10-11,26.184053879759706,26.811703389345347,26.145723189982444,26.155305862426758,11528200
2019-10-14,26.078645401019067,26.279876032207593,25.992403179736037,26.097810745239258,4138400
2019-10-15,26.394871030940074,27.07522442410887,26.361332586358973,26.8787841796875,5646600
2019-10-16,26.730251997502474,26.931482625037262,26.600888667926775,26.744625091552734,4383000
2019-10-17,27.07042693488252,27.2141633495262,26.749415669768553,26.95543670654297,5153600
2019-10-18,26.79253731916086,26.979396685204748,26.332580020532447,26.591306686401367,4742000
2019-10-21,26.974609028357534,27.1854241969063,26.854828347212333,27.161466598510742,2781800
2019-10-22,27.309995601670522,27.367489817494697,26.835663294923595,26.869203567504883,4222400
2019-10-23,26.787745968620673,27.108759078713177,26.725459515431183,27.09917640686035,3251200
2019-10-24,27.3626953233669,27.401024185644395,26.965022639453995,27.21416664123535,5544400
2019-10-25,27.04168381127504,27.702873631459305,27.04168381127504,27.5687198638916,5141800
2019-10-28,27.9088982150086,28.153249996047144,27.904107792038793,28.02867889404297,4830000
2019-10-29,27.913682862606187,28.24906906005227,27.87535400365369,27.975969314575195,4290200
2019-10-30,28.052634695188797,28.33052674815434,27.6357984434486,28.249074935913086,5669200
2019-10-31,28.20595633051067,28.20595633051067,27.549558661974977,27.9903507232666,6653000
2019-11-01,28.42155824908434,28.771317598683343,28.37843713323197,28.76652717590332,5090400
2019-11-04,29.250434334794086,29.288765020054896,28.99170769240663,29.111488342285156,5891600
2019-11-05,29.17378046821003,29.250440025939334,28.910263352747304,29.006088256835938,4294800
2019-11-06,29.010880960744444,29.10191544925545,28.7234080535821,29.039628982543945,5306800
2019-11-07,29.43250626714547,29.676858028828516,29.168989159685097,29.336681365966797,6090400
2019-11-08,29.192947547789288,29.52833381815778,28.986924631464706,29.51875114440918,4420600
2019-11-11,29.097116470473367,29.408546904312416,29.04441268988143,29.379798889160156,2980600
2019-11-12,29.466046284127597,29.82059788913629,29.293561818323802,29.523540496826172,7868800
2019-11-13,29.221693900980664,29.68165124840907,29.149824765822714,29.561870574951172,5929400
2019-11-14,29.456465704776026,29.700819324605103,29.2648177062539,29.68165397644043,4929800
2019-11-15,30.088906958707337,30.328468322753906,29.887676290208137,30.328468322753906,6263600
2019-11-18,30.242224251456488,30.453039408765918,30.093697384488173,30.38117027282715,3525600
2019-11-19,30.572816015721965,30.572816015721965,30.141604912879362,30.338045120239258,4613400
2019-11-20,30.16077195414621,30.309298809710487,29.50437441862264,30.012243270874023,6156000
2019-11-21,30.012244896445942,30.045783338403336,29.59540866946975,29.863718032836914,3825000
2019-11-22,30.08411675418172,30.11286294834293,29.72477470550122,30.036203384399414,3182400
2019-11-25,30.33804518093071,30.735717846315303,30.33804518093071,30.726133346557617,3856600
2019-11-26,30.76447033047058,30.99445085131567,30.64468964689668,30.917789459228516,3432600
2019-11-27,31.104647850194823,31.3346283770808,31.013617013970688,31.320255279541016,3643200
2019-11-29,31.15255733337542,31.229218722405864,30.912995975779612,30.994449615478516,2236200
2019-12-02,31.071107509001926,31.080692010388173,30.055367859326424,30.19910430908203,7987600
2019-12-03,29.322307032716544,29.600197223925456,28.87672281459676,29.58103370666504,7728200
2019-12-04,29.906835995646436,30.30929910901869,29.801430251752034,30.108068466186523,5083400
2019-12-05,30.333258443584437,30.3380488663374,29.854135749134752,30.28534507751465,4199800
2019-12-06,30.88903753780756,31.22921417743576,30.87945303786553,31.08547592163086,5764200
2019-12-09,30.965698194487548,31.18609419363433,30.778840637484493,30.80759048461914,2694400
2019-12-10,30.77405695686855,30.999241586984756,30.486582199818663,30.687814712524414,4041200
2019-12-11,30.841127379623675,31.03756577220663,30.711762212547423,30.946531295776367,4917800
2019-12-12,30.941744487034157,31.995812952731086,30.86508310131711,31.741878509521484,10368400
2019-12-13,31.660422899162814,32.20183013171062,31.40648850110574,31.79457664489746,8216600
2019-12-16,32.364740579665686,32.647421224463756,32.35515607841574,32.46056365966797,4623600
2019-12-17,32.56597790002927,32.6713855028353,32.44619719782549,32.465362548828125,3737200
2019-12-18,32.58992518321267,32.67137882217242,32.455771409042995,32.46056365966797,2885800
2019-12-19,32.50368672394558,32.87261330117464,32.49889812818066,32.848655700683594,4674200
2019-12-20,33.20319687409368,33.500250539756266,33.17923928248174,33.34693145751953,5420800
2019-12-23,33.548168200508314,33.55296045078983,33.375687399949115,33.44276428222656,3243400
2019-12-24,33.50081741742744,33.51041214517389,33.318488304544,33.43364334106445,1739200
2019-12-26,33.53920618516353,33.932655945336975,33.53440699057121,33.923057556152344,2828000
2019-12-27,34.196554155875816,34.201353350619605,33.73113476569174,33.90866470336914,4203000
2019-12-30,33.937462828690336,33.975845411986036,33.174551787036606,33.347286224365234,5640600
2019-12-31,33.15534863821178,33.659157871510885,33.04978832946624,33.591983795166016,4322200
2020-01-02,34.10059891595178,34.503647157111196,33.769523967218724,34.49884796142578,5484200
2020-01-03,33.32328366813497,34.10538759149275,33.29929501853486,33.75032043457031,6434800
2020-01-06,33.10257704532697,34.119790502756146,33.07378919393722,34.1005973815918,4673800
2020-01-07,33.90866854738423,34.05741431560025,33.64956691254158,33.80310821533203,3871200
2020-01-08,33.87988085454858,34.753147704611735,33.78391891262607,34.32611083984375,7609000
2020-01-09,34.887494473057885,35.05063416056769,34.671578282129964,35.026641845703125,4257400
2020-01-10,35.237765052515606,35.2809468295411,34.56122126007445,34.729156494140625,4863000
2020-01-13,34.94506741363132,35.43447906483953,34.786726950320904,35.42967987060547,3547000
2020-01-14,35.28093856952541,35.63600207566794,35.074617141487316,35.26174545288086,5305400
2020-01-15,35.237758145931906,35.77035525580553,35.19937191117945,35.50645446777344,6929400
2020-01-16,35.97667885351912,36.3701286315918,35.89031165049277,36.3701286315918,3962200
2020-01-17,36.62442535190496,36.777966615557254,36.41330474161588,36.710792541503906,6911000
2020-01-21,36.34613796508168,36.76837560972356,36.32694484568252,36.504478454589844,5034600
2020-01-22,36.79716957467086,37.022684166768165,36.446901528510764,36.52367401123047,3390600
2020-01-23,36.25496458831287,36.66281189083444,35.842321752399,36.600433349609375,5179000
2020-01-24,36.849950963102174,36.85954569340351,35.15619369889934,35.6168212890625,10740400
2020-01-27,33.759926105954825,34.42207228130544,33.62077872969085,33.91346740722656,13672800
2020-01-28,34.39808349800509,35.26175194166409,34.2301446116397,34.96426773071289,6222200
2020-01-29,35.4440836915936,35.50645858476411,34.801126997433734,34.87310028076172,4409600
2020-01-30,34.138977960829195,35.26654710201638,33.87507716448811,35.17538070678711,7025000
2020-01-31,34.96905539888641,35.026634746463145,32.958625017106826,33.2849006652832,13743000
2020-02-03,33.78391869736884,34.64758715130874,33.740733261279466,34.01422882080078,6987000
2020-02-04,35.266541899857096,35.86151382663753,35.14178848174248,35.564029693603516,5444000
2020-02-05,36.610038568850804,36.85954179816811,36.08703613521472,36.768375396728516,6672400
2020-02-06,37.14263488574401,37.214604505543114,36.75877983015426,37.147430419921875,3941200
2020-02-07,36.763578679043114,37.02268029002068,36.36053050839588,36.57645034790039,5909000
2020-02-10,36.226170213453614,37.37773132324219,36.21657548768644,37.37773132324219,4518600
2020-02-11,37.87194732471214,38.15024199985481,37.38253570697189,37.569664001464844,5982600
2020-02-12,38.087873183619116,38.35177400512051,37.943930276111054,38.275001525878906,4594400
2020-02-13,37.74240713901912,38.500515220128605,37.63204761783198,38.13105773925781,5260200
2020-02-14,38.27500227802268,38.35177475877295,37.84796542081111,38.31818771362305,4598800
2020-02-18,37.93432799220326,38.150247822372904,37.49769645865148,38.015899658203125,4920600
2020-02-19,38.370950504663426,38.80278636156574,38.25579549639338,38.55807876586914,2816000
2020-02-20,38.337365531879186,38.64444801088496,36.94589598973384,38.05427169799805,7485400
2020-02-21,37.56486495724265,37.66562606539325,36.5812388632245,36.88352584838867,10155200
2020-02-24,33.43844470161225,34.32130613998649,32.80988200247615,33.1937370300293,16498800
2020-02-25,33.66875809932281,33.85588643695426,29.873405692629113,30.185287475585938,17715800
2020-02-26,30.607526242750808,31.739894632428328,29.59990946516272,29.85421371459961,16942600
2020-02-27,28.088486846188506,29.268836194415425,25.780566480782472,25.790163040161133,27476400
2020-02-28,23.506235998844023,25.617429733276367,22.67135360057697,25.617429733276367,29334200
2020-03-02,25.910117741974545,28.760230034663376,24.984070794768037,28.721845626831055,19694200
2020-03-03,28.86578430187782,30.06052917462117,25.521459961270356,26.279571533203125,25196800
2020-03-04,27.81499012189922,29.64789078672182,27.085668113486367,29.585514068603516,14220800
2020-03-05,27.34956737881683,28.30920132193321,25.9197130232162,26.615447998046875,20202400
2020-03-06,24.15398210678662,25.62222243640875,23.376679264213102,25.28635025024414,18677400
2020-03-09,19.94599067185287,21.879652414685214,19.19267819897174,19.379806518554688,25803600
2020-03-10,21.591761942339105,22.441038131713867,19.216667762610534,22.441038131713867,24889400
2020-03-11,20.603340078373808,20.872038241095556,18.31941210148664,19.135101318359375,24775000
2020-03-12,15.16221749910705,17.48453095492103,13.578820837878688,13.583619117736816,44989800
2020-03-13,16.16503449703652,17.402963268228355,13.857114922470446,17.35498046875,35916400
2020-03-16,11.995424025150738,14.64881214897824,11.155744343390186,11.290093421936035,43515000
2020-03-17,12.024213243556517,13.602811544548512,10.925432836984857,13.396490097045898,43122400
2020-03-18,10.680724720783566,12.057798765043081,9.45239366508092,11.34287166595459,63240200
2020-03-19,10.94942238732462,12.13936817485573,10.028173829034495,11.270899772644043,47756200
2020-03-20,11.688339202601423,11.937843278538484,9.692301104036646,9.74028205871582,47508400
2020-03-23,9.663512333986038,9.821851878652906,8.401594255601994,8.93898868560791,63418400
2020-03-24,10.368844524799576,11.510808456782126,10.316064367735533,11.438836097717285,49427400
2020-03-25,11.6201607521534,13.245829460845725,10.898710369772823,11.884692192077637,61940600
2020-03-26,12.269466622971555,14.202953922004154,12.216559966558163,13.957660675048828,45637200
2020-03-27,12.683097558204402,13.899943228236362,12.322372383160006,12.697525978088379,46225400
2020-03-30,13.048633148541274,14.044235520792988,12.73119503009754,13.938422203063965,32701200
2020-03-31,13.770081848784141,14.207762568760002,13.067870619945248,13.289114952087402,48913200
2020-04-01,11.798116624739093,12.331989180171481,11.172859197723048,11.5143461227417,45514400
2020-04-02,11.384486324252498,12.428184512362657,11.288292579293255,12.303133010864258,47101200
2020-04-03,12.163652660085459,12.52437781488223,11.346008608930841,11.774068832397461,41665200
2020-04-06,13.154445519303778,14.453055660169282,12.986106912884656,14.15485668182373,41583000
2020-04-07,15.655472966917861,15.780525394275907,14.135617564577386,14.15485668182373,59664000
2020-04-08,14.621392715305138,15.809380558077224,14.241429363718723,15.592945098876953,40655200
2020-04-09,16.203773071885145,16.81460121250959,15.833428364510812,16.29996681213379,53853200
2020-04-13,16.122007576389255,16.17972307944966,15.102357542817845,15.823808670043945,43303400
2020-04-14,16.780936806663124,17.411004179732803,16.578931565755134,17.261903762817383,38211200
2020-04-15,16.117196191825773,16.477921281331426,15.73242312996828,16.15086555480957,33866800
2020-04-16,16.38654136657715,16.540450620568887,15.799761189019254,16.38654136657715,42307200
2020-04-17,17.483143673570094,17.82463151994996,16.958889751373246,17.7236270904541,37022800
2020-04-20,16.958893339619404,17.637056645331718,16.723220568664278,16.771316528320312,35936400
2020-04-21,15.895958340911491,16.13163296867822,15.059075904803155,15.222604751586914,43077600
2020-04-22,16.11719913669494,16.55968961473813,15.886335257397931,16.25187110900879,24901400
2020-04-23,16.49716890727545,17.08875813921396,16.19415916197985,16.232637405395508,36714200
2020-04-24,16.535640856959688,17.040655683739818,16.141248185779553,16.920413970947266,28577800
2020-04-27,17.30999630868584,17.863107039643698,17.218611440500315,17.665910720825195,23238600
2020-04-28,18.39217445222874,18.454698826136397,17.348475359837984,17.406190872192383,36668400
2020-04-29,18.47393938211338,19.075148034010773,18.26231459715305,18.752901077270508,29156800
2020-04-30,18.478744552003697,18.579748979746693,17.87753602022727,18.2286434173584,30899600
2020-05-01,17.25228391265566,17.401384327057283,16.554881471041362,16.766508102416992,33125400
2020-05-04,16.4202134301909,16.99256534640867,16.136442820860548,16.944467544555664,21443000
2020-05-05,17.478335524827575,17.94006326372373,17.30999786004552,17.396570205688477,22136000
2020-05-06,17.733251840596417,17.810206483146253,17.011801378662952,17.05027961730957,26540200
2020-05-07,17.670724123161968,18.026638589819832,17.55048240217752,17.656293869018555,22188000
2020-05-08,18.267123713912127,18.59899023388156,18.05549892599958,18.522035598754883,20463600
2020-05-11,18.118019100049196,18.825040907545624,18.03625562190643,18.55088996887207,21826600
2020-05-12,18.776947200970188,18.868330246521104,17.40619050924833,17.411001205444336,24825200
2020-05-13,17.310001762905916,17.512007006190203,16.016199461395516,16.5115966796875,37855000
2020-05-14,16.011387907739717,17.112802505493164,15.573708119449199,17.112802505493164,41451200
2020-05-15,16.627026929835765,17.324429358140858,16.429830558290227,17.314809799194336,31935400
2020-05-18,18.565320187558264,19.214626553791742,18.483556701482367,18.916427612304688,26279400
2020-05-19,18.78656940426629,19.1328643546825,18.31522202154548,18.33445930480957,24525200
2020-05-20,19.05109957896056,19.431063877806046,18.99819292535636,19.257915496826172,20024400
2020-05-21,19.22905370370052,19.397393195575606,18.618225607510503,18.83946990966797,26277200
2020-05-22,18.79618577279034,18.98857141597848,18.536463228006244,18.940475463867188,14088200
2020-05-26,20.210231683389697,20.258327645025968,19.584975008401507,19.666738510131836,18760200
2020-05-27,20.263134681223995,20.532474953316456,19.224246318777226,20.527666091918945,24204600
2020-05-28,20.772961204377243,21.20583217857082,20.272756987773075,20.426666259765625,21445800
2020-05-29,20.320849954386983,20.81143637463838,19.67154542346944,20.667146682739258,25808800
2020-06-01,20.546910466868212,21.071164561066183,20.436288278976974,20.941303253173828,13758600
2020-06-02,21.14811101602502,21.47035789489746,20.84991027572612,21.47035789489746,16631400
2020-06-03,21.922477167165926,22.53811435202487,21.850331381864972,22.33610725402832,17846400
2020-06-04,22.076383768971223,22.494824502313122,21.653132338666513,22.119670867919922,21390800
2020-06-05,23.39904086154059,24.26958979277331,23.384610606642294,23.822290420532227,24524400
2020-06-08,24.0579680086543,24.745750921078184,23.913678284908343,24.71689224243164,16026600
2020-06-09,24.04834231409839,24.51968960328557,23.831906866322925,24.178203582763672,19661800
2020-06-10,24.312880363378945,24.514887448142606,23.577001474386034,23.759769439697266,28500200
2020-06-11,22.0090503978886,22.201437943020096,19.46954507671704,19.609025955200195,48438000
2020-06-12,21.133687240194728,21.27316809680995,19.219438988702677,20.32566261291504,34717600
2020-06-15,19.060718750974495,21.138495611131827,18.81542460464387,20.898012161254883,26411000
2020-06-16,22.62949081229028,22.64872992738247,21.018252535550918,22.095617294311523,27357600
2020-06-17,22.340912811990354,22.40343902255062,21.65793886175689,21.807039260864258,16723800
2020-06-18,21.484791879599445,21.95614108551154,21.369360843870826,21.835899353027344,15716000
2020-06-19,22.634302212507727,22.67758930544016,21.17216244539335,21.451122283935547,21055000
2020-06-22,21.32607522971067,21.97057103403117,21.080782885673354,21.908044815063477,12902800
2020-06-23,22.490013855274324,22.71126004747176,22.090812239410866,22.1870059967041,13761200
2020-06-24,21.710851895866146,21.855141640942836,20.07075436256693,20.508434295654297,29068000
2020-06-25,20.359330856080888,21.201022976490936,19.921649192114177,21.133686065673828,20195400
2020-06-26,20.89800626196487,20.941293344112953,19.512821467968887,19.623443603515625,23108200
2020-06-29,19.892792296693017,20.498809814453125,19.416634234011834,20.498809814453125,17411800
2020-06-30,20.417042943819546,21.657936450255637,20.373755854365793,21.335689544677734,17873600
2020-07-01,21.532889011106043,22.009045229641096,21.42226684079241,21.730085372924805,19006400
2020-07-02,22.518870355472384,22.81706932297874,21.932090143990052,22.07638168334961,17203200
2020-07-06,22.97578866702045,23.20184369353577,22.788211872568628,23.105649948120117,14732800
2020-07-07,22.730496799138052,23.20665487748647,22.29762765356458,22.374582290649414,14961800
2020-07-08,22.566968133882703,22.922884479762548,22.158146965342347,22.894025802612305,14111600
2020-07-09,23.047935457008453,23.09603325304995,21.70603905545883,22.504444122314453,19465800
2020-07-10,22.470771882845366,23.259557225523512,22.162953391531254,23.197031021118164,13980000
2020-07-13,23.754961849409074,24.312883543296977,22.44192204831282,22.591022491455078,19627400
2020-07-14,22.244717940801877,23.543328868618914,21.980186526832835,23.456754684448242,22470000
2020-07-15,24.231110165231495,24.375399851785314,23.548136291253808,24.110868453979492,19134600
2020-07-16,23.658763308812816,23.98101211527706,23.490425612353103,23.870389938354492,12577800
2020-07-17,24.110871286937318,24.269589410372568,23.639523943616666,24.07720375061035,10825000
2020-07-20,24.02429627955915,24.837129654933765,23.836719487914472,24.654361724853516,10791000
2020-07-21,25.140140180428862,25.255571209419283,24.577407951185396,24.803462982177734,14608600
2020-07-22,24.73612553409151,25.30366657056623,24.70726686224361,25.241140365600586,10376400
2020-07-23,25.140142121170484,25.322910071714755,24.00025098949257,24.327308654785156,17185600
2020-07-24,23.870393316122875,24.12049638249894,23.50004849676276,23.875202178955078,17366200
2020-07-27,24.024297194448415,24.428309466739037,23.846339953898717,24.37059211730957,10934000
2020-07-28,24.20225391128294,24.486024451569662,23.846339437885216,23.923294067382812,10729600
2020-07-29,24.13973077888093,24.938135849730788,24.12049349511141,24.793846130371094,10110600
2020-07-30,24.05796478746582,24.635125439915367,23.548139208099148,24.529312133789062,17065000
2020-07-31,24.981421060602642,25.13533032758436,23.937723729211424,25.111282348632812,15709000
2020-08-03,25.534536714068672,25.823116164469813,25.399866548513927,25.621110916137695,9230800
2020-08-04,25.423911268280992,25.93373502089375,25.423911268280992,25.909687042236328,10125800
2020-08-05,26.280030646562103,26.48684655659653,26.203076017345325,26.400272369384766,9164400
2020-08-06,26.260795768922122,26.97262849749214,26.183841127285284,26.9389591217041,11800800
2020-08-07,26.688861067555308,27.04958633688674,26.453186417638257,26.99186897277832,14788400
2020-08-10,27.12653220990008,27.290061019138047,26.607087109470193,27.232343673706055,10513800
2020-08-11,27.564213133621898,27.718122391682737,26.37622432789318,26.583040237426758,13895200
2020-08-12,27.19386945884677,27.88165228508266,27.19386945884677,27.6604061126709,10382800
2020-08-13,27.472827969789833,27.872031365195493,27.28044231654941,27.540163040161133,7720600
2020-08-14,27.41992108242151,27.670024080746234,27.232344292363727,27.520925521850586,7134600
2020-08-17,27.78545908244131,27.891272391554974,27.68926533186009,27.790267944335938,4849800
2020-08-18,27.896079402420558,28.078847332923097,27.472828028793707,27.948986053466797,6408200
2020-08-19,28.083660386388292,28.21352168522825,27.46802326721514,27.626741409301758,8725800
2020-08-20,27.15058510785661,27.992277283172623,27.1217264299096,27.87684440612793,6766200
2020-08-21,27.785458146684533,28.21351839587444,27.69888395755139,28.165422439575195,7092600
2020-08-24,28.829149888246455,29.04077645856878,28.564618510086326,29.02634620666504,6936400
2020-08-25,29.18987901883266,29.348598968452833,28.86282139665445,29.319740295410156,8067600
2020-08-26,29.488079143987385,30.28648406623584,29.343787616740315,30.214338302612305,6783600
2020-08-27,30.464444624250607,30.81555025381506,29.940190610847644,30.401918411254883,11451600
2020-08-28,30.709734510119123,31.036792134830144,30.36343960464037,30.998313903808594,9331400
2020-08-31,30.935792402659544,31.190704285243253,30.603925885631142,30.647212982177734,8415200
2020-09-01,30.892500481339702,31.551422676656372,30.63758681896469,31.522565841674805,10276200
2020-09-02,32.09492723830253,33.16267081987308,31.758248160593556,32.88371276855469,13088600
2020-09-03,32.38831020892778,32.522984027139465,28.713725116366344,29.473651885986328,25688600
2020-09-04,29.67565995608969,30.103720230348202,26.79466723731231,28.78106117248535,19516400
2020-09-08,27.270825766887583,27.607502990625605,26.30889189034653,26.414703369140625,20648400
2020-09-09,27.43435241626156,28.598291433581604,27.198677827975246,27.939367294311523,12566000
2020-09-10,28.449194406445013,28.631960517307633,26.246365004715546,26.49165916442871,18052800
2020-09-11,26.94376259752992,27.222722410669423,25.803871700434204,26.52532196044922,17754400
2020-09-14,27.357395235730042,28.035558428128347,27.21791440739278,27.58344841003418,8035200
2020-09-15,28.242373969770608,28.453998722893388,27.722928892001615,27.997079849243164,8717000
2020-09-16,28.34818970189929,28.718534451743626,27.597882478351522,27.674837112426758,10333000
2020-09-17,26.36179722258316,27.386255428610973,26.236744797459778,26.953386306762695,14612600
2020-09-18,27.155394566330255,27.16982482299224,25.361387996296234,26.01069450378418,17098600
2020-09-21,24.84675340481309,25.159382666794677,23.894439031741072,25.149763107299805,18475200
2020-09-22,25.49605454245395,26.039547652771486,24.88041749803679,25.8952579498291,8707200
2020-09-23,26.044360768538727,26.10207628812837,23.976201440190852,24.09644317626953,11749000
2020-09-24,23.76938048280093,25.02470423566122,23.456753135927926,24.29363441467285,14627000
2020-09-25,24.07720670369177,25.649968884732168,23.87039076389254,25.447961807250977,11708600
2020-09-28,26.501276791785713,26.900480219582544,26.25598446770978,26.74176025390625,8615000
2020-09-29,26.688855978175916,26.862002533252536,26.116504152410993,26.304080963134766,7061800
2020-09-30,26.477227771734963,27.698884151623837,26.41951225682286,26.890859603881836,13659400
2020-10-01,27.564217815646433,27.809510163988737,26.914911302840228,27.391069412231445,8014600
2020-10-02,26.106883475500254,27.131343514898504,25.981832885287602,26.635948181152344,11139000
2020-10-05,27.160202136516148,28.078848866019122,27.14577188151552,28.02113151550293,8081600
2020-10-06,28.078850251284866,28.62715226503692,26.708093382161476,26.84757423400879,13865000
2020-10-07,27.607502044874618,28.4540030199451,27.602691348200484,28.24237823486328,7007600
2020-10-08,28.757010788029344,29.00230309459625,28.52133620468672,28.96863555908203,7647000
2020-10-09,29.444794110381995,29.8920934727223,29.27645459507774,29.757421493530273,9155000
2020-10-12,30.512541054987434,31.60914689137903,30.344203365170607,31.190704345703125,10035000
2020-10-13,31.16184224614556,31.18108136023339,30.315339573710048,30.594301223754883,7817000
2020-10-14,30.75302577352484,31.060846159216254,29.805522140402015,30.041194915771484,9496800
2020-10-15,28.9061077771797,30.04118986917687,28.77624833854236,29.896900177001953,9637600
2020-10-16,30.272057110110268,30.743404468829002,29.795900889506207,29.83437728881836,7622800
2020-10-19,30.195099542563906,30.36824790950102,28.237564526428336,28.482858657836914,11269400
2020-10-20,28.838773179106642,29.690084761957884,28.641576835151927,28.800296783447266,11731200
2020-10-21,28.795487571203637,29.396696191650683,28.57905210089408,28.64638900756836,9335600
2020-10-22,28.70891329295041,29.28126507205473,28.13656334858919,29.14659309387207,10873200
2020-10-23,29.464034184106488,29.48327330220615,28.761822886158317,29.40631866455078,9725000
2020-10-26,28.487671925055714,28.70891627936199,26.837955157338865,27.795080184936523,18392800
2020-10-27,27.881653793508043,27.973036850599474,27.448782818352313,27.506498336791992,8161000
2020-10-28,26.020313268762205,26.18865281509683,24.558175022352344,24.683225631713867,19969200
2020-10-29,24.736125837629434,26.188645979757894,24.327304739187085,25.419097900390625,12400400
2020-10-30,25.019899336817367,25.351765850290732,23.716479427172715,24.61107635498047,18944800
2020-11-02,25.452771776484287,25.928929895384954,24.77460840606077,25.457582473754883,13937800
2020-11-03,26.25598241921757,27.309299240618163,26.130931835958354,26.78985595703125,13491600
2020-11-04,27.963419093591742,29.646803473623173,27.65079166671764,28.574247360229492,20369000
2020-11-05,30.021955585917546,30.753025556635013,29.92576366548213,30.248010635375977,17022400
2020-11-06,30.18067856436648,30.58469090857802,29.598708947925893,30.257633209228516,13941800
2020-11-09,33.84564566126188,33.93221985921719,31.243612695123097,31.39752197265625,28330800
2020-11-10,31.084896778022145,31.537006945188473,30.329780547948573,31.258045196533203,14247000
2020-11-11,31.854438332088247,32.16706387100312,31.503330892302436,31.92658042907715,8015200
2020-11-12,31.642813006434228,31.864057341599814,30.47406328471006,31.00312614440918,11904200
2020-11-13,31.546610794155555,32.494115981583526,31.392701564234827,32.28730010986328,9809600
2020-11-16,33.0760938275399,33.4945363734298,32.691322489117006,33.46086883544922,10209400
2020-11-17,32.77789980074064,33.31658045967724,32.330600371024055,32.97028732299805,6924200
2020-11-18,33.03280893128464,33.196335926290075,31.739006714091506,31.753435134887695,8335600
2020-11-19,31.565864033924885,32.263268410912964,31.195521045066283,32.16226577758789,8866000
2020-11-20,32.080489011420084,32.13820635728522,31.47928041923091,31.50333023071289,5304000
2020-11-23,31.998730934281046,32.407552112200776,31.373476094370478,32.075687408447266,8794400
2020-11-24,32.79713469716109,33.76387554216835,32.55665124267417,33.60996627807617,9808400
2020-11-25,33.58591447896653,33.5907215052167,33.12899379068804,33.45124435424805,6243400
2020-11-27,33.77830675902192,33.8696879741151,33.432010006390776,33.710968017578125,3632400
2020-11-30,33.480108469285554,33.56668266392639,32.47969636887727,33.273292541503906,9995000
2020-12-01,34.244840068232875,34.81719182432055,34.066884672766726,34.365081787109375,7728200
2020-12-02,34.01878000901166,34.615177754482495,33.84563168460317,34.56227111816406,7159400
2020-12-03,34.53823816131637,34.97110918350225,34.2256125553642,34.54304885864258,7116200
2020-12-04,34.73062416828609,35.43283549818161,34.70176732456703,35.4232177734375,5830600
2020-12-07,35.2164052994352,35.3751252944943,34.82201249532558,35.245262145996094,5255600
2020-12-08,34.822007345282195,35.70698475747765,34.8171966484045,35.533836364746094,4220000
2020-12-09,35.726223521640335,35.78394087514136,34.3169902483307,34.586334228515625,8655200
2020-12-10,34.14865424681545,34.85086556986226,33.87931392276645,34.51899719238281,6214000
2020-12-11,33.999558980397595,34.48052598854814,33.55225951603811,34.38914108276367,6650000
2020-12-14,35.07210496087516,35.39435189854515,33.869687728238304,33.94183349609375,7900400
2020-12-15,34.72100102551383,35.322209639090474,34.297747813084726,35.30778121948242,6934600
2020-12-16,35.39915921563734,35.77431276928913,35.12500825954674,35.48092269897461,6312800
2020-12-17,35.98593903918728,36.139848282136654,35.74545561773602,36.07732391357422,5938800
2020-12-18,36.17352039612073,36.20237723611445,35.02400978954484,35.65888595581055,12352400
2020-12-21,34.42760384241987,35.543446652768765,33.60034037329328,35.30296325683594,12077600
2020-12-22,35.36067378615026,35.39915200676218,34.749847629247654,35.06728744506836,6252400
2020-12-23,35.364162097814265,35.75870090227579,35.123589566536616,35.17170333862305,4289000
2020-12-24,35.32085813397931,35.58067321777344,35.13802067468944,35.58067321777344,3174600
2020-12-28,36.37456451712404,36.6151370386273,36.16767200179742,36.4852294921875,4363600
2020-12-29,36.975998761590425,37.028925014198,36.10031486050906,36.268714904785156,5790400
2020-12-30,36.528529197390995,36.74985546705897,36.31682788383848,36.413055419921875,4217400
2020-12-31,36.379388212939475,37.206958529426444,36.20617565037958,36.98081970214844,5678600
2021-01-04,37.4042123345859,37.44270481668204,34.29120350882935,35.4651985168457,14195000
2021-01-05,35.25831482363598,36.52372887509065,35.25350234446025,36.16767883300781,8545800
2021-01-06,35.710589507239035,37.842062423072775,35.54218945830436,36.846092224121094,15697800
2021-01-07,37.59186445582638,38.70812091469341,37.53412939452794,38.46754837036133,10134000
2021-01-08,38.92464415707666,39.19408427185986,37.86131379455442,39.12672424316406,12885600
2021-01-11,38.07301077362305,38.91501470596821,38.04895572092068,38.34726333618164,9382800
2021-01-12,38.4050043130522,38.68406937078707,37.63036035638757,38.376136779785156,9411200
2021-01-13,38.34245196868224,38.987184603262826,38.08263318925786,38.65519332885742,6181000
2021-01-14,38.9102094405581,39.06898454955621,38.14518674639232,38.25585174560547,7253600
2021-01-15,37.72177595837031,37.98159474863033,36.81241202788312,37.40903091430664,8500800
2021-01-19,38.19329058265235,38.46273429155483,37.73620427939874,38.29433059692383,8177200
2021-01-20,39.035300769737766,40.14674845056433,38.915014494342586,39.86768341064453,6933400
2021-01-21,40.05051388140516,40.19967134660779,39.67522132086432,39.95909881591797,4612200
2021-01-22,39.36248049079247,39.92542306242965,39.23257292555059,39.55493927001953,7853600
2021-01-25,39.800317698728996,40.12749646785183,38.193291380411026,40.03126525878906,10155600
2021-01-26,40.31995268111789,40.4642939793726,39.75701023830486,39.8436164855957,4737800
2021-01-27,38.72255297384762,38.73217425911278,36.162861604427015,36.908634185791016,14850000
2021-01-28,37.4715746801302,39.11228104107761,37.34647961178261,37.83724594116211,13362400
2021-01-29,37.24063209876278,37.55818596124893,35.03217414388308,35.60955047607422,15330000
2021-02-01,36.62477710989613,37.67367388335498,35.970419287691705,37.30800247192383,7982200
2021-02-02,38.36169530960855,39.42983420529891,38.34725787502822,38.90538787841797,7695400
2021-02-03,39.1988930769297,39.578998157995585,38.602274162614876,39.02568054199219,6377200
2021-02-04,39.362488608056516,40.348837760719725,39.30475353197449,40.33440399169922,5272800
2021-02-05,40.99355676778187,41.0561079735865,40.44024289728052,40.80110168457031,5969800
2021-02-08,41.30148929896918,41.72489929199219,41.02723676750901,41.72489929199219,4910800
2021-02-09,41.426598520694405,41.82113741438306,41.282257171791535,41.60943603515625,4008800
2021-02-10,42.201236398086394,42.26859641860642,40.73855484950934,41.58055877685547,6938000
2021-02-11,41.94622768460539,42.07613523937137,40.931011285125656,41.75376892089844,6182600
2021-02-12,41.46027361178816,42.45624385140062,41.46027361178816,42.384071350097656,5201800
2021-02-16,42.797852294335236,42.86040350246388,42.0183996341707,42.25897216796875,7512200
2021-02-17,41.64310866735863,42.36482629645777,41.3014924259075,42.29746627807617,7880600
2021-02-18,41.37847587907235,41.994340979239524,40.786665829815895,41.76339340209961,8199200
2021-02-19,42.18198138852111,42.26858763560031,41.36403635454145,41.53243637084961,7556600
2021-02-22,40.55572123468927,41.378478921582015,40.46911496918236,40.58940124511719,7823400
2021-02-23,39.81957023123053,41.15715304632915,38.400189957794886,40.714500427246094,13051000
2021-02-24,40.31995473884407,42.18679612246583,40.0072097370637,42.056888580322266,12564800
2021-02-25,41.61904540044543,42.080944192133906,38.496415160664874,39.04010772705078,20683400
2021-02-26,39.62229352404643,39.992777262522814,37.73620583805229,38.36650466918945,18970400
2021-03-01,39.96390932642594,41.59018205252741,39.96390932642594,41.147525787353516,9865000
2021-03-02,41.26781105146705,41.344796024696684,40.13712087078712,40.209293365478516,12509000
2021-03-03,39.98316048003354,40.30552684347712,38.592651316311986,38.6263313293457,16727000
2021-03-04,38.55415970830957,39.39135491580001,35.70578128946865,37.16365051269531,20259000
2021-03-05,38.279902230002975,39.55974993288916,35.970407997839295,39.22294616699219,22432800
2021-03-08,39.53568642324574,40.45467519694814,38.53971635321458,38.64556884765625,15477000
2021-03-09,39.877303654151106,41.11384638602667,39.7233373725075,40.28146743774414,8943400
2021-03-10,41.09460124340389,41.604613831176636,40.599018749217656,41.017616271972656,10816200
2021-03-11,41.883687585939356,42.95663923551818,41.72009632293521,42.28303527832031,7686200
2021-03-12,41.816328943808664,42.49955421167402,41.53245138156545,42.45624923706055,7834200
2021-03-15,42.53803874550153,43.303057668980934,41.801883681618484,43.22126388549805,6305600
2021-03-16,43.41853660197083,43.668734131575285,42.773803873463415,43.06730270385742,6973200
2021-03-17,42.60059507717162,43.76015306300478,42.19162240450592,43.46184539794922,8504200
2021-03-18,42.57171691054483,43.298243314733305,41.37847553573758,41.5709342956543,10932600
2021-03-19,41.479516931506865,42.003966977865325,40.599020553568806,41.349609375,8538200
2021-03-22,41.49876367320053,42.802666415938155,41.493951194503076,42.29746627807617,7587800
2021-03-23,42.11408720157988,42.60982958339507,41.060030586847816,41.34400177001953,9710600
2021-03-24,41.810865316324936,42.35955139246483,40.69424057006836,40.69424057006836,8244600
2021-03-25,40.21293862539353,41.65203612621992,39.55836508766803,41.36325454711914,11545800
2021-03-26,41.777174506957614,43.50505351864341,41.56539964368768,43.38954162597656,10852800
2021-03-29,42.85049066643606,43.61095179912007,42.330681512040066,43.30773162841797,11301200
2021-03-30,42.879357095970505,43.19220532457946,42.40286732529165,42.94674301147461,8918600
2021-03-31,43.158518640718,44.015238971547056,43.14889417868883,43.48099136352539,11006000
2021-04-01,44.14518197095486,44.89601467027695,44.0681716058673,44.83344650268555,10146600
2021-04-05,45.83457219164562,47.004140820093966,45.81050552772872,46.77792739868164,10349200
2021-04-06,46.60946364910786,47.100395638544555,46.48913768511649,46.705726623535156,9015400
2021-04-07,46.67203329455463,47.004134114532356,46.48432509336465,46.8934326171875,6547800
2021-04-08,47.33624059223171,47.562454025958395,46.99932931139891,47.53357696533203,5686000
2021-04-09,47.52394245911422,48.64056727567647,47.45174614516975,48.56837463378906,6527000
2021-04-12,48.33252581176728,48.72719477351189,48.120754640722026,48.6116828918457,5920000
2021-04-13,48.57799905666913,49.290330389866405,48.44323456251055,49.02079772949219,6068000
2021-04-14,49.04486039311338,49.44434344827082,48.34215725081903,48.54911804199219,9262400
2021-04-15,49.34808987686348,50.204810259066264,49.33846541425717,50.103736877441406,7601600
2021-04-16,50.609100625386894,50.84493848400674,50.06041452946327,50.642791748046875,9362400
2021-04-19,50.23850720282547,50.42140506203824,49.338471126603054,49.88234329223633,8908000
2021-04-20,49.37215690249144,49.665752586906564,48.21221269487474,48.79458999633789,9427400
2021-04-21,48.534681740205386,50.21443493371715,48.4817416914323,50.14223861694336,7360600
2021-04-22,50.084488543700175,50.387712386444655,48.36142317000938,48.784969329833984,11929200
2021-04-23,48.98229242875005,50.87863082042571,48.958229438880004,50.344383239746094,7257000
2021-04-26,50.60428667961098,50.87862972822826,50.43101699921512,50.66685485839844,6124400
2021-04-27,50.772745795714975,50.84494211286966,50.190368535566435,50.61391830444336,5314200
2021-04-28,50.72943339183759,51.157793582561695,50.41177104524715,50.541725158691406,7077600
2021-04-29,51.648722288599664,51.76904826815343,50.22406313132999,51.48508071899414,8503400
2021-04-30,50.65241883555479,50.98451968474814,50.17592902692831,50.512840270996094,10135200
2021-05-03,51.25886941514113,51.42732505908922,50.64761502937016,50.84013366699219,6332400
2021-05-04,50.06041960804757,50.24812783506127,48.46249080881724,49.901588439941406,13769600
2021-05-05,50.536917085766994,50.60911341601538,49.646505471524584,49.89678192138672,7332800
2021-05-06,49.96896940624947,51.16260466182912,49.184445392304845,51.100032806396484,8457200
2021-05-07,51.42251497873825,52.4958244597859,51.162614063384744,52.23110580444336,9123200
2021-05-10,52.39474179133716,52.46212404221396,50.62835739524627,50.68130111694336,9577000
2021-05-11,48.90528869291093,49.694626780945384,47.812726803215064,49.352901458740234,13711000
2021-05-12,48.24108268483411,48.73201095729152,45.95969997243418,46.20998001098633,14976400
2021-05-13,46.724977228172904,48.53467700563794,46.724977228172904,47.812721252441406,14824200
2021-05-14,48.85715713081437,50.34919840131062,48.84752899701136,50.02191162109375,9549200
2021-05-17,49.60799443924321,49.96415830864869,48.87641410315931,49.64649963378906,10020200
2021-05-18,49.76200063714908,49.82938287680488,48.30846474621546,48.39990997314453,6724600
2021-05-19,46.57577576516483,48.02931556761824,46.02708962497062,47.98118591308594,10097600
2021-05-20,48.308481629640994,49.98823148593098,48.26516236211873,49.51655197143555,7333600
2021-05-21,50.10854485569658,50.56578205111194,49.22294384917617,49.39621353149414,7418000
2021-05-24,50.286633855722826,51.31662392368907,50.16149381163553,50.90751266479492,5101200
2021-05-25,51.31661729781104,51.46582031476671,50.344381474142914,50.575408935546875,6072600
2021-05-26,50.7919966674767,51.06152565884317,50.39732764209418,50.873817443847656,3656200
2021-05-27,51.27330472494884,51.45620256008145,50.89307419703209,50.90270233154297,7473000
2021-05-28,51.54765409808707,51.653541558288126,51.1241079293407,51.201114654541016,5644200
2021-06-01,52.13965447175219,52.18297006191213,50.90270354573244,51.05190658569336,5707600
2021-06-02,51.31180580617729,51.634278517354424,50.93638937560604,51.316619873046875,4335800
2021-06-03,50.382888072791985,51.181850568719824,49.819763439438034,50.743865966796875,7609400
2021-06-04,51.446576695964374,52.235914846050036,51.427324098150386,52.0818977355957,6013200
2021-06-07,52.110766494273456,52.18777687326052,51.60539965238455,52.00006866455078,3919800
2021-06-08,52.31772356248875,52.34179022221821,51.28292329114315,52.014503479003906,4733600
2021-06-09,52.34661367197555,52.35623813435853,51.672787471387906,51.769046783447266,4553200
2021-06-10,52.264787774570976,52.85197910927146,51.735354228746,52.48619079589844,5438400
2021-06-11,52.70758841603942,52.784595126623195,52.19740381118616,52.746089935302734,4152000
2021-06-14,52.7701636096316,53.121517101016266,52.293673737913885,53.116703033447266,4601800
2021-06-15,53.16000824928262,53.16000824928262,52.45730507572905,52.794219970703125,4773600
2021-06-16,52.87604475356822,52.93380254133056,51.07115519663883,51.92787551879883,7662600
2021-06-17,51.754616880522235,52.22629640117233,50.883457843387234,51.889381408691406,7110200
2021-06-18,50.58503049250028,50.82086833493512,49.68499470375526,49.800506591796875,11185000
2021-06-21,50.435830336979734,51.97119077694206,50.12779617007387,51.90861892700195,9854600
2021-06-22,51.90380391967373,53.0541234661838,51.605397891424,52.68351745605469,8762400
2021-06-23,52.75090236613081,53.06856467658642,52.495811907644544,52.53913116455078,4960800
2021-06-24,53.36216049623769,53.64131394540481,53.27552565420457,53.45841979980469,9034000
2021-06-25,53.77126519603143,54.18999718362894,53.62206218178927,54.01191711425781,6309800
2021-06-28,54.22369491717966,54.40658906300714,53.73757698783079,54.3632698059082,9842200
2021-06-29,54.49804241953898,54.75313289997794,54.22369934238008,54.425846099853516,6301600
2021-06-30,54.26700855738302,54.83013317508836,54.242941896295335,54.575042724609375,8498800
2021-07-01,54.87827062920087,55.5328442456551,54.8445795021212,55.48952865600586,9977200
2021-07-02,55.92270213216178,56.8756818117169,55.80718655059473,56.75535583496094,10956200
2021-07-06,56.745735955024124,56.832370812166914,55.27775745123185,56.38475799560547,8983200
2021-07-07,56.72166312023357,57.13077069533801,55.874567239412855,57.0152587890625,8007600
2021-07-08,54.7675703256847,55.94676339257093,54.30070496279315,55.653167724609375,14217200
2021-07-09,56.254797121340395,57.50619016809409,56.16335187959683,57.39067459106445,7475600
2021-07-12,57.35698896258895,58.11745005998863,57.17890885703546,58.03562927246094,10706800
2021-07-13,57.71315528352287,58.314785188461315,57.30404401051871,57.44362258911133,12580200
2021-07-14,58.13669161988581,58.32921389144178,57.145206878649354,57.64094924926758,11318000
2021-07-15,57.08264529914649,57.38586912482102,56.278868618247714,57.0585823059082,10190600
2021-07-16,57.58319812688945,57.58319812688945,55.55690915470656,55.739803314208984,10763400
2021-07-19,53.72794736183736,53.92528370258781,52.09632760688735,53.28996276855469,23309200
2021-07-20,53.51136248517645,56.033393644917936,53.203328313241165,55.5665283203125,16256600
2021-07-21,56.03821520459174,56.93825485134491,55.95639441999349,56.885311126708984,9314000
2021-07-22,56.96230951117418,57.328101462769176,56.533949381461156,57.25590515136719,6685400
2021-07-23,58.02599024341398,59.137804619781214,57.74683680472539,58.983787536621094,5911200
2021-07-26,58.74314311622098,59.42659378051758,58.71426238490124,59.42659378051758,5418800
2021-07-27,58.97416389322606,58.98379202718859,57.39548775263249,58.62762451171875,8183000
2021-07-28,58.892342346603066,59.12336614988953,57.924920531191,58.53136444091797,7572200
2021-07-29,58.95972321756942,59.71537013559803,58.92121802723568,59.25813293457031,6752400
2021-07-30,58.15594271950894,59.012662950253656,58.098184937909586,58.358089447021484,6612800
2021-08-02,59.0993023871365,59.35439284962478,57.90085678409854,57.99711608886719,7308000
2021-08-03,58.33883827679166,59.46509117709374,57.42436024213168,59.41695785522461,9525600
2021-08-04,58.863461820172404,59.12817673217326,58.45435061352729,58.56986618041992,6468200
2021-08-05,59.05117152862947,59.69611693593195,58.90677890236863,59.64317321777344,5057000
2021-08-06,59.77794447561395,60.12448388021234,59.662432564766966,59.98009490966797,6092200
2021-08-09,59.93677406805645,60.066728177383816,59.45547016814811,59.79238510131836,4908800
2021-08-10,59.96564118487299,60.31218052288101,59.66723516652132,59.97526931762695,7143600
2021-08-11,60.475837086751184,60.4854615492556,59.9704665119198,60.413265228271484,5811400
2021-08-12,60.35550804216417,61.03895867902839,59.984901993571526,60.947509765625,6878800
2021-08-13,61.14966313576865,61.31330470231735,60.96195490493577,61.284427642822266,7744400
2021-08-16,60.75980822506385,61.78498429308984,60.05229084727589,61.741668701171875,9265000
2021-08-17,60.60097839298856,60.91382300366883,59.205196289121396,60.54803466796875,14781800
2021-08-18,60.081159795871656,60.754985912646326,58.43510152882071,58.560237884521484,13303200
2021-08-19,57.3281029592351,59.30626211417911,57.304036297453905,58.7672004699707,14684400
2021-08-20,58.95490611419918,60.345873912862295,58.743134922385345,60.23517608642578,9821200
2021-08-23,60.923446363848306,62.189277925681765,60.923446363848306,61.77535629272461,7659400
2021-08-24,62.10263057399489,62.30959503309082,61.85235053419749,62.08338165283203,5245000
2021-08-25,62.1700197252449,62.68982878378612,61.996750039064494,62.444366455078125,5116400
2021-08-26,62.328845372441116,62.43473280152956,61.313294007357264,61.37105178833008,9457000
2021-08-27,61.70797613722934,63.16150862480078,61.68390947345054,62.94973373413086,9611400
2021-08-30,63.30590084648385,64.17705972309102,63.195203006767954,63.78720474243164,6443600
2021-08-31,63.78719556446845,63.941216314185624,63.27701468322905,63.59467697143555,8229400
2021-09-01,63.960470007226135,64.1963115437815,63.54173799688015,63.70056915283203,9301600
2021-09-02,64.29256757661032,64.59579134473877,63.68612738446718,64.22999572753906,6092400
2021-09-03,63.77758338671868,64.40327998677549,63.5224928822834,64.15299987792969,7314800
2021-09-07,64.00859754962902,64.04710273645281,63.17112626046656,63.49359893798828,8460400
2021-09-08,63.22407186890712,63.56098308356946,62.37216202717159,63.262577056884766,10266400
2021-09-09,63.127820557235,63.93159717965473,62.31441580057439,62.40586471557617,10624400
2021-09-10,63.28664682506872,63.464726902110485,60.889752000584906,60.95713424682617,12731000
2021-09-13,62.24221420906705,62.36254016538451,60.38919154413284,61.37105178833008,18009800
2021-09-14,62.01119023170822,62.107449539032956,60.0089679973075,60.41807556152344,15547600
2021-09-15,60.57208653002484,62.12669952327556,60.09559676446383,61.934173583984375,13475000
2021-09-16,61.66946711821509,62.09782726809063,60.30737628691968,61.587642669677734,13739400
2021-09-17,61.22666897269183,61.4480683271093,59.64799276063174,59.83570098876953,18838600
2021-09-20,57.1452115677631,57.83828666135599,54.70500103110346,56.85161590576172,25870200
2021-09-21,57.79015939931836,58.31478256226831,56.42806847458537,56.68797302246094,15171800
2021-09-22,57.607263623142096,59.157062732543004,57.19334198502667,58.290714263916016,12969600
2021-09-23,59.075240944654595,61.09671957192269,58.988606093885146,60.413265228271484,9306400
2021-09-24,59.70093635899524,61.005269490895316,59.60467337549906,60.716487884521484,6932000
2021-09-27,60.240001239199074,60.74536815909048,59.859770696390754,60.19668197631836,7759200
2021-09-28,58.940470309628694,59.094487398089285,56.21147830219086,56.562828063964844,17454600
2021-09-29,57.082639085286814,57.80940896782828,56.56764408371145,56.78904342651367,12056200
2021-09-30,57.3954889350966,57.69389866911067,54.63280563214094,54.72906494140625,18906600
2021-10-01,55.41732353612665,57.342538885436745,53.992664618284,56.678340911865234,20352000
2021-10-04,56.177788446139665,56.53395228272868,53.569122344965336,54.46434783935547,16350600
2021-10-05,55.07078688576375,57.05376011471596,54.743500113452356,56.12002944946289,11374800
2021-10-06,54.65205731027978,56.92862261746884,53.97823114057076,56.85161590576172,14926000
2021-10-07,58.21852564628193,59.493981854654805,58.13189078796074,58.295536041259766,11065000
2021-10-08,58.65650334206385,58.796081903543026,57.72277266902381,57.95861053466797,9985200
2021-10-11,57.70833510346775,58.93565777630598,56.70240809949156,56.72647476196289,9545000
2021-10-12,57.11633018012623,57.2751613407683,55.98526680402669,56.33180618286133,10140600
2021-10-13,56.7168441501032,57.260719852912636,55.499145992222374,56.890113830566406,9447800
2021-10-14,58.44954277479773,59.83569658960989,58.24739235992457,59.758689880371094,9437600
2021-10-15,60.71649132095052,61.294054566387075,60.41326749584739,61.135223388671875,7802600
2021-10-18,60.3314441517998,61.81867513744351,60.05710107103838,61.707977294921875,6398800
2021-10-19,62.3817927042482,63.127815145497884,62.12189185494188,63.11337661743164,6880800
2021-10-20,63.29626934845174,63.979719963083156,63.25295376270587,63.82089614868164,7339400
2021-10-21,63.56099968485368,64.42734828034529,63.37329143450679,64.33589935302734,6530600
2021-10-22,64.13854976528263,64.78831291418724,63.243324291561265,64.11930084228516,9910600
2021-10-25,64.60541587073868,65.29849461277163,63.816077824337654,65.09153747558594,6206400
2021-10-26,65.84719036523748,66.41031508954373,65.16855005231126,65.3418197631836,8000000
2021-10-27,65.53431891156927,65.82309674870791,64.43694697339555,64.45138549804688,6128200
2021-10-28,65.10596716121833,66.34291410977788,65.10114942298009,66.28997039794922,8521200
2021-10-29,65.2407577096415,66.84350088737162,65.13005984762154,66.71354675292969,10592200
2021-11-01,67.17558571268478,67.353665797256,66.26591433379453,67.07450866699219,9087200
2021-11-02,67.12265618724405,68.00825374660326,67.07452285166579,67.86386108398438,8008600
2021-11-03,67.59913416218522,69.30776454870191,67.40179779220202,69.12968444824219,8535800
2021-11-04,69.39439202507857,70.13079374068667,69.23075046343881,70.05859375,9553200
2021-11-05,71.16078264113332,71.7768510290554,70.10190821428493,70.81905364990234,9937800
2021-11-08,71.35809424441238,71.58430760367685,70.6650229851712,71.01637268066406,7478600
2021-11-09,71.18484120703552,71.28110785872283,69.59654427179663,70.28480529785156,9782600
2021-11-10,69.47139755214802,70.27517411893253,67.86384441857899,68.60504913330078,10143800
2021-11-11,69.26925154602469,69.30775673661651,68.6435550511074,68.68206024169922,5655000
2021-11-12,69.25001922506009,70.45808957503509,68.79759230728229,70.20780944824219,7729200
2021-11-15,70.82387815326979,70.88163962522249,69.72169526372805,70.23668670654297,6410200
2021-11-16,70.13558248594231,71.63724782401638,70.1067054362274,71.07893371582031,7697400
2021-11-17,70.96345153547651,71.05008271638428,70.25593418160292,70.53990173339844,7756000
2021-11-18,71.05490262733763,71.41106284077415,69.7553761210863,71.24742126464844,8877600
2021-11-19,71.20890951284375,71.82497790846114,70.7276056197605,70.90569305419922,8783200
2021-11-22,71.762419366224,73.00899479042386,70.19818158357559,70.27518463134766,11923800
2021-11-23,70.10673926907695,70.96827015915859,68.8746022592075,70.60729217529297,12857000
2021-11-24,69.61580740231012,71.17523494203866,69.19707528965354,71.08378601074219,9659400
2021-11-26,67.88310206406416,68.58580902300876,65.81350107059171,66.4536361694336,16610400
2021-11-29,68.55211499097376,69.630238434379,67.53657075248712,68.80721282958984,11760000
2021-11-30,67.61839303350393,68.50399051866988,64.64393087156544,64.90383911132812,20481600
2021-12-01,67.33440549924002,68.64837029402632,62.49248995610619,62.60800552368164,19215000
2021-12-02,62.67538900537281,66.14558571045924,62.50692971734902,65.43325805664062,18059800
2021-12-03,66.23222866408159,66.69909402538596,61.82348326460649,63.7101936340332,24006600
2021-12-06,64.87976263929099,66.84829368966513,63.79682894022903,65.98676300048828,16989400
2021-12-07,68.4558398166214,70.36661655711191,68.41252423569061,70.0730209350586,13949800
2021-12-08,70.30887531933563,70.87681040202534,69.45215495601792,70.68910217285156,8183200
2021-12-09,70.0345353852353,70.46771334834128,69.13449934545157,69.23075866699219,7923000
2021-12-10,70.50139865692057,71.24261083283129,69.28370028346822,71.2281723022461,11845200
2021-12-13,70.93936651095231,71.07894138099697,69.15372618852211,69.32699584960938,9221800
2021-12-14,67.69057629952206,68.89383598014788,66.44881142782249,67.87347412109375,9927000
2021-12-15,67.8590391388026,71.13189976585478,66.70390537856538,71.0115737915039,11675800
2021-12-16,71.90677863202419,72.02710457173247,68.36438267324786,69.11040496826172,14363600
2021-12-17,67.64244257865995,69.07191565840418,66.10227166529819,66.93974304199219,20049600
2021-12-20,64.54286382581614,64.95678552423271,63.08932381359299,64.79313659667969,15880200
2021-12-21,66.32848459115577,68.28257711184403,65.33218940758398,68.22482299804688,10337400
2021-12-22,68.07562568424076,70.29924738129897,67.99861529664283,70.2607421875,8348000
2021-12-23,70.70419543786544,72.25464219145209,70.66567415456832,71.54682922363281,7704000
2021-12-27,72.21131849775924,74.59957961527243,72.18724177396814,74.56106567382812,6228400
2021-12-28,74.8018200323299,75.29776969628514,74.01215196423938,74.4262466430664,6149400
2021-12-29,74.44550761196818,75.17739745860814,73.94474551512091,74.69589233398438,6465000
2021-12-30,74.83071211996436,75.36999550079642,73.82436818709562,74.05548858642578,6001000
2021-12-31,73.7762302665602,74.36366722170308,73.34287850819618,73.45843505859375,5945200
2022-01-03,74.11327844481589,74.79701493739731,72.95766892017978,74.74404907226562,9503800
2022-01-04,75.4566734566968,75.80335039686663,73.7473287462734,74.68144989013672,11905200
2022-01-05,74.49366566967252,74.85479453547102,70.31900951551876,70.34308624267578,15084000
2022-01-06,70.16010670691362,71.44090460422333,69.01893469941015,70.15047454833984,13981200
2022-01-07,70.12158619949416,70.70902297689359,68.66262641467647,69.35598754882812,13156600
2022-01-10,67.77184138329612,69.1537586397996,65.07059753587203,69.04301452636719,18895800
2022-01-11,68.91781262168345,70.96420886041737,67.4973670017569,70.94013214111328,14850200
2022-01-12,71.76352787040459,72.48097322435365,70.55976493590434,71.56611633300781,10613000
2022-01-13,72.03316933386122,72.32206799932685,68.04630750351775,68.53743743896484,9745400
2022-01-14,67.00625411129376,68.75893245025063,66.47659554161515,68.59522247314453,11007900
2022-01-18,66.38029446665168,66.48622617816075,64.44464187574985,64.96466827392578,11867700
2022-01-19,65.62915975188169,66.26474279071995,62.797906845383906,62.95199203491211,11656200
2022-01-20,63.741641740073625,65.83137192227105,60.62148735710787,60.85260772705078,10739300
2022-01-21,60.361475742042124,61.34374652360576,57.231692793629506,57.27021408081055,23424600
2022-01-24,54.87231908140993,58.16581577521711,50.48099138086443,57.98284149169922,26532700
2022-01-25,55.27678714517993,57.91543304531202,52.9655611875586,55.82570266723633,17505300
2022-01-26,58.19471973945298,59.504414493138356,53.67820221038767,55.469398498535156,21162500
2022-01-27,57.28947139901333,58.55101225543255,53.899675469278826,54.612300872802734,18358600
2022-01-28,55.14196338312941,58.647323657179975,53.28335704489777,58.637691497802734,16536600
2022-01-31,58.329528833013114,61.950449323725735,57.78061330054533,61.786739349365234,9906100
2022-02-01,62.152685228930146,63.33718377560234,60.58297742179851,63.14458465576172,10517000
2022-02-02,64.08832620554999,65.20541412039132,63.09641961370982,64.88761901855469,11025200
2022-02-03,62.133416477725994,63.009759309032916,59.918497368769124,60.322959899902344,9946000
2022-02-04,60.217032217617934,62.778643113942714,59.17698301538621,61.16078186035156,10979900
2022-02-07,61.46894548118684,62.06600712874673,59.96664818188223,60.53482437133789,7937700
2022-02-08,60.294064212086624,62.431947854430085,59.71625593582489,61.98896408081055,6977300
2022-02-09,63.818686964760346,64.84910765338913,63.70313043527484,64.71428680419922,6949900
2022-02-10,62.123794169635865,64.82021849973407,60.36148362370815,61.285972595214844,11250500
2022-02-11,61.28596340887573,62.18156311377637,57.01019980137001,57.63615417480469,12311000
2022-02-14,57.38578067902253,58.059888585623156,55.60421319419968,57.06798553466797,10146900
2022-02-15,58.90732961040065,59.87033976854558,58.676209229657516,59.77404022216797,6575900
2022-02-16,58.94585920215088,60.59260592289543,58.11766976170362,60.00517272949219,7204300
2022-02-17,58.64731763776564,58.85917736561848,55.89310811335018,56.201271057128906,8155800
2022-02-18,56.28795330480337,56.76945845938066,54.13080859591629,55.07455825805664,7960800
2022-02-22,54.1693265746753,55.527170880536794,51.8581005047188,53.321876525878906,11100100
2022-02-23,54.400443913340375,54.64119644607608,50.21134763958384,50.35580062866211,12299700
2022-02-24,46.45561005221525,52.85962518011433,46.3593068355479,52.69591522216797,20427300
2022-02-25,53.16779940778089,56.22054406243489,52.56110554520845,56.133872985839844,12999100
2022-02-28,53.96709425053254,56.345727024101166,53.466328489362176,55.70051193237305,14717800
2022-03-01,55.19974843845719,55.960527434190475,52.108486350286455,53.235206604003906,12756500
2022-03-02,54.1019206510185,56.75019905938644,53.79375763920494,56.12424087524414,12647700
2022-03-03,57.096867171309356,57.35688032757645,54.57377817653615,55.305667877197266,11393600
2022-03-04,53.7841125222109,54.381181428160815,52.28181911991729,53.96708679199219,11194300
2022-03-07,53.69744369153821,53.793746909516884,49.132777693521426,49.17129898071289,14190000
2022-03-08,49.22907332914387,51.877350999014986,47.62084828930986,48.00605010986328,18218400
2022-03-09,51.14547107865056,52.60924698824705,50.30765325342357,51.90625,11559000
2022-03-10,50.07653504585211,51.53067896637972,49.34464884233199,51.164737701416016,8340900
2022-03-11,52.12774673345369,52.35886714010961,49.036480987291604,49.24834442138672,9386000
2022-03-14,49.52761372848821,50.78915838365356,47.70752508057572,48.150508880615234,8062500
2022-03-15,49.09425830658121,51.54993351940888,48.61275321882707,51.32844161987305,8322900
2022-03-16,52.6092519605799,54.74713225713662,50.79879162843907,54.67972183227539,11178900
2022-03-17,53.91894232785179,56.79834074799851,53.8130106188364,56.73093032836914,7959800
2022-03-18,56.14349169249606,58.762880507874456,55.83532873463887,58.59916687011719,8160200
2022-03-21,58.57027774081565,59.40809555289039,57.125762498262965,58.59916687011719,7567400
2022-03-22,59.18660767729879,61.02595706415944,59.18660767729879,60.60223388671875,6256200
2022-03-23,59.55678714884826,60.183089923027,58.275269041749006,58.29454040527344,6633900
2022-03-24,59.10391753920713,60.905747705388826,58.679958581175164,60.8768424987793,6296200
2022-03-25,61.20445336183316,61.936746836174045,60.0963737924148,61.792213439941406,6121400
2022-03-28,61.53204943416897,63.12190183765262,60.73230447314826,63.10262680053711,7579400
2022-03-29,64.8081163890465,65.67530939807052,63.6614941131551,65.49223327636719,8241200
2022-03-30,64.97192056985266,65.30916026964871,63.29535223995648,64.28780364990234,7682100
2022-03-31,63.95055802452502,64.25889248595068,61.233354610301795,61.31044006347656,9363200
2022-04-01,61.965641464056766,62.01382170499846,60.26016826330121,61.7440299987793,8822300
2022-04-04,61.85002407362068,63.391696302601794,61.51278074653095,63.37242126464844,7030600
2022-04-05,62.75575224614831,63.796383755333544,60.46251526963096,61.0213737487793,8283600
2022-04-06,59.30626525289597,60.11564417213817,57.88985490094978,59.16173553466797,13197200
2022-04-07,58.76667995949233,60.79975920188148,57.938029701374006,60.02892303466797,10488700
2022-04-08,59.70131835435517,60.76122132087607,58.88230560009359,59.60496520996094,8792700
2022-04-11,58.15001086911623,58.496888084263276,56.27109874646471,56.492713928222656,7495800
2022-04-12,57.67785880972875,58.70885264025423,55.22081747226741,55.837486267089844,11892500
2022-04-13,55.721870300150506,58.034378634039356,55.664056213439586,57.74531555175781,8523800
2022-04-14,57.860937636795875,58.30416792285438,55.54842939933646,55.625511169433594,8504800
2022-04-18,55.172655196832466,56.319277556379504,54.75833370188933,55.64479446411133,7283300
2022-04-19,55.59660518814966,58.63177289658106,55.538791104657484,58.313804626464844,7842600
2022-04-20,59.07501126146936,59.335169143148015,57.72604528438817,58.17891311645508,8901900
2022-04-21,59.70131752724335,60.33725782809072,55.22083021352129,55.58697509765625,10186600
2022-04-22,55.143736788704835,55.25936127879234,50.78850845528861,51.05830383300781,11662500
2022-04-25,50.14293718584857,51.935133422007176,48.40855503575963,51.8773193359375,16519700
2022-04-26,50.88487105391188,50.981224194016384,47.35829246179138,47.39683151245117,13666400
2022-04-27,47.78225229120486,49.709344533357694,47.00177860990374,47.743709564208984,16340700
2022-04-28,49.49736181760224,52.00258386728303,47.87860408569669,51.35700607299805,12990600
2022-04-29,49.8442346325338,50.68251863165721,45.41192445889491,45.72989273071289,14815700
2022-05-02,45.69135247768672,46.98250434728219,43.378844135182064,46.529640197753906,14769100
2022-05-03,46.6741679983573,47.99422869540536,46.12494705968104,47.155941009521484,12159300
2022-05-04,47.38719196300379,51.63642962118538,46.23093604278618,51.434085845947266,16068600
2022-05-05,49.824966408856916,49.85387529039634,44.40020467998389,45.999691009521484,18436800
2022-05-06,45.0650543249991,46.28875838875207,43.253586515795654,45.161407470703125,15267700
2022-05-09,43.06086970893872,43.48483230422253,40.25695097693959,40.825443267822266,17618200
2022-05-10,42.74290112282209,43.20540276147219,39.755906319206936,41.04705810546875,15112600
2022-05-11,40.709824485391906,42.57910267699484,38.85981765769871,39.100704193115234,19481200
2022-05-12,38.079344358402764,39.97753145356236,36.817097576375474,38.96580505371094,20483000
2022-05-13,40.26658472625451,42.18403904142703,39.9293414501518,41.75044631958008,15028100
2022-05-16,41.20122896499426,42.4442042964252,40.44966419512281,41.268680572509766,10006900
2022-05-17,43.26321986289463,43.85097987601718,42.00097319235237,43.735355377197266,11503900
2022-05-18,42.22258863166714,42.318941768728166,38.069703733133444,38.5225715637207,12196000
2022-05-19,37.491581110264065,39.119972804891866,37.06762212115187,37.73246765136719,12146700
2022-05-20,38.859814370581994,39.01398159318223,35.150159833581824,37.79991149902344,16970300
2022-05-23,38.734551372540636,40.15096154567,38.01189184572323,39.93898391723633,14227700
2022-05-24,38.59001276890113,39.38012011712999,36.903807434767565,39.02360916137695,12892500
2022-05-25,38.51294304614296,40.65201312492503,38.41658622012039,40.07388687133789,13223200
2022-05-26,40.41111922051472,42.935612468418064,40.35330881105687,42.424930572509766,11838400
2022-05-27,43.22467776853059,45.575728882221746,43.176501199622656,45.55645751953125,11222600
2022-05-31,44.949423808480816,45.922603682339236,43.81243919805033,44.7567138671875,12234800
2022-06-01,45.489003936899444,45.82624722863292,42.80070982354246,43.696807861328125,11944400
2022-06-02,43.6293715905391,46.173133018872704,42.83926398554569,46.13459396362305,9721100
2022-06-03,44.48692395059832,45.0361486373065,43.54264916532417,43.8895263671875,10181200
2022-06-06,45.22885402331176,45.81661775077006,43.87989164656436,44.246036529541016,9246800
2022-06-07,43.0705169700795,45.6913602012742,42.916349721185696,45.51792526245117,8331100
2022-06-08,44.93015451631459,45.556457259820455,43.76426097182425,44.06296157836914,8121600
2022-06-09,43.43665951053671,44.18822428468925,40.88326090125116,40.89289474487305,8270800
2022-06-10,38.869451826393515,39.13924357210898,37.279599209114544,37.31814193725586,12564700
2022-06-13,34.45640558064233,34.99599269891725,32.55822233678918,33.04962921142578,14471400
2022-06-14,33.53140574918417,33.80120117435311,31.864471327678444,32.72202682495117,14149800
2022-06-15,33.627759952378064,35.36214217621413,32.26916011488221,34.09989547729492,19453000
2022-06-16,31.768114038313797,31.87410469055976,30.02409438689483,30.833473205566406,17307200
2022-06-17,30.833476746285637,31.797022894607064,29.98555694440289,30.900924682617188,14458000
2022-06-21,32.4329649474994,33.60849248779477,32.41369358242145,33.24234390258789,8654200
2022-06-22,32.04754210488974,34.205887015545144,31.941555119982056,33.03999710083008,12004900
2022-06-23,33.627761450676424,34.21552150320046,32.64494395573095,34.003543853759766,12507100
2022-06-24,34.918913883585574,37.24105994411518,34.89964251962488,37.231422424316406,11085900
2022-06-27,37.53975941805361,37.60720735862828,36.48949390328622,36.86527633666992,9407900
2022-06-28,37.26032224594741,38.10824375945509,34.514217602180196,34.60093688964844,13583100
2022-06-29,34.69729648628844,35.005634646912014,33.945731638588256,34.47568130493164,10002200
2022-06-30,33.357967521393086,34.53349503011271,32.33661092915586,33.598854064941406,13581100
2022-07-01,33.425414212955346,34.78401412087425,32.69312076515915,34.63948440551758,11727300
2022-07-05,33.20379826095393,34.870732599841965,32.384785532960194,34.841827392578125,11786200
2022-07-06,34.89000530028739,35.92099938942371,34.2058884141571,35.207977294921875,9897700
2022-07-07,35.71866084025494,37.00017917614512,35.70902699459116,36.75929260253906,7805800
2022-07-08,36.2582295211184,37.241046679223075,35.82463317553758,36.69182586669922,8808800
2022-07-11,35.88245774696239,36.16188331753893,35.20797475375833,35.419952392578125,7584000
2022-07-12,35.25615503759975,35.93063810187177,33.965003003354546,34.47568130493164,9289400
2022-07-13,32.91473380681464,34.755106664819465,32.78947178776522,33.926456451416016,12728700
2022-07-14,32.490775895015894,33.82046687583981,31.797021521969185,33.65666580200195,11869300
2022-07-15,34.889999471021774,35.60302512203133,34.36004991080945,35.593387603759766,12550400
2022-07-18,36.46058339848034,36.67256470986691,34.33114746811421,34.69729232788086,9121600
2022-07-19,35.81500491558361,37.64574388090921,35.62229864608532,37.47230529785156,9987000
2022-07-20,37.52048190322303,38.628561332142745,37.13506568819966,38.17569351196289,13295900
2022-07-21,37.99262112362375,39.360854753129885,37.26996158463872,39.34158706665039,11227000
2022-07-22,39.38012124367105,39.74626972730675,37.559020018812575,38.291316986083984,9853800
2022-07-25,38.43585280821866,38.638196604261594,37.703559399647595,38.38767623901367,6359400
2022-07-26,37.88663230790032,37.934808877709344,36.74001377364422,37.00017166137695,7153100
2022-07-27,37.98298156862853,40.4014840878084,37.90589979993315,39.881168365478516,10855200
2022-07-28,40.13170384870188,41.58665710756682,39.01399031603953,41.37467575073242,10002200
2022-07-29,41.86608344406099,43.50411273166682,41.59628800657251,43.21504592895508,8342600
2022-08-01,42.28040018052835,43.61972855369309,42.05878503808579,42.78144454956055,8307800
2022-08-02,42.261139071072066,43.47520572758425,41.5481132295008,41.95280456542969,9022800
2022-08-03,42.62727335370035,44.27493600385511,42.530916555786156,43.86061096191406,7469700
2022-08-04,43.85097147726671,44.07259026471014,43.22466885928071,43.78352355957031,6924700
2022-08-05,42.34785114732233,43.76426139205159,42.32857978455665,43.53301239013672,8026800
2022-08-08,44.10149576263158,44.85306037954178,43.03195923817576,43.40774154663086,7120700
2022-08-09,43.166856640663106,43.292118639904864,42.50201127663101,42.8488883972168,5361600
2022-08-10,45.180672586075076,45.60463519006347,44.55436987434847,45.527549743652344,7920200
2022-08-11,46.49109789590299,47.13667199875299,45.28666530792623,45.53718566894531,6599000
2022-08-12,46.19239791838166,47.859332201710494,45.864792102975976,47.82079315185547,5762700
2022-08-15,47.02105285476153,48.59163415753658,47.02105285476153,48.40856170654297,6238100
2022-08-16,48.03276528149864,49.38173111388861,47.73406838229008,48.6879768371582,6616700
2022-08-17,47.39683546937251,48.61090571961128,46.92469989755288,47.63772201538086,7784100
2022-08-18,47.67626275374631,48.273660333718965,47.223394889960325,48.02313995361328,5618600
2022-08-19,47.04995306054518,47.13666867214857,45.768435113073686,46.105674743652344,6570600
2022-08-22,44.39056920202102,44.44838329212162,42.86816825240587,43.19577407836914,8335700
2022-08-23,43.012693760170166,43.83171008284659,42.68508796622687,42.8681640625,7140900
2022-08-24,42.771812262012645,43.71608703141409,42.55983093651792,43.23431396484375,6117000
2022-08-25,43.72572184552021,45.093955505613195,43.38847851440624,45.074684143066406,6910500
2022-08-26,45.036147132722064,45.209582052222686,40.468936920166016,40.468936920166016,11974100
2022-08-29,39.5246657620696,40.63274169221008,39.24523648052402,39.6788330078125,5511500
2022-08-30,40.025712266177855,40.09316020989485,37.703565941477294,38.34914016723633,8926700
2022-08-31,38.840538137610245,39.21632046584707,37.42412443059201,37.45302963256836,8803800
2022-09-01,36.76891332092847,37.886626476388,35.96917209341224,37.780635833740234,12426000
2022-09-02,38.907994073532755,39.264505115340356,36.02698950423126,36.595481872558594,14563100
2022-09-06,36.82672570605958,37.09651738355466,35.5066651682908,36.1618766784668,10780300
2022-09-07,36.0655272654264,38.320225064416015,36.01735070029802,38.098609924316406,8421900
2022-09-08,37.35667959900634,38.95616584357655,37.02907380550949,38.82126998901367,12543600
2022-09-09,39.534292242964,40.89289199164964,39.4283015920762,40.62310028076172,7645900
2022-09-12,41.28795263852325,42.16477952157917,41.19159949008779,41.923892974853516,7244800
2022-09-13,39.10070105492904,39.505388637643264,36.1040722067523,36.479854583740234,11696500
2022-09-14,36.836366966726196,37.298868653710095,35.892092229679484,36.846004486083984,6772200
2022-09-15,36.344958244600114,37.212147485707,35.19833609072426,35.60302734375,10567900
2022-09-16,34.35041904753501,34.947816584918165,33.81083192225039,34.78401184082031,11593600
2022-09-19,33.85900990484926,35.5548531261994,33.839738541466104,35.54521560668945,9851800
2022-09-20,34.60094054277578,34.87073227643403,33.531403776292414,34.36005401611328,12608600
2022-09-21,34.870729264780074,35.718650794578544,32.52931213378906,32.52931213378906,16503800
2022-09-22,32.27878838068012,32.567851422096325,31.479043501271423,31.691024780273438,12424500
2022-09-23,30.737122357968968,30.76602940459195,28.906385008337924,30.062641143798828,16917500
2022-09-26,29.706125681985966,30.62149519647507,28.858205937111947,29.176176071166992,16036400
2022-09-27,30.081908580441457,30.631131401209885,28.34752633556556,28.964195251464844,19343600
2022-09-28,29.19544473489879,31.074360277503015,28.752214431698018,30.62149429321289,15903300
2022-09-29,29.706123360890654,29.783206968038073,27.942834239302563,28.694400787353516,19154500
2022-09-30,28.492053202748245,29.436327784562117,27.355068697462226,27.374340057373047,18747300
2022-10-03,28.260807559516124,29.97592031069062,27.827211071410154,29.53268814086914,14928900
2022-10-04,30.910557217031428,32.25951940173123,30.900919698745966,32.24988555908203,17376100
2022-10-05,31.083997182600594,32.63530707224645,30.44805870842648,31.999366760253906,18489300
2022-10-06,31.604313642392974,32.41369257225739,30.862382650380848,31.006916046142578,14380900
2022-10-07,29.937374964603737,30.02409425463785,27.94283496945558,28.41497230529785,16822600
2022-10-10,28.665496387479063,28.7329443202222,27.19127019736554,27.78866958618164,15989100
2022-10-11,27.34544022266591,28.43424845287937,26.738406928074106,27.200908660888672,17495800
2022-10-12,27.297261329067062,27.682679407003988,26.882936206102983,26.95038414001465,12269400
2022-10-13,25.244906873828366,29.388154092762708,24.994384683974825,29.041276931762695,26105100
2022-10-14,29.667586495310065,30.053004583259955,26.902208268360084,27.05637550354004,20903700
2022-10-17,28.511328954746283,29.388155749762923,28.482421910427004,29.108726501464844,14569300
2022-10-18,31.122536277612895,31.170712844362914,29.291799173838882,29.97591781616211,24385600
2022-10-19,29.600135586472987,30.313159481285858,28.7714871886193,29.513416290283203,13506600
2022-10-20,29.35925103664203,30.457694916355717,28.530602583027413,28.732946395874023,14523000
2022-10-21,28.63658689651798,30.929825602963966,28.280075900241613,30.8045654296875,17892400
2022-10-24,31.218894963979526,32.2306176291118,30.515504917533303,31.922283172607422,16027100
2022-10-25,31.912641510397567,33.54103655277704,31.88373630748921,33.463951110839844,17358700
2022-10-26,32.59676847017525,34.148074705621326,32.52931685715533,32.72202682495117,17531000
2022-10-27,32.972542543150084,33.435044143457,31.98008774658275,32.153526306152344,14456300
2022-10-28,32.10535171246283,34.57203074087419,32.06680899116666,34.408226013183594,16002400
2022-10-31,33.724112488180005,34.25406209215266,33.41577803948185,33.685569763183594,15301700
2022-11-01,34.687663202700406,34.7647486630122,32.89546668245896,33.24234390258789,13091100
2022-11-02,33.068904850112716,34.292608948913156,30.688946429382263,30.717851638793945,22382600
2022-11-03,29.84102328154787,30.515506314389594,29.18581345039281,29.715763092041016,19157700
2022-11-04,31.151449441904305,31.623585006870332,29.48451317098208,31.006916046142578,21279300
2022-11-07,31.33452460743091,32.03791293146633,30.804573065271867,31.903017044067383,12186700
2022-11-08,32.17279580286104,33.1845182246824,31.315240572215927,32.3847770690918,16032100
2022-11-09,31.797019124635334,32.13425876630872,30.23607374078595,30.36133575439453,13833200
2022-11-10,33.70484907176201,35.4585030405288,33.15562797580963,35.35251235961914,19784800
2022-11-11,35.62229353065331,36.61474464347018,35.08270649688902,36.40276336669922,15045900
2022-11-14,35.88245536899646,36.83636386956059,35.38141099798206,35.47776412963867,11806300
2022-11-15,37.06761366177338,37.38558191213323,35.275417616869944,36.37385940551758,18012000
2022-11-16,35.87281708902556,36.13297494974004,35.32359616384041,35.52593994140625,8990700
2022-11-17,34.11916197205921,35.323594410603576,34.03244268945858,35.14052200317383,11901300
2022-11-18,36.084798613965624,36.084798613965624,34.81291818171301,35.6126594543457,11520400
2022-11-21,35.22724865904853,35.54521697804614,34.687661490412836,35.207977294921875,6463000
2022-11-22,35.73792890381248,36.66293237880478,35.342875106640534,36.6243896484375,10610100
2022-11-23,36.4798473591696,37.42412187413257,36.43167080062129,37.269954681396484,9312800
2022-11-25,37.115797916189074,37.4144985441246,37.02907861618437,37.231422424316406,2726000
2022-11-28,36.32568565563508,36.81709250810199,35.23687762486077,35.47776412963867,7842700
2022-11-29,35.48740754087087,35.805375868645434,34.73583902173311,35.24652099609375,8459100
2022-11-30,35.323600930857786,38.54184514771768,34.77437993155375,38.53221130371094,17124100
2022-12-01,38.89836242271651,39.225968306022516,37.72283845667279,38.474403381347656,12623600
2022-12-02,36.990539160882136,38.59002575476089,36.97126779521647,38.31059646606445,10559000
2022-12-05,37.48195058469003,37.77101372448111,35.853555070241185,36.219703674316406,13138300
2022-12-06,36.171521611555164,36.325688841106796,34.05171944849268,34.66838836669922,11008500
2022-12-07,34.38896200130185,35.13089300443738,34.15771297538041,34.47568130493164,11443100
2022-12-08,34.947816920777726,35.545214463902056,34.52385796688894,35.265785217285156,14053400
2022-12-09,34.90926960120643,35.622295227078354,34.42749662242803,34.45640182495117,11692300
2022-12-12,34.67802640790391,35.940269470214844,34.48531644915542,35.940269470214844,8200000
2022-12-13,38.98508116336556,39.013990050870255,35.96918398771684,36.72074890136719,23598600
2022-12-14,36.63401681154227,37.742092429044284,35.179060394443226,36.0462532043457,17369500
2022-12-15,34.62983845398306,34.87072492989578,32.87618520338936,33.36759567260742,14922600
2022-12-16,32.66420814294547,33.01108158644867,31.57540022467769,32.153526306152344,12182700
2022-12-19,32.18244195681394,32.27879509879444,30.900923849780035,31.33452033996582,10228100
2022-12-20,31.122533736019708,31.864464565417503,30.79492796298219,31.43086814880371,10743100
2022-12-21,32.12463412128541,33.14599453307866,31.97046685871638,32.847293853759766,10598800
2022-12-22,31.992096792510154,32.06949099711549,29.88315269167907,31.43100357055664,19509400
2022-12-23,31.131107584573968,31.963076859581953,30.734471498856085,31.905031204223633,12097000
2022-12-27,31.905039138295816,31.98243336468646,31.10209433647197,31.547100067138672,8897400
2022-12-28,31.52774682691973,32.02112203060705,30.30881562004482,30.366859436035156,11445900
2022-12-29,31.034372087918335,32.16623481998596,30.898934055006745,31.914710998535156,14159700
2022-12-30,31.24719772361688,31.721228054688474,30.695776869521694,31.701879501342773,11616200
2023-01-03,32.185581814971066,32.66928457078904,30.531317430580213,31.2858943939209,13371300
2023-01-04,31.837313536160966,32.51449809613014,31.07306233719063,31.972749710083008,11186200
2023-01-05,31.460027230601394,31.47937578340006,30.715124554468822,30.869909286499023,12147600
2023-01-06,31.64383850469659,33.25940788873837,30.869914708610597,32.959510803222656,13922200
2023-01-09,33.53994579363336,34.39126363850598,32.85308879725566,32.920806884765625,11496200
2023-01-10,32.74667620502144,33.60767023952404,32.49515238721075,33.588321685791016,9266200
2023-01-11,34.0333284836818,34.8749703021138,33.791477089505754,34.836273193359375,8903500
2023-01-12,35.116819654179274,35.58117386115106,33.99462939807432,35.1942138671875,14066100
2023-01-13,34.30420336267732,35.74563940070692,34.226812829891394,35.59085464477539,8969300
2023-01-17,35.61019595002502,36.04552545032341,35.19421131121459,35.39736557006836,9069900
2023-01-18,35.71660776602727,35.99715623475367,33.64636067473944,33.7237548828125,10953300
2023-01-19,33.123968263697634,33.5592978169,32.572543694946525,32.94015884399414,10568800
2023-01-20,33.28842625795274,34.79758030931519,32.86276912619591,34.729862213134766,10222900
2023-01-23,34.97171057435576,36.52923034162203,34.71051064447208,35.99715805053711,10939900
2023-01-24,35.542480897031524,36.1325951721079,35.18453819285499,35.87139892578125,7445500
2023-01-25,34.71050695034619,35.98748178918942,34.081691961212734,35.91008758544922,11463700
2023-01-26,36.61629370028298,37.09032398022181,35.78432813831578,37.022605895996094,11491400
2023-01-27,36.75174273969431,37.9803446834712,36.684020948192845,37.293487548828125,10621700
2023-01-30,36.49053525085859,37.12902270892194,35.80367456735067,35.90041732788086,8956400
2023-01-31,36.006840319335524,37.448272705078125,35.91977366117686,37.448272705078125,7990100
2023-02-01,37.09032372780572,39.42177062839849,36.297051583395486,38.60914993286133,14755700
2023-02-02,39.76036295892982,40.71809598878807,39.17992115864897,40.27309036254883,14382200
2023-02-03,38.77361965020591,40.331139623779904,38.618831205748755,38.986446380615234,16025100
2023-02-06,38.26089014067769,38.67687483736946,37.76751491618901,38.29958724975586,9688900
2023-02-07,37.98033462279152,40.10862725445493,37.61272322550217,39.76036071777344,15104600
2023-02-08,39.17025028443939,39.55721026988489,38.23186576934663,38.454368591308594,11120100
2023-02-09,39.47014136630378,39.48948991802154,37.041955326287614,37.41924285888672,11354500
2023-02-10,37.04196032277073,37.75783838109614,36.819457483542045,37.62240219116211,9314000
2023-02-13,37.84490293299892,38.98644174254855,37.69011819731554,38.938072204589844,10119300
2023-02-14,38.51241631862908,39.5765609487177,37.70946793982675,38.880027770996094,18494200
2023-02-15,38.23186583820739,39.28633798179714,37.99001446298368,39.23796844482422,7639700
2023-02-16,37.738488591533766,38.89937598067843,37.55468286697658,37.593379974365234,13014500
2023-02-17,36.95489163713875,37.35152775310076,36.40347078544424,37.283809661865234,9892500
2023-02-21,36.13259597052553,36.40347203512562,34.94268758179159,35.049102783203125,9930200
2023-02-22,35.145848976829264,35.55215757777403,34.46866428489496,34.89432144165039,14889400
2023-02-23,35.6488974616032,35.79400978823997,34.23648606915899,35.37802505493164,14245900
2023-02-24,33.975280780024804,34.46865966111331,33.5206026957258,34.236480712890625,13102800
2023-02-27,35.155521013944636,35.50378763389802,34.33322769822331,34.56540298461914,8582900
2023-02-28,34.44930477913079,34.97170454889107,34.159083914939025,34.17843246459961,8849000
2023-03-01,33.95593260693282,34.284850634554196,33.42386030381685,33.78179931640625,10215800
2023-03-02,33.20136039701048,34.75888402693495,33.13364229921895,34.517032623291016,11995300
2023-03-03,35.02975295251489,36.258358404320035,34.84594723245933,36.15194320678711,12577600
2023-03-06,36.42281502507712,37.06130244565125,36.13259045088626,36.25835418701172,8015900
2023-03-07,36.21966131351615,36.3067279578662,34.400941594318205,34.584747314453125,13710900
2023-03-08,34.604092486994965,34.93301047903235,34.120389774608164,34.73952865600586,10397600
2023-03-09,34.90399015506171,35.368344324861965,32.50482140888874,32.785369873046875,15767300
2023-03-10,32.611235099830765,33.162655881782264,30.93762420316197,31.36328125,27823300
2023-03-13,30.347512760944067,32.42743431382366,30.066964267185515,31.15045928955078,21660400
2023-03-14,32.446786185980436,33.1529918632689,31.58579575326381,32.73700714111328,14474600
2023-03-15,31.227851449060143,32.15656362562852,30.715127664241383,32.11786651611328,21041900
2023-03-16,31.479379222316428,33.830175133956104,31.334266905653433,33.75278091430664,16446100
2023-03-17,33.40451264716495,33.704409697869366,32.204931825065934,32.61124038696289,14697900
2023-03-20,32.74666874378388,33.60766258211142,32.58221161006324,33.50124740600586,10721300
2023-03-21,34.38159050062872,34.942683741368214,33.96560586284443,34.787899017333984,10055600
2023-03-22,34.771412343149876,35.731357221958135,33.00666168012641,33.045448303222656,12275300
2023-03-23,33.75330184000329,34.810213724648534,32.55094190652985,33.25878143310547,16455300
2023-03-24,32.929097477999164,33.9375277620938,32.28913281672699,33.90843963623047,13273300
2023-03-27,34.5193117012301,34.70354635797215,33.85025892904803,34.07327651977539,10769300
2023-03-28,33.89873549351693,34.07327161747856,33.3557375068775,33.85025405883789,8820100
2023-03-29,34.93625033777815,35.37259060530204,34.6259647472936,35.295021057128906,8166700
2023-03-30,36.022260603635374,36.06104353581069,35.37259747931725,35.89620590209961,8366400
2023-03-31,36.14832086186128,37.476735574486774,36.11923273055775,37.39916229248047,10767400
2023-04-03,37.2440122350777,37.922763525966786,37.11795752560903,37.78701400756836,11693100
2023-04-04,38.00032770344703,38.058507645463195,36.778578512279076,37.17613220214844,8313600
2023-04-05,36.90464005147135,37.10826433796547,36.35194344590322,36.83676528930664,8826400
2023-04-06,36.59435148183409,37.32158418959083,36.29376063102511,37.24401092529297,7192100
2023-04-10,36.5167795484271,37.370066992318385,36.34224339629259,37.35067367553711,7034700
2023-04-11,37.49611800305122,37.75792223125299,37.15674420662132,37.35067367553711,5864300
2023-04-12,37.951861922005605,38.01973669957277,36.73011222689871,36.924041748046875,11163300
2023-04-13,37.185829154634064,38.42697543029491,37.04038483954887,38.31061553955078,7516100
2023-04-14,38.126386245867984,38.776049384528115,37.37006541775026,38.0488166809082,8629600
2023-04-17,38.01971548380359,38.44636093203236,37.64155516297965,38.42696762084961,6360700
2023-04-18,38.882707537709514,38.911799361451095,38.08760006818086,38.504547119140625,7405300
2023-04-19,37.942158314887806,38.717872520760245,37.922764997378856,38.465763092041016,6380500
2023-04-20,37.60277934783024,38.30092395547582,37.350673627789874,37.78701400756836,6899700
2023-04-21,37.86457670145356,38.00032619520692,37.31188022037416,37.87427520751953,6885200
2023-04-24,37.816102578941745,38.09730012687941,37.4185488279908,37.990638732910156,4962200
2023-04-25,37.41853654511808,37.55428602055577,36.14830244128749,36.15800094604492,9033400
2023-04-26,36.34224447792692,36.613743523151314,35.527743643356644,35.69258499145508,8089100
2023-04-27,36.351946438424314,37.85489353691929,36.284067971774675,37.75792694091797,8052100
2023-04-28,37.53490511376883,38.7469596862793,37.50581698767562,38.7469596862793,8380300
2023-05-01,38.6015112466544,39.1929907079857,38.53363649373283,38.6112060546875,4993600
2023-05-02,38.39788172031817,38.39788172031817,36.448899882384325,37.31188201904297,10968200
2023-05-03,37.41854195409042,38.097293128290374,36.43920366908353,36.51677322387695,12042800
2023-05-04,36.1580102601031,36.254973139279635,35.31441767590093,35.71197509765625,10457000
2023-05-05,36.70100424150475,37.95184521854427,36.62343468652437,37.64155960083008,8219300
2023-05-08,37.728831033480546,37.80640429428929,37.292490688673034,37.69004440307617,4808400
2023-05-09,37.21491883015921,37.49611263599625,37.098558946126886,37.17613220214844,4865900
2023-05-10,37.980938408977885,38.145779746020686,36.604046258946276,37.68035125732422,10305400
2023-05-11,37.40885498151965,37.52521118752691,36.85615468046672,37.45733642578125,7251000
2023-05-12,37.79670377661717,37.8451852125953,36.59434788921517,37.31188201904297,7055900
2023-05-15,37.46702953239631,37.77731520024621,36.914332955357615,37.65126419067383,5116700
2023-05-16,37.34097460516646,37.59308402062811,36.89493942260742,36.89493942260742,6093100
2023-05-17,37.44762839533635,38.39787851704123,36.98219999076026,38.20395278930664,7160400
2023-05-18,38.11669537613991,39.41601808882944,38.03912210426725,39.309356689453125,7849500
2023-05-19,39.542063129274,39.6972059506675,38.756654214236654,39.115421295166016,7093800
2023-05-22,39.115421295166016,39.59054826631298,38.7469557072702,39.115421295166016,5141500
2023-05-23,38.66938679313049,38.94088581038834,37.69974321847052,37.8257942199707,6440900
2023-05-24,37.34097151537602,37.43793808979809,36.64283067402012,36.98220443725586,9004400
2023-05-25,37.9033703586495,38.29122929751444,37.28279901558317,37.854888916015625,7184900
2023-05-26,38.048814401278705,39.55176115893401,38.048814401278705,39.34813690185547,7332000
2023-05-30,39.891139282983,40.055980627379704,38.96997707307559,39.367530822753906,6778100
2023-05-31,38.824535080710824,39.105732644669004,38.2524451431981,38.688785552978516,7848200
2023-06-01,38.73726344090327,40.07537267503122,38.36879782883099,39.76508331298828,6797900
2023-06-02,40.531105650778876,41.723766949982675,40.36626799834532,41.49105453491211,9240000
2023-06-05,41.58801069878288,41.95647627843359,41.01592086415279,41.2098503112793,5249000
2023-06-06,41.103185771926455,41.65588224948343,40.89956153259415,41.481346130371094,4814600
2023-06-07,41.617101755719276,41.94678072941151,40.918960875292115,41.054710388183594,6945400
2023-06-08,41.03531389183941,41.878902727210374,40.80260151603194,41.76254653930664,4388600
2023-06-09,41.99527393652911,42.56736392140273,41.66559489950198,41.9467887878418,5940500
2023-06-12,42.24736668551828,43.11034880228959,42.02434912604114,43.081260681152344,4577800
2023-06-13,43.556385494080125,44.13817383010837,43.33336792654974,43.944244384765625,6692500
2023-06-14,44.03152359530322,44.64240020814168,42.994005053838066,44.060611724853516,9198600
2023-06-15,43.789100422952295,46.04837155914481,43.73092048120223,45.65081787109375,7451600
2023-06-16,46.30047880915982,46.32956693157104,45.03994295308766,45.20478057861328,6530200
2023-06-20,44.5357234233683,44.82661571512046,43.79879233877358,44.4969367980957,5274300
2023-06-21,44.14189989863371,44.38507915634448,43.57772223964663,43.77226638793945,5909600
2023-06-22,43.44154391472901,44.21971682353454,43.30536411951568,44.19053649902344,4837000
2023-06-23,43.091360982830246,43.74308328155664,42.95518120087508,43.198360443115234,6276900
2023-06-26,43.00382136561636,43.57772459323455,42.556372397811316,42.643917083740234,5154900
2023-06-27,42.90655244047931,44.20999352009176,42.750917850851906,43.995994567871094,5292600
2023-06-28,43.64581067851321,44.38507767523269,43.47072132195443,44.06407928466797,6275200
2023-06-29,43.9181797118331,44.59907873136057,43.77227065872214,44.54071807861328,5866300
2023-06-30,45.52315602365348,46.39860283032067,45.43561134298676,46.08733367919922,5441600
2023-07-03,45.98033772815683,46.32078722865572,45.87333825353683,46.29160690307617,2324000
2023-07-05,45.630160624409726,46.24297345803061,45.62043508573954,46.019248962402344,3980700
2023-07-06,44.79361816638156,45.01734263639383,44.06408039914206,44.910343170166016,5849500
2023-07-07,44.540717910274616,45.77606910058197,44.45317322086319,44.521263122558594,5695400
2023-07-10,44.3850821701628,44.910346582412416,44.219718334168086,44.851985931396484,4303400
2023-07-11,45.07570785917794,45.844155212642285,44.77416424043824,45.71770095825195,5094100
2023-07-12,46.914137522018,47.235135892981276,46.43750829986245,46.75850296020508,6678100
2023-07-13,47.34214607960723,48.11059358634626,47.196240720627806,47.838233947753906,4276000
2023-07-14,48.1300397816634,48.41212862018765,47.48804666917921,47.721500396728516,6052700
2023-07-17,47.6436889010598,48.56777100045277,47.6436889010598,48.20786666870117,3391600
2023-07-18,48.091129431732384,49.50156989094713,47.95494963895405,49.28757095336914,4732400
2023-07-19,49.53075823746008,49.98793651065482,49.31676297584222,49.56966781616211,5167700
2023-07-20,49.19031034923452,49.5113088183537,48.32459260251449,48.567771911621094,6093600
2023-07-21,49.131941950621275,49.18058077695186,48.52885835246121,48.54831314086914,4482200
2023-07-24,48.908213022031276,49.433481129626735,48.713672576807305,49.18057632446289,3743400
2023-07-25,49.03467217806949,49.968479766660074,49.03467217806949,49.559940338134766,3712500
2023-07-26,49.22921618693542,50.03656950227266,48.85958262621808,49.54048538208008,5685100
2023-07-27,50.649376046799034,50.79528508725154,48.22731269175881,48.53858184814453,6969400
2023-07-28,49.57938292777445,50.211646703584634,49.345929232757065,49.929561614990234,4961900
2023-07-31,50.09492584655502,50.32837956084323,49.637747665993594,50.21165084838867,4184400
2023-08-01,49.68638457749259,49.99765371084744,49.4334760875038,49.73501968383789,3734500
2023-08-02,48.66503877897013,48.76231272224564,47.400507201360675,47.67286682128906,7270600
2023-08-03,46.933595928830464,47.809042725740966,46.729326246424996,47.205955505371094,5749400
2023-08-04,47.76040621402613,48.46076368539144,46.36942051985399,46.54450988769531,7662100
2023-08-07,47.10868760870507,47.78959029421766,46.884963129723424,47.721500396728516,4888400
2023-08-08,46.86551078293197,47.244869863154776,45.999793146398645,47.07950973510742,6264300
2023-08-09,47.18650748021441,47.215691518039904,45.892795595675715,46.1359748840332,5819600
2023-08-10,46.85578529909587,47.93550197456854,45.766343084388836,46.12624740600586,12200100
2023-08-11,45.513435773435596,46.35969864444475,45.318891603728986,46.03870391845703,6756400
2023-08-14,45.73715648138985,46.7779634358937,45.630157011383105,46.748783111572266,4629300
2023-08-15,46.16515705837576,46.30133687160529,44.949260567938424,45.1729850769043,7037900
2023-08-16,44.98816930625936,45.5134374708708,44.09327128710346,44.102996826171875,6477500
2023-08-17,44.51152774049659,44.618527202881424,42.90654693658652,43.07190704345703,6629100
2023-08-18,42.17702056419974,43.42209745711072,42.079746612802424,43.091373443603516,6455000
2023-08-21,43.38318326614881,44.16135995214188,42.74119009763953,43.94736099243164,5271700
2023-08-22,44.47262801394381,44.48235355249232,43.39291141461305,43.56800079345703,5200600
2023-08-23,43.87927155158954,45.19243822945914,43.8403619747554,44.958988189697266,6318400
2023-08-24,45.47452555403719,45.62043460690832,43.07191306998656,43.101097106933594,7541700
2023-08-25,43.58745701970563,44.37535553988545,42.50774038474065,43.986270904541016,9793700
2023-08-28,44.637990279357616,44.988169053800156,44.23917638860284,44.79362487792969,4963900
2023-08-29,44.75471350548624,46.80714724288305,44.70607839112479,46.709877014160156,6497600
2023-08-30,46.85578518826318,47.49778209486055,46.573700023674704,47.30323791503906,4695300
2023-08-31,47.44914094854739,47.80904896234938,46.96278237806823,47.01142120361328,4142100
2023-09-01,47.91604269509876,48.04249695702461,46.80714579522,47.244869232177734,4580000
2023-09-05,47.13786685112626,47.205956747052426,46.61259875916358,46.65150833129883,3253700
2023-09-06,46.34024279633829,46.3791523715138,44.92007669802395,45.678794860839844,5785700
2023-09-07,44.667160715240634,45.406427677709516,44.56989050415717,45.211883544921875,4503900
2023-09-08,45.22161025552475,45.88305433290338,45.09515601971361,45.367515563964844,4222800
2023-09-11,46.2040696653379,46.36942981777851,45.66907591660046,46.272159576416016,3859300
2023-09-12,45.776065255298946,46.281878561562145,45.3091615211993,45.47452163696289,3478800
2023-09-13,45.53287980735639,45.99005423097528,45.192426663123854,45.64960479736328,4157900
2023-09-14,46.398604545523234,46.98223329779554,45.96088112600846,46.76823806762695,3709900
2023-09-15,46.25269691676177,46.340241603342236,44.929801079821885,45.05625534057617,5798700
2023-09-18,44.92979971772031,45.53288696726743,44.803349171420756,45.12434387207031,3608300
2023-09-19,44.81307431449389,45.00761846712969,43.9765370555947,44.842254638671875,4243700
2023-09-20,45.208439368356416,45.33504741742008,43.504114249542624,43.56254959106445,6931100
2023-09-21,42.64709066447377,42.73474183110965,41.32258579759133,41.3907585144043,7568300
2023-09-22,41.653709472665604,42.13091846123782,40.96224126424957,41.04989242553711,6057700
2023-09-25,40.699284239567625,41.585533142089844,40.5726761920262,41.585533142089844,5498900
2023-09-26,40.650590161879826,40.855108282962505,39.48190934619696,39.70590591430664,8486900
2023-09-27,40.07599256709723,40.212337993364606,38.702793507336345,39.77408218383789,10150600
2023-09-28,39.55008808151589,40.894071410160095,39.394264196682826,40.4168586730957,9067000
2023-09-29,41.2933631156641,41.33231629369977,39.65721075388392,40.095462799072266,8825000
2023-10-02,39.84225172101826,40.39737446379007,39.2481720838085,40.05651092529297,7607300
2023-10-03,39.374778329699154,39.83251253054467,38.0113168078929,38.42035675048828,9954800
2023-10-04,38.52749099402331,39.442955790983,38.11845100209889,39.23843765258789,8363200
2023-10-05,39.111832613693984,39.374786118420005,38.215846196228576,39.141048431396484,6156000
2023-10-06,38.4398394695148,40.962240964634994,38.050277929945324,40.514244079589844,9910400
2023-10-09,39.96886343206941,41.4686705691274,39.813039555176005,41.2641487121582,6851500
2023-10-10,41.48813871604035,42.6860389911931,41.34205594440896,41.897178649902344,8454100
2023-10-11,42.23804623311631,42.50099970553616,41.51736224067733,42.43282699584961,6531800
2023-10-12,42.57891431433743,42.676302840007246,40.90380492385109,41.62449264526367,8857900
2023-10-13,42.02379051453478,42.39386987511506,40.49476766517041,40.991455078125,7578600
2023-10-16,41.60501508844299,42.55943677796416,41.54657974270873,42.25752639770508,7218200
2023-10-17,41.27389007451814,42.84186993616926,41.195976277975184,42.218570709228516,10480900
2023-10-18,41.68291429772042,41.95560879156731,40.19284866384476,40.543453216552734,11206500
2023-10-19,40.67007380288385,41.20572192562976,39.20922339205256,39.433223724365234,14132800
2023-10-20,39.23844314319723,39.41374549067561,37.91393816897601,37.923675537109375,10926700
2023-10-23,37.465937551816985,38.80017963134225,37.01794068810282,37.73862838745117,10577600
2023-10-24,38.29374761342157,38.87808612600441,37.77758180346895,38.57617950439453,7171400
2023-10-25,38.079495598103975,38.089236680391025,36.745253390124304,36.90107727050781,9454300
2023-10-26,36.55047394636753,36.78421163305044,35.27466704009076,35.537620544433594,12198100
2023-10-27,35.93692029886324,36.03430883669236,34.64163119795538,35.031192779541016,10997200
2023-10-30,35.74213431498439,36.55046946389738,35.40126705183898,36.27777862548828,10364500
2023-10-31,36.404383228256144,37.01793755652874,35.90769214521601,36.9302864074707,10334300
2023-11-01,37.1737643406066,38.322966734389695,37.03741892357029,38.10871124267578,12363200
2023-11-02,39.15078873225971,40.29999126398028,39.13131028246884,40.25129699707031,9117700
2023-11-03,40.933022252760125,41.79979279474185,40.88432798812387,41.33232116699219,8423300
2023-11-06,41.55632279112105,41.76084467158665,41.04989791938778,41.595279693603516,7848800
2023-11-07,41.59527244422717,42.150395204882045,41.26414626110548,41.94587707519531,5876600
2023-11-08,42.121183910830986,42.28674516259168,41.361542938970004,42.043270111083984,6130900
2023-11-09,42.32569877189518,42.35491830209589,40.89406810662209,41.00119400024414,8754300
2023-11-10,41.6050117649738,43.00742651436148,41.16675599481081,42.910037994384766,7495800
2023-11-13,42.5107395205672,43.10481544226142,42.2672645031874,42.77368927001953,7261900
2023-11-14,44.57541086165589,45.646699553828604,44.48775969846835,45.23766326904297,8035400
2023-11-15,45.6564351640468,46.04599295308773,45.266873659872026,45.52982711791992,6232100
2023-11-16,45.335050254031856,45.744090240010415,45.01366514338756,45.646697998046875,5915100
2023-11-17,45.666170928315786,45.997297080711505,45.34478585650642,45.82199478149414,6711000
2023-11-20,45.7343534658998,47.11729371096599,45.71487501567245,46.834861755371094,4833300
2023-11-21,46.46477066810113,46.62059452808008,46.1044286884874,46.484249114990234,6655800
2023-11-22,46.990674020994426,47.41918867461862,46.65954787928778,47.01988983154297,4852700
2023-11-24,46.9809392638845,47.127022039870226,46.89328811223955,47.0588493347168,1565600
2023-11-27,46.834858545327855,47.11729048156497,46.67903466932363,46.81538009643555,3648300
2023-11-28,46.65955476062812,47.33154450828463,46.484252441216135,46.922508239746094,4195100
2023-11-29,47.60423570986358,47.95484032394673,46.679029914951684,46.78615951538086,4653900
2023-11-30,47.02964080872344,47.41919865350566,46.367388385945866,47.31207275390625,6582500
2023-12-01,47.10754851646219,48.305445237376304,46.92250882815542,48.11066818237305,8105700
2023-12-04,47.019895681819506,47.4484141038941,46.63033787054648,47.38024139404297,8888100
2023-12-05,46.8738146894112,47.62371824160302,46.7861635283723,47.321807861328125,5196600
2023-12-06,47.984054076103185,48.01326988764417,46.591376760599196,46.72772216796875,5829800
2023-12-07,47.35102000137407,47.945099633956396,47.156239245835515,47.74058151245117,4836500
2023-12-08,47.48737077582229,48.519706296107195,47.41919806095892,48.35414505004883,8643000
2023-12-11,48.1690974634449,48.95795787221567,48.10092475449194,48.909263610839844,6045100
2023-12-12,48.772914754794215,49.581249839026306,48.43204751892412,49.561771392822266,6158100
2023-12-13,49.668902581134354,51.67513802284013,49.532557168470305,51.56800842285156,10707600
2023-12-14,52.21079263043022,52.600350498614965,51.129762766096924,52.02574920654297,9662500
2023-12-15,51.80174481259832,52.18156897107211,51.470618631072945,51.79200744628906,6509300
2023-12-18,52.27895989234306,52.941212285766355,52.24000299505129,52.61982345581055,4974300
2023-12-19,52.795123606843056,53.57424294495958,52.77564515899839,53.5352897644043,4704000
2023-12-20,53.23175648056458,53.89544570029691,51.17236820079467,51.23093032836914,7698200
2023-12-21,52.25573588834335,52.792542283172736,51.426122620703346,52.694942474365234,9222800
2023-12-22,53.065822476782756,53.583111866476564,52.35333347774899,52.98774337768555,6888500
2023-12-26,53.114631287326496,53.954003151763004,53.095114301674286,53.61240005493164,2804000
2023-12-27,53.56359408536504,53.963759263470386,53.37814923389572,53.90519714355469,5438000
2023-12-28,53.96375594068308,54.188238468413054,53.77831110063242,53.89543533325195,4038400
2023-12-29,53.807600671840206,53.99304181162041,52.75350478712497,53.42695617675781,5842500
2024-01-02,52.34357666008494,52.83158314542515,51.76772885845573,52.460697174072266,6554500
2024-01-03,51.73844798957249,51.992213457002684,50.99667974064132,51.1918830871582,7324500
2024-01-04,50.97716125903753,51.84581227960407,50.567237564331926,50.65507888793945,5516600
2024-01-05,50.674590503722285,51.640844961032904,50.35250816674803,50.85027313232422,7855500
2024-01-08,50.97716726177292,53.0365556396984,50.94788805818745,52.96823501586914,6631100
2024-01-09,52.080048994329346,53.085341090961634,51.89460416029087,52.70469665527344,10046600
2024-01-10,52.80230739216796,53.895444748417354,52.714466063954966,53.61240005493164,5350600
2024-01-11,53.875926656382205,54.06136781464138,52.080062310396315,53.47576141357422,9994600
2024-01-12,53.93447748736332,54.207763662913116,53.06582650106649,53.5538330078125,5725100
2024-01-16,53.05606911346914,53.51479643078068,52.32405933811376,52.958465576171875,9842000
2024-01-17,51.89461307766145,52.20694068499641,51.24068610874035,52.0214958190918,5820300
2024-01-18,52.53877960013397,53.55383025231076,52.041010903875964,53.36838912963867,7184900
2024-01-19,53.739280702138274,55.44730356598007,53.51479814395953,55.36922073364258,7730600
2024-01-22,55.896265496366006,56.296430681301146,55.45705889748739,55.681541442871094,8886200
2024-01-23,55.87674626685916,56.23787004739949,55.47658107134305,56.1402702331543,4304900
2024-01-24,57.13579656282696,57.48716180563284,56.189062850065994,56.296424865722656,6123900
2024-01-25,57.028446014386574,57.26268707456224,56.26715698402388,57.194366455078125,5014400
2024-01-26,56.999162569639694,57.53596899270973,56.638035067026586,56.960121154785156,9360200
2024-01-29,57.0186785754802,58.31677767316247,56.83323744289453,58.287498474121094,5933300
2024-01-30,57.99469637437861,58.36558239333511,57.81901744244605,58.10205841064453,4964600
2024-01-31,57.291964525560836,57.44812645848907,55.2325764753737,55.2716178894043,13144100
2024-02-01,55.76938441758519,57.370045204824855,55.50586045043803,57.360286712646484,9111600
2024-02-02,57.50667985878385,59.741750354678096,57.379800859001925,59.13662338256836,8400200
2024-02-05,58.892628266500424,59.05854869978456,57.653091231892816,58.47294235229492,9577500
2024-02-06,58.814538379420604,59.087824535569084,58.27773200474816,58.9511833190918,4856400
2024-02-07,59.77103558697609,60.57136592004794,59.44894952154294,60.39568328857422,4733200
2024-02-08,60.376170818277,60.58113267522339,60.06384692487453,60.464012145996094,3966900
2024-02-09,60.620169524339104,61.62546174776943,60.493286788708005,61.45954132080078,5296000
2024-02-12,61.449780701808386,62.27939402778452,61.09841540828385,61.3424186706543,4922600
2024-02-13,58.95118872839367,59.448953737405894,57.57501049971955,58.83406448364258,8772900
2024-02-14,59.7710359871903,60.561604110921536,58.90238131544547,60.385921478271484,6358700
2024-02-15,60.571370222417336,61.61570387080433,60.36640465567668,61.527862548828125,7448700
2024-02-16,61.4302613101929,61.84018873581909,60.32736922134863,60.58113098144531,6962100
2024-02-20,59.9467188595114,60.18096362626123,58.73646478035431,59.56607437133789,6453400
2024-02-21,59.05854458604867,59.7710373475645,58.394859175946934,59.70271301269531,5508200
2024-02-22,62.0841944786616,63.714134584069136,61.7523498725698,63.382293701171875,7295900
2024-02-23,63.98740939010302,64.3290198945066,63.19684124921192,63.46036148071289,5784200
2024-02-26,63.60675967683263,63.78244229881754,62.708829585081986,62.757633209228516,4177000
2024-02-27,63.001648558129226,63.15780678194392,62.26963501023015,63.069969177246094,4077300
2024-02-28,62.45507107803622,63.03091887455736,62.32818835047896,62.767391204833984,3938100
2024-02-29,63.4213351191108,64.01669626510947,62.396518375783934,63.382293701171875,6850400
2024-03-01,63.723885755862064,65.34406336438693,63.57748232556224,65.16838073730469,6462000
2024-03-04,64.82678965165611,65.66616153067588,64.82678965165611,64.91463470458984,3643300
2024-03-05,64.13382192772883,64.30950458911862,62.10371655183911,62.943084716796875,6021500
2024-03-06,64.21189332189608,64.76822040942054,63.411562995169895,63.91908645629883,6771900
2024-03-07,65.09031524010085,66.15416593205713,64.74870470209243,65.77352142333984,5955900
2024-03-08,65.99800758824406,67.04234129291841,64.30950167222852,64.55350494384766,11477600
2024-03-11,64.02645177037893,64.55349968772929,63.28467980006492,64.33877563476562,8913400
2024-03-12,65.13909021554736,66.61287158393097,64.1533226787805,66.39814758300781,8326600
2024-03-13,66.48600902909583,66.56408441076658,65.49047158731325,66.04679870605469,5123400
2024-03-14,66.3884041305507,66.42744554596794,64.38758185354011,65.58807373046875,6770800
2024-03-15,64.38757983691559,64.93414474286132,63.655570075143274,64.16309356689453,6360000
2024-03-18,65.74424460500595,66.32008877369466,65.13911378764072,65.3147964477539,9732400
2024-03-19,65.07078791461954,66.50552828200657,64.6608642229057,66.40792846679688,5571700
2024-03-20,66.43042228497085,68.27842718725157,66.1370850948193,68.20020294189453,5927000
2024-03-21,69.3050867738191,69.57887161021237,68.7281997961355,68.77708435058594,5468600
2024-03-22,68.76730382687623,68.9726368351134,68.32729812933385,68.45441436767578,3529000
2024-03-25,67.83840558663513,68.27841126928249,67.76018881938766,67.87751770019531,8511200
2024-03-26,68.38596636852422,68.51307514018447,67.24195758409104,67.3104019165039,7742100
2024-03-27,68.47398296205058,69.04109757278707,67.59397881778277,69.02153778076172,5110600
2024-03-28,69.0215341666478,69.56909641656232,68.86509313801116,68.98242950439453,3904300
2024-04-01,69.2366437130774,69.45175664429392,68.10242206649137,68.63042449951172,8047700
2024-04-02,67.007308603231,67.2908658947544,66.3130852177252,67.24197387695312,5248700
2024-04-03,66.79219172799647,68.03397729223725,66.76285950299258,67.43753051757812,5570800
2024-04-04,68.97265013300448,69.10953883155467,64.7779701163247,64.865966796875,7966900
2024-04-05,65.41351723178329,67.6721878096307,65.23751644260861,66.88018798828125,8073700
2024-04-08,67.1735385964177,67.56465241200485,66.67487575492274,66.93887329101562,8048700
2024-04-09,67.66241323985317,67.75041737130175,65.28640612897497,67.17352294921875,5631700
2024-04-10,64.9050728732545,65.95129780607265,64.37707045951349,65.19841003417969,8940600
2024-04-11,65.67751683022685,67.13441520036342,64.32818237574224,66.58685302734375,6507900
2024-04-12,65.13973563333005,65.69707018603438,63.10595052666857,63.75128173828125,7446200
2024-04-15,65.36462884125551,65.43307318195296,61.04284056322014,61.37528610229492,9206200
2024-04-16,61.521955234376684,62.08906978816595,60.524622277604315,60.98417663574219,8826600
2024-04-17,61.89351136667308,61.95217954557614,59.38061551768198,59.89883804321289,9682400
2024-04-18,60.35839672177409,61.13084430031876,59.12639479201812,59.42950439453125,9430700
2024-04-19,59.40994843568586,59.77172994823917,57.43483487874057,57.84550094604492,8056200
2024-04-22,58.81350252505128,60.407282161756335,57.96283074724776,59.400169372558594,7134600
2024-04-23,60.19217233529322,61.717507614610675,59.99661547821906,61.53173065185547,6311000
2024-04-24,61.88373904364327,62.14774027019108,60.62240109344947,61.48284912109375,5805000
2024-04-25,59.08728211160553,60.964619078167175,58.51039140689268,60.651729583740234,7454100
2024-04-26,61.69795900181979,62.978856756735276,61.47306989452204,62.40196228027344,4979800
2024-04-29,63.06684315461955,63.2819560612848,62.00106224513471,63.0081787109375,3580100
2024-04-30,62.42151566749741,62.822405577236374,60.02595237420681,60.03573226928711,5121800
2024-05-01,59.77173383131538,62.216185523894026,59.23395520493553,59.351287841796875,8514500
2024-05-02,60.71039925387817,61.30684603288513,59.04817144269576,60.98417663574219,4893200
2024-05-03,63.22329228956597,63.72195498590999,62.274840257364694,63.25262451171875,5392800
2024-05-06,64.17172338796091,65.20817565917969,63.99572262189525,65.20817565917969,3542700
2024-05-07,65.56020369211852,65.94153759609189,65.12997776563563,65.40375518798828,3943100
2024-05-08,64.65085697005416,65.58952546556982,64.61174485025676,65.3744125366211,2135000
2024-05-09,65.40373974125718,66.45974451510853,65.12996238356392,66.43041229248047,2883200
2024-05-10,67.0561803819293,67.38862213104085,66.21528865669475,66.71395874023438,3417600
2024-05-13,67.32997697576465,67.35930920204197,66.23485994887305,66.67486572265625,2336700
2024-05-14,66.74329756987996,67.78952238377326,66.52818467096999,67.57440948486328,3548700
2024-05-15,68.54241947552698,70.19487109856512,68.29797432229053,70.04820251464844,4514900
2024-05-16,70.04821088281071,70.69354974518855,69.52020839355836,69.5788803100586,3280600
2024-05-17,69.58863334367462,69.8819704647632,69.01174645470604,69.8526382446289,2852400
2024-05-20,69.86240758096798,70.66418722187653,69.70596659389615,70.05796813964844,2674100
2024-05-21,69.71575442643795,70.61531071919723,69.65708252221565,70.5370864868164,2210000
2024-05-22,70.2535281648403,70.52730551411246,69.03130252710865,69.89175415039062,3882300
2024-05-23,71.06509161783329,71.10420373553845,67.78952822373044,68.26863861083984,6521600
2024-05-24,69.02152756622932,69.94064369865245,68.62064140753601,69.62775421142578,4314900
2024-05-28,69.93087601664895,70.00910026708496,68.67931784917315,69.75487518310547,3831500
2024-05-29,68.06331139207668,68.72820253001763,67.96553481941244,68.24909210205078,3799500
2024-05-30,67.61352825059365,67.87752572348892,66.38152263737693,66.85086059570312,3991800
2024-05-31,67.17353152968352,68.698874504018,65.16908555796721,68.61087036132812,6663700
2024-06-03,69.26597465433434,69.3050867738191,66.74330635649683,68.77708435058594,6767900
2024-06-04,68.24907596162114,69.27574092160815,67.63306952575638,68.95307159423828,4973100
2024-06-05,69.90153408393918,71.4268769161922,69.08020194800407,71.39753723144531,4374200
2024-06-06,71.54420301168571,71.70065148470788,70.60553455317405,71.36820220947266,3182200
2024-06-07,70.93798142019659,72.21887154511816,70.46864347693703,71.0259780883789,4625500
2024-06-10,70.69355254451573,71.81799446035897,70.44910735239759,71.67133331298828,2609300
2024-06-11,71.0553128280665,72.20909420874789,70.22420082856375,72.16020965576172,2731200
2024-06-12,74.04733568669512,75.04466871826068,73.51933321355757,73.92021942138672,6023700
2024-06-13,74.65354574021589,74.71221764769015,73.19665476577212,74.37976837158203,2707600
2024-06-14,73.66598624593249,74.43843380906361,73.22598796333038,74.3895492553711,2770200
2024-06-17,74.11578001673962,76.72645269441124,73.91043950512525,76.13978576660156,3223000
2024-06-18,76.1593382963526,76.76556501726182,75.98333747156441,76.6971206665039,2504700
2024-06-20,77.08822300845092,77.36200785725393,75.30866252054038,76.02244567871094,3855600
2024-06-21,75.63132586559225,76.14954837594924,75.07399123711178,75.48465728759766,3231800
2024-06-24,75.56289282447237,76.66778981204797,74.8686694086737,74.88822174072266,3760400
2024-06-25,75.40643275167307,75.90509542171753,74.77087395234659,75.71932220458984,2562500
2024-06-26,75.24178887031013,76.30083607671338,74.96721331754901,76.0262680053711,2263000
2024-06-27,75.90859449131698,76.58520647824739,75.60460202274763,76.31063842773438,2527700
2024-06-28,76.59500393761476,77.89920947711859,74.8299131712624,75.3496322631836,5324300
2024-07-01,75.91838905574146,76.00664733998997,74.63379971619682,75.7811050415039,3265300
2024-07-02,75.1142920032962,77.29123486571552,75.06526627445768,77.2618179321289,2927200
2024-07-03,77.10490860947849,78.41892217990844,77.0951079537097,78.23260498046875,1889700
2024-07-05,78.35029230580724,79.7329406062263,78.05610799605793,79.546630859375,3205700
2024-07-08,79.89964564134708,80.2134387337429,79.32108518515066,79.79177856445312,2528300
2024-07-09,80.18401766567501,80.57626091789595,79.88003269887723,79.98789978027344,2134900
2024-07-10,80.5174286642855,82.49824627969411,80.38995278435823,82.29232025146484,2500500
2024-07-11,82.3805692678533,82.76300434601524,79.89964158798641,80.17420959472656,5672100
2024-07-12,80.61549103498406,83.22390246624394,80.45859821313032,81.60590362548828,4657200
2024-07-15,82.4884392285249,83.70438650728566,81.44899354763605,82.272705078125,8540500
2024-07-16,82.83165739759211,83.82206996667082,82.48844734338209,83.71420288085938,3117400
2024-07-17,80.95869421827317,81.73337256666994,80.00750678440093,80.1447982788086,4552400
2024-07-18,80.80180202954752,81.23326286736112,77.32065350429735,78.24242401123047,5761800
2024-07-19,78.06591542259,78.78175243160901,76.17334866672648,76.59500885009766,4254700
2024-07-22,78.28164656945708,79.22302584183556,77.44813437342152,78.97787475585938,5229200
2024-07-23,78.89942667483412,79.84080597181543,78.36009876044167,78.56602478027344,3713500
2024-07-24,76.41849565875715,76.57538846106125,72.79026263399889,73.19230651855469,7665300
2024-07-25,73.20212611437232,75.6830542580522,71.64296109687115,71.99597930908203,9370600
2024-07-26,73.49628895954827,75.46730568841777,73.1824958842262,74.36902618408203,5798000
2024-07-29,74.97701103307062,75.40847936028636,73.6237796632819,74.43768310546875,4323900
2024-07-30,75.05546576463195,75.48693411820263,71.87830943025958,73.29037475585938,4354400
2024-07-31,76.09490664621968,77.92863972904686,75.54577052790502,76.71269226074219,6042900
2024-08-01,77.56580601168733,78.5071853314602,72.07442290563667,73.55513763427734,9588400
2024-08-02,70.51527302450376,71.03499221128591,67.6322934070558,69.39737701416016,11936400
2024-08-05,61.00339116858171,65.71029469029955,60.51308903012847,63.27839279174805,13287800
2024-08-06,63.94520601761409,67.78917310887518,63.425486931476385,65.01406860351562,8450300
2024-08-07,67.35770260305928,68.50500768253089,63.44508659140064,63.65102005004883,6425800
2024-08-08,65.60243328197527,68.29909527615541,64.81794680019219,68.04413604736328,4358900
2024-08-09,67.68130889673185,69.47581665148759,67.20081486037267,68.87764739990234,4320900
2024-08-12,69.32871976844949,69.93669711680668,68.08335562170872,68.95609283447266,5028100
2024-08-13,70.2406872710207,72.44704707026327,70.1426283317823,72.33917999267578,4384500
2024-08-14,72.70201387295585,73.50610922876527,71.55470845334087,73.0354232788086,4931200
2024-08-15,75.29080575131776,76.8597713182974,75.08487972203461,76.74210357666016,4323700
2024-08-16,75.99684437683449,77.47755918142539,75.92820236504117,77.14414978027344,3257000
2024-08-19,77.34027820561276,79.36032104492188,76.99706065170271,79.36032104492188,3304900
2024-08-20,79.15439057672742,79.88003575820612,78.37971218131153,78.92884826660156,2806200
2024-08-21,79.37012273893686,80.38014407656813,78.63466943700132,79.78197479248047,3541000
2024-08-22,80.56645654050271,80.82140828346894,77.32065107263024,77.84037017822266,4354600
2024-08-23,79.1838054415742,80.64490390538951,78.22280983603216,80.2232437133789,5118800
2024-08-26,80.64489602735887,80.9684972438658,78.9092296976331,79.59564971923828,3301300
2024-08-27,79.04652403206101,80.14480369157391,78.5758306118646,79.92906951904297,2652600
2024-08-28,79.78196342915498,79.94866435831024,77.11471863700359,78.51698303222656,3505000
2024-08-29,79.33089645487719,80.74296168568833,78.0168826851269,78.47776794433594,5456700
2024-08-30,79.41914437547565,80.85082583165787,77.88940398037472,80.60567474365234,4147100
2024-09-03,79.22302922048817,79.37992203186694,74.52593331509557,75.6438217163086,6598900
2024-09-04,74.81030138352243,76.54596766647657,74.52592524468714,75.08486938476562,5215700
2024-09-05,75.05545517394972,76.26159429190379,73.51590669853171,74.53573608398438,4482000
2024-09-06,74.61419260537195,75.28100396276496,70.32895574045713,70.72119903564453,7081800
2024-09-09,72.3784126064742,73.55514244420247,71.58412539003588,73.0354232788086,4155600
2024-09-10,73.80029427542131,74.13369620309432,71.81946906264258,73.96699523925781,3427800
2024-09-11,73.9375769040635,76.62443099782499,70.37797796833992,76.19296264648438,6822100
2024-09-12,76.47734448120802,78.26204440977958,75.52615689901978,78.11495971679688,4511700
2024-09-13,78.33066663006845,79.71332224601039,78.22279956153042,79.26224517822266,4017900
2024-09-16,79.14457029802884,79.72313071178927,78.37970015900396,79.63487243652344,2639500
2024-09-17,80.55664250979889,81.18422864590089,78.72290982628463,79.7035140991211,3493500
2024-09-18,79.94866561887913,82.04715817608808,78.7229102709105,78.93864440917969,5697800
2024-09-19,82.9885506366917,83.76322903807409,81.76279509300149,82.94932556152344,5079500
2024-09-20,82.3217312255413,82.9199004705472,81.12540021694689,82.39037322998047,4089100
2024-09-23,82.9101108772724,83.34157175642795,82.38058356604577,83.02777862548828,3149300
2024-09-24,83.37096890515821,83.76321209608741,82.12560481648086,83.73379516601562,3467200
2024-09-25,83.65515515691571,83.96976631581816,82.6523583405142,83.124267578125,3043100
2024-09-26,85.05120370176536,85.1691753686607,83.06526230062002,84.1270523071289,3761700
2024-09-27,84.53015048694589,84.89390649664803,83.23240951823475,83.6551513671875,3148000
2024-09-30,83.1832590923304,84.91358308057066,82.17062873297601,84.73661804199219,3352600
2024-10-01,84.46134544966027,84.48100489915242,81.18749580454893,82.38692474365234,5914200
2024-10-02,81.92483443323243,82.87847883092789,80.86304433059776,82.39673614501953,3100900
2024-10-03,81.76753031853055,82.80966099371186,80.94169855782272,81.93466186523438,3960200
2024-10-04,83.83211180040655,84.26469459989725,82.02314282206746,84.07789611816406,4972400
2024-10-07,83.34054687508889,83.62565759646937,81.27596001416184,81.81668853759766,4657200
2024-10-08,82.87847575301957,84.33351472785934,82.51471225893853,84.08773040771484,3049200
2024-10-09,84.05824344002743,86.0638445344751,83.80262562877377,85.79839324951172,3551200
2024-10-10,85.19868715313495,85.96553309323266,84.59897276393181,85.32649230957031,3300300
2024-10-11,85.18885829048264,87.07648032224243,85.13969841956197,86.73238372802734,2940600
2024-10-14,87.48938991326179,89.288533048249,87.33209183901987,88.86578369140625,2982100
2024-10-15,88.97393359359168,89.12140570190647,86.23097938161169,86.80120086669922,4602800
2024-10-16,86.75204128071402,88.10877568075522,86.39811121989833,87.86299133300781,2679600
2024-10-17,89.50483050572485,89.58348329852679,87.80399948991291,87.88265228271484,3484300
2024-10-18,88.59050779218533,89.17055523215014,87.91214061597866,88.7871322631836,2207100
2024-10-21,88.4627072535809,88.89528261250467,86.96833419331871,88.36438751220703,3368100
2024-10-22,87.13545120828974,88.68880985350357,86.84051453562684,88.17758178710938,2797600
2024-10-23,87.19445384177052,87.40091178487366,84.08773622004472,85.70008087158203,4292200
2024-10-24,86.60456942885048,86.61440290299761,85.08071096874154,86.2309799194336,3369200
2024-10-25,87.19445993277454,88.50202699710171,85.65093448778134,86.06385040283203,4653600
2024-10-28,87.61720216233155,87.63686160874225,86.7127101118446,86.84052276611328,2906400
2024-10-29,86.37843854451071,87.75483218126543,85.73939783808083,87.21410369873047,2836500
2024-10-30,87.01748474029773,87.91213578514368,86.09333327575463,86.41777038574219,3107900
2024-10-31,84.41217265886611,84.4416655789635,81.22680977572286,81.2661361694336,6461200
2024-11-01,82.38691383797652,84.19588298154993,82.08213615561365,82.24927520751953,4409800
2024-11-04,82.29842110709279,82.86864253173832,80.88270101852245,81.68887329101562,3364700
2024-11-05,82.11162772941199,84.64812387892843,82.00348952217774,84.63829040527344,3214600
2024-11-06,90.12419504149993,91.32362375494748,88.45286462158468,90.94020080566406,7138700
2024-11-07,91.86435435586485,93.47669897420472,91.80536101566237,92.9851303100586,3854600
2024-11-08,93.16210485631697,94.7744496395418,93.16210485631697,94.16490173339844,3727400
2024-11-11,94.90224753323716,95.03006018966752,93.54552068567455,94.36152648925781,2856700
2024-11-12,94.31236272491367,94.58763997240217,92.25760184060175,93.44720458984375,3531900
2024-11-13,93.63400486557275,94.52866350938663,92.52306229209678,93.565185546875,3611300
2024-11-14,93.59466221321426,93.83062055126146,91.4022703692376,91.7267074584961,3269300
2024-11-15,89.98655292971871,90.19301085588624,87.23377308007608,88.1087646484375,5043400
2024-11-18,88.31523877946974,89.78011147720372,87.90232285136916,89.1803970336914,3045800
2024-11-19,87.57787903464666,90.45847183913295,87.28293482228909,90.15369415283203,3637100
2024-11-20,90.15369810006513,90.31100368707463,87.4893966012232,90.2028579711914,3972900
2024-11-21,91.50059523330648,92.26744118604034,88.76747452966823,91.59890747070312,4944500
2024-11-22,91.53008722628022,92.67053017059658,91.30396983263522,92.35592651367188,2983200
2024-11-25,94.21405859919454,94.84326593351233,92.18879045991252,93.26041412353516,4131900
2024-11-26,93.84045040090678,95.03987908294766,93.53568024426242,94.75476837158203,3253100
2024-11-27,94.58763588474218,94.74494144836181,93.06377761607312,93.78146362304688,2693600
2024-11-29,94.07640774960241,95.82639088976866,93.97808802202643,95.4134750366211,1798400
2024-12-02,95.63960633233317,96.2589877029717,95.39382197909394,95.973876953125,2394500
2024-12-03,95.83621928304504,96.16064886432682,95.3151502570338,96.02301025390625,2111300
2024-12-04,96.82919102459074,97.90081458693261,96.52442086041884,97.76317596435547,3113700
2024-12-05,97.76317660461916,98.17609247505482,97.12413585233021,97.29126739501953,2103600
2024-12-06,97.57638060553984,98.37271944752374,97.3797561386217,97.80250549316406,2901900
2024-12-09,97.6648549705036,97.7533412271547,95.92470526428276,96.2098159790039,3326200
2024-12-10,96.50475702626431,96.6817145323232,94.97105780040911,95.30532836914062,2314000
2024-12-11,96.66206202576944,97.93031008208598,96.5244233995716,97.50756072998047,2334000
2024-12-12,97.01599084833538,97.28143462389075,95.93454129859396,95.9542007446289,2464800
2024-12-13,96.80953730380597,97.18312680135922,95.11853983986727,95.81656646728516,2761700
2024-12-16,96.58341965123262,97.44858539573595,96.23932304864306,96.96684265136719,2664800
2024-12-17,95.708413803271,96.16065605715802,95.07920653692885,95.72808074951172,3155600
2024-12-18,95.57077278621972,96.74070853371269,86.93882878557936,87.24359893798828,7538800
2024-12-19,89.36718655604847,90.10453956806084,86.93883610303554,87.04698181152344,6655400
2024-12-20,85.87704637463398,92.11996707259497,85.51329035411713,89.93740844726562,7185200
2024-12-23,89.93247627628743,91.94368359358825,88.4635089912403,91.69721221923828,3728200
2024-12-24,92.22958794435804,94.66471871635342,91.96339465756029,94.62528991699219,2349800
2024-12-26,93.76757060661791,95.17738717398802,93.12674352659342,94.61543273925781,2945300
2024-12-27,92.7521094099697,92.88027181682925,89.56769594349394,91.59862518310547,5207300
2024-12-30,88.23674782052561,90.02119807899939,86.64947164346992,88.39449310302734,5261800
2024-12-31,89.11418503183096,89.42966807428311,86.6494714121394,87.38888549804688,4339600
2025-01-02,88.79869407192818,89.60711976623797,84.8748670296827,86.6593246459961,5994200
2025-01-03,87.94097193781583,90.15921401886541,87.43817581507467,89.83387756347656,9809800
2025-01-06,91.78593436067764,93.38307150567157,90.593013862674,91.3915786743164,4328000
2025-01-07,92.3380348178802,92.46619721851005,87.40860756999103,88.33533477783203,4744800
2025-01-08,88.25646974961427,89.08461750998396,86.66920095884927,88.57195281982422,3747700
2025-01-10,86.89594221786325,86.92551757763678,83.59322749296,84.4903793334961,8894800
2025-01-13,82.38058891321026,84.99318695894054,82.18341482443071,84.89459991455078,4371800
2025-01-14,86.11709970475277,86.39314645020362,83.50450154094774,85.14107513427734,4444100
2025-01-15,88.71983353563455,90.28739538303104,88.20717638809488,89.78459167480469,5440800
2025-01-16,90.38598240991773,90.46485505466468,88.91701512962547,89.27193450927734,3315400
2025-01-17,91.51974868467714,92.61408214256176,90.9282189154255,91.78593444824219,3550600
2025-01-21,93.23519144746973,94.2703742313016,92.29860323101953,94.181640625,5879900
2025-01-22,95.6308823098773,96.50831970046835,95.40412536185882,95.80834197998047,3103300
2025-01-23,95.5224458586744,97.38576885906559,95.39428345099952,97.37590789794922,2932500
2025-01-24,97.3660504944079,97.81955690507368,95.9167976593949,96.45903015136719,2942400
2025-01-27,90.16909416338291,92.49578473183448,90.07050710981328,92.347900390625,6126000
2025-01-28,92.89012564262234,95.088645921012,91.34228583131214,94.65486145019531,4371400
2025-01-29,94.28022762109376,94.47740923404395,92.17043325363815,93.35350036621094,4804900
2025-01-30,94.37881849626679,95.58159244051718,92.85069302294919,94.84217834472656,4292500
2025-01-31,95.9266542175638,97.0899993121267,92.88026436346493,93.23518371582031,4680700
2025-02-03,89.00573399549306,92.4957692645618,87.96069786332927,91.30284881591797,6173500
2025-02-04,91.3028529704545,93.39293285159536,91.09581792664527,93.1464614868164,3429400
2025-02-05,92.60421413080995,94.3196525875347,91.63804314795529,94.23092651367188,3205700
2025-02-06,95.0393638553931,95.2661133085962,93.4816629577071,95.20696258544922,3218600
2025-02-07,95.40412449305572,95.9759398161485,92.17042166436464,92.5154800415039,4590500
2025-02-10,93.98445898277129,94.65486136987421,93.38306827426534,94.29994201660156,8225300
2025-02-11,93.25489835245546,94.80274568410802,93.20560859443579,94.49711608886719,2419700
2025-02-12,91.64791139342248,94.16192232330741,91.36200370762195,93.61968231201172,3590300
2025-02-13,94.10276453241822,96.63648987409184,93.52109571906439,96.53790283203125,3641700
2025-02-14,96.55761326834674,97.02098058479595,96.10410691144342,96.429443359375,2828600
2025-02-18,96.9519806251567,97.2280348952534,95.7787819445122,97.16887664794922,2797600
2025-02-19,96.53790684322202,98.0364570229612,96.291435466975,97.8885726928711,2830300
2025-02-20,97.19845195551547,97.25761020278603,95.01964581074546,96.6364974975586,3234600
2025-02-21,96.45903337035176,96.48861625348366,91.37186811953124,91.63805389404297,4852800
2025-02-24,92.48591590614815,92.96900521447071,89.98176584550804,90.31697082519531,4500000
2025-02-25,90.26767727561052,90.58316034628449,86.80722445963626,88.88744354248047,5382500
2025-02-26,89.65643304391024,91.30286008369363,87.84239974652033,88.98603057861328,4290300
2025-02-27,90.07049053581765,90.56343323466879,84.56924821142881,84.73684692382812,5319900
2025-02-28,84.87487112952444,88.84799564037189,83.52421293501143,88.58180236816406,8008000
2025-03-03,89.47896068164317,90.0113396982941,82.22284356254028,84.0467300415039,6151700
2025-03-04,82.15384276401986,84.5988346586409,78.92999287881185,80.94120025634766,7322600
2025-03-05,80.82289534122738,84.2734945375053,79.30463079225999,83.47492218017578,6547000
2025-03-06,80.2412106524051,82.22284237662853,77.91452054876677,79.07786560058594,7101700
2025-03-07,78.22015032543413,80.89190659372115,76.0807806403393,80.24121856689453,6519800
2025-03-10,76.77090008177062,77.5990402211144,71.75273940107876,73.90196990966797,8921400
2025-03-11,73.34002293893278,74.69068880376821,70.45137807597054,72.04851531982422,6705100
2025-03-12,74.37520196731273,74.73997477586498,71.08234059934817,73.10340881347656,6131800
2025-03-13,72.92594866835832,73.17242003332007,69.46548859821668,70.18518829345703,5148200
2025-03-14,71.89077028887544,74.80899052448332,71.62458450811769,74.41464233398438,4855800
2025-03-17,74.36533771771037,77.1455343082048,74.22731436030142,76.09063720703125,7807600
2025-03-18,75.14418376335,75.2329098358267,72.8569300162137,73.67521667480469,4509200
2025-03-19,74.32590133707606,77.50045359828893,73.84281958654202,75.97232818603516,5573600
2025-03-20,74.43434925951989,77.37229112262634,74.18787790435591,75.42023468017578,3978900
2025-03-21,73.46817823772523,75.68642043420098,72.93580672967482,75.42023468017578,5009800
2025-03-24,78.08212685807732,79.7877120447695,77.80608012767841,79.3342056274414,5246000
2025-03-25,79.86658856143562,80.31023403941897,79.18632514159881,79.85672760009766,3722100
2025-03-26,79.755932989982,80.20061810144651,76.44553456538401,77.08785247802734,6061600
2025-03-27,76.465294366299,77.92780271946438,75.51664335581661,76.3664779663086,4440000
2025-03-28,75.70439032088888,75.99096312244987,71.48486196246505,71.78131866455078,9093400
2025-03-31,69.42946458762422,73.62922569672962,68.2930571326129,73.02643585205078,7467300
2025-04-01,72.33469521784967,74.49880950377619,70.87219461213307,73.7379150390625,7031600
2025-04-02,71.38605639302213,76.23801941459185,71.26747972558385,75.13125610351562,6995900
2025-04-03,67.32463698762534,68.46104442027247,64.06365059649075,64.36009979248047,9506300
2025-04-04,59.261098566817424,60.04175714788861,52.65017833966295,53.18379592895508,25205000
2025-04-07,47.600586030054025,58.24327552187149,45.33765872778746,52.42290115356445,21086000
2025-04-08,57.838117597479915,58.77688843278742,47.64999417939773,50.05126953125,16152200
2025-04-09,48.95439292163397,64.90360279797318,48.82592858471163,64.04388427734375,28627200
2025-04-10,60.002232502489385,60.47655798923744,52.00786391978183,57.34402847290039,14488200
2025-04-11,56.7708841879426,61.17816161423401,55.80246922227344,60.357975006103516,8597000
2025-04-14,63.76719721328261,63.836369449903785,60.30857030380724,62.03788375854492,7974400
2025-04-15,62.25527514016517,63.47073859110529,61.247332137924346,61.55366897583008,14040600
2025-04-16,59.47849857163026,60.64455020923201,55.585074281254116,57.43296813964844,7454000
2025-04-17,57.976465137428825,59.152400661731654,56.77088921643807,57.5910758972168,6848100
2025-04-21,55.83211453026237,56.02975108783008,51.70152593247289,53.5000114440918,6116700
2025-04-22,55.41708530559438,58.27292227920474,55.1107484299239,57.51202392578125,7778500
2025-04-23,61.89953225001232,63.53002911557565,59.76506575068789,60.269039154052734,10778900
2025-04-24,60.6840778061541,64.33045729360245,60.26904439749023,64.00435638427734,5258900
2025-04-25,64.00435391029067,65.54591835878259,62.98653446213871,65.35816192626953,6197700
2025-04-28,65.61508993653159,66.40562864708751,63.37191928787151,65.49650573730469,5511300
2025-04-29,64.7751342746586,67.0578252749,64.64666618391126,66.60326385498047,4265500
2025-04-30,64.23162884347563,67.43332638561868,62.037870467471535,66.67243194580078,6708900
2025-05-01,68.8365588563241,70.16071521479758,67.9076681014971,68.10530090332031,4731300
2025-05-02,70.38799735314686,71.69239340321946,69.50851105877227,71.0599594116211,5152000
2025-05-05,69.50851647179208,71.05008104317028,69.1824230882851,69.89391326904297,3863300
2025-05-06,67.7495444248855,69.77531422902703,67.41356721049699,68.11517333984375,4410900
2025-05-07,68.56974227097642,69.88402218994916,67.07758982508098,68.97489929199219,5289500
2025-05-08,70.43740142889118,72.30505922895966,69.12312148389252,70.3188247680664,6515700
2025-05-09,70.8425598634843,71.20818129389191,69.46899156082091,70.00260162353516,4053100
2025-05-12,76.39611601460379,76.93961747983964,74.73597499440126,76.87044525146484,6493700
2025-05-13,77.12738184245606,79.3409009175376,76.88033706722617,78.43177795410156,5307000
2025-05-14,78.83692998566914,79.29149148192043,77.92780699316658,78.6985855102539,4671400
2025-05-15,77.90803395882944,80.07214852631068,77.70051725963654,79.82510375976562,4407600
2025-05-16,80.12155739370658,81.42595340900152,79.33101115568216,81.31725311279297,4286700
2025-05-19,78.77763955246833,81.82123300897166,78.77763955246833,81.57418823242188,4903200
2025-05-20,80.80339874510508,81.19867187854216,79.37054211800464,80.68482208251953,3990500
2025-05-21,78.87645237808445,80.55635376675369,76.16884386087114,76.6431655883789,5763400
2025-05-22,76.50482125485756,78.03650181832703,76.0206156249227,76.62340545654297,4290400
2025-05-23,73.75768449862112,76.04037571663542,73.59957976927343,75.02255249023438,5807100
2025-05-27,77.68075797493516,79.71640446438458,77.02855616421367,79.60770416259766,4389800
2025-05-28,79.81521577656892,80.29942892246548,77.9673258424016,78.234130859375,4044200
2025-05-29,80.35871698046887,80.42788920976311,77.55229220429358,79.11360931396484,5044900
2025-05-30,78.62939739129054,79.49899213815021,76.34670646877953,78.8369140625,4894800
2025-06-02,78.13530986805488,80.15119584606227,77.06807478454382,80.08202362060547,4281400
2025-06-03,79.96344804577683,81.89040174401259,79.75593134705137,81.50501251220703,4167700
2025-06-04,81.8311025841373,82.21649180045131,81.22831277621893,81.37654113769531,3856000
2025-06-05,82.06826901450721,82.61176294130607,79.37053702565098,80.15119934082031,5883000
2025-06-06,82.38448256714209,83.28372149989406,81.66310860946021,82.54258728027344,3967900
2025-06-09,82.79952270488114,83.43195668763917,82.30543318465094,82.740234375,3672200
2025-06-10,82.96750847954887,84.32131643254431,82.52283094231483,84.17308807373047,3878300
2025-06-11,84.59800106574313,84.97350635508367,82.56235482798023,83.44183349609375,6316800
2025-06-12,82.84891582219095,84.3904800415039,82.63152279590439,84.3904800415039,4518900
2025-06-13,82.13744672803921,83.52089138988137,80.85281092580523,81.44571685791016,7441700
2025-06-16,82.84891848992363,84.50905940626635,82.81927432807578,83.79757690429688,4406700
2025-06-17,82.71058415019363,83.3726698489419,81.31725559861177,81.60382843017578,4402800
2025-06-18,81.93979824164398,83.07620556302511,81.12949178921005,81.54452514648438,3636900
2025-06-20,82.56235922538504,83.01692066486281,80.28954448878862,80.83304595947266,4678500
2025-06-23,81.14927071164581,83.3924339598398,79.86463486112581,83.23432922363281,6066100
2025-06-24,84.95376100091717,86.41626189116322,84.58813200875143,85.9814682006836,4989400
2025-06-25,86.43623195100228,86.67402620804752,85.44544522395562,86.1489028930664,9082100
2025-06-26,86.87218036157,88.26918571326674,86.61457369648798,88.10075378417969,3594400
2025-06-27,88.42771618754799,89.96343865198129,87.58554897377287,89.28970336914062,5038600
2025-06-30,90.37955990606478,91.17218469484466,89.36895328455991,90.5975341796875,3606300
2025-07-01,89.88416376889326,90.9740275438385,89.52747997940541,90.419189453125,4161400
2025-07-02,90.2606615714153,91.66757678882456,89.98324252112076,91.6180419921875,3174700
2025-07-03,92.45030074548757,94.10492021116997,92.43048833830977,93.7284164428711,7128600
2025-07-07,92.7871711401985,93.08440259927546,90.32011450207908,91.6279525756836,11653300
2025-07-08,91.86574880245487,92.19271024461295,91.06321395270596,91.40007781982422,3804500
2025-07-09,92.48993705318523,93.33210423745741,91.65767985247464,93.01505279541016,3908500
2025-07-10,93.08440710796238,94.26344569565231,92.54938894388894,93.78787231445312,2812300
2025-07-11,92.32150130719324,93.27265559396913,91.79638558670156,92.68809509277344,3626800
2025-07-14,92.48993227807611,93.38164177501608,91.87564939281921,93.19338989257812,3503200
2025-07-15,94.42197635461645,94.56068588909429,91.96482199124695,91.98463439941406,4709400
2025-07-16,92.6583603500364,93.10421885955893,90.16158142129763,92.8664321899414,4315400
2025-07-17,92.94569817026728,94.73902724251566,92.8664409789617,94.58049774169922,3739600
2025-07-18,95.04617480266161,95.09571716462264,93.76805896691936,94.29317474365234,3652500
2025-07-21,94.79846954345703,96.03695288952065,94.60031523172783,94.79846954345703,3257800
2025-07-22,94.91736606496156,95.14524276609701,93.5897079956545,94.78855895996094,4304900
2025-07-23,95.97751008736077,97.18626350840336,95.16506529795045,97.17636108398438,5023900
2025-07-24,97.36460530531751,98.0482505445785,97.07728381544234,97.30516052246094,3816000
2025-07-25,97.49341345886234,98.63281968347859,97.38442631638844,98.36530303955078,2698800
2025-07-28,98.59318383931239,98.82106054075665,97.68165435622811,98.30585479736328,3500800
2025-07-29,98.94986754930312,99.07866709525008,97.08718377008688,97.52313232421875,4143500
2025-07-30,97.82037160303894,98.59318399893134,95.77934591538965,97.13672637939453,4817800
2025-07-31,99.37590529963343,99.54433721812003,95.40284866537061,95.9477767944336,6467600
2025-08-01,93.28256829078902,93.29247827422876,90.09223394242365,91.17218780517578,10145800
2025-08-04,92.9060596334034,95.31367146388268,92.86643481992992,95.25422668457031,4692600
2025-08-05,95.5712879660325,95.9378817808515,93.40146258804695,93.85723114013672,5604000
2025-08-06,94.29316147803723,96.235102359878,93.8869428916976,95.8883285522461,5062500
2025-08-07,97.5132229042643,97.84018432175195,94.27335379753895,95.70999145507812,6357100
2025-08-08,96.45307665335461,98.0581537108161,96.30445714744303,97.84017944335938,4244700
2025-08-11,97.92936061597929,98.62291588971561,96.64134235178868,97.16645812988281,8795700
2025-08-12,98.28604335563021,100.39642398768852,97.63212802617915,100.27752685546875,9297000
2025-08-13,101.3178482055664,101.91231870287373,100.28742914931922,101.3178482055664,4181000
2025-08-14,100.30724096275105,101.62498905602956,100.06945427705722,101.30793762207031,4596300
2025-08-15,101.73396898898942,101.75378139510119,100.05953720622409,100.53511810302734,3990400
2025-08-18,100.20815620797545,100.70354950841397,99.88119481550157,100.39640808105469,2917300
2025-08-19,100.2874284945201,100.76300186561984,98.11760325645805,98.7021713256836,4918900
2025-08-20,98.51392467860764,98.63282180725818,95.53165451043968,97.87982177734375,6987900
2025-08-21,97.03764887570597,97.83027367621996,95.91805510081512,96.74040985107422,5617800
2025-08-22,97.62221697820253,101.62499634341061,97.40424268439321,101.04043579101562,4977900
2025-08-25,100.45586029064913,101.04042835915016,99.68304789424307,99.74249267578125,3383900
2025-08-26,99.58397228792178,101.10978469699315,99.2669208496149,100.94134521484375,2891200
2025-08-27,100.65400760779768,101.9519432009782,100.59456283039009,101.575439453125,2982700
2025-08-28,101.8924926042492,102.91300917481671,100.97106830229079,102.64549255371094,3147400
2025-08-29,101.86277789678331,102.02130739666809,99.80194731199943,100.69364929199219,4312300
2025-09-02,97.13672782304882,98.51392071498707,95.91805687049713,98.4643783569336,5353700
2025-09-03,99.50470999623305,100.21807763981859,98.4941108738887,99.94065856933594,4310600
2025-09-04,100.29734298085813,102.47707074098346,99.85148442144424,102.42752838134766,3360200
2025-09-05,103.50748514193468,103.86416894964643,99.65332558109056,101.43673706054688,9369600
2025-09-08,102.12037362524003,102.6950316621664,101.45654842349846,102.19963836669922,3935500
2025-09-09,102.26900380973859,103.12108097168674,101.41692664779043,102.90310668945312,3650700
2025-09-10,104.42891672829637,104.87476770700279,103.00218150187197,103.77499389648438,5225700
2025-09-11,104.66670588347169,106.63836929050794,104.38928681825283,106.29159545898438,3537800
2025-09-12,106.23215436164037,106.94552201643886,105.87547053424112,106.09344482421875,3841700
2025-09-15,107.17338768579582,107.84712289488068,107.0346781626697,107.72823333740234,3340200
2025-09-16,108.02547509241076,108.18400459630334,106.92570122624007,107.2526626586914,2634300
2025-09-17,107.29227998816397,108.09481470154127,104.46853973822373,106.86624145507812,3874200
2025-09-18,108.18399972982154,109.63054737180816,107.3913673642195,108.34252166748047,3454900
2025-09-19,109.19459963030461,110.26465106412797,108.23353533654301,109.78907012939453,3175000
2025-09-22,109.07569520014324,111.59229411817581,109.06579277651188,111.35450744628906,2957200
2025-09-23,111.30497567465582,111.6022147121024,108.93699603606706,109.58100891113281,7066300
2025-09-24,110.16274614706506,110.20245607456272,107.75042296231567,108.44532775878906,3510800
2025-09-25,106.87683156166067,107.5816657617251,105.12963255122379,106.89668273925781,4041700
2025-09-26,107.5618074452346,108.95162467338703,106.77755338382079,108.6240234375,2771600
2025-09-29,109.87486073558921,110.3116623875546,108.67366376657903,109.5174789428711,2844800
2025-09-30,109.1402352197511,110.97677573401357,108.52474273206522,110.678955078125,2918000
2025-10-01,109.22958228279715,112.31695910127135,109.17995055361985,111.88015747070312,3445600
2025-10-02,112.85302858653375,112.88280913798047,110.98670748156343,112.18790435791016,2831200
2025-10-03,112.50557651466586,113.84575435081669,111.59227092287801,112.05884552001953,7475500
2025-10-06,113.28984423230007,113.73656770710208,112.20776942775821,113.27991485595703,3938300
2025-10-07,113.75640767807812,113.9450279405372,111.26467220801639,112.00921630859375,3798400
2025-10-08,112.56514239106461,113.9946695163216,112.11841895136901,113.94503021240234,2993900
2025-10-09,114.13365087906713,114.35205169884703,111.94965025516244,112.96223449707031,3089800
2025-10-10,113.32954224948661,114.22298910516291,103.59090032800948,103.7298812866211,6745100
2025-10-13,107.28384078158601,109.17995005665433,106.86689790370197,108.44532775878906,5053100
2025-10-14,105.51679312452806,109.7557276296368,103.54127152229852,107.96882629394531,6512700
2025-10-15,110.20245359368987,111.86030326645083,106.3705327762138,109.34870910644531,6250100
2025-10-16,110.23224395297386,111.11576907030846,105.41752663882706,107.14486694335938,7103200
2025-10-17,106.49958971512606,109.52740549941161,105.83446545231398,108.84242248535156,7076100
2025-10-20,110.28187430299467,112.68427581584811,110.26202312512241,112.22762298583984,3365400
2025-10-21,112.28717943164766,113.05157471725647,111.55256469855816,112.19783020019531,3153800
2025-10-22,112.52543349547788,112.52543349547788,108.18722792376,110.42086029052734,5975300
2025-10-23,110.52013140006817,112.81332487451938,110.39107223816414,112.27725219726562,3158600
2025-10-24,114.61015004604197,115.6227342453015,114.21306592559692,114.91790008544922,3595800
2025-10-27,117.78687940813444,119.18661839284155,117.45927818285823,119.02778625488281,7237600
2025-10-28,119.95102174992286,120.91396667882138,118.78953475427788,119.90138244628906,3934200
2025-10-29,120.77498539332312,121.30112868529473,117.73724027776976,120.03044128417969,4884000
2025-10-30,118.19389673352826,119.27597147727278,116.1290334299962,116.17866516113281,5257000
2025-10-31,118.68034288433942,118.72004524142977,115.70216622549923,117.0820541381836,4429400
2025-11-03,118.97814499170998,119.0476354710275,116.01982735917052,117.81665802001953,2429100
2025-11-04,113.99466863695365,116.00990014866112,113.22034397471081,113.62735748291016,3891300
2025-11-05,113.38910160866918,116.3474191951873,112.97215873925025,114.62007904052734,9055800
2025-11-06,114.12371701188789,114.56051863425647,110.15281520532021,110.9469985961914,5431500
2025-11-07,109.68623688954324,111.26467435160188,106.35067864878343,111.23489379882812,12608900
2025-11-10,114.25277387837603,116.71473644483117,113.16077734584212,116.26801300048828,5189300
2025-11-11,115.56317368026544,117.41956543106416,114.94768117247831,117.07211303710938,9453600
2025-11-12,118.08469500612979,118.10455375747888,116.06946345618371,117.27066040039062,4067700
2025-11-13,115.77164654473293,115.9701886083293,110.6690382565852,111.43343353271484,6528700
2025-11-14,108.00853303013628,113.11114128638444,106.95623889275024,111.2646713256836,8431300
2025-11-17,110.12303120399906,112.09855267019307,106.39038150206002,108.11772918701172,7817600
2025-11-18,106.32089484242425,107.8099830266988,103.29308674540249,105.41751861572266,14555900
2025-11-19,105.67562511053845,108.80271191081572,104.69282899864368,106.53929901123047,6096400
2025-11-20,111.49299525034975,112.76368264170281,101.33741792103356,101.6352310180664,13208300
2025-11-21,102.7173091743179,107.17464456934795,100.76163871840359,104.61341094970703,9366700
2025-11-24,106.32090470414491,109.81530287541037,105.78483199921573,109.2097396850586,4765000
2025-11-25,109.08067280493268,112.81332272320746,107.06544129625145,112.19783020019531,6056600
2025-11-26,113.44866658222797,115.50360802177907,113.04165307406954,114.4811019897461,4848500
2025-11-28,114.99731445218875,116.40699037137043,114.83848231590706,116.2779312133789,1939500
2025-12-01,113.89539828102058,116.02975201567557,113.86561015438504,114.64986419677734,3759700
2025-12-02,115.43411077286008,116.406985018213,114.12371351974616,115.22563934326172,3166400
2025-12-03,114.75906457337906,116.93313580959504,114.28256058186791,116.35735321044922,8301900
2025-12-04,117.09197237538207,117.14161168107599,115.06681897405858,116.66510009765625,8951400
2025-12-05,117.11182561383706,118.59098445236509,116.64524342830076,117.17138671875,4176300
2025-12-08,117.65782188226092,117.65782188226092,115.06681531826133,116.0992431640625,3259300
2025-12-09,115.82128748843327,116.96292337967657,115.543325547726,115.76172637939453,2850700
2025-12-10,115.52346531050361,118.75974487941473,114.85833349151667,117.98542022705078,4736100
2025-12-11,116.74451320824274,118.87887447348498,115.22564445810814,118.69025421142578,8899500
2025-12-12,118.26338675187492,118.58105861070133,113.56779935191283,114.8781967163086,8048300
2025-12-15,116.8834998296803,116.8834998296803,113.61743198165277,114.34212493896484,4198700
2025-12-16,113.52808714970354,114.47117333155363,111.40365521623318,113.36924743652344,5046400
2025-12-17,113.85569015285118,114.10387152814371,109.4876964329236,109.58696746826172,7185500
2025-12-18,112.59492532580676,114.1137941415768,111.26467678024683,112.03900146484375,3841600
2025-12-19,113.0416546200042,115.23557705077344,112.9423760115838,114.96753692626953,2549900
2025-12-22,116.64524380380252,117.36000736063615,116.00990010303804,117.0423355102539,2176700
2025-12-23,116.60553472332832,118.77960596218404,116.56582479500511,118.640625,2696400
2025-12-24,118.61074876288083,120.07421985876113,118.54106002476762,119.78550720214844,1741200
2025-12-26,119.89502373995134,120.42266814803006,119.17822092312626,119.69591522216797,1795500
2025-12-29,118.26231148312479,119.10853409051556,117.47581991292533,118.39173126220703,2248000
2025-12-30,118.17270368592084,118.73022119935071,117.72470572980143,117.91386413574219,2475100
2025-12-31,117.9636340527754,118.06318830730935,115.1661192442069,115.24576568603516,3808600
2026-01-02,117.07759510819942,117.67492826576867,114.1207872434029,115.81324005126953,5800900
2026-01-05,117.4758188266108,118.94924769289814,117.41608778997183,118.06319427490234,4456100
2026-01-06,118.16275941420774,120.39280679158146,118.08311296613998,120.11405181884766,3595300
2026-01-07,120.30319677370822,121.23902350412334,118.7999100161089,118.97911071777344,3610200
2026-01-08,118.53110258777305,119.43706378078963,117.82425750088787,118.82977294921875,3402700
2026-01-09,119.35742008507115,121.7766257628448,118.62070946418828,121.10960388183594,4287500
2026-01-12,119.33751756482394,122.16489810283534,119.32755985997086,121.6870346069336,2699400
2026-01-13,121.8662368624146,122.1350341328306,119.66604738767944,120.89058685302734,3235400
2026-01-14,119.43706758776248,119.80541910371663,116.8983922210639,119.13839721679688,4994900
2026-01-15,121.23902904906019,121.69698473081377,119.516718288933,120.0045394897461,3370600
2026-01-16,120.65164801980482,120.96026849651895,118.8297754861958,119.59635162353516,2621300
2026-01-20,114.30994577223028,115.99244087713832,111.77127035557639,112.27900695800781,6412300
2026-01-21,113.26460977260645,117.77449307477062,112.52789911298171,116.07208251953125,8321700
2026-01-22,118.33200200722175,118.98906621273186,116.8685308099676,117.8740463256836,3846700
2026-01-23,117.39617252208328,118.82977816716944,116.88844351903455,117.89395141601562,3078100
2026-01-26,118.53110684707568,120.42266814803006,118.27226729305791,119.69591522216797,2851800
2026-01-27,120.43262158909383,121.63724554869502,120.11404341461667,121.12950897216797,2185000
2026-01-28,121.90605234204332,122.3042769901934,120.2733381205811,121.05982971191406,3340100
2026-01-29,121.47795653737178,121.82640783552301,115.46479425180675,120.20364379882812,5738800
2026-01-30,119.03884346434681,120.26338287590774,116.55990671860515,119.07866668701172,5040000
2026-02-02,117.84418234263008,121.62729751592991,117.77449359878123,120.89058685302734,3755000
2026-02-03,121.24898404188515,121.61734315822093,114.87741267275808,117.7247085571289,6288300
2026-02-04,118.13288498769788,118.6505716700974,113.73251400753945,115.97251892089844,7964800
2026-02-05,113.28452488776767,114.67830735042077,110.70602619253394,111.53234100341797,8208900
2026-02-06,113.40399080671965,118.77999676322685,113.18496687898728,117.95368957519531,5952900
2026-02-09,117.28665659316361,120.58195792454754,116.75901219871167,119.60630798339844,3025100
2026-02-10,120.12400667096205,120.93040605086306,118.3817805372478,118.62071228027344,3289700
2026-02-11,120.83084915864414,121.17929285869565,117.10745763379938,118.47137451171875,3210400
2026-02-12,119.69591220971195,120.23350671329773,112.55775733473149,112.98584747314453,7066800
2026-02-13,113.06549885960814,115.36523494333362,110.98478670680952,113.00576782226562,5644400
2026-02-17,112.26904380370488,114.64843380724794,110.10868531531736,113.55331420898438,5037000
2026-02-18,114.18051784668972,116.72914319069763,113.58317713562305,115.2557144165039,3928600
2026-02-19,114.02123724483681,115.21591120013191,112.87634421932613,114.379638671875,3688200
2026-02-20,113.14514370507838,117.01786287837481,112.90621196358666,116.71919250488281,5506100
2026-02-23,115.87297418891146,116.99795179236084,112.1396323598276,113.15510559082031,4202500
2026-02-24,112.84647160642776,116.04221113372297,111.94051798622402,115.55438995361328,2736600
2026-02-25,116.94817147861293,118.73022078346193,116.91830596104332,118.42159271240234,2504400
2026-02-26,118.51119659042395,118.5510198122603,113.92167471195019,116.4603500366211,3207400
2026-02-27,113.18496133994185,115.09643036851219,112.4980240721264,114.79776000976562,4246900
2026-03-02,110.99472846572223,115.93269386279736,110.66620018955088,114.8077163696289,3610700
2026-03-03,109.133045183221,112.91616014156956,106.4151691365351,111.74140167236328,6541100
2026-03-04,112.36860747316634,115.07651820900212,111.39295752315346,114.10087585449219,4352700
2026-03-05,112.55775747895323,114.26016033049721,109.31224466268954,112.19935607910156,6253500
2026-03-06,108.14743303368094,109.49144204009212,106.34547598030373,107.67952728271484,5464300
2026-03-09,104.73267799577174,111.24362694869775,102.81125112925609,110.47705078125,9101400
2026-03-10,110.15846275021134,112.90620417200735,108.7248572091869,109.8199691772461,6155700
2026-03-11,110.04895514314411,111.26353681945817,108.00805870730453,109.45162200927734,4181000
2026-03-12,106.87312828273002,107.14193314214099,104.3344604507011,104.42405700683594,6085600
2026-03-13,105.82779223139103,107.28130563998768,102.14422398627367,102.55240631103516,6599000
2026-03-16,105.35988011358253,107.06228298060684,104.77249708245552,105.62867736816406,4607100
2026-03-17,107.2215717082455,108.187263986702,106.12645965054864,106.44503784179688,2942600
2026-03-18,105.2702793083447,105.8974855814594,101.89533898478635,102.01480865478516,5114100
2026-03-19,99.82457625941086,102.6519643326196,99.03809228936835,101.17853546142578,5536600
2026-03-20,100.43186384825673,100.5015525874658,95.01603481207312,96.65869903564453,6060700
2026-03-23,100.8997820926613,102.99045196561491,99.09782489483271,99.76484680175781,7422200
2026-03-24,97.9031469025718,100.49160316634325,97.24608272774736,98.72946166992188,4261000
2026-03-25,101.18603024745627,102.20377413317298,99.21039991189002,100.29798889160156,2340000
2026-03-26,98.12280452425996,99.41993641442481,94.84007745365753,94.96978759765625,3849500
2026-03-27,93.71257041226018,93.79239555463653,89.59169449702465,90.0107650756836,5761300
2026-03-30,92.52520122801981,92.64493132574684,87.95531472201066,89.0927963256836,4420200
2026-03-31,91.98639389615897,97.30461640526205,91.60722828267426,96.76581573486328,5506000
2026-04-01,98.36228022567634,100.4376882108248,97.99309465895315,98.95097351074219,3922600
2026-04-02,94.88996120185604,100.07848108133527,94.3012679262519,99.16050720214844,3625100
2026-04-06,99.13057241714807,100.86672729273188,98.98090218713097,100.51750183105469,2757500
2026-04-07,99.45985176393273,100.77693616976852,96.89552804906516,100.62726593017578,4321200
2026-04-08,108.44995436576362,108.79917984827276,106.2448361904407,108.220458984375,3757400
2026-04-09,107.7315434016593,110.73489777891405,107.20271515446929,110.11626434326172,3291400
2026-04-10,110.74486776827625,111.10407328910902,109.33798582213495,109.76703643798828,2719200
2026-04-13,108.81913101087173,113.10963720848085,108.42999296184956,112.97992706298828,3408700
2026-04-14,113.77815391449366,117.18062629605883,113.76817386882422,117.08084106445312,3235000
2026-04-15,117.52985473046495,120.02433333257378,117.01099891820135,119.79483795166016,3551700
2026-04-16,120.42344787401656,121.28154909679658,119.1063635155126,120.6928482055664,3081300
2026-04-17,122.93787962028057,126.15076920220935,122.75827686065273,124.95342254638672,4673300
2026-04-20,124.21504974365234,124.84366320015619,122.86803287085658,124.21504974365234,3255200
2026-04-21,125.00330936297624,125.53213760384462,121.02212368144494,121.80039978027344,4154400
2026-04-22,124.33479035299486,125.5221645873828,123.87580720998598,125.41240692138672,3173600
2026-04-23,124.44454873028137,125.98114845046489,120.6728983318966,123.88578796386719,4548100
2026-04-24,125.00330370430727,126.9689539540589,124.12525002455148,126.70952606201172,3567600
2026-04-27,126.24056812736718,127.52771998305703,125.78158498396951,127.3082046508789,2978600
2026-04-28,125.47227197100479,126.04101278000975,124.12525506678718,125.41240692138672,2688500
2026-04-29,125.0033067761248,125.65187271590845,123.62635736919582,125.34255981445312,3050300
2026-04-30,126.90908872530981,129.60312242045333,124.70397067742394,128.89468383789062,4065300
2026-05-01,130.32153518760862,132.27721302801547,129.90246462718324,130.01222229003906,3525900
2026-05-04,129.63305858263305,130.74060766034583,126.91906472058169,128.5654296875,3118100
2026-05-05,130.51112331667403,132.2472706771482,130.3614454657127,131.55880737304688,2785200
2026-05-06,133.92356573328829,137.44576823111296,133.78387554336368,136.99676513671875,3485900
2026-05-07,137.69521192406683,138.28390519059056,134.72179784264435,135.71958923339844,3651500
2026-05-08,137.5056318197368,139.21186183041743,137.3060765826912,138.9125213623047,2452100
2026-05-11,138.32382695099238,140.71852022609806,138.2839067688571,139.7805938720703,2677300
2026-05-12,138.5333537760894,139.59101021990756,135.62977715950967,139.22183227539062,3254000
2026-05-13,139.33158857831077,142.38482778447067,137.65530635731642,141.51675415039062,2808000
2026-05-14,142.2750748093819,145.60769449548098,142.21520976024425,144.779541015625,2713900
2026-05-15,141.03781912427178,141.97573024218153,138.79278849585273,139.42138671875,3097900
2026-05-18,139.85045177255117,140.7284978859882,136.17857135924206,139.05221557617188,3798100
2026-05-19,136.92690430897764,138.5233765778017,135.09097185739148,136.3382110595703,3691700
2026-05-20,137.40586233483904,140.82827957716168,136.3980832625406,140.5189666748047,2968200
2026-05-21,138.94244775632325,142.47462249396233,138.11427909528936,141.26730346679688,2879700
2026-05-22,143.16310277106584,144.67974992990747,142.1852714828401,142.7639923095703,2448500
2026-05-26,145.28840920079182,146.48575585916083,144.32055030588043,145.53785705566406,2193600
2026-05-27,145.7274414589993,145.9868617498785,144.16090160518493,145.5178985595703,2206600
2026-05-28,145.2684528276946,148.18200202016746,144.74961223834396,147.8627166748047,2325100
2026-05-29,148.52125188870266,149.78843596973167,147.81281331517917,148.8505096435547,3004500
2026-06-01,148.17202886874892,151.04567308853498,147.78289081607699,149.95806884765625,2581200
2026-06-02,149.10995449628965,151.07560484142968,148.90041159588097,150.5367889404297,2229500
2026-06-03,149.66871632184268,150.07781446714378,147.00461499832457,147.3937530517578,2545200
2026-06-04,146.08664917078528,149.71860942293205,145.70748354951579,149.0001983642578,2077000
2026-06-05,146.0666902075197,146.3560430298739,136.14864072788058,137.22625732421875,4587900
2026-06-08,140.5289373109746,141.6065538514345,137.63534833711844,138.2639617919922,2952600
2026-06-09,140.64868330732463,142.48461584058518,128.92463428528038,136.92691040039062,4841200
2026-06-10,134.88144105913014,137.66528773390343,130.3913795289313,130.4013671875,4295800
2026-06-11,132.13750395766596,138.27393002456284,129.86254084972106,136.9867706298828,3955000
2026-06-12,138.56328069946886,140.63868854641686,135.4501765415908,139.1020965576172,2894200
2026-06-15,144.81945164894668,147.5434180670861,144.77954668965396,146.41592407226562,2673100
2026-06-16,146.3161338339072,146.7850970212826,143.56223498418066,143.8216552734375,1787300
2026-06-17,144.31056898088087,144.81943709243387,137.4457595657503,138.43357849121094,2812400
2026-06-18,143.13316899775188,143.40257693070714,140.97793598428575,142.4945831298828,2145400
2026-06-22,143.06334397029696,144.4303133942973,140.4591076586397,141.107666015625,1971700
2026-06-23,134.99119611120184,138.43358873103452,134.28277272066308,135.0810089111328,2681700
2026-06-24,135.72000122070312,138.47999572753906,133.4600067138672,134.6999969482422,2241400
2026-06-25,137.82000732421875,138.08999633789062,132.75999450683594,134.72999572753906,2331700
2026-06-26,132.19000244140625,136.44000244140625,131.11000061035156,132.0800018310547,2524100
2026-06-29,136.39999389648438,139.16000366210938,133.9499969482422,138.75999450683594,2182700
2026-06-30,138.86000061035156,142.75,138.74000549316406,141.7899932861328,2087600
2026-07-01,140.94000244140625,143.52999877929688,139.5,141.38999938964844,2094200
2026-07-02,142.24000549316406,144.39999389648438,138.02000427246094,140.77000427246094,3060000
2026-07-06,142.80999755859375,145.00999450683594,142.1699981689453,144.41000366210938,1847000
2026-07-07,143.75,144.13999938964844,140.83999633789062,142.2100067138672,2457200
2026-07-08,139.6699981689453,141.32000732421875,137.52000427246094,140.8300018310547,2032900
2026-07-09,141.9199981689453,144.60000610351562,140.99000549316406,144.38999938964844,1620900
2026-07-10,144.47000122070312,146.4499969482422,142.27000427246094,146.16000366210938,1919800
2026-07-13,144.67999267578125,145.5399932861328,142.13999938964844,142.72999572753906,1951600
2026-07-14,143.75999450683594,145.10000610351562,142.4600067138672,144.27999877929688,1920800
2026-07-15,145.60000610351562,146.41000366210938,143.33999633789062,145.8699951171875,1822000
2026-07-16,144.74000549316406,145.75,141.9499969482422,143.61000061035156,1910700
2026-07-17,138.47000122070312,141.42999267578125,137.75999450683594,139.0500030517578,2368300
2026-07-20,141.1199951171875,142.13999938964844,138.10000610351562,138.47000122070312,2027000
2026-07-21,140.74000549316406,142.2899932861328,139.57000732421875,141.88999938964844,1462900
2026-07-22,140.88999938964844,142.8000030517578,140.74000549316406,141.27000427246094,1425400
2026-07-23,136.69000244140625,138.50999450683594,134.33999633789062,136.1300048828125,2487200
2026-07-24,136.1199951171875,139.0,135.42999267578125,136.27000427246094,1720300
2026-07-27,139.55999755859375,139.9600067138672,134.61000061035156,136.36000061035156,1863100
2026-07-28,136.38999938964844,138.41000366210938,134.64999389648438,137.3000030517578,1806800
2026-07-29,136.75999450683594,138.3000030517578,130.77999877929688,131.00999450683594,3180800
2026-07-30,134.44000244140625,137.8800048828125,133.72000122070312,137.57000732421875,2348500
2026-07-31,139.11000061035156,141.38999938964844,135.19000244140625,140.27999877929688,2848300
2026-08-03,141.66000366210938,146.86000061035156,141.5,146.32000732421875,2789600
2026-08-04,148.0,155.4199981689453,147.9600067138672,154.13999938964844,3560400
2026-08-05,156.8699951171875,157.5,153.11000061035156,153.24000549316406,2404200
2026-08-06,153.4600067138672,154.41000366210938,151.86000061035156,152.42999267578125,1637100
2026-08-07,153.8000030517578,155.52999877929688,152.97999572753906,155.05999755859375,1844100
2026-08-10,154.67999267578125,156.1699981689453,154.2100067138672,154.97999572753906,1754500
2026-08-11,155.8699951171875,155.8699951171875,152.7100067138672,153.36000061035156,1628000
2026-08-12,155.7899932861328,155.9600067138672,153.89999389648438,154.5500030517578,1652100
2026-08-13,155.92999267578125,158.6300048828125,155.52000427246094,157.67999267578125,1820600
2026-08-14,158.0,158.16000366210938,156.1300048828125,156.6300048828125,1510400
2026-08-17,156.50999450683594,156.89999389648438,154.3000030517578,154.39999389648438,1521700
2026-08-18,151.97000122070312,152.47999572753906,150.92999267578125,151.19000244140625,1899900
2026-08-19,152.9199981689453,154.14999389648438,151.6300048828125,152.16000366210938,1827200
2026-08-20,150.25,151.57000732421875,147.9499969482422,148.27999877929688,2025300
2026-08-21,150.1300048828125,151.1999969482422,149.05999755859375,149.8800048828125,1645500
2026-08-24,149.42999267578125,149.61000061035156,147.82000732421875,148.5800018310547,1812500
2026-08-25,150.08999633789062,150.4600067138672,148.33999633789062,149.94000244140625,1729100
2026-08-26,149.17999267578125,150.77000427246094,148.77000427246094,149.97000122070312,1157400
2026-08-27,151.44000244140625,153.6699981689453,150.63999938964844,152.91000366210938,1876900
2026-08-28,153.22999572753906,155.3300018310547,151.17999267578125,151.77999877929688,2373300
2026-08-31,150.57000732421875,150.94000244140625,149.00999450683594,150.27000427246094,1528600
2026-09-01,147.35000610351562,148.94000244140625,145.88999938964844,147.14999389648438,2355500
